ISO-10303-21;
HEADER;
FILE_DESCRIPTION((''),'2;1');
FILE_NAME('D1798432-00_ASM','2019-04-04T',('iei96381'),(''),
'CREO PARAMETRIC BY PTC INC, 2016380','CREO PARAMETRIC BY PTC INC, 2016380','');
FILE_SCHEMA(('CONFIG_CONTROL_DESIGN'));
ENDSEC;
DATA;
#2=CARTESIAN_POINT('',(-2.608227828205E1,1.204E2,2.060808220028E2));
#3=DIRECTION('',(0.E0,1.E0,0.E0));
#4=DIRECTION('',(-9.961946980917E-1,0.E0,-8.715574274765E-2));
#5=AXIS2_PLACEMENT_3D('',#2,#3,#4);
#7=CARTESIAN_POINT('',(-2.608227828205E1,1.204E2,2.060808220028E2));
#8=DIRECTION('',(0.E0,1.E0,0.E0));
#9=DIRECTION('',(-7.725639551790E-1,0.E0,6.349369536877E-1));
#10=AXIS2_PLACEMENT_3D('',#7,#8,#9);
#12=CARTESIAN_POINT('',(-2.608227828205E1,1.204E2,2.060808220028E2));
#13=DIRECTION('',(0.E0,1.E0,0.E0));
#14=DIRECTION('',(9.961946980917E-1,0.E0,8.715574274765E-2));
#15=AXIS2_PLACEMENT_3D('',#12,#13,#14);
#17=CARTESIAN_POINT('',(-4.148305112890E1,1.204E2,1.871665818121E2));
#18=DIRECTION('',(0.E0,-1.E0,0.E0));
#19=DIRECTION('',(5.299192642333E-1,0.E0,8.480480961564E-1));
#20=AXIS2_PLACEMENT_3D('',#17,#18,#19);
#22=DIRECTION('',(8.480480961564E-1,0.E0,-5.299192642332E-1));
#23=VECTOR('',#22,5.759390540035E0);
#24=CARTESIAN_POINT('',(-3.061970621212E1,1.204E2,2.045515677833E2));
#25=LINE('',#24,#23);
#26=CARTESIAN_POINT('',(-2.335082934057E1,1.204E2,2.053157722186E2));
#27=DIRECTION('',(0.E0,1.E0,0.E0));
#28=DIRECTION('',(8.715574274747E-2,0.E0,-9.961946980918E-1));
#29=AXIS2_PLACEMENT_3D('',#26,#27,#28);
#31=DIRECTION('',(3.090169943749E-1,0.E0,-9.510565162952E-1));
#32=VECTOR('',#31,1.231585455434E1);
#33=CARTESIAN_POINT('',(-1.864939827657E1,1.204E2,2.132559436846E2));
#34=LINE('',#33,#32);
#35=CARTESIAN_POINT('',(-5.476779927468E1,1.204E2,1.102159192170E2));
#36=DIRECTION('',(0.E0,-1.E0,0.E0));
#37=DIRECTION('',(-8.715574274829E-2,0.E0,9.961946980917E-1));
#38=AXIS2_PLACEMENT_3D('',#35,#36,#37);
#40=DIRECTION('',(9.743700646123E-1,0.E0,2.249510550931E-1));
#41=VECTOR('',#40,4.115860120946E1);
#42=CARTESIAN_POINT('',(-1.172541381763E2,1.204E2,1.979070698777E2));
#43=LINE('',#42,#41);
#44=DIRECTION('',(2.249510543095E-1,0.E0,-9.743700647932E-1));
#45=VECTOR('',#44,3.5E0);
#46=CARTESIAN_POINT('',(-1.172541381763E2,1.204E2,1.979070698777E2));
#47=LINE('',#46,#45);
#48=DIRECTION('',(-9.743700646123E-1,0.E0,-2.249510550931E-1));
#49=VECTOR('',#48,4.115860121234E1);
#50=CARTESIAN_POINT('',(-7.636310056355E1,1.204E2,2.037554454198E2));
#51=LINE('',#50,#49);
#52=CARTESIAN_POINT('',(-5.476779927461E1,1.204E2,1.102159192170E2));
#53=DIRECTION('',(0.E0,1.E0,0.E0));
#54=DIRECTION('',(-2.249510550931E-1,0.E0,9.743700646123E-1));
#55=AXIS2_PLACEMENT_3D('',#52,#53,#54);
#57=DIRECTION('',(0.E0,1.E0,0.E0));
#58=VECTOR('',#57,2.5E-1);
#59=CARTESIAN_POINT('',(-2.259559683873E1,1.204E2,2.063858671024E2));
#60=LINE('',#59,#58);
#61=DIRECTION('',(0.E0,1.E0,-2.273736754432E-13));
#62=VECTOR('',#61,2.5E-1);
#63=CARTESIAN_POINT('',(-2.956895972537E1,1.204E2,2.057757769031E2));
#64=LINE('',#63,#62);
#65=CARTESIAN_POINT('',(-2.608227828205E1,1.2065E2,2.060808220028E2));
#66=DIRECTION('',(0.E0,1.E0,0.E0));
#67=DIRECTION('',(-8.715574274762E-2,0.E0,9.961946980917E-1));
#68=AXIS2_PLACEMENT_3D('',#65,#66,#67);
#70=CARTESIAN_POINT('',(-2.608227828205E1,1.2065E2,2.060808220028E2));
#71=DIRECTION('',(0.E0,1.E0,0.E0));
#72=DIRECTION('',(8.715574274761E-2,0.E0,-9.961946980917E-1));
#73=AXIS2_PLACEMENT_3D('',#70,#71,#72);
#75=CARTESIAN_POINT('',(-2.608227828205E1,1.2065E2,2.060808220028E2));
#76=DIRECTION('',(0.E0,1.E0,0.E0));
#77=DIRECTION('',(9.961946980917E-1,0.E0,8.715574274765E-2));
#78=AXIS2_PLACEMENT_3D('',#75,#76,#77);
#80=CARTESIAN_POINT('',(-2.608227828205E1,1.2065E2,2.060808220028E2));
#81=DIRECTION('',(0.E0,1.E0,0.E0));
#82=DIRECTION('',(-9.961946980917E-1,0.E0,-8.715574274768E-2));
#83=AXIS2_PLACEMENT_3D('',#80,#81,#82);
#85=DIRECTION('',(0.E0,1.E0,0.E0));
#86=VECTOR('',#85,8.000000000001E-1);
#87=CARTESIAN_POINT('',(-2.621301189617E1,1.2065E2,2.075751140499E2));
#88=LINE('',#87,#86);
#89=DIRECTION('',(0.E0,1.E0,0.E0));
#90=VECTOR('',#89,8.000000000001E-1);
#91=CARTESIAN_POINT('',(-2.595154466793E1,1.2065E2,2.045865299556E2));
#92=LINE('',#91,#90);
#93=CARTESIAN_POINT('',(-2.608227828205E1,1.2145E2,2.060808220028E2));
#94=DIRECTION('',(0.E0,1.E0,0.E0));
#95=DIRECTION('',(8.715574274762E-2,0.E0,-9.961946980917E-1));
#96=AXIS2_PLACEMENT_3D('',#93,#94,#95);
#98=CARTESIAN_POINT('',(-2.608227828205E1,1.2145E2,2.060808220028E2));
#99=DIRECTION('',(0.E0,1.E0,0.E0));
#100=DIRECTION('',(1.E0,0.E0,1.894780628694E-14));
#101=AXIS2_PLACEMENT_3D('',#98,#99,#100);
#103=CARTESIAN_POINT('',(-2.488227828205E1,1.2145E2,2.060808220028E2));
#104=DIRECTION('',(0.E0,0.E0,-1.E0));
#105=DIRECTION('',(-1.184237892934E-14,1.E0,0.E0));
#106=AXIS2_PLACEMENT_3D('',#103,#104,#105);
#108=CARTESIAN_POINT('',(-2.728227828205E1,1.2145E2,2.060808220028E2));
#109=DIRECTION('',(0.E0,0.E0,1.E0));
#110=DIRECTION('',(1.184237892934E-14,1.E0,0.E0));
#111=AXIS2_PLACEMENT_3D('',#108,#109,#110);
#113=CARTESIAN_POINT('',(-2.608227828205E1,1.2145E2,2.060808220028E2));
#114=DIRECTION('',(0.E0,1.E0,0.E0));
#115=DIRECTION('',(-9.961946980918E-1,0.E0,-8.715574274758E-2));
#116=AXIS2_PLACEMENT_3D('',#113,#114,#115);
#118=CARTESIAN_POINT('',(-2.608227828205E1,1.2145E2,2.060808220028E2));
#119=DIRECTION('',(0.E0,1.E0,0.E0));
#120=DIRECTION('',(-8.715574274761E-2,0.E0,9.961946980917E-1));
#121=AXIS2_PLACEMENT_3D('',#118,#119,#120);
#123=CARTESIAN_POINT('',(-2.608227828205E1,1.2145E2,2.060808220028E2));
#124=DIRECTION('',(0.E0,1.E0,0.E0));
#125=DIRECTION('',(-1.E0,0.E0,1.894780628694E-14));
#126=AXIS2_PLACEMENT_3D('',#123,#124,#125);
#128=CARTESIAN_POINT('',(-2.608227828205E1,1.2175E2,2.060808220028E2));
#129=DIRECTION('',(0.E0,1.E0,0.E0));
#130=DIRECTION('',(1.E0,0.E0,4.736951571734E-14));
#131=AXIS2_PLACEMENT_3D('',#128,#129,#130);
#133=CARTESIAN_POINT('',(-2.608227828205E1,1.2175E2,2.060808220028E2));
#134=DIRECTION('',(0.E0,1.E0,0.E0));
#135=DIRECTION('',(-1.E0,0.E0,0.E0));
#136=AXIS2_PLACEMENT_3D('',#133,#134,#135);
#138=CARTESIAN_POINT('',(-2.608227828205E1,1.2175E2,2.060808220028E2));
#139=DIRECTION('',(0.E0,1.E0,0.E0));
#140=DIRECTION('',(-9.961946980918E-1,0.E0,-8.715574274760E-2));
#141=AXIS2_PLACEMENT_3D('',#138,#139,#140);
#143=DIRECTION('',(9.961946980917E-1,0.E0,8.715574274763E-2));
#144=VECTOR('',#143,1.994088782163E1);
#145=CARTESIAN_POINT('',(-6.313475057839E1,1.204E2,2.058506102338E2));
#146=LINE('',#145,#144);
#147=DIRECTION('',(9.961946980917E-1,0.E0,8.715574274762E-2));
#148=VECTOR('',#147,1.994088782163E1);
#149=CARTESIAN_POINT('',(-6.309117270700E1,1.199E2,2.053525128848E2));
#150=LINE('',#149,#148);
#151=CARTESIAN_POINT('',(-6.313475057838E1,1.199E2,2.058506102339E2));
#152=DIRECTION('',(9.961946980917E-1,0.E0,8.715574274761E-2));
#153=DIRECTION('',(8.715574274761E-2,-5.684341886081E-14,-9.961946980917E-1));
#154=AXIS2_PLACEMENT_3D('',#151,#152,#153);
#156=CARTESIAN_POINT('',(-7.636310056355E1,1.199E2,2.037554454198E2));
#157=DIRECTION('',(-9.743700646123E-1,0.E0,-2.249510550931E-1));
#158=DIRECTION('',(0.E0,1.E0,-5.684341886081E-14));
#159=AXIS2_PLACEMENT_3D('',#156,#157,#158);
#161=CARTESIAN_POINT('',(-5.476779927461E1,1.199E2,1.102159192170E2));
#162=DIRECTION('',(0.E0,1.E0,0.E0));
#163=DIRECTION('',(-2.249510550931E-1,0.E0,9.743700646123E-1));
#164=AXIS2_PLACEMENT_3D('',#161,#162,#163);
#166=DIRECTION('',(-9.743700646123E-1,-3.114340764029E-12,-2.249510550931E-1));
#167=VECTOR('',#166,4.115860120756E1);
#168=CARTESIAN_POINT('',(-7.625062503600E1,1.199E2,2.032682603875E2));
#169=LINE('',#168,#167);
#170=CARTESIAN_POINT('',(-1.164668094861E2,1.104E2,1.944967746510E2));
#171=DIRECTION('',(2.249510543438E-1,0.E0,-9.743700647852E-1));
#172=DIRECTION('',(-9.743700647852E-1,0.E0,-2.249510543438E-1));
#173=AXIS2_PLACEMENT_3D('',#170,#171,#172);
#175=CARTESIAN_POINT('',(-1.257233251016E2,1.104E2,1.923597396347E2));
#176=DIRECTION('',(0.E0,1.E0,0.E0));
#177=DIRECTION('',(2.249510550932E-1,0.E0,-9.743700646122E-1));
#178=AXIS2_PLACEMENT_3D('',#175,#176,#177);
#180=CARTESIAN_POINT('',(-1.164668094861E2,1.199E2,1.944967746510E2));
#181=DIRECTION('',(9.743700647852E-1,0.E0,2.249510543438E-1));
#182=DIRECTION('',(2.249510543438E-1,5.684341886081E-14,-9.743700647852E-1));
#183=AXIS2_PLACEMENT_3D('',#180,#181,#182);
#185=DIRECTION('',(2.249510543438E-1,0.E0,-9.743700647852E-1));
#186=VECTOR('',#185,3.5E0);
#187=CARTESIAN_POINT('',(-1.269978388233E2,1.104E2,1.956575593307E2));
#188=LINE('',#187,#186);
#189=CARTESIAN_POINT('',(-1.172541381763E2,1.104E2,1.979070698777E2));
#190=DIRECTION('',(2.249510543438E-1,0.E0,-9.743700647852E-1));
#191=DIRECTION('',(-9.743700647852E-1,0.E0,-2.249510543438E-1));
#192=AXIS2_PLACEMENT_3D('',#189,#190,#191);
#194=CARTESIAN_POINT('',(-1.172541381763E2,1.199E2,1.979070698777E2));
#195=DIRECTION('',(9.743700647852E-1,0.E0,2.249510543438E-1));
#196=DIRECTION('',(0.E0,1.E0,-5.684341886081E-14));
#197=AXIS2_PLACEMENT_3D('',#194,#195,#196);
#199=CARTESIAN_POINT('',(-1.265106537918E2,1.104E2,1.957700348614E2));
#200=DIRECTION('',(0.E0,1.E0,0.E0));
#201=DIRECTION('',(-9.743700614984E-1,0.E0,-2.249510685808E-1));
#202=AXIS2_PLACEMENT_3D('',#199,#200,#201);
#204=DIRECTION('',(9.743700646123E-1,-3.113650222335E-12,2.249510550931E-1));
#205=VECTOR('',#204,4.115860121423E1);
#206=CARTESIAN_POINT('',(-1.173666137085E2,1.199000000001E2,1.983942549090E2));
#207=LINE('',#206,#205);
#208=CARTESIAN_POINT('',(-1.173666137035E2,-1.959999999999E1,1.983942549101E2));
#209=DIRECTION('',(2.249510543438E-1,0.E0,-9.743700647852E-1));
#210=DIRECTION('',(-1.556161889344E-9,-1.E0,-3.592683577391E-10));
#211=AXIS2_PLACEMENT_3D('',#208,#209,#210);
#213=CARTESIAN_POINT('',(-1.173666137035E2,1.104E2,1.983942549101E2));
#214=DIRECTION('',(2.249510543438E-1,0.E0,-9.743700647852E-1));
#215=DIRECTION('',(-9.743700647852E-1,0.E0,-2.249510543438E-1));
#216=AXIS2_PLACEMENT_3D('',#213,#214,#215);
#218=CARTESIAN_POINT('',(-1.172541381763E2,-2.909999999999E1,1.979070698777E2));
#219=DIRECTION('',(-9.743700647852E-1,0.E0,-2.249510543438E-1));
#220=DIRECTION('',(0.E0,-1.E0,0.E0));
#221=AXIS2_PLACEMENT_3D('',#218,#219,#220);
#223=CARTESIAN_POINT('',(-1.172541381763E2,-1.959999999999E1,1.979070698777E2));
#224=DIRECTION('',(2.249510543438E-1,0.E0,-9.743700647852E-1));
#225=DIRECTION('',(0.E0,-1.E0,0.E0));
#226=AXIS2_PLACEMENT_3D('',#223,#224,#225);
#228=CARTESIAN_POINT('',(-1.265106537918E2,-1.959999999999E1,1.957700348614E2));
#229=DIRECTION('',(0.E0,1.E0,0.E0));
#230=DIRECTION('',(-9.743700614984E-1,0.E0,-2.249510685808E-1));
#231=AXIS2_PLACEMENT_3D('',#228,#229,#230);
#233=DIRECTION('',(9.743700646123E-1,3.114168128227E-12,2.249510550931E-1));
#234=VECTOR('',#233,4.115860121424E1);
#235=CARTESIAN_POINT('',(-1.173666137085E2,-2.910000000012E1,1.983942549090E2));
#236=LINE('',#235,#234);
#237=CARTESIAN_POINT('',(-2.608227828205E1,-2.959999999999E1,2.060808220028E2));
#238=DIRECTION('',(0.E0,-1.E0,0.E0));
#239=DIRECTION('',(9.961946980917E-1,0.E0,8.715574274765E-2));
#240=AXIS2_PLACEMENT_3D('',#237,#238,#239);
#242=CARTESIAN_POINT('',(-2.608227828205E1,-2.959999999999E1,2.060808220028E2));
#243=DIRECTION('',(0.E0,-1.E0,0.E0));
#244=DIRECTION('',(6.505713278221E-1,0.E0,7.594451576090E-1));
#245=AXIS2_PLACEMENT_3D('',#242,#243,#244);
#247=CARTESIAN_POINT('',(-2.608227828205E1,-2.959999999999E1,2.060808220028E2));
#248=DIRECTION('',(0.E0,-1.E0,0.E0));
#249=DIRECTION('',(-9.961946980917E-1,0.E0,-8.715574274765E-2));
#250=AXIS2_PLACEMENT_3D('',#247,#248,#249);
#252=CARTESIAN_POINT('',(-2.140634989121E1,-2.959999999999E1,2.100032821598E2));
#253=DIRECTION('',(0.E0,-1.E0,0.E0));
#254=DIRECTION('',(-9.961946980917E-1,0.E0,-8.715574274765E-2));
#255=AXIS2_PLACEMENT_3D('',#252,#253,#254);
#257=CARTESIAN_POINT('',(-2.140634989121E1,-2.959999999999E1,2.100032821598E2));
#258=DIRECTION('',(0.E0,-1.E0,0.E0));
#259=DIRECTION('',(9.961946980917E-1,0.E0,8.715574274771E-2));
#260=AXIS2_PLACEMENT_3D('',#257,#258,#259);
#262=CARTESIAN_POINT('',(-5.476779927461E1,-2.959999999999E1,1.102159192170E2));
#263=DIRECTION('',(0.E0,1.E0,0.E0));
#264=DIRECTION('',(-2.249510550931E-1,0.E0,9.743700646123E-1));
#265=AXIS2_PLACEMENT_3D('',#262,#263,#264);
#267=DIRECTION('',(9.743700646123E-1,0.E0,2.249510550931E-1));
#268=VECTOR('',#267,4.115860121234E1);
#269=CARTESIAN_POINT('',(-1.164668094862E2,-2.959999999999E1,1.944967746509E2));
#270=LINE('',#269,#268);
#271=DIRECTION('',(2.249510543095E-1,0.E0,-9.743700647932E-1));
#272=VECTOR('',#271,3.5E0);
#273=CARTESIAN_POINT('',(-1.172541381763E2,-2.959999999999E1,1.979070698777E2));
#274=LINE('',#273,#272);
#275=DIRECTION('',(9.743700646123E-1,0.E0,2.249510550931E-1));
#276=VECTOR('',#275,4.115860120946E1);
#277=CARTESIAN_POINT('',(-1.172541381763E2,-2.959999999999E1,1.979070698777E2));
#278=LINE('',#277,#276);
#279=CARTESIAN_POINT('',(-5.476779927468E1,-2.959999999999E1,1.102159192170E2));
#280=DIRECTION('',(0.E0,-1.E0,0.E0));
#281=DIRECTION('',(-8.715574274829E-2,0.E0,9.961946980917E-1));
#282=AXIS2_PLACEMENT_3D('',#279,#280,#281);
#284=DIRECTION('',(3.090169943749E-1,0.E0,-9.510565162952E-1));
#285=VECTOR('',#284,1.231585455434E1);
#286=CARTESIAN_POINT('',(-1.864939827657E1,-2.959999999999E1,2.132559436846E2));
#287=LINE('',#286,#285);
#288=CARTESIAN_POINT('',(-2.335082934057E1,-2.959999999999E1,2.053157722186E2));
#289=DIRECTION('',(0.E0,1.E0,0.E0));
#290=DIRECTION('',(8.715574274747E-2,0.E0,-9.961946980918E-1));
#291=AXIS2_PLACEMENT_3D('',#288,#289,#290);
#293=DIRECTION('',(-8.480480961564E-1,0.E0,5.299192642332E-1));
#294=VECTOR('',#293,5.759390540034E0);
#295=CARTESIAN_POINT('',(-2.573546602962E1,-2.959999999999E1,2.014995557859E2));
#296=LINE('',#295,#294);
#297=CARTESIAN_POINT('',(-4.148305112890E1,-2.959999999999E1,1.871665818121E2));
#298=DIRECTION('',(0.E0,-1.E0,0.E0));
#299=DIRECTION('',(5.299192642333E-1,0.E0,8.480480961563E-1));
#300=AXIS2_PLACEMENT_3D('',#297,#298,#299);
#302=DIRECTION('',(0.E0,-1.E0,0.E0));
#303=VECTOR('',#302,1.5E-1);
#304=CARTESIAN_POINT('',(-2.956895972537E1,-2.959999999999E1,2.057757769031E2));
#305=LINE('',#304,#303);
#306=DIRECTION('',(0.E0,-1.E0,0.E0));
#307=VECTOR('',#306,1.5E-1);
#308=CARTESIAN_POINT('',(-2.259559683873E1,-2.959999999999E1,2.063858671024E2));
#309=LINE('',#308,#307);
#310=CARTESIAN_POINT('',(-2.608227828205E1,-2.974999999999E1,2.060808220028E2));
#311=DIRECTION('',(0.E0,1.E0,0.E0));
#312=DIRECTION('',(-8.715574274762E-2,0.E0,9.961946980917E-1));
#313=AXIS2_PLACEMENT_3D('',#310,#311,#312);
#315=CARTESIAN_POINT('',(-2.608227828205E1,-2.974999999999E1,2.060808220028E2));
#316=DIRECTION('',(0.E0,1.E0,0.E0));
#317=DIRECTION('',(8.715574274761E-2,0.E0,-9.961946980917E-1));
#318=AXIS2_PLACEMENT_3D('',#315,#316,#317);
#320=CARTESIAN_POINT('',(-2.608227828205E1,-2.974999999999E1,2.060808220028E2));
#321=DIRECTION('',(0.E0,-1.E0,0.E0));
#322=DIRECTION('',(9.961946980917E-1,0.E0,8.715574274765E-2));
#323=AXIS2_PLACEMENT_3D('',#320,#321,#322);
#325=CARTESIAN_POINT('',(-2.608227828205E1,-2.974999999999E1,2.060808220028E2));
#326=DIRECTION('',(0.E0,-1.E0,0.E0));
#327=DIRECTION('',(-9.961946980917E-1,0.E0,-8.715574274766E-2));
#328=AXIS2_PLACEMENT_3D('',#325,#326,#327);
#330=DIRECTION('',(0.E0,1.E0,0.E0));
#331=VECTOR('',#330,9.E-1);
#332=CARTESIAN_POINT('',(-2.595154466793E1,-3.064999999999E1,2.045865299556E2));
#333=LINE('',#332,#331);
#334=DIRECTION('',(0.E0,1.E0,0.E0));
#335=VECTOR('',#334,9.E-1);
#336=CARTESIAN_POINT('',(-2.621301189617E1,-3.064999999999E1,2.075751140499E2));
#337=LINE('',#336,#335);
#338=CARTESIAN_POINT('',(-2.608227828205E1,-3.064999999999E1,2.060808220028E2));
#339=DIRECTION('',(0.E0,1.E0,0.E0));
#340=DIRECTION('',(-1.E0,0.E0,1.894780628694E-14));
#341=AXIS2_PLACEMENT_3D('',#338,#339,#340);
#343=CARTESIAN_POINT('',(-2.608227828205E1,-3.064999999999E1,2.060808220028E2));
#344=DIRECTION('',(0.E0,1.E0,0.E0));
#345=DIRECTION('',(-8.715574274762E-2,0.E0,9.961946980917E-1));
#346=AXIS2_PLACEMENT_3D('',#343,#344,#345);
#348=CARTESIAN_POINT('',(-2.608227828205E1,-3.064999999999E1,2.060808220028E2));
#349=DIRECTION('',(0.E0,1.E0,0.E0));
#350=DIRECTION('',(8.715574274762E-2,0.E0,-9.961946980917E-1));
#351=AXIS2_PLACEMENT_3D('',#348,#349,#350);
#353=CARTESIAN_POINT('',(-2.608227828205E1,-3.064999999999E1,2.060808220028E2));
#354=DIRECTION('',(0.E0,1.E0,0.E0));
#355=DIRECTION('',(-9.961946980918E-1,0.E0,-8.715574274760E-2));
#356=AXIS2_PLACEMENT_3D('',#353,#354,#355);
#358=CARTESIAN_POINT('',(-2.728227828205E1,-3.064999999999E1,2.060808220028E2));
#359=DIRECTION('',(0.E0,0.E0,1.E0));
#360=DIRECTION('',(-1.E0,0.E0,0.E0));
#361=AXIS2_PLACEMENT_3D('',#358,#359,#360);
#363=CARTESIAN_POINT('',(-2.488227828205E1,-3.064999999999E1,2.060808220028E2));
#364=DIRECTION('',(0.E0,0.E0,-1.E0));
#365=DIRECTION('',(1.E0,0.E0,0.E0));
#366=AXIS2_PLACEMENT_3D('',#363,#364,#365);
#368=CARTESIAN_POINT('',(-2.608227828205E1,-3.064999999999E1,2.060808220028E2));
#369=DIRECTION('',(0.E0,1.E0,0.E0));
#370=DIRECTION('',(1.E0,0.E0,1.894780628694E-14));
#371=AXIS2_PLACEMENT_3D('',#368,#369,#370);
#373=CARTESIAN_POINT('',(-2.608227828205E1,-3.094999999999E1,2.060808220028E2));
#374=DIRECTION('',(0.E0,1.E0,0.E0));
#375=DIRECTION('',(1.E0,0.E0,4.736951571734E-14));
#376=AXIS2_PLACEMENT_3D('',#373,#374,#375);
#378=CARTESIAN_POINT('',(-2.608227828205E1,-3.094999999999E1,2.060808220028E2));
#379=DIRECTION('',(0.E0,1.E0,0.E0));
#380=DIRECTION('',(-9.961946980917E-1,0.E0,-8.715574274765E-2));
#381=AXIS2_PLACEMENT_3D('',#378,#379,#380);
#383=CARTESIAN_POINT('',(-2.608227828205E1,-3.094999999999E1,2.060808220028E2));
#384=DIRECTION('',(0.E0,1.E0,0.E0));
#385=DIRECTION('',(-1.E0,0.E0,0.E0));
#386=AXIS2_PLACEMENT_3D('',#383,#384,#385);
#388=DIRECTION('',(-7.044160264027E-1,7.071067811866E-1,-6.162841671629E-2));
#389=VECTOR('',#388,9.071067811866E-1);
#390=CARTESIAN_POINT('',(-2.176356403497E1,-3.024142135623E1,2.099720299718E2));
#391=LINE('',#390,#389);
#392=DIRECTION('',(7.044160264028E-1,7.071067811865E-1,6.162841671594E-2));
#393=VECTOR('',#392,9.071067811866E-1);
#394=CARTESIAN_POINT('',(-2.104913574744E1,-3.024142135623E1,2.100345343478E2));
#395=LINE('',#394,#393);
#396=CARTESIAN_POINT('',(-2.140634989121E1,-3.024142135623E1,2.100032821598E2));
#397=DIRECTION('',(0.E0,1.E0,0.E0));
#398=DIRECTION('',(-9.961946980917E-1,0.E0,-8.715574274772E-2));
#399=AXIS2_PLACEMENT_3D('',#396,#397,#398);
#401=CARTESIAN_POINT('',(-2.162268082969E1,-3.009999999999E1,2.099843556551E2));
#402=DIRECTION('',(-8.715574274776E-2,0.E0,9.961946980917E-1));
#403=DIRECTION('',(-7.044160264028E-1,-7.071067811865E-1,-6.162841671625E-2));
#404=AXIS2_PLACEMENT_3D('',#401,#402,#403);
#406=CARTESIAN_POINT('',(-2.119001895272E1,-3.009999999999E1,2.100222086645E2));
#407=DIRECTION('',(8.715574274930E-2,0.E0,-9.961946980916E-1));
#408=DIRECTION('',(7.044160264027E-1,-7.071067811865E-1,6.162841671738E-2));
#409=AXIS2_PLACEMENT_3D('',#406,#407,#408);
#411=CARTESIAN_POINT('',(-2.140634989121E1,-3.024142135623E1,2.100032821598E2));
#412=DIRECTION('',(0.E0,1.E0,0.E0));
#413=DIRECTION('',(9.961946980917E-1,0.E0,8.715574274764E-2));
#414=AXIS2_PLACEMENT_3D('',#411,#412,#413);
#416=CARTESIAN_POINT('',(-2.140634989121E1,-3.029999999999E1,2.100032821598E2));
#417=DIRECTION('',(0.E0,1.E0,0.E0));
#418=DIRECTION('',(-9.961946980917E-1,0.E0,-8.715574274773E-2));
#419=AXIS2_PLACEMENT_3D('',#416,#417,#418);
#421=CARTESIAN_POINT('',(-2.140634989121E1,-3.029999999999E1,2.100032821598E2));
#422=DIRECTION('',(0.E0,1.E0,0.E0));
#423=DIRECTION('',(9.961946980918E-1,0.E0,8.715574274760E-2));
#424=AXIS2_PLACEMENT_3D('',#421,#422,#423);
#426=DIRECTION('',(-9.961946980917E-1,0.E0,-8.715574274763E-2));
#427=VECTOR('',#426,1.994088782163E1);
#428=CARTESIAN_POINT('',(-4.326974385524E1,-2.959999999999E1,2.075885731230E2));
#429=LINE('',#428,#427);
#430=DIRECTION('',(-9.961946980917E-1,0.E0,-8.715574274761E-2));
#431=VECTOR('',#430,1.994088782163E1);
#432=CARTESIAN_POINT('',(-4.322616598385E1,-2.909999999999E1,2.070904757739E2));
#433=LINE('',#432,#431);
#434=CARTESIAN_POINT('',(-4.148305112890E1,-2.909999999999E1,1.871665818121E2));
#435=DIRECTION('',(0.E0,-1.E0,0.E0));
#436=DIRECTION('',(5.299192642332E-1,0.E0,8.480480961564E-1));
#437=AXIS2_PLACEMENT_3D('',#434,#435,#436);
#439=CARTESIAN_POINT('',(-4.326974385523E1,-2.909999999999E1,2.075885731230E2));
#440=DIRECTION('',(-9.961946980917E-1,0.E0,-8.715574274761E-2));
#441=DIRECTION('',(8.715574274761E-2,0.E0,-9.961946980917E-1));
#442=AXIS2_PLACEMENT_3D('',#439,#440,#441);
#444=CARTESIAN_POINT('',(-3.061970621212E1,-2.909999999999E1,2.045515677833E2));
#445=DIRECTION('',(-8.480480961564E-1,0.E0,5.299192642332E-1));
#446=DIRECTION('',(-5.299192642332E-1,0.E0,-8.480480961564E-1));
#447=AXIS2_PLACEMENT_3D('',#444,#445,#446);
#449=DIRECTION('',(0.E0,-1.E0,-3.552713678800E-14));
#450=VECTOR('',#449,8.E-1);
#451=CARTESIAN_POINT('',(-4.322616598385E1,-2.829999999999E1,2.070904757739E2));
#452=LINE('',#451,#450);
#453=DIRECTION('',(1.776356839400E-14,-1.E0,0.E0));
#454=VECTOR('',#453,8.E-1);
#455=CARTESIAN_POINT('',(-3.088466584424E1,-2.829999999999E1,2.041275437352E2));
#456=LINE('',#455,#454);
#457=CARTESIAN_POINT('',(-4.148305112890E1,-2.829999999999E1,1.871665818121E2));
#458=DIRECTION('',(0.E0,-1.E0,0.E0));
#459=DIRECTION('',(5.299192642332E-1,0.E0,8.480480961564E-1));
#460=AXIS2_PLACEMENT_3D('',#457,#458,#459);
#462=CARTESIAN_POINT('',(-3.061970621212E1,-2.829999999999E1,2.045515677833E2));
#463=DIRECTION('',(-8.480480961564E-1,0.E0,5.299192642332E-1));
#464=DIRECTION('',(3.552713678801E-14,1.E0,5.684341886081E-14));
#465=AXIS2_PLACEMENT_3D('',#462,#463,#464);
#467=CARTESIAN_POINT('',(-4.326974385523E1,-2.829999999999E1,2.075885731230E2));
#468=DIRECTION('',(-9.961946980917E-1,0.E0,-8.715574274761E-2));
#469=DIRECTION('',(0.E0,1.E0,5.684341886081E-14));
#470=AXIS2_PLACEMENT_3D('',#467,#468,#469);
#472=DIRECTION('',(-8.480480961564E-1,0.E0,5.299192642332E-1));
#473=VECTOR('',#472,5.759390540034E0);
#474=CARTESIAN_POINT('',(-2.600042566174E1,-2.829999999999E1,2.010755317378E2));
#475=LINE('',#474,#473);
#476=CARTESIAN_POINT('',(-4.148305112890E1,-2.779999999999E1,1.871665818121E2));
#477=DIRECTION('',(0.E0,-1.E0,0.E0));
#478=DIRECTION('',(5.299192642333E-1,0.E0,8.480480961564E-1));
#479=AXIS2_PLACEMENT_3D('',#476,#477,#478);
#481=DIRECTION('',(-8.480480961564E-1,0.E0,5.299192642332E-1));
#482=VECTOR('',#481,5.759390540034E0);
#483=CARTESIAN_POINT('',(-2.573546602962E1,-2.779999999999E1,2.014995557859E2));
#484=LINE('',#483,#482);
#485=CARTESIAN_POINT('',(-2.335082934057E1,-2.779999999999E1,2.053157722186E2));
#486=DIRECTION('',(0.E0,1.E0,0.E0));
#487=DIRECTION('',(8.715574274742E-2,0.E0,-9.961946980918E-1));
#488=AXIS2_PLACEMENT_3D('',#485,#486,#487);
#490=CARTESIAN_POINT('',(-1.530888223763E1,-2.779999999999E1,2.020040720726E2));
#491=DIRECTION('',(0.E0,1.E0,0.E0));
#492=DIRECTION('',(-8.191520442890E-1,0.E0,-5.735764363510E-1));
#493=AXIS2_PLACEMENT_3D('',#490,#491,#492);
#495=DIRECTION('',(3.090169943749E-1,0.E0,-9.510565162952E-1));
#496=VECTOR('',#495,1.018622329756E1);
#497=CARTESIAN_POINT('',(-1.940765486137E1,-2.779999999999E1,2.113827291218E2));
#498=LINE('',#497,#496);
#499=CARTESIAN_POINT('',(-5.476779927457E1,-2.779999999999E1,1.102159192171E2));
#500=DIRECTION('',(0.E0,-1.E0,0.E0));
#501=DIRECTION('',(-8.715574274766E-2,0.E0,9.961946980917E-1));
#502=AXIS2_PLACEMENT_3D('',#499,#500,#501);
#504=DIRECTION('',(9.743700646123E-1,0.E0,2.249510550931E-1));
#505=VECTOR('',#504,4.114828553418E1);
#506=CARTESIAN_POINT('',(-1.168391749918E2,-2.779999999999E1,1.961555242835E2));
#507=LINE('',#506,#505);
#508=DIRECTION('',(9.743700646123E-1,0.E0,2.249510550931E-1));
#509=VECTOR('',#508,4.138720495405E1);
#510=CARTESIAN_POINT('',(-1.166895541287E2,-2.779999999999E1,1.944453499981E2));
#511=LINE('',#510,#509);
#512=CARTESIAN_POINT('',(-5.476779927461E1,-2.779999999999E1,1.102159192170E2));
#513=DIRECTION('',(0.E0,1.E0,0.E0));
#514=DIRECTION('',(-2.249510550931E-1,0.E0,9.743700646123E-1));
#515=AXIS2_PLACEMENT_3D('',#512,#513,#514);
#517=DIRECTION('',(-9.961946980917E-1,0.E0,-8.715574274762E-2));
#518=VECTOR('',#517,1.994088782163E1);
#519=CARTESIAN_POINT('',(-4.322616598385E1,-2.829999999999E1,2.070904757739E2));
#520=LINE('',#519,#518);
#521=DIRECTION('',(-9.961946980917E-1,0.E0,-8.715574274763E-2));
#522=VECTOR('',#521,1.994088782163E1);
#523=CARTESIAN_POINT('',(-4.326974385524E1,-2.779999999999E1,2.075885731230E2));
#524=LINE('',#523,#522);
#525=CARTESIAN_POINT('',(-6.313475057838E1,-2.829999999999E1,2.058506102339E2));
#526=DIRECTION('',(-9.961946980917E-1,0.E0,-8.715574274761E-2));
#527=DIRECTION('',(0.E0,1.E0,0.E0));
#528=AXIS2_PLACEMENT_3D('',#525,#526,#527);
#530=CARTESIAN_POINT('',(-7.636310056355E1,-2.829999999999E1,2.037554454198E2));
#531=DIRECTION('',(9.743700646123E-1,0.E0,2.249510550931E-1));
#532=DIRECTION('',(2.249510550931E-1,0.E0,-9.743700646123E-1));
#533=AXIS2_PLACEMENT_3D('',#530,#531,#532);
#535=CARTESIAN_POINT('',(-5.476779927461E1,-2.829999999999E1,1.102159192170E2));
#536=DIRECTION('',(0.E0,1.E0,0.E0));
#537=DIRECTION('',(-2.249510550931E-1,0.E0,9.743700646123E-1));
#538=AXIS2_PLACEMENT_3D('',#535,#536,#537);
#540=DIRECTION('',(9.743700646132E-1,-2.760830504219E-7,2.249510550889E-1));
#541=VECTOR('',#540,4.138720495746E1);
#542=CARTESIAN_POINT('',(-1.165770786046E2,-2.829998857369E1,1.939581649651E2));
#543=LINE('',#542,#541);
#544=CARTESIAN_POINT('',(-1.226612320951E2,-2.572007131236E1,1.925535274491E2));
#545=CARTESIAN_POINT('',(-1.225549600339E2,-2.582895287528E1,1.925780622878E2));
#546=CARTESIAN_POINT('',(-1.223371560931E2,-2.604072397800E1,1.926283462898E2));
#547=CARTESIAN_POINT('',(-1.219942192229E2,-2.634083035484E1,1.927075195049E2));
#548=CARTESIAN_POINT('',(-1.216364286191E2,-2.662208578421E1,1.927901219747E2));
#549=CARTESIAN_POINT('',(-1.212649934905E2,-2.688359795025E1,1.928758745313E2));
#550=CARTESIAN_POINT('',(-1.208803345098E2,-2.712503448173E1,1.929646800547E2));
#551=CARTESIAN_POINT('',(-1.204842141697E2,-2.734527328733E1,1.930561316414E2));
#552=CARTESIAN_POINT('',(-1.200775060870E2,-2.754389181543E1,1.931500276011E2));
#553=CARTESIAN_POINT('',(-1.196613453367E2,-2.772034916703E1,1.932461058811E2));
#554=CARTESIAN_POINT('',(-1.192367891479E2,-2.787420969956E1,1.933441224008E2));
#555=CARTESIAN_POINT('',(-1.188049915774E2,-2.800506762540E1,1.934438107251E2));
#556=CARTESIAN_POINT('',(-1.183668293863E2,-2.811261828414E1,1.935449684380E2));
#557=CARTESIAN_POINT('',(-1.179243018749E2,-2.819640003909E1,1.936471339644E2));
#558=CARTESIAN_POINT('',(-1.174776747498E2,-2.825638264036E1,1.937502459613E2));
#559=CARTESIAN_POINT('',(-1.170281940029E2,-2.829231110635E1,1.938540167685E2));
#560=CARTESIAN_POINT('',(-1.167276544970E2,-2.830011462232E1,1.939234017811E2));
#561=CARTESIAN_POINT('',(-1.165770786046E2,-2.829998857369E1,1.939581649651E2));
#563=CARTESIAN_POINT('',(-1.166895541292E2,-2.829999999999E1,1.944453499980E2));
#564=DIRECTION('',(-9.743700646123E-1,0.E0,-2.249510550931E-1));
#565=DIRECTION('',(2.842170943040E-14,1.E0,-5.684341886081E-14));
#566=AXIS2_PLACEMENT_3D('',#563,#564,#565);
#568=CARTESIAN_POINT('',(-1.226612320951E2,-2.572007131236E1,1.925535274491E2));
#569=CARTESIAN_POINT('',(-1.226226835100E2,-2.568052927160E1,1.925624270741E2));
#570=CARTESIAN_POINT('',(-1.225445097827E2,-2.559590393392E1,1.926002002563E2));
#571=CARTESIAN_POINT('',(-1.224509493619E2,-2.547671586446E1,1.927250663490E2));
#572=CARTESIAN_POINT('',(-1.224059563605E2,-2.539414393822E1,1.928974274306E2));
#573=CARTESIAN_POINT('',(-1.224109817226E2,-2.537225539306E1,1.930165704189E2));
#574=CARTESIAN_POINT('',(-1.224196896732E2,-2.536834406615E1,1.930716851801E2));
#576=CARTESIAN_POINT('',(-1.163543339589E2,1.104E2,1.940095896186E2));
#577=DIRECTION('',(2.249510543438E-1,0.E0,-9.743700647852E-1));
#578=DIRECTION('',(-9.743700647852E-1,0.E0,-2.249510543438E-1));
#579=AXIS2_PLACEMENT_3D('',#576,#577,#578);
#581=CARTESIAN_POINT('',(-1.163543339589E2,-1.959999999999E1,1.940095896186E2));
#582=DIRECTION('',(2.249510543438E-1,0.E0,-9.743700647852E-1));
#583=DIRECTION('',(1.555554562416E-9,-1.E0,3.591277451005E-10));
#584=AXIS2_PLACEMENT_3D('',#581,#582,#583);
#586=DIRECTION('',(-9.743700646123E-1,0.E0,-2.249510550931E-1));
#587=VECTOR('',#586,4.138720495410E1);
#588=CARTESIAN_POINT('',(-7.625062503600E1,1.191E2,2.032682603875E2));
#589=LINE('',#588,#587);
#590=CARTESIAN_POINT('',(-1.226612282E2,1.165200745713E2,1.925535283484E2));
#591=CARTESIAN_POINT('',(-1.226226796476E2,1.164805325602E2,1.925624279830E2));
#592=CARTESIAN_POINT('',(-1.225445115191E2,1.163959023360E2,1.926001998854E2));
#593=CARTESIAN_POINT('',(-1.224509488776E2,1.162767162950E2,1.927250664609E2));
#594=CARTESIAN_POINT('',(-1.224059565276E2,1.161941437757E2,1.928974274041E2));
#595=CARTESIAN_POINT('',(-1.224109816468E2,1.161722554671E2,1.930165704653E2));
#596=CARTESIAN_POINT('',(-1.224196896023E2,1.161683441426E2,1.930716852372E2));
#598=CARTESIAN_POINT('',(-1.166895541292E2,1.191E2,1.944453499980E2));
#599=DIRECTION('',(-9.743700646123E-1,0.E0,-2.249510550931E-1));
#600=DIRECTION('',(2.249510550931E-1,0.E0,-9.743700646123E-1));
#601=AXIS2_PLACEMENT_3D('',#598,#599,#600);
#603=CARTESIAN_POINT('',(-1.165770786013E2,1.191E2,1.939581649657E2));
#604=CARTESIAN_POINT('',(-1.167146089655E2,1.191000039900E2,1.939264135792E2));
#605=CARTESIAN_POINT('',(-1.169902947843E2,1.190937131941E2,1.938627664927E2));
#606=CARTESIAN_POINT('',(-1.174063034192E2,1.190625004143E2,1.937667233313E2));
#607=CARTESIAN_POINT('',(-1.178229831395E2,1.190110071445E2,1.936705252377E2));
#608=CARTESIAN_POINT('',(-1.182398126930E2,1.189379795490E2,1.935742925523E2));
#609=CARTESIAN_POINT('',(-1.186528443767E2,1.188440085364E2,1.934789366743E2));
#610=CARTESIAN_POINT('',(-1.190628832221E2,1.187288735565E2,1.933842717474E2));
#611=CARTESIAN_POINT('',(-1.194678904362E2,1.185927151782E2,1.932907684642E2));
#612=CARTESIAN_POINT('',(-1.198642462120E2,1.184369075930E2,1.931992625229E2));
#613=CARTESIAN_POINT('',(-1.202542482132E2,1.182604466578E2,1.931092234660E2));
#614=CARTESIAN_POINT('',(-1.206338527050E2,1.180651108013E2,1.930215848633E2));
#615=CARTESIAN_POINT('',(-1.210031109148E2,1.178510873198E2,1.929363348881E2));
#616=CARTESIAN_POINT('',(-1.213610417903E2,1.176189602239E2,1.928537000340E2));
#617=CARTESIAN_POINT('',(-1.217061689720E2,1.173698805629E2,1.927740211456E2));
#618=CARTESIAN_POINT('',(-1.220388829868E2,1.171036874519E2,1.926972080625E2));
#619=CARTESIAN_POINT('',(-1.223582805319E2,1.168210577569E2,1.926234693288E2));
#620=CARTESIAN_POINT('',(-1.225617968074E2,1.166221743916E2,1.925764838942E2));
#621=CARTESIAN_POINT('',(-1.226612282E2,1.165200745713E2,1.925535283484E2));
#623=CARTESIAN_POINT('',(-1.226612282E2,1.165200745713E2,1.925535283484E2));
#624=CARTESIAN_POINT('',(-1.227655972199E2,1.164131201454E2,1.925294328615E2));
#625=CARTESIAN_POINT('',(-1.229685309947E2,1.161939964335E2,1.924825819078E2));
#626=CARTESIAN_POINT('',(-1.232559376657E2,1.158491707484E2,1.924162288493E2));
#627=CARTESIAN_POINT('',(-1.235252438150E2,1.154895375874E2,1.923540546256E2));
#628=CARTESIAN_POINT('',(-1.237758786574E2,1.151158711185E2,1.922961910127E2));
#629=CARTESIAN_POINT('',(-1.240069135602E2,1.147296055765E2,1.922428524024E2));
#630=CARTESIAN_POINT('',(-1.242179875504E2,1.143314048457E2,1.921941221319E2));
#631=CARTESIAN_POINT('',(-1.244084682508E2,1.139224399092E2,1.921501461970E2));
#632=CARTESIAN_POINT('',(-1.245778569033E2,1.135037922251E2,1.921110397451E2));
#633=CARTESIAN_POINT('',(-1.247256964493E2,1.130765613836E2,1.920769082964E2));
#634=CARTESIAN_POINT('',(-1.248515825124E2,1.126419079227E2,1.920478452086E2));
#635=CARTESIAN_POINT('',(-1.249552002079E2,1.122007538518E2,1.920239231786E2));
#636=CARTESIAN_POINT('',(-1.250360991589E2,1.117550817298E2,1.920052461840E2));
#637=CARTESIAN_POINT('',(-1.250942095976E2,1.113054134073E2,1.919918303321E2));
#638=CARTESIAN_POINT('',(-1.251293036601E2,1.108531836518E2,1.919837282293E2));
#639=CARTESIAN_POINT('',(-1.251372797517E2,1.105512101891E2,1.919818868037E2));
#640=CARTESIAN_POINT('',(-1.251374191182E2,1.104000000042E2,1.919818546285E2));
#642=CARTESIAN_POINT('',(-1.252498822167E2,1.104E2,1.924690425300E2));
#643=DIRECTION('',(0.E0,-1.E0,0.E0));
#644=DIRECTION('',(2.249510550931E-1,0.E0,-9.743700646123E-1));
#645=AXIS2_PLACEMENT_3D('',#642,#643,#644);
#647=CARTESIAN_POINT('',(-1.224196896023E2,1.161683441426E2,1.930716852372E2));
#648=CARTESIAN_POINT('',(-1.225184991239E2,1.160668060984E2,1.930480002669E2));
#649=CARTESIAN_POINT('',(-1.227107832151E2,1.158585901769E2,1.930018448207E2));
#650=CARTESIAN_POINT('',(-1.229825295447E2,1.155317033602E2,1.929366874208E2));
#651=CARTESIAN_POINT('',(-1.232369214071E2,1.151911623502E2,1.928756935396E2));
#652=CARTESIAN_POINT('',(-1.234734115881E2,1.148377626930E2,1.928190111846E2));
#653=CARTESIAN_POINT('',(-1.236911602033E2,1.144728861313E2,1.927668331213E2));
#654=CARTESIAN_POINT('',(-1.238899062247E2,1.140971000436E2,1.927192196710E2));
#655=CARTESIAN_POINT('',(-1.240691007379E2,1.137114721188E2,1.926762978006E2));
#656=CARTESIAN_POINT('',(-1.242283001750E2,1.133170231526E2,1.926381695122E2));
#657=CARTESIAN_POINT('',(-1.243671093717E2,1.129147717686E2,1.926049251082E2));
#658=CARTESIAN_POINT('',(-1.244851867665E2,1.125057429824E2,1.925766423162E2));
#659=CARTESIAN_POINT('',(-1.245822389968E2,1.120908724086E2,1.925533874716E2));
#660=CARTESIAN_POINT('',(-1.246578947010E2,1.116718637465E2,1.925352484513E2));
#661=CARTESIAN_POINT('',(-1.247120675609E2,1.112493945219E2,1.925222366934E2));
#662=CARTESIAN_POINT('',(-1.247445789744E2,1.108249343827E2,1.925144185669E2));
#663=CARTESIAN_POINT('',(-1.247517842043E2,1.105415901007E2,1.925126128195E2));
#664=CARTESIAN_POINT('',(-1.247517846777E2,1.104000000001E2,1.925126182301E2));
#666=DIRECTION('',(9.560824397117E-8,-1.E0,2.207114977535E-8));
#667=VECTOR('',#666,1.300000000049E2);
#668=CARTESIAN_POINT('',(-1.251374191182E2,1.104000000042E2,1.919818546285E2));
#669=LINE('',#668,#667);
#670=DIRECTION('',(-1.461196374147E-9,-1.E0,1.670197950534E-8));
#671=VECTOR('',#670,1.300000000006E2);
#672=CARTESIAN_POINT('',(-1.247517846777E2,1.104000000001E2,1.925126182301E2));
#673=LINE('',#672,#671);
#674=CARTESIAN_POINT('',(-1.252498822167E2,-1.959999999999E1,1.924690425300E2));
#675=DIRECTION('',(0.E0,-1.E0,0.E0));
#676=DIRECTION('',(2.249510550931E-1,0.E0,-9.743700646123E-1));
#677=AXIS2_PLACEMENT_3D('',#674,#675,#676);
#679=CARTESIAN_POINT('',(-1.251374066892E2,-1.960000000071E1,1.919818574977E2));
#680=CARTESIAN_POINT('',(-1.251374025333E2,-1.975584637608E1,1.919818584572E2));
#681=CARTESIAN_POINT('',(-1.251287576262E2,-2.006424957775E1,1.919838542912E2));
#682=CARTESIAN_POINT('',(-1.250937059904E2,-2.051631158852E1,1.919919465990E2));
#683=CARTESIAN_POINT('',(-1.250358794417E2,-2.095986447749E1,1.920052969098E2));
#684=CARTESIAN_POINT('',(-1.249561056021E2,-2.139971045412E1,1.920237141519E2));
#685=CARTESIAN_POINT('',(-1.248535091207E2,-2.183720129722E1,1.920474004160E2));
#686=CARTESIAN_POINT('',(-1.247278509081E2,-2.227163789675E1,1.920764109004E2));
#687=CARTESIAN_POINT('',(-1.245801082919E2,-2.269881110581E1,1.921105199711E2));
#688=CARTESIAN_POINT('',(-1.244107272994E2,-2.311754744470E1,1.921496246545E2));
#689=CARTESIAN_POINT('',(-1.242198796452E2,-2.352728380401E1,1.921936853074E2));
#690=CARTESIAN_POINT('',(-1.240086976439E2,-2.392568853164E1,1.922424405142E2));
#691=CARTESIAN_POINT('',(-1.237772720042E2,-2.431265347631E1,1.922958693332E2));
#692=CARTESIAN_POINT('',(-1.235266946887E2,-2.468642828190E1,1.923537196650E2));
#693=CARTESIAN_POINT('',(-1.232564933871E2,-2.504753251718E1,1.924161005509E2));
#694=CARTESIAN_POINT('',(-1.229694149261E2,-2.539238153359E1,1.924823778362E2));
#695=CARTESIAN_POINT('',(-1.227659481421E2,-2.561254501407E1,1.925293518447E2));
#696=CARTESIAN_POINT('',(-1.226612320951E2,-2.572007131236E1,1.925535274491E2));
#698=DIRECTION('',(8.715574274617E-2,-2.626377459480E-10,-9.961946980919E-1));
#699=VECTOR('',#698,1.786977291212E0);
#700=CARTESIAN_POINT('',(-1.249075302007E2,-1.960000000003E1,1.942927977045E2));
#701=LINE('',#700,#699);
#702=CARTESIAN_POINT('',(-1.247517848677E2,-1.960000000050E1,1.925126204014E2));
#703=CARTESIAN_POINT('',(-1.247517850236E2,-2.013297727322E1,1.925126221836E2));
#704=CARTESIAN_POINT('',(-1.246499937471E2,-2.119755050254E1,1.925370215365E2));
#705=CARTESIAN_POINT('',(-1.241902836042E2,-2.274679035639E1,1.926472272858E2));
#706=CARTESIAN_POINT('',(-1.234514199899E2,-2.415933617115E1,1.928243521028E2));
#707=CARTESIAN_POINT('',(-1.227891908259E2,-2.498863843382E1,1.929831059970E2));
#708=CARTESIAN_POINT('',(-1.224196896732E2,-2.536834406615E1,1.930716851801E2));
#710=CARTESIAN_POINT('',(-1.224196896732E2,-2.536834406615E1,1.930716851801E2));
#711=CARTESIAN_POINT('',(-1.220432345728E2,-2.575519578608E1,1.931619314509E2));
#712=CARTESIAN_POINT('',(-1.214247674597E2,-2.627514894751E1,1.933102064858E2));
#713=CARTESIAN_POINT('',(-1.205127738493E2,-2.683464449613E1,1.935288329938E2));
#714=CARTESIAN_POINT('',(-1.195476503732E2,-2.730095572299E1,1.937601989556E2));
#715=CARTESIAN_POINT('',(-1.185309315218E2,-2.761498145034E1,1.940039354084E2));
#716=CARTESIAN_POINT('',(-1.176151114911E2,-2.775361043820E1,1.942234771311E2));
#717=CARTESIAN_POINT('',(-1.170872425439E2,-2.779338012843E1,1.943500287079E2));
#718=CARTESIAN_POINT('',(-1.168221319466E2,-2.779999997628E1,1.944135675824E2));
#719=CARTESIAN_POINT('',(-1.166895541287E2,-2.779999999999E1,1.944453499981E2));
#721=DIRECTION('',(8.715574298802E-2,0.E0,-9.961946980707E-1));
#722=VECTOR('',#721,1.716706873406E0);
#723=CARTESIAN_POINT('',(-1.168391749918E2,-2.779999999999E1,1.961555242835E2));
#724=LINE('',#723,#722);
#725=CARTESIAN_POINT('',(-1.249075302007E2,-1.960000000011E1,1.942927977045E2));
#726=CARTESIAN_POINT('',(-1.249075302007E2,-1.994334554376E1,1.942927977045E2));
#727=CARTESIAN_POINT('',(-1.248659005594E2,-2.058731195917E1,1.943024086645E2));
#728=CARTESIAN_POINT('',(-1.246608913986E2,-2.175029238987E1,1.943497387588E2));
#729=CARTESIAN_POINT('',(-1.242245877127E2,-2.301923984297E1,1.944504674019E2));
#730=CARTESIAN_POINT('',(-1.234875309332E2,-2.432286870435E1,1.946206303679E2));
#731=CARTESIAN_POINT('',(-1.225655067791E2,-2.543666478927E1,1.948334964173E2));
#732=CARTESIAN_POINT('',(-1.214675640044E2,-2.636991487123E1,1.950869764806E2));
#733=CARTESIAN_POINT('',(-1.201853408362E2,-2.711403722825E1,1.953830010251E2));
#734=CARTESIAN_POINT('',(-1.189403025223E2,-2.755297701034E1,1.956704407695E2));
#735=CARTESIAN_POINT('',(-1.178023523762E2,-2.775847627537E1,1.959331572622E2));
#736=CARTESIAN_POINT('',(-1.171737206113E2,-2.779999999999E1,1.960782883412E2));
#737=CARTESIAN_POINT('',(-1.168391749918E2,-2.779999999999E1,1.961555242835E2));
#739=DIRECTION('',(0.E0,-1.E0,0.E0));
#740=VECTOR('',#739,1.300000000001E2);
#741=CARTESIAN_POINT('',(-1.249075302007E2,1.104E2,1.942927977045E2));
#742=LINE('',#741,#740);
#743=DIRECTION('',(0.E0,1.E0,0.E0));
#744=VECTOR('',#743,1.464E2);
#745=CARTESIAN_POINT('',(-7.674551735717E1,-2.779999999999E1,2.054118745297E2));
#746=LINE('',#745,#744);
#747=DIRECTION('',(0.E0,1.E0,0.E0));
#748=VECTOR('',#747,1.464E2);
#749=CARTESIAN_POINT('',(-6.328291534102E1,-2.779999999999E1,2.075441412206E2));
#750=LINE('',#749,#748);
#751=DIRECTION('',(-9.961946980917E-1,0.E0,-8.715574274766E-2));
#752=VECTOR('',#751,4.404285684685E1);
#753=CARTESIAN_POINT('',(-1.940765486137E1,1.186E2,2.113827291218E2));
#754=LINE('',#753,#752);
#755=DIRECTION('',(-9.961946980917E-1,0.E0,-8.715574274766E-2));
#756=VECTOR('',#755,4.404285684685E1);
#757=CARTESIAN_POINT('',(-1.940765486137E1,-2.779999999999E1,2.113827291218E2));
#758=LINE('',#757,#756);
#759=DIRECTION('',(0.E0,1.E0,0.E0));
#760=VECTOR('',#759,2.3E0);
#761=CARTESIAN_POINT('',(-1.991885421677E1,1.141E2,2.113380049734E2));
#762=LINE('',#761,#760);
#763=DIRECTION('',(3.090169943749E-1,0.E0,-9.510565162952E-1));
#764=VECTOR('',#763,9.992164775432E0);
#765=CARTESIAN_POINT('',(-1.940765486137E1,1.141E2,2.113827291218E2));
#766=LINE('',#765,#764);
#767=DIRECTION('',(-7.431448254774E-1,0.E0,6.691306063589E-1));
#768=VECTOR('',#767,1.E0);
#769=CARTESIAN_POINT('',(-1.631990613516E1,1.141E2,2.018796157003E2));
#770=LINE('',#769,#768);
#771=DIRECTION('',(3.090169943749E-1,0.E0,-9.510565162952E-1));
#772=VECTOR('',#771,9.241573467210E0);
#773=CARTESIAN_POINT('',(-1.991885421677E1,1.141E2,2.113380049734E2));
#774=LINE('',#773,#772);
#775=DIRECTION('',(9.961946980917E-1,-2.769326285901E-14,8.715574274763E-2));
#776=VECTOR('',#775,5.131520538967E-1);
#777=CARTESIAN_POINT('',(-1.991885421677E1,1.141E2,2.113380049734E2));
#778=LINE('',#777,#776);
#779=DIRECTION('',(0.E0,1.E0,0.E0));
#780=VECTOR('',#779,6.77E1);
#781=CARTESIAN_POINT('',(-1.940765486137E1,4.640000000001E1,2.113827291218E2));
#782=LINE('',#781,#780);
#783=DIRECTION('',(0.E0,1.E0,0.E0));
#784=VECTOR('',#783,6.77E1);
#785=CARTESIAN_POINT('',(-1.940765486137E1,-2.329999999999E1,2.113827291218E2));
#786=LINE('',#785,#784);
#787=DIRECTION('',(0.E0,1.E0,0.E0));
#788=VECTOR('',#787,2.2E0);
#789=CARTESIAN_POINT('',(-1.940765486137E1,-2.779999999999E1,2.113827291218E2));
#790=LINE('',#789,#788);
#791=DIRECTION('',(0.E0,1.E0,0.E0));
#792=VECTOR('',#791,2.2E0);
#793=CARTESIAN_POINT('',(-1.940765486137E1,1.164E2,2.113827291218E2));
#794=LINE('',#793,#792);
#795=DIRECTION('',(0.E0,-1.E0,-1.235726496974E-14));
#796=VECTOR('',#795,2.3E0);
#797=CARTESIAN_POINT('',(-1.631990613516E1,1.164E2,2.018796157003E2));
#798=LINE('',#797,#796);
#799=DIRECTION('',(0.E0,1.E0,-1.235726496974E-14));
#800=VECTOR('',#799,2.3E0);
#801=CARTESIAN_POINT('',(-1.706305096064E1,1.141E2,2.025487463066E2));
#802=LINE('',#801,#800);
#803=DIRECTION('',(-7.431448254774E-1,0.E0,6.691306063589E-1));
#804=VECTOR('',#803,1.E0);
#805=CARTESIAN_POINT('',(-1.631990613516E1,1.164E2,2.018796157003E2));
#806=LINE('',#805,#804);
#807=DIRECTION('',(3.090169943749E-1,0.E0,-9.510565162952E-1));
#808=VECTOR('',#807,9.992164775432E0);
#809=CARTESIAN_POINT('',(-1.940765486137E1,1.164E2,2.113827291218E2));
#810=LINE('',#809,#808);
#811=DIRECTION('',(9.961946980917E-1,0.E0,8.715574274763E-2));
#812=VECTOR('',#811,5.131520538967E-1);
#813=CARTESIAN_POINT('',(-1.991885421677E1,1.164E2,2.113380049734E2));
#814=LINE('',#813,#812);
#815=DIRECTION('',(3.090169943749E-1,0.E0,-9.510565162952E-1));
#816=VECTOR('',#815,9.241573467210E0);
#817=CARTESIAN_POINT('',(-1.991885421677E1,1.164E2,2.113380049734E2));
#818=LINE('',#817,#816);
#819=DIRECTION('',(-3.090169943749E-1,0.E0,9.510565162952E-1));
#820=VECTOR('',#819,1.017231300987E1);
#821=CARTESIAN_POINT('',(-1.646871701138E1,4.640000000001E1,2.016903948886E2));
#822=LINE('',#821,#820);
#823=DIRECTION('',(9.510565162952E-1,0.E0,3.090169943747E-1));
#824=VECTOR('',#823,2.E-1);
#825=CARTESIAN_POINT('',(-1.646871701138E1,4.640000000001E1,2.016903948886E2));
#826=LINE('',#825,#824);
#827=DIRECTION('',(3.090169943749E-1,0.E0,-9.510565162952E-1));
#828=VECTOR('',#827,1.012613937165E1);
#829=CARTESIAN_POINT('',(-1.940765486137E1,4.640000000001E1,2.113827291218E2));
#830=LINE('',#829,#828);
#831=DIRECTION('',(9.961946980917E-1,0.E0,8.715574274766E-2));
#832=VECTOR('',#831,2.052608215588E-1);
#833=CARTESIAN_POINT('',(-1.961213460353E1,4.640000000001E1,2.113648394625E2));
#834=LINE('',#833,#832);
#835=CARTESIAN_POINT('',(-1.991885421677E1,4.610000000001E1,2.113380049734E2));
#836=CARTESIAN_POINT('',(-1.991885421677E1,4.615065760270E1,2.113380049734E2));
#837=CARTESIAN_POINT('',(-1.989622679863E1,4.622925895689E1,2.113399846160E2));
#838=CARTESIAN_POINT('',(-1.983264982357E1,4.631741193620E1,2.113455468806E2));
#839=CARTESIAN_POINT('',(-1.974232562462E1,4.637871552156E1,2.113534492240E2));
#840=CARTESIAN_POINT('',(-1.966259943875E1,4.640000000001E1,2.113604243615E2));
#841=CARTESIAN_POINT('',(-1.961213460353E1,4.640000000001E1,2.113648394625E2));
#843=DIRECTION('',(-3.090169943749E-1,4.023940150020E-14,9.510565162952E-1));
#844=VECTOR('',#843,1.024157346721E1);
#845=CARTESIAN_POINT('',(-1.675403396627E1,4.610000000001E1,2.015976897903E2));
#846=LINE('',#845,#844);
#847=DIRECTION('',(0.E0,-1.E0,0.E0));
#848=VECTOR('',#847,1.4E0);
#849=CARTESIAN_POINT('',(-1.991885421677E1,4.610000000001E1,2.113380049734E2));
#850=LINE('',#849,#848);
#851=DIRECTION('',(0.E0,-1.E0,0.E0));
#852=VECTOR('',#851,1.399999999999E0);
#853=CARTESIAN_POINT('',(-1.675403396627E1,4.610000000001E1,2.015976897903E2));
#854=LINE('',#853,#852);
#855=DIRECTION('',(-3.090169943749E-1,-3.677048757777E-14,9.510565162952E-1));
#856=VECTOR('',#855,1.024157346721E1);
#857=CARTESIAN_POINT('',(-1.675403396627E1,4.470000000001E1,2.015976897903E2));
#858=LINE('',#857,#856);
#859=CARTESIAN_POINT('',(-1.961213460353E1,4.440000000001E1,2.113648394625E2));
#860=CARTESIAN_POINT('',(-1.966259943875E1,4.440000000001E1,2.113604243615E2));
#861=CARTESIAN_POINT('',(-1.974232562462E1,4.442128447845E1,2.113534492240E2));
#862=CARTESIAN_POINT('',(-1.983264982357E1,4.448258806382E1,2.113455468806E2));
#863=CARTESIAN_POINT('',(-1.989622679863E1,4.457074104313E1,2.113399846160E2));
#864=CARTESIAN_POINT('',(-1.991885421677E1,4.464934239731E1,2.113380049734E2));
#865=CARTESIAN_POINT('',(-1.991885421677E1,4.470000000001E1,2.113380049734E2));
#867=DIRECTION('',(-3.090169943749E-1,0.E0,9.510565162952E-1));
#868=VECTOR('',#867,1.017231300987E1);
#869=CARTESIAN_POINT('',(-1.646871701138E1,4.440000000001E1,2.016903948886E2));
#870=LINE('',#869,#868);
#871=DIRECTION('',(9.961946980917E-1,0.E0,8.715574274774E-2));
#872=VECTOR('',#871,2.052608215586E-1);
#873=CARTESIAN_POINT('',(-1.961213460353E1,4.440000000001E1,2.113648394625E2));
#874=LINE('',#873,#872);
#875=DIRECTION('',(3.090169943749E-1,0.E0,-9.510565162952E-1));
#876=VECTOR('',#875,1.012613937165E1);
#877=CARTESIAN_POINT('',(-1.940765486137E1,4.440000000001E1,2.113827291218E2));
#878=LINE('',#877,#876);
#879=DIRECTION('',(9.510565162952E-1,0.E0,3.090169943747E-1));
#880=VECTOR('',#879,2.E-1);
#881=CARTESIAN_POINT('',(-1.646871701138E1,4.440000000001E1,2.016903948886E2));
#882=LINE('',#881,#880);
#883=CARTESIAN_POINT('',(-1.646871701138E1,4.610000000001E1,2.016903948886E2));
#884=DIRECTION('',(3.090169943749E-1,0.E0,-9.510565162952E-1));
#885=DIRECTION('',(-9.510565162952E-1,-3.647452710235E-12,-3.090169943749E-1));
#886=AXIS2_PLACEMENT_3D('',#883,#884,#885);
#888=CARTESIAN_POINT('',(-1.646871701138E1,4.470000000001E1,2.016903948886E2));
#889=DIRECTION('',(3.090169943749E-1,0.E0,-9.510565162952E-1));
#890=DIRECTION('',(0.E0,-1.E0,0.E0));
#891=AXIS2_PLACEMENT_3D('',#888,#889,#890);
#893=DIRECTION('',(0.E0,1.E0,0.E0));
#894=VECTOR('',#893,2.E0);
#895=CARTESIAN_POINT('',(-1.627850570812E1,4.440000000001E1,2.017521982875E2));
#896=LINE('',#895,#894);
#897=DIRECTION('',(7.431448254774E-1,0.E0,-6.691306063589E-1));
#898=VECTOR('',#897,1.E0);
#899=CARTESIAN_POINT('',(-1.706305096064E1,-2.329999999999E1,2.025487463066E2));
#900=LINE('',#899,#898);
#901=DIRECTION('',(-3.090169943749E-1,0.E0,9.510565162952E-1));
#902=VECTOR('',#901,9.992164775432E0);
#903=CARTESIAN_POINT('',(-1.631990613516E1,-2.329999999999E1,2.018796157003E2));
#904=LINE('',#903,#902);
#905=DIRECTION('',(-9.961946980917E-1,0.E0,-8.715574274763E-2));
#906=VECTOR('',#905,5.131520538967E-1);
#907=CARTESIAN_POINT('',(-1.940765486137E1,-2.329999999999E1,2.113827291218E2));
#908=LINE('',#907,#906);
#909=DIRECTION('',(-3.090169943749E-1,0.E0,9.510565162952E-1));
#910=VECTOR('',#909,9.241573467210E0);
#911=CARTESIAN_POINT('',(-1.706305096064E1,-2.329999999999E1,2.025487463066E2));
#912=LINE('',#911,#910);
#913=DIRECTION('',(0.E0,-1.E0,0.E0));
#914=VECTOR('',#913,2.3E0);
#915=CARTESIAN_POINT('',(-1.631990613516E1,-2.329999999999E1,2.018796157003E2));
#916=LINE('',#915,#914);
#917=DIRECTION('',(0.E0,1.E0,-1.235726496974E-14));
#918=VECTOR('',#917,2.3E0);
#919=CARTESIAN_POINT('',(-1.706305096064E1,-2.559999999999E1,2.025487463066E2));
#920=LINE('',#919,#918);
#921=DIRECTION('',(0.E0,1.E0,0.E0));
#922=VECTOR('',#921,2.3E0);
#923=CARTESIAN_POINT('',(-1.991885421677E1,-2.559999999999E1,2.113380049734E2));
#924=LINE('',#923,#922);
#925=DIRECTION('',(-3.090169943749E-1,0.E0,9.510565162952E-1));
#926=VECTOR('',#925,9.992164775432E0);
#927=CARTESIAN_POINT('',(-1.631990613516E1,-2.559999999999E1,2.018796157003E2));
#928=LINE('',#927,#926);
#929=DIRECTION('',(7.431448254774E-1,0.E0,-6.691306063589E-1));
#930=VECTOR('',#929,1.E0);
#931=CARTESIAN_POINT('',(-1.706305096064E1,-2.559999999999E1,2.025487463066E2));
#932=LINE('',#931,#930);
#933=DIRECTION('',(-3.090169943749E-1,0.E0,9.510565162952E-1));
#934=VECTOR('',#933,9.241573467210E0);
#935=CARTESIAN_POINT('',(-1.706305096064E1,-2.559999999999E1,2.025487463066E2));
#936=LINE('',#935,#934);
#937=DIRECTION('',(-9.961946980917E-1,0.E0,-8.715574274763E-2));
#938=VECTOR('',#937,5.131520538967E-1);
#939=CARTESIAN_POINT('',(-1.940765486137E1,-2.559999999999E1,2.113827291218E2));
#940=LINE('',#939,#938);
#941=DIRECTION('',(0.E0,1.E0,0.E0));
#942=VECTOR('',#941,1.464E2);
#943=CARTESIAN_POINT('',(-1.625993875392E1,-2.779999999999E1,2.016950550782E2));
#944=LINE('',#943,#942);
#945=CARTESIAN_POINT('',(-1.522172649488E1,-2.829999999999E1,2.010078773745E2));
#946=CARTESIAN_POINT('',(-1.525448569514E1,-2.827674726366E1,2.010050113159E2));
#947=CARTESIAN_POINT('',(-1.531968685396E1,-2.823066187821E1,2.010025510856E2));
#948=CARTESIAN_POINT('',(-1.541652671497E1,-2.816330410961E1,2.010083265756E2));
#949=CARTESIAN_POINT('',(-1.551084111239E1,-2.809922189127E1,2.010231654355E2));
#950=CARTESIAN_POINT('',(-1.560085034145E1,-2.804000222262E1,2.010461939844E2));
#951=CARTESIAN_POINT('',(-1.568517747315E1,-2.798689675542E1,2.010761912311E2));
#952=CARTESIAN_POINT('',(-1.576313800964E1,-2.794032479820E1,2.011118931450E2));
#953=CARTESIAN_POINT('',(-1.583428703033E1,-2.790075000944E1,2.011519730252E2));
#954=CARTESIAN_POINT('',(-1.589877378203E1,-2.786813183711E1,2.011954248218E2));
#955=CARTESIAN_POINT('',(-1.595580908931E1,-2.784257168777E1,2.012404304672E2));
#956=CARTESIAN_POINT('',(-1.600687402579E1,-2.782313081740E1,2.012869149718E2));
#957=CARTESIAN_POINT('',(-1.605219342227E1,-2.780966678382E1,2.013341147793E2));
#958=CARTESIAN_POINT('',(-1.609253016897E1,-2.780174429301E1,2.013818538899E2));
#959=CARTESIAN_POINT('',(-1.611666538959E1,-2.779999999999E1,2.014142591754E2));
#960=CARTESIAN_POINT('',(-1.612803428192E1,-2.779999999999E1,2.014304956363E2));
#962=DIRECTION('',(0.E0,1.E0,0.E0));
#963=VECTOR('',#962,1.474E2);
#964=CARTESIAN_POINT('',(-1.522172649488E1,-2.829999999999E1,2.010078773745E2));
#965=LINE('',#964,#963);
#966=DIRECTION('',(9.961946980917E-1,0.E0,8.715574274766E-2));
#967=VECTOR('',#966,7.722711380307E0);
#968=CARTESIAN_POINT('',(-2.291505062684E1,-2.829999999999E1,2.003347987282E2));
#969=LINE('',#968,#967);
#970=DIRECTION('',(9.961946980917E-1,0.E0,8.715574274766E-2));
#971=VECTOR('',#970,6.856685976523E0);
#972=CARTESIAN_POINT('',(-2.295862849821E1,-2.779999999999E1,2.008328960772E2));
#973=LINE('',#972,#971);
#974=DIRECTION('',(0.E0,1.E0,0.E0));
#975=VECTOR('',#974,8.E-1);
#976=CARTESIAN_POINT('',(-2.600042566174E1,-2.909999999999E1,2.010755317378E2));
#977=LINE('',#976,#975);
#978=DIRECTION('',(0.E0,1.E0,0.E0));
#979=VECTOR('',#978,8.E-1);
#980=CARTESIAN_POINT('',(-2.291505062684E1,-2.909999999999E1,2.003347987282E2));
#981=LINE('',#980,#979);
#982=CARTESIAN_POINT('',(-2.335082934057E1,-2.829999999999E1,2.053157722186E2));
#983=DIRECTION('',(0.E0,1.E0,0.E0));
#984=DIRECTION('',(8.715574274766E-2,0.E0,-9.961946980917E-1));
#985=AXIS2_PLACEMENT_3D('',#982,#983,#984);
#987=CARTESIAN_POINT('',(-2.295862849821E1,-2.829999999999E1,2.008328960772E2));
#988=DIRECTION('',(-9.961946980917E-1,0.E0,-8.715574274766E-2));
#989=DIRECTION('',(0.E0,1.E0,1.136868377216E-13));
#990=AXIS2_PLACEMENT_3D('',#987,#988,#989);
#992=CARTESIAN_POINT('',(-2.573546602962E1,-2.829999999999E1,2.014995557859E2));
#993=DIRECTION('',(-8.480480961564E-1,0.E0,5.299192642332E-1));
#994=DIRECTION('',(4.263256414561E-14,1.E0,5.684341886081E-14));
#995=AXIS2_PLACEMENT_3D('',#992,#993,#994);
#997=DIRECTION('',(-8.480480961564E-1,0.E0,5.299192642332E-1));
#998=VECTOR('',#997,5.759390540034E0);
#999=CARTESIAN_POINT('',(-2.600042566174E1,-2.909999999999E1,2.010755317378E2));
#1000=LINE('',#999,#998);
#1001=CARTESIAN_POINT('',(-2.335082934057E1,-2.909999999999E1,
2.053157722186E2));
#1002=DIRECTION('',(0.E0,1.E0,0.E0));
#1003=DIRECTION('',(8.715574274766E-2,0.E0,-9.961946980917E-1));
#1004=AXIS2_PLACEMENT_3D('',#1001,#1002,#1003);
#1006=CARTESIAN_POINT('',(-2.573546602962E1,-2.909999999999E1,
2.014995557859E2));
#1007=DIRECTION('',(-8.480480961564E-1,0.E0,5.299192642332E-1));
#1008=DIRECTION('',(-5.299192642332E-1,0.E0,-8.480480961564E-1));
#1009=AXIS2_PLACEMENT_3D('',#1006,#1007,#1008);
#1011=CARTESIAN_POINT('',(-2.295862849821E1,-2.909999999999E1,
2.008328960772E2));
#1012=DIRECTION('',(-9.961946980917E-1,0.E0,-8.715574274766E-2));
#1013=DIRECTION('',(8.715574274766E-2,0.E0,-9.961946980917E-1));
#1014=AXIS2_PLACEMENT_3D('',#1011,#1012,#1013);
#1016=DIRECTION('',(-9.961946980917E-1,0.E0,-8.715574274766E-2));
#1017=VECTOR('',#1016,8.146036708208E0);
#1018=CARTESIAN_POINT('',(-1.484358991903E1,-2.959999999999E1,
2.015428699570E2));
#1019=LINE('',#1018,#1017);
#1020=DIRECTION('',(-9.961946980917E-1,0.E0,-8.715574274766E-2));
#1021=VECTOR('',#1020,8.146036708208E0);
#1022=CARTESIAN_POINT('',(-1.480001204766E1,-2.909999999999E1,
2.010447726079E2));
#1023=LINE('',#1022,#1021);
#1024=CARTESIAN_POINT('',(-1.484358991903E1,-2.909999999999E1,
2.015428699570E2));
#1025=DIRECTION('',(-9.961946980917E-1,0.E0,-8.715574274766E-2));
#1026=DIRECTION('',(7.806170552744E-2,-4.447442178771E-1,-8.922493770214E-1));
#1027=AXIS2_PLACEMENT_3D('',#1024,#1025,#1026);
#1029=CARTESIAN_POINT('',(-1.484358991903E1,-2.909999999999E1,
2.015428699570E2));
#1030=DIRECTION('',(3.090169943749E-1,0.E0,-9.510565162952E-1));
#1031=DIRECTION('',(9.062286694592E-1,-3.033939466887E-1,2.944515439982E-1));
#1032=AXIS2_PLACEMENT_3D('',#1029,#1030,#1031);
#1034=CARTESIAN_POINT('',(-1.484358991903E1,-2.909999999999E1,
2.015428699570E2));
#1035=DIRECTION('',(0.E0,1.E0,0.E0));
#1036=DIRECTION('',(9.510565162952E-1,0.E0,3.090169943749E-1));
#1037=AXIS2_PLACEMENT_3D('',#1034,#1035,#1036);
#1039=CARTESIAN_POINT('',(-1.484358991903E1,-2.909999999999E1,
2.015428699570E2));
#1040=DIRECTION('',(-9.961946980917E-1,0.E0,-8.715574274766E-2));
#1041=DIRECTION('',(8.715574274766E-2,0.E0,-9.961946980917E-1));
#1042=AXIS2_PLACEMENT_3D('',#1039,#1040,#1041);
#1044=CARTESIAN_POINT('',(-1.484358991903E1,-2.909999999999E1,
2.015428699570E2));
#1045=DIRECTION('',(4.023139154016E-1,8.329239079376E-1,-3.799753637542E-1));
#1046=DIRECTION('',(6.055374536078E-1,-5.533875347222E-1,-5.719148788869E-1));
#1047=AXIS2_PLACEMENT_3D('',#1044,#1045,#1046);
#1049=CARTESIAN_POINT('',(-1.484358991903E1,-2.909999999999E1,
2.015428699570E2));
#1050=DIRECTION('',(-4.023139154014E-1,-8.329239079376E-1,3.799753637544E-1));
#1051=DIRECTION('',(6.055374536078E-1,-5.533875347222E-1,-5.719148788869E-1));
#1052=AXIS2_PLACEMENT_3D('',#1049,#1050,#1051);
#1054=CARTESIAN_POINT('',(-1.484358991903E1,-2.909999999999E1,
2.015428699570E2));
#1055=DIRECTION('',(3.090169943749E-1,0.E0,-9.510565162952E-1));
#1056=DIRECTION('',(9.510565162952E-1,0.E0,3.090169943749E-1));
#1057=AXIS2_PLACEMENT_3D('',#1054,#1055,#1056);
#1059=DIRECTION('',(0.E0,-1.E0,0.E0));
#1060=VECTOR('',#1059,1.49E2);
#1061=CARTESIAN_POINT('',(-1.436806166088E1,1.199E2,2.016973784541E2));
#1062=LINE('',#1061,#1060);
#1063=DIRECTION('',(0.E0,-1.E0,0.E0));
#1064=VECTOR('',#1063,1.49E2);
#1065=CARTESIAN_POINT('',(-1.480001204766E1,1.199E2,2.010447726079E2));
#1066=LINE('',#1065,#1064);
#1067=DIRECTION('',(3.090169943749E-1,0.E0,-9.510565162952E-1));
#1068=VECTOR('',#1067,1.231585455434E1);
#1069=CARTESIAN_POINT('',(-1.817387001843E1,1.199E2,2.134104521818E2));
#1070=LINE('',#1069,#1068);
#1071=CARTESIAN_POINT('',(-1.864939827657E1,1.199E2,2.132559436846E2));
#1072=DIRECTION('',(3.090169943749E-1,0.E0,-9.510565162952E-1));
#1073=DIRECTION('',(8.670345202687E-1,4.109585160568E-1,2.817165929491E-1));
#1074=AXIS2_PLACEMENT_3D('',#1071,#1072,#1073);
#1076=CARTESIAN_POINT('',(-1.864939827657E1,1.199E2,2.132559436846E2));
#1077=DIRECTION('',(0.E0,1.E0,0.E0));
#1078=DIRECTION('',(-8.715574274762E-2,0.E0,9.961946980917E-1));
#1079=AXIS2_PLACEMENT_3D('',#1076,#1077,#1078);
#1081=CARTESIAN_POINT('',(-1.864939827657E1,1.199E2,2.132559436846E2));
#1082=DIRECTION('',(-9.961946980917E-1,0.E0,-8.715574274762E-2));
#1083=DIRECTION('',(-8.715574274762E-2,0.E0,9.961946980917E-1));
#1084=AXIS2_PLACEMENT_3D('',#1081,#1082,#1083);
#1086=CARTESIAN_POINT('',(-1.864939827657E1,1.199E2,2.132559436846E2));
#1087=DIRECTION('',(3.063477795519E-1,-8.856121021507E-1,3.490590816579E-1));
#1088=DIRECTION('',(5.841737818910E-1,4.644256716895E-1,6.656198524886E-1));
#1089=AXIS2_PLACEMENT_3D('',#1086,#1087,#1088);
#1091=CARTESIAN_POINT('',(-1.864939827657E1,1.199E2,2.132559436846E2));
#1092=DIRECTION('',(-3.063477795519E-1,8.856121021507E-1,-3.490590816579E-1));
#1093=DIRECTION('',(5.841737818910E-1,4.644256716895E-1,6.656198524886E-1));
#1094=AXIS2_PLACEMENT_3D('',#1091,#1092,#1093);
#1096=DIRECTION('',(0.E0,1.E0,0.E0));
#1097=VECTOR('',#1096,1.49E2);
#1098=CARTESIAN_POINT('',(-1.869297614795E1,-2.909999999999E1,
2.137540410337E2));
#1099=LINE('',#1098,#1097);
#1100=DIRECTION('',(0.E0,1.E0,0.E0));
#1101=VECTOR('',#1100,1.49E2);
#1102=CARTESIAN_POINT('',(-1.817387001843E1,-2.909999999999E1,
2.134104521818E2));
#1103=LINE('',#1102,#1101);
#1104=DIRECTION('',(0.E0,1.E0,0.E0));
#1105=VECTOR('',#1104,1.200000000003E2);
#1106=CARTESIAN_POINT('',(-2.232741851104E1,-1.460000000016E1,
2.134360685287E2));
#1107=LINE('',#1106,#1105);
#1108=DIRECTION('',(0.E0,1.E0,0.E0));
#1109=VECTOR('',#1108,1.2E2);
#1110=CARTESIAN_POINT('',(-2.422803686053E1,-1.459999999998E1,
2.132697859694E2));
#1111=LINE('',#1110,#1109);
#1112=CARTESIAN_POINT('',(-2.330387440861E1,1.054E2,2.136517856585E2));
#1113=DIRECTION('',(0.E0,1.E0,2.831355624528E-14));
#1114=DIRECTION('',(9.764558975698E-1,1.421085471520E-14,-2.157171298281E-1));
#1115=AXIS2_PLACEMENT_3D('',#1112,#1113,#1114);
#1117=CARTESIAN_POINT('',(-2.327772768579E1,1.054E2,2.133529272490E2));
#1118=DIRECTION('',(8.715574274762E-2,0.E0,-9.961946980917E-1));
#1119=DIRECTION('',(-9.961946980917E-1,-2.380544357693E-11,-8.715574274761E-2));
#1120=AXIS2_PLACEMENT_3D('',#1117,#1118,#1119);
#1122=CARTESIAN_POINT('',(-2.327772768579E1,-1.459999999999E1,
2.133529272490E2));
#1123=DIRECTION('',(8.715574274762E-2,0.E0,-9.961946980917E-1));
#1124=DIRECTION('',(9.961946980917E-1,-5.418047452397E-10,8.715574274761E-2));
#1125=AXIS2_PLACEMENT_3D('',#1122,#1123,#1124);
#1127=CARTESIAN_POINT('',(-2.330387440861E1,-1.459999999999E1,
2.136517856585E2));
#1128=DIRECTION('',(0.E0,-1.E0,2.831355624528E-14));
#1129=DIRECTION('',(-9.241624519150E-1,0.E0,-3.819996890973E-1));
#1130=AXIS2_PLACEMENT_3D('',#1127,#1128,#1129);
#1132=DIRECTION('',(9.961946980917E-1,0.E0,8.715574274763E-2));
#1133=VECTOR('',#1132,4.496148944309E1);
#1134=CARTESIAN_POINT('',(-6.343979567809E1,-2.959999999999E1,
2.093372916772E2));
#1135=LINE('',#1134,#1133);
#1136=DIRECTION('',(9.961946980917E-1,0.E0,8.715574274762E-2));
#1137=VECTOR('',#1136,4.496148944307E1);
#1138=CARTESIAN_POINT('',(-6.348337354944E1,-2.909999999999E1,
2.098353890262E2));
#1139=LINE('',#1138,#1137);
#1140=CARTESIAN_POINT('',(-5.476779927468E1,-2.909999999999E1,
1.102159192170E2));
#1141=DIRECTION('',(0.E0,-1.E0,0.E0));
#1142=DIRECTION('',(-8.715574274762E-2,0.E0,9.961946980917E-1));
#1143=AXIS2_PLACEMENT_3D('',#1140,#1141,#1142);
#1145=CARTESIAN_POINT('',(-6.343979567806E1,-2.909999999999E1,
2.093372916772E2));
#1146=DIRECTION('',(-9.961946980917E-1,0.E0,-8.715574274761E-2));
#1147=DIRECTION('',(0.E0,-1.E0,5.684341886081E-14));
#1148=AXIS2_PLACEMENT_3D('',#1145,#1146,#1147);
#1150=CARTESIAN_POINT('',(-7.715042925644E1,-2.909999999999E1,
2.071657406459E2));
#1151=DIRECTION('',(-9.743700646123E-1,0.E0,-2.249510550931E-1));
#1152=DIRECTION('',(1.136868377216E-13,-1.E0,-5.684341886081E-13));
#1153=AXIS2_PLACEMENT_3D('',#1150,#1151,#1152);
#1155=DIRECTION('',(0.E0,-1.E0,0.E0));
#1156=VECTOR('',#1155,1.49E2);
#1157=CARTESIAN_POINT('',(-7.726290478399E1,1.199E2,2.076529256783E2));
#1158=LINE('',#1157,#1156);
#1159=DIRECTION('',(0.E0,-1.E0,0.E0));
#1160=VECTOR('',#1159,1.135E2);
#1161=CARTESIAN_POINT('',(-6.348337354944E1,1.199E2,2.098353890262E2));
#1162=LINE('',#1161,#1160);
#1163=DIRECTION('',(0.E0,-1.E0,0.E0));
#1164=VECTOR('',#1163,3.3E1);
#1165=CARTESIAN_POINT('',(-6.348337354944E1,6.400000000008E0,2.098353890262E2));
#1166=LINE('',#1165,#1164);
#1167=DIRECTION('',(1.136868377216E-14,-1.E0,1.136868377216E-14));
#1168=VECTOR('',#1167,2.5E0);
#1169=CARTESIAN_POINT('',(-6.348337354944E1,-2.659999999999E1,
2.098353890262E2));
#1170=LINE('',#1169,#1168);
#1171=CARTESIAN_POINT('',(-6.343979567806E1,1.199E2,2.093372916772E2));
#1172=DIRECTION('',(-9.961946980917E-1,0.E0,-8.715574274761E-2));
#1173=DIRECTION('',(-8.715574274761E-2,0.E0,9.961946980917E-1));
#1174=AXIS2_PLACEMENT_3D('',#1171,#1172,#1173);
#1176=CARTESIAN_POINT('',(-5.476779927468E1,1.199E2,1.102159192170E2));
#1177=DIRECTION('',(0.E0,-1.E0,0.E0));
#1178=DIRECTION('',(-8.715574274762E-2,0.E0,9.961946980917E-1));
#1179=AXIS2_PLACEMENT_3D('',#1176,#1177,#1178);
#1181=CARTESIAN_POINT('',(-7.715042925644E1,1.199E2,2.071657406459E2));
#1182=DIRECTION('',(-9.743700646123E-1,0.E0,-2.249510550931E-1));
#1183=DIRECTION('',(-2.249510550931E-1,5.684341886081E-14,9.743700646123E-1));
#1184=AXIS2_PLACEMENT_3D('',#1181,#1182,#1183);
#1186=DIRECTION('',(-9.961946980917E-1,0.E0,-8.715574274763E-2));
#1187=VECTOR('',#1186,4.496148944309E1);
#1188=CARTESIAN_POINT('',(-1.864939827657E1,1.204E2,2.132559436846E2));
#1189=LINE('',#1188,#1187);
#1190=DIRECTION('',(-9.961946980917E-1,0.E0,-8.715574274761E-2));
#1191=VECTOR('',#1190,4.496148944307E1);
#1192=CARTESIAN_POINT('',(-1.869297614795E1,1.199E2,2.137540410337E2));
#1193=LINE('',#1192,#1191);
#1194=CARTESIAN_POINT('',(-1.864939827657E1,1.199E2,2.132559436846E2));
#1195=DIRECTION('',(-9.961946980917E-1,0.E0,-8.715574274762E-2));
#1196=DIRECTION('',(-8.193836224310E-2,3.407959938511E-1,9.365597660416E-1));
#1197=AXIS2_PLACEMENT_3D('',#1194,#1195,#1196);
#1199=CARTESIAN_POINT('',(-1.864939827657E1,1.199E2,2.132559436846E2));
#1200=DIRECTION('',(3.090169943749E-1,0.E0,-9.510565162952E-1));
#1201=DIRECTION('',(0.E0,1.E0,0.E0));
#1202=AXIS2_PLACEMENT_3D('',#1199,#1200,#1201);
#1204=DIRECTION('',(9.961946980917E-1,0.E0,8.715574274762E-2));
#1205=VECTOR('',#1204,3.5E1);
#1206=CARTESIAN_POINT('',(-6.149098415325E1,8.400000000008E0,2.100097005117E2));
#1207=LINE('',#1206,#1205);
#1208=CARTESIAN_POINT('',(-2.463178032386E1,6.400000000008E0,2.132344629934E2));
#1209=CARTESIAN_POINT('',(-2.463178678558E1,6.449986379680E0,2.132344624280E2));
#1210=CARTESIAN_POINT('',(-2.463549911908E1,6.549621816076E0,2.132341376409E2));
#1211=CARTESIAN_POINT('',(-2.465220642291E1,6.698437450922E0,2.132326759413E2));
#1212=CARTESIAN_POINT('',(-2.467993081008E1,6.845492218750E0,2.132302503717E2));
#1213=CARTESIAN_POINT('',(-2.471852479924E1,6.990074554835E0,2.132268738351E2));
#1214=CARTESIAN_POINT('',(-2.476778537031E1,7.131387542405E0,2.132225640936E2));
#1215=CARTESIAN_POINT('',(-2.482743094246E1,7.268612166334E0,2.132173457822E2));
#1216=CARTESIAN_POINT('',(-2.489711438671E1,7.400955735266E0,2.132112492708E2));
#1217=CARTESIAN_POINT('',(-2.497643485047E1,7.527675386844E0,2.132043096294E2));
#1218=CARTESIAN_POINT('',(-2.506498566022E1,7.648119849310E0,2.131965624374E2));
#1219=CARTESIAN_POINT('',(-2.516225527758E1,7.761584837235E0,2.131880524486E2));
#1220=CARTESIAN_POINT('',(-2.526770555529E1,7.867442702567E0,2.131788267448E2));
#1221=CARTESIAN_POINT('',(-2.538075023394E1,7.965101378046E0,2.131689366169E2));
#1222=CARTESIAN_POINT('',(-2.550075439386E1,8.054008386700E0,2.131584376133E2));
#1223=CARTESIAN_POINT('',(-2.562700799392E1,8.133644239432E0,2.131473918546E2));
#1224=CARTESIAN_POINT('',(-2.575885875977E1,8.203600230354E0,2.131358564073E2));
#1225=CARTESIAN_POINT('',(-2.589556335433E1,8.263474641503E0,2.131238963050E2));
#1226=CARTESIAN_POINT('',(-2.603633782292E1,8.312923330790E0,2.131115801349E2));
#1227=CARTESIAN_POINT('',(-2.618037162538E1,8.351665392129E0,2.130989788100E2));
#1228=CARTESIAN_POINT('',(-2.632686902717E1,8.379496107337E0,2.130861619481E2));
#1229=CARTESIAN_POINT('',(-2.647511969666E1,8.396267146204E0,2.130731916952E2));
#1230=CARTESIAN_POINT('',(-2.657437464640E1,8.399993583622E0,2.130645080123E2));
#1231=CARTESIAN_POINT('',(-2.662416972004E1,8.400000000008E0,2.130601515079E2));
#1233=DIRECTION('',(0.E0,-1.E0,0.E0));
#1234=VECTOR('',#1233,3.3E1);
#1235=CARTESIAN_POINT('',(-2.463178032386E1,6.400000000008E0,2.132344629934E2));
#1236=LINE('',#1235,#1234);
#1237=CARTESIAN_POINT('',(-2.662416972004E1,-2.859999999999E1,
2.130601515079E2));
#1238=CARTESIAN_POINT('',(-2.657437355364E1,-2.859999351359E1,
2.130645081079E2));
#1239=CARTESIAN_POINT('',(-2.647511726016E1,-2.859626699958E1,
2.130731919084E2));
#1240=CARTESIAN_POINT('',(-2.632686791373E1,-2.857949587656E1,
2.130861620456E2));
#1241=CARTESIAN_POINT('',(-2.618037273369E1,-2.855166558674E1,
2.130989787131E2));
#1242=CARTESIAN_POINT('',(-2.603634057705E1,-2.851292417481E1,
2.131115798940E2));
#1243=CARTESIAN_POINT('',(-2.589556532806E1,-2.846347543636E1,
2.131238961324E2));
#1244=CARTESIAN_POINT('',(-2.575886288525E1,-2.840360202782E1,
2.131358560464E2));
#1245=CARTESIAN_POINT('',(-2.562702292356E1,-2.833365240413E1,
2.131473905484E2));
#1246=CARTESIAN_POINT('',(-2.550078547851E1,-2.825402894908E1,
2.131584348938E2));
#1247=CARTESIAN_POINT('',(-2.538079934358E1,-2.816513988962E1,
2.131689323204E2));
#1248=CARTESIAN_POINT('',(-2.526776612419E1,-2.806749871813E1,
2.131788214457E2));
#1249=CARTESIAN_POINT('',(-2.516231108E1,-2.796164563748E1,2.131880475665E2));
#1250=CARTESIAN_POINT('',(-2.506502402526E1,-2.784816914652E1,
2.131965590809E2));
#1251=CARTESIAN_POINT('',(-2.497645533462E1,-2.772770659021E1,
2.132043078373E2));
#1252=CARTESIAN_POINT('',(-2.489712252035E1,-2.760097072191E1,
2.132112485592E2));
#1253=CARTESIAN_POINT('',(-2.482743273310E1,-2.746861630756E1,
2.132173456256E2));
#1254=CARTESIAN_POINT('',(-2.476778616216E1,-2.733138952366E1,
2.132225640243E2));
#1255=CARTESIAN_POINT('',(-2.471852564006E1,-2.719007731946E1,
2.132268737616E2));
#1256=CARTESIAN_POINT('',(-2.467993100396E1,-2.704549333128E1,
2.132302503547E2));
#1257=CARTESIAN_POINT('',(-2.465220619303E1,-2.689843633322E1,
2.132326759614E2));
#1258=CARTESIAN_POINT('',(-2.463549897303E1,-2.674961937025E1,
2.132341376537E2));
#1259=CARTESIAN_POINT('',(-2.463178671583E1,-2.664998528273E1,
2.132344624341E2));
#1260=CARTESIAN_POINT('',(-2.463178032386E1,-2.659999999999E1,
2.132344629934E2));
#1262=DIRECTION('',(-9.961946980917E-1,0.E0,-8.715574274762E-2));
#1263=VECTOR('',#1262,3.5E1);
#1264=CARTESIAN_POINT('',(-2.662416972004E1,-2.859999999999E1,
2.130601515079E2));
#1265=LINE('',#1264,#1263);
#1266=CARTESIAN_POINT('',(-6.348337354944E1,-2.659999999999E1,
2.098353890262E2));
#1267=CARTESIAN_POINT('',(-6.348336708772E1,-2.664998637966E1,
2.098353895915E2));
#1268=CARTESIAN_POINT('',(-6.347965475422E1,-2.674962181606E1,
2.098357143786E2));
#1269=CARTESIAN_POINT('',(-6.346294745039E1,-2.689843745091E1,
2.098371760783E2));
#1270=CARTESIAN_POINT('',(-6.343522306322E1,-2.704549221874E1,
2.098396016479E2));
#1271=CARTESIAN_POINT('',(-6.339662907406E1,-2.719007455482E1,
2.098429781844E2));
#1272=CARTESIAN_POINT('',(-6.334736850299E1,-2.733138754239E1,
2.098472879259E2));
#1273=CARTESIAN_POINT('',(-6.328772293084E1,-2.746861216632E1,
2.098525062373E2));
#1274=CARTESIAN_POINT('',(-6.321803948659E1,-2.760095573526E1,
2.098586027487E2));
#1275=CARTESIAN_POINT('',(-6.313871902283E1,-2.772767538683E1,
2.098655423901E2));
#1276=CARTESIAN_POINT('',(-6.305016821307E1,-2.784811984930E1,
2.098732895821E2));
#1277=CARTESIAN_POINT('',(-6.295289859572E1,-2.796158483723E1,
2.098817995709E2));
#1278=CARTESIAN_POINT('',(-6.284744831800E1,-2.806744270256E1,
2.098910252748E2));
#1279=CARTESIAN_POINT('',(-6.273440363935E1,-2.816510137804E1,
2.099009154027E2));
#1280=CARTESIAN_POINT('',(-6.261439947943E1,-2.825400838669E1,
2.099114144062E2));
#1281=CARTESIAN_POINT('',(-6.248814587938E1,-2.833364423942E1,
2.099224601650E2));
#1282=CARTESIAN_POINT('',(-6.235629511352E1,-2.840360023034E1,
2.099339956122E2));
#1283=CARTESIAN_POINT('',(-6.221959051896E1,-2.846347464149E1,
2.099459557145E2));
#1284=CARTESIAN_POINT('',(-6.207881605037E1,-2.851292333077E1,
2.099582718846E2));
#1285=CARTESIAN_POINT('',(-6.193478224792E1,-2.855166539211E1,
2.099708732095E2));
#1286=CARTESIAN_POINT('',(-6.178828484613E1,-2.857949610732E1,
2.099836900714E2));
#1287=CARTESIAN_POINT('',(-6.164003417664E1,-2.859626714619E1,
2.099966603244E2));
#1288=CARTESIAN_POINT('',(-6.154077922690E1,-2.859999358361E1,
2.100053440073E2));
#1289=CARTESIAN_POINT('',(-6.149098415325E1,-2.859999999999E1,
2.100097005117E2));
#1291=CARTESIAN_POINT('',(-6.149098415325E1,8.400000000008E0,2.100097005117E2));
#1292=CARTESIAN_POINT('',(-6.154078031966E1,8.399993513606E0,2.100053439116E2));
#1293=CARTESIAN_POINT('',(-6.164003661314E1,8.396266999598E0,2.099966601112E2));
#1294=CARTESIAN_POINT('',(-6.178828595956E1,8.379495876581E0,2.099836899740E2));
#1295=CARTESIAN_POINT('',(-6.193478113960E1,8.351665586754E0,2.099708733065E2));
#1296=CARTESIAN_POINT('',(-6.207881329625E1,8.312924174830E0,2.099582721256E2));
#1297=CARTESIAN_POINT('',(-6.221958854524E1,8.263475436378E0,2.099459558872E2));
#1298=CARTESIAN_POINT('',(-6.235629098804E1,8.203602027834E0,2.099339959732E2));
#1299=CARTESIAN_POINT('',(-6.248813094974E1,8.133652404147E0,2.099224614711E2));
#1300=CARTESIAN_POINT('',(-6.261436839479E1,8.054028949101E0,2.099114171258E2));
#1301=CARTESIAN_POINT('',(-6.273435452971E1,7.965139889638E0,2.099009196992E2));
#1302=CARTESIAN_POINT('',(-6.284738774910E1,7.867498718147E0,2.098910305739E2));
#1303=CARTESIAN_POINT('',(-6.295284279330E1,7.761645637503E0,2.098818044530E2));
#1304=CARTESIAN_POINT('',(-6.305012984803E1,7.648169146541E0,2.098732929386E2));
#1305=CARTESIAN_POINT('',(-6.313869853868E1,7.527706590233E0,2.098655441822E2));
#1306=CARTESIAN_POINT('',(-6.321803135295E1,7.400970721932E0,2.098586034603E2));
#1307=CARTESIAN_POINT('',(-6.328772114020E1,7.268616307572E0,2.098525063940E2));
#1308=CARTESIAN_POINT('',(-6.334736771114E1,7.131389523671E0,2.098472879952E2));
#1309=CARTESIAN_POINT('',(-6.339662823324E1,6.990077319477E0,2.098429782580E2));
#1310=CARTESIAN_POINT('',(-6.343522286933E1,6.845493331295E0,2.098396016649E2));
#1311=CARTESIAN_POINT('',(-6.346294768027E1,6.698436333232E0,2.098371760582E2));
#1312=CARTESIAN_POINT('',(-6.347965490027E1,6.549619370265E0,2.098357143658E2));
#1313=CARTESIAN_POINT('',(-6.348336715747E1,6.449985282743E0,2.098353895854E2));
#1314=CARTESIAN_POINT('',(-6.348337354944E1,6.400000000008E0,2.098353890262E2));
#1316=CARTESIAN_POINT('',(-1.864939827657E1,-2.909999999999E1,
2.132559436846E2));
#1317=DIRECTION('',(3.090169943749E-1,0.E0,-9.510565162952E-1));
#1318=DIRECTION('',(3.342705942482E-1,-9.361980553228E-1,1.086110999427E-1));
#1319=AXIS2_PLACEMENT_3D('',#1316,#1317,#1318);
#1321=CARTESIAN_POINT('',(-1.864939827657E1,-2.909999999999E1,
2.132559436846E2));
#1322=DIRECTION('',(9.961946980917E-1,0.E0,8.715574274762E-2));
#1323=DIRECTION('',(-8.715574274762E-2,0.E0,9.961946980917E-1));
#1324=AXIS2_PLACEMENT_3D('',#1321,#1322,#1323);
#1326=CARTESIAN_POINT('',(-1.864939827657E1,-2.909999999999E1,
2.132559436846E2));
#1327=DIRECTION('',(0.E0,1.E0,0.E0));
#1328=DIRECTION('',(-8.715574274762E-2,0.E0,9.961946980917E-1));
#1329=AXIS2_PLACEMENT_3D('',#1326,#1327,#1328);
#1331=DIRECTION('',(3.090169943749E-1,0.E0,-9.510565162952E-1));
#1332=VECTOR('',#1331,1.231585455434E1);
#1333=CARTESIAN_POINT('',(-1.817387001843E1,-2.909999999999E1,
2.134104521818E2));
#1334=LINE('',#1333,#1332);
#1335=CARTESIAN_POINT('',(-1.864939827657E1,-2.909999999999E1,
2.132559436846E2));
#1336=DIRECTION('',(9.206969002458E-1,2.997387007411E-1,-2.499478528728E-1));
#1337=DIRECTION('',(3.902783851018E-1,-7.071067811865E-1,5.896463195191E-1));
#1338=AXIS2_PLACEMENT_3D('',#1335,#1336,#1337);
#1340=CARTESIAN_POINT('',(-1.864939827657E1,-2.909999999999E1,
2.132559436846E2));
#1341=DIRECTION('',(-9.206969002458E-1,-2.997387007411E-1,2.499478528729E-1));
#1342=DIRECTION('',(3.902783851018E-1,-7.071067811865E-1,5.896463195191E-1));
#1343=AXIS2_PLACEMENT_3D('',#1340,#1341,#1342);
#1345=CARTESIAN_POINT('',(-1.864939827657E1,-2.909999999999E1,
2.132559436846E2));
#1346=DIRECTION('',(0.E0,1.E0,0.E0));
#1347=DIRECTION('',(2.619939860912E-1,0.E0,9.650695059176E-1));
#1348=AXIS2_PLACEMENT_3D('',#1345,#1346,#1347);
#1350=CARTESIAN_POINT('',(-1.864939827657E1,-2.909999999999E1,
2.132559436846E2));
#1351=DIRECTION('',(3.090169943749E-1,0.E0,-9.510565162952E-1));
#1352=DIRECTION('',(9.510565162952E-1,0.E0,3.090169943749E-1));
#1353=AXIS2_PLACEMENT_3D('',#1350,#1351,#1352);
#1355=CARTESIAN_POINT('',(-1.484358991903E1,1.199E2,2.015428699570E2));
#1356=DIRECTION('',(2.703280953846E-1,1.960496144133E-1,9.425960266913E-1));
#1357=DIRECTION('',(7.630527543677E-1,5.533875347223E-1,-3.339352189660E-1));
#1358=AXIS2_PLACEMENT_3D('',#1355,#1356,#1357);
#1360=CARTESIAN_POINT('',(-1.484358991903E1,1.199E2,2.015428699570E2));
#1361=DIRECTION('',(-2.703280953844E-1,-1.960496144135E-1,-9.425960266913E-1));
#1362=DIRECTION('',(7.630527543677E-1,5.533875347223E-1,-3.339352189660E-1));
#1363=AXIS2_PLACEMENT_3D('',#1360,#1361,#1362);
#1365=CARTESIAN_POINT('',(-1.484358991903E1,1.199E2,2.015428699570E2));
#1366=DIRECTION('',(0.E0,1.E0,0.E0));
#1367=DIRECTION('',(9.510565162952E-1,0.E0,3.090169943749E-1));
#1368=AXIS2_PLACEMENT_3D('',#1365,#1366,#1367);
#1370=CARTESIAN_POINT('',(-1.484358991903E1,1.199E2,2.015428699570E2));
#1371=DIRECTION('',(3.090169943749E-1,0.E0,-9.510565162952E-1));
#1372=DIRECTION('',(0.E0,1.E0,0.E0));
#1373=AXIS2_PLACEMENT_3D('',#1370,#1371,#1372);
#1375=CARTESIAN_POINT('',(-1.484358991903E1,1.199E2,2.015428699570E2));
#1376=DIRECTION('',(9.961946980917E-1,0.E0,8.715574274766E-2));
#1377=DIRECTION('',(1.825116698186E-2,9.778282132595E-1,-2.086117931890E-1));
#1378=AXIS2_PLACEMENT_3D('',#1375,#1376,#1377);
#1380=CARTESIAN_POINT('',(-1.484358991903E1,1.199E2,2.015428699570E2));
#1381=DIRECTION('',(0.E0,1.E0,0.E0));
#1382=DIRECTION('',(9.612500671325E-1,0.E0,-2.756779070543E-1));
#1383=AXIS2_PLACEMENT_3D('',#1380,#1381,#1382);
#1385=CARTESIAN_POINT('',(-1.484358991903E1,1.199E2,2.015428699570E2));
#1386=DIRECTION('',(9.961946980917E-1,0.E0,8.715574274766E-2));
#1387=DIRECTION('',(8.715574274766E-2,0.E0,-9.961946980917E-1));
#1388=AXIS2_PLACEMENT_3D('',#1385,#1386,#1387);
#1390=DIRECTION('',(9.961946980917E-1,0.E0,8.715574274766E-2));
#1391=VECTOR('',#1390,8.146036708208E0);
#1392=CARTESIAN_POINT('',(-2.295862849821E1,1.204E2,2.008328960772E2));
#1393=LINE('',#1392,#1391);
#1394=DIRECTION('',(9.961946980917E-1,0.E0,8.715574274766E-2));
#1395=VECTOR('',#1394,8.146036708208E0);
#1396=CARTESIAN_POINT('',(-2.291505062684E1,1.199E2,2.003347987282E2));
#1397=LINE('',#1396,#1395);
#1398=CARTESIAN_POINT('',(-2.335082934057E1,1.199E2,2.053157722186E2));
#1399=DIRECTION('',(0.E0,1.E0,0.E0));
#1400=DIRECTION('',(8.715574274766E-2,0.E0,-9.961946980917E-1));
#1401=AXIS2_PLACEMENT_3D('',#1398,#1399,#1400);
#1403=CARTESIAN_POINT('',(-2.295862849821E1,1.199E2,2.008328960772E2));
#1404=DIRECTION('',(-9.961946980917E-1,0.E0,-8.715574274766E-2));
#1405=DIRECTION('',(0.E0,1.E0,5.684341886081E-14));
#1406=AXIS2_PLACEMENT_3D('',#1403,#1404,#1405);
#1408=CARTESIAN_POINT('',(-2.573546602962E1,1.199E2,2.014995557859E2));
#1409=DIRECTION('',(8.480480961564E-1,0.E0,-5.299192642332E-1));
#1410=DIRECTION('',(-5.299192642332E-1,0.E0,-8.480480961564E-1));
#1411=AXIS2_PLACEMENT_3D('',#1408,#1409,#1410);
#1413=DIRECTION('',(0.E0,1.E0,0.E0));
#1414=VECTOR('',#1413,8.E-1);
#1415=CARTESIAN_POINT('',(-2.291505062684E1,1.191E2,2.003347987282E2));
#1416=LINE('',#1415,#1414);
#1417=DIRECTION('',(0.E0,1.E0,0.E0));
#1418=VECTOR('',#1417,8.E-1);
#1419=CARTESIAN_POINT('',(-2.600042566174E1,1.191E2,2.010755317378E2));
#1420=LINE('',#1419,#1418);
#1421=CARTESIAN_POINT('',(-2.335082934057E1,1.191E2,2.053157722186E2));
#1422=DIRECTION('',(0.E0,1.E0,0.E0));
#1423=DIRECTION('',(8.715574274766E-2,0.E0,-9.961946980917E-1));
#1424=AXIS2_PLACEMENT_3D('',#1421,#1422,#1423);
#1426=CARTESIAN_POINT('',(-2.573546602962E1,1.191E2,2.014995557859E2));
#1427=DIRECTION('',(-8.480480961564E-1,0.E0,5.299192642332E-1));
#1428=DIRECTION('',(-5.299192642332E-1,0.E0,-8.480480961564E-1));
#1429=AXIS2_PLACEMENT_3D('',#1426,#1427,#1428);
#1431=CARTESIAN_POINT('',(-2.295862849821E1,1.191E2,2.008328960772E2));
#1432=DIRECTION('',(-9.961946980917E-1,0.E0,-8.715574274766E-2));
#1433=DIRECTION('',(8.715574274766E-2,0.E0,-9.961946980917E-1));
#1434=AXIS2_PLACEMENT_3D('',#1431,#1432,#1433);
#1436=DIRECTION('',(-8.480480961564E-1,0.E0,5.299192642332E-1));
#1437=VECTOR('',#1436,5.759390540034E0);
#1438=CARTESIAN_POINT('',(-2.600042566174E1,1.191E2,2.010755317378E2));
#1439=LINE('',#1438,#1437);
#1440=CARTESIAN_POINT('',(-5.476779927461E1,1.186E2,1.102159192170E2));
#1441=DIRECTION('',(0.E0,1.E0,0.E0));
#1442=DIRECTION('',(-2.249510550931E-1,0.E0,9.743700646123E-1));
#1443=AXIS2_PLACEMENT_3D('',#1440,#1441,#1442);
#1445=DIRECTION('',(-9.743700646123E-1,0.E0,-2.249510550931E-1));
#1446=VECTOR('',#1445,4.138720495421E1);
#1447=CARTESIAN_POINT('',(-7.636310056355E1,1.186E2,2.037554454198E2));
#1448=LINE('',#1447,#1446);
#1449=DIRECTION('',(9.743700646123E-1,0.E0,2.249510550931E-1));
#1450=VECTOR('',#1449,4.114828553418E1);
#1451=CARTESIAN_POINT('',(-1.168391749918E2,1.186E2,1.961555242835E2));
#1452=LINE('',#1451,#1450);
#1453=CARTESIAN_POINT('',(-5.476779927457E1,1.186E2,1.102159192171E2));
#1454=DIRECTION('',(0.E0,-1.E0,0.E0));
#1455=DIRECTION('',(-8.715574274765E-2,0.E0,9.961946980917E-1));
#1456=AXIS2_PLACEMENT_3D('',#1453,#1454,#1455);
#1458=DIRECTION('',(3.090169943749E-1,0.E0,-9.510565162952E-1));
#1459=VECTOR('',#1458,1.018622329756E1);
#1460=CARTESIAN_POINT('',(-1.940765486137E1,1.186E2,2.113827291218E2));
#1461=LINE('',#1460,#1459);
#1462=CARTESIAN_POINT('',(-1.530888223763E1,1.186E2,2.020040720726E2));
#1463=DIRECTION('',(0.E0,1.E0,0.E0));
#1464=DIRECTION('',(-8.191520442890E-1,0.E0,-5.735764363510E-1));
#1465=AXIS2_PLACEMENT_3D('',#1462,#1463,#1464);
#1467=CARTESIAN_POINT('',(-2.335082934057E1,1.186E2,2.053157722186E2));
#1468=DIRECTION('',(0.E0,1.E0,0.E0));
#1469=DIRECTION('',(8.715574274754E-2,0.E0,-9.961946980918E-1));
#1470=AXIS2_PLACEMENT_3D('',#1467,#1468,#1469);
#1472=DIRECTION('',(-8.480480961564E-1,0.E0,5.299192642332E-1));
#1473=VECTOR('',#1472,5.759390540035E0);
#1474=CARTESIAN_POINT('',(-2.573546602962E1,1.186E2,2.014995557859E2));
#1475=LINE('',#1474,#1473);
#1476=CARTESIAN_POINT('',(-4.148305112890E1,1.186E2,1.871665818121E2));
#1477=DIRECTION('',(0.E0,-1.E0,0.E0));
#1478=DIRECTION('',(5.299192642333E-1,0.E0,8.480480961564E-1));
#1479=AXIS2_PLACEMENT_3D('',#1476,#1477,#1478);
#1481=DIRECTION('',(9.961946980917E-1,0.E0,8.715574274761E-2));
#1482=VECTOR('',#1481,1.994088782163E1);
#1483=CARTESIAN_POINT('',(-6.309117270700E1,1.191E2,2.053525128848E2));
#1484=LINE('',#1483,#1482);
#1485=DIRECTION('',(9.961946980917E-1,0.E0,8.715574274763E-2));
#1486=VECTOR('',#1485,1.994088782163E1);
#1487=CARTESIAN_POINT('',(-6.313475057839E1,1.186E2,2.058506102338E2));
#1488=LINE('',#1487,#1486);
#1489=DIRECTION('',(0.E0,-1.E0,0.E0));
#1490=VECTOR('',#1489,8.E-1);
#1491=CARTESIAN_POINT('',(-3.088466584424E1,1.199E2,2.041275437352E2));
#1492=LINE('',#1491,#1490);
#1493=DIRECTION('',(0.E0,-1.E0,0.E0));
#1494=VECTOR('',#1493,8.E-1);
#1495=CARTESIAN_POINT('',(-4.322616598385E1,1.199E2,2.070904757739E2));
#1496=LINE('',#1495,#1494);
#1497=CARTESIAN_POINT('',(-4.148305112890E1,1.191E2,1.871665818121E2));
#1498=DIRECTION('',(0.E0,-1.E0,0.E0));
#1499=DIRECTION('',(5.299192642332E-1,0.E0,8.480480961564E-1));
#1500=AXIS2_PLACEMENT_3D('',#1497,#1498,#1499);
#1502=CARTESIAN_POINT('',(-4.326974385523E1,1.191E2,2.075885731230E2));
#1503=DIRECTION('',(9.961946980917E-1,0.E0,8.715574274761E-2));
#1504=DIRECTION('',(0.E0,-1.E0,-5.684341886081E-14));
#1505=AXIS2_PLACEMENT_3D('',#1502,#1503,#1504);
#1507=CARTESIAN_POINT('',(-3.061970621212E1,1.191E2,2.045515677833E2));
#1508=DIRECTION('',(-8.480480961564E-1,0.E0,5.299192642332E-1));
#1509=DIRECTION('',(-5.299192642332E-1,0.E0,-8.480480961564E-1));
#1510=AXIS2_PLACEMENT_3D('',#1507,#1508,#1509);
#1512=DIRECTION('',(8.480480961564E-1,0.E0,-5.299192642332E-1));
#1513=VECTOR('',#1512,5.759390540034E0);
#1514=CARTESIAN_POINT('',(-3.088466584424E1,1.199E2,2.041275437352E2));
#1515=LINE('',#1514,#1513);
#1516=CARTESIAN_POINT('',(-4.148305112890E1,1.199E2,1.871665818121E2));
#1517=DIRECTION('',(0.E0,-1.E0,0.E0));
#1518=DIRECTION('',(5.299192642332E-1,0.E0,8.480480961564E-1));
#1519=AXIS2_PLACEMENT_3D('',#1516,#1517,#1518);
#1521=CARTESIAN_POINT('',(-3.061970621212E1,1.199E2,2.045515677833E2));
#1522=DIRECTION('',(-8.480480961564E-1,0.E0,5.299192642332E-1));
#1523=DIRECTION('',(2.842170943040E-14,1.E0,5.684341886081E-14));
#1524=AXIS2_PLACEMENT_3D('',#1521,#1522,#1523);
#1526=CARTESIAN_POINT('',(-4.326974385523E1,1.199E2,2.075885731230E2));
#1527=DIRECTION('',(-9.961946980917E-1,0.E0,-8.715574274761E-2));
#1528=DIRECTION('',(0.E0,1.E0,0.E0));
#1529=AXIS2_PLACEMENT_3D('',#1526,#1527,#1528);
#1531=DIRECTION('',(0.E0,1.E0,3.552713678801E-14));
#1532=VECTOR('',#1531,8.E-1);
#1533=CARTESIAN_POINT('',(-6.309117270700E1,1.191E2,2.053525128848E2));
#1534=LINE('',#1533,#1532);
#1535=DIRECTION('',(-1.776356839400E-14,1.E0,0.E0));
#1536=VECTOR('',#1535,8.E-1);
#1537=CARTESIAN_POINT('',(-7.625062503600E1,1.191E2,2.032682603875E2));
#1538=LINE('',#1537,#1536);
#1539=CARTESIAN_POINT('',(-5.476779927461E1,1.191E2,1.102159192170E2));
#1540=DIRECTION('',(0.E0,1.E0,0.E0));
#1541=DIRECTION('',(-2.249510550931E-1,0.E0,9.743700646123E-1));
#1542=AXIS2_PLACEMENT_3D('',#1539,#1540,#1541);
#1544=CARTESIAN_POINT('',(-7.636310056355E1,1.191E2,2.037554454198E2));
#1545=DIRECTION('',(-9.743700646123E-1,0.E0,-2.249510550931E-1));
#1546=DIRECTION('',(2.249510550931E-1,0.E0,-9.743700646123E-1));
#1547=AXIS2_PLACEMENT_3D('',#1544,#1545,#1546);
#1549=CARTESIAN_POINT('',(-6.313475057838E1,1.191E2,2.058506102339E2));
#1550=DIRECTION('',(9.961946980917E-1,0.E0,8.715574274761E-2));
#1551=DIRECTION('',(0.E0,-1.E0,-5.684341886081E-14));
#1552=AXIS2_PLACEMENT_3D('',#1549,#1550,#1551);
#1554=DIRECTION('',(8.715574289611E-2,0.E0,-9.961946980788E-1));
#1555=VECTOR('',#1554,1.716706873429E0);
#1556=CARTESIAN_POINT('',(-1.168391749918E2,1.186E2,1.961555242835E2));
#1557=LINE('',#1556,#1555);
#1558=CARTESIAN_POINT('',(-1.166895541289E2,1.186E2,1.944453499980E2));
#1559=CARTESIAN_POINT('',(-1.172184801450E2,1.186000000056E2,1.943185524682E2));
#1560=CARTESIAN_POINT('',(-1.182750136005E2,1.184946401596E2,1.940652725725E2));
#1561=CARTESIAN_POINT('',(-1.198135081357E2,1.180176441025E2,1.936964552815E2));
#1562=CARTESIAN_POINT('',(-1.212187712252E2,1.172479843296E2,1.933595761624E2));
#1563=CARTESIAN_POINT('',(-1.220428595040E2,1.165555811181E2,1.931620213597E2));
#1564=CARTESIAN_POINT('',(-1.224196896023E2,1.161683441426E2,1.930716852372E2));
#1566=DIRECTION('',(8.715574274348E-2,1.996063520524E-11,-9.961946980921E-1));
#1567=VECTOR('',#1566,1.786979470763E0);
#1568=CARTESIAN_POINT('',(-1.249075302007E2,1.104E2,1.942927977045E2));
#1569=LINE('',#1568,#1567);
#1570=CARTESIAN_POINT('',(-1.168391749918E2,1.186E2,1.961555242835E2));
#1571=CARTESIAN_POINT('',(-1.171737206113E2,1.186E2,1.960782883412E2));
#1572=CARTESIAN_POINT('',(-1.178023523762E2,1.185584762754E2,1.959331572622E2));
#1573=CARTESIAN_POINT('',(-1.189403025223E2,1.183529770104E2,1.956704407695E2));
#1574=CARTESIAN_POINT('',(-1.201853408362E2,1.179140372283E2,1.953830010251E2));
#1575=CARTESIAN_POINT('',(-1.214675640044E2,1.171699148712E2,1.950869764806E2));
#1576=CARTESIAN_POINT('',(-1.225655067791E2,1.162366647893E2,1.948334964173E2));
#1577=CARTESIAN_POINT('',(-1.234875309332E2,1.151228687044E2,1.946206303679E2));
#1578=CARTESIAN_POINT('',(-1.242245877127E2,1.138192398430E2,1.944504674019E2));
#1579=CARTESIAN_POINT('',(-1.246608913986E2,1.125502923899E2,1.943497387588E2));
#1580=CARTESIAN_POINT('',(-1.248659005594E2,1.113873119592E2,1.943024086645E2));
#1581=CARTESIAN_POINT('',(-1.249075302007E2,1.107433455438E2,1.942927977045E2));
#1582=CARTESIAN_POINT('',(-1.249075302007E2,1.104000000001E2,1.942927977045E2));
#1584=DIRECTION('',(-9.961946980917E-1,0.E0,-8.715574274766E-2));
#1585=VECTOR('',#1584,6.856685976523E0);
#1586=CARTESIAN_POINT('',(-1.612803428192E1,1.186E2,2.014304956363E2));
#1587=LINE('',#1586,#1585);
#1588=CARTESIAN_POINT('',(-1.612803428192E1,1.186E2,2.014304956363E2));
#1589=CARTESIAN_POINT('',(-1.611697639955E1,1.186E2,2.014147033436E2));
#1590=CARTESIAN_POINT('',(-1.609327599882E1,1.186016803252E2,2.013828575279E2));
#1591=CARTESIAN_POINT('',(-1.605302446908E1,1.186094849523E2,2.013351663260E2));
#1592=CARTESIAN_POINT('',(-1.600745703138E1,1.186229173926E2,2.012876079008E2));
#1593=CARTESIAN_POINT('',(-1.595603994155E1,1.186424423047E2,2.012406403691E2));
#1594=CARTESIAN_POINT('',(-1.589878292051E1,1.186681591800E2,2.011953935002E2));
#1595=CARTESIAN_POINT('',(-1.583443506591E1,1.187007393858E2,2.011520876483E2));
#1596=CARTESIAN_POINT('',(-1.576372655307E1,1.187400166009E2,2.011122242084E2));
#1597=CARTESIAN_POINT('',(-1.568614150851E1,1.187862955696E2,2.010765822711E2));
#1598=CARTESIAN_POINT('',(-1.560192861051E1,1.188393257545E2,2.010465263380E2));
#1599=CARTESIAN_POINT('',(-1.551179644299E1,1.188985751945E2,2.010233595024E2));
#1600=CARTESIAN_POINT('',(-1.541723181275E1,1.189628232695E2,2.010083900687E2));
#1601=CARTESIAN_POINT('',(-1.532003295516E1,1.190304203462E2,2.010025438840E2));
#1602=CARTESIAN_POINT('',(-1.525460211708E1,1.190766646265E2,2.010050011303E2));
#1603=CARTESIAN_POINT('',(-1.522172649488E1,1.191E2,2.010078773745E2));
#1605=DIRECTION('',(-9.961946980917E-1,0.E0,-8.715574274766E-2));
#1606=VECTOR('',#1605,7.722711380307E0);
#1607=CARTESIAN_POINT('',(-1.522172649488E1,1.191E2,2.010078773745E2));
#1608=LINE('',#1607,#1606);
#1609=DIRECTION('',(0.E0,1.E0,0.E0));
#1610=VECTOR('',#1609,1.3E2);
#1611=CARTESIAN_POINT('',(-1.256108495729E2,-1.959999999999E1,
1.918725545976E2));
#1612=LINE('',#1611,#1610);
#1613=DIRECTION('',(0.E0,1.E0,0.E0));
#1614=VECTOR('',#1613,1.3E2);
#1615=CARTESIAN_POINT('',(-1.262105101331E2,-1.959999999999E1,
1.922472641040E2));
#1616=LINE('',#1615,#1614);
#1617=DIRECTION('',(0.E0,1.E0,0.E0));
#1618=VECTOR('',#1617,1.3E2);
#1619=CARTESIAN_POINT('',(-1.269978388233E2,-1.959999999999E1,
1.956575593307E2));
#1620=LINE('',#1619,#1618);
#1621=DIRECTION('',(0.E0,1.E0,0.E0));
#1622=VECTOR('',#1621,1.3E2);
#1623=CARTESIAN_POINT('',(-1.266231293182E2,-1.959999999999E1,
1.962572198890E2));
#1624=LINE('',#1623,#1622);
#1625=DIRECTION('',(2.249510543438E-1,0.E0,-9.743700647852E-1));
#1626=VECTOR('',#1625,3.5E0);
#1627=CARTESIAN_POINT('',(-1.269978388233E2,-1.959999999999E1,
1.956575593307E2));
#1628=LINE('',#1627,#1626);
#1629=CARTESIAN_POINT('',(-1.257233251016E2,-1.959999999999E1,
1.923597396347E2));
#1630=DIRECTION('',(0.E0,-1.E0,0.E0));
#1631=DIRECTION('',(-9.743700614984E-1,0.E0,-2.249510685808E-1));
#1632=AXIS2_PLACEMENT_3D('',#1629,#1630,#1631);
#1634=CARTESIAN_POINT('',(-1.164668094861E2,-1.959999999999E1,
1.944967746510E2));
#1635=DIRECTION('',(2.249510543438E-1,0.E0,-9.743700647852E-1));
#1636=DIRECTION('',(0.E0,-1.E0,0.E0));
#1637=AXIS2_PLACEMENT_3D('',#1634,#1635,#1636);
#1639=CARTESIAN_POINT('',(-1.164668094861E2,-2.909999999999E1,
1.944967746510E2));
#1640=DIRECTION('',(-9.743700647852E-1,0.E0,-2.249510543438E-1));
#1641=DIRECTION('',(2.249510543438E-1,0.E0,-9.743700647852E-1));
#1642=AXIS2_PLACEMENT_3D('',#1639,#1640,#1641);
#1644=DIRECTION('',(9.743700646123E-1,-3.113995493434E-12,2.249510550931E-1));
#1645=VECTOR('',#1644,4.115860120756E1);
#1646=CARTESIAN_POINT('',(-1.163543339540E2,-2.909999999986E1,
1.940095896197E2));
#1647=LINE('',#1646,#1645);
#1648=CARTESIAN_POINT('',(-5.476779927461E1,-2.909999999999E1,
1.102159192170E2));
#1649=DIRECTION('',(0.E0,1.E0,0.E0));
#1650=DIRECTION('',(-2.249510550931E-1,0.E0,9.743700646123E-1));
#1651=AXIS2_PLACEMENT_3D('',#1648,#1649,#1650);
#1653=CARTESIAN_POINT('',(-7.636310056355E1,-2.909999999999E1,
2.037554454198E2));
#1654=DIRECTION('',(9.743700646123E-1,0.E0,2.249510550931E-1));
#1655=DIRECTION('',(0.E0,-1.E0,-5.684341886081E-14));
#1656=AXIS2_PLACEMENT_3D('',#1653,#1654,#1655);
#1658=CARTESIAN_POINT('',(-6.313475057838E1,-2.909999999999E1,
2.058506102339E2));
#1659=DIRECTION('',(-9.961946980917E-1,0.E0,-8.715574274761E-2));
#1660=DIRECTION('',(8.715574274761E-2,0.E0,-9.961946980917E-1));
#1661=AXIS2_PLACEMENT_3D('',#1658,#1659,#1660);
#1663=DIRECTION('',(0.E0,1.E0,3.552713678800E-14));
#1664=VECTOR('',#1663,8.E-1);
#1665=CARTESIAN_POINT('',(-6.309117270700E1,-2.909999999999E1,
2.053525128848E2));
#1666=LINE('',#1665,#1664);
#1667=DIRECTION('',(-1.776356839400E-14,1.E0,0.E0));
#1668=VECTOR('',#1667,8.E-1);
#1669=CARTESIAN_POINT('',(-7.625062503600E1,-2.909999999999E1,
2.032682603875E2));
#1670=LINE('',#1669,#1668);
#1671=CARTESIAN_POINT('',(-2.956895972537E1,1.204E2,2.057757769031E2));
#1672=CARTESIAN_POINT('',(-2.878625212517E1,1.204E2,2.083031013407E2));
#1673=VERTEX_POINT('',#1671);
#1674=VERTEX_POINT('',#1672);
#1675=CARTESIAN_POINT('',(-2.956895972537E1,1.2065E2,2.057757769031E2));
#1676=CARTESIAN_POINT('',(-2.259559683873E1,1.2065E2,2.063858671024E2));
#1677=VERTEX_POINT('',#1675);
#1678=VERTEX_POINT('',#1676);
#1679=CARTESIAN_POINT('',(-2.595154466793E1,1.2065E2,2.045865299556E2));
#1680=CARTESIAN_POINT('',(-2.621301189617E1,1.2065E2,2.075751140499E2));
#1681=VERTEX_POINT('',#1679);
#1682=VERTEX_POINT('',#1680);
#1683=CARTESIAN_POINT('',(-2.595154466793E1,1.2145E2,2.045865299556E2));
#1684=CARTESIAN_POINT('',(-2.757657032919E1,1.2145E2,2.059500883886E2));
#1685=VERTEX_POINT('',#1683);
#1686=VERTEX_POINT('',#1684);
#1687=CARTESIAN_POINT('',(-2.727771191976E1,1.2175E2,2.059762351115E2));
#1688=CARTESIAN_POINT('',(-2.728227828205E1,1.2175E2,2.060808220028E2));
#1689=VERTEX_POINT('',#1687);
#1690=VERTEX_POINT('',#1688);
#1691=CARTESIAN_POINT('',(-6.313475057839E1,1.204E2,2.058506102338E2));
#1692=CARTESIAN_POINT('',(-4.326974385524E1,1.204E2,2.075885731230E2));
#1693=VERTEX_POINT('',#1691);
#1694=VERTEX_POINT('',#1692);
#1695=CARTESIAN_POINT('',(-7.636310056355E1,1.204E2,2.037554454198E2));
#1696=VERTEX_POINT('',#1695);
#1697=CARTESIAN_POINT('',(-6.309117270700E1,1.199E2,2.053525128848E2));
#1698=VERTEX_POINT('',#1697);
#1699=CARTESIAN_POINT('',(-4.322616598385E1,1.199E2,2.070904757739E2));
#1700=VERTEX_POINT('',#1699);
#1701=CARTESIAN_POINT('',(-3.061970621212E1,1.204E2,2.045515677833E2));
#1702=VERTEX_POINT('',#1701);
#1703=CARTESIAN_POINT('',(-3.088466584424E1,1.199E2,2.041275437352E2));
#1704=VERTEX_POINT('',#1703);
#1705=CARTESIAN_POINT('',(-3.088466584424E1,1.191E2,2.041275437352E2));
#1706=VERTEX_POINT('',#1705);
#1707=CARTESIAN_POINT('',(-2.600042566174E1,1.199E2,2.010755317378E2));
#1708=VERTEX_POINT('',#1707);
#1709=CARTESIAN_POINT('',(-2.573546602962E1,1.204E2,2.014995557859E2));
#1710=VERTEX_POINT('',#1709);
#1711=CARTESIAN_POINT('',(-2.295862849821E1,1.204E2,2.008328960772E2));
#1712=VERTEX_POINT('',#1711);
#1713=CARTESIAN_POINT('',(-2.291505062684E1,1.199E2,2.003347987282E2));
#1714=VERTEX_POINT('',#1713);
#1715=CARTESIAN_POINT('',(-2.291505062684E1,1.191E2,2.003347987282E2));
#1716=VERTEX_POINT('',#1715);
#1717=CARTESIAN_POINT('',(-1.480001204766E1,1.199E2,2.010447726079E2));
#1718=VERTEX_POINT('',#1717);
#1719=CARTESIAN_POINT('',(-1.484358991903E1,1.204E2,2.015428699570E2));
#1720=VERTEX_POINT('',#1719);
#1721=CARTESIAN_POINT('',(-1.483446433554E1,1.203889141066E2,2.014385640604E2));
#1722=VERTEX_POINT('',#1721);
#1723=CARTESIAN_POINT('',(-1.436806166088E1,1.199E2,2.016973784541E2));
#1724=VERTEX_POINT('',#1723);
#1725=CARTESIAN_POINT('',(-1.436296488547E1,1.199E2,2.014050310034E2));
#1726=VERTEX_POINT('',#1725);
#1727=CARTESIAN_POINT('',(-1.436806166088E1,-2.909999999999E1,
2.016973784541E2));
#1728=VERTEX_POINT('',#1727);
#1729=CARTESIAN_POINT('',(-1.817387001843E1,1.199E2,2.134104521818E2));
#1730=VERTEX_POINT('',#1729);
#1731=CARTESIAN_POINT('',(-1.817387001843E1,-2.909999999999E1,
2.134104521818E2));
#1732=VERTEX_POINT('',#1731);
#1733=CARTESIAN_POINT('',(-1.869297614795E1,1.199E2,2.137540410337E2));
#1734=VERTEX_POINT('',#1733);
#1735=CARTESIAN_POINT('',(-1.864939827657E1,1.204E2,2.132559436846E2));
#1736=CARTESIAN_POINT('',(-1.821588101644E1,1.201054792580E2,2.133968019811E2));
#1737=VERTEX_POINT('',#1735);
#1738=VERTEX_POINT('',#1736);
#1739=CARTESIAN_POINT('',(-1.869036745769E1,1.200703979969E2,2.137242235676E2));
#1740=VERTEX_POINT('',#1739);
#1741=CARTESIAN_POINT('',(-6.343979567809E1,1.204E2,2.093372916772E2));
#1742=VERTEX_POINT('',#1741);
#1743=CARTESIAN_POINT('',(-6.348337354944E1,1.199E2,2.098353890262E2));
#1744=VERTEX_POINT('',#1743);
#1745=CARTESIAN_POINT('',(-7.715042925642E1,1.204E2,2.071657406460E2));
#1746=VERTEX_POINT('',#1745);
#1747=CARTESIAN_POINT('',(-7.726290478399E1,1.199E2,2.076529256783E2));
#1748=VERTEX_POINT('',#1747);
#1749=CARTESIAN_POINT('',(-7.726290478399E1,-2.909999999999E1,
2.076529256783E2));
#1750=VERTEX_POINT('',#1749);
#1751=CARTESIAN_POINT('',(-6.348337354944E1,-2.909999999999E1,
2.098353890262E2));
#1752=VERTEX_POINT('',#1751);
#1753=CARTESIAN_POINT('',(-6.348337354944E1,-2.659999999999E1,
2.098353890262E2));
#1754=VERTEX_POINT('',#1753);
#1755=CARTESIAN_POINT('',(-1.869297614795E1,-2.909999999999E1,
2.137540410337E2));
#1756=VERTEX_POINT('',#1755);
#1757=CARTESIAN_POINT('',(-6.343979567806E1,-2.959999999999E1,
2.093372916772E2));
#1758=VERTEX_POINT('',#1757);
#1759=CARTESIAN_POINT('',(-7.715042925644E1,-2.959999999999E1,
2.071657406459E2));
#1760=VERTEX_POINT('',#1759);
#1761=CARTESIAN_POINT('',(-1.172541381763E2,-2.959999999999E1,
1.979070698777E2));
#1762=VERTEX_POINT('',#1761);
#1763=CARTESIAN_POINT('',(-1.164668094862E2,-2.959999999999E1,
1.944967746509E2));
#1764=VERTEX_POINT('',#1763);
#1765=CARTESIAN_POINT('',(-1.269978388242E2,-1.959999999999E1,
1.956575593343E2));
#1766=VERTEX_POINT('',#1765);
#1767=CARTESIAN_POINT('',(-1.173666137035E2,-2.909999999999E1,
1.983942549101E2));
#1768=VERTEX_POINT('',#1767);
#1769=CARTESIAN_POINT('',(-1.266231293193E2,-1.959999999999E1,
1.962572198937E2));
#1770=VERTEX_POINT('',#1769);
#1771=CARTESIAN_POINT('',(-1.173666137085E2,1.199000000001E2,1.983942549090E2));
#1772=VERTEX_POINT('',#1771);
#1773=CARTESIAN_POINT('',(-1.266231293193E2,1.104E2,1.962572198937E2));
#1774=VERTEX_POINT('',#1773);
#1775=CARTESIAN_POINT('',(-1.172541381763E2,1.204E2,1.979070698777E2));
#1776=VERTEX_POINT('',#1775);
#1777=CARTESIAN_POINT('',(-1.269978388242E2,1.104E2,1.956575593343E2));
#1778=VERTEX_POINT('',#1777);
#1779=CARTESIAN_POINT('',(-1.164668094862E2,1.204E2,1.944967746509E2));
#1780=VERTEX_POINT('',#1779);
#1781=CARTESIAN_POINT('',(-1.262105101340E2,1.104E2,1.922472641075E2));
#1782=VERTEX_POINT('',#1781);
#1783=CARTESIAN_POINT('',(-1.262105101331E2,-1.959999999999E1,
1.922472641040E2));
#1784=VERTEX_POINT('',#1783);
#1785=CARTESIAN_POINT('',(-1.256108495740E2,1.104E2,1.918725546024E2));
#1786=VERTEX_POINT('',#1785);
#1787=CARTESIAN_POINT('',(-1.163543339589E2,1.199E2,1.940095896186E2));
#1788=VERTEX_POINT('',#1787);
#1789=CARTESIAN_POINT('',(-7.625062503600E1,1.199E2,2.032682603875E2));
#1790=VERTEX_POINT('',#1789);
#1791=CARTESIAN_POINT('',(-7.625062503600E1,1.191E2,2.032682603875E2));
#1792=VERTEX_POINT('',#1791);
#1793=CARTESIAN_POINT('',(-6.309117270700E1,1.191E2,2.053525128848E2));
#1794=VERTEX_POINT('',#1793);
#1795=CARTESIAN_POINT('',(-4.322616598385E1,1.191E2,2.070904757739E2));
#1796=VERTEX_POINT('',#1795);
#1797=CARTESIAN_POINT('',(-3.061970621212E1,1.186E2,2.045515677833E2));
#1798=VERTEX_POINT('',#1797);
#1799=CARTESIAN_POINT('',(-2.600042566174E1,1.191E2,2.010755317378E2));
#1800=VERTEX_POINT('',#1799);
#1801=CARTESIAN_POINT('',(-2.573546602962E1,1.186E2,2.014995557859E2));
#1802=VERTEX_POINT('',#1801);
#1803=CARTESIAN_POINT('',(-2.295862849821E1,1.186E2,2.008328960772E2));
#1804=VERTEX_POINT('',#1803);
#1805=CARTESIAN_POINT('',(-1.522172649488E1,1.191E2,2.010078773745E2));
#1806=VERTEX_POINT('',#1805);
#1807=VERTEX_POINT('',#1588);
#1808=CARTESIAN_POINT('',(-1.522172649488E1,-2.829999999999E1,
2.010078773745E2));
#1809=VERTEX_POINT('',#1808);
#1810=CARTESIAN_POINT('',(-2.291505062684E1,-2.829999999999E1,
2.003347987282E2));
#1811=VERTEX_POINT('',#1810);
#1812=CARTESIAN_POINT('',(-2.295862849821E1,-2.779999999999E1,
2.008328960772E2));
#1813=VERTEX_POINT('',#1812);
#1814=CARTESIAN_POINT('',(-2.600042566174E1,-2.829999999999E1,
2.010755317378E2));
#1815=VERTEX_POINT('',#1814);
#1816=CARTESIAN_POINT('',(-2.291505062684E1,-2.909999999999E1,
2.003347987282E2));
#1817=VERTEX_POINT('',#1816);
#1818=CARTESIAN_POINT('',(-2.600042566174E1,-2.909999999999E1,
2.010755317378E2));
#1819=VERTEX_POINT('',#1818);
#1820=CARTESIAN_POINT('',(-3.088466584424E1,-2.909999999999E1,
2.041275437352E2));
#1821=VERTEX_POINT('',#1820);
#1822=CARTESIAN_POINT('',(-2.573546602962E1,-2.959999999999E1,
2.014995557859E2));
#1823=VERTEX_POINT('',#1822);
#1824=CARTESIAN_POINT('',(-2.295862849821E1,-2.959999999999E1,
2.008328960772E2));
#1825=VERTEX_POINT('',#1824);
#1826=CARTESIAN_POINT('',(-1.484358991903E1,-2.959999999999E1,
2.015428699570E2));
#1827=VERTEX_POINT('',#1826);
#1828=CARTESIAN_POINT('',(-1.864939827657E1,-2.959999999999E1,
2.132559436846E2));
#1829=VERTEX_POINT('',#1828);
#1830=CARTESIAN_POINT('',(-1.848226297945E1,-2.956809902765E1,
2.133102492346E2));
#1831=VERTEX_POINT('',#1830);
#1832=CARTESIAN_POINT('',(-1.439047558430E1,-2.925169697334E1,
2.016900957290E2));
#1833=VERTEX_POINT('',#1832);
#1834=CARTESIAN_POINT('',(-1.480455906627E1,-2.932237210893E1,
2.010967452684E2));
#1835=VERTEX_POINT('',#1834);
#1836=CARTESIAN_POINT('',(-1.480001204766E1,-2.909999999999E1,
2.010447726079E2));
#1837=VERTEX_POINT('',#1836);
#1838=CARTESIAN_POINT('',(-1.851840128353E1,-2.909999999999E1,
2.137384784376E2));
#1839=VERTEX_POINT('',#1838);
#1840=CARTESIAN_POINT('',(-6.348337354944E1,6.400000000008E0,2.098353890262E2));
#1841=VERTEX_POINT('',#1840);
#1842=VERTEX_POINT('',#1291);
#1843=CARTESIAN_POINT('',(-2.662416972004E1,8.400000000008E0,2.130601515079E2));
#1844=VERTEX_POINT('',#1843);
#1845=VERTEX_POINT('',#1289);
#1846=CARTESIAN_POINT('',(-2.232741851104E1,-1.460000000016E1,
2.134360685287E2));
#1847=CARTESIAN_POINT('',(-2.232741851104E1,1.054000000002E2,2.134360685287E2));
#1848=VERTEX_POINT('',#1846);
#1849=VERTEX_POINT('',#1847);
#1850=CARTESIAN_POINT('',(-2.422803686053E1,-1.459999999997E1,
2.132697859694E2));
#1851=VERTEX_POINT('',#1850);
#1852=CARTESIAN_POINT('',(-2.422803686053E1,1.054E2,2.132697859694E2));
#1853=VERTEX_POINT('',#1852);
#1854=CARTESIAN_POINT('',(-2.662416972004E1,-2.859999999999E1,
2.130601515079E2));
#1855=VERTEX_POINT('',#1854);
#1856=VERTEX_POINT('',#1260);
#1857=CARTESIAN_POINT('',(-2.463178032386E1,6.400000000008E0,2.132344629934E2));
#1858=VERTEX_POINT('',#1857);
#1859=CARTESIAN_POINT('',(-2.380527863467E1,-2.959999999999E1,
2.087388800544E2));
#1860=CARTESIAN_POINT('',(-2.956895972537E1,-2.959999999999E1,
2.057757769031E2));
#1861=VERTEX_POINT('',#1859);
#1862=VERTEX_POINT('',#1860);
#1863=CARTESIAN_POINT('',(-2.259559683873E1,-2.974999999999E1,
2.063858671024E2));
#1864=CARTESIAN_POINT('',(-2.956895972537E1,-2.974999999999E1,
2.057757769031E2));
#1865=VERTEX_POINT('',#1863);
#1866=VERTEX_POINT('',#1864);
#1867=CARTESIAN_POINT('',(-2.595154466793E1,-2.974999999999E1,
2.045865299556E2));
#1868=CARTESIAN_POINT('',(-2.621301189617E1,-2.974999999999E1,
2.075751140499E2));
#1869=VERTEX_POINT('',#1867);
#1870=VERTEX_POINT('',#1868);
#1871=CARTESIAN_POINT('',(-2.595154466793E1,-3.064999999999E1,
2.045865299556E2));
#1872=CARTESIAN_POINT('',(-2.757657032919E1,-3.064999999999E1,
2.059500883886E2));
#1873=VERTEX_POINT('',#1871);
#1874=VERTEX_POINT('',#1872);
#1875=CARTESIAN_POINT('',(-2.727771191976E1,-3.094999999999E1,
2.059762351115E2));
#1876=CARTESIAN_POINT('',(-2.728227828205E1,-3.094999999999E1,
2.060808220028E2));
#1877=VERTEX_POINT('',#1875);
#1878=VERTEX_POINT('',#1876);
#1879=CARTESIAN_POINT('',(-2.041015519311E1,-2.959999999999E1,
2.100904379026E2));
#1880=CARTESIAN_POINT('',(-2.240254458930E1,-2.959999999999E1,
2.099161264171E2));
#1881=VERTEX_POINT('',#1879);
#1882=VERTEX_POINT('',#1880);
#1883=CARTESIAN_POINT('',(-2.176356403497E1,-3.024142135623E1,
2.099720299718E2));
#1884=CARTESIAN_POINT('',(-2.104913574744E1,-3.024142135623E1,
2.100345343478E2));
#1885=VERTEX_POINT('',#1883);
#1886=VERTEX_POINT('',#1884);
#1887=CARTESIAN_POINT('',(-2.162268082969E1,-3.029999999999E1,
2.099843556551E2));
#1888=CARTESIAN_POINT('',(-2.119001895272E1,-3.029999999999E1,
2.100222086645E2));
#1889=VERTEX_POINT('',#1887);
#1890=VERTEX_POINT('',#1888);
#1891=CARTESIAN_POINT('',(-4.326974385524E1,-2.959999999999E1,
2.075885731230E2));
#1892=CARTESIAN_POINT('',(-6.313475057839E1,-2.959999999999E1,
2.058506102338E2));
#1893=VERTEX_POINT('',#1891);
#1894=VERTEX_POINT('',#1892);
#1895=CARTESIAN_POINT('',(-3.061970621212E1,-2.959999999999E1,
2.045515677833E2));
#1896=VERTEX_POINT('',#1895);
#1897=CARTESIAN_POINT('',(-4.322616598385E1,-2.909999999999E1,
2.070904757739E2));
#1898=VERTEX_POINT('',#1897);
#1899=CARTESIAN_POINT('',(-4.322616598385E1,-2.829999999999E1,
2.070904757739E2));
#1900=VERTEX_POINT('',#1899);
#1901=CARTESIAN_POINT('',(-3.088466584424E1,-2.829999999999E1,
2.041275437352E2));
#1902=VERTEX_POINT('',#1901);
#1903=CARTESIAN_POINT('',(-3.061970621212E1,-2.779999999999E1,
2.045515677833E2));
#1904=VERTEX_POINT('',#1903);
#1905=CARTESIAN_POINT('',(-2.573546602962E1,-2.779999999999E1,
2.014995557859E2));
#1906=VERTEX_POINT('',#1905);
#1907=CARTESIAN_POINT('',(-4.326974385525E1,-2.779999999999E1,
2.075885731230E2));
#1908=VERTEX_POINT('',#1907);
#1909=CARTESIAN_POINT('',(-6.309117270700E1,-2.829999999999E1,
2.053525128848E2));
#1910=VERTEX_POINT('',#1909);
#1911=CARTESIAN_POINT('',(-6.313475057838E1,-2.779999999999E1,
2.058506102339E2));
#1912=VERTEX_POINT('',#1911);
#1913=CARTESIAN_POINT('',(-7.636310056355E1,-2.779999999999E1,
2.037554454198E2));
#1914=VERTEX_POINT('',#1913);
#1915=CARTESIAN_POINT('',(-7.625062503600E1,-2.829999999999E1,
2.032682603875E2));
#1916=VERTEX_POINT('',#1915);
#1917=CARTESIAN_POINT('',(-6.309117270700E1,-2.909999999999E1,
2.053525128848E2));
#1918=VERTEX_POINT('',#1917);
#1919=CARTESIAN_POINT('',(-7.636310056355E1,-2.959999999999E1,
2.037554454198E2));
#1920=VERTEX_POINT('',#1919);
#1921=CARTESIAN_POINT('',(-7.625062503600E1,-2.909999999999E1,
2.032682603875E2));
#1922=VERTEX_POINT('',#1921);
#1923=CARTESIAN_POINT('',(-1.163543339540E2,-2.909999999986E1,
1.940095896197E2));
#1924=VERTEX_POINT('',#1923);
#1925=CARTESIAN_POINT('',(-1.256108495740E2,-1.959999999999E1,
1.918725546024E2));
#1926=VERTEX_POINT('',#1925);
#1927=CARTESIAN_POINT('',(-1.165770786013E2,1.191E2,1.939581649657E2));
#1928=VERTEX_POINT('',#1927);
#1929=VERTEX_POINT('',#623);
#1930=VERTEX_POINT('',#640);
#1931=CARTESIAN_POINT('',(-1.251374066892E2,-1.960000000071E1,
1.919818574977E2));
#1932=VERTEX_POINT('',#1931);
#1933=VERTEX_POINT('',#696);
#1934=CARTESIAN_POINT('',(-1.165770786046E2,-2.829998857369E1,
1.939581649651E2));
#1935=VERTEX_POINT('',#1934);
#1936=CARTESIAN_POINT('',(-1.166895541292E2,-2.779999999999E1,
1.944453499980E2));
#1937=VERTEX_POINT('',#1936);
#1938=CARTESIAN_POINT('',(-1.247517848677E2,-1.959999999999E1,
1.925126204014E2));
#1939=VERTEX_POINT('',#1938);
#1940=VERTEX_POINT('',#708);
#1941=CARTESIAN_POINT('',(-1.249075302007E2,-1.960000000003E1,
1.942927977045E2));
#1942=VERTEX_POINT('',#1941);
#1943=CARTESIAN_POINT('',(-1.247517846777E2,1.104000000001E2,1.925126182301E2));
#1944=VERTEX_POINT('',#1943);
#1945=CARTESIAN_POINT('',(-1.166895541292E2,1.186E2,1.944453499980E2));
#1946=VERTEX_POINT('',#1945);
#1947=VERTEX_POINT('',#647);
#1948=CARTESIAN_POINT('',(-1.168391749918E2,1.186E2,1.961555242835E2));
#1949=VERTEX_POINT('',#1948);
#1950=VERTEX_POINT('',#1582);
#1951=CARTESIAN_POINT('',(-7.674551735717E1,1.186E2,2.054118745297E2));
#1952=VERTEX_POINT('',#1951);
#1953=CARTESIAN_POINT('',(-7.636310056355E1,1.186E2,2.037554454198E2));
#1954=VERTEX_POINT('',#1953);
#1955=CARTESIAN_POINT('',(-6.313475057838E1,1.186E2,2.058506102339E2));
#1956=VERTEX_POINT('',#1955);
#1957=CARTESIAN_POINT('',(-4.326974385523E1,1.186E2,2.075885731230E2));
#1958=VERTEX_POINT('',#1957);
#1959=CARTESIAN_POINT('',(-7.674551735717E1,-2.779999999999E1,
2.054118745297E2));
#1960=VERTEX_POINT('',#1959);
#1961=CARTESIAN_POINT('',(-1.168391749918E2,-2.779999999999E1,
1.961555242835E2));
#1962=VERTEX_POINT('',#1961);
#1963=CARTESIAN_POINT('',(-6.328291534102E1,-2.779999999999E1,
2.075441412206E2));
#1964=VERTEX_POINT('',#1963);
#1965=CARTESIAN_POINT('',(-6.328291534102E1,1.186E2,2.075441412206E2));
#1966=VERTEX_POINT('',#1965);
#1967=CARTESIAN_POINT('',(-1.940765486137E1,1.186E2,2.113827291218E2));
#1968=VERTEX_POINT('',#1967);
#1969=CARTESIAN_POINT('',(-1.940765486137E1,1.164E2,2.113827291218E2));
#1970=VERTEX_POINT('',#1969);
#1971=CARTESIAN_POINT('',(-1.625993875392E1,1.186E2,2.016950550782E2));
#1972=VERTEX_POINT('',#1971);
#1973=CARTESIAN_POINT('',(-1.625993875392E1,-2.779999999999E1,
2.016950550782E2));
#1974=VERTEX_POINT('',#1973);
#1975=CARTESIAN_POINT('',(-1.940765486137E1,-2.779999999999E1,
2.113827291218E2));
#1976=VERTEX_POINT('',#1975);
#1977=CARTESIAN_POINT('',(-1.612803428192E1,-2.779999999999E1,
2.014304956363E2));
#1978=VERTEX_POINT('',#1977);
#1979=CARTESIAN_POINT('',(-1.940765486137E1,-2.559999999999E1,
2.113827291218E2));
#1980=VERTEX_POINT('',#1979);
#1981=CARTESIAN_POINT('',(-1.631990613516E1,-2.559999999999E1,
2.018796157003E2));
#1982=VERTEX_POINT('',#1981);
#1983=CARTESIAN_POINT('',(-1.991885421677E1,-2.559999999999E1,
2.113380049734E2));
#1984=VERTEX_POINT('',#1983);
#1985=CARTESIAN_POINT('',(-1.706305096064E1,-2.559999999999E1,
2.025487463066E2));
#1986=VERTEX_POINT('',#1985);
#1987=CARTESIAN_POINT('',(-1.706305096064E1,-2.329999999999E1,
2.025487463066E2));
#1988=VERTEX_POINT('',#1987);
#1989=CARTESIAN_POINT('',(-1.631990613516E1,-2.329999999999E1,
2.018796157003E2));
#1990=VERTEX_POINT('',#1989);
#1991=CARTESIAN_POINT('',(-1.991885421677E1,-2.329999999999E1,
2.113380049734E2));
#1992=VERTEX_POINT('',#1991);
#1993=CARTESIAN_POINT('',(-1.940765486137E1,-2.329999999999E1,
2.113827291218E2));
#1994=VERTEX_POINT('',#1993);
#1995=CARTESIAN_POINT('',(-1.940765486137E1,4.440000000001E1,2.113827291218E2));
#1996=VERTEX_POINT('',#1995);
#1997=CARTESIAN_POINT('',(-1.627850570812E1,4.440000000001E1,2.017521982875E2));
#1998=VERTEX_POINT('',#1997);
#1999=CARTESIAN_POINT('',(-1.961213460353E1,4.440000000001E1,2.113648394625E2));
#2000=VERTEX_POINT('',#1999);
#2001=CARTESIAN_POINT('',(-1.646871701138E1,4.440000000001E1,2.016903948886E2));
#2002=VERTEX_POINT('',#2001);
#2003=CARTESIAN_POINT('',(-1.675403396627E1,4.470000000001E1,2.015976897903E2));
#2004=VERTEX_POINT('',#2003);
#2005=VERTEX_POINT('',#865);
#2006=CARTESIAN_POINT('',(-1.991885421677E1,4.610000000001E1,2.113380049734E2));
#2007=VERTEX_POINT('',#2006);
#2008=CARTESIAN_POINT('',(-1.991885421677E1,1.141E2,2.113380049734E2));
#2009=CARTESIAN_POINT('',(-1.991885421677E1,1.164E2,2.113380049734E2));
#2010=VERTEX_POINT('',#2008);
#2011=VERTEX_POINT('',#2009);
#2012=CARTESIAN_POINT('',(-1.706305096064E1,1.164E2,2.025487463066E2));
#2013=VERTEX_POINT('',#2012);
#2014=CARTESIAN_POINT('',(-1.706305096064E1,1.141E2,2.025487463066E2));
#2015=VERTEX_POINT('',#2014);
#2016=CARTESIAN_POINT('',(-1.631990613516E1,1.164E2,2.018796157003E2));
#2017=VERTEX_POINT('',#2016);
#2018=CARTESIAN_POINT('',(-1.631990613516E1,1.141E2,2.018796157003E2));
#2019=VERTEX_POINT('',#2018);
#2020=CARTESIAN_POINT('',(-1.940765486137E1,1.141E2,2.113827291218E2));
#2021=VERTEX_POINT('',#2020);
#2022=CARTESIAN_POINT('',(-1.940765486137E1,4.640000000001E1,2.113827291218E2));
#2023=VERTEX_POINT('',#2022);
#2024=CARTESIAN_POINT('',(-1.961213460353E1,4.640000000001E1,2.113648394625E2));
#2025=VERTEX_POINT('',#2024);
#2026=CARTESIAN_POINT('',(-1.627850570812E1,4.640000000001E1,2.017521982875E2));
#2027=VERTEX_POINT('',#2026);
#2028=CARTESIAN_POINT('',(-1.646871701138E1,4.640000000001E1,2.016903948886E2));
#2029=VERTEX_POINT('',#2028);
#2030=CARTESIAN_POINT('',(-1.675403396627E1,4.610000000001E1,2.015976897903E2));
#2031=VERTEX_POINT('',#2030);
#2032=CARTESIAN_POINT('',(-2.621301189617E1,-3.064999999999E1,
2.075751140499E2));
#2033=VERTEX_POINT('',#2032);
#2034=CARTESIAN_POINT('',(-2.259559683873E1,1.204E2,2.063858671024E2));
#2035=VERTEX_POINT('',#2034);
#2036=CARTESIAN_POINT('',(-2.758227828205E1,1.2145E2,2.060808220028E2));
#2037=VERTEX_POINT('',#2036);
#2038=CARTESIAN_POINT('',(-2.488227828205E1,1.2175E2,2.060808220028E2));
#2039=VERTEX_POINT('',#2038);
#2040=CARTESIAN_POINT('',(-2.259559683873E1,-2.959999999999E1,
2.063858671024E2));
#2041=VERTEX_POINT('',#2040);
#2042=CARTESIAN_POINT('',(-2.758227828205E1,-3.064999999999E1,
2.060808220028E2));
#2043=VERTEX_POINT('',#2042);
#2044=CARTESIAN_POINT('',(-2.488227828205E1,-3.094999999999E1,
2.060808220028E2));
#2045=VERTEX_POINT('',#2044);
#2046=CARTESIAN_POINT('',(-2.621301189617E1,1.2145E2,2.075751140499E2));
#2047=CARTESIAN_POINT('',(-2.458227828205E1,1.2145E2,2.060808220028E2));
#2048=VERTEX_POINT('',#2046);
#2049=VERTEX_POINT('',#2047);
#2050=CARTESIAN_POINT('',(-2.458227828205E1,-3.064999999999E1,
2.060808220028E2));
#2051=VERTEX_POINT('',#2050);
#2052=CARTESIAN_POINT('',(-1.454082119223E1,-2.937669376735E1,
2.012569125175E2));
#2053=VERTEX_POINT('',#2052);
#2054=CARTESIAN_POINT('',(-1.446206354185E1,1.201766937674E2,2.013759023475E2));
#2055=VERTEX_POINT('',#2054);
#2056=CARTESIAN_POINT('',(-1.845425908402E1,-2.945355339058E1,
2.135507668444E2));
#2057=VERTEX_POINT('',#2056);
#2058=CARTESIAN_POINT('',(-1.835731138563E1,1.201322128359E2,2.135887536108E2));
#2059=VERTEX_POINT('',#2058);
#2060=CARTESIAN_POINT('',(-6.604773775634E1,1.204E2,1.949708884920E2));
#2061=DIRECTION('',(0.E0,-1.E0,0.E0));
#2062=DIRECTION('',(9.961946980917E-1,0.E0,8.715574274766E-2));
#2063=AXIS2_PLACEMENT_3D('',#2060,#2061,#2062);
#2064=PLANE('',#2063);
#2066=ORIENTED_EDGE('',*,*,#2065,.T.);
#2068=ORIENTED_EDGE('',*,*,#2067,.F.);
#2070=ORIENTED_EDGE('',*,*,#2069,.T.);
#2072=ORIENTED_EDGE('',*,*,#2071,.F.);
#2074=ORIENTED_EDGE('',*,*,#2073,.T.);
#2076=ORIENTED_EDGE('',*,*,#2075,.F.);
#2078=ORIENTED_EDGE('',*,*,#2077,.T.);
#2080=ORIENTED_EDGE('',*,*,#2079,.T.);
#2082=ORIENTED_EDGE('',*,*,#2081,.F.);
#2084=ORIENTED_EDGE('',*,*,#2083,.T.);
#2086=ORIENTED_EDGE('',*,*,#2085,.F.);
#2088=ORIENTED_EDGE('',*,*,#2087,.T.);
#2089=EDGE_LOOP('',(#2066,#2068,#2070,#2072,#2074,#2076,#2078,#2080,#2082,#2084,
#2086,#2088));
#2090=FACE_OUTER_BOUND('',#2089,.F.);
#2092=ORIENTED_EDGE('',*,*,#2091,.T.);
#2094=ORIENTED_EDGE('',*,*,#2093,.T.);
#2096=ORIENTED_EDGE('',*,*,#2095,.T.);
#2097=EDGE_LOOP('',(#2092,#2094,#2096));
#2098=FACE_BOUND('',#2097,.F.);
#2099=ADVANCED_FACE('',(#2090,#2098),#2064,.F.);
#2100=CARTESIAN_POINT('',(-2.608227828205E1,1.2055E2,2.060808220028E2));
#2101=DIRECTION('',(0.E0,1.E0,0.E0));
#2102=DIRECTION('',(-9.961946980917E-1,0.E0,-8.715574274766E-2));
#2103=AXIS2_PLACEMENT_3D('',#2100,#2101,#2102);
#2104=CYLINDRICAL_SURFACE('',#2103,3.5E0);
#2105=ORIENTED_EDGE('',*,*,#2091,.F.);
#2107=ORIENTED_EDGE('',*,*,#2106,.T.);
#2109=ORIENTED_EDGE('',*,*,#2108,.T.);
#2111=ORIENTED_EDGE('',*,*,#2110,.F.);
#2112=ORIENTED_EDGE('',*,*,#2093,.F.);
#2113=EDGE_LOOP('',(#2105,#2107,#2109,#2111,#2112));
#2114=FACE_OUTER_BOUND('',#2113,.F.);
#2115=ADVANCED_FACE('',(#2114),#2104,.T.);
#2116=CARTESIAN_POINT('',(-2.608227828205E1,1.2055E2,2.060808220028E2));
#2117=DIRECTION('',(0.E0,1.E0,0.E0));
#2118=DIRECTION('',(-9.961946980917E-1,0.E0,-8.715574274766E-2));
#2119=AXIS2_PLACEMENT_3D('',#2116,#2117,#2118);
#2120=CYLINDRICAL_SURFACE('',#2119,3.5E0);
#2121=ORIENTED_EDGE('',*,*,#2110,.T.);
#2123=ORIENTED_EDGE('',*,*,#2122,.T.);
#2124=ORIENTED_EDGE('',*,*,#2106,.F.);
#2125=ORIENTED_EDGE('',*,*,#2095,.F.);
#2126=EDGE_LOOP('',(#2121,#2123,#2124,#2125));
#2127=FACE_OUTER_BOUND('',#2126,.F.);
#2128=ADVANCED_FACE('',(#2127),#2120,.T.);
#2129=CARTESIAN_POINT('',(-3.176515877975E1,1.2065E2,2.091560826344E2));
#2130=DIRECTION('',(0.E0,1.E0,0.E0));
#2131=DIRECTION('',(-9.961946980917E-1,0.E0,-8.715574274766E-2));
#2132=AXIS2_PLACEMENT_3D('',#2129,#2130,#2131);
#2133=PLANE('',#2132);
#2134=ORIENTED_EDGE('',*,*,#2122,.F.);
#2135=ORIENTED_EDGE('',*,*,#2108,.F.);
#2136=EDGE_LOOP('',(#2134,#2135));
#2137=FACE_OUTER_BOUND('',#2136,.F.);
#2139=ORIENTED_EDGE('',*,*,#2138,.T.);
#2141=ORIENTED_EDGE('',*,*,#2140,.T.);
#2142=EDGE_LOOP('',(#2139,#2141));
#2143=FACE_BOUND('',#2142,.F.);
#2144=ADVANCED_FACE('',(#2137,#2143),#2133,.T.);
#2145=CARTESIAN_POINT('',(-2.608227828205E1,2.890000000001E1,2.060808220028E2));
#2146=DIRECTION('',(0.E0,1.E0,0.E0));
#2147=DIRECTION('',(8.715574274762E-2,0.E0,-9.961946980917E-1));
#2148=AXIS2_PLACEMENT_3D('',#2145,#2146,#2147);
#2149=CYLINDRICAL_SURFACE('',#2148,1.5E0);
#2150=ORIENTED_EDGE('',*,*,#2138,.F.);
#2152=ORIENTED_EDGE('',*,*,#2151,.T.);
#2154=ORIENTED_EDGE('',*,*,#2153,.T.);
#2156=ORIENTED_EDGE('',*,*,#2155,.T.);
#2158=ORIENTED_EDGE('',*,*,#2157,.F.);
#2159=EDGE_LOOP('',(#2150,#2152,#2154,#2156,#2158));
#2160=FACE_OUTER_BOUND('',#2159,.F.);
#2161=ADVANCED_FACE('',(#2160),#2149,.T.);
#2162=CARTESIAN_POINT('',(-2.608227828205E1,2.890000000001E1,2.060808220028E2));
#2163=DIRECTION('',(0.E0,1.E0,0.E0));
#2164=DIRECTION('',(8.715574274762E-2,0.E0,-9.961946980917E-1));
#2165=AXIS2_PLACEMENT_3D('',#2162,#2163,#2164);
#2166=CYLINDRICAL_SURFACE('',#2165,1.5E0);
#2167=ORIENTED_EDGE('',*,*,#2151,.F.);
#2168=ORIENTED_EDGE('',*,*,#2140,.F.);
#2169=ORIENTED_EDGE('',*,*,#2157,.T.);
#2171=ORIENTED_EDGE('',*,*,#2170,.T.);
#2173=ORIENTED_EDGE('',*,*,#2172,.T.);
#2175=ORIENTED_EDGE('',*,*,#2174,.T.);
#2176=EDGE_LOOP('',(#2167,#2168,#2169,#2171,#2173,#2175));
#2177=FACE_OUTER_BOUND('',#2176,.F.);
#2178=ADVANCED_FACE('',(#2177),#2166,.T.);
#2179=CARTESIAN_POINT('',(-2.608227828205E1,1.2145E2,2.060808220028E2));
#2180=DIRECTION('',(0.E0,1.E0,0.E0));
#2181=DIRECTION('',(1.E0,0.E0,0.E0));
#2182=AXIS2_PLACEMENT_3D('',#2179,#2180,#2181);
#2183=TOROIDAL_SURFACE('',#2182,1.2E0,3.E-1);
#2184=ORIENTED_EDGE('',*,*,#2170,.F.);
#2185=ORIENTED_EDGE('',*,*,#2155,.F.);
#2187=ORIENTED_EDGE('',*,*,#2186,.F.);
#2189=ORIENTED_EDGE('',*,*,#2188,.T.);
#2191=ORIENTED_EDGE('',*,*,#2190,.T.);
#2193=ORIENTED_EDGE('',*,*,#2192,.T.);
#2194=ORIENTED_EDGE('',*,*,#2172,.F.);
#2195=EDGE_LOOP('',(#2184,#2185,#2187,#2189,#2191,#2193,#2194));
#2196=FACE_OUTER_BOUND('',#2195,.F.);
#2197=ADVANCED_FACE('',(#2196),#2183,.T.);
#2198=CARTESIAN_POINT('',(-2.608227828205E1,1.2145E2,2.060808220028E2));
#2199=DIRECTION('',(0.E0,1.E0,0.E0));
#2200=DIRECTION('',(1.E0,0.E0,0.E0));
#2201=AXIS2_PLACEMENT_3D('',#2198,#2199,#2200);
#2202=TOROIDAL_SURFACE('',#2201,1.2E0,3.E-1);
#2203=ORIENTED_EDGE('',*,*,#2192,.F.);
#2205=ORIENTED_EDGE('',*,*,#2204,.T.);
#2206=ORIENTED_EDGE('',*,*,#2186,.T.);
#2207=ORIENTED_EDGE('',*,*,#2153,.F.);
#2208=ORIENTED_EDGE('',*,*,#2174,.F.);
#2209=EDGE_LOOP('',(#2203,#2205,#2206,#2207,#2208));
#2210=FACE_OUTER_BOUND('',#2209,.F.);
#2211=ADVANCED_FACE('',(#2210),#2202,.T.);
#2212=CARTESIAN_POINT('',(-2.808273694285E1,1.2175E2,2.732645621308E1));
#2213=DIRECTION('',(0.E0,1.E0,0.E0));
#2214=DIRECTION('',(8.715574274762E-2,0.E0,-9.961946980917E-1));
#2215=AXIS2_PLACEMENT_3D('',#2212,#2213,#2214);
#2216=PLANE('',#2215);
#2217=ORIENTED_EDGE('',*,*,#2188,.F.);
#2218=ORIENTED_EDGE('',*,*,#2204,.F.);
#2219=ORIENTED_EDGE('',*,*,#2190,.F.);
#2220=EDGE_LOOP('',(#2217,#2218,#2219));
#2221=FACE_OUTER_BOUND('',#2220,.F.);
#2222=ADVANCED_FACE('',(#2221),#2216,.T.);
#2223=CARTESIAN_POINT('',(-7.400004585790E-1,1.199E2,2.113094435329E2));
#2224=DIRECTION('',(9.961946980917E-1,0.E0,8.715574274762E-2));
#2225=DIRECTION('',(8.715574274762E-2,0.E0,-9.961946980917E-1));
#2226=AXIS2_PLACEMENT_3D('',#2223,#2224,#2225);
#2227=CYLINDRICAL_SURFACE('',#2226,5.E-1);
#2228=ORIENTED_EDGE('',*,*,#2065,.F.);
#2230=ORIENTED_EDGE('',*,*,#2229,.F.);
#2232=ORIENTED_EDGE('',*,*,#2231,.T.);
#2234=ORIENTED_EDGE('',*,*,#2233,.F.);
#2235=EDGE_LOOP('',(#2228,#2230,#2232,#2234));
#2236=FACE_OUTER_BOUND('',#2235,.F.);
#2237=ADVANCED_FACE('',(#2236),#2227,.T.);
#2238=CARTESIAN_POINT('',(-5.476779927461E1,1.199E2,1.102159192170E2));
#2239=DIRECTION('',(0.E0,1.E0,0.E0));
#2240=DIRECTION('',(1.E0,0.E0,0.E0));
#2241=AXIS2_PLACEMENT_3D('',#2238,#2239,#2240);
#2242=TOROIDAL_SURFACE('',#2241,9.6E1,5.E-1);
#2243=ORIENTED_EDGE('',*,*,#2229,.T.);
#2244=ORIENTED_EDGE('',*,*,#2087,.F.);
#2246=ORIENTED_EDGE('',*,*,#2245,.T.);
#2248=ORIENTED_EDGE('',*,*,#2247,.T.);
#2249=EDGE_LOOP('',(#2243,#2244,#2246,#2248));
#2250=FACE_OUTER_BOUND('',#2249,.F.);
#2251=ADVANCED_FACE('',(#2250),#2242,.T.);
#2252=CARTESIAN_POINT('',(-7.400004585790E-1,1.199E2,2.212144138096E2));
#2253=DIRECTION('',(-9.743700646123E-1,0.E0,-2.249510550931E-1));
#2254=DIRECTION('',(-2.249510550931E-1,0.E0,9.743700646123E-1));
#2255=AXIS2_PLACEMENT_3D('',#2252,#2253,#2254);
#2256=CYLINDRICAL_SURFACE('',#2255,5.E-1);
#2257=ORIENTED_EDGE('',*,*,#2085,.T.);
#2259=ORIENTED_EDGE('',*,*,#2258,.F.);
#2261=ORIENTED_EDGE('',*,*,#2260,.F.);
#2262=ORIENTED_EDGE('',*,*,#2245,.F.);
#2263=EDGE_LOOP('',(#2257,#2259,#2261,#2262));
#2264=FACE_OUTER_BOUND('',#2263,.F.);
#2265=ADVANCED_FACE('',(#2264),#2256,.T.);
#2266=CARTESIAN_POINT('',(-1.164668094861E2,1.104E2,1.944967746510E2));
#2267=DIRECTION('',(2.249510543438E-1,0.E0,-9.743700647852E-1));
#2268=DIRECTION('',(-9.743700647852E-1,0.E0,-2.249510543438E-1));
#2269=AXIS2_PLACEMENT_3D('',#2266,#2267,#2268);
#2270=TOROIDAL_SURFACE('',#2269,9.5E0,5.E-1);
#2272=ORIENTED_EDGE('',*,*,#2271,.F.);
#2274=ORIENTED_EDGE('',*,*,#2273,.F.);
#2276=ORIENTED_EDGE('',*,*,#2275,.T.);
#2277=ORIENTED_EDGE('',*,*,#2258,.T.);
#2278=EDGE_LOOP('',(#2272,#2274,#2276,#2277));
#2279=FACE_OUTER_BOUND('',#2278,.F.);
#2280=ADVANCED_FACE('',(#2279),#2270,.T.);
#2281=CARTESIAN_POINT('',(-7.156369065434E1,1.104E2,-1.249008647619E-6));
#2282=DIRECTION('',(2.249510543438E-1,0.E0,-9.743700647852E-1));
#2283=DIRECTION('',(-9.743700647852E-1,0.E0,-2.249510543438E-1));
#2284=AXIS2_PLACEMENT_3D('',#2281,#2282,#2283);
#2285=CYLINDRICAL_SURFACE('',#2284,1.E1);
#2286=ORIENTED_EDGE('',*,*,#2271,.T.);
#2287=ORIENTED_EDGE('',*,*,#2083,.F.);
#2289=ORIENTED_EDGE('',*,*,#2288,.F.);
#2291=ORIENTED_EDGE('',*,*,#2290,.T.);
#2292=EDGE_LOOP('',(#2286,#2287,#2289,#2291));
#2293=FACE_OUTER_BOUND('',#2292,.F.);
#2294=ADVANCED_FACE('',(#2293),#2285,.T.);
#2295=CARTESIAN_POINT('',(-1.172541381763E2,1.104E2,1.979070698777E2));
#2296=DIRECTION('',(2.249510543438E-1,0.E0,-9.743700647852E-1));
#2297=DIRECTION('',(-9.743700647852E-1,0.E0,-2.249510543438E-1));
#2298=AXIS2_PLACEMENT_3D('',#2295,#2296,#2297);
#2299=TOROIDAL_SURFACE('',#2298,9.5E0,5.E-1);
#2300=ORIENTED_EDGE('',*,*,#2288,.T.);
#2302=ORIENTED_EDGE('',*,*,#2301,.T.);
#2304=ORIENTED_EDGE('',*,*,#2303,.F.);
#2306=ORIENTED_EDGE('',*,*,#2305,.F.);
#2307=EDGE_LOOP('',(#2300,#2302,#2304,#2306));
#2308=FACE_OUTER_BOUND('',#2307,.F.);
#2309=ADVANCED_FACE('',(#2308),#2299,.T.);
#2310=CARTESIAN_POINT('',(-7.400004585790E-1,1.199E2,2.248064781875E2));
#2311=DIRECTION('',(9.743700646123E-1,0.E0,2.249510550931E-1));
#2312=DIRECTION('',(2.249510550931E-1,0.E0,-9.743700646123E-1));
#2313=AXIS2_PLACEMENT_3D('',#2310,#2311,#2312);
#2314=CYLINDRICAL_SURFACE('',#2313,5.E-1);
#2316=ORIENTED_EDGE('',*,*,#2315,.F.);
#2317=ORIENTED_EDGE('',*,*,#2301,.F.);
#2318=ORIENTED_EDGE('',*,*,#2081,.T.);
#2320=ORIENTED_EDGE('',*,*,#2319,.F.);
#2321=EDGE_LOOP('',(#2316,#2317,#2318,#2320));
#2322=FACE_OUTER_BOUND('',#2321,.F.);
#2323=ADVANCED_FACE('',(#2322),#2314,.T.);
#2324=CARTESIAN_POINT('',(-2.938784425678E2,1.344E2,1.576432881250E2));
#2325=DIRECTION('',(-2.249510550931E-1,0.E0,9.743700646123E-1));
#2326=DIRECTION('',(9.743700646123E-1,0.E0,2.249510550931E-1));
#2327=AXIS2_PLACEMENT_3D('',#2324,#2325,#2326);
#2328=PLANE('',#2327);
#2330=ORIENTED_EDGE('',*,*,#2329,.T.);
#2332=ORIENTED_EDGE('',*,*,#2331,.T.);
#2333=ORIENTED_EDGE('',*,*,#2303,.T.);
#2334=ORIENTED_EDGE('',*,*,#2315,.T.);
#2336=ORIENTED_EDGE('',*,*,#2335,.T.);
#2338=ORIENTED_EDGE('',*,*,#2337,.F.);
#2339=EDGE_LOOP('',(#2330,#2332,#2333,#2334,#2336,#2338));
#2340=FACE_OUTER_BOUND('',#2339,.F.);
#2341=ADVANCED_FACE('',(#2340),#2328,.T.);
#2342=CARTESIAN_POINT('',(-1.172541381763E2,-1.959999999999E1,
1.979070698777E2));
#2343=DIRECTION('',(2.249510543438E-1,0.E0,-9.743700647852E-1));
#2344=DIRECTION('',(-9.743700647852E-1,0.E0,-2.249510543438E-1));
#2345=AXIS2_PLACEMENT_3D('',#2342,#2343,#2344);
#2346=TOROIDAL_SURFACE('',#2345,9.5E0,5.E-1);
#2347=ORIENTED_EDGE('',*,*,#2329,.F.);
#2349=ORIENTED_EDGE('',*,*,#2348,.F.);
#2351=ORIENTED_EDGE('',*,*,#2350,.T.);
#2353=ORIENTED_EDGE('',*,*,#2352,.T.);
#2354=EDGE_LOOP('',(#2347,#2349,#2351,#2353));
#2355=FACE_OUTER_BOUND('',#2354,.F.);
#2356=ADVANCED_FACE('',(#2355),#2346,.T.);
#2357=CARTESIAN_POINT('',(-7.400004585790E-1,-2.909999999999E1,
2.248064781875E2));
#2358=DIRECTION('',(9.743700646123E-1,0.E0,2.249510550931E-1));
#2359=DIRECTION('',(2.249510550931E-1,0.E0,-9.743700646123E-1));
#2360=AXIS2_PLACEMENT_3D('',#2357,#2358,#2359);
#2361=CYLINDRICAL_SURFACE('',#2360,5.E-1);
#2363=ORIENTED_EDGE('',*,*,#2362,.F.);
#2364=ORIENTED_EDGE('',*,*,#2348,.T.);
#2365=ORIENTED_EDGE('',*,*,#2337,.T.);
#2367=ORIENTED_EDGE('',*,*,#2366,.F.);
#2368=EDGE_LOOP('',(#2363,#2364,#2365,#2367));
#2369=FACE_OUTER_BOUND('',#2368,.F.);
#2370=ADVANCED_FACE('',(#2369),#2361,.T.);
#2371=CARTESIAN_POINT('',(-7.328054582315E1,-2.959999999999E1,
1.966384480389E2));
#2372=DIRECTION('',(0.E0,1.E0,0.E0));
#2373=DIRECTION('',(-9.961946980917E-1,0.E0,-8.715574274766E-2));
#2374=AXIS2_PLACEMENT_3D('',#2371,#2372,#2373);
#2375=PLANE('',#2374);
#2377=ORIENTED_EDGE('',*,*,#2376,.T.);
#2379=ORIENTED_EDGE('',*,*,#2378,.F.);
#2381=ORIENTED_EDGE('',*,*,#2380,.F.);
#2383=ORIENTED_EDGE('',*,*,#2382,.F.);
#2384=ORIENTED_EDGE('',*,*,#2362,.T.);
#2386=ORIENTED_EDGE('',*,*,#2385,.F.);
#2388=ORIENTED_EDGE('',*,*,#2387,.T.);
#2390=ORIENTED_EDGE('',*,*,#2389,.T.);
#2392=ORIENTED_EDGE('',*,*,#2391,.T.);
#2394=ORIENTED_EDGE('',*,*,#2393,.T.);
#2396=ORIENTED_EDGE('',*,*,#2395,.T.);
#2398=ORIENTED_EDGE('',*,*,#2397,.T.);
#2399=EDGE_LOOP('',(#2377,#2379,#2381,#2383,#2384,#2386,#2388,#2390,#2392,#2394,
#2396,#2398));
#2400=FACE_OUTER_BOUND('',#2399,.F.);
#2402=ORIENTED_EDGE('',*,*,#2401,.T.);
#2404=ORIENTED_EDGE('',*,*,#2403,.T.);
#2405=EDGE_LOOP('',(#2402,#2404));
#2406=FACE_BOUND('',#2405,.F.);
#2408=ORIENTED_EDGE('',*,*,#2407,.T.);
#2410=ORIENTED_EDGE('',*,*,#2409,.T.);
#2412=ORIENTED_EDGE('',*,*,#2411,.T.);
#2413=EDGE_LOOP('',(#2408,#2410,#2412));
#2414=FACE_BOUND('',#2413,.F.);
#2415=ADVANCED_FACE('',(#2400,#2406,#2414),#2375,.F.);
#2416=CARTESIAN_POINT('',(-2.608227828205E1,-2.974999999999E1,
2.060808220028E2));
#2417=DIRECTION('',(0.E0,-1.E0,0.E0));
#2418=DIRECTION('',(9.961946980917E-1,0.E0,8.715574274766E-2));
#2419=AXIS2_PLACEMENT_3D('',#2416,#2417,#2418);
#2420=CYLINDRICAL_SURFACE('',#2419,3.5E0);
#2421=ORIENTED_EDGE('',*,*,#2407,.F.);
#2423=ORIENTED_EDGE('',*,*,#2422,.T.);
#2425=ORIENTED_EDGE('',*,*,#2424,.T.);
#2427=ORIENTED_EDGE('',*,*,#2426,.F.);
#2428=ORIENTED_EDGE('',*,*,#2409,.F.);
#2429=EDGE_LOOP('',(#2421,#2423,#2425,#2427,#2428));
#2430=FACE_OUTER_BOUND('',#2429,.F.);
#2431=ADVANCED_FACE('',(#2430),#2420,.T.);
#2432=CARTESIAN_POINT('',(-2.608227828205E1,-2.974999999999E1,
2.060808220028E2));
#2433=DIRECTION('',(0.E0,-1.E0,0.E0));
#2434=DIRECTION('',(9.961946980917E-1,0.E0,8.715574274766E-2));
#2435=AXIS2_PLACEMENT_3D('',#2432,#2433,#2434);
#2436=CYLINDRICAL_SURFACE('',#2435,3.5E0);
#2437=ORIENTED_EDGE('',*,*,#2426,.T.);
#2439=ORIENTED_EDGE('',*,*,#2438,.T.);
#2440=ORIENTED_EDGE('',*,*,#2422,.F.);
#2441=ORIENTED_EDGE('',*,*,#2411,.F.);
#2442=EDGE_LOOP('',(#2437,#2439,#2440,#2441));
#2443=FACE_OUTER_BOUND('',#2442,.F.);
#2444=ADVANCED_FACE('',(#2443),#2436,.T.);
#2445=CARTESIAN_POINT('',(-3.053928242282E1,-2.974999999999E1,
2.079089186096E2));
#2446=DIRECTION('',(0.E0,-1.E0,0.E0));
#2447=DIRECTION('',(9.961946980917E-1,0.E0,8.715574274766E-2));
#2448=AXIS2_PLACEMENT_3D('',#2445,#2446,#2447);
#2449=PLANE('',#2448);
#2450=ORIENTED_EDGE('',*,*,#2424,.F.);
#2451=ORIENTED_EDGE('',*,*,#2438,.F.);
#2452=EDGE_LOOP('',(#2450,#2451));
#2453=FACE_OUTER_BOUND('',#2452,.F.);
#2455=ORIENTED_EDGE('',*,*,#2454,.F.);
#2457=ORIENTED_EDGE('',*,*,#2456,.F.);
#2458=EDGE_LOOP('',(#2455,#2457));
#2459=FACE_BOUND('',#2458,.F.);
#2460=ADVANCED_FACE('',(#2453,#2459),#2449,.T.);
#2461=CARTESIAN_POINT('',(-2.608227828205E1,-3.109999999999E1,
2.060808220028E2));
#2462=DIRECTION('',(0.E0,1.E0,0.E0));
#2463=DIRECTION('',(8.715574274762E-2,0.E0,-9.961946980917E-1));
#2464=AXIS2_PLACEMENT_3D('',#2461,#2462,#2463);
#2465=CYLINDRICAL_SURFACE('',#2464,1.5E0);
#2466=ORIENTED_EDGE('',*,*,#2454,.T.);
#2468=ORIENTED_EDGE('',*,*,#2467,.F.);
#2470=ORIENTED_EDGE('',*,*,#2469,.F.);
#2472=ORIENTED_EDGE('',*,*,#2471,.F.);
#2474=ORIENTED_EDGE('',*,*,#2473,.T.);
#2475=EDGE_LOOP('',(#2466,#2468,#2470,#2472,#2474));
#2476=FACE_OUTER_BOUND('',#2475,.F.);
#2477=ADVANCED_FACE('',(#2476),#2465,.T.);
#2478=CARTESIAN_POINT('',(-2.608227828205E1,-3.109999999999E1,
2.060808220028E2));
#2479=DIRECTION('',(0.E0,1.E0,0.E0));
#2480=DIRECTION('',(8.715574274762E-2,0.E0,-9.961946980917E-1));
#2481=AXIS2_PLACEMENT_3D('',#2478,#2479,#2480);
#2482=CYLINDRICAL_SURFACE('',#2481,1.5E0);
#2483=ORIENTED_EDGE('',*,*,#2473,.F.);
#2485=ORIENTED_EDGE('',*,*,#2484,.F.);
#2487=ORIENTED_EDGE('',*,*,#2486,.F.);
#2489=ORIENTED_EDGE('',*,*,#2488,.F.);
#2490=ORIENTED_EDGE('',*,*,#2467,.T.);
#2491=ORIENTED_EDGE('',*,*,#2456,.T.);
#2492=EDGE_LOOP('',(#2483,#2485,#2487,#2489,#2490,#2491));
#2493=FACE_OUTER_BOUND('',#2492,.F.);
#2494=ADVANCED_FACE('',(#2493),#2482,.T.);
#2495=CARTESIAN_POINT('',(-2.608227828205E1,-3.064999999999E1,
2.060808220028E2));
#2496=DIRECTION('',(0.E0,1.E0,0.E0));
#2497=DIRECTION('',(1.E0,0.E0,0.E0));
#2498=AXIS2_PLACEMENT_3D('',#2495,#2496,#2497);
#2499=TOROIDAL_SURFACE('',#2498,1.2E0,3.E-1);
#2501=ORIENTED_EDGE('',*,*,#2500,.F.);
#2502=ORIENTED_EDGE('',*,*,#2484,.T.);
#2503=ORIENTED_EDGE('',*,*,#2471,.T.);
#2505=ORIENTED_EDGE('',*,*,#2504,.T.);
#2507=ORIENTED_EDGE('',*,*,#2506,.F.);
#2508=EDGE_LOOP('',(#2501,#2502,#2503,#2505,#2507));
#2509=FACE_OUTER_BOUND('',#2508,.F.);
#2510=ADVANCED_FACE('',(#2509),#2499,.T.);
#2511=CARTESIAN_POINT('',(-2.608227828205E1,-3.064999999999E1,
2.060808220028E2));
#2512=DIRECTION('',(0.E0,1.E0,0.E0));
#2513=DIRECTION('',(1.E0,0.E0,0.E0));
#2514=AXIS2_PLACEMENT_3D('',#2511,#2512,#2513);
#2515=TOROIDAL_SURFACE('',#2514,1.2E0,3.E-1);
#2516=ORIENTED_EDGE('',*,*,#2488,.T.);
#2517=ORIENTED_EDGE('',*,*,#2486,.T.);
#2518=ORIENTED_EDGE('',*,*,#2500,.T.);
#2520=ORIENTED_EDGE('',*,*,#2519,.F.);
#2522=ORIENTED_EDGE('',*,*,#2521,.F.);
#2523=ORIENTED_EDGE('',*,*,#2504,.F.);
#2524=ORIENTED_EDGE('',*,*,#2469,.T.);
#2525=EDGE_LOOP('',(#2516,#2517,#2518,#2520,#2522,#2523,#2524));
#2526=FACE_OUTER_BOUND('',#2525,.F.);
#2527=ADVANCED_FACE('',(#2526),#2515,.T.);
#2528=CARTESIAN_POINT('',(-2.808273694285E1,-3.094999999999E1,
2.732645621308E1));
#2529=DIRECTION('',(0.E0,1.E0,0.E0));
#2530=DIRECTION('',(8.715574274762E-2,0.E0,-9.961946980917E-1));
#2531=AXIS2_PLACEMENT_3D('',#2528,#2529,#2530);
#2532=PLANE('',#2531);
#2533=ORIENTED_EDGE('',*,*,#2521,.T.);
#2534=ORIENTED_EDGE('',*,*,#2519,.T.);
#2535=ORIENTED_EDGE('',*,*,#2506,.T.);
#2536=EDGE_LOOP('',(#2533,#2534,#2535));
#2537=FACE_OUTER_BOUND('',#2536,.F.);
#2538=ADVANCED_FACE('',(#2537),#2532,.F.);
#2539=CARTESIAN_POINT('',(-2.140634989121E1,-2.992071067811E1,
2.100032821598E2));
#2540=DIRECTION('',(0.E0,1.E0,0.E0));
#2541=DIRECTION('',(9.961946980917E-1,0.E0,8.715574274766E-2));
#2542=AXIS2_PLACEMENT_3D('',#2539,#2540,#2541);
#2543=CONICAL_SURFACE('',#2542,6.792893218813E-1,4.5E1);
#2545=ORIENTED_EDGE('',*,*,#2544,.F.);
#2547=ORIENTED_EDGE('',*,*,#2546,.F.);
#2549=ORIENTED_EDGE('',*,*,#2548,.T.);
#2550=ORIENTED_EDGE('',*,*,#2401,.F.);
#2551=EDGE_LOOP('',(#2545,#2547,#2549,#2550));
#2552=FACE_OUTER_BOUND('',#2551,.F.);
#2553=ADVANCED_FACE('',(#2552),#2543,.T.);
#2554=CARTESIAN_POINT('',(-2.140634989121E1,-2.992071067811E1,
2.100032821598E2));
#2555=DIRECTION('',(0.E0,1.E0,0.E0));
#2556=DIRECTION('',(9.961946980917E-1,0.E0,8.715574274766E-2));
#2557=AXIS2_PLACEMENT_3D('',#2554,#2555,#2556);
#2558=CONICAL_SURFACE('',#2557,6.792893218813E-1,4.5E1);
#2560=ORIENTED_EDGE('',*,*,#2559,.F.);
#2561=ORIENTED_EDGE('',*,*,#2544,.T.);
#2562=ORIENTED_EDGE('',*,*,#2403,.F.);
#2563=ORIENTED_EDGE('',*,*,#2548,.F.);
#2564=EDGE_LOOP('',(#2560,#2561,#2562,#2563));
#2565=FACE_OUTER_BOUND('',#2564,.F.);
#2566=ADVANCED_FACE('',(#2565),#2558,.T.);
#2567=CARTESIAN_POINT('',(-2.140634989121E1,-3.009999999999E1,
2.100032821598E2));
#2568=DIRECTION('',(0.E0,1.E0,0.E0));
#2569=DIRECTION('',(9.961946980916E-1,0.E0,8.715574274930E-2));
#2570=AXIS2_PLACEMENT_3D('',#2567,#2568,#2569);
#2571=TOROIDAL_SURFACE('',#2570,2.171572875254E-1,2.E-1);
#2572=ORIENTED_EDGE('',*,*,#2559,.T.);
#2574=ORIENTED_EDGE('',*,*,#2573,.T.);
#2576=ORIENTED_EDGE('',*,*,#2575,.F.);
#2578=ORIENTED_EDGE('',*,*,#2577,.F.);
#2579=EDGE_LOOP('',(#2572,#2574,#2576,#2578));
#2580=FACE_OUTER_BOUND('',#2579,.F.);
#2581=ADVANCED_FACE('',(#2580),#2571,.T.);
#2582=CARTESIAN_POINT('',(-2.140634989121E1,-3.009999999999E1,
2.100032821598E2));
#2583=DIRECTION('',(0.E0,1.E0,0.E0));
#2584=DIRECTION('',(9.961946980916E-1,0.E0,8.715574274930E-2));
#2585=AXIS2_PLACEMENT_3D('',#2582,#2583,#2584);
#2586=TOROIDAL_SURFACE('',#2585,2.171572875254E-1,2.E-1);
#2587=ORIENTED_EDGE('',*,*,#2577,.T.);
#2589=ORIENTED_EDGE('',*,*,#2588,.F.);
#2590=ORIENTED_EDGE('',*,*,#2573,.F.);
#2591=ORIENTED_EDGE('',*,*,#2546,.T.);
#2592=EDGE_LOOP('',(#2587,#2589,#2590,#2591));
#2593=FACE_OUTER_BOUND('',#2592,.F.);
#2594=ADVANCED_FACE('',(#2593),#2586,.T.);
#2595=CARTESIAN_POINT('',(-2.019330173198E1,-3.029999999999E1,
2.099384173702E2));
#2596=DIRECTION('',(0.E0,-1.E0,0.E0));
#2597=DIRECTION('',(9.961946980917E-1,0.E0,8.715574274766E-2));
#2598=AXIS2_PLACEMENT_3D('',#2595,#2596,#2597);
#2599=PLANE('',#2598);
#2600=ORIENTED_EDGE('',*,*,#2575,.T.);
#2601=ORIENTED_EDGE('',*,*,#2588,.T.);
#2602=EDGE_LOOP('',(#2600,#2601));
#2603=FACE_OUTER_BOUND('',#2602,.F.);
#2604=ADVANCED_FACE('',(#2603),#2599,.T.);
#2605=CARTESIAN_POINT('',(-7.400004585790E-1,-2.909999999999E1,
2.113094435329E2));
#2606=DIRECTION('',(-9.961946980917E-1,0.E0,-8.715574274762E-2));
#2607=DIRECTION('',(-8.715574274762E-2,0.E0,9.961946980917E-1));
#2608=AXIS2_PLACEMENT_3D('',#2605,#2606,#2607);
#2609=CYLINDRICAL_SURFACE('',#2608,5.E-1);
#2610=ORIENTED_EDGE('',*,*,#2376,.F.);
#2612=ORIENTED_EDGE('',*,*,#2611,.F.);
#2614=ORIENTED_EDGE('',*,*,#2613,.T.);
#2616=ORIENTED_EDGE('',*,*,#2615,.T.);
#2617=EDGE_LOOP('',(#2610,#2612,#2614,#2616));
#2618=FACE_OUTER_BOUND('',#2617,.F.);
#2619=ADVANCED_FACE('',(#2618),#2609,.T.);
#2620=CARTESIAN_POINT('',(-4.148305112890E1,-2.909999999999E1,
1.871665818121E2));
#2621=DIRECTION('',(0.E0,-1.E0,0.E0));
#2622=DIRECTION('',(-1.E0,0.E0,0.E0));
#2623=AXIS2_PLACEMENT_3D('',#2620,#2621,#2622);
#2624=TOROIDAL_SURFACE('',#2623,2.05E1,5.E-1);
#2626=ORIENTED_EDGE('',*,*,#2625,.T.);
#2627=ORIENTED_EDGE('',*,*,#2611,.T.);
#2628=ORIENTED_EDGE('',*,*,#2397,.F.);
#2630=ORIENTED_EDGE('',*,*,#2629,.F.);
#2631=EDGE_LOOP('',(#2626,#2627,#2628,#2630));
#2632=FACE_OUTER_BOUND('',#2631,.F.);
#2633=ADVANCED_FACE('',(#2632),#2624,.T.);
#2634=CARTESIAN_POINT('',(-4.148305112890E1,-3.000017078697E1,
1.871665818121E2));
#2635=DIRECTION('',(0.E0,-1.E0,0.E0));
#2636=DIRECTION('',(-1.E0,0.E0,0.E0));
#2637=AXIS2_PLACEMENT_3D('',#2634,#2635,#2636);
#2638=CYLINDRICAL_SURFACE('',#2637,2.E1);
#2640=ORIENTED_EDGE('',*,*,#2639,.T.);
#2642=ORIENTED_EDGE('',*,*,#2641,.T.);
#2643=ORIENTED_EDGE('',*,*,#2625,.F.);
#2645=ORIENTED_EDGE('',*,*,#2644,.F.);
#2646=EDGE_LOOP('',(#2640,#2642,#2643,#2645));
#2647=FACE_OUTER_BOUND('',#2646,.F.);
#2648=ADVANCED_FACE('',(#2647),#2638,.F.);
#2649=CARTESIAN_POINT('',(-4.148305112890E1,-2.829999999999E1,
1.871665818121E2));
#2650=DIRECTION('',(0.E0,-1.E0,0.E0));
#2651=DIRECTION('',(-1.E0,0.E0,0.E0));
#2652=AXIS2_PLACEMENT_3D('',#2649,#2650,#2651);
#2653=TOROIDAL_SURFACE('',#2652,2.05E1,5.E-1);
#2654=ORIENTED_EDGE('',*,*,#2639,.F.);
#2656=ORIENTED_EDGE('',*,*,#2655,.F.);
#2658=ORIENTED_EDGE('',*,*,#2657,.T.);
#2660=ORIENTED_EDGE('',*,*,#2659,.T.);
#2661=EDGE_LOOP('',(#2654,#2656,#2658,#2660));
#2662=FACE_OUTER_BOUND('',#2661,.F.);
#2663=ADVANCED_FACE('',(#2662),#2653,.T.);
#2664=CARTESIAN_POINT('',(-4.458665336613E1,-2.829999999999E1,
2.132790849996E2));
#2665=DIRECTION('',(-8.480480961564E-1,0.E0,5.299192642332E-1));
#2666=DIRECTION('',(5.299192642332E-1,0.E0,8.480480961564E-1));
#2667=AXIS2_PLACEMENT_3D('',#2664,#2665,#2666);
#2668=CYLINDRICAL_SURFACE('',#2667,5.E-1);
#2670=ORIENTED_EDGE('',*,*,#2669,.T.);
#2671=ORIENTED_EDGE('',*,*,#2655,.T.);
#2673=ORIENTED_EDGE('',*,*,#2672,.F.);
#2675=ORIENTED_EDGE('',*,*,#2674,.F.);
#2676=EDGE_LOOP('',(#2670,#2671,#2673,#2675));
#2677=FACE_OUTER_BOUND('',#2676,.F.);
#2678=ADVANCED_FACE('',(#2677),#2668,.T.);
#2679=CARTESIAN_POINT('',(-7.328054582315E1,-2.779999999999E1,
1.966384480389E2));
#2680=DIRECTION('',(0.E0,1.E0,0.E0));
#2681=DIRECTION('',(-9.961946980917E-1,0.E0,-8.715574274766E-2));
#2682=AXIS2_PLACEMENT_3D('',#2679,#2680,#2681);
#2683=PLANE('',#2682);
#2685=ORIENTED_EDGE('',*,*,#2684,.F.);
#2686=ORIENTED_EDGE('',*,*,#2657,.F.);
#2687=ORIENTED_EDGE('',*,*,#2669,.F.);
#2689=ORIENTED_EDGE('',*,*,#2688,.F.);
#2691=ORIENTED_EDGE('',*,*,#2690,.T.);
#2693=ORIENTED_EDGE('',*,*,#2692,.T.);
#2695=ORIENTED_EDGE('',*,*,#2694,.F.);
#2697=ORIENTED_EDGE('',*,*,#2696,.T.);
#2699=ORIENTED_EDGE('',*,*,#2698,.T.);
#2701=ORIENTED_EDGE('',*,*,#2700,.F.);
#2703=ORIENTED_EDGE('',*,*,#2702,.T.);
#2705=ORIENTED_EDGE('',*,*,#2704,.T.);
#2707=ORIENTED_EDGE('',*,*,#2706,.T.);
#2708=EDGE_LOOP('',(#2685,#2686,#2687,#2689,#2691,#2693,#2695,#2697,#2699,#2701,
#2703,#2705,#2707));
#2709=FACE_OUTER_BOUND('',#2708,.F.);
#2710=ADVANCED_FACE('',(#2709),#2683,.T.);
#2711=CARTESIAN_POINT('',(-4.458665336613E1,-2.829999999999E1,
2.074733584699E2));
#2712=DIRECTION('',(-9.961946980917E-1,0.E0,-8.715574274762E-2));
#2713=DIRECTION('',(-8.715574274762E-2,0.E0,9.961946980917E-1));
#2714=AXIS2_PLACEMENT_3D('',#2711,#2712,#2713);
#2715=CYLINDRICAL_SURFACE('',#2714,5.E-1);
#2717=ORIENTED_EDGE('',*,*,#2716,.T.);
#2719=ORIENTED_EDGE('',*,*,#2718,.F.);
#2720=ORIENTED_EDGE('',*,*,#2659,.F.);
#2721=ORIENTED_EDGE('',*,*,#2684,.T.);
#2722=EDGE_LOOP('',(#2717,#2719,#2720,#2721));
#2723=FACE_OUTER_BOUND('',#2722,.F.);
#2724=ADVANCED_FACE('',(#2723),#2715,.T.);
#2725=CARTESIAN_POINT('',(-5.476779927461E1,-2.829999999999E1,
1.102159192170E2));
#2726=DIRECTION('',(0.E0,1.E0,0.E0));
#2727=DIRECTION('',(1.E0,0.E0,0.E0));
#2728=AXIS2_PLACEMENT_3D('',#2725,#2726,#2727);
#2729=TOROIDAL_SURFACE('',#2728,9.6E1,5.E-1);
#2730=ORIENTED_EDGE('',*,*,#2716,.F.);
#2731=ORIENTED_EDGE('',*,*,#2706,.F.);
#2733=ORIENTED_EDGE('',*,*,#2732,.F.);
#2735=ORIENTED_EDGE('',*,*,#2734,.T.);
#2736=EDGE_LOOP('',(#2730,#2731,#2733,#2735));
#2737=FACE_OUTER_BOUND('',#2736,.F.);
#2738=ADVANCED_FACE('',(#2737),#2729,.T.);
#2739=CARTESIAN_POINT('',(-7.400004585790E-1,-2.829999999999E1,
2.212144138096E2));
#2740=DIRECTION('',(9.743700646123E-1,0.E0,2.249510550931E-1));
#2741=DIRECTION('',(2.249510550931E-1,0.E0,-9.743700646123E-1));
#2742=AXIS2_PLACEMENT_3D('',#2739,#2740,#2741);
#2743=CYLINDRICAL_SURFACE('',#2742,5.E-1);
#2744=ORIENTED_EDGE('',*,*,#2704,.F.);
#2746=ORIENTED_EDGE('',*,*,#2745,.T.);
#2748=ORIENTED_EDGE('',*,*,#2747,.T.);
#2749=ORIENTED_EDGE('',*,*,#2732,.T.);
#2750=EDGE_LOOP('',(#2744,#2746,#2748,#2749));
#2751=FACE_OUTER_BOUND('',#2750,.F.);
#2752=ADVANCED_FACE('',(#2751),#2743,.T.);
#2753=CARTESIAN_POINT('',(-1.227143762744E2,-2.567645138113E1,
1.925413256986E2));
#2754=CARTESIAN_POINT('',(-1.226737264504E2,-2.563567288498E1,
1.925497270961E2));
#2755=CARTESIAN_POINT('',(-1.225926207961E2,-2.554967832755E1,
1.925874292548E2));
#2756=CARTESIAN_POINT('',(-1.224966247620E2,-2.542964384298E1,
1.927143966974E2));
#2757=CARTESIAN_POINT('',(-1.224503013671E2,-2.534650679774E1,
1.928892702444E2));
#2758=CARTESIAN_POINT('',(-1.224560405502E2,-2.532494506007E1,
1.930110741240E2));
#2759=CARTESIAN_POINT('',(-1.224656632151E2,-2.532146476532E1,
1.930681626175E2));
#2760=CARTESIAN_POINT('',(-1.223015152314E2,-2.610721990006E1,
1.926366426774E2));
#2761=CARTESIAN_POINT('',(-1.222636345242E2,-2.606321170731E1,
1.926443975722E2));
#2762=CARTESIAN_POINT('',(-1.221883468045E2,-2.597037245598E1,
1.926808940569E2));
#2763=CARTESIAN_POINT('',(-1.221005308461E2,-2.584109562032E1,
1.928069227612E2));
#2764=CARTESIAN_POINT('',(-1.220600437570E2,-2.575236230205E1,
1.929818418102E2));
#2765=CARTESIAN_POINT('',(-1.220673677908E2,-2.573022151819E1,
1.931040260687E2));
#2766=CARTESIAN_POINT('',(-1.220772330553E2,-2.572708132826E1,
1.931613125344E2));
#2767=CARTESIAN_POINT('',(-1.216286660894E2,-2.667700758991E1,
1.927919829607E2));
#2768=CARTESIAN_POINT('',(-1.215954853614E2,-2.662870561591E1,
1.927986409038E2));
#2769=CARTESIAN_POINT('',(-1.215298375753E2,-2.652682892204E1,
1.928331386293E2));
#2770=CARTESIAN_POINT('',(-1.214551248208E2,-2.638544696261E1,
1.929577022398E2));
#2771=CARTESIAN_POINT('',(-1.214238427552E2,-2.628941614026E1,
1.931327719820E2));
#2772=CARTESIAN_POINT('',(-1.214338004199E2,-2.626642246490E1,
1.932555523668E2));
#2773=CARTESIAN_POINT('',(-1.214442027758E2,-2.626361013603E1,
1.933131192867E2));
#2774=CARTESIAN_POINT('',(-1.206401355524E2,-2.728305237878E1,
1.930202044283E2));
#2775=CARTESIAN_POINT('',(-1.206137047590E2,-2.723018109300E1,
1.930252864702E2));
#2776=CARTESIAN_POINT('',(-1.205621078827E2,-2.711854222726E1,
1.930568754421E2));
#2777=CARTESIAN_POINT('',(-1.205068686153E2,-2.696393469221E1,
1.931792631701E2));
#2778=CARTESIAN_POINT('',(-1.204892990061E2,-2.686015821374E1,
1.933545309998E2));
#2779=CARTESIAN_POINT('',(-1.205030446860E2,-2.683658300622E1,
1.934781768828E2));
#2780=CARTESIAN_POINT('',(-1.205141489033E2,-2.683430639860E1,
1.935361520985E2));
#2781=CARTESIAN_POINT('',(-1.196144356035E2,-2.777833803760E1,
1.932570071788E2));
#2782=CARTESIAN_POINT('',(-1.195946972130E2,-2.772163576039E1,
1.932605259086E2));
#2783=CARTESIAN_POINT('',(-1.195574373391E2,-2.760161690290E1,
1.932891531965E2));
#2784=CARTESIAN_POINT('',(-1.195228394642E2,-2.743552954221E1,
1.934092009110E2));
#2785=CARTESIAN_POINT('',(-1.195199545838E2,-2.732545706110E1,
1.935845831963E2));
#2786=CARTESIAN_POINT('',(-1.195374856639E2,-2.730210016115E1,
1.937091413732E2));
#2787=CARTESIAN_POINT('',(-1.195490965684E2,-2.730072723718E1,
1.937675755591E2));
#2788=CARTESIAN_POINT('',(-1.185339024269E2,-2.811187020037E1,
1.935064692310E2));
#2789=CARTESIAN_POINT('',(-1.185217613538E2,-2.805258308519E1,
1.935082149615E2));
#2790=CARTESIAN_POINT('',(-1.185003688954E2,-2.792677760873E1,
1.935335415262E2));
#2791=CARTESIAN_POINT('',(-1.184875841219E2,-2.775262942283E1,
1.936511346437E2));
#2792=CARTESIAN_POINT('',(-1.184994323286E2,-2.763837736527E1,
1.938268370699E2));
#2793=CARTESIAN_POINT('',(-1.185204255052E2,-2.761547232994E1,
1.939524486396E2));
#2794=CARTESIAN_POINT('',(-1.185324346430E2,-2.761484379280E1,
1.940113718633E2));
#2795=CARTESIAN_POINT('',(-1.175606885768E2,-2.825912642704E1,
1.937311545545E2));
#2796=CARTESIAN_POINT('',(-1.175547595722E2,-2.819857102882E1,
1.937314486884E2));
#2797=CARTESIAN_POINT('',(-1.175466892531E2,-2.806978012179E1,
1.937540318099E2));
#2798=CARTESIAN_POINT('',(-1.175532466295E2,-2.789143329171E1,
1.938695225293E2));
#2799=CARTESIAN_POINT('',(-1.175790212551E2,-2.777548922558E1,
1.940453833491E2));
#2800=CARTESIAN_POINT('',(-1.176039240415E2,-2.775347342412E1,
1.941717224452E2));
#2801=CARTESIAN_POINT('',(-1.176167211107E2,-2.775356152415E1,
1.942309574708E2));
#2802=CARTESIAN_POINT('',(-1.169773253679E2,-2.830306855333E1,
1.938658352820E2));
#2803=CARTESIAN_POINT('',(-1.169749527559E2,-2.824201439791E1,
1.938652979424E2));
#2804=CARTESIAN_POINT('',(-1.169746645499E2,-2.811199341838E1,
1.938862828568E2));
#2805=CARTESIAN_POINT('',(-1.169928837971E2,-2.793195682161E1,
1.940005072249E2));
#2806=CARTESIAN_POINT('',(-1.170272318078E2,-2.781564318957E1,
1.941764198403E2));
#2807=CARTESIAN_POINT('',(-1.170545731333E2,-2.779439295819E1,
1.943031626486E2));
#2808=CARTESIAN_POINT('',(-1.170678594497E2,-2.779497976285E1,
1.943625719428E2));
#2809=CARTESIAN_POINT('',(-1.166731110626E2,-2.830946564664E1,
1.939360690861E2));
#2810=CARTESIAN_POINT('',(-1.166723188342E2,-2.824825319462E1,
1.939351611175E2));
#2811=CARTESIAN_POINT('',(-1.166756090782E2,-2.811781000225E1,
1.939554300778E2));
#2812=CARTESIAN_POINT('',(-1.166996289717E2,-2.793721138583E1,
1.940690691775E2));
#2813=CARTESIAN_POINT('',(-1.167387045279E2,-2.782093368243E1,
1.942449463810E2));
#2814=CARTESIAN_POINT('',(-1.167677677504E2,-2.780015282005E1,
1.943717871987E2));
#2815=CARTESIAN_POINT('',(-1.167815676024E2,-2.780102009181E1,
1.944312230975E2));
#2816=CARTESIAN_POINT('',(-1.165096095196E2,-2.830816581361E1,
1.939738165840E2));
#2817=CARTESIAN_POINT('',(-1.165097511426E2,-2.824687646358E1,
1.939726902323E2));
#2818=CARTESIAN_POINT('',(-1.165152711438E2,-2.811623190811E1,
1.939924973517E2));
#2819=CARTESIAN_POINT('',(-1.165429144960E2,-2.793540282618E1,
1.941056998083E2));
#2820=CARTESIAN_POINT('',(-1.165845826074E2,-2.781924320583E1,
1.942815523110E2));
#2821=CARTESIAN_POINT('',(-1.166141036217E2,-2.779877607289E1,
1.944085568646E2));
#2822=CARTESIAN_POINT('',(-1.166278267811E2,-2.779981733145E1,
1.944680889563E2));
#2823=B_SPLINE_SURFACE_WITH_KNOTS('',3,3,((#2753,#2754,#2755,#2756,#2757,#2758,
#2759),(#2760,#2761,#2762,#2763,#2764,#2765,#2766),(#2767,#2768,#2769,#2770,
#2771,#2772,#2773),(#2774,#2775,#2776,#2777,#2778,#2779,#2780),(#2781,#2782,
#2783,#2784,#2785,#2786,#2787),(#2788,#2789,#2790,#2791,#2792,#2793,#2794),(
#2795,#2796,#2797,#2798,#2799,#2800,#2801),(#2802,#2803,#2804,#2805,#2806,#2807,
#2808),(#2809,#2810,#2811,#2812,#2813,#2814,#2815),(#2816,#2817,#2818,#2819,
#2820,#2821,#2822)),.UNSPECIFIED.,.F.,.F.,.F.,(4,1,1,1,1,1,1,4),(4,1,1,1,4),(
6.556464398500E0,8.310710258921E0,9.154247093575E0,9.997783928229E0,
1.168485759754E1,1.252839443219E1,1.295016284952E1,1.343922821904E1),(
-1.197374358201E-2,2.5E-1,5.E-1,7.5E-1,1.010955154364E0),.UNSPECIFIED.);
#2825=ORIENTED_EDGE('',*,*,#2824,.T.);
#2826=ORIENTED_EDGE('',*,*,#2745,.F.);
#2828=ORIENTED_EDGE('',*,*,#2827,.F.);
#2830=ORIENTED_EDGE('',*,*,#2829,.F.);
#2831=EDGE_LOOP('',(#2825,#2826,#2828,#2830));
#2832=FACE_OUTER_BOUND('',#2831,.F.);
#2833=ADVANCED_FACE('',(#2832),#2823,.F.);
#2834=CARTESIAN_POINT('',(-2.928661628199E2,1.344E2,1.532586228342E2));
#2835=DIRECTION('',(-2.249510550931E-1,0.E0,9.743700646123E-1));
#2836=DIRECTION('',(9.743700646123E-1,0.E0,2.249510550931E-1));
#2837=AXIS2_PLACEMENT_3D('',#2834,#2835,#2836);
#2838=PLANE('',#2837);
#2840=ORIENTED_EDGE('',*,*,#2839,.F.);
#2842=ORIENTED_EDGE('',*,*,#2841,.T.);
#2843=ORIENTED_EDGE('',*,*,#2260,.T.);
#2844=ORIENTED_EDGE('',*,*,#2275,.F.);
#2846=ORIENTED_EDGE('',*,*,#2845,.F.);
#2848=ORIENTED_EDGE('',*,*,#2847,.F.);
#2850=ORIENTED_EDGE('',*,*,#2849,.T.);
#2852=ORIENTED_EDGE('',*,*,#2851,.T.);
#2853=ORIENTED_EDGE('',*,*,#2747,.F.);
#2854=ORIENTED_EDGE('',*,*,#2824,.F.);
#2856=ORIENTED_EDGE('',*,*,#2855,.F.);
#2858=ORIENTED_EDGE('',*,*,#2857,.F.);
#2860=ORIENTED_EDGE('',*,*,#2859,.F.);
#2862=ORIENTED_EDGE('',*,*,#2861,.F.);
#2863=EDGE_LOOP('',(#2840,#2842,#2843,#2844,#2846,#2848,#2850,#2852,#2853,#2854,
#2856,#2858,#2860,#2862));
#2864=FACE_OUTER_BOUND('',#2863,.F.);
#2865=ADVANCED_FACE('',(#2864),#2838,.F.);
#2866=CARTESIAN_POINT('',(-7.400004585790E-1,1.191E2,2.212144138096E2));
#2867=DIRECTION('',(-9.743700646123E-1,0.E0,-2.249510550931E-1));
#2868=DIRECTION('',(-2.249510550931E-1,0.E0,9.743700646123E-1));
#2869=AXIS2_PLACEMENT_3D('',#2866,#2867,#2868);
#2870=CYLINDRICAL_SURFACE('',#2869,5.E-1);
#2871=ORIENTED_EDGE('',*,*,#2839,.T.);
#2873=ORIENTED_EDGE('',*,*,#2872,.T.);
#2875=ORIENTED_EDGE('',*,*,#2874,.F.);
#2877=ORIENTED_EDGE('',*,*,#2876,.F.);
#2878=EDGE_LOOP('',(#2871,#2873,#2875,#2877));
#2879=FACE_OUTER_BOUND('',#2878,.F.);
#2880=ADVANCED_FACE('',(#2879),#2870,.T.);
#2881=CARTESIAN_POINT('',(-1.165095945643E2,1.191077187637E2,1.939738122472E2));
#2882=CARTESIAN_POINT('',(-1.165097741493E2,1.190465528159E2,1.939727376194E2));
#2883=CARTESIAN_POINT('',(-1.165153032111E2,1.189160844435E2,1.939925906096E2));
#2884=CARTESIAN_POINT('',(-1.165428331039E2,1.187354079522E2,1.941057193348E2));
#2885=CARTESIAN_POINT('',(-1.165844412753E2,1.186192499121E2,1.942815797843E2));
#2886=CARTESIAN_POINT('',(-1.166140145701E2,1.185987786291E2,1.944085657652E2));
#2887=CARTESIAN_POINT('',(-1.166277925681E2,1.185998166474E2,1.944680807333E2));
#2888=CARTESIAN_POINT('',(-1.170943833375E2,1.191123539289E2,1.938388024852E2));
#2889=CARTESIAN_POINT('',(-1.170910678883E2,1.190514453102E2,1.938385444577E2));
#2890=CARTESIAN_POINT('',(-1.170888011756E2,1.189216651261E2,1.938600011048E2));
#2891=CARTESIAN_POINT('',(-1.171043937159E2,1.187417971419E2,1.939744511395E2));
#2892=CARTESIAN_POINT('',(-1.171372346895E2,1.186252477166E2,1.941502888600E2));
#2893=CARTESIAN_POINT('',(-1.171644742855E2,1.186036924580E2,1.942768529593E2));
#2894=CARTESIAN_POINT('',(-1.171778759102E2,1.186041248725E2,1.943361744318E2));
#2895=CARTESIAN_POINT('',(-1.182399941365E2,1.190027914400E2,1.935743161143E2));
#2896=CARTESIAN_POINT('',(-1.182287569483E2,1.189430987794E2,1.935759064900E2));
#2897=CARTESIAN_POINT('',(-1.182098937752E2,1.188161557276E2,1.936007995405E2));
#2898=CARTESIAN_POINT('',(-1.182025278686E2,1.186400275247E2,1.937177548597E2));
#2899=CARTESIAN_POINT('',(-1.182198070043E2,1.185244150884E2,1.938932057759E2));
#2900=CARTESIAN_POINT('',(-1.182432665984E2,1.185014049445E2,1.940187385065E2));
#2901=CARTESIAN_POINT('',(-1.182561003955E2,1.185008771287E2,1.940776211118E2));
#2902=CARTESIAN_POINT('',(-1.198968327931E2,1.184894135384E2,1.931918029302E2));
#2903=CARTESIAN_POINT('',(-1.198760752969E2,1.184334691223E2,1.931956193685E2));
#2904=CARTESIAN_POINT('',(-1.198359933773E2,1.183151770100E2,1.932248414478E2));
#2905=CARTESIAN_POINT('',(-1.197957934700E2,1.181515949314E2,1.933454083227E2));
#2906=CARTESIAN_POINT('',(-1.197879065019E2,1.180427540783E2,1.935209718754E2));
#2907=CARTESIAN_POINT('',(-1.198036858368E2,1.180191072760E2,1.936454484037E2));
#2908=CARTESIAN_POINT('',(-1.198149013181E2,1.180173709899E2,1.937038192513E2));
#2909=CARTESIAN_POINT('',(-1.214100148471E2,1.176611982555E2,1.928424556582E2));
#2910=CARTESIAN_POINT('',(-1.213788663717E2,1.176112679E2,1.928486965423E2));
#2911=CARTESIAN_POINT('',(-1.213172271187E2,1.175059806889E2,1.928823787561E2));
#2912=CARTESIAN_POINT('',(-1.212473397195E2,1.173603835924E2,1.930062370460E2));
#2913=CARTESIAN_POINT('',(-1.212186263235E2,1.172623277650E2,1.931814509031E2));
#2914=CARTESIAN_POINT('',(-1.212285878506E2,1.172397371446E2,1.933046213165E2));
#2915=CARTESIAN_POINT('',(-1.212386502433E2,1.172374374416E2,1.933623968115E2));
#2916=CARTESIAN_POINT('',(-1.223008124555E2,1.169073481657E2,1.926367978653E2));
#2917=CARTESIAN_POINT('',(-1.222631563809E2,1.168632731358E2,1.926445558248E2));
#2918=CARTESIAN_POINT('',(-1.221882124665E2,1.167702961150E2,1.926810122652E2));
#2919=CARTESIAN_POINT('',(-1.221005934066E2,1.166409987608E2,1.928069055838E2));
#2920=CARTESIAN_POINT('',(-1.220599719897E2,1.165524307937E2,1.929818531891E2));
#2921=CARTESIAN_POINT('',(-1.220670688495E2,1.165305372339E2,1.931040865097E2));
#2922=CARTESIAN_POINT('',(-1.220768032301E2,1.165275325599E2,1.931613999399E2));
#2923=CARTESIAN_POINT('',(-1.227141047196E2,1.164761256278E2,1.925413813879E2));
#2924=CARTESIAN_POINT('',(-1.226735325672E2,1.164354506990E2,1.925498192999E2));
#2925=CARTESIAN_POINT('',(-1.225925193293E2,1.163496030127E2,1.925875407733E2));
#2926=CARTESIAN_POINT('',(-1.224965880414E2,1.162296853199E2,1.927144056068E2));
#2927=CARTESIAN_POINT('',(-1.224502839421E2,1.161465297807E2,1.928892695462E2));
#2928=CARTESIAN_POINT('',(-1.224560508458E2,1.161249355849E2,1.930110606489E2));
#2929=CARTESIAN_POINT('',(-1.224656884754E2,1.161214366566E2,1.930681409716E2));
#2930=B_SPLINE_SURFACE_WITH_KNOTS('',3,3,((#2881,#2882,#2883,#2884,#2885,#2886,
#2887),(#2888,#2889,#2890,#2891,#2892,#2893,#2894),(#2895,#2896,#2897,#2898,
#2899,#2900,#2901),(#2902,#2903,#2904,#2905,#2906,#2907,#2908),(#2909,#2910,
#2911,#2912,#2913,#2914,#2915),(#2916,#2917,#2918,#2919,#2920,#2921,#2922),(
#2923,#2924,#2925,#2926,#2927,#2928,#2929)),.UNSPECIFIED.,.F.,.F.,.F.,(4,1,1,1,
4),(4,1,1,1,4),(-6.758946742458E-2,1.689035460394E0,3.378070920789E0,
5.067106381183E0,6.823358773768E0),(-1.133474868815E-2,2.5E-1,5.E-1,7.5E-1,
1.010932322736E0),.UNSPECIFIED.);
#2932=ORIENTED_EDGE('',*,*,#2931,.T.);
#2934=ORIENTED_EDGE('',*,*,#2933,.F.);
#2935=ORIENTED_EDGE('',*,*,#2872,.F.);
#2936=ORIENTED_EDGE('',*,*,#2861,.T.);
#2937=EDGE_LOOP('',(#2932,#2934,#2935,#2936));
#2938=FACE_OUTER_BOUND('',#2937,.F.);
#2939=ADVANCED_FACE('',(#2938),#2930,.F.);
#2940=CARTESIAN_POINT('',(-1.226197542054E2,1.165735361076E2,1.925631698220E2));
#2941=CARTESIAN_POINT('',(-1.225796984295E2,1.165321075307E2,1.925714416671E2));
#2942=CARTESIAN_POINT('',(-1.224998482550E2,1.164446961923E2,1.926088931121E2));
#2943=CARTESIAN_POINT('',(-1.224056818675E2,1.163226506268E2,1.927356418790E2));
#2944=CARTESIAN_POINT('',(-1.223607428118E2,1.162381775058E2,1.929105358620E2));
#2945=CARTESIAN_POINT('',(-1.223669505038E2,1.162163862967E2,1.930324277767E2));
#2946=CARTESIAN_POINT('',(-1.223766945473E2,1.162129301150E2,1.930895655108E2));
#2947=CARTESIAN_POINT('',(-1.230308074459E2,1.161579202839E2,1.924682701966E2));
#2948=CARTESIAN_POINT('',(-1.229885040337E2,1.161190406240E2,1.924770683754E2));
#2949=CARTESIAN_POINT('',(-1.229037375367E2,1.160372893969E2,1.925155113769E2));
#2950=CARTESIAN_POINT('',(-1.228019270432E2,1.159236849425E2,1.926430695595E2));
#2951=CARTESIAN_POINT('',(-1.227506888027E2,1.158451785407E2,1.928180333769E2));
#2952=CARTESIAN_POINT('',(-1.227544579370E2,1.158248288129E2,1.929397534533E2));
#2953=CARTESIAN_POINT('',(-1.227634598105E2,1.158215358678E2,1.929968146370E2));
#2954=CARTESIAN_POINT('',(-1.235760439091E2,1.154815707538E2,1.923423917763E2));
#2955=CARTESIAN_POINT('',(-1.235302921638E2,1.154473161920E2,1.923519957879E2));
#2956=CARTESIAN_POINT('',(-1.234383648471E2,1.153753239374E2,1.923919042023E2));
#2957=CARTESIAN_POINT('',(-1.233263645348E2,1.152752513662E2,1.925205594582E2));
#2958=CARTESIAN_POINT('',(-1.232673053284E2,1.152058765114E2,1.926954984173E2));
#2959=CARTESIAN_POINT('',(-1.232682445910E2,1.151877033403E2,1.928168857148E2));
#2960=CARTESIAN_POINT('',(-1.232764116982E2,1.151847043127E2,1.928738017474E2));
#2961=CARTESIAN_POINT('',(-1.241578238874E2,1.144877463229E2,1.922080765802E2));
#2962=CARTESIAN_POINT('',(-1.241083401241E2,1.144602684648E2,1.922185525118E2));
#2963=CARTESIAN_POINT('',(-1.240087122624E2,1.144025379756E2,1.922600394638E2));
#2964=CARTESIAN_POINT('',(-1.238858588051E2,1.143222295633E2,1.923898707127E2));
#2965=CARTESIAN_POINT('',(-1.238185068315E2,1.142663276143E2,1.925647777372E2));
#2966=CARTESIAN_POINT('',(-1.238164487240E2,1.142514741671E2,1.926857947160E2));
#2967=CARTESIAN_POINT('',(-1.238237345153E2,1.142489457728E2,1.927425452095E2));
#2968=CARTESIAN_POINT('',(-1.246337732900E2,1.134569176921E2,1.920981944221E2));
#2969=CARTESIAN_POINT('',(-1.245815166461E2,1.134360119472E2,1.921093190213E2));
#2970=CARTESIAN_POINT('',(-1.244759701871E2,1.133924461084E2,1.921520081566E2));
#2971=CARTESIAN_POINT('',(-1.243442695149E2,1.133325714029E2,1.922827965101E2));
#2972=CARTESIAN_POINT('',(-1.242698062134E2,1.132911942699E2,1.924577569196E2));
#2973=CARTESIAN_POINT('',(-1.242650525589E2,1.132801893398E2,1.925785241006E2));
#2974=CARTESIAN_POINT('',(-1.242715383305E2,1.132782654576E2,1.926351543361E2));
#2975=CARTESIAN_POINT('',(-1.249550373239E2,1.123702962266E2,1.920240243797E2));
#2976=CARTESIAN_POINT('',(-1.249006234849E2,1.123570636839E2,1.920356528049E2));
#2977=CARTESIAN_POINT('',(-1.247906702569E2,1.123292851450E2,1.920792471741E2));
#2978=CARTESIAN_POINT('',(-1.246529116991E2,1.122906587968E2,1.922107042154E2));
#2979=CARTESIAN_POINT('',(-1.245739658520E2,1.122637042177E2,1.923856322552E2));
#2980=CARTESIAN_POINT('',(-1.245676991190E2,1.122564924736E2,1.925061572581E2));
#2981=CARTESIAN_POINT('',(-1.245737820190E2,1.122552616796E2,1.925626713819E2));
#2982=CARTESIAN_POINT('',(-1.251208317220E2,1.112283676300E2,1.919857475239E2));
#2983=CARTESIAN_POINT('',(-1.250653158346E2,1.112229336522E2,1.919976333490E2));
#2984=CARTESIAN_POINT('',(-1.249531190573E2,1.112114440341E2,1.920416882151E2));
#2985=CARTESIAN_POINT('',(-1.248122710611E2,1.111952494397E2,1.921734824337E2));
#2986=CARTESIAN_POINT('',(-1.247310026913E2,1.111837664557E2,1.923483954273E2));
#2987=CARTESIAN_POINT('',(-1.247239075225E2,1.111805831065E2,1.924688053934E2));
#2988=CARTESIAN_POINT('',(-1.247297498823E2,1.111799987721E2,1.925252665713E2));
#2989=CARTESIAN_POINT('',(-1.251470723801E2,1.106385398032E2,1.919796893961E2));
#2990=CARTESIAN_POINT('',(-1.250914224301E2,1.106372067839E2,1.919916060850E2));
#2991=CARTESIAN_POINT('',(-1.249789374450E2,1.106340876134E2,1.920357296311E2));
#2992=CARTESIAN_POINT('',(-1.248376311174E2,1.106291619334E2,1.921675834611E2));
#2993=CARTESIAN_POINT('',(-1.247559468212E2,1.106255663636E2,1.923424975068E2));
#2994=CARTESIAN_POINT('',(-1.247486642649E2,1.106247908918E2,1.924628918484E2));
#2995=CARTESIAN_POINT('',(-1.247544460598E2,1.106248253576E2,1.925193452790E2));
#2996=CARTESIAN_POINT('',(-1.251447214019E2,1.103319935161E2,1.919802321613E2));
#2997=CARTESIAN_POINT('',(-1.250890822503E2,1.103323819630E2,1.919921463710E2));
#2998=CARTESIAN_POINT('',(-1.249766214520E2,1.103332781099E2,1.920362640269E2));
#2999=CARTESIAN_POINT('',(-1.248353546251E2,1.103346729130E2,1.921681119218E2));
#3000=CARTESIAN_POINT('',(-1.247537049757E2,1.103356875109E2,1.923430254634E2));
#3001=CARTESIAN_POINT('',(-1.247464362080E2,1.103359136798E2,1.924634221505E2));
#3002=CARTESIAN_POINT('',(-1.247522216980E2,1.103359111802E2,1.925198771570E2));
#3003=B_SPLINE_SURFACE_WITH_KNOTS('',3,3,((#2940,#2941,#2942,#2943,#2944,#2945,
#2946),(#2947,#2948,#2949,#2950,#2951,#2952,#2953),(#2954,#2955,#2956,#2957,
#2958,#2959,#2960),(#2961,#2962,#2963,#2964,#2965,#2966,#2967),(#2968,#2969,
#2970,#2971,#2972,#2973,#2974),(#2975,#2976,#2977,#2978,#2979,#2980,#2981),(
#2982,#2983,#2984,#2985,#2986,#2987,#2988),(#2989,#2990,#2991,#2992,#2993,#2994,
#2995),(#2996,#2997,#2998,#2999,#3000,#3001,#3002)),.UNSPECIFIED.,.F.,.F.,.F.,
(4,1,1,1,1,1,4),(4,1,1,1,4),(6.690371059414E0,8.410490014086E0,9.237664100340E0,
1.006483818659E1,1.171918635910E1,1.254636044536E1,1.343959397232E1),(
-1.186520383438E-2,2.5E-1,5.E-1,7.5E-1,1.011053495592E0),.UNSPECIFIED.);
#3004=ORIENTED_EDGE('',*,*,#2859,.T.);
#3006=ORIENTED_EDGE('',*,*,#3005,.T.);
#3008=ORIENTED_EDGE('',*,*,#3007,.F.);
#3009=ORIENTED_EDGE('',*,*,#2931,.F.);
#3010=EDGE_LOOP('',(#3004,#3006,#3008,#3009));
#3011=FACE_OUTER_BOUND('',#3010,.F.);
#3012=ADVANCED_FACE('',(#3011),#3003,.F.);
#3013=CARTESIAN_POINT('',(-1.252498822167E2,-3.000017078697E1,
1.924690425300E2));
#3014=DIRECTION('',(0.E0,1.E0,0.E0));
#3015=DIRECTION('',(0.E0,0.E0,-1.E0));
#3016=AXIS2_PLACEMENT_3D('',#3013,#3014,#3015);
#3017=CYLINDRICAL_SURFACE('',#3016,5.E-1);
#3018=ORIENTED_EDGE('',*,*,#2857,.T.);
#3020=ORIENTED_EDGE('',*,*,#3019,.T.);
#3022=ORIENTED_EDGE('',*,*,#3021,.F.);
#3023=ORIENTED_EDGE('',*,*,#3005,.F.);
#3024=EDGE_LOOP('',(#3018,#3020,#3022,#3023));
#3025=FACE_OUTER_BOUND('',#3024,.F.);
#3026=ADVANCED_FACE('',(#3025),#3017,.T.);
#3027=CARTESIAN_POINT('',(-1.251444009618E2,-1.953193922326E1,
1.919803008836E2));
#3028=CARTESIAN_POINT('',(-1.250888619917E2,-1.953240502992E1,
1.919922329591E2));
#3029=CARTESIAN_POINT('',(-1.249765315991E2,-1.953337423571E1,
1.920363512742E2));
#3030=CARTESIAN_POINT('',(-1.248353626840E2,-1.953470174135E1,
1.921681121038E2));
#3031=CARTESIAN_POINT('',(-1.247537316352E2,-1.953561639102E1,
1.923429851366E2));
#3032=CARTESIAN_POINT('',(-1.247464449475E2,-1.953585744432E1,
1.924633399518E2));
#3033=CARTESIAN_POINT('',(-1.247522111601E2,-1.953589828513E1,
1.925197643028E2));
#3034=CARTESIAN_POINT('',(-1.251488946088E2,-2.012050873600E1,
1.919792634165E2));
#3035=CARTESIAN_POINT('',(-1.250933276108E2,-2.011694398583E1,
1.919912023787E2));
#3036=CARTESIAN_POINT('',(-1.249809230356E2,-2.010952538241E1,
1.920353290996E2));
#3037=CARTESIAN_POINT('',(-1.248396364849E2,-2.009936629963E1,
1.921670995107E2));
#3038=CARTESIAN_POINT('',(-1.247579438467E2,-2.009237578835E1,
1.923419785127E2));
#3039=CARTESIAN_POINT('',(-1.247506725453E2,-2.009054561214E1,
1.924623285983E2));
#3040=CARTESIAN_POINT('',(-1.247564578401E2,-2.009024239201E1,
1.925187484270E2));
#3041=CARTESIAN_POINT('',(-1.250429838383E2,-2.127462391118E1,
1.920037149677E2));
#3042=CARTESIAN_POINT('',(-1.249881461522E2,-2.126327838488E1,
1.920154836737E2));
#3043=CARTESIAN_POINT('',(-1.248771882945E2,-2.123974378290E1,
1.920593145892E2));
#3044=CARTESIAN_POINT('',(-1.247378251990E2,-2.120741302383E1,
1.921908816045E2));
#3045=CARTESIAN_POINT('',(-1.246575741854E2,-2.118469311704E1,
1.923657770960E2));
#3046=CARTESIAN_POINT('',(-1.246508610696E2,-2.117810800008E1,
1.924861919506E2));
#3047=CARTESIAN_POINT('',(-1.246568354657E2,-2.117665470188E1,
1.925426367052E2));
#3048=CARTESIAN_POINT('',(-1.245480170953E2,-2.294149103667E1,
1.921179875824E2));
#3049=CARTESIAN_POINT('',(-1.244961262113E2,-2.291912800870E1,
1.921290677572E2));
#3050=CARTESIAN_POINT('',(-1.243914716964E2,-2.287201301224E1,
1.921716095666E2));
#3051=CARTESIAN_POINT('',(-1.242614595296E2,-2.280628121030E1,
1.923021343419E2));
#3052=CARTESIAN_POINT('',(-1.241885573556E2,-2.276048172949E1,
1.924769839470E2));
#3053=CARTESIAN_POINT('',(-1.241844258976E2,-2.274845188074E1,
1.925977210653E2));
#3054=CARTESIAN_POINT('',(-1.241910690747E2,-2.274652729909E1,
1.926543364789E2));
#3055=CARTESIAN_POINT('',(-1.237524201022E2,-2.446145509715E1,
1.923016664955E2));
#3056=CARTESIAN_POINT('',(-1.237059621065E2,-2.442831865679E1,
1.923114790482E2));
#3057=CARTESIAN_POINT('',(-1.236123411613E2,-2.435886552362E1,
1.923517436312E2));
#3058=CARTESIAN_POINT('',(-1.234973243784E2,-2.426295498831E1,
1.924806146960E2));
#3059=CARTESIAN_POINT('',(-1.234353938073E2,-2.419704194752E1,
1.926555902332E2));
#3060=CARTESIAN_POINT('',(-1.234349293276E2,-2.418023079347E1,
1.927769415732E2));
#3061=CARTESIAN_POINT('',(-1.234425579963E2,-2.417767186357E1,
1.928338403161E2));
#3062=CARTESIAN_POINT('',(-1.230310976352E2,-2.535716577848E1,
1.924681977254E2));
#3063=CARTESIAN_POINT('',(-1.229889746732E2,-2.531822958880E1,
1.924769969940E2));
#3064=CARTESIAN_POINT('',(-1.229044960822E2,-2.523635518502E1,
1.925154033833E2));
#3065=CARTESIAN_POINT('',(-1.228028732288E2,-2.512271063873E1,
1.926428462973E2));
#3066=CARTESIAN_POINT('',(-1.227515322195E2,-2.504435971907E1,
1.928177959393E2));
#3067=CARTESIAN_POINT('',(-1.227550635334E2,-2.502423770996E1,
1.929395255613E2));
#3068=CARTESIAN_POINT('',(-1.227639141470E2,-2.502107169356E1,
1.929965874735E2));
#3069=CARTESIAN_POINT('',(-1.226195473358E2,-2.577327146245E1,
1.925632120700E2));
#3070=CARTESIAN_POINT('',(-1.225795517712E2,-2.573192616438E1,
1.925715129967E2));
#3071=CARTESIAN_POINT('',(-1.224997712753E2,-2.564463449637E1,1.926089805E2));
#3072=CARTESIAN_POINT('',(-1.224056503754E2,-2.552268617382E1,
1.927356495245E2));
#3073=CARTESIAN_POINT('',(-1.223607349669E2,-2.543821574143E1,
1.929105002897E2));
#3074=CARTESIAN_POINT('',(-1.223669559662E2,-2.541639063183E1,
1.930323426101E2));
#3075=CARTESIAN_POINT('',(-1.223767017412E2,-2.541290943296E1,
1.930894451177E2));
#3076=B_SPLINE_SURFACE_WITH_KNOTS('',3,3,((#3027,#3028,#3029,#3030,#3031,#3032,
#3033),(#3034,#3035,#3036,#3037,#3038,#3039,#3040),(#3041,#3042,#3043,#3044,
#3045,#3046,#3047),(#3048,#3049,#3050,#3051,#3052,#3053,#3054),(#3055,#3056,
#3057,#3058,#3059,#3060,#3061),(#3062,#3063,#3064,#3065,#3066,#3067,#3068),(
#3069,#3070,#3071,#3072,#3073,#3074,#3075)),.UNSPECIFIED.,.F.,.F.,.F.,(4,1,1,1,
4),(4,1,1,1,4),(-6.638872725437E-2,1.655909147403E0,3.311818294806E0,
4.967727442209E0,6.689354752506E0),(-1.136146352859E-2,2.5E-1,5.E-1,7.5E-1,
1.010879870219E0),.UNSPECIFIED.);
#3077=ORIENTED_EDGE('',*,*,#2829,.T.);
#3079=ORIENTED_EDGE('',*,*,#3078,.F.);
#3080=ORIENTED_EDGE('',*,*,#3019,.F.);
#3081=ORIENTED_EDGE('',*,*,#2855,.T.);
#3082=EDGE_LOOP('',(#3077,#3079,#3080,#3081));
#3083=FACE_OUTER_BOUND('',#3082,.F.);
#3084=ADVANCED_FACE('',(#3083),#3076,.F.);
#3085=CARTESIAN_POINT('',(-1.165931817622E2,-1.959999999999E1,
1.933438088026E2));
#3086=DIRECTION('',(8.715574274766E-2,0.E0,-9.961946980917E-1));
#3087=DIRECTION('',(-9.961946980917E-1,0.E0,-8.715574274766E-2));
#3088=AXIS2_PLACEMENT_3D('',#3085,#3086,#3087);
#3089=CYLINDRICAL_SURFACE('',#3088,8.2E0);
#3091=ORIENTED_EDGE('',*,*,#3090,.T.);
#3092=ORIENTED_EDGE('',*,*,#3078,.T.);
#3093=ORIENTED_EDGE('',*,*,#2827,.T.);
#3094=ORIENTED_EDGE('',*,*,#2702,.F.);
#3096=ORIENTED_EDGE('',*,*,#3095,.F.);
#3097=EDGE_LOOP('',(#3091,#3092,#3093,#3094,#3096));
#3098=FACE_OUTER_BOUND('',#3097,.F.);
#3099=ADVANCED_FACE('',(#3098),#3089,.F.);
#3100=CARTESIAN_POINT('',(-1.249515363368E2,1.104E2,1.947957901414E2));
#3101=DIRECTION('',(9.961946980920E-1,0.E0,8.715574274528E-2));
#3102=DIRECTION('',(-8.715574274528E-2,0.E0,9.961946980920E-1));
#3103=AXIS2_PLACEMENT_3D('',#3100,#3101,#3102);
#3104=PLANE('',#3103);
#3105=ORIENTED_EDGE('',*,*,#3090,.F.);
#3107=ORIENTED_EDGE('',*,*,#3106,.F.);
#3109=ORIENTED_EDGE('',*,*,#3108,.T.);
#3110=ORIENTED_EDGE('',*,*,#3021,.T.);
#3111=EDGE_LOOP('',(#3105,#3107,#3109,#3110));
#3112=FACE_OUTER_BOUND('',#3111,.F.);
#3113=ADVANCED_FACE('',(#3112),#3104,.T.);
#3114=CARTESIAN_POINT('',(-2.933610551411E2,1.344E2,1.554022369764E2));
#3115=DIRECTION('',(-2.249510550931E-1,0.E0,9.743700646123E-1));
#3116=DIRECTION('',(9.743700646123E-1,0.E0,2.249510550931E-1));
#3117=AXIS2_PLACEMENT_3D('',#3114,#3115,#3116);
#3118=PLANE('',#3117);
#3120=ORIENTED_EDGE('',*,*,#3119,.T.);
#3122=ORIENTED_EDGE('',*,*,#3121,.F.);
#3124=ORIENTED_EDGE('',*,*,#3123,.T.);
#3125=ORIENTED_EDGE('',*,*,#3106,.T.);
#3126=ORIENTED_EDGE('',*,*,#3095,.T.);
#3127=ORIENTED_EDGE('',*,*,#2700,.T.);
#3128=EDGE_LOOP('',(#3120,#3122,#3124,#3125,#3126,#3127));
#3129=FACE_OUTER_BOUND('',#3128,.F.);
#3130=ADVANCED_FACE('',(#3129),#3118,.F.);
#3131=CARTESIAN_POINT('',(-5.476779927457E1,-3.000017078697E1,
1.102159192171E2));
#3132=DIRECTION('',(0.E0,-1.E0,0.E0));
#3133=DIRECTION('',(-1.E0,0.E0,0.E0));
#3134=AXIS2_PLACEMENT_3D('',#3131,#3132,#3133);
#3135=CYLINDRICAL_SURFACE('',#3134,9.77E1);
#3136=ORIENTED_EDGE('',*,*,#3119,.F.);
#3137=ORIENTED_EDGE('',*,*,#2698,.F.);
#3139=ORIENTED_EDGE('',*,*,#3138,.T.);
#3141=ORIENTED_EDGE('',*,*,#3140,.T.);
#3142=EDGE_LOOP('',(#3136,#3137,#3139,#3141));
#3143=FACE_OUTER_BOUND('',#3142,.F.);
#3144=ADVANCED_FACE('',(#3143),#3135,.F.);
#3145=CARTESIAN_POINT('',(-2.136134414897E1,-2.163496854617E1,
2.112118034571E2));
#3146=DIRECTION('',(8.715574274766E-2,0.E0,-9.961946980917E-1));
#3147=DIRECTION('',(-9.961946980917E-1,0.E0,-8.715574274766E-2));
#3148=AXIS2_PLACEMENT_3D('',#3145,#3146,#3147);
#3149=PLANE('',#3148);
#3151=ORIENTED_EDGE('',*,*,#3150,.T.);
#3153=ORIENTED_EDGE('',*,*,#3152,.T.);
#3155=ORIENTED_EDGE('',*,*,#3154,.T.);
#3157=ORIENTED_EDGE('',*,*,#3156,.T.);
#3158=ORIENTED_EDGE('',*,*,#3138,.F.);
#3159=ORIENTED_EDGE('',*,*,#2696,.F.);
#3161=ORIENTED_EDGE('',*,*,#3160,.T.);
#3163=ORIENTED_EDGE('',*,*,#3162,.T.);
#3165=ORIENTED_EDGE('',*,*,#3164,.T.);
#3167=ORIENTED_EDGE('',*,*,#3166,.F.);
#3169=ORIENTED_EDGE('',*,*,#3168,.T.);
#3171=ORIENTED_EDGE('',*,*,#3170,.F.);
#3173=ORIENTED_EDGE('',*,*,#3172,.T.);
#3175=ORIENTED_EDGE('',*,*,#3174,.F.);
#3177=ORIENTED_EDGE('',*,*,#3176,.T.);
#3179=ORIENTED_EDGE('',*,*,#3178,.T.);
#3181=ORIENTED_EDGE('',*,*,#3180,.T.);
#3183=ORIENTED_EDGE('',*,*,#3182,.F.);
#3184=EDGE_LOOP('',(#3151,#3153,#3155,#3157,#3158,#3159,#3161,#3163,#3165,#3167,
#3169,#3171,#3173,#3175,#3177,#3179,#3181,#3183));
#3185=FACE_OUTER_BOUND('',#3184,.F.);
#3186=ADVANCED_FACE('',(#3185),#3149,.T.);
#3187=CARTESIAN_POINT('',(-2.048420161400E1,-3.000017078697E1,
2.130779653507E2));
#3188=DIRECTION('',(9.510565162952E-1,0.E0,3.090169943749E-1));
#3189=DIRECTION('',(3.090169943749E-1,0.E0,-9.510565162952E-1));
#3190=AXIS2_PLACEMENT_3D('',#3187,#3188,#3189);
#3191=PLANE('',#3190);
#3193=ORIENTED_EDGE('',*,*,#3192,.T.);
#3195=ORIENTED_EDGE('',*,*,#3194,.T.);
#3197=ORIENTED_EDGE('',*,*,#3196,.F.);
#3198=ORIENTED_EDGE('',*,*,#3150,.F.);
#3199=EDGE_LOOP('',(#3193,#3195,#3197,#3198));
#3200=FACE_OUTER_BOUND('',#3199,.F.);
#3201=ADVANCED_FACE('',(#3200),#3191,.F.);
#3202=CARTESIAN_POINT('',(-2.719684016358E1,1.141E2,2.038018939929E2));
#3203=DIRECTION('',(0.E0,-1.E0,0.E0));
#3204=DIRECTION('',(-9.961946980917E-1,0.E0,-8.715574274766E-2));
#3205=AXIS2_PLACEMENT_3D('',#3202,#3203,#3204);
#3206=PLANE('',#3205);
#3208=ORIENTED_EDGE('',*,*,#3207,.T.);
#3210=ORIENTED_EDGE('',*,*,#3209,.T.);
#3211=ORIENTED_EDGE('',*,*,#3192,.F.);
#3212=ORIENTED_EDGE('',*,*,#3182,.T.);
#3213=EDGE_LOOP('',(#3208,#3210,#3211,#3212));
#3214=FACE_OUTER_BOUND('',#3213,.F.);
#3215=ADVANCED_FACE('',(#3214),#3206,.T.);
#3216=CARTESIAN_POINT('',(-2.000867335585E1,-3.000017078697E1,
2.132324738478E2));
#3217=DIRECTION('',(9.510565162952E-1,0.E0,3.090169943749E-1));
#3218=DIRECTION('',(3.090169943749E-1,0.E0,-9.510565162952E-1));
#3219=AXIS2_PLACEMENT_3D('',#3216,#3217,#3218);
#3220=PLANE('',#3219);
#3222=ORIENTED_EDGE('',*,*,#3221,.T.);
#3223=ORIENTED_EDGE('',*,*,#3207,.F.);
#3224=ORIENTED_EDGE('',*,*,#3180,.F.);
#3226=ORIENTED_EDGE('',*,*,#3225,.T.);
#3228=ORIENTED_EDGE('',*,*,#3227,.F.);
#3230=ORIENTED_EDGE('',*,*,#3229,.F.);
#3231=ORIENTED_EDGE('',*,*,#3168,.F.);
#3233=ORIENTED_EDGE('',*,*,#3232,.F.);
#3235=ORIENTED_EDGE('',*,*,#3234,.T.);
#3237=ORIENTED_EDGE('',*,*,#3236,.T.);
#3238=ORIENTED_EDGE('',*,*,#3160,.F.);
#3239=ORIENTED_EDGE('',*,*,#2694,.T.);
#3241=ORIENTED_EDGE('',*,*,#3240,.T.);
#3243=ORIENTED_EDGE('',*,*,#3242,.F.);
#3244=ORIENTED_EDGE('',*,*,#3154,.F.);
#3246=ORIENTED_EDGE('',*,*,#3245,.T.);
#3247=EDGE_LOOP('',(#3222,#3223,#3224,#3226,#3228,#3230,#3231,#3233,#3235,#3237,
#3238,#3239,#3241,#3243,#3244,#3246));
#3248=FACE_OUTER_BOUND('',#3247,.F.);
#3249=ADVANCED_FACE('',(#3248),#3220,.F.);
#3250=CARTESIAN_POINT('',(-1.706305096064E1,-3.000017078697E1,
2.025487463066E2));
#3251=DIRECTION('',(-6.691306063589E-1,0.E0,-7.431448254774E-1));
#3252=DIRECTION('',(-7.431448254774E-1,0.E0,6.691306063589E-1));
#3253=AXIS2_PLACEMENT_3D('',#3250,#3251,#3252);
#3254=PLANE('',#3253);
#3255=ORIENTED_EDGE('',*,*,#3221,.F.);
#3257=ORIENTED_EDGE('',*,*,#3256,.T.);
#3258=ORIENTED_EDGE('',*,*,#3194,.F.);
#3259=ORIENTED_EDGE('',*,*,#3209,.F.);
#3260=EDGE_LOOP('',(#3255,#3257,#3258,#3259));
#3261=FACE_OUTER_BOUND('',#3260,.F.);
#3262=ADVANCED_FACE('',(#3261),#3254,.T.);
#3263=CARTESIAN_POINT('',(-2.719684016358E1,1.164E2,2.038018939929E2));
#3264=DIRECTION('',(0.E0,-1.E0,0.E0));
#3265=DIRECTION('',(-9.961946980917E-1,0.E0,-8.715574274766E-2));
#3266=AXIS2_PLACEMENT_3D('',#3263,#3264,#3265);
#3267=PLANE('',#3266);
#3268=ORIENTED_EDGE('',*,*,#3256,.F.);
#3269=ORIENTED_EDGE('',*,*,#3245,.F.);
#3270=ORIENTED_EDGE('',*,*,#3152,.F.);
#3271=ORIENTED_EDGE('',*,*,#3196,.T.);
#3272=EDGE_LOOP('',(#3268,#3269,#3270,#3271));
#3273=FACE_OUTER_BOUND('',#3272,.F.);
#3274=ADVANCED_FACE('',(#3273),#3267,.F.);
#3275=CARTESIAN_POINT('',(-2.506239340343E1,4.640000000001E1,2.045027465774E2));
#3276=DIRECTION('',(0.E0,-1.E0,0.E0));
#3277=DIRECTION('',(-9.961946980917E-1,0.E0,-8.715574274766E-2));
#3278=AXIS2_PLACEMENT_3D('',#3275,#3276,#3277);
#3279=PLANE('',#3278);
#3281=ORIENTED_EDGE('',*,*,#3280,.F.);
#3283=ORIENTED_EDGE('',*,*,#3282,.T.);
#3284=ORIENTED_EDGE('',*,*,#3225,.F.);
#3285=ORIENTED_EDGE('',*,*,#3178,.F.);
#3286=EDGE_LOOP('',(#3281,#3283,#3284,#3285));
#3287=FACE_OUTER_BOUND('',#3286,.F.);
#3288=ADVANCED_FACE('',(#3287),#3279,.F.);
#3289=CARTESIAN_POINT('',(4.906446523475E1,4.610000000001E1,
-1.249008647619E-6));
#3290=DIRECTION('',(3.090169943749E-1,0.E0,-9.510565162952E-1));
#3291=DIRECTION('',(-9.510565162952E-1,0.E0,-3.090169943749E-1));
#3292=AXIS2_PLACEMENT_3D('',#3289,#3290,#3291);
#3293=CYLINDRICAL_SURFACE('',#3292,3.E-1);
#3294=ORIENTED_EDGE('',*,*,#3280,.T.);
#3295=ORIENTED_EDGE('',*,*,#3176,.F.);
#3297=ORIENTED_EDGE('',*,*,#3296,.F.);
#3299=ORIENTED_EDGE('',*,*,#3298,.T.);
#3300=EDGE_LOOP('',(#3294,#3295,#3297,#3299));
#3301=FACE_OUTER_BOUND('',#3300,.F.);
#3302=ADVANCED_FACE('',(#3301),#3293,.T.);
#3303=CARTESIAN_POINT('',(-1.706305096064E1,9.605000000001E1,2.025487463066E2));
#3304=DIRECTION('',(-9.510565162952E-1,0.E0,-3.090169943749E-1));
#3305=DIRECTION('',(-3.090169943749E-1,0.E0,9.510565162952E-1));
#3306=AXIS2_PLACEMENT_3D('',#3303,#3304,#3305);
#3307=PLANE('',#3306);
#3308=ORIENTED_EDGE('',*,*,#3296,.T.);
#3309=ORIENTED_EDGE('',*,*,#3174,.T.);
#3311=ORIENTED_EDGE('',*,*,#3310,.F.);
#3313=ORIENTED_EDGE('',*,*,#3312,.F.);
#3314=EDGE_LOOP('',(#3308,#3309,#3311,#3313));
#3315=FACE_OUTER_BOUND('',#3314,.F.);
#3316=ADVANCED_FACE('',(#3315),#3307,.T.);
#3317=CARTESIAN_POINT('',(4.906446523475E1,4.470000000001E1,
-1.249008647619E-6));
#3318=DIRECTION('',(3.090169943749E-1,0.E0,-9.510565162952E-1));
#3319=DIRECTION('',(-9.510565162952E-1,0.E0,-3.090169943749E-1));
#3320=AXIS2_PLACEMENT_3D('',#3317,#3318,#3319);
#3321=CYLINDRICAL_SURFACE('',#3320,3.E-1);
#3323=ORIENTED_EDGE('',*,*,#3322,.F.);
#3325=ORIENTED_EDGE('',*,*,#3324,.T.);
#3326=ORIENTED_EDGE('',*,*,#3310,.T.);
#3327=ORIENTED_EDGE('',*,*,#3172,.F.);
#3328=EDGE_LOOP('',(#3323,#3325,#3326,#3327));
#3329=FACE_OUTER_BOUND('',#3328,.F.);
#3330=ADVANCED_FACE('',(#3329),#3321,.T.);
#3331=CARTESIAN_POINT('',(-2.506239340343E1,4.440000000001E1,2.045027465774E2));
#3332=DIRECTION('',(0.E0,-1.E0,0.E0));
#3333=DIRECTION('',(-9.961946980917E-1,0.E0,-8.715574274766E-2));
#3334=AXIS2_PLACEMENT_3D('',#3331,#3332,#3333);
#3335=PLANE('',#3334);
#3336=ORIENTED_EDGE('',*,*,#3322,.T.);
#3337=ORIENTED_EDGE('',*,*,#3170,.T.);
#3338=ORIENTED_EDGE('',*,*,#3229,.T.);
#3340=ORIENTED_EDGE('',*,*,#3339,.F.);
#3341=EDGE_LOOP('',(#3336,#3337,#3338,#3340));
#3342=FACE_OUTER_BOUND('',#3341,.F.);
#3343=ADVANCED_FACE('',(#3342),#3335,.T.);
#3344=CARTESIAN_POINT('',(-1.675403396627E1,-3.000017078697E1,
2.015976897903E2));
#3345=DIRECTION('',(3.090169943748E-1,0.E0,-9.510565162952E-1));
#3346=DIRECTION('',(-9.510565162952E-1,0.E0,-3.090169943748E-1));
#3347=AXIS2_PLACEMENT_3D('',#3344,#3345,#3346);
#3348=PLANE('',#3347);
#3349=ORIENTED_EDGE('',*,*,#3282,.F.);
#3350=ORIENTED_EDGE('',*,*,#3298,.F.);
#3351=ORIENTED_EDGE('',*,*,#3312,.T.);
#3352=ORIENTED_EDGE('',*,*,#3324,.F.);
#3353=ORIENTED_EDGE('',*,*,#3339,.T.);
#3354=ORIENTED_EDGE('',*,*,#3227,.T.);
#3355=EDGE_LOOP('',(#3349,#3350,#3351,#3352,#3353,#3354));
#3356=FACE_OUTER_BOUND('',#3355,.F.);
#3357=ADVANCED_FACE('',(#3356),#3348,.T.);
#3358=CARTESIAN_POINT('',(-3.073621120487E1,-2.329999999999E1,
2.043789807720E2));
#3359=DIRECTION('',(0.E0,1.E0,0.E0));
#3360=DIRECTION('',(-9.961946980917E-1,0.E0,-8.715574274766E-2));
#3361=AXIS2_PLACEMENT_3D('',#3358,#3359,#3360);
#3362=PLANE('',#3361);
#3364=ORIENTED_EDGE('',*,*,#3363,.T.);
#3365=ORIENTED_EDGE('',*,*,#3232,.T.);
#3366=ORIENTED_EDGE('',*,*,#3166,.T.);
#3368=ORIENTED_EDGE('',*,*,#3367,.F.);
#3369=EDGE_LOOP('',(#3364,#3365,#3366,#3368));
#3370=FACE_OUTER_BOUND('',#3369,.F.);
#3371=ADVANCED_FACE('',(#3370),#3362,.T.);
#3372=CARTESIAN_POINT('',(-1.706305096064E1,-3.000017078697E1,
2.025487463066E2));
#3373=DIRECTION('',(-6.691306063589E-1,0.E0,-7.431448254774E-1));
#3374=DIRECTION('',(-7.431448254774E-1,0.E0,6.691306063589E-1));
#3375=AXIS2_PLACEMENT_3D('',#3372,#3373,#3374);
#3376=PLANE('',#3375);
#3377=ORIENTED_EDGE('',*,*,#3234,.F.);
#3378=ORIENTED_EDGE('',*,*,#3363,.F.);
#3380=ORIENTED_EDGE('',*,*,#3379,.F.);
#3382=ORIENTED_EDGE('',*,*,#3381,.T.);
#3383=EDGE_LOOP('',(#3377,#3378,#3380,#3382));
#3384=FACE_OUTER_BOUND('',#3383,.F.);
#3385=ADVANCED_FACE('',(#3384),#3376,.T.);
#3386=CARTESIAN_POINT('',(-2.048420161400E1,-3.000017078697E1,
2.130779653507E2));
#3387=DIRECTION('',(9.510565162952E-1,0.E0,3.090169943749E-1));
#3388=DIRECTION('',(3.090169943749E-1,0.E0,-9.510565162952E-1));
#3389=AXIS2_PLACEMENT_3D('',#3386,#3387,#3388);
#3390=PLANE('',#3389);
#3392=ORIENTED_EDGE('',*,*,#3391,.F.);
#3393=ORIENTED_EDGE('',*,*,#3379,.T.);
#3394=ORIENTED_EDGE('',*,*,#3367,.T.);
#3395=ORIENTED_EDGE('',*,*,#3164,.F.);
#3396=EDGE_LOOP('',(#3392,#3393,#3394,#3395));
#3397=FACE_OUTER_BOUND('',#3396,.F.);
#3398=ADVANCED_FACE('',(#3397),#3390,.F.);
#3399=CARTESIAN_POINT('',(-3.073621120487E1,-2.559999999999E1,
2.043789807720E2));
#3400=DIRECTION('',(0.E0,1.E0,0.E0));
#3401=DIRECTION('',(-9.961946980917E-1,0.E0,-8.715574274766E-2));
#3402=AXIS2_PLACEMENT_3D('',#3399,#3400,#3401);
#3403=PLANE('',#3402);
#3404=ORIENTED_EDGE('',*,*,#3236,.F.);
#3405=ORIENTED_EDGE('',*,*,#3381,.F.);
#3406=ORIENTED_EDGE('',*,*,#3391,.T.);
#3407=ORIENTED_EDGE('',*,*,#3162,.F.);
#3408=EDGE_LOOP('',(#3404,#3405,#3406,#3407));
#3409=FACE_OUTER_BOUND('',#3408,.F.);
#3410=ADVANCED_FACE('',(#3409),#3403,.F.);
#3411=CARTESIAN_POINT('',(-1.530888223763E1,4.540000000001E1,2.020040720726E2));
#3412=DIRECTION('',(0.E0,1.E0,0.E0));
#3413=DIRECTION('',(1.E0,0.E0,0.E0));
#3414=AXIS2_PLACEMENT_3D('',#3411,#3412,#3413);
#3415=CYLINDRICAL_SURFACE('',#3414,1.E0);
#3416=ORIENTED_EDGE('',*,*,#3240,.F.);
#3417=ORIENTED_EDGE('',*,*,#2692,.F.);
#3419=ORIENTED_EDGE('',*,*,#3418,.F.);
#3421=ORIENTED_EDGE('',*,*,#3420,.T.);
#3423=ORIENTED_EDGE('',*,*,#3422,.F.);
#3425=ORIENTED_EDGE('',*,*,#3424,.T.);
#3426=EDGE_LOOP('',(#3416,#3417,#3419,#3421,#3423,#3425));
#3427=FACE_OUTER_BOUND('',#3426,.F.);
#3428=ADVANCED_FACE('',(#3427),#3415,.T.);
#3429=CARTESIAN_POINT('',(-4.458665336613E1,-2.829999999999E1,
1.989406890868E2));
#3430=DIRECTION('',(9.961946980917E-1,0.E0,8.715574274766E-2));
#3431=DIRECTION('',(8.715574274766E-2,0.E0,-9.961946980917E-1));
#3432=AXIS2_PLACEMENT_3D('',#3429,#3430,#3431);
#3433=CYLINDRICAL_SURFACE('',#3432,5.E-1);
#3435=ORIENTED_EDGE('',*,*,#3434,.T.);
#3436=ORIENTED_EDGE('',*,*,#3418,.T.);
#3437=ORIENTED_EDGE('',*,*,#2690,.F.);
#3439=ORIENTED_EDGE('',*,*,#3438,.T.);
#3440=EDGE_LOOP('',(#3435,#3436,#3437,#3439));
#3441=FACE_OUTER_BOUND('',#3440,.F.);
#3442=ADVANCED_FACE('',(#3441),#3433,.T.);
#3443=CARTESIAN_POINT('',(-8.713376973603E1,2.114E2,1.947163888199E2));
#3444=DIRECTION('',(8.715574274766E-2,0.E0,-9.961946980917E-1));
#3445=DIRECTION('',(9.961946980917E-1,0.E0,8.715574274766E-2));
#3446=AXIS2_PLACEMENT_3D('',#3443,#3444,#3445);
#3447=PLANE('',#3446);
#3448=ORIENTED_EDGE('',*,*,#3434,.F.);
#3450=ORIENTED_EDGE('',*,*,#3449,.F.);
#3452=ORIENTED_EDGE('',*,*,#3451,.F.);
#3454=ORIENTED_EDGE('',*,*,#3453,.F.);
#3456=ORIENTED_EDGE('',*,*,#3455,.F.);
#3458=ORIENTED_EDGE('',*,*,#3457,.F.);
#3460=ORIENTED_EDGE('',*,*,#3459,.F.);
#3461=ORIENTED_EDGE('',*,*,#3420,.F.);
#3462=EDGE_LOOP('',(#3448,#3450,#3452,#3454,#3456,#3458,#3460,#3461));
#3463=FACE_OUTER_BOUND('',#3462,.F.);
#3464=ADVANCED_FACE('',(#3463),#3447,.T.);
#3465=CARTESIAN_POINT('',(-2.335082934057E1,-3.000017078697E1,
2.053157722186E2));
#3466=DIRECTION('',(0.E0,1.E0,0.E0));
#3467=DIRECTION('',(1.E0,0.E0,0.E0));
#3468=AXIS2_PLACEMENT_3D('',#3465,#3466,#3467);
#3469=CYLINDRICAL_SURFACE('',#3468,5.E0);
#3471=ORIENTED_EDGE('',*,*,#3470,.T.);
#3473=ORIENTED_EDGE('',*,*,#3472,.F.);
#3475=ORIENTED_EDGE('',*,*,#3474,.F.);
#3476=ORIENTED_EDGE('',*,*,#3449,.T.);
#3477=EDGE_LOOP('',(#3471,#3473,#3475,#3476));
#3478=FACE_OUTER_BOUND('',#3477,.F.);
#3479=ADVANCED_FACE('',(#3478),#3469,.T.);
#3480=CARTESIAN_POINT('',(-2.335082934057E1,-2.829999999999E1,
2.053157722186E2));
#3481=DIRECTION('',(0.E0,1.E0,0.E0));
#3482=DIRECTION('',(1.E0,0.E0,0.E0));
#3483=AXIS2_PLACEMENT_3D('',#3480,#3481,#3482);
#3484=TOROIDAL_SURFACE('',#3483,4.5E0,5.E-1);
#3485=ORIENTED_EDGE('',*,*,#3470,.F.);
#3486=ORIENTED_EDGE('',*,*,#3438,.F.);
#3487=ORIENTED_EDGE('',*,*,#2688,.T.);
#3488=ORIENTED_EDGE('',*,*,#2674,.T.);
#3489=EDGE_LOOP('',(#3485,#3486,#3487,#3488));
#3490=FACE_OUTER_BOUND('',#3489,.F.);
#3491=ADVANCED_FACE('',(#3490),#3484,.T.);
#3492=CARTESIAN_POINT('',(-3.655972431803E1,6.040000000001E1,2.076737138458E2));
#3493=DIRECTION('',(-5.299192642332E-1,0.E0,-8.480480961564E-1));
#3494=DIRECTION('',(8.480480961564E-1,0.E0,-5.299192642332E-1));
#3495=AXIS2_PLACEMENT_3D('',#3492,#3493,#3494);
#3496=PLANE('',#3495);
#3497=ORIENTED_EDGE('',*,*,#2644,.T.);
#3499=ORIENTED_EDGE('',*,*,#3498,.F.);
#3500=ORIENTED_EDGE('',*,*,#3472,.T.);
#3501=ORIENTED_EDGE('',*,*,#2672,.T.);
#3502=EDGE_LOOP('',(#3497,#3499,#3500,#3501));
#3503=FACE_OUTER_BOUND('',#3502,.F.);
#3504=ADVANCED_FACE('',(#3503),#3496,.T.);
#3505=CARTESIAN_POINT('',(-7.400004585790E-1,-2.909999999999E1,
1.858806554139E2));
#3506=DIRECTION('',(-8.480480961564E-1,0.E0,5.299192642332E-1));
#3507=DIRECTION('',(5.299192642332E-1,0.E0,8.480480961564E-1));
#3508=AXIS2_PLACEMENT_3D('',#3505,#3506,#3507);
#3509=CYLINDRICAL_SURFACE('',#3508,5.E-1);
#3510=ORIENTED_EDGE('',*,*,#2395,.F.);
#3512=ORIENTED_EDGE('',*,*,#3511,.F.);
#3513=ORIENTED_EDGE('',*,*,#3498,.T.);
#3514=ORIENTED_EDGE('',*,*,#2629,.T.);
#3515=EDGE_LOOP('',(#3510,#3512,#3513,#3514));
#3516=FACE_OUTER_BOUND('',#3515,.F.);
#3517=ADVANCED_FACE('',(#3516),#3509,.T.);
#3518=CARTESIAN_POINT('',(-2.335082934057E1,-2.909999999999E1,
2.053157722186E2));
#3519=DIRECTION('',(0.E0,1.E0,0.E0));
#3520=DIRECTION('',(1.E0,0.E0,0.E0));
#3521=AXIS2_PLACEMENT_3D('',#3518,#3519,#3520);
#3522=TOROIDAL_SURFACE('',#3521,4.5E0,5.E-1);
#3523=ORIENTED_EDGE('',*,*,#3474,.T.);
#3524=ORIENTED_EDGE('',*,*,#3511,.T.);
#3525=ORIENTED_EDGE('',*,*,#2393,.F.);
#3527=ORIENTED_EDGE('',*,*,#3526,.F.);
#3528=EDGE_LOOP('',(#3523,#3524,#3525,#3527));
#3529=FACE_OUTER_BOUND('',#3528,.F.);
#3530=ADVANCED_FACE('',(#3529),#3522,.T.);
#3531=CARTESIAN_POINT('',(-7.400004585790E-1,-2.909999999999E1,
2.027767741498E2));
#3532=DIRECTION('',(-9.961946980917E-1,0.E0,-8.715574274766E-2));
#3533=DIRECTION('',(-8.715574274766E-2,0.E0,9.961946980917E-1));
#3534=AXIS2_PLACEMENT_3D('',#3531,#3532,#3533);
#3535=CYLINDRICAL_SURFACE('',#3534,5.E-1);
#3536=ORIENTED_EDGE('',*,*,#2391,.F.);
#3538=ORIENTED_EDGE('',*,*,#3537,.F.);
#3540=ORIENTED_EDGE('',*,*,#3539,.F.);
#3541=ORIENTED_EDGE('',*,*,#3451,.T.);
#3542=ORIENTED_EDGE('',*,*,#3526,.T.);
#3543=EDGE_LOOP('',(#3536,#3538,#3540,#3541,#3542));
#3544=FACE_OUTER_BOUND('',#3543,.F.);
#3545=ADVANCED_FACE('',(#3544),#3535,.T.);
#3546=CARTESIAN_POINT('',(-1.484358991903E1,-2.909999999999E1,
2.015428699570E2));
#3547=DIRECTION('',(6.055374536078E-1,-5.533875347222E-1,-5.719148788869E-1));
#3548=DIRECTION('',(-6.866352057333E-1,0.E0,-7.270021280901E-1));
#3549=AXIS2_PLACEMENT_3D('',#3546,#3547,#3548);
#3550=SPHERICAL_SURFACE('',#3549,5.E-1);
#3552=ORIENTED_EDGE('',*,*,#3551,.F.);
#3554=ORIENTED_EDGE('',*,*,#3553,.T.);
#3555=ORIENTED_EDGE('',*,*,#3537,.T.);
#3557=ORIENTED_EDGE('',*,*,#3556,.F.);
#3558=EDGE_LOOP('',(#3552,#3554,#3555,#3557));
#3559=FACE_OUTER_BOUND('',#3558,.F.);
#3560=ADVANCED_FACE('',(#3559),#3550,.T.);
#3561=CARTESIAN_POINT('',(-1.484358991903E1,-2.909999999999E1,
2.015428699570E2));
#3562=DIRECTION('',(6.055374536078E-1,-5.533875347222E-1,-5.719148788869E-1));
#3563=DIRECTION('',(-6.866352057333E-1,0.E0,-7.270021280901E-1));
#3564=AXIS2_PLACEMENT_3D('',#3561,#3562,#3563);
#3565=SPHERICAL_SURFACE('',#3564,5.E-1);
#3567=ORIENTED_EDGE('',*,*,#3566,.T.);
#3568=ORIENTED_EDGE('',*,*,#3539,.T.);
#3569=ORIENTED_EDGE('',*,*,#3553,.F.);
#3570=ORIENTED_EDGE('',*,*,#3551,.T.);
#3572=ORIENTED_EDGE('',*,*,#3571,.F.);
#3573=EDGE_LOOP('',(#3567,#3568,#3569,#3570,#3572));
#3574=FACE_OUTER_BOUND('',#3573,.F.);
#3575=ADVANCED_FACE('',(#3574),#3565,.T.);
#3576=CARTESIAN_POINT('',(-1.484358991903E1,-3.000017078697E1,
2.015428699570E2));
#3577=DIRECTION('',(0.E0,1.E0,0.E0));
#3578=DIRECTION('',(1.E0,0.E0,0.E0));
#3579=AXIS2_PLACEMENT_3D('',#3576,#3577,#3578);
#3580=CYLINDRICAL_SURFACE('',#3579,5.E-1);
#3581=ORIENTED_EDGE('',*,*,#3566,.F.);
#3583=ORIENTED_EDGE('',*,*,#3582,.F.);
#3585=ORIENTED_EDGE('',*,*,#3584,.T.);
#3587=ORIENTED_EDGE('',*,*,#3586,.T.);
#3588=ORIENTED_EDGE('',*,*,#3453,.T.);
#3589=EDGE_LOOP('',(#3581,#3583,#3585,#3587,#3588));
#3590=FACE_OUTER_BOUND('',#3589,.F.);
#3591=ADVANCED_FACE('',(#3590),#3580,.T.);
#3592=CARTESIAN_POINT('',(-1.829677162652E1,-3.000017078697E1,
2.137887044377E2));
#3593=DIRECTION('',(9.510565162952E-1,0.E0,3.090169943749E-1));
#3594=DIRECTION('',(3.090169943749E-1,0.E0,-9.510565162952E-1));
#3595=AXIS2_PLACEMENT_3D('',#3592,#3593,#3594);
#3596=PLANE('',#3595);
#3598=ORIENTED_EDGE('',*,*,#3597,.T.);
#3599=ORIENTED_EDGE('',*,*,#3582,.T.);
#3601=ORIENTED_EDGE('',*,*,#3600,.F.);
#3603=ORIENTED_EDGE('',*,*,#3602,.T.);
#3604=EDGE_LOOP('',(#3598,#3599,#3601,#3603));
#3605=FACE_OUTER_BOUND('',#3604,.F.);
#3606=ADVANCED_FACE('',(#3605),#3596,.T.);
#3607=CARTESIAN_POINT('',(5.064165857111E1,1.199E2,-1.249008647619E-6));
#3608=DIRECTION('',(3.090169943749E-1,0.E0,-9.510565162952E-1));
#3609=DIRECTION('',(-9.510565162952E-1,0.E0,-3.090169943749E-1));
#3610=AXIS2_PLACEMENT_3D('',#3607,#3608,#3609);
#3611=CYLINDRICAL_SURFACE('',#3610,5.E-1);
#3613=ORIENTED_EDGE('',*,*,#3612,.F.);
#3615=ORIENTED_EDGE('',*,*,#3614,.F.);
#3616=ORIENTED_EDGE('',*,*,#2075,.T.);
#3618=ORIENTED_EDGE('',*,*,#3617,.T.);
#3619=ORIENTED_EDGE('',*,*,#3597,.F.);
#3620=EDGE_LOOP('',(#3613,#3615,#3616,#3618,#3619));
#3621=FACE_OUTER_BOUND('',#3620,.F.);
#3622=ADVANCED_FACE('',(#3621),#3611,.T.);
#3623=CARTESIAN_POINT('',(-1.864939827657E1,1.199E2,2.132559436846E2));
#3624=DIRECTION('',(5.841737818910E-1,4.644256716895E-1,6.656198524886E-1));
#3625=DIRECTION('',(7.515929952540E-1,0.E0,-6.596271442908E-1));
#3626=AXIS2_PLACEMENT_3D('',#3623,#3624,#3625);
#3627=SPHERICAL_SURFACE('',#3626,5.E-1);
#3628=ORIENTED_EDGE('',*,*,#3612,.T.);
#3630=ORIENTED_EDGE('',*,*,#3629,.F.);
#3632=ORIENTED_EDGE('',*,*,#3631,.T.);
#3634=ORIENTED_EDGE('',*,*,#3633,.F.);
#3636=ORIENTED_EDGE('',*,*,#3635,.T.);
#3637=EDGE_LOOP('',(#3628,#3630,#3632,#3634,#3636));
#3638=FACE_OUTER_BOUND('',#3637,.F.);
#3639=ADVANCED_FACE('',(#3638),#3627,.T.);
#3640=CARTESIAN_POINT('',(-1.864939827657E1,-3.000017078697E1,
2.132559436846E2));
#3641=DIRECTION('',(0.E0,1.E0,0.E0));
#3642=DIRECTION('',(1.E0,0.E0,0.E0));
#3643=AXIS2_PLACEMENT_3D('',#3640,#3641,#3642);
#3644=CYLINDRICAL_SURFACE('',#3643,5.E-1);
#3646=ORIENTED_EDGE('',*,*,#3645,.T.);
#3647=ORIENTED_EDGE('',*,*,#3629,.T.);
#3648=ORIENTED_EDGE('',*,*,#3602,.F.);
#3650=ORIENTED_EDGE('',*,*,#3649,.F.);
#3652=ORIENTED_EDGE('',*,*,#3651,.F.);
#3653=EDGE_LOOP('',(#3646,#3647,#3648,#3650,#3652));
#3654=FACE_OUTER_BOUND('',#3653,.F.);
#3655=ADVANCED_FACE('',(#3654),#3644,.T.);
#3656=CARTESIAN_POINT('',(-1.829675419536E1,1.514E2,2.137887059627E2));
#3657=DIRECTION('',(-8.715574274762E-2,0.E0,9.961946980917E-1));
#3658=DIRECTION('',(-9.961946980917E-1,0.E0,-8.715574274762E-2));
#3659=AXIS2_PLACEMENT_3D('',#3656,#3657,#3658);
#3660=PLANE('',#3659);
#3661=ORIENTED_EDGE('',*,*,#3645,.F.);
#3663=ORIENTED_EDGE('',*,*,#3662,.F.);
#3665=ORIENTED_EDGE('',*,*,#3664,.F.);
#3667=ORIENTED_EDGE('',*,*,#3666,.T.);
#3669=ORIENTED_EDGE('',*,*,#3668,.F.);
#3671=ORIENTED_EDGE('',*,*,#3670,.T.);
#3673=ORIENTED_EDGE('',*,*,#3672,.F.);
#3675=ORIENTED_EDGE('',*,*,#3674,.T.);
#3677=ORIENTED_EDGE('',*,*,#3676,.F.);
#3679=ORIENTED_EDGE('',*,*,#3678,.T.);
#3681=ORIENTED_EDGE('',*,*,#3680,.F.);
#3683=ORIENTED_EDGE('',*,*,#3682,.F.);
#3684=EDGE_LOOP('',(#3661,#3663,#3665,#3667,#3669,#3671,#3673,#3675,#3677,#3679,
#3681,#3683));
#3685=FACE_OUTER_BOUND('',#3684,.F.);
#3687=ORIENTED_EDGE('',*,*,#3686,.T.);
#3689=ORIENTED_EDGE('',*,*,#3688,.F.);
#3691=ORIENTED_EDGE('',*,*,#3690,.F.);
#3693=ORIENTED_EDGE('',*,*,#3692,.F.);
#3694=EDGE_LOOP('',(#3687,#3689,#3691,#3693));
#3695=FACE_BOUND('',#3694,.F.);
#3696=ADVANCED_FACE('',(#3685,#3695),#3660,.T.);
#3697=CARTESIAN_POINT('',(-2.330387440861E1,4.440000000001E1,2.136517856585E2));
#3698=DIRECTION('',(0.E0,1.E0,0.E0));
#3699=DIRECTION('',(-8.715574274762E-2,0.E0,9.961946980917E-1));
#3700=AXIS2_PLACEMENT_3D('',#3697,#3698,#3699);
#3701=CYLINDRICAL_SURFACE('',#3700,1.E0);
#3703=ORIENTED_EDGE('',*,*,#3702,.F.);
#3704=ORIENTED_EDGE('',*,*,#3686,.F.);
#3706=ORIENTED_EDGE('',*,*,#3705,.F.);
#3707=ORIENTED_EDGE('',*,*,#3690,.T.);
#3708=EDGE_LOOP('',(#3703,#3704,#3706,#3707));
#3709=FACE_OUTER_BOUND('',#3708,.F.);
#3710=ADVANCED_FACE('',(#3709),#3701,.F.);
#3711=CARTESIAN_POINT('',(-2.330387440861E1,1.054E2,2.136517856585E2));
#3712=DIRECTION('',(0.E0,1.E0,2.831355624528E-14));
#3713=DIRECTION('',(-8.715574274775E-2,-2.842170943041E-14,9.961946980917E-1));
#3714=AXIS2_PLACEMENT_3D('',#3711,#3712,#3713);
#3715=SPHERICAL_SURFACE('',#3714,1.E0);
#3716=ORIENTED_EDGE('',*,*,#3702,.T.);
#3717=ORIENTED_EDGE('',*,*,#3688,.T.);
#3718=EDGE_LOOP('',(#3716,#3717));
#3719=FACE_OUTER_BOUND('',#3718,.F.);
#3720=ADVANCED_FACE('',(#3719),#3715,.F.);
#3721=CARTESIAN_POINT('',(-2.330387440861E1,-1.459999999999E1,
2.136517856585E2));
#3722=DIRECTION('',(0.E0,-1.E0,2.831355624528E-14));
#3723=DIRECTION('',(8.715574274748E-2,-2.842170943041E-14,-9.961946980918E-1));
#3724=AXIS2_PLACEMENT_3D('',#3721,#3722,#3723);
#3725=SPHERICAL_SURFACE('',#3724,1.E0);
#3726=ORIENTED_EDGE('',*,*,#3692,.T.);
#3727=ORIENTED_EDGE('',*,*,#3705,.T.);
#3728=EDGE_LOOP('',(#3726,#3727));
#3729=FACE_OUTER_BOUND('',#3728,.F.);
#3730=ADVANCED_FACE('',(#3729),#3725,.F.);
#3731=CARTESIAN_POINT('',(-7.400004585790E-1,-2.909999999999E1,
2.148228129643E2));
#3732=DIRECTION('',(9.961946980917E-1,0.E0,8.715574274762E-2));
#3733=DIRECTION('',(8.715574274762E-2,0.E0,-9.961946980917E-1));
#3734=AXIS2_PLACEMENT_3D('',#3731,#3732,#3733);
#3735=CYLINDRICAL_SURFACE('',#3734,5.E-1);
#3736=ORIENTED_EDGE('',*,*,#2387,.F.);
#3738=ORIENTED_EDGE('',*,*,#3737,.T.);
#3739=ORIENTED_EDGE('',*,*,#3662,.T.);
#3741=ORIENTED_EDGE('',*,*,#3740,.T.);
#3742=EDGE_LOOP('',(#3736,#3738,#3739,#3741));
#3743=FACE_OUTER_BOUND('',#3742,.F.);
#3744=ADVANCED_FACE('',(#3743),#3735,.T.);
#3745=CARTESIAN_POINT('',(-5.476779927468E1,-2.909999999999E1,
1.102159192170E2));
#3746=DIRECTION('',(0.E0,-1.E0,0.E0));
#3747=DIRECTION('',(-1.E0,0.E0,0.E0));
#3748=AXIS2_PLACEMENT_3D('',#3745,#3746,#3747);
#3749=TOROIDAL_SURFACE('',#3748,9.95E1,5.E-1);
#3751=ORIENTED_EDGE('',*,*,#3750,.F.);
#3752=ORIENTED_EDGE('',*,*,#3737,.F.);
#3753=ORIENTED_EDGE('',*,*,#2385,.T.);
#3754=ORIENTED_EDGE('',*,*,#2366,.T.);
#3755=EDGE_LOOP('',(#3751,#3752,#3753,#3754));
#3756=FACE_OUTER_BOUND('',#3755,.F.);
#3757=ADVANCED_FACE('',(#3756),#3749,.T.);
#3758=CARTESIAN_POINT('',(-5.476779927468E1,6.890000000001E1,1.102159192170E2));
#3759=DIRECTION('',(0.E0,-1.E0,0.E0));
#3760=DIRECTION('',(-9.961946980917E-1,0.E0,-8.715574274766E-2));
#3761=AXIS2_PLACEMENT_3D('',#3758,#3759,#3760);
#3762=CYLINDRICAL_SURFACE('',#3761,1.E2);
#3763=ORIENTED_EDGE('',*,*,#3750,.T.);
#3764=ORIENTED_EDGE('',*,*,#2335,.F.);
#3766=ORIENTED_EDGE('',*,*,#3765,.F.);
#3767=ORIENTED_EDGE('',*,*,#3680,.T.);
#3769=ORIENTED_EDGE('',*,*,#3768,.T.);
#3770=ORIENTED_EDGE('',*,*,#3664,.T.);
#3771=EDGE_LOOP('',(#3763,#3764,#3766,#3767,#3769,#3770));
#3772=FACE_OUTER_BOUND('',#3771,.F.);
#3773=ADVANCED_FACE('',(#3772),#3762,.T.);
#3774=CARTESIAN_POINT('',(-5.476779927468E1,1.199E2,1.102159192170E2));
#3775=DIRECTION('',(0.E0,-1.E0,0.E0));
#3776=DIRECTION('',(-1.E0,0.E0,0.E0));
#3777=AXIS2_PLACEMENT_3D('',#3774,#3775,#3776);
#3778=TOROIDAL_SURFACE('',#3777,9.95E1,5.E-1);
#3779=ORIENTED_EDGE('',*,*,#2079,.F.);
#3781=ORIENTED_EDGE('',*,*,#3780,.F.);
#3782=ORIENTED_EDGE('',*,*,#3765,.T.);
#3783=ORIENTED_EDGE('',*,*,#2319,.T.);
#3784=EDGE_LOOP('',(#3779,#3781,#3782,#3783));
#3785=FACE_OUTER_BOUND('',#3784,.F.);
#3786=ADVANCED_FACE('',(#3785),#3778,.T.);
#3787=CARTESIAN_POINT('',(-7.400004585790E-1,1.199E2,2.148228129643E2));
#3788=DIRECTION('',(-9.961946980917E-1,0.E0,-8.715574274762E-2));
#3789=DIRECTION('',(-8.715574274762E-2,0.E0,9.961946980917E-1));
#3790=AXIS2_PLACEMENT_3D('',#3787,#3788,#3789);
#3791=CYLINDRICAL_SURFACE('',#3790,5.E-1);
#3792=ORIENTED_EDGE('',*,*,#2077,.F.);
#3794=ORIENTED_EDGE('',*,*,#3793,.F.);
#3795=ORIENTED_EDGE('',*,*,#3631,.F.);
#3796=ORIENTED_EDGE('',*,*,#3682,.T.);
#3797=ORIENTED_EDGE('',*,*,#3780,.T.);
#3798=EDGE_LOOP('',(#3792,#3794,#3795,#3796,#3797));
#3799=FACE_OUTER_BOUND('',#3798,.F.);
#3800=ADVANCED_FACE('',(#3799),#3791,.T.);
#3801=CARTESIAN_POINT('',(-1.864939827657E1,1.199E2,2.132559436846E2));
#3802=DIRECTION('',(5.841737818910E-1,4.644256716895E-1,6.656198524886E-1));
#3803=DIRECTION('',(7.515929952540E-1,0.E0,-6.596271442908E-1));
#3804=AXIS2_PLACEMENT_3D('',#3801,#3802,#3803);
#3805=SPHERICAL_SURFACE('',#3804,5.E-1);
#3806=ORIENTED_EDGE('',*,*,#3633,.T.);
#3807=ORIENTED_EDGE('',*,*,#3793,.T.);
#3808=ORIENTED_EDGE('',*,*,#3614,.T.);
#3809=ORIENTED_EDGE('',*,*,#3635,.F.);
#3810=EDGE_LOOP('',(#3806,#3807,#3808,#3809));
#3811=FACE_OUTER_BOUND('',#3810,.F.);
#3812=ADVANCED_FACE('',(#3811),#3805,.T.);
#3813=CARTESIAN_POINT('',(-1.829675419536E1,1.514E2,2.137887059627E2));
#3814=DIRECTION('',(-8.715574274762E-2,0.E0,9.961946980917E-1));
#3815=DIRECTION('',(-9.961946980917E-1,0.E0,-8.715574274762E-2));
#3816=AXIS2_PLACEMENT_3D('',#3813,#3814,#3815);
#3817=PLANE('',#3816);
#3818=ORIENTED_EDGE('',*,*,#3676,.T.);
#3819=ORIENTED_EDGE('',*,*,#3674,.F.);
#3820=ORIENTED_EDGE('',*,*,#3672,.T.);
#3821=ORIENTED_EDGE('',*,*,#3670,.F.);
#3822=ORIENTED_EDGE('',*,*,#3668,.T.);
#3823=ORIENTED_EDGE('',*,*,#3666,.F.);
#3824=ORIENTED_EDGE('',*,*,#3768,.F.);
#3825=ORIENTED_EDGE('',*,*,#3678,.F.);
#3826=EDGE_LOOP('',(#3818,#3819,#3820,#3821,#3822,#3823,#3824,#3825));
#3827=FACE_OUTER_BOUND('',#3826,.F.);
#3828=ADVANCED_FACE('',(#3827),#3817,.T.);
#3829=CARTESIAN_POINT('',(-1.864939827657E1,-2.909999999999E1,
2.132559436846E2));
#3830=DIRECTION('',(3.902783851018E-1,-7.071067811865E-1,5.896463195191E-1));
#3831=DIRECTION('',(0.E0,6.404347830015E-1,7.680125576589E-1));
#3832=AXIS2_PLACEMENT_3D('',#3829,#3830,#3831);
#3833=SPHERICAL_SURFACE('',#3832,5.E-1);
#3835=ORIENTED_EDGE('',*,*,#3834,.T.);
#3836=ORIENTED_EDGE('',*,*,#3740,.F.);
#3837=ORIENTED_EDGE('',*,*,#3651,.T.);
#3839=ORIENTED_EDGE('',*,*,#3838,.F.);
#3841=ORIENTED_EDGE('',*,*,#3840,.T.);
#3842=EDGE_LOOP('',(#3835,#3836,#3837,#3839,#3841));
#3843=FACE_OUTER_BOUND('',#3842,.F.);
#3844=ADVANCED_FACE('',(#3843),#3833,.T.);
#3845=CARTESIAN_POINT('',(5.393075485307E1,-2.909999999999E1,
-1.012279872820E1));
#3846=DIRECTION('',(3.090169943749E-1,0.E0,-9.510565162952E-1));
#3847=DIRECTION('',(-9.510565162952E-1,0.E0,-3.090169943749E-1));
#3848=AXIS2_PLACEMENT_3D('',#3845,#3846,#3847);
#3849=CYLINDRICAL_SURFACE('',#3848,5.E-1);
#3850=ORIENTED_EDGE('',*,*,#2389,.F.);
#3851=ORIENTED_EDGE('',*,*,#3834,.F.);
#3853=ORIENTED_EDGE('',*,*,#3852,.F.);
#3854=ORIENTED_EDGE('',*,*,#3600,.T.);
#3855=ORIENTED_EDGE('',*,*,#3571,.T.);
#3856=ORIENTED_EDGE('',*,*,#3556,.T.);
#3857=EDGE_LOOP('',(#3850,#3851,#3853,#3854,#3855,#3856));
#3858=FACE_OUTER_BOUND('',#3857,.F.);
#3859=ADVANCED_FACE('',(#3858),#3849,.T.);
#3860=CARTESIAN_POINT('',(-1.864939827657E1,-2.909999999999E1,
2.132559436846E2));
#3861=DIRECTION('',(3.902783851018E-1,-7.071067811865E-1,5.896463195191E-1));
#3862=DIRECTION('',(0.E0,6.404347830015E-1,7.680125576589E-1));
#3863=AXIS2_PLACEMENT_3D('',#3860,#3861,#3862);
#3864=SPHERICAL_SURFACE('',#3863,5.E-1);
#3865=ORIENTED_EDGE('',*,*,#3840,.F.);
#3866=ORIENTED_EDGE('',*,*,#3838,.T.);
#3867=ORIENTED_EDGE('',*,*,#3649,.T.);
#3868=ORIENTED_EDGE('',*,*,#3852,.T.);
#3869=EDGE_LOOP('',(#3865,#3866,#3867,#3868));
#3870=FACE_OUTER_BOUND('',#3869,.F.);
#3871=ADVANCED_FACE('',(#3870),#3864,.T.);
#3872=CARTESIAN_POINT('',(-1.484358991903E1,1.199E2,2.015428699570E2));
#3873=DIRECTION('',(7.630527543677E-1,5.533875347223E-1,-3.339352189660E-1));
#3874=DIRECTION('',(5.870887623671E-1,-8.095225661477E-1,0.E0));
#3875=AXIS2_PLACEMENT_3D('',#3872,#3873,#3874);
#3876=SPHERICAL_SURFACE('',#3875,5.E-1);
#3878=ORIENTED_EDGE('',*,*,#3877,.F.);
#3880=ORIENTED_EDGE('',*,*,#3879,.T.);
#3881=ORIENTED_EDGE('',*,*,#3584,.F.);
#3882=ORIENTED_EDGE('',*,*,#3617,.F.);
#3884=ORIENTED_EDGE('',*,*,#3883,.F.);
#3885=EDGE_LOOP('',(#3878,#3880,#3881,#3882,#3884));
#3886=FACE_OUTER_BOUND('',#3885,.F.);
#3887=ADVANCED_FACE('',(#3886),#3876,.T.);
#3888=CARTESIAN_POINT('',(-1.484358991903E1,1.199E2,2.015428699570E2));
#3889=DIRECTION('',(7.630527543677E-1,5.533875347223E-1,-3.339352189660E-1));
#3890=DIRECTION('',(5.870887623671E-1,-8.095225661477E-1,0.E0));
#3891=AXIS2_PLACEMENT_3D('',#3888,#3889,#3890);
#3892=SPHERICAL_SURFACE('',#3891,5.E-1);
#3893=ORIENTED_EDGE('',*,*,#3586,.F.);
#3894=ORIENTED_EDGE('',*,*,#3879,.F.);
#3895=ORIENTED_EDGE('',*,*,#3877,.T.);
#3897=ORIENTED_EDGE('',*,*,#3896,.F.);
#3898=EDGE_LOOP('',(#3893,#3894,#3895,#3897));
#3899=FACE_OUTER_BOUND('',#3898,.F.);
#3900=ADVANCED_FACE('',(#3899),#3892,.T.);
#3901=CARTESIAN_POINT('',(-7.400004585790E-1,1.199E2,2.027767741498E2));
#3902=DIRECTION('',(9.961946980917E-1,0.E0,8.715574274766E-2));
#3903=DIRECTION('',(8.715574274766E-2,0.E0,-9.961946980917E-1));
#3904=AXIS2_PLACEMENT_3D('',#3901,#3902,#3903);
#3905=CYLINDRICAL_SURFACE('',#3904,5.E-1);
#3906=ORIENTED_EDGE('',*,*,#2073,.F.);
#3908=ORIENTED_EDGE('',*,*,#3907,.T.);
#3909=ORIENTED_EDGE('',*,*,#3455,.T.);
#3910=ORIENTED_EDGE('',*,*,#3896,.T.);
#3911=ORIENTED_EDGE('',*,*,#3883,.T.);
#3912=EDGE_LOOP('',(#3906,#3908,#3909,#3910,#3911));
#3913=FACE_OUTER_BOUND('',#3912,.F.);
#3914=ADVANCED_FACE('',(#3913),#3905,.T.);
#3915=CARTESIAN_POINT('',(-2.335082934057E1,1.199E2,2.053157722186E2));
#3916=DIRECTION('',(0.E0,1.E0,0.E0));
#3917=DIRECTION('',(1.E0,0.E0,0.E0));
#3918=AXIS2_PLACEMENT_3D('',#3915,#3916,#3917);
#3919=TOROIDAL_SURFACE('',#3918,4.5E0,5.E-1);
#3921=ORIENTED_EDGE('',*,*,#3920,.F.);
#3922=ORIENTED_EDGE('',*,*,#3907,.F.);
#3923=ORIENTED_EDGE('',*,*,#2071,.T.);
#3925=ORIENTED_EDGE('',*,*,#3924,.F.);
#3926=EDGE_LOOP('',(#3921,#3922,#3923,#3925));
#3927=FACE_OUTER_BOUND('',#3926,.F.);
#3928=ADVANCED_FACE('',(#3927),#3919,.T.);
#3929=CARTESIAN_POINT('',(-2.335082934057E1,-3.000017078697E1,
2.053157722186E2));
#3930=DIRECTION('',(0.E0,1.E0,0.E0));
#3931=DIRECTION('',(1.E0,0.E0,0.E0));
#3932=AXIS2_PLACEMENT_3D('',#3929,#3930,#3931);
#3933=CYLINDRICAL_SURFACE('',#3932,5.E0);
#3935=ORIENTED_EDGE('',*,*,#3934,.F.);
#3936=ORIENTED_EDGE('',*,*,#3457,.T.);
#3937=ORIENTED_EDGE('',*,*,#3920,.T.);
#3939=ORIENTED_EDGE('',*,*,#3938,.F.);
#3940=EDGE_LOOP('',(#3935,#3936,#3937,#3939));
#3941=FACE_OUTER_BOUND('',#3940,.F.);
#3942=ADVANCED_FACE('',(#3941),#3933,.T.);
#3943=CARTESIAN_POINT('',(-2.335082934057E1,1.191E2,2.053157722186E2));
#3944=DIRECTION('',(0.E0,1.E0,0.E0));
#3945=DIRECTION('',(1.E0,0.E0,0.E0));
#3946=AXIS2_PLACEMENT_3D('',#3943,#3944,#3945);
#3947=TOROIDAL_SURFACE('',#3946,4.5E0,5.E-1);
#3948=ORIENTED_EDGE('',*,*,#3934,.T.);
#3950=ORIENTED_EDGE('',*,*,#3949,.T.);
#3952=ORIENTED_EDGE('',*,*,#3951,.F.);
#3954=ORIENTED_EDGE('',*,*,#3953,.F.);
#3955=EDGE_LOOP('',(#3948,#3950,#3952,#3954));
#3956=FACE_OUTER_BOUND('',#3955,.F.);
#3957=ADVANCED_FACE('',(#3956),#3947,.T.);
#3958=CARTESIAN_POINT('',(-7.400004585790E-1,1.191E2,1.858806554139E2));
#3959=DIRECTION('',(-8.480480961564E-1,0.E0,5.299192642332E-1));
#3960=DIRECTION('',(5.299192642332E-1,0.E0,8.480480961564E-1));
#3961=AXIS2_PLACEMENT_3D('',#3958,#3959,#3960);
#3962=CYLINDRICAL_SURFACE('',#3961,5.E-1);
#3964=ORIENTED_EDGE('',*,*,#3963,.F.);
#3965=ORIENTED_EDGE('',*,*,#3949,.F.);
#3967=ORIENTED_EDGE('',*,*,#3966,.T.);
#3969=ORIENTED_EDGE('',*,*,#3968,.T.);
#3970=EDGE_LOOP('',(#3964,#3965,#3967,#3969));
#3971=FACE_OUTER_BOUND('',#3970,.F.);
#3972=ADVANCED_FACE('',(#3971),#3962,.T.);
#3973=CARTESIAN_POINT('',(-6.784807643525E1,1.186E2,2.008580289615E2));
#3974=DIRECTION('',(0.E0,1.E0,0.E0));
#3975=DIRECTION('',(-9.961946980917E-1,0.E0,-8.715574274766E-2));
#3976=AXIS2_PLACEMENT_3D('',#3973,#3974,#3975);
#3977=PLANE('',#3976);
#3979=ORIENTED_EDGE('',*,*,#3978,.F.);
#3981=ORIENTED_EDGE('',*,*,#3980,.F.);
#3982=ORIENTED_EDGE('',*,*,#2874,.T.);
#3984=ORIENTED_EDGE('',*,*,#3983,.F.);
#3985=ORIENTED_EDGE('',*,*,#3121,.T.);
#3986=ORIENTED_EDGE('',*,*,#3140,.F.);
#3987=ORIENTED_EDGE('',*,*,#3156,.F.);
#3988=ORIENTED_EDGE('',*,*,#3242,.T.);
#3989=ORIENTED_EDGE('',*,*,#3424,.F.);
#3991=ORIENTED_EDGE('',*,*,#3990,.T.);
#3992=ORIENTED_EDGE('',*,*,#3951,.T.);
#3993=ORIENTED_EDGE('',*,*,#3963,.T.);
#3995=ORIENTED_EDGE('',*,*,#3994,.T.);
#3996=EDGE_LOOP('',(#3979,#3981,#3982,#3984,#3985,#3986,#3987,#3988,#3989,#3991,
#3992,#3993,#3995));
#3997=FACE_OUTER_BOUND('',#3996,.F.);
#3998=ADVANCED_FACE('',(#3997),#3977,.F.);
#3999=CARTESIAN_POINT('',(-7.400004585790E-1,1.191E2,2.113094435329E2));
#4000=DIRECTION('',(9.961946980917E-1,0.E0,8.715574274762E-2));
#4001=DIRECTION('',(8.715574274762E-2,0.E0,-9.961946980917E-1));
#4002=AXIS2_PLACEMENT_3D('',#3999,#4000,#4001);
#4003=CYLINDRICAL_SURFACE('',#4002,5.E-1);
#4005=ORIENTED_EDGE('',*,*,#4004,.F.);
#4007=ORIENTED_EDGE('',*,*,#4006,.F.);
#4008=ORIENTED_EDGE('',*,*,#3978,.T.);
#4010=ORIENTED_EDGE('',*,*,#4009,.T.);
#4011=EDGE_LOOP('',(#4005,#4007,#4008,#4010));
#4012=FACE_OUTER_BOUND('',#4011,.F.);
#4013=ADVANCED_FACE('',(#4012),#4003,.T.);
#4014=CARTESIAN_POINT('',(-6.771428825757E1,1.204E2,2.049480426840E2));
#4015=DIRECTION('',(8.715574274762E-2,0.E0,-9.961946980917E-1));
#4016=DIRECTION('',(9.961946980917E-1,0.E0,8.715574274762E-2));
#4017=AXIS2_PLACEMENT_3D('',#4014,#4015,#4016);
#4018=PLANE('',#4017);
#4019=ORIENTED_EDGE('',*,*,#4004,.T.);
#4021=ORIENTED_EDGE('',*,*,#4020,.F.);
#4022=ORIENTED_EDGE('',*,*,#2231,.F.);
#4024=ORIENTED_EDGE('',*,*,#4023,.F.);
#4025=EDGE_LOOP('',(#4019,#4021,#4022,#4024));
#4026=FACE_OUTER_BOUND('',#4025,.F.);
#4027=ADVANCED_FACE('',(#4026),#4018,.T.);
#4028=CARTESIAN_POINT('',(-4.148305112890E1,-3.000017078697E1,
1.871665818121E2));
#4029=DIRECTION('',(0.E0,-1.E0,0.E0));
#4030=DIRECTION('',(-1.E0,0.E0,0.E0));
#4031=AXIS2_PLACEMENT_3D('',#4028,#4029,#4030);
#4032=CYLINDRICAL_SURFACE('',#4031,2.E1);
#4034=ORIENTED_EDGE('',*,*,#4033,.F.);
#4036=ORIENTED_EDGE('',*,*,#4035,.F.);
#4038=ORIENTED_EDGE('',*,*,#4037,.T.);
#4039=ORIENTED_EDGE('',*,*,#4020,.T.);
#4040=EDGE_LOOP('',(#4034,#4036,#4038,#4039));
#4041=FACE_OUTER_BOUND('',#4040,.F.);
#4042=ADVANCED_FACE('',(#4041),#4032,.F.);
#4043=CARTESIAN_POINT('',(-4.148305112890E1,1.191E2,1.871665818121E2));
#4044=DIRECTION('',(0.E0,-1.E0,0.E0));
#4045=DIRECTION('',(-1.E0,0.E0,0.E0));
#4046=AXIS2_PLACEMENT_3D('',#4043,#4044,#4045);
#4047=TOROIDAL_SURFACE('',#4046,2.05E1,5.E-1);
#4048=ORIENTED_EDGE('',*,*,#4033,.T.);
#4049=ORIENTED_EDGE('',*,*,#4009,.F.);
#4050=ORIENTED_EDGE('',*,*,#3994,.F.);
#4051=ORIENTED_EDGE('',*,*,#3968,.F.);
#4052=EDGE_LOOP('',(#4048,#4049,#4050,#4051));
#4053=FACE_OUTER_BOUND('',#4052,.F.);
#4054=ADVANCED_FACE('',(#4053),#4047,.T.);
#4055=CARTESIAN_POINT('',(-3.655972431803E1,1.204E2,2.076737138458E2));
#4056=DIRECTION('',(-5.299192642332E-1,0.E0,-8.480480961564E-1));
#4057=DIRECTION('',(8.480480961564E-1,0.E0,-5.299192642332E-1));
#4058=AXIS2_PLACEMENT_3D('',#4055,#4056,#4057);
#4059=PLANE('',#4058);
#4060=ORIENTED_EDGE('',*,*,#4035,.T.);
#4061=ORIENTED_EDGE('',*,*,#3966,.F.);
#4062=ORIENTED_EDGE('',*,*,#3938,.T.);
#4064=ORIENTED_EDGE('',*,*,#4063,.F.);
#4065=EDGE_LOOP('',(#4060,#4061,#4062,#4064));
#4066=FACE_OUTER_BOUND('',#4065,.F.);
#4067=ADVANCED_FACE('',(#4066),#4059,.T.);
#4068=CARTESIAN_POINT('',(-7.400004585790E-1,1.199E2,1.858806554139E2));
#4069=DIRECTION('',(8.480480961564E-1,0.E0,-5.299192642332E-1));
#4070=DIRECTION('',(-5.299192642332E-1,0.E0,-8.480480961564E-1));
#4071=AXIS2_PLACEMENT_3D('',#4068,#4069,#4070);
#4072=CYLINDRICAL_SURFACE('',#4071,5.E-1);
#4073=ORIENTED_EDGE('',*,*,#2069,.F.);
#4075=ORIENTED_EDGE('',*,*,#4074,.T.);
#4076=ORIENTED_EDGE('',*,*,#4063,.T.);
#4077=ORIENTED_EDGE('',*,*,#3924,.T.);
#4078=EDGE_LOOP('',(#4073,#4075,#4076,#4077));
#4079=FACE_OUTER_BOUND('',#4078,.F.);
#4080=ADVANCED_FACE('',(#4079),#4072,.T.);
#4081=CARTESIAN_POINT('',(-4.148305112890E1,1.199E2,1.871665818121E2));
#4082=DIRECTION('',(0.E0,-1.E0,0.E0));
#4083=DIRECTION('',(-1.E0,0.E0,0.E0));
#4084=AXIS2_PLACEMENT_3D('',#4081,#4082,#4083);
#4085=TOROIDAL_SURFACE('',#4084,2.05E1,5.E-1);
#4086=ORIENTED_EDGE('',*,*,#4037,.F.);
#4087=ORIENTED_EDGE('',*,*,#4074,.F.);
#4088=ORIENTED_EDGE('',*,*,#2067,.T.);
#4089=ORIENTED_EDGE('',*,*,#2233,.T.);
#4090=EDGE_LOOP('',(#4086,#4087,#4088,#4089));
#4091=FACE_OUTER_BOUND('',#4090,.F.);
#4092=ADVANCED_FACE('',(#4091),#4085,.T.);
#4093=CARTESIAN_POINT('',(-5.476779927461E1,-3.000017078697E1,
1.102159192170E2));
#4094=DIRECTION('',(0.E0,1.E0,0.E0));
#4095=DIRECTION('',(1.E0,0.E0,0.E0));
#4096=AXIS2_PLACEMENT_3D('',#4093,#4094,#4095);
#4097=CYLINDRICAL_SURFACE('',#4096,9.55E1);
#4099=ORIENTED_EDGE('',*,*,#4098,.T.);
#4100=ORIENTED_EDGE('',*,*,#4023,.T.);
#4101=ORIENTED_EDGE('',*,*,#2247,.F.);
#4102=ORIENTED_EDGE('',*,*,#2841,.F.);
#4103=EDGE_LOOP('',(#4099,#4100,#4101,#4102));
#4104=FACE_OUTER_BOUND('',#4103,.F.);
#4105=ADVANCED_FACE('',(#4104),#4097,.F.);
#4106=CARTESIAN_POINT('',(-5.476779927461E1,1.191E2,1.102159192170E2));
#4107=DIRECTION('',(0.E0,1.E0,0.E0));
#4108=DIRECTION('',(1.E0,0.E0,0.E0));
#4109=AXIS2_PLACEMENT_3D('',#4106,#4107,#4108);
#4110=TOROIDAL_SURFACE('',#4109,9.6E1,5.E-1);
#4111=ORIENTED_EDGE('',*,*,#4098,.F.);
#4112=ORIENTED_EDGE('',*,*,#2876,.T.);
#4113=ORIENTED_EDGE('',*,*,#3980,.T.);
#4114=ORIENTED_EDGE('',*,*,#4006,.T.);
#4115=EDGE_LOOP('',(#4111,#4112,#4113,#4114));
#4116=FACE_OUTER_BOUND('',#4115,.F.);
#4117=ADVANCED_FACE('',(#4116),#4110,.T.);
#4118=CARTESIAN_POINT('',(-1.165931817622E2,1.104E2,1.933438088026E2));
#4119=DIRECTION('',(8.715574274766E-2,0.E0,-9.961946980917E-1));
#4120=DIRECTION('',(-9.961946980917E-1,0.E0,-8.715574274766E-2));
#4121=AXIS2_PLACEMENT_3D('',#4118,#4119,#4120);
#4122=CYLINDRICAL_SURFACE('',#4121,8.2E0);
#4123=ORIENTED_EDGE('',*,*,#3983,.T.);
#4124=ORIENTED_EDGE('',*,*,#2933,.T.);
#4125=ORIENTED_EDGE('',*,*,#3007,.T.);
#4126=ORIENTED_EDGE('',*,*,#3108,.F.);
#4127=ORIENTED_EDGE('',*,*,#3123,.F.);
#4128=EDGE_LOOP('',(#4123,#4124,#4125,#4126,#4127));
#4129=FACE_OUTER_BOUND('',#4128,.F.);
#4130=ADVANCED_FACE('',(#4129),#4122,.F.);
#4131=CARTESIAN_POINT('',(-7.400004585790E-1,1.191E2,2.027767741498E2));
#4132=DIRECTION('',(-9.961946980917E-1,0.E0,-8.715574274766E-2));
#4133=DIRECTION('',(-8.715574274766E-2,0.E0,9.961946980917E-1));
#4134=AXIS2_PLACEMENT_3D('',#4131,#4132,#4133);
#4135=CYLINDRICAL_SURFACE('',#4134,5.E-1);
#4136=ORIENTED_EDGE('',*,*,#3990,.F.);
#4137=ORIENTED_EDGE('',*,*,#3422,.T.);
#4138=ORIENTED_EDGE('',*,*,#3459,.T.);
#4139=ORIENTED_EDGE('',*,*,#3953,.T.);
#4140=EDGE_LOOP('',(#4136,#4137,#4138,#4139));
#4141=FACE_OUTER_BOUND('',#4140,.F.);
#4142=ADVANCED_FACE('',(#4141),#4135,.T.);
#4143=CARTESIAN_POINT('',(-1.257233250999E2,-3.000017078697E1,
1.923597396276E2));
#4144=DIRECTION('',(0.E0,-1.E0,0.E0));
#4145=DIRECTION('',(0.E0,0.E0,1.E0));
#4146=AXIS2_PLACEMENT_3D('',#4143,#4144,#4145);
#4147=CYLINDRICAL_SURFACE('',#4146,5.E-1);
#4148=ORIENTED_EDGE('',*,*,#2845,.T.);
#4149=ORIENTED_EDGE('',*,*,#2273,.T.);
#4151=ORIENTED_EDGE('',*,*,#4150,.F.);
#4153=ORIENTED_EDGE('',*,*,#4152,.T.);
#4154=EDGE_LOOP('',(#4148,#4149,#4151,#4153));
#4155=FACE_OUTER_BOUND('',#4154,.F.);
#4156=ADVANCED_FACE('',(#4155),#4147,.T.);
#4157=CARTESIAN_POINT('',(-1.265038616365E2,-3.000017078697E1,
1.935179090636E2));
#4158=DIRECTION('',(-9.743700647852E-1,0.E0,-2.249510543438E-1));
#4159=DIRECTION('',(-2.249510543438E-1,0.E0,9.743700647852E-1));
#4160=AXIS2_PLACEMENT_3D('',#4157,#4158,#4159);
#4161=PLANE('',#4160);
#4163=ORIENTED_EDGE('',*,*,#4162,.F.);
#4165=ORIENTED_EDGE('',*,*,#4164,.T.);
#4166=ORIENTED_EDGE('',*,*,#4150,.T.);
#4167=ORIENTED_EDGE('',*,*,#2290,.F.);
#4168=EDGE_LOOP('',(#4163,#4165,#4166,#4167));
#4169=FACE_OUTER_BOUND('',#4168,.F.);
#4170=ADVANCED_FACE('',(#4169),#4161,.T.);
#4171=CARTESIAN_POINT('',(-1.265106537901E2,-3.000017078697E1,
1.957700348543E2));
#4172=DIRECTION('',(0.E0,1.E0,0.E0));
#4173=DIRECTION('',(0.E0,0.E0,-1.E0));
#4174=AXIS2_PLACEMENT_3D('',#4171,#4172,#4173);
#4175=CYLINDRICAL_SURFACE('',#4174,5.E-1);
#4176=ORIENTED_EDGE('',*,*,#4162,.T.);
#4177=ORIENTED_EDGE('',*,*,#2305,.T.);
#4178=ORIENTED_EDGE('',*,*,#2331,.F.);
#4179=ORIENTED_EDGE('',*,*,#2352,.F.);
#4180=EDGE_LOOP('',(#4176,#4177,#4178,#4179));
#4181=FACE_OUTER_BOUND('',#4180,.F.);
#4182=ADVANCED_FACE('',(#4181),#4175,.T.);
#4183=CARTESIAN_POINT('',(-7.156369065434E1,-1.959999999999E1,
-1.249008647619E-6));
#4184=DIRECTION('',(2.249510543438E-1,0.E0,-9.743700647852E-1));
#4185=DIRECTION('',(-9.743700647852E-1,0.E0,-2.249510543438E-1));
#4186=AXIS2_PLACEMENT_3D('',#4183,#4184,#4185);
#4187=CYLINDRICAL_SURFACE('',#4186,1.E1);
#4188=ORIENTED_EDGE('',*,*,#4164,.F.);
#4189=ORIENTED_EDGE('',*,*,#2350,.F.);
#4190=ORIENTED_EDGE('',*,*,#2382,.T.);
#4192=ORIENTED_EDGE('',*,*,#4191,.T.);
#4193=EDGE_LOOP('',(#4188,#4189,#4190,#4192));
#4194=FACE_OUTER_BOUND('',#4193,.F.);
#4195=ADVANCED_FACE('',(#4194),#4187,.T.);
#4196=CARTESIAN_POINT('',(-1.164668094861E2,-1.959999999999E1,
1.944967746510E2));
#4197=DIRECTION('',(2.249510543438E-1,0.E0,-9.743700647852E-1));
#4198=DIRECTION('',(-9.743700647852E-1,0.E0,-2.249510543438E-1));
#4199=AXIS2_PLACEMENT_3D('',#4196,#4197,#4198);
#4200=TOROIDAL_SURFACE('',#4199,9.5E0,5.E-1);
#4201=ORIENTED_EDGE('',*,*,#2847,.T.);
#4202=ORIENTED_EDGE('',*,*,#4152,.F.);
#4203=ORIENTED_EDGE('',*,*,#4191,.F.);
#4205=ORIENTED_EDGE('',*,*,#4204,.F.);
#4206=EDGE_LOOP('',(#4201,#4202,#4203,#4205));
#4207=FACE_OUTER_BOUND('',#4206,.F.);
#4208=ADVANCED_FACE('',(#4207),#4200,.T.);
#4209=CARTESIAN_POINT('',(-7.400004585790E-1,-2.909999999999E1,
2.212144138096E2));
#4210=DIRECTION('',(9.743700646123E-1,0.E0,2.249510550931E-1));
#4211=DIRECTION('',(2.249510550931E-1,0.E0,-9.743700646123E-1));
#4212=AXIS2_PLACEMENT_3D('',#4209,#4210,#4211);
#4213=CYLINDRICAL_SURFACE('',#4212,5.E-1);
#4214=ORIENTED_EDGE('',*,*,#2380,.T.);
#4216=ORIENTED_EDGE('',*,*,#4215,.T.);
#4217=ORIENTED_EDGE('',*,*,#2849,.F.);
#4218=ORIENTED_EDGE('',*,*,#4204,.T.);
#4219=EDGE_LOOP('',(#4214,#4216,#4217,#4218));
#4220=FACE_OUTER_BOUND('',#4219,.F.);
#4221=ADVANCED_FACE('',(#4220),#4213,.T.);
#4222=CARTESIAN_POINT('',(-5.476779927461E1,-2.909999999999E1,
1.102159192170E2));
#4223=DIRECTION('',(0.E0,1.E0,0.E0));
#4224=DIRECTION('',(1.E0,0.E0,0.E0));
#4225=AXIS2_PLACEMENT_3D('',#4222,#4223,#4224);
#4226=TOROIDAL_SURFACE('',#4225,9.6E1,5.E-1);
#4228=ORIENTED_EDGE('',*,*,#4227,.F.);
#4229=ORIENTED_EDGE('',*,*,#4215,.F.);
#4230=ORIENTED_EDGE('',*,*,#2378,.T.);
#4231=ORIENTED_EDGE('',*,*,#2615,.F.);
#4232=EDGE_LOOP('',(#4228,#4229,#4230,#4231));
#4233=FACE_OUTER_BOUND('',#4232,.F.);
#4234=ADVANCED_FACE('',(#4233),#4226,.T.);
#4235=CARTESIAN_POINT('',(-5.476779927461E1,-3.000017078697E1,
1.102159192170E2));
#4236=DIRECTION('',(0.E0,1.E0,0.E0));
#4237=DIRECTION('',(1.E0,0.E0,0.E0));
#4238=AXIS2_PLACEMENT_3D('',#4235,#4236,#4237);
#4239=CYLINDRICAL_SURFACE('',#4238,9.55E1);
#4240=ORIENTED_EDGE('',*,*,#4227,.T.);
#4242=ORIENTED_EDGE('',*,*,#4241,.T.);
#4243=ORIENTED_EDGE('',*,*,#2734,.F.);
#4244=ORIENTED_EDGE('',*,*,#2851,.F.);
#4245=EDGE_LOOP('',(#4240,#4242,#4243,#4244));
#4246=FACE_OUTER_BOUND('',#4245,.F.);
#4247=ADVANCED_FACE('',(#4246),#4239,.F.);
#4248=CARTESIAN_POINT('',(-6.771428825757E1,1.204E2,2.049480426840E2));
#4249=DIRECTION('',(8.715574274762E-2,0.E0,-9.961946980917E-1));
#4250=DIRECTION('',(9.961946980917E-1,0.E0,8.715574274762E-2));
#4251=AXIS2_PLACEMENT_3D('',#4248,#4249,#4250);
#4252=PLANE('',#4251);
#4253=ORIENTED_EDGE('',*,*,#4241,.F.);
#4254=ORIENTED_EDGE('',*,*,#2613,.F.);
#4255=ORIENTED_EDGE('',*,*,#2641,.F.);
#4256=ORIENTED_EDGE('',*,*,#2718,.T.);
#4257=EDGE_LOOP('',(#4253,#4254,#4255,#4256));
#4258=FACE_OUTER_BOUND('',#4257,.F.);
#4259=ADVANCED_FACE('',(#4258),#4252,.T.);
#4260=CLOSED_SHELL('',(#2099,#2115,#2128,#2144,#2161,#2178,#2197,#2211,#2222,
#2237,#2251,#2265,#2280,#2294,#2309,#2323,#2341,#2356,#2370,#2415,#2431,#2444,
#2460,#2477,#2494,#2510,#2527,#2538,#2553,#2566,#2581,#2594,#2604,#2619,#2633,
#2648,#2663,#2678,#2710,#2724,#2738,#2752,#2833,#2865,#2880,#2939,#3012,#3026,
#3084,#3099,#3113,#3130,#3144,#3186,#3201,#3215,#3249,#3262,#3274,#3288,#3302,
#3316,#3330,#3343,#3357,#3371,#3385,#3398,#3410,#3428,#3442,#3464,#3479,#3491,
#3504,#3517,#3530,#3545,#3560,#3575,#3591,#3606,#3622,#3639,#3655,#3696,#3710,
#3720,#3730,#3744,#3757,#3773,#3786,#3800,#3812,#3828,#3844,#3859,#3871,#3887,
#3900,#3914,#3928,#3942,#3957,#3972,#3998,#4013,#4027,#4042,#4054,#4067,#4080,
#4092,#4105,#4117,#4130,#4142,#4156,#4170,#4182,#4195,#4208,#4221,#4234,#4247,
#4259));
#4261=MANIFOLD_SOLID_BREP('',#4260);
#4263=DIMENSIONAL_EXPONENTS(0.E0,0.E0,0.E0,0.E0,0.E0,0.E0,0.E0);
#4265=PLANE_ANGLE_MEASURE_WITH_UNIT(PLANE_ANGLE_MEASURE(1.745329251994E-2),
#4264);
#4266=(CONVERSION_BASED_UNIT('DEGREE',#4265)NAMED_UNIT(*)PLANE_ANGLE_UNIT());
#4268=UNCERTAINTY_MEASURE_WITH_UNIT(LENGTH_MEASURE(1.E-3),#4262,'closure',
'Maximum model space distance between geometric entities at asserted connectivities');
#4269=(GEOMETRIC_REPRESENTATION_CONTEXT(3)GLOBAL_UNCERTAINTY_ASSIGNED_CONTEXT((
#4268))GLOBAL_UNIT_ASSIGNED_CONTEXT((#4262,#4266,#4267))REPRESENTATION_CONTEXT(
'ID1','3'));
#4270=CARTESIAN_POINT('',(0.E0,0.E0,0.E0));
#4271=DIRECTION('',(0.E0,0.E0,1.E0));
#4272=DIRECTION('',(1.E0,0.E0,0.E0));
#4275=APPLICATION_CONTEXT(
'CONFIGURATION CONTROLLED 3D DESIGNS OF MECHANICAL PARTS AND ASSEMBLIES');
#4276=APPLICATION_PROTOCOL_DEFINITION('international standard',
'config_control_design',1994,#4275);
#4277=DESIGN_CONTEXT('',#4275,'design');
#4278=MECHANICAL_CONTEXT('',#4275,'mechanical');
#4279=PRODUCT('H3380-806-DOCUMENT_SUPPORT_SUB','H3380-806-DOCUMENT_SUPPORT_SUB',
'NOT SPECIFIED',(#4278));
#4280=PRODUCT_DEFINITION_FORMATION_WITH_SPECIFIED_SOURCE('1','LAST_VERSION',
#4279,.MADE.);
#4289=CARTESIAN_POINT('',(-1.530824493753E1,0.E0,-2.261984259374E1));
#4290=DIRECTION('',(8.715574274766E-2,0.E0,9.961946980917E-1));
#4291=DIRECTION('',(9.961946980917E-1,0.E0,-8.715574274766E-2));
#4292=AXIS2_PLACEMENT_3D('',#4289,#4290,#4291);
#4293=ITEM_DEFINED_TRANSFORMATION('','',#4273,#4292);
#4294=(REPRESENTATION_RELATIONSHIP('','',#4274,#4286)REPRESENTATION_RELATIONSHIP_WITH_TRANSFORMATION(#4293)SHAPE_REPRESENTATION_RELATIONSHIP());
#4295=CONTEXT_DEPENDENT_SHAPE_REPRESENTATION(#4294,#4288);
#4297=DIMENSIONAL_EXPONENTS(0.E0,0.E0,0.E0,0.E0,0.E0,0.E0,0.E0);
#4299=PLANE_ANGLE_MEASURE_WITH_UNIT(PLANE_ANGLE_MEASURE(1.745329251994E-2),
#4298);
#4300=(CONVERSION_BASED_UNIT('DEGREE',#4299)NAMED_UNIT(*)PLANE_ANGLE_UNIT());
#4302=UNCERTAINTY_MEASURE_WITH_UNIT(LENGTH_MEASURE(1.E-3),#4296,'closure',
'Maximum model space distance between geometric entities at asserted connectivities');
#4303=(GEOMETRIC_REPRESENTATION_CONTEXT(3)GLOBAL_UNCERTAINTY_ASSIGNED_CONTEXT((
#4302))GLOBAL_UNIT_ASSIGNED_CONTEXT((#4296,#4300,#4301))REPRESENTATION_CONTEXT(
'ID2','3'));
#4304=CARTESIAN_POINT('',(0.E0,0.E0,0.E0));
#4305=DIRECTION('',(0.E0,0.E0,1.E0));
#4306=DIRECTION('',(1.E0,0.E0,0.E0));
#4308=MECHANICAL_CONTEXT('',#4275,'mechanical');
#4309=PRODUCT('D1798432-00_ASM','D1798432-00_ASM','NOT SPECIFIED',(#4308));
#4310=PRODUCT_DEFINITION_FORMATION_WITH_SPECIFIED_SOURCE('1','LAST_VERSION',
#4309,.MADE.);
#4312=PRODUCT_CATEGORY('part','');
#4313=PRODUCT_RELATED_PRODUCT_CATEGORY('assembly','',(#4309));
#4314=PRODUCT_CATEGORY_RELATIONSHIP('','',#4312,#4313);
#4315=PRODUCT_CATEGORY('part','');
#4316=PRODUCT_RELATED_PRODUCT_CATEGORY('detail','',(#4279));
#4317=PRODUCT_CATEGORY_RELATIONSHIP('','',#4315,#4316);
#4318=SECURITY_CLASSIFICATION_LEVEL('unclassified');
#4319=SECURITY_CLASSIFICATION('','',#4318);
#4320=CC_DESIGN_SECURITY_CLASSIFICATION(#4319,(#4280,#4310,#4287));
#4321=APPROVAL_STATUS('approved');
#4322=APPROVAL(#4321,'');
#4323=CC_DESIGN_APPROVAL(#4322,(#4319,#4280,#4310,#4281,#4311));
#4324=CALENDAR_DATE(119,4,4);
#4325=COORDINATED_UNIVERSAL_TIME_OFFSET(7,0,.AHEAD.);
#4326=LOCAL_TIME(9,11,1.9E1,#4325);
#4327=DATE_AND_TIME(#4324,#4326);
#4328=APPROVAL_DATE_TIME(#4327,#4322);
#4329=DATE_TIME_ROLE('creation_date');
#4330=CC_DESIGN_DATE_AND_TIME_ASSIGNMENT(#4327,#4329,(#4281,#4311));
#4331=DATE_TIME_ROLE('classification_date');
#4332=CC_DESIGN_DATE_AND_TIME_ASSIGNMENT(#4327,#4331,(#4319));
#4333=PERSON('UNSPECIFIED','UNSPECIFIED',$,$,$,$);
#4334=ORGANIZATION('UNSPECIFIED','UNSPECIFIED','UNSPECIFIED');
#4335=PERSON_AND_ORGANIZATION(#4333,#4334);
#4336=APPROVAL_ROLE('approver');
#4337=APPROVAL_PERSON_ORGANIZATION(#4335,#4322,#4336);
#4338=PERSON_AND_ORGANIZATION_ROLE('creator');
#4339=CC_DESIGN_PERSON_AND_ORGANIZATION_ASSIGNMENT(#4335,#4338,(#4280,#4310,
#4281,#4311));
#4340=PERSON_AND_ORGANIZATION_ROLE('design_supplier');
#4341=CC_DESIGN_PERSON_AND_ORGANIZATION_ASSIGNMENT(#4335,#4340,(#4280,#4310));
#4342=PERSON_AND_ORGANIZATION_ROLE('classification_officer');
#4343=CC_DESIGN_PERSON_AND_ORGANIZATION_ASSIGNMENT(#4335,#4342,(#4319));
#4344=PERSON_AND_ORGANIZATION_ROLE('design_owner');
#4345=CC_DESIGN_PERSON_AND_ORGANIZATION_ASSIGNMENT(#4335,#4344,(#4309,#4279));
#6=CIRCLE('',#5,3.5E0);
#11=CIRCLE('',#10,3.5E0);
#16=CIRCLE('',#15,3.5E0);
#21=CIRCLE('',#20,2.05E1);
#30=CIRCLE('',#29,4.5E0);
#39=CIRCLE('',#38,9.95E1);
#56=CIRCLE('',#55,9.6E1);
#69=CIRCLE('',#68,1.5E0);
#74=CIRCLE('',#73,1.5E0);
#79=CIRCLE('',#78,3.5E0);
#84=CIRCLE('',#83,3.5E0);
#97=CIRCLE('',#96,1.5E0);
#102=CIRCLE('',#101,1.5E0);
#107=CIRCLE('',#106,3.E-1);
#112=CIRCLE('',#111,3.E-1);
#117=CIRCLE('',#116,1.5E0);
#122=CIRCLE('',#121,1.5E0);
#127=CIRCLE('',#126,1.5E0);
#132=CIRCLE('',#131,1.2E0);
#137=CIRCLE('',#136,1.2E0);
#142=CIRCLE('',#141,1.2E0);
#155=CIRCLE('',#154,5.E-1);
#160=CIRCLE('',#159,5.E-1);
#165=CIRCLE('',#164,9.55E1);
#174=CIRCLE('',#173,1.E1);
#179=CIRCLE('',#178,5.E-1);
#184=CIRCLE('',#183,5.E-1);
#193=CIRCLE('',#192,1.E1);
#198=CIRCLE('',#197,5.E-1);
#203=CIRCLE('',#202,5.E-1);
#212=CIRCLE('',#211,9.500000000385E0);
#217=CIRCLE('',#216,9.500000000385E0);
#222=CIRCLE('',#221,5.E-1);
#227=CIRCLE('',#226,1.E1);
#232=CIRCLE('',#231,5.E-1);
#241=CIRCLE('',#240,3.5E0);
#246=CIRCLE('',#245,3.5E0);
#251=CIRCLE('',#250,3.5E0);
#256=CIRCLE('',#255,1.E0);
#261=CIRCLE('',#260,1.E0);
#266=CIRCLE('',#265,9.6E1);
#283=CIRCLE('',#282,9.95E1);
#292=CIRCLE('',#291,4.5E0);
#301=CIRCLE('',#300,2.05E1);
#314=CIRCLE('',#313,1.5E0);
#319=CIRCLE('',#318,1.5E0);
#324=CIRCLE('',#323,3.5E0);
#329=CIRCLE('',#328,3.5E0);
#342=CIRCLE('',#341,1.5E0);
#347=CIRCLE('',#346,1.5E0);
#352=CIRCLE('',#351,1.5E0);
#357=CIRCLE('',#356,1.5E0);
#362=CIRCLE('',#361,3.E-1);
#367=CIRCLE('',#366,3.E-1);
#372=CIRCLE('',#371,1.5E0);
#377=CIRCLE('',#376,1.2E0);
#382=CIRCLE('',#381,1.2E0);
#387=CIRCLE('',#386,1.2E0);
#400=CIRCLE('',#399,3.585786437627E-1);
#405=CIRCLE('',#404,2.E-1);
#410=CIRCLE('',#409,2.E-1);
#415=CIRCLE('',#414,3.585786437627E-1);
#420=CIRCLE('',#419,2.171572875254E-1);
#425=CIRCLE('',#424,2.171572875254E-1);
#438=CIRCLE('',#437,2.E1);
#443=CIRCLE('',#442,5.E-1);
#448=CIRCLE('',#447,5.E-1);
#461=CIRCLE('',#460,2.E1);
#466=CIRCLE('',#465,5.E-1);
#471=CIRCLE('',#470,5.E-1);
#480=CIRCLE('',#479,2.05E1);
#489=CIRCLE('',#488,4.5E0);
#494=CIRCLE('',#493,1.E0);
#503=CIRCLE('',#502,9.77E1);
#516=CIRCLE('',#515,9.6E1);
#529=CIRCLE('',#528,5.E-1);
#534=CIRCLE('',#533,5.E-1);
#539=CIRCLE('',#538,9.55E1);
#562=B_SPLINE_CURVE_WITH_KNOTS('',3,(#544,#545,#546,#547,#548,#549,#550,#551,
#552,#553,#554,#555,#556,#557,#558,#559,#560,#561),.UNSPECIFIED.,.F.,.F.,(4,1,1,
1,1,1,1,1,1,1,1,1,1,1,1,4),(0.E0,6.666666666667E-2,1.333333333333E-1,2.E-1,
2.666666666667E-1,3.333333333333E-1,4.E-1,4.666666666667E-1,5.333333333333E-1,
6.E-1,6.666666666667E-1,7.333333333333E-1,8.E-1,8.666666666667E-1,
9.333333333333E-1,1.E0),.UNSPECIFIED.);
#567=CIRCLE('',#566,5.E-1);
#575=B_SPLINE_CURVE_WITH_KNOTS('',3,(#568,#569,#570,#571,#572,#573,#574),
.UNSPECIFIED.,.F.,.F.,(4,1,1,1,4),(0.E0,2.500001781868E-1,5.000001381627E-1,
7.500000981386E-1,1.E0),.UNSPECIFIED.);
#580=CIRCLE('',#579,9.499999999615E0);
#585=CIRCLE('',#584,9.499999999615E0);
#597=B_SPLINE_CURVE_WITH_KNOTS('',3,(#590,#591,#592,#593,#594,#595,#596),
.UNSPECIFIED.,.F.,.F.,(4,1,1,1,4),(0.E0,2.5E-1,5.E-1,7.5E-1,1.E0),
.UNSPECIFIED.);
#602=CIRCLE('',#601,5.E-1);
#622=B_SPLINE_CURVE_WITH_KNOTS('',3,(#603,#604,#605,#606,#607,#608,#609,#610,
#611,#612,#613,#614,#615,#616,#617,#618,#619,#620,#621),.UNSPECIFIED.,.F.,.F.,
(4,1,1,1,1,1,1,1,1,1,1,1,1,1,1,1,4),(0.E0,6.25E-2,1.25E-1,1.875E-1,2.5E-1,
3.125E-1,3.75E-1,4.375E-1,5.E-1,5.625E-1,6.25E-1,6.875E-1,7.5E-1,8.125E-1,
8.75E-1,9.375E-1,1.E0),.UNSPECIFIED.);
#641=B_SPLINE_CURVE_WITH_KNOTS('',3,(#623,#624,#625,#626,#627,#628,#629,#630,
#631,#632,#633,#634,#635,#636,#637,#638,#639,#640),.UNSPECIFIED.,.F.,.F.,(4,1,1,
1,1,1,1,1,1,1,1,1,1,1,1,4),(0.E0,6.666666666667E-2,1.333333333333E-1,2.E-1,
2.666666666667E-1,3.333333333333E-1,4.E-1,4.666666666667E-1,5.333333333333E-1,
6.E-1,6.666666666667E-1,7.333333333333E-1,8.E-1,8.666666666667E-1,
9.333333333333E-1,1.E0),.UNSPECIFIED.);
#646=CIRCLE('',#645,5.E-1);
#665=B_SPLINE_CURVE_WITH_KNOTS('',3,(#647,#648,#649,#650,#651,#652,#653,#654,
#655,#656,#657,#658,#659,#660,#661,#662,#663,#664),.UNSPECIFIED.,.F.,.F.,(4,1,1,
1,1,1,1,1,1,1,1,1,1,1,1,4),(0.E0,6.666666666667E-2,1.333333333333E-1,2.E-1,
2.666666666667E-1,3.333333333333E-1,4.E-1,4.666666666667E-1,5.333333333333E-1,
6.E-1,6.666666666667E-1,7.333333333333E-1,8.E-1,8.666666666667E-1,
9.333333333333E-1,1.E0),.UNSPECIFIED.);
#678=CIRCLE('',#677,5.E-1);
#697=B_SPLINE_CURVE_WITH_KNOTS('',3,(#679,#680,#681,#682,#683,#684,#685,#686,
#687,#688,#689,#690,#691,#692,#693,#694,#695,#696),.UNSPECIFIED.,.F.,.F.,(4,1,1,
1,1,1,1,1,1,1,1,1,1,1,1,4),(0.E0,6.666666666667E-2,1.333333333333E-1,2.E-1,
2.666666666667E-1,3.333333333333E-1,4.E-1,4.666666666667E-1,5.333333333333E-1,
6.E-1,6.666666666667E-1,7.333333333333E-1,8.E-1,8.666666666667E-1,
9.333333333333E-1,1.E0),.UNSPECIFIED.);
#709=B_SPLINE_CURVE_WITH_KNOTS('',3,(#702,#703,#704,#705,#706,#707,#708),
.UNSPECIFIED.,.F.,.F.,(4,1,1,1,4),(0.E0,2.5E-1,5.E-1,7.5E-1,1.E0),
.UNSPECIFIED.);
#720=B_SPLINE_CURVE_WITH_KNOTS('',3,(#710,#711,#712,#713,#714,#715,#716,#717,
#718,#719),.UNSPECIFIED.,.F.,.F.,(4,1,1,1,1,1,1,4),(0.E0,2.5E-1,3.75E-1,5.E-1,
7.5E-1,8.75E-1,9.375E-1,1.E0),.UNSPECIFIED.);
#738=B_SPLINE_CURVE_WITH_KNOTS('',3,(#725,#726,#727,#728,#729,#730,#731,#732,
#733,#734,#735,#736,#737),.UNSPECIFIED.,.F.,.F.,(4,1,1,1,1,1,1,1,1,1,4),(0.E0,
6.25E-2,1.25E-1,2.5E-1,3.75E-1,5.E-1,6.25E-1,7.5E-1,8.75E-1,9.375E-1,1.E0),
.UNSPECIFIED.);
#842=B_SPLINE_CURVE_WITH_KNOTS('',3,(#835,#836,#837,#838,#839,#840,#841),
.UNSPECIFIED.,.F.,.F.,(4,1,1,1,4),(0.E0,2.5E-1,5.E-1,7.5E-1,1.E0),
.UNSPECIFIED.);
#866=B_SPLINE_CURVE_WITH_KNOTS('',3,(#859,#860,#861,#862,#863,#864,#865),
.UNSPECIFIED.,.F.,.F.,(4,1,1,1,4),(0.E0,2.5E-1,5.E-1,7.5E-1,1.E0),
.UNSPECIFIED.);
#887=CIRCLE('',#886,3.E-1);
#892=CIRCLE('',#891,3.E-1);
#961=B_SPLINE_CURVE_WITH_KNOTS('',3,(#945,#946,#947,#948,#949,#950,#951,#952,
#953,#954,#955,#956,#957,#958,#959,#960),.UNSPECIFIED.,.F.,.F.,(4,1,1,1,1,1,1,1,
1,1,1,1,1,4),(0.E0,7.692307692308E-2,1.538461538462E-1,2.307692307692E-1,
3.076923076923E-1,3.846153846154E-1,4.615384615385E-1,5.384615384615E-1,
6.153846153846E-1,6.923076923077E-1,7.692307692308E-1,8.461538461538E-1,
9.230769230769E-1,1.E0),.UNSPECIFIED.);
#986=CIRCLE('',#985,5.E0);
#991=CIRCLE('',#990,5.E-1);
#996=CIRCLE('',#995,5.E-1);
#1005=CIRCLE('',#1004,5.E0);
#1010=CIRCLE('',#1009,5.E-1);
#1015=CIRCLE('',#1014,5.E-1);
#1028=CIRCLE('',#1027,5.E-1);
#1033=CIRCLE('',#1032,5.E-1);
#1038=CIRCLE('',#1037,5.E-1);
#1043=CIRCLE('',#1042,5.E-1);
#1048=CIRCLE('',#1047,5.E-1);
#1053=CIRCLE('',#1052,5.E-1);
#1058=CIRCLE('',#1057,5.E-1);
#1075=CIRCLE('',#1074,5.E-1);
#1080=CIRCLE('',#1079,5.E-1);
#1085=CIRCLE('',#1084,5.E-1);
#1090=CIRCLE('',#1089,5.E-1);
#1095=CIRCLE('',#1094,5.E-1);
#1116=CIRCLE('',#1115,1.E0);
#1121=CIRCLE('',#1120,9.539392014059E-1);
#1126=CIRCLE('',#1125,9.539392014059E-1);
#1131=CIRCLE('',#1130,1.E0);
#1144=CIRCLE('',#1143,1.E2);
#1149=CIRCLE('',#1148,5.E-1);
#1154=CIRCLE('',#1153,5.E-1);
#1175=CIRCLE('',#1174,5.E-1);
#1180=CIRCLE('',#1179,1.E2);
#1185=CIRCLE('',#1184,5.E-1);
#1198=CIRCLE('',#1197,5.E-1);
#1203=CIRCLE('',#1202,5.E-1);
#1232=B_SPLINE_CURVE_WITH_KNOTS('',3,(#1208,#1209,#1210,#1211,#1212,#1213,#1214,
#1215,#1216,#1217,#1218,#1219,#1220,#1221,#1222,#1223,#1224,#1225,#1226,#1227,
#1228,#1229,#1230,#1231),.UNSPECIFIED.,.F.,.F.,(4,1,1,1,1,1,1,1,1,1,1,1,1,1,1,1,
1,1,1,1,1,4),(0.E0,4.761904761905E-2,9.523809523810E-2,1.428571428571E-1,
1.904761904762E-1,2.380952380952E-1,2.857142857143E-1,3.333333333333E-1,
3.809523809524E-1,4.285714285714E-1,4.761904761905E-1,5.238095238095E-1,
5.714285714286E-1,6.190476190476E-1,6.666666666667E-1,7.142857142857E-1,
7.619047619048E-1,8.095238095238E-1,8.571428571429E-1,9.047619047619E-1,
9.523809523810E-1,1.E0),.UNSPECIFIED.);
#1261=B_SPLINE_CURVE_WITH_KNOTS('',3,(#1237,#1238,#1239,#1240,#1241,#1242,#1243,
#1244,#1245,#1246,#1247,#1248,#1249,#1250,#1251,#1252,#1253,#1254,#1255,#1256,
#1257,#1258,#1259,#1260),.UNSPECIFIED.,.F.,.F.,(4,1,1,1,1,1,1,1,1,1,1,1,1,1,1,1,
1,1,1,1,1,4),(0.E0,4.761904761905E-2,9.523809523810E-2,1.428571428571E-1,
1.904761904762E-1,2.380952380952E-1,2.857142857143E-1,3.333333333333E-1,
3.809523809524E-1,4.285714285714E-1,4.761904761905E-1,5.238095238095E-1,
5.714285714286E-1,6.190476190476E-1,6.666666666667E-1,7.142857142857E-1,
7.619047619048E-1,8.095238095238E-1,8.571428571429E-1,9.047619047619E-1,
9.523809523810E-1,1.E0),.UNSPECIFIED.);
#1290=B_SPLINE_CURVE_WITH_KNOTS('',3,(#1266,#1267,#1268,#1269,#1270,#1271,#1272,
#1273,#1274,#1275,#1276,#1277,#1278,#1279,#1280,#1281,#1282,#1283,#1284,#1285,
#1286,#1287,#1288,#1289),.UNSPECIFIED.,.F.,.F.,(4,1,1,1,1,1,1,1,1,1,1,1,1,1,1,1,
1,1,1,1,1,4),(0.E0,4.761904761905E-2,9.523809523810E-2,1.428571428571E-1,
1.904761904762E-1,2.380952380952E-1,2.857142857143E-1,3.333333333333E-1,
3.809523809524E-1,4.285714285714E-1,4.761904761905E-1,5.238095238095E-1,
5.714285714286E-1,6.190476190476E-1,6.666666666667E-1,7.142857142857E-1,
7.619047619048E-1,8.095238095238E-1,8.571428571429E-1,9.047619047619E-1,
9.523809523810E-1,1.E0),.UNSPECIFIED.);
#1315=B_SPLINE_CURVE_WITH_KNOTS('',3,(#1291,#1292,#1293,#1294,#1295,#1296,#1297,
#1298,#1299,#1300,#1301,#1302,#1303,#1304,#1305,#1306,#1307,#1308,#1309,#1310,
#1311,#1312,#1313,#1314),.UNSPECIFIED.,.F.,.F.,(4,1,1,1,1,1,1,1,1,1,1,1,1,1,1,1,
1,1,1,1,1,4),(0.E0,4.761904761905E-2,9.523809523810E-2,1.428571428571E-1,
1.904761904762E-1,2.380952380952E-1,2.857142857143E-1,3.333333333333E-1,
3.809523809524E-1,4.285714285714E-1,4.761904761905E-1,5.238095238095E-1,
5.714285714286E-1,6.190476190476E-1,6.666666666667E-1,7.142857142857E-1,
7.619047619048E-1,8.095238095238E-1,8.571428571429E-1,9.047619047619E-1,
9.523809523810E-1,1.E0),.UNSPECIFIED.);
#1320=CIRCLE('',#1319,5.E-1);
#1325=CIRCLE('',#1324,5.E-1);
#1330=CIRCLE('',#1329,5.E-1);
#1339=CIRCLE('',#1338,5.E-1);
#1344=CIRCLE('',#1343,5.E-1);
#1349=CIRCLE('',#1348,5.E-1);
#1354=CIRCLE('',#1353,5.E-1);
#1359=CIRCLE('',#1358,5.E-1);
#1364=CIRCLE('',#1363,5.E-1);
#1369=CIRCLE('',#1368,5.E-1);
#1374=CIRCLE('',#1373,5.E-1);
#1379=CIRCLE('',#1378,5.E-1);
#1384=CIRCLE('',#1383,5.E-1);
#1389=CIRCLE('',#1388,5.E-1);
#1402=CIRCLE('',#1401,5.E0);
#1407=CIRCLE('',#1406,5.E-1);
#1412=CIRCLE('',#1411,5.E-1);
#1425=CIRCLE('',#1424,5.E0);
#1430=CIRCLE('',#1429,5.E-1);
#1435=CIRCLE('',#1434,5.E-1);
#1444=CIRCLE('',#1443,9.6E1);
#1457=CIRCLE('',#1456,9.77E1);
#1466=CIRCLE('',#1465,1.E0);
#1471=CIRCLE('',#1470,4.5E0);
#1480=CIRCLE('',#1479,2.05E1);
#1501=CIRCLE('',#1500,2.E1);
#1506=CIRCLE('',#1505,5.E-1);
#1511=CIRCLE('',#1510,5.E-1);
#1520=CIRCLE('',#1519,2.E1);
#1525=CIRCLE('',#1524,5.E-1);
#1530=CIRCLE('',#1529,5.E-1);
#1543=CIRCLE('',#1542,9.55E1);
#1548=CIRCLE('',#1547,5.E-1);
#1553=CIRCLE('',#1552,5.E-1);
#1565=B_SPLINE_CURVE_WITH_KNOTS('',3,(#1558,#1559,#1560,#1561,#1562,#1563,
#1564),.UNSPECIFIED.,.F.,.F.,(4,1,1,1,4),(0.E0,2.5E-1,5.E-1,7.5E-1,1.E0),
.UNSPECIFIED.);
#1583=B_SPLINE_CURVE_WITH_KNOTS('',3,(#1570,#1571,#1572,#1573,#1574,#1575,#1576,
#1577,#1578,#1579,#1580,#1581,#1582),.UNSPECIFIED.,.F.,.F.,(4,1,1,1,1,1,1,1,1,1,
4),(0.E0,6.25E-2,1.25E-1,2.5E-1,3.75E-1,5.E-1,6.25E-1,7.5E-1,8.75E-1,9.375E-1,
1.E0),.UNSPECIFIED.);
#1604=B_SPLINE_CURVE_WITH_KNOTS('',3,(#1588,#1589,#1590,#1591,#1592,#1593,#1594,
#1595,#1596,#1597,#1598,#1599,#1600,#1601,#1602,#1603),.UNSPECIFIED.,.F.,.F.,(4,
1,1,1,1,1,1,1,1,1,1,1,1,4),(0.E0,7.692307692308E-2,1.538461538462E-1,
2.307692307692E-1,3.076923076923E-1,3.846153846154E-1,4.615384615385E-1,
5.384615384615E-1,6.153846153846E-1,6.923076923077E-1,7.692307692308E-1,
8.461538461538E-1,9.230769230769E-1,1.E0),.UNSPECIFIED.);
#1633=CIRCLE('',#1632,5.E-1);
#1638=CIRCLE('',#1637,1.E1);
#1643=CIRCLE('',#1642,5.E-1);
#1652=CIRCLE('',#1651,9.55E1);
#1657=CIRCLE('',#1656,5.E-1);
#1662=CIRCLE('',#1661,5.E-1);
#2065=EDGE_CURVE('',#1693,#1694,#146,.T.);
#2067=EDGE_CURVE('',#1702,#1694,#21,.T.);
#2069=EDGE_CURVE('',#1702,#1710,#25,.T.);
#2071=EDGE_CURVE('',#1712,#1710,#30,.T.);
#2073=EDGE_CURVE('',#1712,#1720,#1393,.T.);
#2075=EDGE_CURVE('',#1737,#1720,#34,.T.);
#2077=EDGE_CURVE('',#1737,#1742,#1189,.T.);
#2079=EDGE_CURVE('',#1742,#1746,#39,.T.);
#2081=EDGE_CURVE('',#1776,#1746,#43,.T.);
#2083=EDGE_CURVE('',#1776,#1780,#47,.T.);
#2085=EDGE_CURVE('',#1696,#1780,#51,.T.);
#2087=EDGE_CURVE('',#1696,#1693,#56,.T.);
#2091=EDGE_CURVE('',#1673,#1674,#6,.T.);
#2093=EDGE_CURVE('',#1674,#2035,#11,.T.);
#2095=EDGE_CURVE('',#2035,#1673,#16,.T.);
#2106=EDGE_CURVE('',#1673,#1677,#64,.T.);
#2108=EDGE_CURVE('',#1677,#1678,#84,.T.);
#2110=EDGE_CURVE('',#2035,#1678,#60,.T.);
#2122=EDGE_CURVE('',#1678,#1677,#79,.T.);
#2138=EDGE_CURVE('',#1682,#1681,#69,.T.);
#2140=EDGE_CURVE('',#1681,#1682,#74,.T.);
#2151=EDGE_CURVE('',#1682,#2048,#88,.T.);
#2153=EDGE_CURVE('',#2048,#2049,#122,.T.);
#2155=EDGE_CURVE('',#2049,#1685,#102,.T.);
#2157=EDGE_CURVE('',#1681,#1685,#92,.T.);
#2170=EDGE_CURVE('',#1685,#1686,#97,.T.);
#2172=EDGE_CURVE('',#1686,#2037,#117,.T.);
#2174=EDGE_CURVE('',#2037,#2048,#127,.T.);
#2186=EDGE_CURVE('',#2039,#2049,#107,.T.);
#2188=EDGE_CURVE('',#2039,#1689,#132,.T.);
#2190=EDGE_CURVE('',#1689,#1690,#142,.T.);
#2192=EDGE_CURVE('',#1690,#2037,#112,.T.);
#2204=EDGE_CURVE('',#1690,#2039,#137,.T.);
#2229=EDGE_CURVE('',#1698,#1693,#155,.T.);
#2231=EDGE_CURVE('',#1698,#1700,#150,.T.);
#2233=EDGE_CURVE('',#1694,#1700,#1530,.T.);
#2245=EDGE_CURVE('',#1696,#1790,#160,.T.);
#2247=EDGE_CURVE('',#1790,#1698,#165,.T.);
#2258=EDGE_CURVE('',#1788,#1780,#184,.T.);
#2260=EDGE_CURVE('',#1790,#1788,#169,.T.);
#2271=EDGE_CURVE('',#1782,#1780,#174,.T.);
#2273=EDGE_CURVE('',#1786,#1782,#179,.T.);
#2275=EDGE_CURVE('',#1786,#1788,#580,.T.);
#2288=EDGE_CURVE('',#1778,#1776,#193,.T.);
#2290=EDGE_CURVE('',#1778,#1782,#188,.T.);
#2301=EDGE_CURVE('',#1776,#1772,#198,.T.);
#2303=EDGE_CURVE('',#1774,#1772,#217,.T.);
#2305=EDGE_CURVE('',#1778,#1774,#203,.T.);
#2315=EDGE_CURVE('',#1772,#1748,#207,.T.);
#2319=EDGE_CURVE('',#1748,#1746,#1185,.T.);
#2329=EDGE_CURVE('',#1768,#1770,#212,.T.);
#2331=EDGE_CURVE('',#1770,#1774,#1624,.T.);
#2335=EDGE_CURVE('',#1748,#1750,#1158,.T.);
#2337=EDGE_CURVE('',#1768,#1750,#236,.T.);
#2348=EDGE_CURVE('',#1762,#1768,#222,.T.);
#2350=EDGE_CURVE('',#1762,#1766,#227,.T.);
#2352=EDGE_CURVE('',#1766,#1770,#232,.T.);
#2362=EDGE_CURVE('',#1762,#1760,#278,.T.);
#2366=EDGE_CURVE('',#1760,#1750,#1154,.T.);
#2376=EDGE_CURVE('',#1893,#1894,#429,.T.);
#2378=EDGE_CURVE('',#1920,#1894,#266,.T.);
#2380=EDGE_CURVE('',#1764,#1920,#270,.T.);
#2382=EDGE_CURVE('',#1762,#1764,#274,.T.);
#2385=EDGE_CURVE('',#1758,#1760,#283,.T.);
#2387=EDGE_CURVE('',#1758,#1829,#1135,.T.);
#2389=EDGE_CURVE('',#1829,#1827,#287,.T.);
#2391=EDGE_CURVE('',#1827,#1825,#1019,.T.);
#2393=EDGE_CURVE('',#1825,#1823,#292,.T.);
#2395=EDGE_CURVE('',#1823,#1896,#296,.T.);
#2397=EDGE_CURVE('',#1896,#1893,#301,.T.);
#2401=EDGE_CURVE('',#1882,#1881,#256,.T.);
#2403=EDGE_CURVE('',#1881,#1882,#261,.T.);
#2407=EDGE_CURVE('',#2041,#1861,#241,.T.);
#2409=EDGE_CURVE('',#1861,#1862,#246,.T.);
#2411=EDGE_CURVE('',#1862,#2041,#251,.T.);
#2422=EDGE_CURVE('',#2041,#1865,#309,.T.);
#2424=EDGE_CURVE('',#1865,#1866,#324,.T.);
#2426=EDGE_CURVE('',#1862,#1866,#305,.T.);
#2438=EDGE_CURVE('',#1866,#1865,#329,.T.);
#2454=EDGE_CURVE('',#1870,#1869,#314,.T.);
#2456=EDGE_CURVE('',#1869,#1870,#319,.T.);
#2467=EDGE_CURVE('',#1873,#1869,#333,.T.);
#2469=EDGE_CURVE('',#2051,#1873,#372,.T.);
#2471=EDGE_CURVE('',#2033,#2051,#347,.T.);
#2473=EDGE_CURVE('',#2033,#1870,#337,.T.);
#2484=EDGE_CURVE('',#2043,#2033,#342,.T.);
#2486=EDGE_CURVE('',#1874,#2043,#357,.T.);
#2488=EDGE_CURVE('',#1873,#1874,#352,.T.);
#2500=EDGE_CURVE('',#2043,#1878,#362,.T.);
#2504=EDGE_CURVE('',#2051,#2045,#367,.T.);
#2506=EDGE_CURVE('',#1878,#2045,#387,.T.);
#2519=EDGE_CURVE('',#1877,#1878,#382,.T.);
#2521=EDGE_CURVE('',#2045,#1877,#377,.T.);
#2544=EDGE_CURVE('',#1885,#1882,#391,.T.);
#2546=EDGE_CURVE('',#1886,#1885,#415,.T.);
#2548=EDGE_CURVE('',#1886,#1881,#395,.T.);
#2559=EDGE_CURVE('',#1885,#1886,#400,.T.);
#2573=EDGE_CURVE('',#1886,#1890,#410,.T.);
#2575=EDGE_CURVE('',#1889,#1890,#420,.T.);
#2577=EDGE_CURVE('',#1885,#1889,#405,.T.);
#2588=EDGE_CURVE('',#1890,#1889,#425,.T.);
#2611=EDGE_CURVE('',#1898,#1893,#443,.T.);
#2613=EDGE_CURVE('',#1898,#1918,#433,.T.);
#2615=EDGE_CURVE('',#1918,#1894,#1662,.T.);
#2625=EDGE_CURVE('',#1821,#1898,#438,.T.);
#2629=EDGE_CURVE('',#1821,#1896,#448,.T.);
#2639=EDGE_CURVE('',#1902,#1900,#461,.T.);
#2641=EDGE_CURVE('',#1900,#1898,#452,.T.);
#2644=EDGE_CURVE('',#1902,#1821,#456,.T.);
#2655=EDGE_CURVE('',#1904,#1902,#466,.T.);
#2657=EDGE_CURVE('',#1904,#1908,#480,.T.);
#2659=EDGE_CURVE('',#1908,#1900,#471,.T.);
#2669=EDGE_CURVE('',#1906,#1904,#484,.T.);
#2672=EDGE_CURVE('',#1815,#1902,#475,.T.);
#2674=EDGE_CURVE('',#1906,#1815,#996,.T.);
#2684=EDGE_CURVE('',#1908,#1912,#524,.T.);
#2688=EDGE_CURVE('',#1813,#1906,#489,.T.);
#2690=EDGE_CURVE('',#1813,#1978,#973,.T.);
#2692=EDGE_CURVE('',#1978,#1974,#494,.T.);
#2694=EDGE_CURVE('',#1976,#1974,#498,.T.);
#2696=EDGE_CURVE('',#1976,#1964,#758,.T.);
#2698=EDGE_CURVE('',#1964,#1960,#503,.T.);
#2700=EDGE_CURVE('',#1962,#1960,#507,.T.);
#2702=EDGE_CURVE('',#1962,#1937,#724,.T.);
#2704=EDGE_CURVE('',#1937,#1914,#511,.T.);
#2706=EDGE_CURVE('',#1914,#1912,#516,.T.);
#2716=EDGE_CURVE('',#1912,#1910,#529,.T.);
#2718=EDGE_CURVE('',#1900,#1910,#520,.T.);
#2732=EDGE_CURVE('',#1916,#1914,#534,.T.);
#2734=EDGE_CURVE('',#1916,#1910,#539,.T.);
#2745=EDGE_CURVE('',#1937,#1935,#567,.T.);
#2747=EDGE_CURVE('',#1935,#1916,#543,.T.);
#2824=EDGE_CURVE('',#1933,#1935,#562,.T.);
#2827=EDGE_CURVE('',#1940,#1937,#720,.T.);
#2829=EDGE_CURVE('',#1933,#1940,#575,.T.);
#2839=EDGE_CURVE('',#1792,#1928,#589,.T.);
#2841=EDGE_CURVE('',#1792,#1790,#1538,.T.);
#2845=EDGE_CURVE('',#1926,#1786,#1612,.T.);
#2847=EDGE_CURVE('',#1924,#1926,#585,.T.);
#2849=EDGE_CURVE('',#1924,#1922,#1647,.T.);
#2851=EDGE_CURVE('',#1922,#1916,#1670,.T.);
#2855=EDGE_CURVE('',#1932,#1933,#697,.T.);
#2857=EDGE_CURVE('',#1930,#1932,#669,.T.);
#2859=EDGE_CURVE('',#1929,#1930,#641,.T.);
#2861=EDGE_CURVE('',#1928,#1929,#622,.T.);
#2872=EDGE_CURVE('',#1928,#1946,#602,.T.);
#2874=EDGE_CURVE('',#1954,#1946,#1448,.T.);
#2876=EDGE_CURVE('',#1792,#1954,#1548,.T.);
#2931=EDGE_CURVE('',#1929,#1947,#597,.T.);
#2933=EDGE_CURVE('',#1946,#1947,#1565,.T.);
#3005=EDGE_CURVE('',#1930,#1944,#646,.T.);
#3007=EDGE_CURVE('',#1947,#1944,#665,.T.);
#3019=EDGE_CURVE('',#1932,#1939,#678,.T.);
#3021=EDGE_CURVE('',#1944,#1939,#673,.T.);
#3078=EDGE_CURVE('',#1939,#1940,#709,.T.);
#3090=EDGE_CURVE('',#1942,#1939,#701,.T.);
#3095=EDGE_CURVE('',#1942,#1962,#738,.T.);
#3106=EDGE_CURVE('',#1950,#1942,#742,.T.);
#3108=EDGE_CURVE('',#1950,#1944,#1569,.T.);
#3119=EDGE_CURVE('',#1960,#1952,#746,.T.);
#3121=EDGE_CURVE('',#1949,#1952,#1452,.T.);
#3123=EDGE_CURVE('',#1949,#1950,#1583,.T.);
#3138=EDGE_CURVE('',#1964,#1966,#750,.T.);
#3140=EDGE_CURVE('',#1966,#1952,#1457,.T.);
#3150=EDGE_CURVE('',#2010,#2011,#762,.T.);
#3152=EDGE_CURVE('',#2011,#1970,#814,.T.);
#3154=EDGE_CURVE('',#1970,#1968,#794,.T.);
#3156=EDGE_CURVE('',#1968,#1966,#754,.T.);
#3160=EDGE_CURVE('',#1976,#1980,#790,.T.);
#3162=EDGE_CURVE('',#1980,#1984,#940,.T.);
#3164=EDGE_CURVE('',#1984,#1992,#924,.T.);
#3166=EDGE_CURVE('',#1994,#1992,#908,.T.);
#3168=EDGE_CURVE('',#1994,#1996,#786,.T.);
#3170=EDGE_CURVE('',#2000,#1996,#874,.T.);
#3172=EDGE_CURVE('',#2000,#2005,#866,.T.);
#3174=EDGE_CURVE('',#2007,#2005,#850,.T.);
#3176=EDGE_CURVE('',#2007,#2025,#842,.T.);
#3178=EDGE_CURVE('',#2025,#2023,#834,.T.);
#3180=EDGE_CURVE('',#2023,#2021,#782,.T.);
#3182=EDGE_CURVE('',#2010,#2021,#778,.T.);
#3192=EDGE_CURVE('',#2010,#2015,#774,.T.);
#3194=EDGE_CURVE('',#2015,#2013,#802,.T.);
#3196=EDGE_CURVE('',#2011,#2013,#818,.T.);
#3207=EDGE_CURVE('',#2021,#2019,#766,.T.);
#3209=EDGE_CURVE('',#2019,#2015,#770,.T.);
#3221=EDGE_CURVE('',#2017,#2019,#798,.T.);
#3225=EDGE_CURVE('',#2023,#2027,#830,.T.);
#3227=EDGE_CURVE('',#1998,#2027,#896,.T.);
#3229=EDGE_CURVE('',#1996,#1998,#878,.T.);
#3232=EDGE_CURVE('',#1990,#1994,#904,.T.);
#3234=EDGE_CURVE('',#1990,#1982,#916,.T.);
#3236=EDGE_CURVE('',#1982,#1980,#928,.T.);
#3240=EDGE_CURVE('',#1974,#1972,#944,.T.);
#3242=EDGE_CURVE('',#1968,#1972,#1461,.T.);
#3245=EDGE_CURVE('',#1970,#2017,#810,.T.);
#3256=EDGE_CURVE('',#2017,#2013,#806,.T.);
#3280=EDGE_CURVE('',#2029,#2025,#822,.T.);
#3282=EDGE_CURVE('',#2029,#2027,#826,.T.);
#3296=EDGE_CURVE('',#2031,#2007,#846,.T.);
#3298=EDGE_CURVE('',#2031,#2029,#887,.T.);
#3310=EDGE_CURVE('',#2004,#2005,#858,.T.);
#3312=EDGE_CURVE('',#2031,#2004,#854,.T.);
#3322=EDGE_CURVE('',#2002,#2000,#870,.T.);
#3324=EDGE_CURVE('',#2002,#2004,#892,.T.);
#3339=EDGE_CURVE('',#2002,#1998,#882,.T.);
#3363=EDGE_CURVE('',#1988,#1990,#900,.T.);
#3367=EDGE_CURVE('',#1988,#1992,#912,.T.);
#3379=EDGE_CURVE('',#1986,#1988,#920,.T.);
#3381=EDGE_CURVE('',#1986,#1982,#932,.T.);
#3391=EDGE_CURVE('',#1986,#1984,#936,.T.);
#3418=EDGE_CURVE('',#1809,#1978,#961,.T.);
#3420=EDGE_CURVE('',#1809,#1806,#965,.T.);
#3422=EDGE_CURVE('',#1807,#1806,#1604,.T.);
#3424=EDGE_CURVE('',#1807,#1972,#1466,.T.);
#3434=EDGE_CURVE('',#1811,#1809,#969,.T.);
#3438=EDGE_CURVE('',#1813,#1811,#991,.T.);
#3449=EDGE_CURVE('',#1817,#1811,#981,.T.);
#3451=EDGE_CURVE('',#1837,#1817,#1023,.T.);
#3453=EDGE_CURVE('',#1718,#1837,#1066,.T.);
#3455=EDGE_CURVE('',#1714,#1718,#1397,.T.);
#3457=EDGE_CURVE('',#1716,#1714,#1416,.T.);
#3459=EDGE_CURVE('',#1806,#1716,#1608,.T.);
#3470=EDGE_CURVE('',#1811,#1815,#986,.T.);
#3472=EDGE_CURVE('',#1819,#1815,#977,.T.);
#3474=EDGE_CURVE('',#1817,#1819,#1005,.T.);
#3498=EDGE_CURVE('',#1819,#1821,#1000,.T.);
#3511=EDGE_CURVE('',#1819,#1823,#1010,.T.);
#3526=EDGE_CURVE('',#1817,#1825,#1015,.T.);
#3537=EDGE_CURVE('',#1835,#1827,#1028,.T.);
#3539=EDGE_CURVE('',#1837,#1835,#1043,.T.);
#3551=EDGE_CURVE('',#2053,#1833,#1053,.T.);
#3553=EDGE_CURVE('',#2053,#1835,#1048,.T.);
#3556=EDGE_CURVE('',#1833,#1827,#1033,.T.);
#3566=EDGE_CURVE('',#1728,#1837,#1038,.T.);
#3571=EDGE_CURVE('',#1728,#1833,#1058,.T.);
#3582=EDGE_CURVE('',#1724,#1728,#1062,.T.);
#3584=EDGE_CURVE('',#1724,#1726,#1369,.T.);
#3586=EDGE_CURVE('',#1726,#1718,#1384,.T.);
#3597=EDGE_CURVE('',#1730,#1724,#1070,.T.);
#3600=EDGE_CURVE('',#1732,#1728,#1334,.T.);
#3602=EDGE_CURVE('',#1732,#1730,#1103,.T.);
#3612=EDGE_CURVE('',#1738,#1730,#1075,.T.);
#3614=EDGE_CURVE('',#1737,#1738,#1203,.T.);
#3617=EDGE_CURVE('',#1720,#1724,#1374,.T.);
#3629=EDGE_CURVE('',#1734,#1730,#1080,.T.);
#3631=EDGE_CURVE('',#1734,#1740,#1085,.T.);
#3633=EDGE_CURVE('',#2059,#1740,#1090,.T.);
#3635=EDGE_CURVE('',#2059,#1738,#1095,.T.);
#3645=EDGE_CURVE('',#1756,#1734,#1099,.T.);
#3649=EDGE_CURVE('',#1839,#1732,#1349,.T.);
#3651=EDGE_CURVE('',#1756,#1839,#1330,.T.);
#3662=EDGE_CURVE('',#1752,#1756,#1139,.T.);
#3664=EDGE_CURVE('',#1754,#1752,#1170,.T.);
#3666=EDGE_CURVE('',#1754,#1845,#1290,.T.);
#3668=EDGE_CURVE('',#1855,#1845,#1265,.T.);
#3670=EDGE_CURVE('',#1855,#1856,#1261,.T.);
#3672=EDGE_CURVE('',#1858,#1856,#1236,.T.);
#3674=EDGE_CURVE('',#1858,#1844,#1232,.T.);
#3676=EDGE_CURVE('',#1842,#1844,#1207,.T.);
#3678=EDGE_CURVE('',#1842,#1841,#1315,.T.);
#3680=EDGE_CURVE('',#1744,#1841,#1162,.T.);
#3682=EDGE_CURVE('',#1734,#1744,#1193,.T.);
#3686=EDGE_CURVE('',#1848,#1849,#1107,.T.);
#3688=EDGE_CURVE('',#1853,#1849,#1121,.T.);
#3690=EDGE_CURVE('',#1851,#1853,#1111,.T.);
#3692=EDGE_CURVE('',#1848,#1851,#1126,.T.);
#3702=EDGE_CURVE('',#1849,#1853,#1116,.T.);
#3705=EDGE_CURVE('',#1851,#1848,#1131,.T.);
#3737=EDGE_CURVE('',#1758,#1752,#1149,.T.);
#3740=EDGE_CURVE('',#1756,#1829,#1325,.T.);
#3750=EDGE_CURVE('',#1752,#1750,#1144,.T.);
#3765=EDGE_CURVE('',#1744,#1748,#1180,.T.);
#3768=EDGE_CURVE('',#1841,#1754,#1166,.T.);
#3780=EDGE_CURVE('',#1744,#1742,#1175,.T.);
#3793=EDGE_CURVE('',#1740,#1737,#1198,.T.);
#3834=EDGE_CURVE('',#1831,#1829,#1320,.T.);
#3838=EDGE_CURVE('',#2057,#1839,#1344,.T.);
#3840=EDGE_CURVE('',#2057,#1831,#1339,.T.);
#3852=EDGE_CURVE('',#1732,#1831,#1354,.T.);
#3877=EDGE_CURVE('',#2055,#1722,#1359,.T.);
#3879=EDGE_CURVE('',#2055,#1726,#1364,.T.);
#3883=EDGE_CURVE('',#1722,#1720,#1379,.T.);
#3896=EDGE_CURVE('',#1718,#1722,#1389,.T.);
#3907=EDGE_CURVE('',#1712,#1714,#1407,.T.);
#3920=EDGE_CURVE('',#1714,#1708,#1402,.T.);
#3924=EDGE_CURVE('',#1708,#1710,#1412,.T.);
#3934=EDGE_CURVE('',#1716,#1800,#1425,.T.);
#3938=EDGE_CURVE('',#1800,#1708,#1420,.T.);
#3949=EDGE_CURVE('',#1800,#1802,#1430,.T.);
#3951=EDGE_CURVE('',#1804,#1802,#1471,.T.);
#3953=EDGE_CURVE('',#1716,#1804,#1435,.T.);
#3963=EDGE_CURVE('',#1802,#1798,#1475,.T.);
#3966=EDGE_CURVE('',#1800,#1706,#1439,.T.);
#3968=EDGE_CURVE('',#1706,#1798,#1511,.T.);
#3978=EDGE_CURVE('',#1956,#1958,#1488,.T.);
#3980=EDGE_CURVE('',#1954,#1956,#1444,.T.);
#3983=EDGE_CURVE('',#1949,#1946,#1557,.T.);
#3990=EDGE_CURVE('',#1807,#1804,#1587,.T.);
#3994=EDGE_CURVE('',#1798,#1958,#1480,.T.);
#4004=EDGE_CURVE('',#1794,#1796,#1484,.T.);
#4006=EDGE_CURVE('',#1956,#1794,#1553,.T.);
#4009=EDGE_CURVE('',#1958,#1796,#1506,.T.);
#4020=EDGE_CURVE('',#1700,#1796,#1496,.T.);
#4023=EDGE_CURVE('',#1794,#1698,#1534,.T.);
#4033=EDGE_CURVE('',#1706,#1796,#1501,.T.);
#4035=EDGE_CURVE('',#1704,#1706,#1492,.T.);
#4037=EDGE_CURVE('',#1704,#1700,#1520,.T.);
#4063=EDGE_CURVE('',#1704,#1708,#1515,.T.);
#4074=EDGE_CURVE('',#1702,#1704,#1525,.T.);
#4098=EDGE_CURVE('',#1792,#1794,#1543,.T.);
#4150=EDGE_CURVE('',#1784,#1782,#1616,.T.);
#4152=EDGE_CURVE('',#1784,#1926,#1633,.T.);
#4162=EDGE_CURVE('',#1766,#1778,#1620,.T.);
#4164=EDGE_CURVE('',#1766,#1784,#1628,.T.);
#4191=EDGE_CURVE('',#1764,#1784,#1638,.T.);
#4204=EDGE_CURVE('',#1924,#1764,#1643,.T.);
#4215=EDGE_CURVE('',#1920,#1922,#1657,.T.);
#4227=EDGE_CURVE('',#1922,#1918,#1652,.T.);
#4241=EDGE_CURVE('',#1918,#1910,#1666,.T.);
#4262=(LENGTH_UNIT()NAMED_UNIT(*)SI_UNIT(.MILLI.,.METRE.));
#4264=(NAMED_UNIT(*)PLANE_ANGLE_UNIT()SI_UNIT($,.RADIAN.));
#4267=(NAMED_UNIT(*)SI_UNIT($,.STERADIAN.)SOLID_ANGLE_UNIT());
#4273=AXIS2_PLACEMENT_3D('',#4270,#4271,#4272);
#4274=ADVANCED_BREP_SHAPE_REPRESENTATION('',(#4273,#4261),#4269);
#4281=PRODUCT_DEFINITION('design','',#4280,#4277);
#4282=PRODUCT_DEFINITION_SHAPE('','SHAPE FOR H3380-806-DOCUMENT_SUPPORT_SUB.',
#4281);
#4283=SHAPE_DEFINITION_REPRESENTATION(#4282,#4274);
#4284=SHAPE_DEFINITION_REPRESENTATION(#4285,#4286);
#4285=PRODUCT_DEFINITION_SHAPE('','SHAPE FOR D1798432-00_ASM.',#4311);
#4286=SHAPE_REPRESENTATION('',(#4292,#4307),#4303);
#4287=NEXT_ASSEMBLY_USAGE_OCCURRENCE('0','Next assembly relationship',
'H3380-806-DOCUMENT_SUPPORT_SUB',#4311,#4281,$);
#4288=PRODUCT_DEFINITION_SHAPE('Placement #0',
'Placement of H3380-806-DOCUMENT_SUPPORT_SUB with respect to D1798432-00_ASM',
#4287);
#4296=(LENGTH_UNIT()NAMED_UNIT(*)SI_UNIT(.MILLI.,.METRE.));
#4298=(NAMED_UNIT(*)PLANE_ANGLE_UNIT()SI_UNIT($,.RADIAN.));
#4301=(NAMED_UNIT(*)SI_UNIT($,.STERADIAN.)SOLID_ANGLE_UNIT());
#4307=AXIS2_PLACEMENT_3D('',#4304,#4305,#4306);
#4311=PRODUCT_DEFINITION('design','',#4310,#4277);
ENDSEC;
END-ISO-10303-21;
