ISO-10303-21;
HEADER;
FILE_DESCRIPTION((''),'2;1');
FILE_NAME('D1798404-00_ASM','2019-04-25T',('iei96381'),(''),
'CREO PARAMETRIC BY PTC INC, 2016380','CREO PARAMETRIC BY PTC INC, 2016380','');
FILE_SCHEMA(('CONFIG_CONTROL_DESIGN'));
ENDSEC;
DATA;
#2=DIRECTION('',(1.308158914526E-10,-6.427876096865E-1,-7.660444431190E-1));
#3=VECTOR('',#2,5.E0);
#4=CARTESIAN_POINT('',(2.509399983224E1,1.859557567618E2,-2.750381652980E1));
#5=LINE('',#4,#3);
#6=DIRECTION('',(1.E0,2.738634715652E-10,9.542430337350E-11));
#7=VECTOR('',#6,2.800000000182E0);
#8=CARTESIAN_POINT('',(2.524399981756E1,2.045349690261E2,-4.584111652519E0));
#9=LINE('',#8,#7);
#10=DIRECTION('',(2.491375994396E-10,-6.427876096865E-1,-7.660444431190E-1));
#11=VECTOR('',#10,4.E0);
#12=CARTESIAN_POINT('',(2.804399981674E1,2.071061194656E2,-1.519933879776E0));
#13=LINE('',#12,#11);
#14=DIRECTION('',(1.E0,2.738736221392E-10,9.542858564957E-11));
#15=VECTOR('',#14,2.800000000555E0);
#16=CARTESIAN_POINT('',(2.524399981619E1,2.071061194648E2,-1.519933880043E0));
#17=LINE('',#16,#15);
#18=DIRECTION('',(-4.130029651348E-11,6.427876095273E-1,7.660444432526E-1));
#19=VECTOR('',#18,1.000000000062E0);
#20=CARTESIAN_POINT('',(2.524399981623E1,2.064633318553E2,-2.285978323344E0));
#21=LINE('',#20,#19);
#22=DIRECTION('',(-1.E0,-1.601089631080E-10,-1.908446240348E-10));
#23=VECTOR('',#22,1.800000000187E0);
#24=CARTESIAN_POINT('',(2.704399981642E1,2.064633318556E2,-2.285978323E0));
#25=LINE('',#24,#23);
#26=DIRECTION('',(-2.491287176554E-10,6.427876096865E-1,7.660444431190E-1));
#27=VECTOR('',#26,2.E0);
#28=CARTESIAN_POINT('',(2.704399981692E1,2.051777566362E2,-3.818067209238E0));
#29=LINE('',#28,#27);
#30=DIRECTION('',(-1.E0,-1.601721224955E-10,-1.908577000344E-10));
#31=VECTOR('',#30,1.799999999813E0);
#32=CARTESIAN_POINT('',(2.704399981692E1,2.051777566362E2,-3.818067209238E0));
#33=LINE('',#32,#31);
#34=DIRECTION('',(-4.569642442505E-10,6.427876098457E-1,7.660444429854E-1));
#35=VECTOR('',#34,9.999999999377E-1);
#36=CARTESIAN_POINT('',(2.524399981756E1,2.045349690261E2,-4.584111652519E0));
#37=LINE('',#36,#35);
#38=DIRECTION('',(1.E0,1.479146963319E-10,1.762894591825E-10));
#39=VECTOR('',#38,2.800000000612E0);
#40=CARTESIAN_POINT('',(2.524399983293E1,1.826801902969E2,-3.062962271866E1));
#41=LINE('',#40,#39);
#42=DIRECTION('',(-1.308189112592E-10,6.427876096865E-1,7.660444431190E-1));
#43=VECTOR('',#42,4.E0);
#44=CARTESIAN_POINT('',(2.804399983354E1,1.826801902974E2,-3.062962271816E1));
#45=LINE('',#44,#43);
#46=DIRECTION('',(-1.E0,-1.479349975426E-10,-1.762932656491E-10));
#47=VECTOR('',#46,2.800000000808E0);
#48=CARTESIAN_POINT('',(2.804399983302E1,1.852513407361E2,-2.756544494569E1));
#49=LINE('',#48,#47);
#50=DIRECTION('',(1.307789432222E-10,-6.427876096865E-1,-7.660444431190E-1));
#51=VECTOR('',#50,1.000000000062E0);
#52=CARTESIAN_POINT('',(2.524399983221E1,1.852513407357E2,-2.756544494618E1));
#53=LINE('',#52,#51);
#54=DIRECTION('',(-1.E0,-1.411453669775E-10,-1.682052028269E-10));
#55=VECTOR('',#54,1.800000000276E0);
#56=CARTESIAN_POINT('',(2.704399983261E1,1.846085531262E2,-2.833148938905E1));
#57=LINE('',#56,#55);
#58=DIRECTION('',(-1.308286812218E-10,6.427876096865E-1,7.660444431190E-1));
#59=VECTOR('',#58,2.E0);
#60=CARTESIAN_POINT('',(2.704399983288E1,1.833229779068E2,-2.986357827528E1));
#61=LINE('',#60,#59);
#62=DIRECTION('',(1.E0,1.411611568315E-10,1.682052028452E-10));
#63=VECTOR('',#62,1.800000000079E0);
#64=CARTESIAN_POINT('',(2.524399983280E1,1.833229779066E2,-2.986357827559E1));
#65=LINE('',#64,#63);
#66=DIRECTION('',(1.308428920847E-10,-6.427876096865E-1,-7.660444431190E-1));
#67=VECTOR('',#66,9.999999999377E-1);
#68=CARTESIAN_POINT('',(2.524399983280E1,1.833229779066E2,-2.986357827559E1));
#69=LINE('',#68,#67);
#70=DIRECTION('',(-1.E0,0.E0,0.E0));
#71=VECTOR('',#70,1.460199920001E1);
#72=CARTESIAN_POINT('',(3.720200000001E1,2.236222468519E2,1.816322026886E1));
#73=LINE('',#72,#71);
#74=DIRECTION('',(-1.E0,-1.371947557008E-10,-2.794029842415E-10));
#75=VECTOR('',#74,3.349000858706E0);
#76=CARTESIAN_POINT('',(4.084300000649E1,1.902650840941E2,-2.159029828623E1));
#77=LINE('',#76,#75);
#78=DIRECTION('',(-1.E0,-1.456219728930E-10,-2.894447816008E-10));
#79=VECTOR('',#78,3.349000857685E0);
#80=CARTESIAN_POINT('',(4.084300000658E1,1.876939336554E2,-2.465447605867E1));
#81=LINE('',#80,#79);
#82=DIRECTION('',(1.E0,0.E0,0.E0));
#83=VECTOR('',#82,1.824299920001E1);
#84=CARTESIAN_POINT('',(2.26000008E1,1.784673849767E2,-3.565024859395E1));
#85=LINE('',#84,#83);
#86=DIRECTION('',(-1.E0,-1.601485314782E-10,-1.908523086742E-10));
#87=VECTOR('',#86,2.493999032890E0);
#88=CARTESIAN_POINT('',(2.509399983289E1,1.823587964918E2,-3.101264494055E1));
#89=LINE('',#88,#87);
#90=DIRECTION('',(1.308158914526E-10,-6.427876096865E-1,-7.660444431190E-1));
#91=VECTOR('',#90,5.E0);
#92=CARTESIAN_POINT('',(2.509399983224E1,1.855727345403E2,-2.718242272496E1));
#93=LINE('',#92,#91);
#94=DIRECTION('',(1.E0,1.601485315202E-10,1.908523087242E-10));
#95=VECTOR('',#94,2.493999032236E0);
#96=CARTESIAN_POINT('',(2.26000008E1,1.855727345399E2,-2.718242272543E1));
#97=LINE('',#96,#95);
#98=DIRECTION('',(-1.E0,-1.601599281973E-10,-1.908501727278E-10));
#99=VECTOR('',#98,2.493999022294E0);
#100=CARTESIAN_POINT('',(2.509399982230E1,2.042135752212E2,-4.967133874508E0));
#101=LINE('',#100,#99);
#102=DIRECTION('',(1.308151809099E-10,-6.427876096865E-1,-7.660444431190E-1));
#103=VECTOR('',#102,5.E0);
#104=CARTESIAN_POINT('',(2.509399982164E1,2.074275132696E2,-1.136911658913E0));
#105=LINE('',#104,#103);
#106=DIRECTION('',(1.E0,1.601257401232E-10,1.908502618094E-10));
#107=VECTOR('',#106,2.493999021640E0);
#108=CARTESIAN_POINT('',(2.26000008E1,2.074275132692E2,-1.136911659389E0));
#109=LINE('',#108,#107);
#110=DIRECTION('',(-7.071067811988E-1,5.416752202845E-1,-4.545194778141E-1));
#111=VECTOR('',#110,2.545584412127E0);
#112=CARTESIAN_POINT('',(2.704399981749E1,2.031560890289E2,-3.427093954788E0));
#113=LINE('',#112,#111);
#114=DIRECTION('',(-4.478692972043E-10,6.427876097434E-1,7.660444430713E-1));
#115=VECTOR('',#114,1.E0);
#116=CARTESIAN_POINT('',(2.704399981749E1,2.031560890289E2,-3.427093954788E0));
#117=LINE('',#116,#115);
#118=DIRECTION('',(-7.071067811743E-1,5.416752202875E-1,-4.545194778486E-1));
#119=VECTOR('',#118,2.545584412228E0);
#120=CARTESIAN_POINT('',(2.704399981704E1,2.037988766387E2,-2.661049511716E0));
#121=LINE('',#120,#119);
#122=DIRECTION('',(6.921278365250E-11,-7.660444430789E-1,6.427876097342E-1));
#123=VECTOR('',#122,1.8E0);
#124=CARTESIAN_POINT('',(2.704399981692E1,2.051777566362E2,-3.818067209238E0));
#125=LINE('',#124,#123);
#126=DIRECTION('',(-6.919699381393E-11,-7.660444430789E-1,6.427876097343E-1));
#127=VECTOR('',#126,1.8E0);
#128=CARTESIAN_POINT('',(2.704399981642E1,2.064633318556E2,-2.285978323E0));
#129=LINE('',#128,#127);
#130=DIRECTION('',(7.071067811988E-1,-5.416752202688E-1,4.545194778329E-1));
#131=VECTOR('',#130,2.545584412316E0);
#132=CARTESIAN_POINT('',(2.524399981623E1,2.064633318553E2,-2.285978323344E0));
#133=LINE('',#132,#131);
#134=DIRECTION('',(-3.737063991593E-10,6.427876096865E-1,7.660444431190E-1));
#135=VECTOR('',#134,4.E0);
#136=CARTESIAN_POINT('',(2.804399981826E1,2.031560890293E2,-3.427093954597E0));
#137=LINE('',#136,#135);
#138=DIRECTION('',(1.E0,3.539355472645E-10,1.908477818754E-10));
#139=VECTOR('',#138,1.000000000769E0);
#140=CARTESIAN_POINT('',(2.704399981749E1,2.031560890289E2,-3.427093954788E0));
#141=LINE('',#140,#139);
#142=DIRECTION('',(-3.737010700888E-10,6.427876096865E-1,7.660444431190E-1));
#143=VECTOR('',#142,2.E0);
#144=CARTESIAN_POINT('',(2.704399981704E1,2.037988766387E2,-2.661049511716E0));
#145=LINE('',#144,#143);
#146=DIRECTION('',(-2.995399484007E-10,6.427876096297E-1,7.660444431667E-1));
#147=VECTOR('',#146,1.E0);
#148=CARTESIAN_POINT('',(2.704399981629E1,2.050844518580E2,-1.128960625478E0));
#149=LINE('',#148,#147);
#150=DIRECTION('',(1.E0,3.539639689739E-10,1.908587175722E-10));
#151=VECTOR('',#150,1.000000000769E0);
#152=CARTESIAN_POINT('',(2.704399981599E1,2.057272394677E2,-3.629161823117E-1));
#153=LINE('',#152,#151);
#154=DIRECTION('',(-2.868599185138E-10,7.660444430567E-1,-6.427876097608E-1));
#155=VECTOR('',#154,1.800000000134E0);
#156=CARTESIAN_POINT('',(2.804399981826E1,2.031560890293E2,-3.427093954597E0));
#157=LINE('',#156,#155);
#158=DIRECTION('',(-1.003444241205E-11,7.660444430567E-1,-6.427876097608E-1));
#159=VECTOR('',#158,1.800000000134E0);
#160=CARTESIAN_POINT('',(2.804399981676E1,2.057272394680E2,-3.629161821209E-1));
#161=LINE('',#160,#159);
#162=DIRECTION('',(-7.071067811743E-1,5.416752203032E-1,-4.545194778299E-1));
#163=VECTOR('',#162,2.545584412038E0);
#164=CARTESIAN_POINT('',(2.704399981599E1,2.057272394677E2,-3.629161823117E-1));
#165=LINE('',#164,#163);
#166=DIRECTION('',(7.071067811865E-1,-5.416752203050E-1,4.545194778087E-1));
#167=VECTOR('',#166,2.545584412272E0);
#168=CARTESIAN_POINT('',(2.524399983293E1,1.826801902969E2,-3.062962271866E1));
#169=LINE('',#168,#167);
#170=DIRECTION('',(-7.071067811864E-1,5.416752203018E-1,-4.545194778128E-1));
#171=VECTOR('',#170,2.545584412334E0);
#172=CARTESIAN_POINT('',(2.704399983284E1,1.819440979092E2,-2.870656057776E1));
#173=LINE('',#172,#171);
#174=DIRECTION('',(1.976098297293E-11,7.660444430932E-1,-6.427876097173E-1));
#175=VECTOR('',#174,1.800000000044E0);
#176=CARTESIAN_POINT('',(2.704399983284E1,1.819440979092E2,-2.870656057776E1));
#177=LINE('',#176,#175);
#178=DIRECTION('',(-2.644675589506E-10,6.427876097205E-1,7.660444430905E-1));
#179=VECTOR('',#178,1.000000000049E0);
#180=CARTESIAN_POINT('',(2.704399983247E1,1.832296731286E2,-2.717447169153E1));
#181=LINE('',#180,#179);
#182=DIRECTION('',(-1.E0,-1.944044923850E-10,-2.316440371434E-10));
#183=VECTOR('',#182,1.000000000612E0);
#184=CARTESIAN_POINT('',(2.804399983354E1,1.813013102998E2,-2.947260502064E1));
#185=LINE('',#184,#183);
#186=DIRECTION('',(-8.709832855374E-11,6.427876096526E-1,7.660444431475E-1));
#187=VECTOR('',#186,9.999999999510E-1);
#188=CARTESIAN_POINT('',(2.704399983293E1,1.813013102996E2,-2.947260502087E1));
#189=LINE('',#188,#187);
#190=DIRECTION('',(-1.839701724293E-10,6.427876096865E-1,7.660444431190E-1));
#191=VECTOR('',#190,2.E0);
#192=CARTESIAN_POINT('',(2.704399983284E1,1.819440979092E2,-2.870656057776E1));
#193=LINE('',#192,#191);
#194=DIRECTION('',(7.071067812041E-1,-5.416752202882E-1,4.545194778014E-1));
#195=VECTOR('',#194,2.545584412397E0);
#196=CARTESIAN_POINT('',(2.524399983234E1,1.846085531260E2,-2.833148938935E1));
#197=LINE('',#196,#195);
#198=DIRECTION('',(7.880905804296E-11,7.660444430932E-1,-6.427876097172E-1));
#199=VECTOR('',#198,1.800000000044E0);
#200=CARTESIAN_POINT('',(2.704399983247E1,1.832296731286E2,-2.717447169153E1));
#201=LINE('',#200,#199);
#202=DIRECTION('',(1.E0,1.944044923469E-10,2.316511425253E-10));
#203=VECTOR('',#202,1.000000000808E0);
#204=CARTESIAN_POINT('',(2.704399983221E1,1.838724607384E2,-2.640842724840E1));
#205=LINE('',#204,#203);
#206=DIRECTION('',(-7.071067811865E-1,5.416752203050E-1,-4.545194778087E-1));
#207=VECTOR('',#206,2.545584412272E0);
#208=CARTESIAN_POINT('',(2.704399983221E1,1.838724607384E2,-2.640842724840E1));
#209=LINE('',#208,#207);
#210=DIRECTION('',(0.E0,-7.660444430789E-1,6.427876097342E-1));
#211=VECTOR('',#210,1.8E0);
#212=CARTESIAN_POINT('',(2.804399983354E1,1.826801902974E2,-3.062962271816E1));
#213=LINE('',#212,#211);
#214=DIRECTION('',(-1.308180230808E-10,6.427876096865E-1,7.660444431190E-1));
#215=VECTOR('',#214,4.E0);
#216=CARTESIAN_POINT('',(2.804399983354E1,1.813013102998E2,-2.947260502064E1));
#217=LINE('',#216,#215);
#218=DIRECTION('',(0.E0,7.660444430789E-1,-6.427876097342E-1));
#219=VECTOR('',#218,1.8E0);
#220=CARTESIAN_POINT('',(2.804399983302E1,1.838724607386E2,-2.640842724817E1));
#221=LINE('',#220,#219);
#222=DIRECTION('',(-1.E0,0.E0,0.E0));
#223=VECTOR('',#222,1.410199920001E1);
#224=CARTESIAN_POINT('',(3.720200000001E1,2.252650344616E2,1.892926471198E1));
#225=LINE('',#224,#223);
#226=CARTESIAN_POINT('',(2.26000008E1,1.789336923418E2,-3.715024859395E1));
#227=CARTESIAN_POINT('',(2.26000008E1,1.789518728549E2,-3.715024859395E1));
#228=CARTESIAN_POINT('',(2.260000080001E1,1.789881915167E2,-3.714814892060E1));
#229=CARTESIAN_POINT('',(2.26000008E1,1.790419653490E2,-3.713896948169E1));
#230=CARTESIAN_POINT('',(2.26000008E1,1.790944579528E2,-3.712402920506E1));
#231=CARTESIAN_POINT('',(2.26000008E1,1.791450922602E2,-3.710359718190E1));
#232=CARTESIAN_POINT('',(2.26000008E1,1.791932912035E2,-3.707794250336E1));
#233=CARTESIAN_POINT('',(2.260000080001E1,1.792384777147E2,-3.704733426063E1));
#234=CARTESIAN_POINT('',(2.260000080001E1,1.792800747259E2,-3.701204154486E1));
#235=CARTESIAN_POINT('',(2.26000008E1,1.793050283549E2,-3.698556947978E1));
#236=CARTESIAN_POINT('',(2.26000008E1,1.793167145634E2,-3.697164239879E1));
#238=DIRECTION('',(0.E0,-6.427876096865E-1,-7.660444431190E-1));
#239=VECTOR('',#238,7.004047899954E1);
#240=CARTESIAN_POINT('',(2.26000008E1,2.243378666408E2,1.668247733220E1));
#241=LINE('',#240,#239);
#242=CARTESIAN_POINT('',(2.26000008E1,2.094E2,2.921683572109E1));
#243=DIRECTION('',(-1.E0,0.E0,0.E0));
#244=DIRECTION('',(0.E0,8.330426502464E-1,-5.532087696978E-1));
#245=AXIS2_PLACEMENT_3D('',#242,#243,#244);
#247=DIRECTION('',(0.E0,-9.063077870366E-1,-4.226182617407E-1));
#248=VECTOR('',#247,6.295147824970E-1);
#249=CARTESIAN_POINT('',(2.26000008E1,2.241927810013E2,1.842926471198E1));
#250=LINE('',#249,#248);
#251=DIRECTION('',(0.E0,-6.427876096865E-1,-7.660444431190E-1));
#252=VECTOR('',#251,2.519453290421E1);
#253=CARTESIAN_POINT('',(2.26000008E1,2.236222468519E2,1.816322026886E1));
#254=LINE('',#253,#252);
#255=DIRECTION('',(0.E0,7.660444431190E-1,-6.427876096866E-1));
#256=VECTOR('',#255,3.E-1);
#257=CARTESIAN_POINT('',(2.26000008E1,2.074275132692E2,-1.136911659389E0));
#258=LINE('',#257,#256);
#259=DIRECTION('',(0.E0,-6.427876096865E-1,-7.660444431190E-1));
#260=VECTOR('',#259,5.E0);
#261=CARTESIAN_POINT('',(2.26000008E1,2.076573266021E2,-1.329747942295E0));
#262=LINE('',#261,#260);
#263=DIRECTION('',(0.E0,-7.660444431189E-1,6.427876096866E-1));
#264=VECTOR('',#263,3.E-1);
#265=CARTESIAN_POINT('',(2.26000008E1,2.044433885537E2,-5.159970157890E0));
#266=LINE('',#265,#264);
#267=DIRECTION('',(0.E0,-6.427876096865E-1,-7.660444431190E-1));
#268=VECTOR('',#267,2.9E1);
#269=CARTESIAN_POINT('',(2.26000008E1,2.042135752208E2,-4.967133874984E0));
#270=LINE('',#269,#268);
#271=DIRECTION('',(0.E0,7.660444431190E-1,-6.427876096865E-1));
#272=VECTOR('',#271,5.E-1);
#273=CARTESIAN_POINT('',(2.26000008E1,1.855727345399E2,-2.718242272543E1));
#274=LINE('',#273,#272);
#275=DIRECTION('',(0.E0,-6.427876096865E-1,-7.660444431190E-1));
#276=VECTOR('',#275,5.E0);
#277=CARTESIAN_POINT('',(2.26000008E1,1.859557567614E2,-2.750381653028E1));
#278=LINE('',#277,#276);
#279=DIRECTION('',(0.E0,-7.660444431189E-1,6.427876096866E-1));
#280=VECTOR('',#279,5.E-1);
#281=CARTESIAN_POINT('',(2.26000008E1,1.827418187130E2,-3.133403874587E1));
#282=LINE('',#281,#280);
#283=DIRECTION('',(0.E0,-6.427876096865E-1,-7.660444431190E-1));
#284=VECTOR('',#283,6.053961613554E0);
#285=CARTESIAN_POINT('',(2.26000008E1,1.823587964914E2,-3.101264494103E1));
#286=LINE('',#285,#284);
#287=DIRECTION('',(0.E0,-1.E0,0.E0));
#288=VECTOR('',#287,1.567384976714E0);
#289=CARTESIAN_POINT('',(2.26000008E1,1.784673849767E2,-3.565024859395E1));
#290=LINE('',#289,#288);
#291=CARTESIAN_POINT('',(2.31000008E1,1.789336923418E2,-3.715024859395E1));
#292=DIRECTION('',(0.E0,1.E0,0.E0));
#293=DIRECTION('',(0.E0,0.E0,-1.E0));
#294=AXIS2_PLACEMENT_3D('',#291,#292,#293);
#296=CARTESIAN_POINT('',(2.31000008E1,1.789336923418E2,-3.665024859395E1));
#297=DIRECTION('',(-1.E0,0.E0,0.E0));
#298=DIRECTION('',(0.E0,7.660444431190E-1,-6.427876096865E-1));
#299=AXIS2_PLACEMENT_3D('',#296,#297,#298);
#301=CARTESIAN_POINT('',(2.31000008E1,1.793167145634E2,-3.697164239879E1));
#302=DIRECTION('',(0.E0,-6.427876096865E-1,-7.660444431190E-1));
#303=DIRECTION('',(-1.E0,5.684341886081E-14,-4.263256414561E-14));
#304=AXIS2_PLACEMENT_3D('',#301,#302,#303);
#306=DIRECTION('',(2.905343405822E-14,-1.E0,-3.873791207763E-14));
#307=VECTOR('',#306,7.336923418446E-1);
#308=CARTESIAN_POINT('',(2.26000008E1,1.789336923418E2,-3.715024859395E1));
#309=LINE('',#308,#307);
#310=DIRECTION('',(9.006564558048E-13,-1.E0,0.E0));
#311=VECTOR('',#310,7.336923418446E-1);
#312=CARTESIAN_POINT('',(2.31000008E1,1.789336923418E2,-3.765024859395E1));
#313=LINE('',#312,#311);
#314=CARTESIAN_POINT('',(2.31000008E1,1.782E2,-3.715024859395E1));
#315=DIRECTION('',(0.E0,-1.E0,0.E0));
#316=DIRECTION('',(-1.E0,0.E0,1.421085471520E-14));
#317=AXIS2_PLACEMENT_3D('',#314,#315,#316);
#319=DIRECTION('',(0.E0,0.E0,1.E0));
#320=VECTOR('',#319,3.000000311113E0);
#321=CARTESIAN_POINT('',(2.26000008E1,1.782E2,-4.015024890506E1));
#322=LINE('',#321,#320);
#323=CARTESIAN_POINT('',(2.31000008E1,1.782E2,-4.015024890506E1));
#324=DIRECTION('',(0.E0,-1.E0,0.E0));
#325=DIRECTION('',(-1.E0,0.E0,0.E0));
#326=AXIS2_PLACEMENT_3D('',#323,#324,#325);
#328=CARTESIAN_POINT('',(4.384300000001E1,1.782E2,-2.565024890506E1));
#329=DIRECTION('',(0.E0,-1.E0,0.E0));
#330=DIRECTION('',(0.E0,0.E0,-1.E0));
#331=AXIS2_PLACEMENT_3D('',#328,#329,#330);
#333=DIRECTION('',(0.E0,0.E0,1.E0));
#334=VECTOR('',#333,1.045002489051E2);
#335=CARTESIAN_POINT('',(5.884300000001E1,1.782E2,-2.565024890506E1));
#336=LINE('',#335,#334);
#337=CARTESIAN_POINT('',(5.834300000001E1,1.782E2,7.885000000001E1));
#338=DIRECTION('',(0.E0,-1.E0,0.E0));
#339=DIRECTION('',(1.E0,0.E0,0.E0));
#340=AXIS2_PLACEMENT_3D('',#337,#338,#339);
#342=CARTESIAN_POINT('',(5.584300000001E1,2.094E2,2.921683572109E1));
#343=DIRECTION('',(-1.E0,0.E0,0.E0));
#344=DIRECTION('',(0.E0,1.E0,0.E0));
#345=AXIS2_PLACEMENT_3D('',#342,#343,#344);
#347=DIRECTION('',(0.E0,-6.427876096865E-1,-7.660444431190E-1));
#348=VECTOR('',#347,5.449735136102E1);
#349=CARTESIAN_POINT('',(5.584300000001E1,2.132302222156E2,2.600289767265E1));
#350=LINE('',#349,#348);
#351=DIRECTION('',(0.E0,0.E0,-1.E0));
#352=VECTOR('',#351,9.509449550216E1);
#353=CARTESIAN_POINT('',(5.584300000001E1,1.782E2,7.935000000001E1));
#354=LINE('',#353,#352);
#355=DIRECTION('',(0.E0,9.383431168171E-1,-3.457053588274E-1));
#356=VECTOR('',#355,2.131416498033E0);
#357=CARTESIAN_POINT('',(5.584300000001E1,1.769E2,8.154065137767E1));
#358=LINE('',#357,#356);
#359=DIRECTION('',(1.421085471520E-14,1.E0,0.E0));
#360=VECTOR('',#359,3.5E1);
#361=CARTESIAN_POINT('',(5.534300000001E1,1.794E2,5.150250574417E1));
#362=LINE('',#361,#360);
#363=DIRECTION('',(0.E0,1.E0,0.E0));
#364=VECTOR('',#363,3.55E1);
#365=CARTESIAN_POINT('',(5.584300000001E1,1.789E2,5.100250574417E1));
#366=LINE('',#365,#364);
#367=CARTESIAN_POINT('',(4.084300000001E1,2.144E2,5.150250574417E1));
#368=DIRECTION('',(0.E0,0.E0,1.E0));
#369=DIRECTION('',(1.E0,0.E0,0.E0));
#370=AXIS2_PLACEMENT_3D('',#367,#368,#369);
#372=CARTESIAN_POINT('',(4.004300000001E1,2.134E2,5.150250574417E1));
#373=DIRECTION('',(0.E0,0.E0,1.E0));
#374=DIRECTION('',(1.E0,0.E0,0.E0));
#375=AXIS2_PLACEMENT_3D('',#372,#373,#374);
#377=DIRECTION('',(1.880000000042E-1,-9.821690282219E-1,0.E0));
#378=VECTOR('',#377,2.172370561429E0);
#379=CARTESIAN_POINT('',(5.240279170135E1,2.179776350833E2,5.150250574417E1));
#380=LINE('',#379,#378);
#381=CARTESIAN_POINT('',(4.084300000001E1,2.144E2,5.150250574417E1));
#382=DIRECTION('',(0.E0,0.E0,-1.E0));
#383=DIRECTION('',(-8.628018934230E-14,1.E0,0.E0));
#384=AXIS2_PLACEMENT_3D('',#381,#382,#383);
#386=DIRECTION('',(1.E0,0.E0,0.E0));
#387=VECTOR('',#386,3.141E0);
#388=CARTESIAN_POINT('',(3.770200000001E1,2.284E2,5.150250574417E1));
#389=LINE('',#388,#387);
#390=DIRECTION('',(1.E0,0.E0,0.E0));
#391=VECTOR('',#390,3.641E0);
#392=CARTESIAN_POINT('',(3.720200000001E1,2.274E2,4.950250574417E1));
#393=LINE('',#392,#391);
#394=CARTESIAN_POINT('',(3.770200000001E1,2.284E2,5.150250574417E1));
#395=CARTESIAN_POINT('',(3.765787429191E1,2.284E2,5.150250574417E1));
#396=CARTESIAN_POINT('',(3.758179360390E1,2.283945570849E2,5.149161991394E1));
#397=CARTESIAN_POINT('',(3.745618549405E1,2.283717962730E2,5.144609829023E1));
#398=CARTESIAN_POINT('',(3.733518718613E1,2.283272402785E2,5.135698630116E1));
#399=CARTESIAN_POINT('',(3.723521883797E1,2.282535457835E2,5.120959731113E1));
#400=CARTESIAN_POINT('',(3.720200000001E1,2.281894672331E2,5.108144021046E1));
#401=CARTESIAN_POINT('',(3.720200000001E1,2.2815E2,5.100250574417E1));
#403=CARTESIAN_POINT('',(4.084300000001E1,2.144E2,4.950250574417E1));
#404=DIRECTION('',(0.E0,0.E0,-1.E0));
#405=DIRECTION('',(0.E0,1.E0,0.E0));
#406=AXIS2_PLACEMENT_3D('',#403,#404,#405);
#408=DIRECTION('',(1.779480481048E-13,-4.472135954999E-1,-8.944271909999E-1));
#409=VECTOR('',#408,2.236067977500E0);
#410=CARTESIAN_POINT('',(4.084300000001E1,2.284E2,5.150250574417E1));
#411=LINE('',#410,#409);
#412=DIRECTION('',(0.E0,1.E0,0.E0));
#413=VECTOR('',#412,4.715627280405E0);
#414=CARTESIAN_POINT('',(5.172619923908E1,2.184909597045E2,5.150250574417E1));
#415=LINE('',#414,#413);
#416=CARTESIAN_POINT('',(5.172619923908E1,2.045606365214E2,4.211176051204E1));
#417=DIRECTION('',(1.E0,0.E0,0.E0));
#418=DIRECTION('',(0.E0,9.097254082967E-1,4.152104062995E-1));
#419=AXIS2_PLACEMENT_3D('',#416,#417,#418);
#421=CARTESIAN_POINT('',(5.172619923908E1,2.207537487891E2,4.950250574417E1));
#422=DIRECTION('',(1.E0,0.E0,0.E0));
#423=DIRECTION('',(0.E0,-9.097254082967E-1,-4.152104062994E-1));
#424=AXIS2_PLACEMENT_3D('',#421,#422,#423);
#426=CARTESIAN_POINT('',(5.172619923908E1,2.232065869849E2,5.150250574417E1));
#427=CARTESIAN_POINT('',(5.172619923908E1,2.230018626476E2,5.124494536064E1));
#428=CARTESIAN_POINT('',(5.172619923908E1,2.226027857421E2,5.075374247263E1));
#429=CARTESIAN_POINT('',(5.172619923908E1,2.220361610584E2,5.008727637161E1));
#430=CARTESIAN_POINT('',(5.172619923908E1,2.216815453165E2,4.968985908867E1));
#431=CARTESIAN_POINT('',(5.172619923908E1,2.215102724507E2,4.950250574417E1));
#433=DIRECTION('',(1.E0,0.E0,0.E0));
#434=VECTOR('',#433,8.841E0);
#435=CARTESIAN_POINT('',(3.720200000001E1,2.181E2,5.205789727938E1));
#436=LINE('',#435,#434);
#437=DIRECTION('',(9.999999298820E-1,-3.744752321890E-4,2.060968918837E-6));
#438=VECTOR('',#437,1.486341811809E-1);
#439=CARTESIAN_POINT('',(5.172619923908E1,2.184909597045E2,5.150250574417E1));
#440=LINE('',#439,#438);
#441=CARTESIAN_POINT('',(5.187483340984E1,2.184909040447E2,5.150250605050E1));
#442=CARTESIAN_POINT('',(5.192613326108E1,2.182146770149E2,5.191233229902E1));
#443=CARTESIAN_POINT('',(5.201737187992E1,2.177233521222E2,5.257613729103E1));
#444=CARTESIAN_POINT('',(5.215782460921E1,2.169670669841E2,5.345406132391E1));
#445=CARTESIAN_POINT('',(5.225489144405E1,2.164444633479E2,5.399305477409E1));
#446=CARTESIAN_POINT('',(5.231128860917E1,2.161407197915E2,5.428349720793E1));
#447=CARTESIAN_POINT('',(5.232365353235E1,2.160741401441E2,5.434615783848E1));
#449=DIRECTION('',(1.E0,-1.692775874261E-14,1.269581905695E-14));
#450=VECTOR('',#449,5.037000443337E0);
#451=CARTESIAN_POINT('',(4.604300000001E1,2.163977062579E2,5.403332836424E1));
#452=LINE('',#451,#450);
#453=DIRECTION('',(1.E0,0.E0,0.E0));
#454=VECTOR('',#453,5.037000443368E0);
#455=CARTESIAN_POINT('',(4.604300000001E1,2.1625E2,5.438813693127E1));
#456=LINE('',#455,#454);
#457=CARTESIAN_POINT('',(5.108000044338E1,2.1625E2,5.438813693127E1));
#458=CARTESIAN_POINT('',(5.111509749137E1,2.1625E2,5.438817751936E1));
#459=CARTESIAN_POINT('',(5.118501356618E1,2.162481502024E2,5.439046004034E1));
#460=CARTESIAN_POINT('',(5.128858209761E1,2.162399898159E2,5.440044343614E1));
#461=CARTESIAN_POINT('',(5.139113761789E1,2.162265588366E2,5.441711970635E1));
#462=CARTESIAN_POINT('',(5.149501983510E1,2.162074669436E2,5.444075116302E1));
#463=CARTESIAN_POINT('',(5.160306038144E1,2.161814860583E2,5.447269550680E1));
#464=CARTESIAN_POINT('',(5.171309131467E1,2.161483935957E2,5.451302677464E1));
#465=CARTESIAN_POINT('',(5.182918199106E1,2.161058437858E2,5.456452598709E1));
#466=CARTESIAN_POINT('',(5.195014376161E1,2.160525450189E2,5.462825673176E1));
#467=CARTESIAN_POINT('',(5.203511436520E1,2.160079054910E2,5.468135242918E1));
#468=CARTESIAN_POINT('',(5.207821821725E1,2.159830785545E2,5.471034789651E1));
#470=CARTESIAN_POINT('',(5.108000044342E1,2.1675E2,5.438813693127E1));
#471=DIRECTION('',(1.E0,0.E0,0.E0));
#472=DIRECTION('',(0.E0,-1.E0,0.E0));
#473=AXIS2_PLACEMENT_3D('',#470,#471,#472);
#475=CARTESIAN_POINT('',(5.108000044335E1,2.163977062579E2,5.403332836424E1));
#476=CARTESIAN_POINT('',(5.112411842994E1,2.163977143845E2,5.403332029523E1));
#477=CARTESIAN_POINT('',(5.121215791934E1,2.163954546323E2,5.403556465910E1));
#478=CARTESIAN_POINT('',(5.134471682752E1,2.163851698206E2,5.404576796747E1));
#479=CARTESIAN_POINT('',(5.147450803215E1,2.163681563448E2,5.406260700143E1));
#480=CARTESIAN_POINT('',(5.159633014500E1,2.163460886419E2,5.408437498789E1));
#481=CARTESIAN_POINT('',(5.170706999564E1,2.163206866620E2,5.410932999537E1));
#482=CARTESIAN_POINT('',(5.180414811176E1,2.162941322613E2,5.413530136546E1));
#483=CARTESIAN_POINT('',(5.188743781465E1,2.162680435457E2,5.416070427116E1));
#484=CARTESIAN_POINT('',(5.195925023289E1,2.162429799977E2,5.418500524863E1));
#485=CARTESIAN_POINT('',(5.202204962346E1,2.162190661167E2,5.420809745922E1));
#486=CARTESIAN_POINT('',(5.207786963736E1,2.161962402225E2,5.423005470419E1));
#487=CARTESIAN_POINT('',(5.212957922972E1,2.161737473312E2,5.425161110404E1));
#488=CARTESIAN_POINT('',(5.217747101882E1,2.161516912294E2,5.427267180172E1));
#489=CARTESIAN_POINT('',(5.222070470755E1,2.161304160583E2,5.429291102842E1));
#490=CARTESIAN_POINT('',(5.226116295371E1,2.161104610419E2,5.431184056818E1));
#491=CARTESIAN_POINT('',(5.229528353052E1,2.160911259470E2,5.433008490368E1));
#492=CARTESIAN_POINT('',(5.231479149086E1,2.160796390466E2,5.434098295069E1));
#493=CARTESIAN_POINT('',(5.232365353235E1,2.160741401441E2,5.434615783848E1));
#495=CARTESIAN_POINT('',(5.207821821725E1,2.159830785545E2,5.471034789651E1));
#496=CARTESIAN_POINT('',(5.208440939611E1,2.159795125622E2,5.469481339392E1));
#497=CARTESIAN_POINT('',(5.209774958126E1,2.159738786766E2,5.466356457330E1));
#498=CARTESIAN_POINT('',(5.212023910178E1,2.159700874564E2,5.461705675875E1));
#499=CARTESIAN_POINT('',(5.214504843688E1,2.159711264585E2,5.457140444803E1));
#500=CARTESIAN_POINT('',(5.217183713546E1,2.159769381654E2,5.452718625609E1));
#501=CARTESIAN_POINT('',(5.220031365488E1,2.159875195823E2,5.448494891280E1));
#502=CARTESIAN_POINT('',(5.223011912871E1,2.160027305134E2,5.444521693006E1));
#503=CARTESIAN_POINT('',(5.226087107377E1,2.160223216005E2,5.440844215346E1));
#504=CARTESIAN_POINT('',(5.229218519808E1,2.160460471238E2,5.437508161105E1));
#505=CARTESIAN_POINT('',(5.231320585110E1,2.160644271311E2,5.435534381681E1));
#506=CARTESIAN_POINT('',(5.232365353235E1,2.160741401441E2,5.434615783848E1));
#508=DIRECTION('',(-1.538550104626E-11,0.E0,-1.E0));
#509=VECTOR('',#508,2.814368813017E0);
#510=CARTESIAN_POINT('',(5.108000044342E1,2.1625E2,5.720250574428E1));
#511=LINE('',#510,#509);
#512=CARTESIAN_POINT('',(5.294089908378E1,2.150253641476E2,5.488853838990E1));
#513=CARTESIAN_POINT('',(5.292483914159E1,2.150739957045E2,5.487301333601E1));
#514=CARTESIAN_POINT('',(5.289176985156E1,2.151651731065E2,5.484263631362E1));
#515=CARTESIAN_POINT('',(5.284325510501E1,2.152836453329E2,5.480006200972E1));
#516=CARTESIAN_POINT('',(5.279516628942E1,2.153882785659E2,5.475926992829E1));
#517=CARTESIAN_POINT('',(5.274916202412E1,2.154790582243E2,5.472091814163E1));
#518=CARTESIAN_POINT('',(5.270603290761E1,2.155573951585E2,5.468524202898E1));
#519=CARTESIAN_POINT('',(5.266596775792E1,2.156252787780E2,5.465205291125E1));
#520=CARTESIAN_POINT('',(5.262894408504E1,2.156843636215E2,5.462117248954E1));
#521=CARTESIAN_POINT('',(5.259472840923E1,2.157361807256E2,5.459235976586E1));
#522=CARTESIAN_POINT('',(5.256295351310E1,2.157821094333E2,5.456530890696E1));
#523=CARTESIAN_POINT('',(5.253306787037E1,2.158235199572E2,5.453956477588E1));
#524=CARTESIAN_POINT('',(5.250467090393E1,2.158613764741E2,5.451479771514E1));
#525=CARTESIAN_POINT('',(5.247654160200E1,2.158977532040E2,5.448970193072E1));
#526=CARTESIAN_POINT('',(5.244907118479E1,2.159318131141E2,5.446505560083E1));
#527=CARTESIAN_POINT('',(5.242269222639E1,2.159634167117E2,5.444096572967E1));
#528=CARTESIAN_POINT('',(5.239925698256E1,2.159929189254E2,5.441722414963E1));
#529=CARTESIAN_POINT('',(5.237775418726E1,2.160192910806E2,5.439493636363E1));
#530=CARTESIAN_POINT('',(5.235822945021E1,2.160421372238E2,5.437492951947E1));
#531=CARTESIAN_POINT('',(5.234002778798E1,2.160609778295E2,5.435839162392E1));
#532=CARTESIAN_POINT('',(5.232891835539E1,2.160702227926E2,5.434982823136E1));
#533=CARTESIAN_POINT('',(5.232365353235E1,2.160741401441E2,5.434615783848E1));
#535=CARTESIAN_POINT('',(5.294089908378E1,2.150253641476E2,5.488853838990E1));
#536=CARTESIAN_POINT('',(5.294165699702E1,2.150193499472E2,5.489417871560E1));
#537=CARTESIAN_POINT('',(5.294319109114E1,2.150081864679E2,5.490557305110E1));
#538=CARTESIAN_POINT('',(5.294496418344E1,2.149934496372E2,5.492337932768E1));
#539=CARTESIAN_POINT('',(5.294643347576E1,2.149816211469E2,5.494090431417E1));
#540=CARTESIAN_POINT('',(5.294758092470E1,2.149721887118E2,5.495918516881E1));
#541=CARTESIAN_POINT('',(5.294833715415E1,2.149659932136E2,5.497684864445E1));
#542=CARTESIAN_POINT('',(5.294871638820E1,2.149627856437E2,5.499380938374E1));
#543=CARTESIAN_POINT('',(5.294879014634E1,2.149623632145E2,5.500445757197E1));
#544=CARTESIAN_POINT('',(5.294876143611E1,2.149626003370E2,5.500963278775E1));
#546=CARTESIAN_POINT('',(5.294876143611E1,2.149626003370E2,5.500963278775E1));
#547=CARTESIAN_POINT('',(5.293159624902E1,2.150076154928E2,5.500998910536E1));
#548=CARTESIAN_POINT('',(5.289484572471E1,2.150941012073E2,5.500952530143E1));
#549=CARTESIAN_POINT('',(5.283487328329E1,2.152123053011E2,5.500578725585E1));
#550=CARTESIAN_POINT('',(5.276999061101E1,2.153219655458E2,5.499754609739E1));
#551=CARTESIAN_POINT('',(5.270146751507E1,2.154228699991E2,5.498471248009E1));
#552=CARTESIAN_POINT('',(5.262915542248E1,2.155167830260E2,5.496681445338E1));
#553=CARTESIAN_POINT('',(5.255196002318E1,2.156057226662E2,5.494356045102E1));
#554=CARTESIAN_POINT('',(5.246928030487E1,2.156903264392E2,5.491449184950E1));
#555=CARTESIAN_POINT('',(5.238199222859E1,2.157697104956E2,5.487873987836E1));
#556=CARTESIAN_POINT('',(5.228839409975E1,2.158452143832E2,5.483486791540E1));
#557=CARTESIAN_POINT('',(5.218798221907E1,2.159166159709E2,5.478043832013E1));
#558=CARTESIAN_POINT('',(5.211565647051E1,2.159615148869E2,5.473510734735E1));
#559=CARTESIAN_POINT('',(5.207821821725E1,2.159830785545E2,5.471034789651E1));
#561=CARTESIAN_POINT('',(5.240279170135E1,2.179776350833E2,5.150250574417E1));
#562=CARTESIAN_POINT('',(5.239806771779E1,2.180023156023E2,5.150250574417E1));
#563=CARTESIAN_POINT('',(5.238629943364E1,2.180504854856E2,5.150250574417E1));
#564=CARTESIAN_POINT('',(5.236207321360E1,2.181197982838E2,5.150250574417E1));
#565=CARTESIAN_POINT('',(5.233188643538E1,2.181846162705E2,5.150250574417E1));
#566=CARTESIAN_POINT('',(5.229650731648E1,2.182439081169E2,5.150250574417E1));
#567=CARTESIAN_POINT('',(5.225693191233E1,2.182973706531E2,5.150250574419E1));
#568=CARTESIAN_POINT('',(5.221380887719E1,2.183446216083E2,5.150250574412E1));
#569=CARTESIAN_POINT('',(5.216787813554E1,2.183850774347E2,5.150250574437E1));
#570=CARTESIAN_POINT('',(5.212014235238E1,2.184188128272E2,5.150250574344E1));
#571=CARTESIAN_POINT('',(5.207123737987E1,2.184460159061E2,5.150250574691E1));
#572=CARTESIAN_POINT('',(5.202170101122E1,2.184666510392E2,5.150250573396E1));
#573=CARTESIAN_POINT('',(5.197209559885E1,2.184809234985E2,5.150250578227E1));
#574=CARTESIAN_POINT('',(5.192291614895E1,2.184891770828E2,5.150250560200E1));
#575=CARTESIAN_POINT('',(5.189077364260E1,2.184909723213E2,5.150250605050E1));
#576=CARTESIAN_POINT('',(5.187483340984E1,2.184909040447E2,5.150250605050E1));
#578=CARTESIAN_POINT('',(5.240279170135E1,2.179776350833E2,5.150250574417E1));
#579=CARTESIAN_POINT('',(5.244321018723E1,2.177664766524E2,5.180212515777E1));
#580=CARTESIAN_POINT('',(5.252264082489E1,2.173515069045E2,5.235075361112E1));
#581=CARTESIAN_POINT('',(5.264889594490E1,2.166919118611E2,5.311644310145E1));
#582=CARTESIAN_POINT('',(5.274488867621E1,2.161904167104E2,5.363357493388E1));
#583=CARTESIAN_POINT('',(5.280003286924E1,2.159023267225E2,5.390952738168E1));
#584=CARTESIAN_POINT('',(5.281120698727E1,2.158439497403E2,5.396463670045E1));
#586=DIRECTION('',(-3.907333730543E-6,2.041310867191E-5,-9.999999997840E-1));
#587=VECTOR('',#586,2.462130956805E0);
#588=CARTESIAN_POINT('',(5.281120698727E1,2.158439497403E2,5.396463670045E1));
#589=LINE('',#588,#587);
#590=DIRECTION('',(0.E0,1.811887752354E-11,-1.E0));
#591=VECTOR('',#590,4.367049722117E1);
#592=CARTESIAN_POINT('',(5.304300000001E1,2.133999999992E2,9.517300296534E1));
#593=LINE('',#592,#591);
#594=CARTESIAN_POINT('',(5.281119736678E1,2.158440000006E2,9.518078640322E1));
#595=CARTESIAN_POINT('',(5.283040475098E1,2.157436547994E2,9.518014781715E1));
#596=CARTESIAN_POINT('',(5.286644619479E1,2.155425151187E2,9.517892839943E1));
#597=CARTESIAN_POINT('',(5.292907797004E1,2.151384379052E2,9.517682967615E1));
#598=CARTESIAN_POINT('',(5.298951244981E1,2.146303083096E2,9.517480005999E1));
#599=CARTESIAN_POINT('',(5.303323008632E1,2.140167590991E2,9.517332513048E1));
#600=CARTESIAN_POINT('',(5.304300000006E1,2.136056944132E2,9.517301602286E1));
#601=CARTESIAN_POINT('',(5.304300000001E1,2.133999999992E2,9.517300296534E1));
#603=DIRECTION('',(3.431585010935E-12,-1.839349636055E-11,-1.E0));
#604=VECTOR('',#603,3.398676829395E1);
#605=CARTESIAN_POINT('',(5.281119736678E1,2.158440000006E2,9.518078640322E1));
#606=LINE('',#605,#604);
#607=CARTESIAN_POINT('',(5.294874666720E1,2.149625906378E2,5.720250574437E1));
#608=CARTESIAN_POINT('',(5.294874588662E1,2.149625970847E2,5.735161257471E1));
#609=CARTESIAN_POINT('',(5.294787227733E1,2.149698444029E2,5.765031629792E1));
#610=CARTESIAN_POINT('',(5.294387525847E1,2.150025075322E2,5.810078447511E1));
#611=CARTESIAN_POINT('',(5.293702427743E1,2.150569738920E2,5.855083802933E1));
#612=CARTESIAN_POINT('',(5.292700974467E1,2.151334539110E2,5.900049148173E1));
#613=CARTESIAN_POINT('',(5.291343935773E1,2.152318922521E2,5.944767009359E1));
#614=CARTESIAN_POINT('',(5.289582464641E1,2.153521091072E2,5.989139980536E1));
#615=CARTESIAN_POINT('',(5.287355535482E1,2.154939894633E2,6.033161749140E1));
#616=CARTESIAN_POINT('',(5.284597163293E1,2.156570349942E2,6.076665709564E1));
#617=CARTESIAN_POINT('',(5.282357532823E1,2.157793335697E2,6.105228225273E1));
#618=CARTESIAN_POINT('',(5.281119736690E1,2.15844E2,6.119401810927E1));
#620=DIRECTION('',(-6.734963651283E-6,-4.423084269951E-6,9.999999999675E-1));
#621=VECTOR('',#620,2.192872956697E0);
#622=CARTESIAN_POINT('',(5.294876143611E1,2.149626003370E2,5.500963278775E1));
#623=LINE('',#622,#621);
#624=CARTESIAN_POINT('',(5.294089908378E1,2.150253641476E2,5.488853838990E1));
#625=CARTESIAN_POINT('',(5.292917834936E1,2.151183706304E2,5.479136501659E1));
#626=CARTESIAN_POINT('',(5.290401507195E1,2.153029485191E2,5.459320078136E1));
#627=CARTESIAN_POINT('',(5.286052408392E1,2.155762058166E2,5.428530705591E1));
#628=CARTESIAN_POINT('',(5.282824410888E1,2.157549422623E2,5.407258751103E1));
#629=CARTESIAN_POINT('',(5.281120698727E1,2.158439497403E2,5.396463670045E1));
#631=CARTESIAN_POINT('',(5.304300000001E1,1.954E2,7.700250574417E1));
#632=DIRECTION('',(-1.E0,0.E0,0.E0));
#633=DIRECTION('',(0.E0,-2.878186218864E-1,9.576849382210E-1));
#634=AXIS2_PLACEMENT_3D('',#631,#632,#633);
#636=CARTESIAN_POINT('',(5.304300000001E1,1.943926348234E2,8.035440302795E1));
#637=DIRECTION('',(-1.E0,0.E0,0.E0));
#638=DIRECTION('',(0.E0,-7.660444431189E-1,6.427876096867E-1));
#639=AXIS2_PLACEMENT_3D('',#636,#637,#638);
#641=DIRECTION('',(0.E0,6.427876096865E-1,7.660444431190E-1));
#642=VECTOR('',#641,3.686781936484E0);
#643=CARTESIAN_POINT('',(5.304300000001E1,1.908737504103E2,7.849434562704E1));
#644=LINE('',#643,#642);
#645=CARTESIAN_POINT('',(5.304300000001E1,1.920228170750E2,7.753016421251E1));
#646=DIRECTION('',(-1.E0,0.E0,0.E0));
#647=DIRECTION('',(0.E0,-9.411308384956E-1,-3.380425192672E-1));
#648=AXIS2_PLACEMENT_3D('',#645,#646,#647);
#650=DIRECTION('',(0.E0,-3.380425192668E-1,9.411308384958E-1));
#651=VECTOR('',#650,3.441002718468E0);
#652=CARTESIAN_POINT('',(5.304300000001E1,1.917743260450E2,7.378466665991E1));
#653=LINE('',#652,#651);
#654=CARTESIAN_POINT('',(5.304300000001E1,1.931860223028E2,7.429173043881E1));
#655=DIRECTION('',(-1.E0,0.E0,0.E0));
#656=DIRECTION('',(0.E0,-6.325650563530E-1,-7.745072301026E-1));
#657=AXIS2_PLACEMENT_3D('',#654,#655,#656);
#659=CARTESIAN_POINT('',(5.304300000001E1,1.954E2,7.700250574417E1));
#660=DIRECTION('',(-1.E0,0.E0,0.E0));
#661=DIRECTION('',(0.E0,9.808020953540E-1,-1.950057685023E-1));
#662=AXIS2_PLACEMENT_3D('',#659,#660,#661);
#664=CARTESIAN_POINT('',(5.304300000001E1,1.988328073337E2,7.631998555441E1));
#665=DIRECTION('',(-1.E0,0.E0,0.E0));
#666=DIRECTION('',(0.E0,9.411308384959E-1,3.380425192664E-1));
#667=AXIS2_PLACEMENT_3D('',#664,#665,#666);
#669=DIRECTION('',(0.E0,3.380425192668E-1,-9.411308384958E-1));
#670=VECTOR('',#669,3.605551275464E0);
#671=CARTESIAN_POINT('',(5.304300000001E1,1.990256739550E2,8.022034482843E1));
#672=LINE('',#671,#670);
#673=CARTESIAN_POINT('',(5.304300000001E1,1.976139776972E2,7.971328104953E1));
#674=DIRECTION('',(-1.E0,0.E0,0.E0));
#675=DIRECTION('',(0.E0,6.325650563530E-1,7.745072301026E-1));
#676=AXIS2_PLACEMENT_3D('',#673,#674,#675);
#678=CARTESIAN_POINT('',(5.304300000001E1,1.852151809443E2,7.372263086470E1));
#679=CARTESIAN_POINT('',(5.304300000001E1,1.852623768670E2,7.372304118054E1));
#680=CARTESIAN_POINT('',(5.304300000001E1,1.853547443675E2,7.372675864504E1));
#681=CARTESIAN_POINT('',(5.304300000001E1,1.854868769066E2,7.374547268804E1));
#682=CARTESIAN_POINT('',(5.304300000001E1,1.856135684422E2,7.377469291107E1));
#683=CARTESIAN_POINT('',(5.304300000001E1,1.857347804561E2,7.381365446918E1));
#684=CARTESIAN_POINT('',(5.304300000001E1,1.858511723008E2,7.386227908054E1));
#685=CARTESIAN_POINT('',(5.304300000001E1,1.859627225865E2,7.392027745959E1));
#686=CARTESIAN_POINT('',(5.304300000001E1,1.860696012652E2,7.398774328650E1));
#687=CARTESIAN_POINT('',(5.304300000001E1,1.861723787878E2,7.406567147095E1));
#688=CARTESIAN_POINT('',(5.304300000001E1,1.862711850792E2,7.415440336658E1));
#689=CARTESIAN_POINT('',(5.304300000001E1,1.863330548278E2,7.422241729660E1));
#690=CARTESIAN_POINT('',(5.304300000001E1,1.863635476257E2,7.425812304258E1));
#692=DIRECTION('',(0.E0,-6.427876096859E-1,-7.660444431195E-1));
#693=VECTOR('',#692,1.841363525888E1);
#694=CARTESIAN_POINT('',(5.304300000001E1,1.981996042193E2,8.836378601028E1));
#695=LINE('',#694,#693);
#696=CARTESIAN_POINT('',(5.304300000001E1,1.981996042193E2,8.836378601028E1));
#697=CARTESIAN_POINT('',(5.304300000001E1,1.983943033809E2,8.859368400625E1));
#698=CARTESIAN_POINT('',(5.304299999992E1,1.987901940493E2,8.904719042509E1));
#699=CARTESIAN_POINT('',(5.304299999996E1,1.996270188812E2,8.991358896259E1));
#700=CARTESIAN_POINT('',(5.304299999994E1,2.007448888832E2,9.092365164434E1));
#701=CARTESIAN_POINT('',(5.304299999995E1,2.021927369754E2,9.200666012024E1));
#702=CARTESIAN_POINT('',(5.304299999995E1,2.037350108516E2,9.295029111304E1));
#703=CARTESIAN_POINT('',(5.304299999995E1,2.050874012140E2,9.361451206308E1));
#704=CARTESIAN_POINT('',(5.304299999995E1,2.062025014345E2,9.406964592991E1));
#705=CARTESIAN_POINT('',(5.304299999995E1,2.070536652444E2,9.437207446062E1));
#706=CARTESIAN_POINT('',(5.304299999995E1,2.079178875246E2,9.463482663683E1));
#707=CARTESIAN_POINT('',(5.304299999995E1,2.086475226667E2,9.482003243981E1));
#708=CARTESIAN_POINT('',(5.304299999995E1,2.092358869241E2,9.494768278145E1));
#709=CARTESIAN_POINT('',(5.304299999995E1,2.096054304252E2,9.501891531836E1));
#710=CARTESIAN_POINT('',(5.304299999995E1,2.099018455935E2,9.507076600022E1));
#711=CARTESIAN_POINT('',(5.304299999995E1,2.100878099381E2,9.510101606809E1));
#712=CARTESIAN_POINT('',(5.304299999994E1,2.102360000297E2,9.512395809122E1));
#713=CARTESIAN_POINT('',(5.304299999995E1,2.103493865724E2,9.514043970622E1));
#714=CARTESIAN_POINT('',(5.304299999992E1,2.104485009314E2,9.515675576788E1));
#715=CARTESIAN_POINT('',(5.304300000001E1,2.105130990415E2,9.516757528275E1));
#716=CARTESIAN_POINT('',(5.304300000001E1,2.105459098464E2,9.517300296973E1));
#718=DIRECTION('',(1.483780418793E-14,1.E0,0.E0));
#719=VECTOR('',#718,3.4E1);
#720=CARTESIAN_POINT('',(5.304300000001E1,1.794E2,5.150250574417E1));
#721=LINE('',#720,#719);
#722=CARTESIAN_POINT('',(5.254300000001E1,1.954E2,7.700250574417E1));
#723=DIRECTION('',(-1.E0,0.E0,0.E0));
#724=DIRECTION('',(0.E0,-2.878186218864E-1,9.576849382210E-1));
#725=AXIS2_PLACEMENT_3D('',#722,#723,#724);
#727=CARTESIAN_POINT('',(5.254300000001E1,1.976139776972E2,7.971328104953E1));
#728=DIRECTION('',(-1.E0,0.E0,0.E0));
#729=DIRECTION('',(0.E0,6.325650563530E-1,7.745072301026E-1));
#730=AXIS2_PLACEMENT_3D('',#727,#728,#729);
#732=CARTESIAN_POINT('',(5.254300000001E1,1.985628252818E2,8.087504189468E1));
#733=DIRECTION('',(0.E0,7.745072301026E-1,-6.325650563530E-1));
#734=DIRECTION('',(1.E0,0.E0,0.E0));
#735=AXIS2_PLACEMENT_3D('',#732,#733,#734);
#737=CARTESIAN_POINT('',(5.254300000001E1,1.990256739550E2,8.022034482843E1));
#738=DIRECTION('',(0.E0,3.380425192668E-1,-9.411308384958E-1));
#739=DIRECTION('',(1.E0,0.E0,0.E0));
#740=AXIS2_PLACEMENT_3D('',#737,#738,#739);
#742=DIRECTION('',(1.E0,-1.536308617860E-14,4.993003008044E-14));
#743=VECTOR('',#742,3.7E0);
#744=CARTESIAN_POINT('',(4.884300000001E1,1.985551085357E2,8.005132356880E1));
#745=LINE('',#744,#743);
#746=DIRECTION('',(1.E0,0.E0,0.E0));
#747=VECTOR('',#746,3.7E0);
#748=CARTESIAN_POINT('',(4.884300000001E1,1.982465427536E2,8.048778827963E1));
#749=LINE('',#748,#747);
#750=DIRECTION('',(0.E0,3.380425192668E-1,-9.411308384958E-1));
#751=VECTOR('',#750,3.605551275464E0);
#752=CARTESIAN_POINT('',(5.254300000001E1,1.985551085357E2,8.005132356880E1));
#753=LINE('',#752,#751);
#754=CARTESIAN_POINT('',(5.254300000001E1,1.988328073337E2,7.631998555441E1));
#755=DIRECTION('',(-1.E0,0.E0,0.E0));
#756=DIRECTION('',(0.E0,9.411308384958E-1,3.380425192668E-1));
#757=AXIS2_PLACEMENT_3D('',#754,#755,#756);
#759=CARTESIAN_POINT('',(5.254300000001E1,2.002445035915E2,7.682704933331E1));
#760=DIRECTION('',(0.E0,3.380425192668E-1,-9.411308384958E-1));
#761=DIRECTION('',(1.E0,-5.684341886081E-14,-2.842170943040E-14));
#762=AXIS2_PLACEMENT_3D('',#759,#760,#761);
#764=DIRECTION('',(1.E0,0.E0,4.993003008044E-14));
#765=VECTOR('',#764,3.7E0);
#766=CARTESIAN_POINT('',(4.884300000001E1,1.997739381722E2,7.665802807368E1));
#767=LINE('',#766,#765);
#768=DIRECTION('',(1.E0,0.E0,0.E0));
#769=VECTOR('',#768,3.7E0);
#770=CARTESIAN_POINT('',(4.884300000001E1,1.998136094291E2,7.612497978591E1));
#771=LINE('',#770,#769);
#772=DIRECTION('',(1.E0,0.E0,0.E0));
#773=VECTOR('',#772,3.7E0);
#774=CARTESIAN_POINT('',(4.884300000001E1,1.925534572464E2,7.351722320871E1));
#775=LINE('',#774,#773);
#776=CARTESIAN_POINT('',(5.254300000001E1,1.922371747182E2,7.312996959366E1));
#777=DIRECTION('',(0.E0,-7.745072301026E-1,6.325650563530E-1));
#778=DIRECTION('',(1.E0,0.E0,0.E0));
#779=AXIS2_PLACEMENT_3D('',#776,#777,#778);
#781=CARTESIAN_POINT('',(5.254300000001E1,1.954E2,7.700250574417E1));
#782=DIRECTION('',(-1.E0,0.E0,0.E0));
#783=DIRECTION('',(0.E0,9.808020953540E-1,-1.950057685023E-1));
#784=AXIS2_PLACEMENT_3D('',#781,#782,#783);
#786=CARTESIAN_POINT('',(5.254300000001E1,2.003040104768E2,7.602747690166E1));
#787=DIRECTION('',(0.E0,-1.950057685023E-1,-9.808020953540E-1));
#788=DIRECTION('',(1.E0,0.E0,0.E0));
#789=AXIS2_PLACEMENT_3D('',#786,#787,#788);
#791=CARTESIAN_POINT('',(5.254300000001E1,1.931860223028E2,7.429173043881E1));
#792=DIRECTION('',(-1.E0,0.E0,0.E0));
#793=DIRECTION('',(0.E0,-6.325650563530E-1,-7.745072301026E-1));
#794=AXIS2_PLACEMENT_3D('',#791,#792,#793);
#796=CARTESIAN_POINT('',(5.254300000001E1,1.917743260450E2,7.378466665991E1));
#797=DIRECTION('',(0.E0,-3.380425192668E-1,9.411308384958E-1));
#798=DIRECTION('',(1.E0,5.684341886081E-14,0.E0));
#799=AXIS2_PLACEMENT_3D('',#796,#797,#798);
#801=DIRECTION('',(1.E0,3.072617235719E-14,-4.608925853579E-14));
#802=VECTOR('',#801,3.7E0);
#803=CARTESIAN_POINT('',(4.884300000001E1,1.922448914643E2,7.395368791955E1));
#804=LINE('',#803,#802);
#805=DIRECTION('',(1.E0,0.E0,-1.152231463395E-14));
#806=VECTOR('',#805,3.7E0);
#807=CARTESIAN_POINT('',(4.884300000001E1,1.912567726319E2,7.817295182220E1));
#808=LINE('',#807,#806);
#809=DIRECTION('',(1.E0,-3.840771544649E-14,1.113823747948E-13));
#810=VECTOR('',#809,3.7E0);
#811=CARTESIAN_POINT('',(4.884300000001E1,1.910816862365E2,7.719212169324E1));
#812=LINE('',#811,#810);
#813=CARTESIAN_POINT('',(5.254300000001E1,1.920228170750E2,7.753016421251E1));
#814=DIRECTION('',(-1.E0,0.E0,0.E0));
#815=DIRECTION('',(0.E0,-9.411308384958E-1,-3.380425192668E-1));
#816=AXIS2_PLACEMENT_3D('',#813,#814,#815);
#818=CARTESIAN_POINT('',(5.254300000001E1,1.906111208173E2,7.702310043361E1));
#819=DIRECTION('',(0.E0,-3.380425192668E-1,9.411308384958E-1));
#820=DIRECTION('',(1.E0,-5.684341886081E-14,0.E0));
#821=AXIS2_PLACEMENT_3D('',#818,#819,#820);
#823=CARTESIAN_POINT('',(5.254300000001E1,1.908737504103E2,7.849434562704E1));
#824=DIRECTION('',(0.E0,6.427876096865E-1,7.660444431190E-1));
#825=DIRECTION('',(1.E0,5.684341886081E-14,-2.842170943040E-14));
#826=AXIS2_PLACEMENT_3D('',#823,#824,#825);
#828=DIRECTION('',(1.238957583986E-14,-3.380425192668E-1,9.411308384958E-1));
#829=VECTOR('',#828,3.441002718468E0);
#830=CARTESIAN_POINT('',(5.254300000001E1,1.922448914643E2,7.395368791955E1));
#831=LINE('',#830,#829);
#832=DIRECTION('',(-1.156362510181E-14,6.427876096865E-1,7.660444431190E-1));
#833=VECTOR('',#832,3.686781936484E0);
#834=CARTESIAN_POINT('',(5.254300000001E1,1.912567726319E2,7.817295182220E1));
#835=LINE('',#834,#833);
#836=CARTESIAN_POINT('',(5.254300000001E1,1.943926348234E2,8.035440302795E1));
#837=DIRECTION('',(-1.E0,0.E0,0.E0));
#838=DIRECTION('',(0.E0,-7.660444431190E-1,6.427876096865E-1));
#839=AXIS2_PLACEMENT_3D('',#836,#837,#838);
#841=CARTESIAN_POINT('',(5.254300000001E1,1.932435681587E2,8.131858444248E1));
#842=DIRECTION('',(0.E0,6.427876096865E-1,7.660444431190E-1));
#843=DIRECTION('',(1.E0,5.684341886081E-14,-5.684341886081E-14));
#844=AXIS2_PLACEMENT_3D('',#841,#842,#843);
#846=CARTESIAN_POINT('',(5.254300000001E1,1.939609068906E2,8.179093043528E1));
#847=DIRECTION('',(0.E0,9.576849382210E-1,2.878186218864E-1));
#848=DIRECTION('',(1.E0,0.E0,0.E0));
#849=AXIS2_PLACEMENT_3D('',#846,#847,#848);
#851=DIRECTION('',(-1.E0,0.E0,0.E0));
#852=VECTOR('',#851,3.7E0);
#853=CARTESIAN_POINT('',(5.254300000001E1,1.941048162015E2,8.131208796617E1));
#854=LINE('',#853,#852);
#855=DIRECTION('',(-1.E0,-1.536308617860E-14,0.E0));
#856=VECTOR('',#855,3.7E0);
#857=CARTESIAN_POINT('',(5.254300000001E1,1.936265903803E2,8.099719063763E1));
#858=LINE('',#857,#856);
#859=CARTESIAN_POINT('',(4.884300000001E1,1.954E2,7.700250574417E1));
#860=DIRECTION('',(1.E0,0.E0,0.E0));
#861=DIRECTION('',(0.E0,1.E0,0.E0));
#862=AXIS2_PLACEMENT_3D('',#859,#860,#861);
#864=CARTESIAN_POINT('',(4.884300000001E1,1.954E2,7.700250574417E1));
#865=DIRECTION('',(1.E0,0.E0,0.E0));
#866=DIRECTION('',(0.E0,-1.E0,0.E0));
#867=AXIS2_PLACEMENT_3D('',#864,#865,#866);
#869=DIRECTION('',(-2.890901029300E-14,-3.380425192668E-1,9.411308384958E-1));
#870=VECTOR('',#869,3.441002718467E0);
#871=CARTESIAN_POINT('',(4.884300000001E1,1.922448914643E2,7.395368791955E1));
#872=LINE('',#871,#870);
#873=CARTESIAN_POINT('',(4.884300000001E1,1.920228170750E2,7.753016421251E1));
#874=DIRECTION('',(-1.E0,0.E0,0.E0));
#875=DIRECTION('',(0.E0,-9.411308384953E-1,-3.380425192680E-1));
#876=AXIS2_PLACEMENT_3D('',#873,#874,#875);
#878=DIRECTION('',(-2.698179190421E-14,-6.427876096865E-1,-7.660444431190E-1));
#879=VECTOR('',#878,3.686781936484E0);
#880=CARTESIAN_POINT('',(4.884300000001E1,1.936265903803E2,8.099719063763E1));
#881=LINE('',#880,#879);
#882=CARTESIAN_POINT('',(4.884300000001E1,1.943926348234E2,8.035440302795E1));
#883=DIRECTION('',(-1.E0,0.E0,0.E0));
#884=DIRECTION('',(0.E0,-7.660444431190E-1,6.427876096865E-1));
#885=AXIS2_PLACEMENT_3D('',#882,#883,#884);
#887=CARTESIAN_POINT('',(4.884300000001E1,1.954E2,7.700250574417E1));
#888=DIRECTION('',(-1.E0,0.E0,0.E0));
#889=DIRECTION('',(0.E0,-2.878186218864E-1,9.576849382210E-1));
#890=AXIS2_PLACEMENT_3D('',#887,#888,#889);
#892=CARTESIAN_POINT('',(4.884300000001E1,1.976139776972E2,7.971328104953E1));
#893=DIRECTION('',(-1.E0,0.E0,0.E0));
#894=DIRECTION('',(0.E0,6.325650563530E-1,7.745072301026E-1));
#895=AXIS2_PLACEMENT_3D('',#892,#893,#894);
#897=DIRECTION('',(0.E0,-3.380425192668E-1,9.411308384958E-1));
#898=VECTOR('',#897,3.605551275464E0);
#899=CARTESIAN_POINT('',(4.884300000001E1,1.997739381722E2,7.665802807368E1));
#900=LINE('',#899,#898);
#901=CARTESIAN_POINT('',(4.884300000001E1,1.988328073337E2,7.631998555441E1));
#902=DIRECTION('',(-1.E0,0.E0,0.E0));
#903=DIRECTION('',(0.E0,9.411308384960E-1,3.380425192663E-1));
#904=AXIS2_PLACEMENT_3D('',#901,#902,#903);
#906=CARTESIAN_POINT('',(4.884300000001E1,1.954E2,7.700250574417E1));
#907=DIRECTION('',(-1.E0,0.E0,0.E0));
#908=DIRECTION('',(0.E0,9.808020953540E-1,-1.950057685023E-1));
#909=AXIS2_PLACEMENT_3D('',#906,#907,#908);
#911=CARTESIAN_POINT('',(4.884300000001E1,1.931860223028E2,7.429173043881E1));
#912=DIRECTION('',(-1.E0,0.E0,0.E0));
#913=DIRECTION('',(0.E0,-6.325650563530E-1,-7.745072301026E-1));
#914=AXIS2_PLACEMENT_3D('',#911,#912,#913);
#916=DIRECTION('',(1.E0,0.E0,0.E0));
#917=VECTOR('',#916,2.E0);
#918=CARTESIAN_POINT('',(4.684300000001E1,1.934E2,7.700250574417E1));
#919=LINE('',#918,#917);
#920=DIRECTION('',(1.E0,0.E0,0.E0));
#921=VECTOR('',#920,2.E0);
#922=CARTESIAN_POINT('',(4.684300000001E1,1.974E2,7.700250574417E1));
#923=LINE('',#922,#921);
#924=CARTESIAN_POINT('',(4.684300000001E1,1.954E2,7.700250574417E1));
#925=DIRECTION('',(1.E0,0.E0,0.E0));
#926=DIRECTION('',(0.E0,1.E0,0.E0));
#927=AXIS2_PLACEMENT_3D('',#924,#925,#926);
#929=CARTESIAN_POINT('',(4.684300000001E1,1.954E2,7.700250574417E1));
#930=DIRECTION('',(1.E0,0.E0,0.E0));
#931=DIRECTION('',(0.E0,-1.E0,0.E0));
#932=AXIS2_PLACEMENT_3D('',#929,#930,#931);
#934=DIRECTION('',(0.E0,-3.380425192668E-1,9.411308384958E-1));
#935=VECTOR('',#934,3.033150177621E0);
#936=CARTESIAN_POINT('',(4.684300000001E1,1.930422178063E2,7.454418047543E1));
#937=LINE('',#936,#935);
#938=CARTESIAN_POINT('',(4.684300000001E1,1.939833486448E2,7.488222299470E1));
#939=DIRECTION('',(-1.E0,0.E0,0.E0));
#940=DIRECTION('',(0.E0,-5.555495510735E-1,-8.314834311650E-1));
#941=AXIS2_PLACEMENT_3D('',#938,#939,#940);
#943=CARTESIAN_POINT('',(4.684300000001E1,1.954E2,7.700250574417E1));
#944=DIRECTION('',(-1.E0,0.E0,0.E0));
#945=DIRECTION('',(0.E0,9.576412088608E-1,-2.879640864615E-1));
#946=AXIS2_PLACEMENT_3D('',#943,#944,#945);
#948=CARTESIAN_POINT('',(4.684300000001E1,1.978419850826E2,7.626819732370E1));
#949=DIRECTION('',(-1.E0,0.E0,0.E0));
#950=DIRECTION('',(0.E0,9.411308384955E-1,3.380425192675E-1));
#951=AXIS2_PLACEMENT_3D('',#948,#949,#950);
#953=DIRECTION('',(0.E0,3.380425192668E-1,-9.411308384958E-1));
#954=VECTOR('',#953,3.033150177620E0);
#955=CARTESIAN_POINT('',(4.684300000001E1,1.977577821937E2,7.946083101291E1));
#956=LINE('',#955,#954);
#957=CARTESIAN_POINT('',(4.684300000001E1,1.968166513552E2,7.912278849364E1));
#958=DIRECTION('',(-1.E0,0.E0,0.E0));
#959=DIRECTION('',(0.E0,5.555495510735E-1,8.314834311650E-1));
#960=AXIS2_PLACEMENT_3D('',#957,#958,#959);
#962=CARTESIAN_POINT('',(4.684300000001E1,1.954E2,7.700250574417E1));
#963=DIRECTION('',(-1.E0,0.E0,0.E0));
#964=DIRECTION('',(0.E0,-9.576412088608E-1,2.879640864615E-1));
#965=AXIS2_PLACEMENT_3D('',#962,#963,#964);
#967=CARTESIAN_POINT('',(4.684300000001E1,1.929580149174E2,7.773681416465E1));
#968=DIRECTION('',(-1.E0,0.E0,0.E0));
#969=DIRECTION('',(0.E0,-9.411308384958E-1,-3.380425192666E-1));
#970=AXIS2_PLACEMENT_3D('',#967,#968,#969);
#972=DIRECTION('',(-1.E0,0.E0,0.E0));
#973=VECTOR('',#972,2.E0);
#974=CARTESIAN_POINT('',(4.684300000001E1,1.930422178063E2,7.454418047543E1));
#975=LINE('',#974,#973);
#976=DIRECTION('',(-1.E0,0.E0,0.E0));
#977=VECTOR('',#976,2.E0);
#978=CARTESIAN_POINT('',(4.684300000001E1,1.934277990937E2,7.405073956354E1));
#979=LINE('',#978,#977);
#980=DIRECTION('',(0.E0,-3.380425192668E-1,9.411308384958E-1));
#981=VECTOR('',#980,3.033150177621E0);
#982=CARTESIAN_POINT('',(4.484300000001E1,1.930422178063E2,7.454418047543E1));
#983=LINE('',#982,#981);
#984=CARTESIAN_POINT('',(4.484300000001E1,1.929580149174E2,7.773681416465E1));
#985=DIRECTION('',(-1.E0,0.E0,0.E0));
#986=DIRECTION('',(0.E0,-9.411308384958E-1,-3.380425192666E-1));
#987=AXIS2_PLACEMENT_3D('',#984,#985,#986);
#989=CARTESIAN_POINT('',(4.484300000001E1,1.954E2,7.700250574417E1));
#990=DIRECTION('',(-1.E0,0.E0,0.E0));
#991=DIRECTION('',(0.E0,-9.576412088608E-1,2.879640864615E-1));
#992=AXIS2_PLACEMENT_3D('',#989,#990,#991);
#994=CARTESIAN_POINT('',(4.484300000001E1,1.968166513552E2,7.912278849364E1));
#995=DIRECTION('',(-1.E0,0.E0,0.E0));
#996=DIRECTION('',(0.E0,5.555495510735E-1,8.314834311650E-1));
#997=AXIS2_PLACEMENT_3D('',#994,#995,#996);
#999=DIRECTION('',(0.E0,3.380425192668E-1,-9.411308384958E-1));
#1000=VECTOR('',#999,3.033150177620E0);
#1001=CARTESIAN_POINT('',(4.484300000001E1,1.977577821937E2,7.946083101291E1));
#1002=LINE('',#1001,#1000);
#1003=CARTESIAN_POINT('',(4.484300000001E1,1.978419850826E2,7.626819732370E1));
#1004=DIRECTION('',(-1.E0,0.E0,0.E0));
#1005=DIRECTION('',(0.E0,9.411308384955E-1,3.380425192675E-1));
#1006=AXIS2_PLACEMENT_3D('',#1003,#1004,#1005);
#1008=CARTESIAN_POINT('',(4.484300000001E1,1.954E2,7.700250574417E1));
#1009=DIRECTION('',(-1.E0,0.E0,0.E0));
#1010=DIRECTION('',(0.E0,9.576412088608E-1,-2.879640864615E-1));
#1011=AXIS2_PLACEMENT_3D('',#1008,#1009,#1010);
#1013=CARTESIAN_POINT('',(4.484300000001E1,1.939833486448E2,7.488222299470E1));
#1014=DIRECTION('',(-1.E0,0.E0,0.E0));
#1015=DIRECTION('',(0.E0,-5.555495510735E-1,-8.314834311650E-1));
#1016=AXIS2_PLACEMENT_3D('',#1013,#1014,#1015);
#1018=DIRECTION('',(0.E0,6.427876096865E-1,7.660444431190E-1));
#1019=VECTOR('',#1018,6.153801229021E0);
#1020=CARTESIAN_POINT('',(4.484300000001E1,1.904782413896E2,7.724513441724E1));
#1021=LINE('',#1020,#1019);
#1022=DIRECTION('',(0.E0,3.380425192668E-1,-9.411308384958E-1));
#1023=VECTOR('',#1022,3.841467875374E0);
#1024=CARTESIAN_POINT('',(4.484300000001E1,1.904782413896E2,7.724513441724E1));
#1025=LINE('',#1024,#1023);
#1026=CARTESIAN_POINT('',(4.484300000001E1,1.927179517064E2,7.396785305390E1));
#1027=DIRECTION('',(-1.E0,0.E0,0.E0));
#1028=DIRECTION('',(0.E0,-6.622341465781E-1,-7.492969605610E-1));
#1029=AXIS2_PLACEMENT_3D('',#1026,#1027,#1028);
#1031=CARTESIAN_POINT('',(4.484300000001E1,1.954E2,7.700250574417E1));
#1032=DIRECTION('',(-1.E0,0.E0,0.E0));
#1033=DIRECTION('',(0.E0,9.876495455997E-1,-1.566792107353E-1));
#1034=AXIS2_PLACEMENT_3D('',#1031,#1032,#1033);
#1036=CARTESIAN_POINT('',(4.484300000001E1,1.993999806597E2,7.636795494069E1));
#1037=DIRECTION('',(-1.E0,0.E0,0.E0));
#1038=DIRECTION('',(0.E0,9.411308384960E-1,3.380425192661E-1));
#1039=AXIS2_PLACEMENT_3D('',#1036,#1037,#1038);
#1041=DIRECTION('',(0.E0,3.380425192668E-1,-9.411308384958E-1));
#1042=VECTOR('',#1041,3.898717737924E0);
#1043=CARTESIAN_POINT('',(4.484300000001E1,1.990231791321E2,8.037520095371E1));
#1044=LINE('',#1043,#1042);
#1045=CARTESIAN_POINT('',(4.484300000001E1,1.980820482936E2,8.003715843444E1));
#1046=DIRECTION('',(-1.E0,0.E0,0.E0));
#1047=DIRECTION('',(0.E0,6.622341465780E-1,7.492969605611E-1));
#1048=AXIS2_PLACEMENT_3D('',#1045,#1046,#1047);
#1050=CARTESIAN_POINT('',(4.484300000001E1,1.954E2,7.700250574417E1));
#1051=DIRECTION('',(-1.E0,0.E0,0.E0));
#1052=DIRECTION('',(0.E0,-1.913210748361E-1,9.815275066566E-1));
#1053=AXIS2_PLACEMENT_3D('',#1050,#1051,#1052);
#1055=DIRECTION('',(-1.E0,0.E0,0.E0));
#1056=VECTOR('',#1055,2.E0);
#1057=CARTESIAN_POINT('',(4.684300000001E1,1.920003737085E2,7.802477825111E1));
#1058=LINE('',#1057,#1056);
#1059=DIRECTION('',(-1.E0,0.E0,0.E0));
#1060=VECTOR('',#1059,2.E0);
#1061=CARTESIAN_POINT('',(4.684300000001E1,1.920168840789E2,7.739877164538E1));
#1062=LINE('',#1061,#1060);
#1063=DIRECTION('',(-1.E0,0.E0,0.E0));
#1064=VECTOR('',#1063,2.E0);
#1065=CARTESIAN_POINT('',(4.684300000001E1,1.977577821937E2,7.946083101291E1));
#1066=LINE('',#1065,#1064);
#1067=DIRECTION('',(-1.E0,0.E0,0.E0));
#1068=VECTOR('',#1067,2.E0);
#1069=CARTESIAN_POINT('',(4.684300000001E1,1.973722009063E2,7.995427192481E1));
#1070=LINE('',#1069,#1068);
#1071=DIRECTION('',(-1.E0,0.E0,0.E0));
#1072=VECTOR('',#1071,2.E0);
#1073=CARTESIAN_POINT('',(4.684300000001E1,1.987831159211E2,7.660623984296E1));
#1074=LINE('',#1073,#1072);
#1075=DIRECTION('',(-1.E0,0.E0,0.E0));
#1076=VECTOR('',#1075,2.E0);
#1077=CARTESIAN_POINT('',(4.684300000001E1,1.987996262915E2,7.598023323723E1));
#1078=LINE('',#1077,#1076);
#1079=DIRECTION('',(9.992585140139E-1,1.627174801667E-2,-3.489487623069E-2));
#1080=VECTOR('',#1079,3.085888142812E1);
#1081=CARTESIAN_POINT('',(2.020700000002E1,1.863871046941E2,7.370790933670E1));
#1082=LINE('',#1081,#1080);
#1083=CARTESIAN_POINT('',(2.020700000002E1,1.856215269045E2,7.335091455053E1));
#1084=CARTESIAN_POINT('',(2.020700000002E1,1.857768681032E2,7.335091455053E1));
#1085=CARTESIAN_POINT('',(2.020700000002E1,1.860557202345E2,7.341917477663E1));
#1086=CARTESIAN_POINT('',(2.020700000002E1,1.862872532963E2,7.358891107464E1));
#1087=CARTESIAN_POINT('',(2.020700000002E1,1.863871046941E2,7.370790933670E1));
#1089=CARTESIAN_POINT('',(5.104300000001E1,1.861236548472E2,7.227409770248E1));
#1090=CARTESIAN_POINT('',(5.104300000001E1,1.862789960459E2,7.227409770248E1));
#1091=CARTESIAN_POINT('',(5.104300000001E1,1.865578481772E2,7.234235792858E1));
#1092=CARTESIAN_POINT('',(5.104300000001E1,1.867893812389E2,7.251209422659E1));
#1093=CARTESIAN_POINT('',(5.104300000001E1,1.868892326367E2,7.263109248865E1));
#1095=CARTESIAN_POINT('',(2.020700000002E1,1.792613320985E2,8.510684328710E1));
#1096=DIRECTION('',(1.E0,0.E0,0.E0));
#1097=DIRECTION('',(0.E0,1.E0,-2.453740914158E-12));
#1098=AXIS2_PLACEMENT_3D('',#1095,#1096,#1097);
#1100=CARTESIAN_POINT('',(2.020700000002E1,1.752613320985E2,8.760684328710E1));
#1101=DIRECTION('',(1.E0,0.E0,0.E0));
#1102=DIRECTION('',(0.E0,3.808509063674E-12,1.E0));
#1103=AXIS2_PLACEMENT_3D('',#1100,#1101,#1102);
#1105=DIRECTION('',(1.302014583102E-14,-1.E0,1.225425489978E-14));
#1106=VECTOR('',#1105,4.638667901533E0);
#1107=CARTESIAN_POINT('',(2.020700000002E1,1.794E2,8.660684328710E1));
#1108=LINE('',#1107,#1106);
#1109=CARTESIAN_POINT('',(2.020700000002E1,1.794E2,8.510684328710E1));
#1110=DIRECTION('',(-1.E0,0.E0,1.359797690222E-13));
#1111=DIRECTION('',(1.350031197944E-13,1.591615728103E-12,1.E0));
#1112=AXIS2_PLACEMENT_3D('',#1109,#1110,#1111);
#1114=DIRECTION('',(-6.908800773890E-14,-6.427876096865E-1,-7.660444431190E-1));
#1115=VECTOR('',#1114,1.861513153753E1);
#1116=CARTESIAN_POINT('',(2.020700000002E1,1.983526805991E2,8.796792740896E1));
#1117=LINE('',#1116,#1115);
#1118=CARTESIAN_POINT('',(2.020700000002E1,2.131578179854E2,7.582698698570E1));
#1119=DIRECTION('',(-1.E0,0.E0,1.359688116771E-13));
#1120=DIRECTION('',(8.628199382098E-14,-7.732491533027E-1,6.341023158108E-1));
#1121=AXIS2_PLACEMENT_3D('',#1118,#1119,#1120);
#1123=DIRECTION('',(2.111220975191E-12,-8.715575591653E-2,-9.961946969396E-1));
#1124=VECTOR('',#1123,1.721480667406E0);
#1125=CARTESIAN_POINT('',(2.020700000002E1,2.046589670531E2,9.462381567386E1));
#1126=LINE('',#1125,#1124);
#1127=CARTESIAN_POINT('',(2.020700000001E1,2.131578179854E2,7.582698698570E1));
#1128=DIRECTION('',(-1.E0,0.E0,0.E0));
#1129=DIRECTION('',(0.E0,-7.788397738432E-1,6.272229322018E-1));
#1130=AXIS2_PLACEMENT_3D('',#1127,#1128,#1129);
#1132=DIRECTION('',(3.860140686512E-7,6.427876115737E-1,7.660444415353E-1));
#1133=VECTOR('',#1132,1.748801757332E1);
#1134=CARTESIAN_POINT('',(2.020700000002E1,1.858451358620E2,7.536986066156E1));
#1135=LINE('',#1134,#1133);
#1136=CARTESIAN_POINT('',(2.020700000002E1,1.853303145214E2,7.497481234833E1));
#1137=CARTESIAN_POINT('',(2.020700000002E1,1.853799996261E2,7.499798089348E1));
#1138=CARTESIAN_POINT('',(2.020700000002E1,1.854764841311E2,7.504961240716E1));
#1139=CARTESIAN_POINT('',(2.020700000002E1,1.855889332790E2,7.512660321681E1));
#1140=CARTESIAN_POINT('',(2.020700000002E1,1.856734322118E2,7.519520800955E1));
#1141=CARTESIAN_POINT('',(2.020700000002E1,1.857339292790E2,7.525004465052E1));
#1142=CARTESIAN_POINT('',(2.020700000002E1,1.857914291200E2,7.530817469886E1));
#1143=CARTESIAN_POINT('',(2.020700000002E1,1.858276144268E2,7.534897964981E1));
#1144=CARTESIAN_POINT('',(2.020700000002E1,1.858451358620E2,7.536986066156E1));
#1146=CARTESIAN_POINT('',(2.020700000002E1,1.846967691776E2,7.483436848223E1));
#1147=CARTESIAN_POINT('',(2.020700000002E1,1.847240302139E2,7.483436845790E1));
#1148=CARTESIAN_POINT('',(2.020700000002E1,1.847785129425E2,7.483585339061E1));
#1149=CARTESIAN_POINT('',(2.020700000002E1,1.848601950998E2,7.484255121410E1));
#1150=CARTESIAN_POINT('',(2.020700000002E1,1.849412838736E2,7.485368849307E1));
#1151=CARTESIAN_POINT('',(2.020700000002E1,1.850482672987E2,7.487437533484E1));
#1152=CARTESIAN_POINT('',(2.020700000002E1,1.851794755439E2,7.491106849120E1));
#1153=CARTESIAN_POINT('',(2.020700000002E1,1.852807990006E2,7.495172288196E1));
#1154=CARTESIAN_POINT('',(2.020700000002E1,1.853303145214E2,7.497481234833E1));
#1156=DIRECTION('',(-9.627803765260E-14,1.E0,-1.925560753052E-12));
#1157=VECTOR('',#1156,2.435437079087E0);
#1158=CARTESIAN_POINT('',(2.020700000002E1,1.822613320985E2,7.483436848223E1));
#1159=LINE('',#1158,#1157);
#1160=DIRECTION('',(-7.585542360446E-14,1.E0,0.E0));
#1161=VECTOR('',#1160,2.435437079107E0);
#1162=CARTESIAN_POINT('',(2.072444974837E1,1.822613320985E2,7.533406389574E1));
#1163=LINE('',#1162,#1161);
#1164=CARTESIAN_POINT('',(2.070700000002E1,1.846967691776E2,7.483436848223E1));
#1165=DIRECTION('',(0.E0,1.E0,0.E0));
#1166=DIRECTION('',(-1.E0,0.E0,1.421085471520E-13));
#1167=AXIS2_PLACEMENT_3D('',#1164,#1165,#1166);
#1169=CARTESIAN_POINT('',(2.072625111798E1,1.851191620733E2,7.542763023459E1));
#1170=CARTESIAN_POINT('',(2.069624876365E1,1.851186735203E2,7.542867793989E1));
#1171=CARTESIAN_POINT('',(2.063368124074E1,1.851199534341E2,7.542593315798E1));
#1172=CARTESIAN_POINT('',(2.053655672061E1,1.851300960285E2,7.540418229339E1));
#1173=CARTESIAN_POINT('',(2.044226396399E1,1.851492004041E2,7.536321282791E1));
#1174=CARTESIAN_POINT('',(2.035767403483E1,1.851768850800E2,7.530384284890E1));
#1175=CARTESIAN_POINT('',(2.028895818244E1,1.852115418994E2,7.522952106003E1));
#1176=CARTESIAN_POINT('',(2.024015641559E1,1.852506266309E2,7.514570358254E1));
#1177=CARTESIAN_POINT('',(2.021243527608E1,1.852912522793E2,7.505858159987E1));
#1178=CARTESIAN_POINT('',(2.020700000002E1,1.853176255699E2,7.500202389265E1));
#1179=CARTESIAN_POINT('',(2.020700000002E1,1.853303145214E2,7.497481234833E1));
#1181=CARTESIAN_POINT('',(2.070700000002E1,1.858451358619E2,7.536986066149E1));
#1182=DIRECTION('',(1.041746245008E-13,6.427876096865E-1,7.660444431190E-1));
#1183=DIRECTION('',(-1.E0,0.E0,1.421085471520E-13));
#1184=AXIS2_PLACEMENT_3D('',#1181,#1182,#1183);
#1186=CARTESIAN_POINT('',(5.256044971994E1,1.852151809432E2,7.422232627919E1));
#1187=CARTESIAN_POINT('',(5.256058896377E1,1.852333243998E2,7.422232141677E1));
#1188=CARTESIAN_POINT('',(5.256087757473E1,1.852696081360E2,7.422329928132E1));
#1189=CARTESIAN_POINT('',(5.256135820528E1,1.853419508118E2,7.422920286286E1));
#1190=CARTESIAN_POINT('',(5.256183113067E1,1.854315219515E2,7.424394354778E1));
#1191=CARTESIAN_POINT('',(5.256217396879E1,1.855366798971E2,7.427326164736E1));
#1192=CARTESIAN_POINT('',(5.256228960595E1,1.856386358186E2,7.431417992810E1));
#1193=CARTESIAN_POINT('',(5.256217400696E1,1.857348452636E2,7.436566532118E1));
#1194=CARTESIAN_POINT('',(5.256183318329E1,1.858247456483E2,7.442718960089E1));
#1195=CARTESIAN_POINT('',(5.256136087263E1,1.858936840660E2,7.448632526840E1));
#1196=CARTESIAN_POINT('',(5.256087914885E1,1.859448934986E2,7.453810300701E1));
#1197=CARTESIAN_POINT('',(5.256058947298E1,1.859690577407E2,7.456536877514E1));
#1198=CARTESIAN_POINT('',(5.256044971978E1,1.859807587309E2,7.457932106450E1));
#1200=CARTESIAN_POINT('',(2.072444974837E1,1.846967691776E2,7.533406389574E1));
#1201=CARTESIAN_POINT('',(2.072459749219E1,1.847149446487E2,7.533405873644E1));
#1202=CARTESIAN_POINT('',(2.072487536770E1,1.847512683944E2,7.533503804930E1));
#1203=CARTESIAN_POINT('',(2.072524031761E1,1.848057343746E2,7.533949130855E1));
#1204=CARTESIAN_POINT('',(2.072555035484E1,1.848597994201E2,7.534690508963E1));
#1205=CARTESIAN_POINT('',(2.072588976545E1,1.849311263705E2,7.536068392572E1));
#1206=CARTESIAN_POINT('',(2.072617434835E1,1.850185997430E2,7.538513502730E1));
#1207=CARTESIAN_POINT('',(2.072625111798E1,1.850861497426E2,7.541223633200E1));
#1208=CARTESIAN_POINT('',(2.072625111798E1,1.851191620733E2,7.542763023459E1));
#1210=CARTESIAN_POINT('',(2.072625111798E1,1.851191620733E2,7.542763023459E1));
#1211=CARTESIAN_POINT('',(2.072625111798E1,1.851522874912E2,7.544307687063E1));
#1212=CARTESIAN_POINT('',(2.072617379509E1,1.852166118110E2,7.547749954652E1));
#1213=CARTESIAN_POINT('',(2.072588846359E1,1.852915720568E2,7.552883613068E1));
#1214=CARTESIAN_POINT('',(2.072554904093E1,1.853478977420E2,7.557458323813E1));
#1215=CARTESIAN_POINT('',(2.072523957969E1,1.853882229623E2,7.561115151632E1));
#1216=CARTESIAN_POINT('',(2.072487552292E1,1.854265494718E2,7.564991608416E1));
#1217=CARTESIAN_POINT('',(2.072459748876E1,1.854506683340E2,7.567713260267E1));
#1218=CARTESIAN_POINT('',(2.072444974837E1,1.854623469672E2,7.569105868195E1));
#1220=CARTESIAN_POINT('',(5.254300000001E1,1.863635476268E2,7.425812304395E1));
#1221=DIRECTION('',(0.E0,-6.427876096865E-1,-7.660444431190E-1));
#1222=DIRECTION('',(1.E0,0.E0,-2.842170943040E-14));
#1223=AXIS2_PLACEMENT_3D('',#1220,#1221,#1222);
#1225=CARTESIAN_POINT('',(5.254300000001E1,1.852151809425E2,7.372263086469E1));
#1226=DIRECTION('',(0.E0,-1.E0,0.E0));
#1227=DIRECTION('',(1.E0,0.E0,0.E0));
#1228=AXIS2_PLACEMENT_3D('',#1225,#1226,#1227);
#1230=DIRECTION('',(-5.260363025209E-8,-6.427876763780E-1,-7.660443871582E-1));
#1231=VECTOR('',#1230,1.841363465494E1);
#1232=CARTESIAN_POINT('',(5.256045068840E1,1.978168161644E2,8.868498253910E1));
#1233=LINE('',#1232,#1231);
#1234=DIRECTION('',(-9.992585140133E-1,-1.627174799290E-2,3.489487625898E-2));
#1235=VECTOR('',#1234,3.185962343573E1);
#1236=CARTESIAN_POINT('',(5.256044971978E1,1.859807587309E2,7.457932106450E1));
#1237=LINE('',#1236,#1235);
#1238=CARTESIAN_POINT('',(2.020700675064E1,1.970862169091E2,8.876645931708E1));
#1239=CARTESIAN_POINT('',(2.020700675064E1,1.970625219325E2,8.876910180365E1));
#1240=CARTESIAN_POINT('',(2.020933888641E1,1.970157196271E2,8.877432125685E1));
#1241=CARTESIAN_POINT('',(2.021968919998E1,1.969466697048E2,8.878202176452E1));
#1242=CARTESIAN_POINT('',(2.023645490013E1,1.968806008954E2,8.878938982329E1));
#1243=CARTESIAN_POINT('',(2.025901917266E1,1.968181607373E2,8.879635320933E1));
#1244=CARTESIAN_POINT('',(2.028827173612E1,1.967575691189E2,8.880311044499E1));
#1245=CARTESIAN_POINT('',(2.032201696052E1,1.967035778340E2,8.880913160497E1));
#1246=CARTESIAN_POINT('',(2.035802964306E1,1.966571067419E2,8.881431410585E1));
#1247=CARTESIAN_POINT('',(2.040080235061E1,1.966128242748E2,8.881925252916E1));
#1248=CARTESIAN_POINT('',(2.044437277763E1,1.965771053159E2,8.882323594180E1));
#1249=CARTESIAN_POINT('',(2.048890445690E1,1.965480188969E2,8.882647968722E1));
#1250=CARTESIAN_POINT('',(2.053503128634E1,1.965247206741E2,8.882907792743E1));
#1251=CARTESIAN_POINT('',(2.058239769571E1,1.965072207222E2,8.883102953890E1));
#1252=CARTESIAN_POINT('',(2.062946012233E1,1.964956601832E2,8.883231878131E1));
#1253=CARTESIAN_POINT('',(2.067725686309E1,1.964895149979E2,8.883300409829E1));
#1254=CARTESIAN_POINT('',(2.070873369083E1,1.964890734119E2,8.883305334439E1));
#1255=CARTESIAN_POINT('',(2.072444974837E1,1.964897285366E2,8.883298028425E1));
#1257=DIRECTION('',(1.043724406228E-13,6.427876096865E-1,7.660444431190E-1));
#1258=VECTOR('',#1257,1.715556025547E1);
#1259=CARTESIAN_POINT('',(2.072444974837E1,1.854623469672E2,7.569105868195E1));
#1260=LINE('',#1259,#1258);
#1261=CARTESIAN_POINT('',(2.072444974836E1,1.965052942248E2,8.883124438373E1));
#1262=CARTESIAN_POINT('',(2.441871201843E1,1.966558637075E2,8.881445273024E1));
#1263=CARTESIAN_POINT('',(3.170261693040E1,1.969537841882E2,8.878122839752E1));
#1264=CARTESIAN_POINT('',(4.231461563711E1,1.973909801007E2,8.873247168307E1));
#1265=CARTESIAN_POINT('',(4.918004559998E1,1.976759562460E2,8.870069137264E1));
#1266=CARTESIAN_POINT('',(5.256045068840E1,1.978168161644E2,8.868498253910E1));
#1268=DIRECTION('',(-9.991215287105E-1,-4.164850421643E-2,4.644670467842E-3));
#1269=VECTOR('',#1268,3.186399254265E1);
#1270=CARTESIAN_POINT('',(5.256045068840E1,1.978168161644E2,8.868498253910E1));
#1271=LINE('',#1270,#1269);
#1272=CARTESIAN_POINT('',(2.072444974836E1,2.131578179854E2,7.582698698570E1));
#1273=DIRECTION('',(-1.E0,0.E0,0.E0));
#1274=DIRECTION('',(0.E0,-7.881512599581E-1,6.154815930850E-1));
#1275=AXIS2_PLACEMENT_3D('',#1272,#1273,#1274);
#1277=CARTESIAN_POINT('',(2.072444974836E1,1.965052942248E2,8.883124438373E1));
#1278=CARTESIAN_POINT('',(2.070830311120E1,1.965046361257E2,8.883131777558E1));
#1279=CARTESIAN_POINT('',(2.067605378676E1,1.965051601262E2,8.883125933854E1));
#1280=CARTESIAN_POINT('',(2.062775966177E1,1.965114138296E2,8.883056191952E1));
#1281=CARTESIAN_POINT('',(2.057970434353E1,1.965232215594E2,8.882924511014E1));
#1282=CARTESIAN_POINT('',(2.053229065777E1,1.965407048317E2,8.882729535881E1));
#1283=CARTESIAN_POINT('',(2.048620949699E1,1.965638251735E2,8.882471695606E1));
#1284=CARTESIAN_POINT('',(2.044141961551E1,1.965929082578E2,8.882147358253E1));
#1285=CARTESIAN_POINT('',(2.039876777683E1,1.966277829712E2,8.881758432096E1));
#1286=CARTESIAN_POINT('',(2.035870178669E1,1.966684700994E2,8.881304685329E1));
#1287=CARTESIAN_POINT('',(2.032184953203E1,1.967148900763E2,8.880787005283E1));
#1288=CARTESIAN_POINT('',(2.028893934426E1,1.967667356142E2,8.880208818863E1));
#1289=CARTESIAN_POINT('',(2.026070524186E1,1.968234433225E2,8.879576409034E1));
#1290=CARTESIAN_POINT('',(2.023773804532E1,1.968845100690E2,8.878895386849E1));
#1291=CARTESIAN_POINT('',(2.022063497248E1,1.969491521658E2,8.878174491808E1));
#1292=CARTESIAN_POINT('',(2.020988405899E1,1.970166102653E2,8.877422193202E1));
#1293=CARTESIAN_POINT('',(2.020717559462E1,1.970627771634E2,8.876907334005E1));
#1294=CARTESIAN_POINT('',(2.020700675064E1,1.970862169091E2,8.876645931708E1));
#1296=CARTESIAN_POINT('',(2.020700675064E1,1.970862169091E2,8.876645931708E1));
#1297=CARTESIAN_POINT('',(2.020700675064E1,1.970867723557E2,8.876631995541E1));
#1298=CARTESIAN_POINT('',(2.020699684973E1,1.970878831519E2,8.876609699900E1));
#1299=CARTESIAN_POINT('',(2.020700090011E1,1.970895493022E2,8.876626422389E1));
#1300=CARTESIAN_POINT('',(2.020700000001E1,1.970906600675E2,8.876604124725E1));
#1301=CARTESIAN_POINT('',(2.020700000001E1,1.970912154474E2,8.876590188559E1));
#1303=CARTESIAN_POINT('',(2.070700000001E1,2.046589673151E2,9.462381579228E1));
#1304=DIRECTION('',(0.E0,9.111893981360E-1,4.119877191430E-1));
#1305=DIRECTION('',(-6.946583704601E-1,-2.963591636299E-1,6.554547997248E-1));
#1306=AXIS2_PLACEMENT_3D('',#1303,#1304,#1305);
#1308=CARTESIAN_POINT('',(2.070700000002E1,2.046589670460E2,9.462381585409E1));
#1309=DIRECTION('',(1.354610867921E-13,8.715574273603E-2,9.961946980928E-1));
#1310=DIRECTION('',(-7.071067811881E-1,7.044160264019E-1,-6.162841670778E-2));
#1311=AXIS2_PLACEMENT_3D('',#1308,#1309,#1310);
#1313=CARTESIAN_POINT('',(2.038185604711E1,2.048800539244E2,9.494077778050E1));
#1314=CARTESIAN_POINT('',(2.037725832193E1,2.048656127735E2,9.494593532338E1));
#1315=CARTESIAN_POINT('',(2.036857125578E1,2.048351492043E2,9.495543884931E1));
#1316=CARTESIAN_POINT('',(2.035756000599E1,2.047862265325E2,9.496655646446E1));
#1317=CARTESIAN_POINT('',(2.034913189818E1,2.047357105560E2,9.497363527584E1));
#1318=CARTESIAN_POINT('',(2.034388699157E1,2.046860909887E2,9.497633599807E1));
#1319=CARTESIAN_POINT('',(2.034252519375E1,2.046297343075E2,9.497361041747E1));
#1320=CARTESIAN_POINT('',(2.034707519626E1,2.045742575511E2,9.496511475037E1));
#1321=CARTESIAN_POINT('',(2.035457870173E1,2.045333587861E2,9.495637097908E1));
#1322=CARTESIAN_POINT('',(2.035967082129E1,2.045107876393E2,9.495154314216E1));
#1324=CARTESIAN_POINT('',(2.070700000001E1,2.046589671245E2,9.462381570611E1));
#1325=DIRECTION('',(0.E0,9.111893939589E-1,4.119877283814E-1));
#1326=DIRECTION('',(-1.E0,0.E0,0.E0));
#1327=AXIS2_PLACEMENT_3D('',#1324,#1325,#1326);
#1329=CARTESIAN_POINT('',(2.070700000002E1,2.050314329485E2,9.314426397843E1));
#1330=CARTESIAN_POINT('',(2.069085431877E1,2.050314897704E2,9.314491345545E1));
#1331=CARTESIAN_POINT('',(2.065853293375E1,2.050299619796E2,9.314544389823E1));
#1332=CARTESIAN_POINT('',(2.061053424776E1,2.050227778534E2,9.314391604874E1));
#1333=CARTESIAN_POINT('',(2.056311649191E1,2.050106721789E2,9.314003972716E1));
#1334=CARTESIAN_POINT('',(2.051666824562E1,2.049936173972E2,9.313381869530E1));
#1335=CARTESIAN_POINT('',(2.047157853441E1,2.049715993649E2,9.312516732149E1));
#1336=CARTESIAN_POINT('',(2.042819077433E1,2.049445526577E2,9.311402114748E1));
#1337=CARTESIAN_POINT('',(2.038713523609E1,2.049126120736E2,9.310040148836E1));
#1338=CARTESIAN_POINT('',(2.034881891260E1,2.048757859563E2,9.308426215818E1));
#1339=CARTESIAN_POINT('',(2.031391675731E1,2.048343654599E2,9.306567158496E1));
#1340=CARTESIAN_POINT('',(2.028289160858E1,2.047884878428E2,9.304464149331E1));
#1341=CARTESIAN_POINT('',(2.025637460318E1,2.047385685687E2,9.302133269248E1));
#1342=CARTESIAN_POINT('',(2.023490349869E1,2.046849977885E2,9.299585114023E1));
#1343=CARTESIAN_POINT('',(2.021906064978E1,2.046285079636E2,9.296847628921E1));
#1344=CARTESIAN_POINT('',(2.020925499943E1,2.045696564161E2,9.293945079632E1));
#1345=CARTESIAN_POINT('',(2.020700000002E1,2.045292995616E2,9.291919920302E1));
#1346=CARTESIAN_POINT('',(2.020700000002E1,2.045089301042E2,9.290888576211E1));
#1348=DIRECTION('',(-1.074346941955E-11,-8.715574273606E-2,-9.961946980928E-1));
#1349=VECTOR('',#1348,1.441459766965E0);
#1350=CARTESIAN_POINT('',(2.070700000003E1,2.051570644451E2,9.458023855579E1));
#1351=LINE('',#1350,#1349);
#1352=CARTESIAN_POINT('',(2.020700000002E1,1.983526805991E2,8.796792740896E1));
#1353=CARTESIAN_POINT('',(2.363321655554E1,1.984443348434E2,8.789102036640E1));
#1354=CARTESIAN_POINT('',(3.048565344438E1,1.986276471800E2,8.773720312789E1));
#1355=CARTESIAN_POINT('',(4.076432011092E1,1.989025935059E2,8.750649542727E1));
#1356=CARTESIAN_POINT('',(4.761677211104E1,1.990859437170E2,8.735264716368E1));
#1357=CARTESIAN_POINT('',(5.104300000001E1,1.991775982644E2,8.727573986672E1));
#1359=CARTESIAN_POINT('',(3.720200000001E1,2.106429336468E2,9.420893034103E1));
#1360=CARTESIAN_POINT('',(3.873987305790E1,2.106465902915E2,9.415522663047E1));
#1361=CARTESIAN_POINT('',(4.181562957663E1,2.106539831801E2,9.404781884606E1));
#1362=CARTESIAN_POINT('',(4.642929624269E1,2.106650261255E2,9.388670605590E1));
#1363=CARTESIAN_POINT('',(4.950509528129E1,2.106723564531E2,9.377929678667E1));
#1364=CARTESIAN_POINT('',(5.104300000001E1,2.106760619857E2,9.372559197049E1));
#1366=CARTESIAN_POINT('',(2.070700000002E1,2.050314329485E2,9.314426397843E1));
#1367=CARTESIAN_POINT('',(2.248269814112E1,2.050251836922E2,9.307283465189E1));
#1368=CARTESIAN_POINT('',(2.603510074617E1,2.050126392420E2,9.292945092928E1));
#1369=CARTESIAN_POINT('',(3.136676753652E1,2.049937792711E2,9.271388047649E1));
#1370=CARTESIAN_POINT('',(3.492325443158E1,2.049811784705E2,9.256985266610E1));
#1371=CARTESIAN_POINT('',(3.670200000001E1,2.049748530553E2,9.249755283967E1));
#1373=DIRECTION('',(0.E0,1.E0,-5.115907697473E-13));
#1374=VECTOR('',#1373,1.E0);
#1375=CARTESIAN_POINT('',(5.104300000001E1,2.141E2,8.6888813E1));
#1376=LINE('',#1375,#1374);
#1377=CARTESIAN_POINT('',(5.104300000002E1,2.131578179854E2,7.582698698570E1));
#1378=DIRECTION('',(-1.E0,0.E0,1.359688116771E-13));
#1379=DIRECTION('',(8.611523172229E-14,-7.736753854616E-1,6.335821950867E-1));
#1380=AXIS2_PLACEMENT_3D('',#1377,#1378,#1379);
#1382=DIRECTION('',(-6.116298390595E-13,-6.427932186695E-1,-7.660397365885E-1));
#1383=VECTOR('',#1382,4.960545231673E0);
#1384=CARTESIAN_POINT('',(5.104300000001E1,1.991775982644E2,8.727573986672E1));
#1385=LINE('',#1384,#1383);
#1386=CARTESIAN_POINT('',(5.104300000001E1,1.954E2,7.700250574417E1));
#1387=DIRECTION('',(-1.E0,0.E0,0.E0));
#1388=DIRECTION('',(0.E0,9.061437363355E-2,9.958860553753E-1));
#1389=AXIS2_PLACEMENT_3D('',#1386,#1387,#1388);
#1391=CARTESIAN_POINT('',(5.104300000001E1,1.993311014762E2,8.084911999364E1));
#1392=DIRECTION('',(-1.E0,0.E0,0.E0));
#1393=DIRECTION('',(0.E0,7.147457229366E-1,6.993844089940E-1));
#1394=AXIS2_PLACEMENT_3D('',#1391,#1392,#1393);
#1396=DIRECTION('',(0.E0,-3.380425192668E-1,9.411308384958E-1));
#1397=VECTOR('',#1396,4.582575694956E0);
#1398=CARTESIAN_POINT('',(5.104300000001E1,2.018213377473E2,7.687435920664E1));
#1399=LINE('',#1398,#1397);
#1400=CARTESIAN_POINT('',(5.104300000001E1,2.008802069088E2,7.653631668737E1));
#1401=DIRECTION('',(-1.E0,0.E0,0.E0));
#1402=DIRECTION('',(0.E0,9.411308384958E-1,3.380425192668E-1));
#1403=AXIS2_PLACEMENT_3D('',#1400,#1401,#1402);
#1405=CARTESIAN_POINT('',(5.104300000001E1,1.954E2,7.700250574417E1));
#1406=DIRECTION('',(-1.E0,0.E0,0.E0));
#1407=DIRECTION('',(0.E0,9.964012561465E-1,-8.476164669051E-2));
#1408=AXIS2_PLACEMENT_3D('',#1405,#1406,#1407);
#1410=CARTESIAN_POINT('',(5.104300000001E1,1.914688985238E2,7.315589149471E1));
#1411=DIRECTION('',(-1.E0,0.E0,0.E0));
#1412=DIRECTION('',(0.E0,-7.147457229367E-1,-6.993844089939E-1));
#1413=AXIS2_PLACEMENT_3D('',#1410,#1411,#1412);
#1415=DIRECTION('',(0.E0,3.380425192668E-1,-9.411308384958E-1));
#1416=VECTOR('',#1415,3.087424522451E0);
#1417=CARTESIAN_POINT('',(5.104300000001E1,1.894840869217E2,7.572351940505E1));
#1418=LINE('',#1417,#1416);
#1419=DIRECTION('',(0.E0,-6.427876096865E-1,-7.660444431190E-1));
#1420=VECTOR('',#1419,4.036876638388E0);
#1421=CARTESIAN_POINT('',(5.104300000001E1,1.894840869217E2,7.572351940505E1));
#1422=LINE('',#1421,#1420);
#1423=DIRECTION('',(0.E0,-1.E0,0.E0));
#1424=VECTOR('',#1423,3.5E0);
#1425=CARTESIAN_POINT('',(3.121328277351E1,1.809E2,7.296656668683E1));
#1426=LINE('',#1425,#1424);
#1427=DIRECTION('',(0.E0,-1.E0,0.E0));
#1428=VECTOR('',#1427,8.723654847206E0);
#1429=CARTESIAN_POINT('',(5.104300000001E1,1.861236548472E2,7.227409770248E1));
#1430=LINE('',#1429,#1428);
#1431=DIRECTION('',(9.992585140139E-1,1.627174801670E-2,-3.489487623068E-2));
#1432=VECTOR('',#1431,3.085888142812E1);
#1433=CARTESIAN_POINT('',(2.020700000002E1,1.856215269045E2,7.335091455053E1));
#1434=LINE('',#1433,#1432);
#1435=DIRECTION('',(0.E0,-1.E0,1.805880386055E-14));
#1436=VECTOR('',#1435,4.721526904531E0);
#1437=CARTESIAN_POINT('',(2.020700000002E1,1.856215269045E2,7.335091455053E1));
#1438=LINE('',#1437,#1436);
#1439=DIRECTION('',(9.993908270191E-1,1.290371884745E-14,-3.489949670264E-2));
#1440=VECTOR('',#1439,1.101299159041E1);
#1441=CARTESIAN_POINT('',(2.020700000002E1,1.809E2,7.335091455053E1));
#1442=LINE('',#1441,#1440);
#1443=DIRECTION('',(0.E0,-1.E0,0.E0));
#1444=VECTOR('',#1443,4.E0);
#1445=CARTESIAN_POINT('',(3.121328277351E1,1.809E2,7.396717623113E1));
#1446=LINE('',#1445,#1444);
#1447=DIRECTION('',(-2.131628207280E-14,1.E0,0.E0));
#1448=VECTOR('',#1447,4.E0);
#1449=CARTESIAN_POINT('',(2.200700000002E1,1.769E2,7.428866670974E1));
#1450=LINE('',#1449,#1448);
#1451=DIRECTION('',(-1.E0,0.E0,-2.426476874665E-10));
#1452=VECTOR('',#1451,6.444869247608E0);
#1453=CARTESIAN_POINT('',(5.384300000001E1,1.769E2,4.988942783843E0));
#1454=LINE('',#1453,#1452);
#1455=DIRECTION('',(0.E0,0.E0,-1.E0));
#1456=VECTOR('',#1455,7.E0);
#1457=CARTESIAN_POINT('',(5.384300000001E1,1.769E2,1.198894278384E1));
#1458=LINE('',#1457,#1456);
#1459=DIRECTION('',(-1.E0,0.E0,-2.426475495520E-10));
#1460=VECTOR('',#1459,6.444869250338E0);
#1461=CARTESIAN_POINT('',(5.384300000001E1,1.769E2,1.198894278384E1));
#1462=LINE('',#1461,#1460);
#1463=DIRECTION('',(-1.E0,0.E0,-2.426489276554E-10));
#1464=VECTOR('',#1463,6.444869250702E0);
#1465=CARTESIAN_POINT('',(5.384300000001E1,1.769E2,1.348894278384E1));
#1466=LINE('',#1465,#1464);
#1467=DIRECTION('',(-1.E0,0.E0,0.E0));
#1468=VECTOR('',#1467,2.8E0);
#1469=CARTESIAN_POINT('',(5.384300000001E1,1.769E2,4.950250574417E1));
#1470=LINE('',#1469,#1468);
#1471=DIRECTION('',(0.E0,0.E0,1.E0));
#1472=VECTOR('',#1471,2.327189673045E1);
#1473=CARTESIAN_POINT('',(5.104300000001E1,1.769E2,4.950250574417E1));
#1474=LINE('',#1473,#1472);
#1475=DIRECTION('',(-9.993908270191E-1,0.E0,3.489949670264E-2));
#1476=VECTOR('',#1475,1.984180431758E1);
#1477=CARTESIAN_POINT('',(5.104300000001E1,1.769E2,7.277440247463E1));
#1478=LINE('',#1477,#1476);
#1479=DIRECTION('',(4.970769246266E-14,0.E0,1.E0));
#1480=VECTOR('',#1479,5.003047721494E-1);
#1481=CARTESIAN_POINT('',(3.121328277351E1,1.769E2,7.346687145898E1));
#1482=LINE('',#1481,#1480);
#1483=DIRECTION('',(9.993908270191E-1,0.E0,-3.489949670264E-2));
#1484=VECTOR('',#1483,9.211894410673E0);
#1485=CARTESIAN_POINT('',(2.200700000002E1,1.769E2,7.428866670974E1));
#1486=LINE('',#1485,#1484);
#1487=DIRECTION('',(-6.518002695965E-14,0.E0,-1.E0));
#1488=VECTOR('',#1487,3.597407269346E0);
#1489=CARTESIAN_POINT('',(2.200700000002E1,1.769E2,7.788607397909E1));
#1490=LINE('',#1489,#1488);
#1491=CARTESIAN_POINT('',(2.350699998829E1,1.769E2,7.898541846403E1));
#1492=CARTESIAN_POINT('',(2.350699998829E1,1.769E2,7.893178930726E1));
#1493=CARTESIAN_POINT('',(2.350246420164E1,1.769E2,7.882832963089E1));
#1494=CARTESIAN_POINT('',(2.348505876733E1,1.769E2,7.868316751248E1));
#1495=CARTESIAN_POINT('',(2.346021156759E1,1.769E2,7.855209993584E1));
#1496=CARTESIAN_POINT('',(2.343108674351E1,1.769E2,7.843872174456E1));
#1497=CARTESIAN_POINT('',(2.339999130872E1,1.769E2,7.834191613973E1));
#1498=CARTESIAN_POINT('',(2.336773215011E1,1.769E2,7.825762930714E1));
#1499=CARTESIAN_POINT('',(2.333392529256E1,1.769E2,7.818318201913E1));
#1500=CARTESIAN_POINT('',(2.329904229105E1,1.769E2,7.811838339879E1));
#1501=CARTESIAN_POINT('',(2.326397273221E1,1.769E2,7.806318968657E1));
#1502=CARTESIAN_POINT('',(2.322974688422E1,1.769E2,7.801707421658E1));
#1503=CARTESIAN_POINT('',(2.319493133755E1,1.769E2,7.797796350464E1));
#1504=CARTESIAN_POINT('',(2.316079141459E1,1.769E2,7.794679283280E1));
#1505=CARTESIAN_POINT('',(2.312736629453E1,1.769E2,7.792278958816E1));
#1506=CARTESIAN_POINT('',(2.309549516237E1,1.769E2,7.790558298601E1));
#1507=CARTESIAN_POINT('',(2.306442867958E1,1.769E2,7.789390913353E1));
#1508=CARTESIAN_POINT('',(2.303501577567E1,1.769E2,7.788742760469E1));
#1509=CARTESIAN_POINT('',(2.301619050782E1,1.769E2,7.788607397909E1));
#1510=CARTESIAN_POINT('',(2.300699998829E1,1.769E2,7.788607397909E1));
#1512=DIRECTION('',(0.E0,0.E0,1.E0));
#1513=VECTOR('',#1512,3.088087038146E0);
#1514=CARTESIAN_POINT('',(2.350699998829E1,1.769E2,7.898541846403E1));
#1515=LINE('',#1514,#1513);
#1516=DIRECTION('',(-1.E0,0.E0,0.E0));
#1517=VECTOR('',#1516,3.183600001172E1);
#1518=CARTESIAN_POINT('',(5.534300000001E1,1.769E2,8.207350550218E1));
#1519=LINE('',#1518,#1517);
#1520=CARTESIAN_POINT('',(5.584300000001E1,1.769E2,8.154065137767E1));
#1521=CARTESIAN_POINT('',(5.584300000001E1,1.769E2,8.158368696619E1));
#1522=CARTESIAN_POINT('',(5.583368654268E1,1.769E2,8.166044468590E1));
#1523=CARTESIAN_POINT('',(5.579208486126E1,1.769E2,8.179098535856E1));
#1524=CARTESIAN_POINT('',(5.570708911165E1,1.769E2,8.192116755156E1));
#1525=CARTESIAN_POINT('',(5.558580529983E1,1.769E2,8.201506168235E1));
#1526=CARTESIAN_POINT('',(5.546099625574E1,1.769E2,8.206239499234E1));
#1527=CARTESIAN_POINT('',(5.538603558853E1,1.769E2,8.207350550218E1));
#1528=CARTESIAN_POINT('',(5.534300000001E1,1.769E2,8.207350550218E1));
#1530=DIRECTION('',(0.E0,0.E0,-1.E0));
#1531=VECTOR('',#1530,2.190651377660E0);
#1532=CARTESIAN_POINT('',(5.584300000001E1,1.769E2,8.154065137767E1));
#1533=LINE('',#1532,#1531);
#1534=DIRECTION('',(1.E0,-1.136868377216E-14,0.E0));
#1535=VECTOR('',#1534,2.5E0);
#1536=CARTESIAN_POINT('',(5.584300000001E1,1.769E2,7.935000000001E1));
#1537=LINE('',#1536,#1535);
#1538=CARTESIAN_POINT('',(5.834300000001E1,1.769E2,7.885000000001E1));
#1539=DIRECTION('',(0.E0,-1.E0,0.E0));
#1540=DIRECTION('',(1.E0,0.E0,0.E0));
#1541=AXIS2_PLACEMENT_3D('',#1538,#1539,#1540);
#1543=DIRECTION('',(0.E0,0.E0,-1.E0));
#1544=VECTOR('',#1543,1.045002489051E2);
#1545=CARTESIAN_POINT('',(5.884300000001E1,1.769E2,7.885000000001E1));
#1546=LINE('',#1545,#1544);
#1547=CARTESIAN_POINT('',(4.384300000001E1,1.769E2,-2.565024890506E1));
#1548=DIRECTION('',(0.E0,-1.E0,0.E0));
#1549=DIRECTION('',(0.E0,0.E0,-1.E0));
#1550=AXIS2_PLACEMENT_3D('',#1547,#1548,#1549);
#1552=DIRECTION('',(-1.E0,0.E0,0.E0));
#1553=VECTOR('',#1552,1.0841E1);
#1554=CARTESIAN_POINT('',(4.384300000001E1,1.769E2,-4.065024890506E1));
#1555=LINE('',#1554,#1553);
#1556=DIRECTION('',(1.E0,0.E0,0.E0));
#1557=VECTOR('',#1556,1.679775747558E1);
#1558=CARTESIAN_POINT('',(2.950200000001E1,1.769E2,-3.565024859395E1));
#1559=LINE('',#1558,#1557);
#1560=CARTESIAN_POINT('',(4.629975747560E1,1.769E2,-3.565024859395E1));
#1561=CARTESIAN_POINT('',(4.667556001276E1,1.769E2,-3.537987135743E1));
#1562=CARTESIAN_POINT('',(4.737284160999E1,1.769E2,-3.481127850872E1));
#1563=CARTESIAN_POINT('',(4.860032520573E1,1.769E2,-3.358847191793E1));
#1564=CARTESIAN_POINT('',(4.988174689448E1,1.769E2,-3.193034682037E1));
#1565=CARTESIAN_POINT('',(5.111888471572E1,1.769E2,-2.978656881213E1));
#1566=CARTESIAN_POINT('',(5.210525484967E1,1.769E2,-2.751428347221E1));
#1567=CARTESIAN_POINT('',(5.286823329535E1,1.769E2,-2.512751978745E1));
#1568=CARTESIAN_POINT('',(5.342004354041E1,1.769E2,-2.263254175382E1));
#1569=CARTESIAN_POINT('',(5.376177116354E1,1.769E2,-2.002990568231E1));
#1570=CARTESIAN_POINT('',(5.384300000001E1,1.769E2,-1.821969430212E1));
#1571=CARTESIAN_POINT('',(5.384300000001E1,1.769E2,-1.729377552174E1));
#1573=DIRECTION('',(-1.E0,0.E0,-2.426491345031E-10));
#1574=VECTOR('',#1573,6.444869247244E0);
#1575=CARTESIAN_POINT('',(5.384300000001E1,1.769E2,3.488942783843E0));
#1576=LINE('',#1575,#1574);
#1577=DIRECTION('',(2.427687680514E-10,0.E0,-1.E0));
#1578=VECTOR('',#1577,1.5E0);
#1579=CARTESIAN_POINT('',(4.739813075240E1,1.769E2,4.988942782279E0));
#1580=LINE('',#1579,#1578);
#1581=DIRECTION('',(3.639352523048E-10,-3.789561257387E-14,-1.E0));
#1582=VECTOR('',#1581,1.5E0);
#1583=CARTESIAN_POINT('',(4.704411203350E1,1.777530874491E2,4.988942781759E0));
#1584=LINE('',#1583,#1582);
#1585=CARTESIAN_POINT('',(5.043559949630E1,1.929276835623E2,3.488942782994E0));
#1586=DIRECTION('',(3.639706545671E-10,0.E0,-1.E0));
#1587=DIRECTION('',(-9.219436871539E-1,-3.873239441566E-1,-3.355626887469E-10));
#1588=AXIS2_PLACEMENT_3D('',#1585,#1586,#1587);
#1590=CARTESIAN_POINT('',(3.734399913871E1,1.874276835553E2,3.488942778229E0));
#1591=DIRECTION('',(3.639706545671E-10,0.E0,-1.E0));
#1592=DIRECTION('',(9.219436871541E-1,3.873239441562E-1,3.355625915011E-10));
#1593=AXIS2_PLACEMENT_3D('',#1590,#1591,#1592);
#1595=CARTESIAN_POINT('',(4.739813075286E1,1.774E2,3.488942781888E0));
#1596=DIRECTION('',(3.639706545671E-10,0.E0,-1.E0));
#1597=DIRECTION('',(2.131628207280E-12,-1.E0,0.E0));
#1598=AXIS2_PLACEMENT_3D('',#1595,#1596,#1597);
#1600=CARTESIAN_POINT('',(5.384300000001E1,1.819E2,-4.070735310193E0));
#1601=DIRECTION('',(-1.E0,0.E0,0.E0));
#1602=DIRECTION('',(0.E0,0.E0,-1.E0));
#1603=AXIS2_PLACEMENT_3D('',#1600,#1601,#1602);
#1605=CARTESIAN_POINT('',(5.384300000001E1,1.819E2,-4.070735310193E0));
#1606=DIRECTION('',(-1.E0,0.E0,0.E0));
#1607=DIRECTION('',(0.E0,0.E0,1.E0));
#1608=AXIS2_PLACEMENT_3D('',#1605,#1606,#1607);
#1610=CARTESIAN_POINT('',(5.384300000001E1,2.089E2,4.292926468974E1));
#1611=DIRECTION('',(-1.E0,0.E0,0.E0));
#1612=DIRECTION('',(0.E0,0.E0,-1.E0));
#1613=AXIS2_PLACEMENT_3D('',#1610,#1611,#1612);
#1615=CARTESIAN_POINT('',(5.384300000001E1,2.089E2,4.292926468974E1));
#1616=DIRECTION('',(-1.E0,0.E0,0.E0));
#1617=DIRECTION('',(0.E0,0.E0,1.E0));
#1618=AXIS2_PLACEMENT_3D('',#1615,#1616,#1617);
#1620=CARTESIAN_POINT('',(5.384300000001E1,1.819E2,4.292926468974E1));
#1621=DIRECTION('',(-1.E0,0.E0,0.E0));
#1622=DIRECTION('',(0.E0,0.E0,1.E0));
#1623=AXIS2_PLACEMENT_3D('',#1620,#1621,#1622);
#1625=CARTESIAN_POINT('',(5.384300000001E1,1.819E2,4.292926468974E1));
#1626=DIRECTION('',(-1.E0,0.E0,0.E0));
#1627=DIRECTION('',(0.E0,0.E0,-1.E0));
#1628=AXIS2_PLACEMENT_3D('',#1625,#1626,#1627);
#1630=DIRECTION('',(0.E0,-6.427876096865E-1,-7.660444431190E-1));
#1631=VECTOR('',#1630,5.833964350727E1);
#1632=CARTESIAN_POINT('',(5.384300000001E1,2.144E2,2.739698420054E1));
#1633=LINE('',#1632,#1631);
#1634=DIRECTION('',(0.E0,1.E0,0.E0));
#1635=VECTOR('',#1634,3.75E1);
#1636=CARTESIAN_POINT('',(5.384300000001E1,1.769E2,4.950250574417E1));
#1637=LINE('',#1636,#1635);
#1638=DIRECTION('',(0.E0,0.E0,-1.E0));
#1639=VECTOR('',#1638,3.601356296033E1);
#1640=CARTESIAN_POINT('',(5.384300000001E1,1.769E2,4.950250574417E1));
#1641=LINE('',#1640,#1639);
#1642=DIRECTION('',(-3.670319273359E-11,1.E0,2.365873599359E-11));
#1643=VECTOR('',#1642,1.652768356233E1);
#1644=CARTESIAN_POINT('',(5.384300000001E1,1.769E2,1.348894278384E1));
#1645=LINE('',#1644,#1643);
#1646=DIRECTION('',(1.213237510456E-10,0.E0,-1.E0));
#1647=VECTOR('',#1646,1.E1);
#1648=CARTESIAN_POINT('',(5.384299999940E1,1.934276835623E2,1.348894278423E1));
#1649=LINE('',#1648,#1647);
#1650=DIRECTION('',(3.670276282293E-11,1.E0,2.365854790767E-11));
#1651=VECTOR('',#1650,1.652768356233E1);
#1652=CARTESIAN_POINT('',(5.384300000001E1,1.769E2,3.488942783843E0));
#1653=LINE('',#1652,#1651);
#1654=DIRECTION('',(0.E0,0.E0,-1.E0));
#1655=VECTOR('',#1654,2.078271830558E1);
#1656=CARTESIAN_POINT('',(5.384300000001E1,1.769E2,3.488942783843E0));
#1657=LINE('',#1656,#1655);
#1658=CARTESIAN_POINT('',(5.234300000001E1,1.819E2,-4.070735310193E0));
#1659=DIRECTION('',(-1.E0,0.E0,0.E0));
#1660=DIRECTION('',(0.E0,0.E0,-1.E0));
#1661=AXIS2_PLACEMENT_3D('',#1658,#1659,#1660);
#1663=CARTESIAN_POINT('',(5.234300000001E1,1.819E2,-4.070735310193E0));
#1664=DIRECTION('',(-1.E0,0.E0,0.E0));
#1665=DIRECTION('',(0.E0,0.E0,1.E0));
#1666=AXIS2_PLACEMENT_3D('',#1663,#1664,#1665);
#1668=CARTESIAN_POINT('',(5.234300000001E1,1.819E2,-4.070735310193E0));
#1669=DIRECTION('',(-1.E0,0.E0,0.E0));
#1670=DIRECTION('',(0.E0,1.E0,0.E0));
#1671=AXIS2_PLACEMENT_3D('',#1668,#1669,#1670);
#1673=CARTESIAN_POINT('',(5.234300000001E1,1.819E2,-4.070735310193E0));
#1674=DIRECTION('',(-1.E0,0.E0,0.E0));
#1675=DIRECTION('',(0.E0,-1.E0,0.E0));
#1676=AXIS2_PLACEMENT_3D('',#1673,#1674,#1675);
#1678=DIRECTION('',(-1.E0,0.E0,0.E0));
#1679=VECTOR('',#1678,1.5E0);
#1680=CARTESIAN_POINT('',(5.384300000001E1,1.819E2,-6.070735310193E0));
#1681=LINE('',#1680,#1679);
#1682=DIRECTION('',(-1.E0,0.E0,0.E0));
#1683=VECTOR('',#1682,1.5E0);
#1684=CARTESIAN_POINT('',(5.384300000001E1,1.819E2,-2.070735310193E0));
#1685=LINE('',#1684,#1683);
#1686=DIRECTION('',(-1.E0,0.E0,0.E0));
#1687=VECTOR('',#1686,1.5E0);
#1688=CARTESIAN_POINT('',(5.384300000001E1,1.829E2,-4.070735310193E0));
#1689=LINE('',#1688,#1687);
#1690=DIRECTION('',(-1.E0,0.E0,0.E0));
#1691=VECTOR('',#1690,1.5E0);
#1692=CARTESIAN_POINT('',(5.384300000001E1,1.809E2,-4.070735310193E0));
#1693=LINE('',#1692,#1691);
#1694=CARTESIAN_POINT('',(5.384300000001E1,1.819E2,-4.070735310193E0));
#1695=DIRECTION('',(-1.E0,0.E0,0.E0));
#1696=DIRECTION('',(0.E0,1.E0,0.E0));
#1697=AXIS2_PLACEMENT_3D('',#1694,#1695,#1696);
#1699=CARTESIAN_POINT('',(5.384300000001E1,1.819E2,-4.070735310193E0));
#1700=DIRECTION('',(-1.E0,0.E0,0.E0));
#1701=DIRECTION('',(0.E0,-1.E0,0.E0));
#1702=AXIS2_PLACEMENT_3D('',#1699,#1700,#1701);
#1704=CARTESIAN_POINT('',(5.234300000001E1,2.089E2,4.292926468974E1));
#1705=DIRECTION('',(-1.E0,0.E0,0.E0));
#1706=DIRECTION('',(0.E0,0.E0,-1.E0));
#1707=AXIS2_PLACEMENT_3D('',#1704,#1705,#1706);
#1709=CARTESIAN_POINT('',(5.234300000001E1,2.089E2,4.292926468974E1));
#1710=DIRECTION('',(-1.E0,0.E0,0.E0));
#1711=DIRECTION('',(0.E0,0.E0,1.E0));
#1712=AXIS2_PLACEMENT_3D('',#1709,#1710,#1711);
#1714=CARTESIAN_POINT('',(5.234300000001E1,2.089E2,4.292926468974E1));
#1715=DIRECTION('',(-1.E0,0.E0,0.E0));
#1716=DIRECTION('',(0.E0,1.E0,0.E0));
#1717=AXIS2_PLACEMENT_3D('',#1714,#1715,#1716);
#1719=CARTESIAN_POINT('',(5.234300000001E1,2.089E2,4.292926468974E1));
#1720=DIRECTION('',(-1.E0,0.E0,0.E0));
#1721=DIRECTION('',(0.E0,-1.E0,0.E0));
#1722=AXIS2_PLACEMENT_3D('',#1719,#1720,#1721);
#1724=DIRECTION('',(-1.E0,0.E0,0.E0));
#1725=VECTOR('',#1724,1.5E0);
#1726=CARTESIAN_POINT('',(5.384300000001E1,2.089E2,4.092926468974E1));
#1727=LINE('',#1726,#1725);
#1728=DIRECTION('',(-1.E0,0.E0,0.E0));
#1729=VECTOR('',#1728,1.5E0);
#1730=CARTESIAN_POINT('',(5.384300000001E1,2.089E2,4.492926468974E1));
#1731=LINE('',#1730,#1729);
#1732=DIRECTION('',(-1.E0,0.E0,0.E0));
#1733=VECTOR('',#1732,1.5E0);
#1734=CARTESIAN_POINT('',(5.384300000001E1,2.099E2,4.292926468974E1));
#1735=LINE('',#1734,#1733);
#1736=DIRECTION('',(-1.E0,0.E0,0.E0));
#1737=VECTOR('',#1736,1.5E0);
#1738=CARTESIAN_POINT('',(5.384300000001E1,2.079E2,4.292926468974E1));
#1739=LINE('',#1738,#1737);
#1740=CARTESIAN_POINT('',(5.384300000001E1,2.089E2,4.292926468974E1));
#1741=DIRECTION('',(-1.E0,0.E0,0.E0));
#1742=DIRECTION('',(0.E0,1.E0,0.E0));
#1743=AXIS2_PLACEMENT_3D('',#1740,#1741,#1742);
#1745=CARTESIAN_POINT('',(5.384300000001E1,2.089E2,4.292926468974E1));
#1746=DIRECTION('',(-1.E0,0.E0,0.E0));
#1747=DIRECTION('',(0.E0,-1.E0,0.E0));
#1748=AXIS2_PLACEMENT_3D('',#1745,#1746,#1747);
#1750=DIRECTION('',(-1.E0,0.E0,0.E0));
#1751=VECTOR('',#1750,1.5E0);
#1752=CARTESIAN_POINT('',(5.384300000001E1,1.819E2,4.092926468974E1));
#1753=LINE('',#1752,#1751);
#1754=DIRECTION('',(-1.E0,0.E0,0.E0));
#1755=VECTOR('',#1754,1.5E0);
#1756=CARTESIAN_POINT('',(5.384300000001E1,1.819E2,4.492926468974E1));
#1757=LINE('',#1756,#1755);
#1758=CARTESIAN_POINT('',(5.234300000001E1,1.819E2,4.292926468974E1));
#1759=DIRECTION('',(-1.E0,0.E0,0.E0));
#1760=DIRECTION('',(0.E0,0.E0,1.E0));
#1761=AXIS2_PLACEMENT_3D('',#1758,#1759,#1760);
#1763=CARTESIAN_POINT('',(5.234300000001E1,1.819E2,4.292926468974E1));
#1764=DIRECTION('',(-1.E0,0.E0,0.E0));
#1765=DIRECTION('',(0.E0,0.E0,-1.E0));
#1766=AXIS2_PLACEMENT_3D('',#1763,#1764,#1765);
#1768=CARTESIAN_POINT('',(5.234300000001E1,1.819E2,4.292926468974E1));
#1769=DIRECTION('',(-1.E0,0.E0,0.E0));
#1770=DIRECTION('',(0.E0,1.E0,0.E0));
#1771=AXIS2_PLACEMENT_3D('',#1768,#1769,#1770);
#1773=CARTESIAN_POINT('',(5.234300000001E1,1.819E2,4.292926468974E1));
#1774=DIRECTION('',(-1.E0,0.E0,0.E0));
#1775=DIRECTION('',(0.E0,-1.E0,0.E0));
#1776=AXIS2_PLACEMENT_3D('',#1773,#1774,#1775);
#1778=DIRECTION('',(-1.E0,0.E0,0.E0));
#1779=VECTOR('',#1778,1.5E0);
#1780=CARTESIAN_POINT('',(5.384300000001E1,1.829E2,4.292926468974E1));
#1781=LINE('',#1780,#1779);
#1782=DIRECTION('',(-1.E0,0.E0,0.E0));
#1783=VECTOR('',#1782,1.5E0);
#1784=CARTESIAN_POINT('',(5.384300000001E1,1.809E2,4.292926468974E1));
#1785=LINE('',#1784,#1783);
#1786=CARTESIAN_POINT('',(5.384300000001E1,1.819E2,4.292926468974E1));
#1787=DIRECTION('',(-1.E0,0.E0,0.E0));
#1788=DIRECTION('',(0.E0,1.E0,0.E0));
#1789=AXIS2_PLACEMENT_3D('',#1786,#1787,#1788);
#1791=CARTESIAN_POINT('',(5.384300000001E1,1.819E2,4.292926468974E1));
#1792=DIRECTION('',(-1.E0,0.E0,0.E0));
#1793=DIRECTION('',(0.E0,-1.E0,0.E0));
#1794=AXIS2_PLACEMENT_3D('',#1791,#1792,#1793);
#1796=CARTESIAN_POINT('',(4.084300000001E1,1.784673849767E2,-3.565024859395E1));
#1797=CARTESIAN_POINT('',(4.182519886037E1,1.784673849767E2,-3.565024859395E1));
#1798=CARTESIAN_POINT('',(4.370999803097E1,1.781815202423E2,-3.565024859395E1));
#1799=CARTESIAN_POINT('',(4.545890600988E1,1.774076252692E2,-3.565024859395E1));
#1800=CARTESIAN_POINT('',(4.629975747560E1,1.769E2,-3.565024859395E1));
#1802=DIRECTION('',(-4.579171583063E-10,-6.427876096796E-1,-7.660444431248E-1));
#1803=VECTOR('',#1802,1.435396161928E1);
#1804=CARTESIAN_POINT('',(4.084300000658E1,1.876939336554E2,-2.465447605867E1));
#1805=LINE('',#1804,#1803);
#1806=DIRECTION('',(-9.293898983742E-11,6.427876096865E-1,7.660444431190E-1));
#1807=VECTOR('',#1806,4.2E0);
#1808=CARTESIAN_POINT('',(5.022383136672E1,1.849511498116E2,-2.170030349925E1));
#1809=LINE('',#1808,#1807);
#1810=CARTESIAN_POINT('',(4.971711951014E1,1.883552737938E2,-1.842128841803E1));
#1811=CARTESIAN_POINT('',(4.974068979861E1,1.883384074665E2,-1.840713588893E1));
#1812=CARTESIAN_POINT('',(4.978641209115E1,1.883036067825E2,-1.838165482439E1));
#1813=CARTESIAN_POINT('',(4.985099907604E1,1.882485792257E2,-1.835130688983E1));
#1814=CARTESIAN_POINT('',(4.991110134119E1,1.881917063492E2,-1.832861674549E1));
#1815=CARTESIAN_POINT('',(4.996588647391E1,1.881344535020E2,-1.831335593766E1));
#1816=CARTESIAN_POINT('',(5.001519386513E1,1.880775740298E2,-1.830514713170E1));
#1817=CARTESIAN_POINT('',(5.005864475042E1,1.880222182663E2,-1.830346989233E1));
#1818=CARTESIAN_POINT('',(5.009639047425E1,1.879690008058E2,-1.830760447722E1));
#1819=CARTESIAN_POINT('',(5.012854971456E1,1.879184635408E2,-1.831693200906E1));
#1820=CARTESIAN_POINT('',(5.015548769022E1,1.878708351822E2,-1.833078003981E1));
#1821=CARTESIAN_POINT('',(5.017749908115E1,1.878262696628E2,-1.834863694794E1));
#1822=CARTESIAN_POINT('',(5.019487938568E1,1.877848874076E2,-1.836999662330E1));
#1823=CARTESIAN_POINT('',(5.020799008593E1,1.877468289164E2,-1.839419241633E1));
#1824=CARTESIAN_POINT('',(5.021717364453E1,1.877117964409E2,-1.842108387310E1));
#1825=CARTESIAN_POINT('',(5.022260956269E1,1.876797790642E2,-1.845043139054E1));
#1826=CARTESIAN_POINT('',(5.022383136633E1,1.876601894666E2,-1.847179575795E1));
#1827=CARTESIAN_POINT('',(5.022383136633E1,1.876508577723E2,-1.848291683815E1));
#1829=DIRECTION('',(1.430004598853E-10,-6.427876096885E-1,-7.660444431173E-1));
#1830=VECTOR('',#1829,5.002020926624E1);
#1831=CARTESIAN_POINT('',(4.084299999943E1,2.231887999761E2,1.764665839752E1));
#1832=LINE('',#1831,#1830);
#1833=CARTESIAN_POINT('',(5.213050877705E1,2.187608479951E2,2.256082810799E1));
#1834=CARTESIAN_POINT('',(5.208844307217E1,2.188103876678E2,2.250534921585E1));
#1835=CARTESIAN_POINT('',(5.193838162412E1,2.189833356170E2,2.231195992126E1));
#1836=CARTESIAN_POINT('',(5.155168252911E1,2.193975039742E2,2.185291665861E1));
#1837=CARTESIAN_POINT('',(5.092018228755E1,2.199744824936E2,2.121256296061E1));
#1838=CARTESIAN_POINT('',(4.978367631595E1,2.208250654589E2,2.026902095321E1));
#1839=CARTESIAN_POINT('',(4.847225314244E1,2.215568664111E2,1.945711472717E1));
#1840=CARTESIAN_POINT('',(4.700898691981E1,2.221535248531E2,1.879518567012E1));
#1841=CARTESIAN_POINT('',(4.546190246682E1,2.226508814177E2,1.824341377787E1));
#1842=CARTESIAN_POINT('',(4.402854412629E1,2.229466137328E2,1.791532821720E1));
#1843=CARTESIAN_POINT('',(4.276218718688E1,2.230961215718E2,1.774946213186E1));
#1844=CARTESIAN_POINT('',(4.212409659905E1,2.231495966873E2,1.769013924294E1));
#1845=CARTESIAN_POINT('',(4.148453421528E1,2.231816381563E2,1.765458213802E1));
#1846=CARTESIAN_POINT('',(4.105686739608E1,2.231887990940E2,1.764665734605E1));
#1847=CARTESIAN_POINT('',(4.084299999943E1,2.231887999761E2,1.764665839752E1));
#1849=DIRECTION('',(8.993686514861E-6,6.427877663458E-1,7.660443116134E-1));
#1850=VECTOR('',#1849,1.712383649426E0);
#1851=CARTESIAN_POINT('',(5.213049337641E1,2.176601487339E2,2.124906635405E1));
#1852=LINE('',#1851,#1850);
#1853=DIRECTION('',(0.E0,6.427876096865E-1,7.660444431190E-1));
#1854=VECTOR('',#1853,1.E0);
#1855=CARTESIAN_POINT('',(4.785117298419E1,2.194088284103E2,1.633230441982E1));
#1856=LINE('',#1855,#1854);
#1857=DIRECTION('',(-4.750710162830E-13,6.427876096865E-1,7.660444431190E-1));
#1858=VECTOR('',#1857,2.557571471432E0);
#1859=CARTESIAN_POINT('',(5.213049337641E1,2.132619204556E2,1.600746200230E1));
#1860=LINE('',#1859,#1858);
#1861=CARTESIAN_POINT('',(5.250260636798E1,2.125328530625E2,1.622759999615E1));
#1862=CARTESIAN_POINT('',(5.250902327497E1,2.125228839992E2,1.623596503345E1));
#1863=CARTESIAN_POINT('',(5.252159909022E1,2.125043421742E2,1.625371540922E1));
#1864=CARTESIAN_POINT('',(5.253979466156E1,2.124803981121E2,1.628331156057E1));
#1865=CARTESIAN_POINT('',(5.255705299026E1,2.124606000594E2,1.631529675838E1));
#1866=CARTESIAN_POINT('',(5.257322731999E1,2.124450612759E2,1.634926639805E1));
#1867=CARTESIAN_POINT('',(5.258792930961E1,2.124340087508E2,1.638414473941E1));
#1868=CARTESIAN_POINT('',(5.260129006538E1,2.124272730219E2,1.642006920981E1));
#1869=CARTESIAN_POINT('',(5.261301604495E1,2.124250059348E2,1.645616977039E1));
#1870=CARTESIAN_POINT('',(5.262310354178E1,2.124270292266E2,1.649213366238E1));
#1871=CARTESIAN_POINT('',(5.263140910568E1,2.124332111510E2,1.652724822128E1));
#1872=CARTESIAN_POINT('',(5.263786594990E1,2.124434466715E2,1.656109373031E1));
#1873=CARTESIAN_POINT('',(5.264244973282E1,2.124574715078E2,1.659321629769E1));
#1874=CARTESIAN_POINT('',(5.264518282429E1,2.124748537274E2,1.662313506119E1));
#1875=CARTESIAN_POINT('',(5.264579438097E1,2.124885119953E2,1.664147351808E1));
#1876=CARTESIAN_POINT('',(5.264579438097E1,2.124958760125E2,1.665024961199E1));
#1878=DIRECTION('',(0.E0,6.427876096865E-1,7.660444431190E-1));
#1879=VECTOR('',#1878,2.557571471437E0);
#1880=CARTESIAN_POINT('',(5.264579438097E1,2.124958760125E2,1.665024961199E1));
#1881=LINE('',#1880,#1879);
#1882=CARTESIAN_POINT('',(5.378283921084E1,2.119781973120E2,2.256734423377E1));
#1883=CARTESIAN_POINT('',(5.378402434155E1,2.119687933970E2,2.257523505539E1));
#1884=CARTESIAN_POINT('',(5.378633409077E1,2.119511505805E2,2.259199561437E1));
#1885=CARTESIAN_POINT('',(5.378964224411E1,2.119279404612E2,2.262011282904E1));
#1886=CARTESIAN_POINT('',(5.379274319808E1,2.119083664816E2,2.265067653419E1));
#1887=CARTESIAN_POINT('',(5.379563885195E1,2.118925548350E2,2.268370273775E1));
#1888=CARTESIAN_POINT('',(5.379822166298E1,2.118810638746E2,2.271764575710E1));
#1889=CARTESIAN_POINT('',(5.380055580436E1,2.118735751978E2,2.275297325757E1));
#1890=CARTESIAN_POINT('',(5.380259678190E1,2.118704225611E2,2.278893523800E1));
#1891=CARTESIAN_POINT('',(5.380434100218E1,2.118716302369E2,2.282512746804E1));
#1892=CARTESIAN_POINT('',(5.380578343709E1,2.118771872625E2,2.286109534384E1));
#1893=CARTESIAN_POINT('',(5.380690573985E1,2.118870147567E2,2.289604056703E1));
#1894=CARTESIAN_POINT('',(5.380771004357E1,2.119011077609E2,2.292971157732E1));
#1895=CARTESIAN_POINT('',(5.380819023431E1,2.119190410774E2,2.296125190555E1));
#1896=CARTESIAN_POINT('',(5.380829881435E1,2.119334050650E2,2.298068006044E1));
#1897=CARTESIAN_POINT('',(5.380829881435E1,2.119412202620E2,2.298999384962E1));
#1899=DIRECTION('',(0.E0,6.427876096865E-1,7.660444431190E-1));
#1900=VECTOR('',#1899,4.000000000002E-1);
#1901=CARTESIAN_POINT('',(5.380829881435E1,2.119412202620E2,2.298999384962E1));
#1902=LINE('',#1901,#1900);
#1903=CARTESIAN_POINT('',(5.378283921084E1,2.126209849217E2,2.333338867689E1));
#1904=CARTESIAN_POINT('',(5.378401616576E1,2.126116458809E2,2.334122506261E1));
#1905=CARTESIAN_POINT('',(5.378631670451E1,2.125921654330E2,2.335563902556E1));
#1906=CARTESIAN_POINT('',(5.378963466928E1,2.125603733437E2,2.337368413349E1));
#1907=CARTESIAN_POINT('',(5.379275494431E1,2.125266652922E2,2.338774113801E1));
#1908=CARTESIAN_POINT('',(5.379566166976E1,2.124912359267E2,2.339759429534E1));
#1909=CARTESIAN_POINT('',(5.379826849885E1,2.124554209498E2,2.340301075630E1));
#1910=CARTESIAN_POINT('',(5.380060353329E1,2.124192160168E2,2.340416012236E1));
#1911=CARTESIAN_POINT('',(5.380263891597E1,2.123832527690E2,2.340093333850E1));
#1912=CARTESIAN_POINT('',(5.380436964961E1,2.123479868172E2,2.339340595964E1));
#1913=CARTESIAN_POINT('',(5.380579812787E1,2.123137793539E2,2.338170793942E1));
#1914=CARTESIAN_POINT('',(5.380691580677E1,2.122811015590E2,2.336590509720E1));
#1915=CARTESIAN_POINT('',(5.380771336748E1,2.122505360323E2,2.334621432092E1));
#1916=CARTESIAN_POINT('',(5.380819240974E1,2.122225456328E2,2.332300070419E1));
#1917=CARTESIAN_POINT('',(5.380829881435E1,2.122060629092E2,2.330562102592E1));
#1918=CARTESIAN_POINT('',(5.380829881435E1,2.121983353059E2,2.329641162686E1));
#1920=DIRECTION('',(2.818965227471E-5,6.427875801614E-1,7.660444673748E-1));
#1921=VECTOR('',#1920,1.859818801483E0);
#1922=CARTESIAN_POINT('',(5.264579438097E1,2.168941042908E2,2.189185396374E1));
#1923=LINE('',#1922,#1921);
#1924=CARTESIAN_POINT('',(5.384300000001E1,2.144E2,2.739698420054E1));
#1925=CARTESIAN_POINT('',(5.384300000001E1,2.145426780870E2,2.724378474893E1));
#1926=CARTESIAN_POINT('',(5.383303453049E1,2.148274889995E2,2.693662109571E1));
#1927=CARTESIAN_POINT('',(5.378820998784E1,2.152516532610E2,2.647428763988E1));
#1928=CARTESIAN_POINT('',(5.371354791618E1,2.156726210947E2,2.601193379396E1));
#1929=CARTESIAN_POINT('',(5.360916886145E1,2.160897536244E2,2.555107633923E1));
#1930=CARTESIAN_POINT('',(5.347509359190E1,2.165032377725E2,2.509311673260E1));
#1931=CARTESIAN_POINT('',(5.331151061025E1,2.169121533550E2,2.463947719448E1));
#1932=CARTESIAN_POINT('',(5.311895773449E1,2.173141625178E2,2.419091323149E1));
#1933=CARTESIAN_POINT('',(5.289842695042E1,2.177066987373E2,2.374872605978E1));
#1934=CARTESIAN_POINT('',(5.273305521307E1,2.179630416732E2,2.345962439955E1));
#1935=CARTESIAN_POINT('',(5.264584680861E1,2.180895727177E2,2.331655786693E1));
#1937=DIRECTION('',(-1.E0,0.E0,0.E0));
#1938=VECTOR('',#1937,8.E0);
#1939=CARTESIAN_POINT('',(3.300200000001E1,1.741E2,-3.915024890506E1));
#1940=LINE('',#1939,#1938);
#1941=DIRECTION('',(-5.298129221704E-1,5.298129221704E-1,6.622662115815E-1));
#1942=VECTOR('',#1941,7.549834058513E-1);
#1943=CARTESIAN_POINT('',(2.500200000001E1,1.741E2,-3.915024890506E1));
#1944=LINE('',#1943,#1942);
#1945=DIRECTION('',(-1.E0,0.E0,0.E0));
#1946=VECTOR('',#1945,2.899999964444E0);
#1947=CARTESIAN_POINT('',(2.750200000001E1,1.744999999644E2,-3.865024890506E1));
#1948=LINE('',#1947,#1946);
#1949=DIRECTION('',(-1.E0,0.E0,0.E0));
#1950=VECTOR('',#1949,2.E0);
#1951=CARTESIAN_POINT('',(2.950200000001E1,1.769E2,-3.565024859395E1));
#1952=LINE('',#1951,#1950);
#1953=DIRECTION('',(0.E0,0.E0,1.E0));
#1954=VECTOR('',#1953,7.049750687739E0);
#1955=CARTESIAN_POINT('',(2.500200000001E1,1.741E2,-4.619999959280E1));
#1956=LINE('',#1955,#1954);
#1957=CARTESIAN_POINT('',(2.850200000001E1,1.741E2,-4.819999959280E1));
#1958=DIRECTION('',(0.E0,-1.E0,0.E0));
#1959=DIRECTION('',(0.E0,0.E0,-1.E0));
#1960=AXIS2_PLACEMENT_3D('',#1957,#1958,#1959);
#1962=DIRECTION('',(7.071067811866E-1,-7.071067811865E-1,0.E0));
#1963=VECTOR('',#1962,7.071067811866E-1);
#1964=CARTESIAN_POINT('',(2.450200000001E1,1.746E2,-4.619999959280E1));
#1965=LINE('',#1964,#1963);
#1966=DIRECTION('',(-1.E0,0.E0,0.E0));
#1967=VECTOR('',#1966,3.5E0);
#1968=CARTESIAN_POINT('',(2.850200000001E1,1.741E2,-4.619999959280E1));
#1969=LINE('',#1968,#1967);
#1970=DIRECTION('',(0.E0,1.E0,0.E0));
#1971=VECTOR('',#1970,9.999999999999E-1);
#1972=CARTESIAN_POINT('',(2.450200000001E1,1.746E2,-4.619999959280E1));
#1973=LINE('',#1972,#1971);
#1974=DIRECTION('',(0.E0,1.E0,0.E0));
#1975=VECTOR('',#1974,4.999999999999E-1);
#1976=CARTESIAN_POINT('',(2.400200000001E1,1.751E2,-4.569999959280E1));
#1977=LINE('',#1976,#1975);
#1978=CARTESIAN_POINT('',(2.450200000001E1,1.746E2,-4.619999959280E1));
#1979=CARTESIAN_POINT('',(2.443087055080E1,1.746711294492E2,-4.619999959280E1));
#1980=CARTESIAN_POINT('',(2.430845449877E1,1.747935455012E2,-4.617193757030E1));
#1981=CARTESIAN_POINT('',(2.418532090055E1,1.749166790995E2,-4.609459419546E1));
#1982=CARTESIAN_POINT('',(2.410447285827E1,1.749975271417E2,-4.600774612982E1));
#1983=CARTESIAN_POINT('',(2.405372183605E1,1.750482781640E2,-4.592863056609E1));
#1984=CARTESIAN_POINT('',(2.401556257111E1,1.750864374289E2,-4.583170756846E1));
#1985=CARTESIAN_POINT('',(2.400200000001E1,1.751E2,-4.575029570868E1));
#1986=CARTESIAN_POINT('',(2.400200000001E1,1.751E2,-4.569999959280E1));
#1988=DIRECTION('',(0.E0,1.249374367127E-14,1.E0));
#1989=VECTOR('',#1988,4.549750687739E0);
#1990=CARTESIAN_POINT('',(2.400200000001E1,1.756E2,-4.569999959280E1));
#1991=LINE('',#1990,#1989);
#1992=CARTESIAN_POINT('',(2.450200000001E1,1.756E2,-4.569999959280E1));
#1993=DIRECTION('',(0.E0,-1.E0,0.E0));
#1994=DIRECTION('',(-1.E0,0.E0,0.E0));
#1995=AXIS2_PLACEMENT_3D('',#1992,#1993,#1994);
#1997=DIRECTION('',(-1.E0,-1.421085471520E-14,0.E0));
#1998=VECTOR('',#1997,4.E0);
#1999=CARTESIAN_POINT('',(2.850200000001E1,1.756E2,-4.619999959280E1));
#2000=LINE('',#1999,#1998);
#2001=CARTESIAN_POINT('',(2.850200000001E1,1.756E2,-4.819999959280E1));
#2002=DIRECTION('',(0.E0,-1.E0,0.E0));
#2003=DIRECTION('',(0.E0,0.E0,-1.E0));
#2004=AXIS2_PLACEMENT_3D('',#2001,#2002,#2003);
#2006=CARTESIAN_POINT('',(2.450200000001E1,1.756E2,-5.069999959280E1));
#2007=DIRECTION('',(0.E0,1.E0,0.E0));
#2008=DIRECTION('',(-1.E0,0.E0,0.E0));
#2009=AXIS2_PLACEMENT_3D('',#2006,#2007,#2008);
#2011=DIRECTION('',(0.E0,-5.684341886081E-14,1.E0));
#2012=VECTOR('',#2011,1.E0);
#2013=CARTESIAN_POINT('',(2.400200000001E1,1.756E2,-5.169999959280E1));
#2014=LINE('',#2013,#2012);
#2015=CARTESIAN_POINT('',(2.500200000001E1,1.756E2,-5.169999959280E1));
#2016=DIRECTION('',(0.E0,1.E0,0.E0));
#2017=DIRECTION('',(0.E0,0.E0,-1.E0));
#2018=AXIS2_PLACEMENT_3D('',#2015,#2016,#2017);
#2020=DIRECTION('',(1.E0,0.E0,0.E0));
#2021=VECTOR('',#2020,8.E0);
#2022=CARTESIAN_POINT('',(2.500200000001E1,1.756E2,-5.269999959280E1));
#2023=LINE('',#2022,#2021);
#2024=DIRECTION('',(0.E0,0.E0,1.E0));
#2025=VECTOR('',#2024,1.154975068774E1);
#2026=CARTESIAN_POINT('',(3.300200000001E1,1.756E2,-5.269999959280E1));
#2027=LINE('',#2026,#2025);
#2028=DIRECTION('',(1.E0,0.E0,0.E0));
#2029=VECTOR('',#2028,9.E0);
#2030=CARTESIAN_POINT('',(2.400200000001E1,1.756E2,-4.115024890506E1));
#2031=LINE('',#2030,#2029);
#2032=DIRECTION('',(1.E0,0.E0,0.E0));
#2033=VECTOR('',#2032,9.E0);
#2034=CARTESIAN_POINT('',(2.400200000001E1,1.761E2,-4.065024890506E1));
#2035=LINE('',#2034,#2033);
#2036=DIRECTION('',(0.E0,-6.246950136954E-1,-7.808688365302E-1));
#2037=VECTOR('',#2036,6.403124015318E-1);
#2038=CARTESIAN_POINT('',(3.300200000001E1,1.744999999644E2,-3.865024890506E1));
#2039=LINE('',#2038,#2037);
#2040=DIRECTION('',(0.E0,0.E0,1.E0));
#2041=VECTOR('',#2040,2.E0);
#2042=CARTESIAN_POINT('',(3.300200000001E1,1.769E2,-4.065024890506E1));
#2043=LINE('',#2042,#2041);
#2044=DIRECTION('',(0.E0,1.E0,0.E0));
#2045=VECTOR('',#2044,8.000000000001E-1);
#2046=CARTESIAN_POINT('',(3.300200000001E1,1.761E2,-4.065024890506E1));
#2047=LINE('',#2046,#2045);
#2048=CARTESIAN_POINT('',(3.300200000001E1,1.761E2,-4.115024890506E1));
#2049=DIRECTION('',(1.E0,0.E0,0.E0));
#2050=DIRECTION('',(0.E0,0.E0,1.E0));
#2051=AXIS2_PLACEMENT_3D('',#2048,#2049,#2050);
#2053=DIRECTION('',(0.E0,-1.E0,0.E0));
#2054=VECTOR('',#2053,1.5E0);
#2055=CARTESIAN_POINT('',(3.300200000001E1,1.756E2,-5.269999959280E1));
#2056=LINE('',#2055,#2054);
#2057=DIRECTION('',(0.E0,0.E0,1.E0));
#2058=VECTOR('',#2057,1.354975068774E1);
#2059=CARTESIAN_POINT('',(3.300200000001E1,1.741E2,-5.269999959280E1));
#2060=LINE('',#2059,#2058);
#2061=DIRECTION('',(0.E0,-1.E0,0.E0));
#2062=VECTOR('',#2061,2.400000035556E0);
#2063=CARTESIAN_POINT('',(3.300200000001E1,1.769E2,-3.865024890506E1));
#2064=LINE('',#2063,#2062);
#2065=DIRECTION('',(-1.E0,0.E0,0.E0));
#2066=VECTOR('',#2065,3.5E0);
#2067=CARTESIAN_POINT('',(3.300200000001E1,1.744999999644E2,-3.865024890506E1));
#2068=LINE('',#2067,#2066);
#2069=DIRECTION('',(0.E0,-1.E0,0.E0));
#2070=VECTOR('',#2069,2.400000035556E0);
#2071=CARTESIAN_POINT('',(2.950200000001E1,1.769E2,-3.865024890506E1));
#2072=LINE('',#2071,#2070);
#2073=DIRECTION('',(1.E0,0.E0,0.E0));
#2074=VECTOR('',#2073,3.5E0);
#2075=CARTESIAN_POINT('',(2.950200000001E1,1.769E2,-3.865024890506E1));
#2076=LINE('',#2075,#2074);
#2077=DIRECTION('',(0.E0,-6.246950136954E-1,-7.808688365302E-1));
#2078=VECTOR('',#2077,3.841874807610E0);
#2079=CARTESIAN_POINT('',(2.950200000001E1,1.769E2,-3.565024859395E1));
#2080=LINE('',#2079,#2078);
#2081=DIRECTION('',(0.E0,0.E0,-1.E0));
#2082=VECTOR('',#2081,3.000000311113E0);
#2083=CARTESIAN_POINT('',(2.950200000001E1,1.769E2,-3.565024859395E1));
#2084=LINE('',#2083,#2082);
#2085=DIRECTION('',(-1.E0,0.E0,0.E0));
#2086=VECTOR('',#2085,2.074299920001E1);
#2087=CARTESIAN_POINT('',(4.384300000001E1,1.782E2,-4.065024890506E1));
#2088=LINE('',#2087,#2086);
#2089=DIRECTION('',(-1.E0,-3.150968363404E-14,0.E0));
#2090=VECTOR('',#2089,9.019992000078E-1);
#2091=CARTESIAN_POINT('',(2.400200000001E1,1.769E2,-4.065024890506E1));
#2092=LINE('',#2091,#2090);
#2093=CARTESIAN_POINT('',(2.31000008E1,1.769E2,-4.015024890506E1));
#2094=DIRECTION('',(0.E0,-1.E0,0.E0));
#2095=DIRECTION('',(-1.E0,0.E0,2.842170943040E-14));
#2096=AXIS2_PLACEMENT_3D('',#2093,#2094,#2095);
#2098=DIRECTION('',(0.E0,0.E0,-1.E0));
#2099=VECTOR('',#2098,4.500000311113E0);
#2100=CARTESIAN_POINT('',(2.26000008E1,1.769E2,-3.565024859395E1));
#2101=LINE('',#2100,#2099);
#2102=DIRECTION('',(1.E0,0.E0,0.E0));
#2103=VECTOR('',#2102,4.901999200008E0);
#2104=CARTESIAN_POINT('',(2.26000008E1,1.769E2,-3.565024859395E1));
#2105=LINE('',#2104,#2103);
#2106=DIRECTION('',(0.E0,0.E0,1.E0));
#2107=VECTOR('',#2106,3.000000311113E0);
#2108=CARTESIAN_POINT('',(2.750200000001E1,1.769E2,-3.865024890506E1));
#2109=LINE('',#2108,#2107);
#2110=DIRECTION('',(1.E0,0.E0,0.E0));
#2111=VECTOR('',#2110,3.5E0);
#2112=CARTESIAN_POINT('',(2.400200000001E1,1.769E2,-3.865024890506E1));
#2113=LINE('',#2112,#2111);
#2114=DIRECTION('',(0.E0,-1.E0,0.E0));
#2115=VECTOR('',#2114,1.8E0);
#2116=CARTESIAN_POINT('',(2.400200000001E1,1.769E2,-3.865024890506E1));
#2117=LINE('',#2116,#2115);
#2118=DIRECTION('',(0.E0,0.E0,1.E0));
#2119=VECTOR('',#2118,7.049750687739E0);
#2120=CARTESIAN_POINT('',(2.400200000001E1,1.751E2,-4.569999959280E1));
#2121=LINE('',#2120,#2119);
#2122=CARTESIAN_POINT('',(2.400200000001E1,1.761E2,-4.115024890506E1));
#2123=DIRECTION('',(1.E0,0.E0,0.E0));
#2124=DIRECTION('',(0.E0,0.E0,1.E0));
#2125=AXIS2_PLACEMENT_3D('',#2122,#2123,#2124);
#2127=DIRECTION('',(0.E0,1.E0,0.E0));
#2128=VECTOR('',#2127,8.000000000001E-1);
#2129=CARTESIAN_POINT('',(2.400200000001E1,1.761E2,-4.065024890506E1));
#2130=LINE('',#2129,#2128);
#2131=DIRECTION('',(0.E0,0.E0,-1.E0));
#2132=VECTOR('',#2131,2.E0);
#2133=CARTESIAN_POINT('',(2.400200000001E1,1.769E2,-3.865024890506E1));
#2134=LINE('',#2133,#2132);
#2135=DIRECTION('',(-7.071067811865E-1,7.071067811866E-1,0.E0));
#2136=VECTOR('',#2135,8.485281877073E-1);
#2137=CARTESIAN_POINT('',(2.460200003557E1,1.744999999644E2,-3.865024890506E1));
#2138=LINE('',#2137,#2136);
#2139=DIRECTION('',(0.E0,6.246950136954E-1,7.808688365302E-1));
#2140=VECTOR('',#2139,3.841874807610E0);
#2141=CARTESIAN_POINT('',(2.750200000001E1,1.744999999644E2,-3.865024890506E1));
#2142=LINE('',#2141,#2140);
#2143=DIRECTION('',(0.E0,-1.E0,0.E0));
#2144=VECTOR('',#2143,2.400000035556E0);
#2145=CARTESIAN_POINT('',(2.750200000001E1,1.769E2,-3.865024890506E1));
#2146=LINE('',#2145,#2144);
#2147=DIRECTION('',(0.E0,1.E0,0.E0));
#2148=VECTOR('',#2147,1.3E0);
#2149=CARTESIAN_POINT('',(2.26000008E1,1.769E2,-4.015024890506E1));
#2150=LINE('',#2149,#2148);
#2151=DIRECTION('',(0.E0,1.E0,0.E0));
#2152=VECTOR('',#2151,1.3E0);
#2153=CARTESIAN_POINT('',(2.31000008E1,1.769E2,-4.065024890506E1));
#2154=LINE('',#2153,#2152);
#2155=DIRECTION('',(0.E0,-1.E0,0.E0));
#2156=VECTOR('',#2155,1.3E0);
#2157=CARTESIAN_POINT('',(5.884300000001E1,1.782E2,-2.565024890506E1));
#2158=LINE('',#2157,#2156);
#2159=DIRECTION('',(0.E0,-1.E0,0.E0));
#2160=VECTOR('',#2159,1.3E0);
#2161=CARTESIAN_POINT('',(4.384300000001E1,1.782E2,-4.065024890506E1));
#2162=LINE('',#2161,#2160);
#2163=DIRECTION('',(0.E0,1.E0,0.E0));
#2164=VECTOR('',#2163,1.3E0);
#2165=CARTESIAN_POINT('',(5.884300000001E1,1.769E2,7.885000000001E1));
#2166=LINE('',#2165,#2164);
#2167=DIRECTION('',(0.E0,1.E0,0.E0));
#2168=VECTOR('',#2167,1.3E0);
#2169=CARTESIAN_POINT('',(5.834300000001E1,1.769E2,7.935000000001E1));
#2170=LINE('',#2169,#2168);
#2171=DIRECTION('',(0.E0,-1.E0,0.E0));
#2172=VECTOR('',#2171,1.3E0);
#2173=CARTESIAN_POINT('',(5.584300000001E1,1.782E2,7.935000000001E1));
#2174=LINE('',#2173,#2172);
#2175=DIRECTION('',(-1.E0,-2.273736754432E-14,0.E0));
#2176=VECTOR('',#2175,2.5E0);
#2177=CARTESIAN_POINT('',(5.834300000001E1,1.782E2,7.935000000001E1));
#2178=LINE('',#2177,#2176);
#2179=DIRECTION('',(1.E0,0.E0,0.E0));
#2180=VECTOR('',#2179,8.E0);
#2181=CARTESIAN_POINT('',(2.500200000001E1,1.741E2,-5.269999959280E1));
#2182=LINE('',#2181,#2180);
#2183=DIRECTION('',(0.E0,-1.E0,0.E0));
#2184=VECTOR('',#2183,1.5E0);
#2185=CARTESIAN_POINT('',(2.500200000001E1,1.756E2,-5.269999959280E1));
#2186=LINE('',#2185,#2184);
#2187=DIRECTION('',(0.E0,-1.E0,0.E0));
#2188=VECTOR('',#2187,5.E-1);
#2189=CARTESIAN_POINT('',(2.400200000001E1,1.756E2,-5.169999959280E1));
#2190=LINE('',#2189,#2188);
#2191=CARTESIAN_POINT('',(2.500200000001E1,1.741E2,-5.269999959280E1));
#2192=CARTESIAN_POINT('',(2.493087055080E1,1.741711294492E2,-5.269999959280E1));
#2193=CARTESIAN_POINT('',(2.479903596277E1,1.743029640372E2,-5.268525739165E1));
#2194=CARTESIAN_POINT('',(2.456535934423E1,1.745366406558E2,-5.261335710773E1));
#2195=CARTESIAN_POINT('',(2.436870375034E1,1.747332962497E2,-5.248910118867E1));
#2196=CARTESIAN_POINT('',(2.420691135887E1,1.748950886411E2,-5.231554125591E1));
#2197=CARTESIAN_POINT('',(2.410554323025E1,1.749964567698E2,-5.215712074290E1));
#2198=CARTESIAN_POINT('',(2.404155826109E1,1.750604417389E2,-5.199612857466E1));
#2199=CARTESIAN_POINT('',(2.400927731890E1,1.750927226811E2,-5.184059625737E1));
#2200=CARTESIAN_POINT('',(2.400200000001E1,1.751E2,-5.175029570868E1));
#2201=CARTESIAN_POINT('',(2.400200000001E1,1.751E2,-5.169999959280E1));
#2203=DIRECTION('',(0.E0,0.E0,1.E0));
#2204=VECTOR('',#2203,1.E0);
#2205=CARTESIAN_POINT('',(2.400200000001E1,1.751E2,-5.169999959280E1));
#2206=LINE('',#2205,#2204);
#2207=DIRECTION('',(0.E0,-1.E0,0.E0));
#2208=VECTOR('',#2207,9.999999999999E-1);
#2209=CARTESIAN_POINT('',(2.450200000001E1,1.756E2,-5.019999959280E1));
#2210=LINE('',#2209,#2208);
#2211=DIRECTION('',(0.E0,-1.E0,0.E0));
#2212=VECTOR('',#2211,4.999999999999E-1);
#2213=CARTESIAN_POINT('',(2.400200000001E1,1.756E2,-5.069999959280E1));
#2214=LINE('',#2213,#2212);
#2215=DIRECTION('',(1.E0,1.421085471520E-14,0.E0));
#2216=VECTOR('',#2215,4.E0);
#2217=CARTESIAN_POINT('',(2.450200000001E1,1.756E2,-5.019999959280E1));
#2218=LINE('',#2217,#2216);
#2219=DIRECTION('',(1.E0,0.E0,0.E0));
#2220=VECTOR('',#2219,3.5E0);
#2221=CARTESIAN_POINT('',(2.500200000001E1,1.741E2,-5.019999959280E1));
#2222=LINE('',#2221,#2220);
#2223=DIRECTION('',(-7.071067811866E-1,7.071067811865E-1,0.E0));
#2224=VECTOR('',#2223,7.071067811866E-1);
#2225=CARTESIAN_POINT('',(2.500200000001E1,1.741E2,-5.019999959280E1));
#2226=LINE('',#2225,#2224);
#2227=DIRECTION('',(0.E0,-1.E0,0.E0));
#2228=VECTOR('',#2227,1.5E0);
#2229=CARTESIAN_POINT('',(2.850200000001E1,1.756E2,-4.619999959280E1));
#2230=LINE('',#2229,#2228);
#2231=DIRECTION('',(0.E0,-1.E0,0.E0));
#2232=VECTOR('',#2231,1.5E0);
#2233=CARTESIAN_POINT('',(2.850200000001E1,1.756E2,-5.019999959280E1));
#2234=LINE('',#2233,#2232);
#2235=DIRECTION('',(0.E0,0.E0,1.E0));
#2236=VECTOR('',#2235,2.5E0);
#2237=CARTESIAN_POINT('',(2.500200000001E1,1.741E2,-5.269999959280E1));
#2238=LINE('',#2237,#2236);
#2239=CARTESIAN_POINT('',(2.400200000001E1,1.751E2,-5.069999959280E1));
#2240=CARTESIAN_POINT('',(2.400200000001E1,1.751E2,-5.064970347692E1));
#2241=CARTESIAN_POINT('',(2.401556257111E1,1.750864374289E2,-5.056829161714E1));
#2242=CARTESIAN_POINT('',(2.405372183605E1,1.750482781640E2,-5.047136861951E1));
#2243=CARTESIAN_POINT('',(2.410447285827E1,1.749975271417E2,-5.039225305579E1));
#2244=CARTESIAN_POINT('',(2.418532090055E1,1.749166790995E2,-5.030540499014E1));
#2245=CARTESIAN_POINT('',(2.430845449877E1,1.747935455012E2,-5.022806161530E1));
#2246=CARTESIAN_POINT('',(2.443087055080E1,1.746711294492E2,-5.019999959280E1));
#2247=CARTESIAN_POINT('',(2.450200000001E1,1.746E2,-5.019999959280E1));
#2249=CARTESIAN_POINT('',(4.084300000001E1,1.777353558956E2,-1.629823713204E1));
#2250=DIRECTION('',(0.E0,6.427876096865E-1,7.660444431190E-1));
#2251=DIRECTION('',(6.826245772038E-1,5.598017178457E-1,-4.697294149767E-1));
#2252=AXIS2_PLACEMENT_3D('',#2249,#2250,#2251);
#2254=DIRECTION('',(1.858779796748E-10,-6.427876096865E-1,-7.660444431190E-1));
#2255=VECTOR('',#2254,1.2E0);
#2256=CARTESIAN_POINT('',(3.749399914756E1,1.910364292253E2,-2.067104495542E1));
#2257=LINE('',#2256,#2255);
#2258=DIRECTION('',(2.498836809121E-10,7.660444431476E-1,-6.427876096525E-1));
#2259=VECTOR('',#2258,3.499999837525E0);
#2260=CARTESIAN_POINT('',(3.749399914669E1,1.883552737987E2,-1.842128842607E1));
#2261=LINE('',#2260,#2259);
#2262=CARTESIAN_POINT('',(3.749399914683E1,1.880338799939E2,-1.880431064763E1));
#2263=DIRECTION('',(1.E0,0.E0,3.639706545671E-10));
#2264=DIRECTION('',(-2.788169695123E-10,6.427876096872E-1,7.660444431185E-1));
#2265=AXIS2_PLACEMENT_3D('',#2262,#2263,#2264);
#2267=DIRECTION('',(2.788169695122E-10,-6.427876096865E-1,-7.660444431190E-1));
#2268=VECTOR('',#2267,4.2E0);
#2269=CARTESIAN_POINT('',(3.749399914671E1,1.876508577723E2,-1.848291684279E1));
#2270=LINE('',#2269,#2268);
#2271=CARTESIAN_POINT('',(3.749399914800E1,1.853341720332E2,-2.202169730873E1));
#2272=DIRECTION('',(-1.E0,0.E0,-3.639706545671E-10));
#2273=DIRECTION('',(2.788169695123E-10,-6.427876096876E-1,-7.660444431181E-1));
#2274=AXIS2_PLACEMENT_3D('',#2271,#2272,#2273);
#2276=DIRECTION('',(2.180188829172E-10,7.660444431476E-1,-6.427876096525E-1));
#2277=VECTOR('',#2276,3.499999837525E0);
#2278=CARTESIAN_POINT('',(3.749399914814E1,1.850127782284E2,-2.240471953029E1));
#2279=LINE('',#2278,#2277);
#2280=DIRECTION('',(1.858720584854E-10,-6.427876096865E-1,-7.660444431190E-1));
#2281=VECTOR('',#2280,1.2E0);
#2282=CARTESIAN_POINT('',(3.749399914868E1,1.884652787865E2,-2.373522272789E1));
#2283=LINE('',#2282,#2281);
#2284=DIRECTION('',(2.538617083021E-10,7.660444431547E-1,-6.427876096440E-1));
#2285=VECTOR('',#2284,2.799999837525E0);
#2286=CARTESIAN_POINT('',(3.749399914797E1,1.863203544702E2,-2.193541752533E1));
#2287=LINE('',#2286,#2285);
#2288=DIRECTION('',(-2.788169695123E-10,6.427876096865E-1,7.660444431190E-1));
#2289=VECTOR('',#2288,2.8E0);
#2290=CARTESIAN_POINT('',(3.749399914797E1,1.863203544702E2,-2.193541752533E1));
#2291=LINE('',#2290,#2289);
#2292=DIRECTION('',(2.140357856518E-10,7.660444431547E-1,-6.427876096439E-1));
#2293=VECTOR('',#2292,2.799999837525E0);
#2294=CARTESIAN_POINT('',(3.749399914718E1,1.881201597773E2,-1.979049308460E1));
#2295=LINE('',#2294,#2293);
#2296=CARTESIAN_POINT('',(4.084300000001E1,1.810778514660E2,-1.231480602782E1));
#2297=DIRECTION('',(0.E0,-6.427876096865E-1,-7.660444431190E-1));
#2298=DIRECTION('',(1.516889041725E-9,7.660444431190E-1,-6.427876096865E-1));
#2299=AXIS2_PLACEMENT_3D('',#2296,#2297,#2298);
#2301=DIRECTION('',(1.E0,1.456304594583E-10,2.894415990012E-10));
#2302=VECTOR('',#2301,3.349000859024E0);
#2303=CARTESIAN_POINT('',(3.749399914756E1,1.910364292253E2,-2.067104495542E1));
#2304=LINE('',#2303,#2302);
#2305=DIRECTION('',(1.E0,-1.116342656371E-14,3.639589635712E-10));
#2306=VECTOR('',#2305,1.272983221962E1);
#2307=CARTESIAN_POINT('',(3.749399914671E1,1.876508577723E2,-1.848291684279E1));
#2308=LINE('',#2307,#2306);
#2309=DIRECTION('',(1.E0,-3.998555420753E-10,6.577077002811E-10));
#2310=VECTOR('',#2309,1.222312036345E1);
#2311=CARTESIAN_POINT('',(3.749399914669E1,1.883552737987E2,-1.842128842607E1));
#2312=LINE('',#2311,#2310);
#2313=CARTESIAN_POINT('',(5.022383136672E1,1.849511498116E2,-2.170030349925E1));
#2314=CARTESIAN_POINT('',(5.022383136672E1,1.849418853332E2,-2.171134447469E1));
#2315=CARTESIAN_POINT('',(5.022262351487E1,1.849242711300E2,-2.173428610391E1));
#2316=CARTESIAN_POINT('',(5.021722339514E1,1.849009513906E2,-2.177079198631E1));
#2317=CARTESIAN_POINT('',(5.020808410418E1,1.848805308906E2,-2.180987275920E1));
#2318=CARTESIAN_POINT('',(5.019502756596E1,1.848633024940E2,-2.185147014203E1));
#2319=CARTESIAN_POINT('',(5.017773124305E1,1.848495122440E2,-2.189582224354E1));
#2320=CARTESIAN_POINT('',(5.015586804593E1,1.848396768771E2,-2.194258898426E1));
#2321=CARTESIAN_POINT('',(5.012915283667E1,1.848342382454E2,-2.199161375035E1));
#2322=CARTESIAN_POINT('',(5.009723880762E1,1.848337098224E2,-2.204276741736E1));
#2323=CARTESIAN_POINT('',(5.005970178652E1,1.848386986412E2,-2.209578263692E1));
#2324=CARTESIAN_POINT('',(5.001631014972E1,1.848498367866E2,-2.215009339570E1));
#2325=CARTESIAN_POINT('',(4.996691695065E1,1.848677212883E2,-2.220491134810E1));
#2326=CARTESIAN_POINT('',(4.991193010142E1,1.848926767045E2,-2.225898137959E1));
#2327=CARTESIAN_POINT('',(4.985155629749E1,1.849250286752E2,-2.231134531067E1));
#2328=CARTESIAN_POINT('',(4.978669115291E1,1.849646146643E2,-2.236050455447E1));
#2329=CARTESIAN_POINT('',(4.974071670294E1,1.849958926441E2,-2.239055083884E1));
#2330=CARTESIAN_POINT('',(4.971711949725E1,1.850127782327E2,-2.240471952999E1));
#2332=DIRECTION('',(1.E0,3.546319162588E-10,2.462227526820E-11));
#2333=VECTOR('',#2332,1.222312034912E1);
#2334=CARTESIAN_POINT('',(3.749399914814E1,1.850127782284E2,-2.240471953029E1));
#2335=LINE('',#2334,#2333);
#2336=DIRECTION('',(1.E0,1.116342656439E-14,3.639868721600E-10));
#2337=VECTOR('',#2336,1.272983221884E1);
#2338=CARTESIAN_POINT('',(3.749399914788E1,1.849511498116E2,-2.170030350389E1));
#2339=LINE('',#2338,#2337);
#2340=CARTESIAN_POINT('',(4.084300000001E1,1.785067010272E2,-1.537898380040E1));
#2341=DIRECTION('',(0.E0,-6.427876096865E-1,-7.660444431190E-1));
#2342=DIRECTION('',(1.261219368259E-9,7.660444431190E-1,-6.427876096865E-1));
#2343=AXIS2_PLACEMENT_3D('',#2340,#2341,#2342);
#2345=DIRECTION('',(1.E0,-2.025108120234E-11,3.398358873621E-10));
#2346=VECTOR('',#2345,1.140877732163E1);
#2347=CARTESIAN_POINT('',(3.749399914797E1,1.863203544702E2,-2.193541752533E1));
#2348=LINE('',#2347,#2346);
#2349=DIRECTION('',(1.E0,1.372117290259E-10,2.793998019167E-10));
#2350=VECTOR('',#2349,3.349000856800E0);
#2351=CARTESIAN_POINT('',(3.749399914868E1,1.884652787865E2,-2.373522272789E1));
#2352=LINE('',#2351,#2350);
#2353=DIRECTION('',(-9.293898983742E-11,6.427876096865E-1,7.660444431190E-1));
#2354=VECTOR('',#2353,2.8E0);
#2355=CARTESIAN_POINT('',(4.890277646959E1,1.863203544699E2,-2.193541752145E1));
#2356=LINE('',#2355,#2354);
#2357=DIRECTION('',(-3.620113732593E-10,-6.427876096865E-1,-7.660444431190E-1));
#2358=VECTOR('',#2357,2.8E0);
#2359=CARTESIAN_POINT('',(4.084300000649E1,1.902650840941E2,-2.159029828623E1));
#2360=LINE('',#2359,#2358);
#2361=DIRECTION('',(1.E0,-2.024858998710E-11,3.398377557573E-10));
#2362=VECTOR('',#2361,1.140877732215E1);
#2363=CARTESIAN_POINT('',(3.749399914718E1,1.881201597773E2,-1.979049308460E1));
#2364=LINE('',#2363,#2362);
#2365=CARTESIAN_POINT('',(4.084300000001E1,1.803065063343E2,-1.323405935967E1));
#2366=DIRECTION('',(0.E0,6.427876096865E-1,7.660444431190E-1));
#2367=DIRECTION('',(6.199828053425E-1,6.010502647941E-1,-5.043410555077E-1));
#2368=AXIS2_PLACEMENT_3D('',#2365,#2366,#2367);
#2370=CARTESIAN_POINT('',(4.084300000001E1,2.094E2,2.921683537187E1));
#2371=DIRECTION('',(-1.E0,0.E0,0.E0));
#2372=DIRECTION('',(0.E0,1.E0,0.E0));
#2373=AXIS2_PLACEMENT_3D('',#2370,#2371,#2372);
#2375=CARTESIAN_POINT('',(5.210689747458E1,2.193041229218E2,2.320828049788E1));
#2376=CARTESIAN_POINT('',(5.210624322545E1,2.193115611062E2,2.321714498090E1));
#2377=CARTESIAN_POINT('',(5.210570289028E1,2.193253213339E2,2.323562571653E1));
#2378=CARTESIAN_POINT('',(5.210710557453E1,2.193424534238E2,2.326516522957E1));
#2379=CARTESIAN_POINT('',(5.211058616956E1,2.193559600291E2,2.329601848443E1));
#2380=CARTESIAN_POINT('',(5.211603908528E1,2.193657846020E2,2.332763048922E1));
#2381=CARTESIAN_POINT('',(5.212326861460E1,2.193719637154E2,2.335938025261E1));
#2382=CARTESIAN_POINT('',(5.213200788216E1,2.193746879740E2,2.339089800615E1));
#2383=CARTESIAN_POINT('',(5.214226425737E1,2.193741051574E2,2.342245197874E1));
#2384=CARTESIAN_POINT('',(5.215401382632E1,2.193702066145E2,2.345387565815E1));
#2385=CARTESIAN_POINT('',(5.216730003816E1,2.193629024115E2,2.348516221637E1));
#2386=CARTESIAN_POINT('',(5.218208527392E1,2.193520673644E2,2.351610422220E1));
#2387=CARTESIAN_POINT('',(5.219856189359E1,2.193373210380E2,2.354680180613E1));
#2388=CARTESIAN_POINT('',(5.221654001724E1,2.193185612705E2,2.357652297325E1));
#2389=CARTESIAN_POINT('',(5.223600166515E1,2.192955292333E2,2.360489855787E1));
#2390=CARTESIAN_POINT('',(5.224994219349E1,2.192771222269E2,2.362255901124E1));
#2391=CARTESIAN_POINT('',(5.225710637878E1,2.192671460963E2,2.363092997870E1));
#2393=DIRECTION('',(-1.E0,0.E0,0.E0));
#2394=VECTOR('',#2393,3.640999999420E0);
#2395=CARTESIAN_POINT('',(4.084299999943E1,2.274E2,2.921683537187E1));
#2396=LINE('',#2395,#2394);
#2397=DIRECTION('',(-1.E0,0.E0,1.073327395579E-14));
#2398=VECTOR('',#2397,3.640999999420E0);
#2399=CARTESIAN_POINT('',(4.084299999943E1,2.231887999761E2,1.764665839752E1));
#2400=LINE('',#2399,#2398);
#2401=CARTESIAN_POINT('',(3.770200000001E1,2.274E2,4.750250574417E1));
#2402=DIRECTION('',(0.E0,-1.E0,0.E0));
#2403=DIRECTION('',(-1.E0,0.E0,0.E0));
#2404=AXIS2_PLACEMENT_3D('',#2401,#2402,#2403);
#2406=DIRECTION('',(0.E0,-4.472135954999E-1,-8.944271909999E-1));
#2407=VECTOR('',#2406,1.677050983125E0);
#2408=CARTESIAN_POINT('',(3.720200000001E1,2.2815E2,5.100250574417E1));
#2409=LINE('',#2408,#2407);
#2410=DIRECTION('',(0.E0,0.E0,1.E0));
#2411=VECTOR('',#2410,1.E0);
#2412=CARTESIAN_POINT('',(3.720200000001E1,2.274E2,4.850250574417E1));
#2413=LINE('',#2412,#2411);
#2414=CARTESIAN_POINT('',(3.720200000001E1,2.207537487891E2,4.950250574417E1));
#2415=DIRECTION('',(1.E0,0.E0,0.E0));
#2416=DIRECTION('',(0.E0,-9.097254082967E-1,-4.152104062994E-1));
#2417=AXIS2_PLACEMENT_3D('',#2414,#2415,#2416);
#2419=CARTESIAN_POINT('',(3.720200000001E1,2.045606365214E2,4.211176051204E1));
#2420=DIRECTION('',(1.E0,0.E0,0.E0));
#2421=DIRECTION('',(0.E0,9.097254082967E-1,4.152104062995E-1));
#2422=AXIS2_PLACEMENT_3D('',#2419,#2420,#2421);
#2424=CARTESIAN_POINT('',(3.720200000001E1,2.214E2,5.720250574417E1));
#2425=DIRECTION('',(1.E0,0.E0,0.E0));
#2426=DIRECTION('',(0.E0,-7.940571266666E-1,-6.078431373225E-1));
#2427=AXIS2_PLACEMENT_3D('',#2424,#2425,#2426);
#2429=DIRECTION('',(1.155272374842E-12,-6.299912276293E-12,-1.E0));
#2430=VECTOR('',#2429,1.642166077708E0);
#2431=CARTESIAN_POINT('',(3.720200000001E1,2.161E2,5.410250574386E1));
#2432=LINE('',#2431,#2430);
#2433=CARTESIAN_POINT('',(3.720200000001E1,2.045606365214E2,4.211176051204E1));
#2434=DIRECTION('',(-1.E0,0.E0,0.E0));
#2435=DIRECTION('',(0.E0,7.444750631348E-1,6.676502680075E-1));
#2436=AXIS2_PLACEMENT_3D('',#2433,#2434,#2435);
#2438=CARTESIAN_POINT('',(3.720200000001E1,2.201014740196E2,4.900250574417E1));
#2439=DIRECTION('',(-1.E0,0.E0,0.E0));
#2440=DIRECTION('',(0.E0,-2.273736754432E-13,-1.E0));
#2441=AXIS2_PLACEMENT_3D('',#2438,#2439,#2440);
#2443=DIRECTION('',(0.E0,0.E0,1.E0));
#2444=VECTOR('',#2443,1.828567037230E1);
#2445=CARTESIAN_POINT('',(3.720200000001E1,2.274E2,2.921683537187E1));
#2446=LINE('',#2445,#2444);
#2447=CARTESIAN_POINT('',(3.720200000001E1,2.094E2,2.921683537187E1));
#2448=DIRECTION('',(-1.E0,0.E0,0.E0));
#2449=DIRECTION('',(0.E0,1.E0,0.E0));
#2450=AXIS2_PLACEMENT_3D('',#2447,#2448,#2449);
#2452=DIRECTION('',(-3.161135255168E-14,-6.427876096866E-1,-7.660444431190E-1));
#2453=VECTOR('',#2452,6.743236322443E-1);
#2454=CARTESIAN_POINT('',(3.720200000001E1,2.236222468519E2,1.816322026886E1));
#2455=LINE('',#2454,#2453);
#2456=DIRECTION('',(0.E0,9.063077870366E-1,4.226182617407E-1));
#2457=VECTOR('',#2456,1.812615574073E0);
#2458=CARTESIAN_POINT('',(3.720200000001E1,2.236222468519E2,1.816322026886E1));
#2459=LINE('',#2458,#2457);
#2460=DIRECTION('',(-5.619941578039E-14,1.E0,0.E0));
#2461=VECTOR('',#2460,3.792972182504E-1);
#2462=CARTESIAN_POINT('',(3.720200000001E1,2.252650344616E2,1.892926471198E1));
#2463=LINE('',#2462,#2461);
#2464=CARTESIAN_POINT('',(3.720200000001E1,2.256443316798E2,1.842926471198E1));
#2465=DIRECTION('',(-1.E0,0.E0,0.E0));
#2466=DIRECTION('',(0.E0,0.E0,1.E0));
#2467=AXIS2_PLACEMENT_3D('',#2464,#2465,#2466);
#2469=CARTESIAN_POINT('',(3.720200000001E1,2.094E2,2.921683572109E1));
#2470=DIRECTION('',(-1.E0,0.E0,0.E0));
#2471=DIRECTION('',(0.E0,1.E0,0.E0));
#2472=AXIS2_PLACEMENT_3D('',#2469,#2470,#2471);
#2474=DIRECTION('',(0.E0,-1.E0,4.547473508865E-13));
#2475=VECTOR('',#2474,7.499999999999E-1);
#2476=CARTESIAN_POINT('',(3.720200000001E1,2.289E2,5.100250574417E1));
#2477=LINE('',#2476,#2475);
#2478=DIRECTION('',(2.842170943040E-14,-1.E0,0.E0));
#2479=VECTOR('',#2478,5.E-1);
#2480=CARTESIAN_POINT('',(3.770200000001E1,2.289E2,5.150250574417E1));
#2481=LINE('',#2480,#2479);
#2482=CARTESIAN_POINT('',(3.770200000001E1,2.289E2,5.100250574417E1));
#2483=DIRECTION('',(0.E0,0.E0,1.E0));
#2484=DIRECTION('',(0.E0,1.E0,0.E0));
#2485=AXIS2_PLACEMENT_3D('',#2482,#2483,#2484);
#2487=CARTESIAN_POINT('',(3.770200000001E1,2.289E2,5.100250574417E1));
#2488=DIRECTION('',(1.E0,0.E0,0.E0));
#2489=DIRECTION('',(0.E0,1.E0,0.E0));
#2490=AXIS2_PLACEMENT_3D('',#2487,#2488,#2489);
#2492=CARTESIAN_POINT('',(3.770200000001E1,2.289E2,5.100250574417E1));
#2493=DIRECTION('',(0.E0,-1.E0,0.E0));
#2494=DIRECTION('',(-9.486832980505E-1,0.E0,3.162277660168E-1));
#2495=AXIS2_PLACEMENT_3D('',#2492,#2493,#2494);
#2497=DIRECTION('',(0.E0,0.E0,1.E0));
#2498=VECTOR('',#2497,2.178567002309E1);
#2499=CARTESIAN_POINT('',(3.770200000001E1,2.294E2,2.921683572109E1));
#2500=LINE('',#2499,#2498);
#2501=DIRECTION('',(0.E0,0.E0,1.E0));
#2502=VECTOR('',#2501,2.178567002309E1);
#2503=CARTESIAN_POINT('',(3.720200000001E1,2.289E2,2.921683572109E1));
#2504=LINE('',#2503,#2502);
#2505=DIRECTION('',(0.E0,0.E0,1.E0));
#2506=VECTOR('',#2505,2.178567002309E1);
#2507=CARTESIAN_POINT('',(5.584300000001E1,2.144E2,2.921683572109E1));
#2508=LINE('',#2507,#2506);
#2509=DIRECTION('',(0.E0,0.E0,1.E0));
#2510=VECTOR('',#2509,2.178567002309E1);
#2511=CARTESIAN_POINT('',(4.084300000001E1,2.294E2,2.921683572109E1));
#2512=LINE('',#2511,#2510);
#2513=CARTESIAN_POINT('',(4.084300000001E1,2.289E2,5.100250574417E1));
#2514=DIRECTION('',(-1.E0,0.E0,0.E0));
#2515=DIRECTION('',(0.E0,0.E0,1.E0));
#2516=AXIS2_PLACEMENT_3D('',#2513,#2514,#2515);
#2518=CARTESIAN_POINT('',(4.084300000001E1,2.144E2,5.100250574417E1));
#2519=DIRECTION('',(0.E0,0.E0,1.E0));
#2520=DIRECTION('',(1.E0,0.E0,0.E0));
#2521=AXIS2_PLACEMENT_3D('',#2518,#2519,#2520);
#2523=CARTESIAN_POINT('',(5.534300000001E1,2.144E2,5.100250574417E1));
#2524=DIRECTION('',(0.E0,1.E0,0.E0));
#2525=DIRECTION('',(0.E0,0.E0,1.E0));
#2526=AXIS2_PLACEMENT_3D('',#2523,#2524,#2525);
#2528=DIRECTION('',(1.E0,0.E0,0.E0));
#2529=VECTOR('',#2528,3.141E0);
#2530=CARTESIAN_POINT('',(3.770200000001E1,2.289E2,5.150250574417E1));
#2531=LINE('',#2530,#2529);
#2532=DIRECTION('',(1.E0,0.E0,0.E0));
#2533=VECTOR('',#2532,3.141E0);
#2534=CARTESIAN_POINT('',(3.770200000001E1,2.294E2,5.100250574417E1));
#2535=LINE('',#2534,#2533);
#2536=CARTESIAN_POINT('',(3.770200000001E1,2.289E2,5.100250574417E1));
#2537=DIRECTION('',(2.886751345948E-1,-4.082482904639E-1,8.660254037844E-1));
#2538=DIRECTION('',(-5.E-1,7.071067811866E-1,5.E-1));
#2539=AXIS2_PLACEMENT_3D('',#2536,#2537,#2538);
#2541=CARTESIAN_POINT('',(3.770200000001E1,2.289E2,5.100250574417E1));
#2542=DIRECTION('',(-2.886751345948E-1,4.082482904639E-1,-8.660254037844E-1));
#2543=DIRECTION('',(-5.E-1,7.071067811866E-1,5.E-1));
#2544=AXIS2_PLACEMENT_3D('',#2541,#2542,#2543);
#2546=CARTESIAN_POINT('',(3.770200000001E1,2.289E2,5.100250574417E1));
#2547=DIRECTION('',(1.E0,0.E0,0.E0));
#2548=DIRECTION('',(0.E0,9.045340337333E-1,4.264014327112E-1));
#2549=AXIS2_PLACEMENT_3D('',#2546,#2547,#2548);
#2551=CARTESIAN_POINT('',(3.770200000001E1,2.289E2,5.100250574417E1));
#2552=DIRECTION('',(0.E0,-1.E0,0.E0));
#2553=DIRECTION('',(0.E0,0.E0,1.E0));
#2554=AXIS2_PLACEMENT_3D('',#2551,#2552,#2553);
#2556=CARTESIAN_POINT('',(4.084300000001E1,2.094E2,2.921683572109E1));
#2557=DIRECTION('',(-1.E0,0.E0,0.E0));
#2558=DIRECTION('',(0.E0,1.E0,0.E0));
#2559=AXIS2_PLACEMENT_3D('',#2556,#2557,#2558);
#2561=CARTESIAN_POINT('',(4.084300000001E1,2.132302222156E2,2.600289767265E1));
#2562=DIRECTION('',(0.E0,-6.427876096865E-1,-7.660444431190E-1));
#2563=DIRECTION('',(0.E0,7.660444431190E-1,-6.427876096865E-1));
#2564=AXIS2_PLACEMENT_3D('',#2561,#2562,#2563);
#2566=CARTESIAN_POINT('',(4.084300000001E1,2.144E2,2.921683572109E1));
#2567=DIRECTION('',(0.E0,0.E0,1.E0));
#2568=DIRECTION('',(1.E0,0.E0,0.E0));
#2569=AXIS2_PLACEMENT_3D('',#2566,#2567,#2568);
#2571=DIRECTION('',(-1.E0,0.E0,0.E0));
#2572=VECTOR('',#2571,3.141E0);
#2573=CARTESIAN_POINT('',(4.084300000001E1,2.294E2,2.921683572109E1));
#2574=LINE('',#2573,#2572);
#2575=DIRECTION('',(-1.E0,0.E0,0.E0));
#2576=VECTOR('',#2575,1.774299920001E1);
#2577=CARTESIAN_POINT('',(4.084300000001E1,2.247208888624E2,1.636108352736E1));
#2578=LINE('',#2577,#2576);
#2579=CARTESIAN_POINT('',(3.770200000001E1,2.260608530049E2,1.815266032713E1));
#2580=CARTESIAN_POINT('',(3.768038387892E1,2.260729635729E2,1.817089687764E1));
#2581=CARTESIAN_POINT('',(3.763773293247E1,2.260944732758E2,1.820846646807E1));
#2582=CARTESIAN_POINT('',(3.757579172557E1,2.261188602256E2,1.826752788370E1));
#2583=CARTESIAN_POINT('',(3.751697636914E1,2.261352673052E2,1.832799418666E1));
#2584=CARTESIAN_POINT('',(3.746244998909E1,2.261438600997E2,1.838835484479E1));
#2585=CARTESIAN_POINT('',(3.741284258093E1,2.261451199182E2,1.844745327353E1));
#2586=CARTESIAN_POINT('',(3.736890053829E1,2.261397588987E2,1.850393263068E1));
#2587=CARTESIAN_POINT('',(3.733085197706E1,2.261287144278E2,1.855695355607E1));
#2588=CARTESIAN_POINT('',(3.729847245361E1,2.261129018323E2,1.860616231776E1));
#2589=CARTESIAN_POINT('',(3.727137856518E1,2.260930799145E2,1.865154875195E1));
#2590=CARTESIAN_POINT('',(3.724914777636E1,2.260698289701E2,1.869325134580E1));
#2591=CARTESIAN_POINT('',(3.723144488584E1,2.260435622126E2,1.873143394735E1));
#2592=CARTESIAN_POINT('',(3.721811048143E1,2.260149000841E2,1.876591295749E1));
#2593=CARTESIAN_POINT('',(3.720877650213E1,2.259840113337E2,1.879701991572E1));
#2594=CARTESIAN_POINT('',(3.720324352033E1,2.259511288684E2,1.882485711935E1));
#2595=CARTESIAN_POINT('',(3.720200000001E1,2.259276338697E2,1.884150976415E1));
#2596=CARTESIAN_POINT('',(3.720200000001E1,2.259155733146E2,1.884929801488E1));
#2598=CARTESIAN_POINT('',(3.770200000001E1,2.094E2,2.921683572109E1));
#2599=DIRECTION('',(-1.E0,0.E0,0.E0));
#2600=DIRECTION('',(0.E0,1.E0,0.E0));
#2601=AXIS2_PLACEMENT_3D('',#2598,#2599,#2600);
#2603=CARTESIAN_POINT('',(3.770200000001E1,2.289E2,2.921683572109E1));
#2604=DIRECTION('',(0.E0,0.E0,-1.E0));
#2605=DIRECTION('',(-1.E0,0.E0,0.E0));
#2606=AXIS2_PLACEMENT_3D('',#2603,#2604,#2605);
#2608=DIRECTION('',(-1.E0,0.E0,0.E0));
#2609=VECTOR('',#2608,1.460199920001E1);
#2610=CARTESIAN_POINT('',(3.770200000001E1,2.260608530049E2,1.815266032713E1));
#2611=LINE('',#2610,#2609);
#2612=DIRECTION('',(-1.E0,0.E0,0.E0));
#2613=VECTOR('',#2612,1.410199920001E1);
#2614=CARTESIAN_POINT('',(3.720200000001E1,2.256443316798E2,1.892926471198E1));
#2615=LINE('',#2614,#2613);
#2616=CARTESIAN_POINT('',(2.31000008E1,2.256443316798E2,1.842926471198E1));
#2617=DIRECTION('',(-1.E0,0.E0,0.E0));
#2618=DIRECTION('',(0.E0,9.350170970970E-1,3.546026341362E-1));
#2619=AXIS2_PLACEMENT_3D('',#2616,#2617,#2618);
#2621=CARTESIAN_POINT('',(2.31000008E1,2.256443316798E2,1.842926471198E1));
#2622=DIRECTION('',(0.E0,-1.E0,0.E0));
#2623=DIRECTION('',(-9.350170970970E-1,0.E0,3.546026341361E-1));
#2624=AXIS2_PLACEMENT_3D('',#2621,#2622,#2623);
#2626=CARTESIAN_POINT('',(2.31000008E1,2.256443316798E2,1.842926471198E1));
#2627=DIRECTION('',(0.E0,5.532087696978E-1,8.330426502464E-1));
#2628=DIRECTION('',(0.E0,8.330426502464E-1,-5.532087696978E-1));
#2629=AXIS2_PLACEMENT_3D('',#2626,#2627,#2628);
#2631=CARTESIAN_POINT('',(2.31000008E1,2.256443316798E2,1.842926471198E1));
#2632=DIRECTION('',(3.342122193690E-1,-3.342122193690E-1,8.812516013313E-1));
#2633=DIRECTION('',(-6.231389832328E-1,6.231389832328E-1,4.726474533425E-1));
#2634=AXIS2_PLACEMENT_3D('',#2631,#2632,#2633);
#2636=CARTESIAN_POINT('',(2.31000008E1,2.256443316798E2,1.842926471198E1));
#2637=DIRECTION('',(-3.342122193690E-1,3.342122193690E-1,-8.812516013313E-1));
#2638=DIRECTION('',(-6.231389832328E-1,6.231389832328E-1,4.726474533425E-1));
#2639=AXIS2_PLACEMENT_3D('',#2636,#2637,#2638);
#2641=CARTESIAN_POINT('',(2.31000008E1,2.256443316798E2,1.842926471198E1));
#2642=DIRECTION('',(-1.E0,0.E0,0.E0));
#2643=DIRECTION('',(0.E0,0.E0,1.E0));
#2644=AXIS2_PLACEMENT_3D('',#2641,#2642,#2643);
#2646=CARTESIAN_POINT('',(2.31000008E1,2.256443316798E2,1.842926471198E1));
#2647=DIRECTION('',(0.E0,-1.E0,0.E0));
#2648=DIRECTION('',(0.E0,0.E0,1.E0));
#2649=AXIS2_PLACEMENT_3D('',#2646,#2647,#2648);
#2651=DIRECTION('',(0.E0,-1.E0,0.E0));
#2652=VECTOR('',#2651,1.451550678505E0);
#2653=CARTESIAN_POINT('',(2.26000008E1,2.256443316798E2,1.842926471198E1));
#2654=LINE('',#2653,#2652);
#2655=DIRECTION('',(6.650264200680E-13,-1.E0,0.E0));
#2656=VECTOR('',#2655,3.792972182505E-1);
#2657=CARTESIAN_POINT('',(2.31000008E1,2.256443316798E2,1.892926471198E1));
#2658=LINE('',#2657,#2656);
#2659=CARTESIAN_POINT('',(2.26000008E1,2.241927810013E2,1.842926471198E1));
#2660=CARTESIAN_POINT('',(2.26000008E1,2.243198982808E2,1.848854047289E1));
#2661=CARTESIAN_POINT('',(2.261518121074E1,2.244968160755E2,1.857103859545E1));
#2662=CARTESIAN_POINT('',(2.265963559043E1,2.247107612840E2,1.867080288459E1));
#2663=CARTESIAN_POINT('',(2.270551604427E1,2.248598553907E2,1.874032660830E1));
#2664=CARTESIAN_POINT('',(2.276499361082E1,2.249966263282E2,1.880410394387E1));
#2665=CARTESIAN_POINT('',(2.284115089599E1,2.251182803068E2,1.886083212575E1));
#2666=CARTESIAN_POINT('',(2.292314207039E1,2.252028676663E2,1.890027585928E1));
#2667=CARTESIAN_POINT('',(2.301003327171E1,2.252512347734E2,1.892282981172E1));
#2668=CARTESIAN_POINT('',(2.306493620018E1,2.252650344616E2,1.892926471198E1));
#2669=CARTESIAN_POINT('',(2.31000008E1,2.252650344616E2,1.892926471198E1));
#2671=CARTESIAN_POINT('',(2.31000008E1,2.243378666408E2,1.668247733220E1));
#2672=DIRECTION('',(0.E0,-6.427876096865E-1,-7.660444431190E-1));
#2673=DIRECTION('',(-1.E0,0.E0,0.E0));
#2674=AXIS2_PLACEMENT_3D('',#2671,#2672,#2673);
#2676=CARTESIAN_POINT('',(2.31000008E1,2.094E2,2.921683572109E1));
#2677=DIRECTION('',(-1.E0,0.E0,0.E0));
#2678=DIRECTION('',(0.E0,8.330426502464E-1,-5.532087696978E-1));
#2679=AXIS2_PLACEMENT_3D('',#2676,#2677,#2678);
#2681=DIRECTION('',(0.E0,-6.427876096865E-1,-7.660444431190E-1));
#2682=VECTOR('',#2681,7.004047899954E1);
#2683=CARTESIAN_POINT('',(2.31000008E1,2.247208888624E2,1.636108352736E1));
#2684=LINE('',#2683,#2682);
#2685=CARTESIAN_POINT('',(4.667704078956E1,1.782000171955E2,-3.724257431987E1));
#2686=CARTESIAN_POINT('',(4.593353400196E1,1.785984984212E2,-3.725602675427E1));
#2687=CARTESIAN_POINT('',(4.460916946098E1,1.791563895942E2,-3.727466833555E1));
#2688=CARTESIAN_POINT('',(4.262033612110E1,1.796100912224E2,-3.729002939947E1));
#2689=CARTESIAN_POINT('',(4.143555824224E1,1.796997079241E2,-3.729307059879E1));
#2690=CARTESIAN_POINT('',(4.084300000002E1,1.796997367850E2,-3.729303620363E1));
#2692=CARTESIAN_POINT('',(5.584300000001E1,1.782E2,-1.574449550215E1));
#2693=CARTESIAN_POINT('',(5.584300000001E1,1.782E2,-1.620084173798E1));
#2694=CARTESIAN_POINT('',(5.582588582877E1,1.782E2,-1.710751105447E1));
#2695=CARTESIAN_POINT('',(5.574966092970E1,1.782E2,-1.845651650947E1));
#2696=CARTESIAN_POINT('',(5.562603725463E1,1.782E2,-1.977331153534E1));
#2697=CARTESIAN_POINT('',(5.545336098625E1,1.782E2,-2.108478602045E1));
#2698=CARTESIAN_POINT('',(5.523513882163E1,1.782E2,-2.236342802745E1));
#2699=CARTESIAN_POINT('',(5.497810793543E1,1.782E2,-2.358842343881E1));
#2700=CARTESIAN_POINT('',(5.468310093745E1,1.782E2,-2.477272122819E1));
#2701=CARTESIAN_POINT('',(5.434508175830E1,1.782E2,-2.593488313498E1));
#2702=CARTESIAN_POINT('',(5.398757234764E1,1.782E2,-2.700837753561E1));
#2703=CARTESIAN_POINT('',(5.358967644942E1,1.782E2,-2.806601869379E1));
#2704=CARTESIAN_POINT('',(5.316914642901E1,1.782E2,-2.905884915731E1));
#2705=CARTESIAN_POINT('',(5.274546432906E1,1.782E2,-2.996140038339E1));
#2706=CARTESIAN_POINT('',(5.227234794182E1,1.782E2,-3.087218289105E1));
#2707=CARTESIAN_POINT('',(5.179925139375E1,1.782000000001E2,-3.169456164026E1));
#2708=CARTESIAN_POINT('',(5.132792817908E1,1.781999999998E2,-3.244417631330E1));
#2709=CARTESIAN_POINT('',(5.081616409200E1,1.782000000008E2,-3.318568668136E1));
#2710=CARTESIAN_POINT('',(5.032559034599E1,1.781999999970E2,-3.383532954085E1));
#2711=CARTESIAN_POINT('',(4.979879805060E1,1.782000000110E2,-3.447350806800E1));
#2712=CARTESIAN_POINT('',(4.929719419862E1,1.781999999589E2,-3.502881160401E1));
#2713=CARTESIAN_POINT('',(4.877011250322E1,1.782000001535E2,-3.556321990320E1));
#2714=CARTESIAN_POINT('',(4.825759633033E1,1.781999994270E2,-3.603694386183E1));
#2715=CARTESIAN_POINT('',(4.773791278604E1,1.782000021384E2,-3.647576816007E1));
#2716=CARTESIAN_POINT('',(4.720593941993E1,1.781999920195E2,-3.688353875109E1));
#2717=CARTESIAN_POINT('',(4.685329720124E1,1.782000171955E2,-3.712680065018E1));
#2718=CARTESIAN_POINT('',(4.667704078956E1,1.782000171955E2,-3.724257431987E1));
#2720=DIRECTION('',(6.340465059540E-14,-6.427876096865E-1,-7.660444431190E-1));
#2721=VECTOR('',#2720,7.004047899954E1);
#2722=CARTESIAN_POINT('',(4.084300000001E1,2.247208888624E2,1.636108352736E1));
#2723=LINE('',#2722,#2721);
#2724=CARTESIAN_POINT('',(4.084300000001E1,1.789336923418E2,-3.665024859395E1));
#2725=DIRECTION('',(1.E0,0.E0,0.E0));
#2726=DIRECTION('',(0.E0,0.E0,-1.E0));
#2727=AXIS2_PLACEMENT_3D('',#2724,#2725,#2726);
#2729=CARTESIAN_POINT('',(4.476921476319E1,1.782E2,-3.765024858856E1));
#2730=CARTESIAN_POINT('',(4.460833056851E1,1.782613855648E2,-3.765024858854E1));
#2731=CARTESIAN_POINT('',(4.428518185465E1,1.783766041979E2,-3.765024859646E1));
#2732=CARTESIAN_POINT('',(4.379580489161E1,1.785265508023E2,-3.765024859327E1));
#2733=CARTESIAN_POINT('',(4.330295314139E1,1.786533452591E2,-3.765024859413E1));
#2734=CARTESIAN_POINT('',(4.280855836809E1,1.787565505780E2,-3.765024859390E1));
#2735=CARTESIAN_POINT('',(4.231450135165E1,1.788362337931E2,-3.765024859396E1));
#2736=CARTESIAN_POINT('',(4.182188987653E1,1.788926583970E2,-3.765024859394E1));
#2737=CARTESIAN_POINT('',(4.133100353358E1,1.789262383213E2,-3.765024859395E1));
#2738=CARTESIAN_POINT('',(4.100541815315E1,1.789336820250E2,-3.765024859395E1));
#2739=CARTESIAN_POINT('',(4.084300000002E1,1.789336923418E2,-3.765024859395E1));
#2741=CARTESIAN_POINT('',(4.667704078956E1,1.782000171955E2,-3.724257431987E1));
#2742=CARTESIAN_POINT('',(4.664213506700E1,1.782000171955E2,-3.726557584411E1));
#2743=CARTESIAN_POINT('',(4.656637244760E1,1.781999920195E2,-3.731049419537E1));
#2744=CARTESIAN_POINT('',(4.643647543426E1,1.782000021384E2,-3.737501898509E1));
#2745=CARTESIAN_POINT('',(4.628586018981E1,1.781999994270E2,-3.743596917307E1));
#2746=CARTESIAN_POINT('',(4.611242532365E1,1.782000001535E2,-3.749253120186E1));
#2747=CARTESIAN_POINT('',(4.591309587792E1,1.781999999589E2,-3.754351860225E1));
#2748=CARTESIAN_POINT('',(4.568237900495E1,1.782000000110E2,-3.758745889103E1));
#2749=CARTESIAN_POINT('',(4.541719337370E1,1.781999999970E2,-3.762215365447E1));
#2750=CARTESIAN_POINT('',(4.511575673281E1,1.782000000008E2,-3.764474960331E1));
#2751=CARTESIAN_POINT('',(4.488894443106E1,1.782E2,-3.765025630351E1));
#2752=CARTESIAN_POINT('',(4.476921476319E1,1.782E2,-3.765024858856E1));
#2754=DIRECTION('',(1.E0,2.242596798547E-14,0.E0));
#2755=VECTOR('',#2754,1.774299920001E1);
#2756=CARTESIAN_POINT('',(2.31000008E1,1.789336923418E2,-3.765024859395E1));
#2757=LINE('',#2756,#2755);
#2758=DIRECTION('',(1.E0,0.E0,0.E0));
#2759=VECTOR('',#2758,1.774299920001E1);
#2760=CARTESIAN_POINT('',(2.31000008E1,1.796997367850E2,-3.729303620363E1));
#2761=LINE('',#2760,#2759);
#2762=DIRECTION('',(-1.E0,-1.521475721052E-13,-2.487812825513E-10));
#2763=VECTOR('',#2762,2.166921396318E1);
#2764=CARTESIAN_POINT('',(4.476921476319E1,1.782E2,-3.765024858856E1));
#2765=LINE('',#2764,#2763);
#2766=DIRECTION('',(0.E0,0.E0,-1.E0));
#2767=VECTOR('',#2766,1.E0);
#2768=CARTESIAN_POINT('',(5.172619923908E1,2.215102724507E2,4.950250574417E1));
#2769=LINE('',#2768,#2767);
#2770=DIRECTION('',(0.E0,-2.842170943040E-14,-1.E0));
#2771=VECTOR('',#2770,1.E0);
#2772=CARTESIAN_POINT('',(4.084300000001E1,2.274E2,4.950250574417E1));
#2773=LINE('',#2772,#2771);
#2774=DIRECTION('',(0.E0,1.E0,0.E0));
#2775=VECTOR('',#2774,6.646251210908E0);
#2776=CARTESIAN_POINT('',(3.720200000001E1,2.207537487891E2,4.850250574417E1));
#2777=LINE('',#2776,#2775);
#2778=DIRECTION('',(-1.E0,0.E0,0.E0));
#2779=VECTOR('',#2778,3.641E0);
#2780=CARTESIAN_POINT('',(4.084300000001E1,2.274E2,4.850250574417E1));
#2781=LINE('',#2780,#2779);
#2782=CARTESIAN_POINT('',(4.084300000001E1,2.144E2,4.850250574417E1));
#2783=DIRECTION('',(0.E0,0.E0,-1.E0));
#2784=DIRECTION('',(0.E0,1.E0,0.E0));
#2785=AXIS2_PLACEMENT_3D('',#2782,#2783,#2784);
#2787=DIRECTION('',(0.E0,1.E0,0.E0));
#2788=VECTOR('',#2787,7.565236615695E-1);
#2789=CARTESIAN_POINT('',(5.172619923908E1,2.207537487891E2,4.850250574417E1));
#2790=LINE('',#2789,#2788);
#2791=DIRECTION('',(1.E0,0.E0,0.E0));
#2792=VECTOR('',#2791,1.452419923907E1);
#2793=CARTESIAN_POINT('',(3.720200000001E1,2.207537487891E2,4.850250574417E1));
#2794=LINE('',#2793,#2792);
#2795=DIRECTION('',(1.E0,0.E0,0.E0));
#2796=VECTOR('',#2795,1.452419923907E1);
#2797=CARTESIAN_POINT('',(3.720200000001E1,2.198440233808E2,4.908729533787E1));
#2798=LINE('',#2797,#2796);
#2799=DIRECTION('',(0.E0,0.E0,-1.E0));
#2800=VECTOR('',#2799,1.256164045753E0);
#2801=CARTESIAN_POINT('',(3.720200000001E1,2.181E2,5.331406132513E1));
#2802=LINE('',#2801,#2800);
#2803=DIRECTION('',(0.E0,0.E0,-1.E0));
#2804=VECTOR('',#2803,4.460846479068E-2);
#2805=CARTESIAN_POINT('',(4.604300000001E1,2.181E2,5.210250574417E1));
#2806=LINE('',#2805,#2804);
#2807=DIRECTION('',(1.E0,0.E0,0.E0));
#2808=VECTOR('',#2807,3.800000000023E0);
#2809=CARTESIAN_POINT('',(4.224299999999E1,2.181E2,5.210250574417E1));
#2810=LINE('',#2809,#2808);
#2811=DIRECTION('',(1.E0,-2.033293941439E-9,2.151033170285E-9));
#2812=VECTOR('',#2811,5.040999999966E0);
#2813=CARTESIAN_POINT('',(3.720200000001E1,2.173503086540E2,5.410250574387E1));
#2814=LINE('',#2813,#2812);
#2815=DIRECTION('',(-1.E0,0.E0,0.E0));
#2816=VECTOR('',#2815,5.040999999972E0);
#2817=CARTESIAN_POINT('',(4.224299999998E1,2.181E2,5.331406132513E1));
#2818=LINE('',#2817,#2816);
#2819=CARTESIAN_POINT('',(4.224300000002E1,2.214E2,5.720250574417E1));
#2820=DIRECTION('',(-1.E0,0.E0,0.E0));
#2821=DIRECTION('',(0.E0,1.E0,0.E0));
#2822=AXIS2_PLACEMENT_3D('',#2819,#2820,#2821);
#2824=CARTESIAN_POINT('',(4.224300000002E1,2.214E2,5.720250574417E1));
#2825=DIRECTION('',(-1.E0,0.E0,0.E0));
#2826=DIRECTION('',(0.E0,-1.E0,0.E0));
#2827=AXIS2_PLACEMENT_3D('',#2824,#2825,#2826);
#2829=CARTESIAN_POINT('',(4.224299999998E1,2.214E2,5.720250574417E1));
#2830=DIRECTION('',(-1.E0,0.E0,0.E0));
#2831=DIRECTION('',(0.E0,-6.470588235312E-1,-7.624400821641E-1));
#2832=AXIS2_PLACEMENT_3D('',#2829,#2830,#2831);
#2834=DIRECTION('',(-4.504100592977E-12,0.E0,1.E0));
#2835=VECTOR('',#2834,1.211555580962E0);
#2836=CARTESIAN_POINT('',(4.224299999999E1,2.181E2,5.210250574417E1));
#2837=LINE('',#2836,#2835);
#2838=DIRECTION('',(-9.125091255003E-12,-1.E0,0.E0));
#2839=VECTOR('',#2838,3.3E0);
#2840=CARTESIAN_POINT('',(4.224300000002E1,2.214E2,5.210250574417E1));
#2841=LINE('',#2840,#2839);
#2842=CARTESIAN_POINT('',(4.224300000004E1,2.214E2,5.720250574417E1));
#2843=DIRECTION('',(-1.E0,0.E0,0.E0));
#2844=DIRECTION('',(0.E0,1.E0,0.E0));
#2845=AXIS2_PLACEMENT_3D('',#2842,#2843,#2844);
#2847=DIRECTION('',(-8.409238785355E-13,0.E0,-1.E0));
#2848=VECTOR('',#2847,1.03E1);
#2849=CARTESIAN_POINT('',(4.224300000007E1,2.265E2,6.750250574417E1));
#2850=LINE('',#2849,#2848);
#2851=DIRECTION('',(-5.798028723802E-12,-1.E0,0.E0));
#2852=VECTOR('',#2851,2.E0);
#2853=CARTESIAN_POINT('',(4.224300000007E1,2.265E2,6.750250574417E1));
#2854=LINE('',#2853,#2852);
#2855=DIRECTION('',(-9.935738939457E-13,0.E0,-1.E0));
#2856=VECTOR('',#2855,6.250308656844E0);
#2857=CARTESIAN_POINT('',(4.224300000006E1,2.245E2,6.750250574417E1));
#2858=LINE('',#2857,#2856);
#2859=CARTESIAN_POINT('',(4.224300000002E1,2.213999999963E2,5.720250574386E1));
#2860=DIRECTION('',(1.E0,-9.068617644656E-12,-7.677482743076E-13));
#2861=DIRECTION('',(6.121813295941E-12,6.078431379714E-1,7.940571261699E-1));
#2862=AXIS2_PLACEMENT_3D('',#2859,#2860,#2861);
#2864=DIRECTION('',(-1.E0,0.E0,0.E0));
#2865=VECTOR('',#2864,3.499999999985E0);
#2866=CARTESIAN_POINT('',(4.574300000001E1,2.245E2,5.720250574417E1));
#2867=LINE('',#2866,#2865);
#2868=DIRECTION('',(-1.E0,0.E0,0.E0));
#2869=VECTOR('',#2868,3.500000000003E0);
#2870=CARTESIAN_POINT('',(4.574300000001E1,2.183E2,5.720250574417E1));
#2871=LINE('',#2870,#2869);
#2872=DIRECTION('',(7.071067811866E-1,-7.071067811865E-1,-1.674765289263E-14));
#2873=VECTOR('',#2872,4.242640687119E-1);
#2874=CARTESIAN_POINT('',(4.574300000001E1,2.183E2,5.720250574417E1));
#2875=LINE('',#2874,#2873);
#2876=DIRECTION('',(7.071067811866E-1,7.071067811865E-1,-1.674765289263E-14));
#2877=VECTOR('',#2876,4.242640687119E-1);
#2878=CARTESIAN_POINT('',(4.574300000001E1,2.245E2,5.720250574417E1));
#2879=LINE('',#2878,#2877);
#2880=CARTESIAN_POINT('',(4.574300000001E1,2.214E2,5.720250574417E1));
#2881=DIRECTION('',(-1.E0,0.E0,0.E0));
#2882=DIRECTION('',(0.E0,-1.E0,0.E0));
#2883=AXIS2_PLACEMENT_3D('',#2880,#2881,#2882);
#2885=CARTESIAN_POINT('',(4.574300000001E1,2.214E2,5.720250574417E1));
#2886=DIRECTION('',(-1.E0,0.E0,0.E0));
#2887=DIRECTION('',(0.E0,1.E0,0.E0));
#2888=AXIS2_PLACEMENT_3D('',#2885,#2886,#2887);
#2890=CARTESIAN_POINT('',(4.574300000001E1,2.214E2,5.720250574417E1));
#2891=DIRECTION('',(-1.E0,0.E0,0.E0));
#2892=DIRECTION('',(0.E0,8.548387096774E-1,-5.188938045853E-1));
#2893=AXIS2_PLACEMENT_3D('',#2890,#2891,#2892);
#2895=CARTESIAN_POINT('',(4.604300000001E1,2.214E2,5.720250574417E1));
#2896=DIRECTION('',(-1.E0,0.E0,0.E0));
#2897=DIRECTION('',(0.E0,1.E0,0.E0));
#2898=AXIS2_PLACEMENT_3D('',#2895,#2896,#2897);
#2900=CARTESIAN_POINT('',(4.604300000001E1,2.214E2,5.720250574417E1));
#2901=DIRECTION('',(-1.E0,0.E0,0.E0));
#2902=DIRECTION('',(0.E0,-1.E0,0.E0));
#2903=AXIS2_PLACEMENT_3D('',#2900,#2901,#2902);
#2905=CARTESIAN_POINT('',(4.604300000001E1,2.214E2,5.720250574417E1));
#2906=DIRECTION('',(-1.E0,0.E0,0.E0));
#2907=DIRECTION('',(0.E0,8.548387096774E-1,-5.188938045853E-1));
#2908=AXIS2_PLACEMENT_3D('',#2905,#2906,#2907);
#2910=CARTESIAN_POINT('',(4.604299999798E1,2.251616039211E2,5.375846051135E1));
#2911=CARTESIAN_POINT('',(4.604299999798E1,2.251775754261E2,5.377595642015E1));
#2912=CARTESIAN_POINT('',(4.604300014918E1,2.252086940303E2,5.381159981721E1));
#2913=CARTESIAN_POINT('',(4.604299948098E1,2.252524538042E2,5.386758682454E1));
#2914=CARTESIAN_POINT('',(4.604300111165E1,2.252797306904E2,5.390624982150E1));
#2915=CARTESIAN_POINT('',(4.604300111165E1,2.252928971736E2,5.392594294875E1));
#2917=CARTESIAN_POINT('',(4.604300000001E1,2.214E2,5.720250574417E1));
#2918=DIRECTION('',(-1.E0,0.E0,0.E0));
#2919=DIRECTION('',(0.E0,7.375534532424E-1,-6.752887557262E-1));
#2920=AXIS2_PLACEMENT_3D('',#2917,#2918,#2919);
#2922=CARTESIAN_POINT('',(4.604300000001E1,2.045606365214E2,4.211176051204E1));
#2923=DIRECTION('',(1.E0,0.E0,0.E0));
#2924=DIRECTION('',(0.E0,8.059144927732E-1,5.920319504369E-1));
#2925=AXIS2_PLACEMENT_3D('',#2922,#2923,#2924);
#2927=CARTESIAN_POINT('',(4.604300000001E1,2.1675E2,5.438813693127E1));
#2928=DIRECTION('',(1.E0,0.E0,0.E0));
#2929=DIRECTION('',(0.E0,-1.E0,0.E0));
#2930=AXIS2_PLACEMENT_3D('',#2927,#2928,#2929);
#2932=DIRECTION('',(0.E0,0.E0,-1.E0));
#2933=VECTOR('',#2932,2.814368812904E0);
#2934=CARTESIAN_POINT('',(4.604300000001E1,2.1625E2,5.720250574417E1));
#2935=LINE('',#2934,#2933);
#2936=CARTESIAN_POINT('',(4.604300000001E1,2.214E2,5.720250574417E1));
#2937=DIRECTION('',(-1.E0,0.E0,0.E0));
#2938=DIRECTION('',(0.E0,-1.E0,-4.470210609442E-13));
#2939=AXIS2_PLACEMENT_3D('',#2936,#2937,#2938);
#2941=CARTESIAN_POINT('',(4.604300000001E1,2.166E2,6.018285807232E1));
#2942=DIRECTION('',(-1.E0,0.E0,0.E0));
#2943=DIRECTION('',(0.E0,1.E0,0.E0));
#2944=AXIS2_PLACEMENT_3D('',#2941,#2942,#2943);
#2946=DIRECTION('',(-1.480164305730E-12,-1.E0,0.E0));
#2947=VECTOR('',#2946,8.899999999997E0);
#2948=CARTESIAN_POINT('',(4.404300000002E1,2.245E2,6.750250574417E1));
#2949=LINE('',#2948,#2947);
#2950=DIRECTION('',(1.E0,-1.657933050135E-12,0.E0));
#2951=VECTOR('',#2950,1.799999999969E0);
#2952=CARTESIAN_POINT('',(4.224300000006E1,2.245E2,6.750250574417E1));
#2953=LINE('',#2952,#2951);
#2954=DIRECTION('',(-1.E0,0.E0,0.E0));
#2955=VECTOR('',#2954,2.592893218758E0);
#2956=CARTESIAN_POINT('',(4.483589321882E1,2.265E2,6.750250574417E1));
#2957=LINE('',#2956,#2955);
#2958=CARTESIAN_POINT('',(4.483589321882E1,2.26E2,6.750250574417E1));
#2959=DIRECTION('',(0.E0,0.E0,-1.E0));
#2960=DIRECTION('',(2.316369318578E-12,1.E0,0.E0));
#2961=AXIS2_PLACEMENT_3D('',#2958,#2959,#2960);
#2963=DIRECTION('',(7.071067811865E-1,-7.071067811866E-1,0.E0));
#2964=VECTOR('',#2963,1.000000000002E0);
#2965=CARTESIAN_POINT('',(4.518944660942E1,2.263535533906E2,6.750250574417E1));
#2966=LINE('',#2965,#2964);
#2967=CARTESIAN_POINT('',(4.554300000001E1,2.252928932188E2,6.750250574417E1));
#2968=DIRECTION('',(0.E0,0.E0,-1.E0));
#2969=DIRECTION('',(7.071067811900E-1,7.071067811831E-1,0.E0));
#2970=AXIS2_PLACEMENT_3D('',#2967,#2968,#2969);
#2972=DIRECTION('',(0.E0,1.E0,0.E0));
#2973=VECTOR('',#2972,8.192893218814E0);
#2974=CARTESIAN_POINT('',(4.604300000001E1,2.171E2,6.750250574417E1));
#2975=LINE('',#2974,#2973);
#2976=DIRECTION('',(0.E0,-1.E0,0.E0));
#2977=VECTOR('',#2976,2.E0);
#2978=CARTESIAN_POINT('',(4.574300000001E1,2.171E2,6.750250574417E1));
#2979=LINE('',#2978,#2977);
#2980=DIRECTION('',(1.E0,0.E0,0.E0));
#2981=VECTOR('',#2980,1.2E0);
#2982=CARTESIAN_POINT('',(4.454300000001E1,2.151E2,6.750250574417E1));
#2983=LINE('',#2982,#2981);
#2984=DIRECTION('',(7.071067811866E-1,-7.071067811865E-1,0.E0));
#2985=VECTOR('',#2984,7.071067811866E-1);
#2986=CARTESIAN_POINT('',(4.404300000001E1,2.156E2,6.750250574417E1));
#2987=LINE('',#2986,#2985);
#2988=CARTESIAN_POINT('',(4.404300000001E1,2.214E2,5.720250574417E1));
#2989=DIRECTION('',(1.E0,0.E0,0.E0));
#2990=DIRECTION('',(0.E0,-8.992248062036E-1,4.374868545546E-1));
#2991=AXIS2_PLACEMENT_3D('',#2988,#2989,#2990);
#2993=DIRECTION('',(0.E0,-2.179616636159E-14,-1.E0));
#2994=VECTOR('',#2993,2.607954899857E0);
#2995=CARTESIAN_POINT('',(4.404299999999E1,2.1495E2,5.720250574480E1));
#2996=LINE('',#2995,#2994);
#2997=CARTESIAN_POINT('',(4.404300000001E1,2.1725E2,5.459455084545E1));
#2998=DIRECTION('',(1.E0,0.E0,0.E0));
#2999=DIRECTION('',(0.E0,-1.E0,-6.592477288707E-10));
#3000=AXIS2_PLACEMENT_3D('',#2997,#2998,#2999);
#3002=CARTESIAN_POINT('',(4.404300000001E1,2.045606365214E2,4.211176051204E1));
#3003=DIRECTION('',(-1.E0,0.E0,0.E0));
#3004=DIRECTION('',(0.E0,7.128855886855E-1,7.012803558096E-1));
#3005=AXIS2_PLACEMENT_3D('',#3002,#3003,#3004);
#3007=DIRECTION('',(1.146614425658E-12,7.180045188271E-7,-9.999999999997E-1));
#3008=VECTOR('',#3007,1.642172126593E0);
#3009=CARTESIAN_POINT('',(4.404299999999E1,2.161E2,5.410250574386E1));
#3010=LINE('',#3009,#3008);
#3011=DIRECTION('',(-1.018382606890E-11,-1.E0,6.990014545060E-13));
#3012=VECTOR('',#3011,1.250308650077E0);
#3013=CARTESIAN_POINT('',(4.404300000001E1,2.173503086501E2,5.410250574386E1));
#3014=LINE('',#3013,#3012);
#3015=CARTESIAN_POINT('',(4.404300000003E1,2.213999999963E2,5.720250574386E1));
#3016=DIRECTION('',(-1.E0,9.068617644656E-12,7.677482743076E-13));
#3017=DIRECTION('',(-7.668288662007E-12,-7.940571267184E-1,-6.078431372548E-1));
#3018=AXIS2_PLACEMENT_3D('',#3015,#3016,#3017);
#3020=DIRECTION('',(0.E0,2.976596480364E-8,-1.E0));
#3021=VECTOR('',#3020,7.478208794616E0);
#3022=CARTESIAN_POINT('',(4.404300000001E1,2.156E2,6.750250574417E1));
#3023=LINE('',#3022,#3021);
#3024=DIRECTION('',(0.E0,-2.144442370111E-8,-1.E0));
#3025=VECTOR('',#3024,7.365294613204E0);
#3026=CARTESIAN_POINT('',(4.454300000001E1,2.151E2,6.750250574417E1));
#3027=LINE('',#3026,#3025);
#3028=CARTESIAN_POINT('',(4.404300000001E1,2.156000002226E2,6.002429694956E1));
#3029=CARTESIAN_POINT('',(4.409852773200E1,2.155444724906E2,6.003708778183E1));
#3030=CARTESIAN_POINT('',(4.420960345206E1,2.154333964230E2,6.006249236361E1));
#3031=CARTESIAN_POINT('',(4.437627011119E1,2.152667299922E2,6.010013514173E1));
#3032=CARTESIAN_POINT('',(4.448741802661E1,2.151555818155E2,6.012490043857E1));
#3033=CARTESIAN_POINT('',(4.454300000001E1,2.150999998421E2,6.013721113097E1));
#3035=DIRECTION('',(0.E0,0.E0,-1.E0));
#3036=VECTOR('',#3035,1.9E1);
#3037=CARTESIAN_POINT('',(4.574300000001E1,2.151E2,8.650250574417E1));
#3038=LINE('',#3037,#3036);
#3039=DIRECTION('',(1.E0,0.E0,0.E0));
#3040=VECTOR('',#3039,6.2E0);
#3041=CARTESIAN_POINT('',(3.954300000001E1,2.151E2,8.650250574417E1));
#3042=LINE('',#3041,#3040);
#3043=DIRECTION('',(-9.993908270191E-1,0.E0,3.489949670264E-2));
#3044=VECTOR('',#3043,2.342426943204E0);
#3045=CARTESIAN_POINT('',(3.954300000001E1,2.151E2,9.412605865668E1));
#3046=LINE('',#3045,#3044);
#3047=DIRECTION('',(-9.993908270191E-1,0.E0,3.489949670264E-2));
#3048=VECTOR('',#3047,1.384943670264E1);
#3049=CARTESIAN_POINT('',(5.104300000001E1,2.151E2,9.372559197049E1));
#3050=LINE('',#3049,#3048);
#3051=DIRECTION('',(0.E0,0.E0,1.E0));
#3052=VECTOR('',#3051,6.836778970496E0);
#3053=CARTESIAN_POINT('',(5.104300000001E1,2.151E2,8.688881299999E1));
#3054=LINE('',#3053,#3052);
#3055=DIRECTION('',(1.E0,0.E0,-9.072152520760E-12));
#3056=VECTOR('',#3055,5.012562893380E-2);
#3057=CARTESIAN_POINT('',(5.099287437108E1,2.151E2,8.6888813E1));
#3058=LINE('',#3057,#3056);
#3059=DIRECTION('',(9.993908270191E-1,0.E0,-3.489949670264E-2));
#3060=VECTOR('',#3059,1.446422294753E1);
#3061=CARTESIAN_POINT('',(3.770200000001E1,2.171E2,9.498372431567E1));
#3062=LINE('',#3061,#3060);
#3063=DIRECTION('',(9.993908270191E-1,0.E0,-3.489949670264E-2));
#3064=VECTOR('',#3063,1.842122171054E0);
#3065=CARTESIAN_POINT('',(3.770200000001E1,2.171E2,9.419034779331E1));
#3066=LINE('',#3065,#3064);
#3067=DIRECTION('',(0.E0,0.E0,-1.E0));
#3068=VECTOR('',#3067,7.623552912508E0);
#3069=CARTESIAN_POINT('',(3.954300000001E1,2.171E2,9.412605865668E1));
#3070=LINE('',#3069,#3068);
#3071=DIRECTION('',(-1.E0,0.E0,0.E0));
#3072=VECTOR('',#3071,6.2E0);
#3073=CARTESIAN_POINT('',(4.574300000001E1,2.171E2,8.650250574417E1));
#3074=LINE('',#3073,#3072);
#3075=DIRECTION('',(0.E0,0.E0,1.E0));
#3076=VECTOR('',#3075,1.9E1);
#3077=CARTESIAN_POINT('',(4.574300000001E1,2.171E2,6.750250574417E1));
#3078=LINE('',#3077,#3076);
#3079=DIRECTION('',(1.E0,0.E0,0.E0));
#3080=VECTOR('',#3079,3.E-1);
#3081=CARTESIAN_POINT('',(4.574300000001E1,2.171E2,6.750250574417E1));
#3082=LINE('',#3081,#3080);
#3083=DIRECTION('',(0.E0,0.E0,-1.E0));
#3084=VECTOR('',#3083,7.319647671856E0);
#3085=CARTESIAN_POINT('',(4.604300000001E1,2.171E2,6.750250574417E1));
#3086=LINE('',#3085,#3084);
#3087=DIRECTION('',(9.993908270083E-1,3.086608231325E-10,-3.489949701111E-2));
#3088=VECTOR('',#3087,1.446422294685E1);
#3089=CARTESIAN_POINT('',(3.771433883540E1,2.169535533906E2,9.533706233109E1));
#3090=LINE('',#3089,#3088);
#3091=CARTESIAN_POINT('',(5.215741173373E1,2.166E2,9.447893021461E1));
#3092=DIRECTION('',(9.993908270191E-1,0.E0,-3.489949670264E-2));
#3093=DIRECTION('',(8.472210231886E-3,9.700863185138E-1,2.426123580654E-1));
#3094=AXIS2_PLACEMENT_3D('',#3091,#3092,#3093);
#3096=CARTESIAN_POINT('',(5.261500764569E1,2.167791946270E2,9.457109488024E1));
#3097=CARTESIAN_POINT('',(5.260990926750E1,2.167874555431E2,9.458038814655E1));
#3098=CARTESIAN_POINT('',(5.257974624182E1,2.168309586716E2,9.462996612005E1));
#3099=CARTESIAN_POINT('',(5.249609327618E1,2.169010939186E2,9.471664007792E1));
#3100=CARTESIAN_POINT('',(5.233697623544E1,2.169540269919E2,9.480053988613E1));
#3101=CARTESIAN_POINT('',(5.222333914802E1,2.169577636900E2,9.482618400986E1));
#3102=CARTESIAN_POINT('',(5.216975056829E1,2.169535533951E2,9.483226822559E1));
#3104=CARTESIAN_POINT('',(5.215741173373E1,2.166E2,9.447893021461E1));
#3105=DIRECTION('',(-1.002407312858E-1,-2.405750320081E-1,9.654405469865E-1));
#3106=DIRECTION('',(3.713268685668E-1,8.911743973241E-1,2.606233877349E-1));
#3107=AXIS2_PLACEMENT_3D('',#3104,#3105,#3106);
#3109=CARTESIAN_POINT('',(5.215741173373E1,2.166E2,9.447893021461E1));
#3110=DIRECTION('',(9.993908270191E-1,0.E0,-3.489949670264E-2));
#3111=DIRECTION('',(0.E0,1.E0,2.842170943040E-14));
#3112=AXIS2_PLACEMENT_3D('',#3109,#3110,#3111);
#3114=CARTESIAN_POINT('',(5.215741173373E1,2.166E2,9.447893021461E1));
#3115=DIRECTION('',(0.E0,0.E0,1.E0));
#3116=DIRECTION('',(9.821690282225E-1,1.880000000011E-1,0.E0));
#3117=AXIS2_PLACEMENT_3D('',#3114,#3115,#3116);
#3119=CARTESIAN_POINT('',(5.264849624777E1,2.166940000004E2,9.447893021421E1));
#3120=CARTESIAN_POINT('',(5.264302702381E1,2.167225728854E2,9.450873101612E1));
#3121=CARTESIAN_POINT('',(5.263206116579E1,2.167515627619E2,9.454000991600E1));
#3122=CARTESIAN_POINT('',(5.261500764569E1,2.167791946270E2,9.457109488024E1));
#3124=CARTESIAN_POINT('',(5.215741173373E1,2.166E2,9.447893021461E1));
#3125=DIRECTION('',(1.002407312858E-1,2.405750320081E-1,-9.654405469865E-1));
#3126=DIRECTION('',(3.713268685668E-1,8.911743973241E-1,2.606233877349E-1));
#3127=AXIS2_PLACEMENT_3D('',#3124,#3125,#3126);
#3129=DIRECTION('',(-2.373989526689E-12,1.242389321263E-11,1.E0));
#3130=VECTOR('',#3129,3.224693011075E1);
#3131=CARTESIAN_POINT('',(5.264849624784E1,2.16694E2,6.223200010346E1));
#3132=LINE('',#3131,#3130);
#3133=DIRECTION('',(0.E0,0.E0,1.E0));
#3134=VECTOR('',#3133,3.224693011115E1);
#3135=CARTESIAN_POINT('',(5.215741173373E1,2.171E2,6.223200010346E1));
#3136=LINE('',#3135,#3134);
#3137=CARTESIAN_POINT('',(5.215741173373E1,2.166E2,6.223200010346E1));
#3138=DIRECTION('',(0.E0,0.E0,-1.E0));
#3139=DIRECTION('',(0.E0,1.E0,0.E0));
#3140=AXIS2_PLACEMENT_3D('',#3137,#3138,#3139);
#3142=CARTESIAN_POINT('',(5.264849624784E1,2.16694E2,6.223200010346E1));
#3143=CARTESIAN_POINT('',(5.266355602073E1,2.166153231782E2,6.215248532397E1));
#3144=CARTESIAN_POINT('',(5.269293946802E1,2.164618151363E2,6.198991568505E1));
#3145=CARTESIAN_POINT('',(5.273483103304E1,2.162429608932E2,6.173511308790E1));
#3146=CARTESIAN_POINT('',(5.277441686375E1,2.160361525055E2,6.147008849015E1));
#3147=CARTESIAN_POINT('',(5.279920675109E1,2.159066426142E2,6.128713935935E1));
#3148=CARTESIAN_POINT('',(5.281119736690E1,2.15844E2,6.119401810927E1));
#3150=DIRECTION('',(1.345271355110E-1,-7.028105635834E-1,6.985411666658E-1));
#3151=VECTOR('',#3150,1.006112910401E0);
#3152=CARTESIAN_POINT('',(5.264849624777E1,2.166940000004E2,9.447893021421E1));
#3153=LINE('',#3152,#3151);
#3154=CARTESIAN_POINT('',(5.108000044342E1,2.1425E2,5.720250574417E1));
#3155=DIRECTION('',(0.E0,0.E0,1.E0));
#3156=DIRECTION('',(9.343733611362E-1,3.562954139461E-1,0.E0));
#3157=AXIS2_PLACEMENT_3D('',#3154,#3155,#3156);
#3159=CARTESIAN_POINT('',(5.087410185868E1,2.170247835808E2,5.991910708601E1));
#3160=CARTESIAN_POINT('',(5.088655610860E1,2.170249304575E2,5.991932590288E1));
#3161=CARTESIAN_POINT('',(5.091432249988E1,2.170254663276E2,5.992088580230E1));
#3162=CARTESIAN_POINT('',(5.095452371825E1,2.170257110511E2,5.992315637440E1));
#3163=CARTESIAN_POINT('',(5.100289533092E1,2.170258802003E2,5.992824396873E1));
#3164=CARTESIAN_POINT('',(5.105466494782E1,2.170256908611E2,5.993548305941E1));
#3165=CARTESIAN_POINT('',(5.111050719468E1,2.170250873095E2,5.994552216472E1));
#3166=CARTESIAN_POINT('',(5.117048829189E1,2.170239176276E2,5.995910269645E1));
#3167=CARTESIAN_POINT('',(5.123607565209E1,2.170220772627E2,5.997729828972E1));
#3168=CARTESIAN_POINT('',(5.130835369517E1,2.170193512580E2,6.000134075375E1));
#3169=CARTESIAN_POINT('',(5.138931737084E1,2.170153837129E2,6.003340726025E1));
#3170=CARTESIAN_POINT('',(5.147809845090E1,2.170099066142E2,6.007521087406E1));
#3171=CARTESIAN_POINT('',(5.157341764656E1,2.170026131656E2,6.012810742924E1));
#3172=CARTESIAN_POINT('',(5.167719727733E1,2.169929822357E2,6.019582571453E1));
#3173=CARTESIAN_POINT('',(5.178589003595E1,2.169808413062E2,6.027939100774E1));
#3174=CARTESIAN_POINT('',(5.189557383931E1,2.169662165067E2,6.037832837574E1));
#3175=CARTESIAN_POINT('',(5.200341288547E1,2.169492617592E2,6.049168672175E1));
#3176=CARTESIAN_POINT('',(5.210950649718E1,2.169297546873E2,6.062141263332E1));
#3177=CARTESIAN_POINT('',(5.220755747916E1,2.169086687024E2,6.076147331118E1));
#3178=CARTESIAN_POINT('',(5.229316526661E1,2.168871609102E2,6.090420620691E1));
#3179=CARTESIAN_POINT('',(5.236443527356E1,2.168665632999E2,6.104165980877E1));
#3180=CARTESIAN_POINT('',(5.242178921376E1,2.168476173616E2,6.116874432371E1));
#3181=CARTESIAN_POINT('',(5.246777748187E1,2.168303325507E2,6.128523391367E1));
#3182=CARTESIAN_POINT('',(5.250459923650E1,2.168146548834E2,6.139143596964E1));
#3183=CARTESIAN_POINT('',(5.253412793264E1,2.168004729349E2,6.148806042895E1));
#3184=CARTESIAN_POINT('',(5.255776146047E1,2.167877078665E2,6.157553218153E1));
#3185=CARTESIAN_POINT('',(5.257673681139E1,2.167761907722E2,6.165484651913E1));
#3186=CARTESIAN_POINT('',(5.259194215817E1,2.167658170504E2,6.172658816049E1));
#3187=CARTESIAN_POINT('',(5.260411463777E1,2.167564716589E2,6.179143502685E1));
#3188=CARTESIAN_POINT('',(5.261386714991E1,2.167480334890E2,6.185015282386E1));
#3189=CARTESIAN_POINT('',(5.262171843745E1,2.167403668333E2,6.190371871303E1));
#3190=CARTESIAN_POINT('',(5.262807688228E1,2.167333360089E2,6.195308469279E1));
#3191=CARTESIAN_POINT('',(5.263326361573E1,2.167268016797E2,6.199919782498E1));
#3192=CARTESIAN_POINT('',(5.263751225826E1,2.167206367995E2,6.204293332711E1));
#3193=CARTESIAN_POINT('',(5.264102925119E1,2.167145900445E2,6.208496772179E1));
#3194=CARTESIAN_POINT('',(5.264387496948E1,2.167088924011E2,6.212651208351E1));
#3195=CARTESIAN_POINT('',(5.264606701282E1,2.167033052130E2,6.216585348313E1));
#3196=CARTESIAN_POINT('',(5.264781453681E1,2.166971007644E2,6.220218002174E1));
#3197=CARTESIAN_POINT('',(5.264838701594E1,2.166945706606E2,6.222271027269E1));
#3198=CARTESIAN_POINT('',(5.264849624784E1,2.16694E2,6.223200010346E1));
#3200=CARTESIAN_POINT('',(5.087410185866E1,2.171E2,6.018285807231E1));
#3201=CARTESIAN_POINT('',(5.090129925626E1,2.171E2,6.018297743812E1));
#3202=CARTESIAN_POINT('',(5.095485517427E1,2.171E2,6.018536370739E1));
#3203=CARTESIAN_POINT('',(5.103145272095E1,2.171E2,6.019705586528E1));
#3204=CARTESIAN_POINT('',(5.110796363520E1,2.171E2,6.021645360996E1));
#3205=CARTESIAN_POINT('',(5.118402666171E1,2.171E2,6.024376896230E1));
#3206=CARTESIAN_POINT('',(5.126000947560E1,2.171E2,6.027950456822E1));
#3207=CARTESIAN_POINT('',(5.133817055240E1,2.171E2,6.032549397139E1));
#3208=CARTESIAN_POINT('',(5.141689040045E1,2.171E2,6.038184498625E1));
#3209=CARTESIAN_POINT('',(5.149696540976E1,2.171E2,6.045023262876E1));
#3210=CARTESIAN_POINT('',(5.157932297306E1,2.171E2,6.053360608632E1));
#3211=CARTESIAN_POINT('',(5.166162378124E1,2.171E2,6.063168873164E1));
#3212=CARTESIAN_POINT('',(5.174460093135E1,2.171E2,6.074795199577E1));
#3213=CARTESIAN_POINT('',(5.182506979186E1,2.171E2,6.088077352483E1));
#3214=CARTESIAN_POINT('',(5.190142052723E1,2.171E2,6.103069643997E1));
#3215=CARTESIAN_POINT('',(5.197083072248E1,2.171E2,6.119481399470E1));
#3216=CARTESIAN_POINT('',(5.203103025663E1,2.171E2,6.136933281400E1));
#3217=CARTESIAN_POINT('',(5.208227599601E1,2.171E2,6.155872459761E1));
#3218=CARTESIAN_POINT('',(5.212276710034E1,2.171E2,6.176381235028E1));
#3219=CARTESIAN_POINT('',(5.215034026499E1,2.171E2,6.198687763969E1));
#3220=CARTESIAN_POINT('',(5.215722135972E1,2.171E2,6.214822136792E1));
#3221=CARTESIAN_POINT('',(5.215741173373E1,2.171E2,6.223200010346E1));
#3223=CARTESIAN_POINT('',(5.087410185742E1,2.166E2,6.018285807232E1));
#3224=DIRECTION('',(1.E0,0.E0,0.E0));
#3225=DIRECTION('',(0.E0,8.495575221263E-1,-5.274959872821E-1));
#3226=AXIS2_PLACEMENT_3D('',#3223,#3224,#3225);
#3228=DIRECTION('',(-9.999999999993E-1,-9.976554119902E-7,6.194570047501E-7));
#3229=VECTOR('',#3228,4.831101858669E0);
#3230=CARTESIAN_POINT('',(5.087410185868E1,2.170247835808E2,5.991910708601E1));
#3231=LINE('',#3230,#3229);
#3232=DIRECTION('',(-1.E0,0.E0,1.647259543135E-13));
#3233=VECTOR('',#3232,4.831101858645E0);
#3234=CARTESIAN_POINT('',(5.087410185866E1,2.171E2,6.018285807231E1));
#3235=LINE('',#3234,#3233);
#3236=DIRECTION('',(1.E0,0.E0,2.239542481614E-11));
#3237=VECTOR('',#3236,5.037000443411E0);
#3238=CARTESIAN_POINT('',(4.604300000001E1,2.1625E2,5.720250574417E1));
#3239=LINE('',#3238,#3237);
#3240=CARTESIAN_POINT('',(5.087410185868E1,2.170247835808E2,5.991910708601E1));
#3241=CARTESIAN_POINT('',(5.090464693326E1,2.169098437006E2,5.973399274610E1));
#3242=CARTESIAN_POINT('',(5.096273337067E1,2.166912709832E2,5.932655517631E1));
#3243=CARTESIAN_POINT('',(5.101750991197E1,2.164851474119E2,5.877511220333E1));
#3244=CARTESIAN_POINT('',(5.104991433286E1,2.163632111488E2,5.829731748767E1));
#3245=CARTESIAN_POINT('',(5.106724659876E1,2.162979903785E2,5.793516603422E1));
#3246=CARTESIAN_POINT('',(5.107593641614E1,2.162652913013E2,5.763059908352E1));
#3247=CARTESIAN_POINT('',(5.107940870434E1,2.162522245204E2,5.738617044284E1));
#3248=CARTESIAN_POINT('',(5.108000018535E1,2.1625E2,5.726372217686E1));
#3249=CARTESIAN_POINT('',(5.108000044342E1,2.1625E2,5.720250574428E1));
#3251=CARTESIAN_POINT('',(5.231021096984E1,2.158928932188E2,9.568143691395E1));
#3252=CARTESIAN_POINT('',(5.232613320813E1,2.159121661927E2,9.568088089713E1));
#3253=CARTESIAN_POINT('',(5.235771764513E1,2.159504848503E2,9.567752964200E1));
#3254=CARTESIAN_POINT('',(5.240352882746E1,2.160063080757E2,9.566625274671E1));
#3255=CARTESIAN_POINT('',(5.244869705121E1,2.160616767666E2,9.564837010791E1));
#3256=CARTESIAN_POINT('',(5.247640149049E1,2.160958607072E2,9.563292953736E1));
#3257=CARTESIAN_POINT('',(5.248977414822E1,2.161123886899E2,9.562438231464E1));
#3259=CARTESIAN_POINT('',(5.278384573560E1,2.159868932188E2,9.518174150044E1));
#3260=CARTESIAN_POINT('',(5.278247803475E1,2.159940385029E2,9.520051690316E1));
#3261=CARTESIAN_POINT('',(5.277754181463E1,2.160087525494E2,9.523756519313E1));
#3262=CARTESIAN_POINT('',(5.276437831530E1,2.160285697536E2,9.529238467454E1));
#3263=CARTESIAN_POINT('',(5.274552096963E1,2.160468308732E2,9.534553457448E1));
#3264=CARTESIAN_POINT('',(5.272129346445E1,2.160631189948E2,9.539652442079E1));
#3265=CARTESIAN_POINT('',(5.269214449609E1,2.160772825310E2,9.544457543931E1));
#3266=CARTESIAN_POINT('',(5.265859595772E1,2.160891587737E2,9.548912770156E1));
#3267=CARTESIAN_POINT('',(5.262105316198E1,2.160987019095E2,9.552986017533E1));
#3268=CARTESIAN_POINT('',(5.257993221805E1,2.161058400694E2,9.556644343656E1));
#3269=CARTESIAN_POINT('',(5.253594869949E1,2.161105370108E2,9.559836439929E1));
#3270=CARTESIAN_POINT('',(5.250532769989E1,2.161120227540E2,9.561627338026E1));
#3271=CARTESIAN_POINT('',(5.248977414822E1,2.161123886899E2,9.562438231464E1));
#3273=DIRECTION('',(1.879959490387E-1,-9.821478647662E-1,-6.564669084079E-3));
#3274=VECTOR('',#3273,1.454905348793E-1);
#3275=CARTESIAN_POINT('',(5.278384573560E1,2.159868932188E2,9.518174150044E1));
#3276=LINE('',#3275,#3274);
#3277=DIRECTION('',(1.879959486874E-1,-9.821478628676E-1,-6.564963189609E-3));
#3278=VECTOR('',#3277,1.454905348006E-1);
#3279=CARTESIAN_POINT('',(5.231021096984E1,2.158928932188E2,9.568143691395E1));
#3280=LINE('',#3279,#3278);
#3281=CARTESIAN_POINT('',(5.233756260096E1,2.157500000010E2,9.568048177394E1));
#3282=CARTESIAN_POINT('',(5.237425255390E1,2.155563445001E2,9.567920053255E1));
#3283=CARTESIAN_POINT('',(5.243990451922E1,2.151680688008E2,9.567690791540E1));
#3284=CARTESIAN_POINT('',(5.250913291565E1,2.145796408928E2,9.567449040653E1));
#3285=CARTESIAN_POINT('',(5.255153168502E1,2.139915481152E2,9.567300980888E1));
#3286=CARTESIAN_POINT('',(5.256007654982E1,2.135974014780E2,9.567271141562E1));
#3287=CARTESIAN_POINT('',(5.256044974836E1,2.133999999990E2,9.567269838324E1));
#3289=CARTESIAN_POINT('',(5.232011285279E1,2.1575E2,9.518078636042E1));
#3290=DIRECTION('',(1.879959486757E-1,-9.821478628699E-1,-6.564963189112E-3));
#3291=DIRECTION('',(9.821690282225E-1,1.880000000011E-1,0.E0));
#3292=AXIS2_PLACEMENT_3D('',#3289,#3290,#3291);
#3294=CARTESIAN_POINT('',(5.254300000001E1,2.134E2,9.517300296973E1));
#3295=DIRECTION('',(0.E0,-1.E0,0.E0));
#3296=DIRECTION('',(1.E0,0.E0,0.E0));
#3297=AXIS2_PLACEMENT_3D('',#3294,#3295,#3296);
#3299=DIRECTION('',(1.186665976140E-6,-9.999999999993E-1,-4.143495928957E-8));
#3300=VECTOR('',#3299,2.854090149950E0);
#3301=CARTESIAN_POINT('',(5.256044974836E1,2.133999999990E2,9.567269838324E1));
#3302=LINE('',#3301,#3300);
#3303=DIRECTION('',(0.E0,-1.E0,1.538084735389E-9));
#3304=VECTOR('',#3303,2.854090152842E0);
#3305=CARTESIAN_POINT('',(5.304300000001E1,2.133999999992E2,9.517300296534E1));
#3306=LINE('',#3305,#3304);
#3307=CARTESIAN_POINT('',(5.254300000001E1,1.981996042239E2,8.836378601562E1));
#3308=DIRECTION('',(0.E0,-6.427876096865E-1,-7.660444431190E-1));
#3309=DIRECTION('',(1.E0,5.684341886081E-14,-5.684341886081E-14));
#3310=AXIS2_PLACEMENT_3D('',#3307,#3308,#3309);
#3312=CARTESIAN_POINT('',(5.256045395255E1,2.131578179854E2,7.582698698570E1));
#3313=DIRECTION('',(-1.E0,0.E0,0.E0));
#3314=DIRECTION('',(0.E0,-7.664042745297E-1,6.423585353855E-1));
#3315=AXIS2_PLACEMENT_3D('',#3312,#3313,#3314);
#3317=CARTESIAN_POINT('',(5.254300000001E1,2.105459098464E2,9.517300296973E1));
#3318=DIRECTION('',(0.E0,-1.E0,0.E0));
#3319=DIRECTION('',(1.E0,0.E0,0.E0));
#3320=AXIS2_PLACEMENT_3D('',#3317,#3318,#3319);
#3322=CARTESIAN_POINT('',(2.072444975481E1,2.044530989377E2,9.507913314689E1));
#3323=CARTESIAN_POINT('',(2.138986258460E1,2.044504877562E2,9.505245073855E1));
#3324=CARTESIAN_POINT('',(2.238857909505E1,2.044465626301E2,9.501238032131E1));
#3325=CARTESIAN_POINT('',(2.372059731314E1,2.044413248958E2,9.495889266115E1));
#3326=CARTESIAN_POINT('',(2.472050681645E1,2.044373890968E2,9.491871800183E1));
#3327=CARTESIAN_POINT('',(2.572041543352E1,2.044334500157E2,9.487852049144E1));
#3328=CARTESIAN_POINT('',(2.655367186304E1,2.044301645326E2,9.484500333847E1));
#3329=CARTESIAN_POINT('',(2.722027654938E1,2.044275344120E2,9.481817798897E1));
#3330=CARTESIAN_POINT('',(2.763690429715E1,2.044258898581E2,9.480140728121E1));
#3331=CARTESIAN_POINT('',(2.797020638965E1,2.044245737782E2,9.478798778288E1));
#3332=CARTESIAN_POINT('',(2.817852015261E1,2.044237510441E2,9.477959937615E1));
#3333=CARTESIAN_POINT('',(2.832433976614E1,2.044231750374E2,9.477372684112E1));
#3334=CARTESIAN_POINT('',(2.840766524961E1,2.044228458582E2,9.477037093313E1));
#3335=CARTESIAN_POINT('',(2.847015936880E1,2.044225989743E2,9.476785388076E1));
#3336=CARTESIAN_POINT('',(2.853265343367E1,2.044223520212E2,9.476533684814E1));
#3337=CARTESIAN_POINT('',(2.859514765781E1,2.044221052594E2,9.476281930502E1));
#3338=CARTESIAN_POINT('',(2.864723138608E1,2.044218997755E2,9.476072060502E1));
#3339=CARTESIAN_POINT('',(2.868890823671E1,2.044217352276E2,9.475904155559E1));
#3340=CARTESIAN_POINT('',(2.872016474425E1,2.044216115868E2,9.475778243208E1));
#3341=CARTESIAN_POINT('',(2.875140177519E1,2.044214876419E2,9.475652384641E1));
#3342=CARTESIAN_POINT('',(2.879304699001E1,2.044213228084E2,9.475484607519E1));
#3343=CARTESIAN_POINT('',(2.884512452973E1,2.044211171178E2,9.475274814977E1));
#3344=CARTESIAN_POINT('',(2.890761871362E1,2.044208700821E2,9.475023041929E1));
#3345=CARTESIAN_POINT('',(2.897011256102E1,2.044206230822E2,9.474771263122E1));
#3346=CARTESIAN_POINT('',(2.903260650972E1,2.044203760565E2,9.474519474191E1));
#3347=CARTESIAN_POINT('',(2.911593173937E1,2.044200466752E2,9.474183743663E1));
#3348=CARTESIAN_POINT('',(2.922008827651E1,2.044196349125E2,9.473764057370E1));
#3349=CARTESIAN_POINT('',(2.934507610056E1,2.044191407426E2,9.473260396988E1));
#3350=CARTESIAN_POINT('',(2.951172651305E1,2.044184817754E2,9.472588800577E1));
#3351=CARTESIAN_POINT('',(2.972003948834E1,2.044176579280E2,9.471749212676E1));
#3352=CARTESIAN_POINT('',(2.997001500037E1,2.044166690904E2,9.470741559100E1));
#3353=CARTESIAN_POINT('',(3.030331559042E1,2.044153503392E2,9.469397822907E1));
#3354=CARTESIAN_POINT('',(3.071994127155E1,2.044137013802E2,9.467717782020E1));
#3355=CARTESIAN_POINT('',(3.121989145180E1,2.044117215739E2,9.465701129864E1));
#3356=CARTESIAN_POINT('',(3.188649340230E1,2.044090814384E2,9.463011487766E1));
#3357=CARTESIAN_POINT('',(3.305302635367E1,2.044044502396E2,9.458302237910E1));
#3358=CARTESIAN_POINT('',(3.438633370157E1,2.043992014111E2,9.452917132797E1));
#3359=CARTESIAN_POINT('',(3.571927537927E1,2.043938005402E2,9.447522134311E1));
#3360=CARTESIAN_POINT('',(3.638638722794E1,2.043913528962E2,9.444831716982E1));
#3361=CARTESIAN_POINT('',(3.671921202600E1,2.043900280847E2,9.443484485466E1));
#3363=CARTESIAN_POINT('',(3.771945018932E1,2.054558201632E2,9.486300491091E1));
#3364=CARTESIAN_POINT('',(3.771944485498E1,2.054239941162E2,9.485012824797E1));
#3365=CARTESIAN_POINT('',(3.771690057299E1,2.053609904483E2,9.482454703701E1));
#3366=CARTESIAN_POINT('',(3.770556119637E1,2.052683617184E2,9.478669220287E1));
#3367=CARTESIAN_POINT('',(3.768672117729E1,2.051778988513E2,9.474950435823E1));
#3368=CARTESIAN_POINT('',(3.766074718785E1,2.050905047301E2,9.471339221984E1));
#3369=CARTESIAN_POINT('',(3.762753108004E1,2.050053690766E2,9.467805901040E1));
#3370=CARTESIAN_POINT('',(3.760068861225E1,2.049503779124E2,9.465515424417E1));
#3371=CARTESIAN_POINT('',(3.758607877683E1,2.049233001649E2,9.464386155697E1));
#3373=CARTESIAN_POINT('',(5.256045313522E1,2.105459098490E2,9.567269826498E1));
#3374=CARTESIAN_POINT('',(5.091143830620E1,2.105421367252E2,9.573028313172E1));
#3375=CARTESIAN_POINT('',(4.761341343958E1,2.105346701600E2,9.584545269784E1));
#3376=CARTESIAN_POINT('',(4.266641539330E1,2.105234233715E2,9.601820567631E1));
#3377=CARTESIAN_POINT('',(3.936843504988E1,2.105158948973E2,9.613337368765E1));
#3378=CARTESIAN_POINT('',(3.771944987996E1,2.105121699591E2,9.619095751866E1));
#3380=CARTESIAN_POINT('',(2.072444975481E1,2.044530989377E2,9.507913314689E1));
#3381=CARTESIAN_POINT('',(2.072211407683E1,2.044694935792E2,9.508663432479E1));
#3382=CARTESIAN_POINT('',(2.071741624987E1,2.045040477100E2,9.510023434420E1));
#3383=CARTESIAN_POINT('',(2.071037983222E1,2.045611062554E2,9.511551297524E1));
#3384=CARTESIAN_POINT('',(2.070355296841E1,2.046227815034E2,9.512432197244E1));
#3385=CARTESIAN_POINT('',(2.069718168432E1,2.046879680548E2,9.512526598246E1));
#3386=CARTESIAN_POINT('',(2.069153058417E1,2.047551398807E2,9.511717968461E1));
#3387=CARTESIAN_POINT('',(2.068685015720E1,2.048224546771E2,9.509934218491E1));
#3388=CARTESIAN_POINT('',(2.068335344022E1,2.048878617465E2,9.507157750663E1));
#3389=CARTESIAN_POINT('',(2.068191330669E1,2.049288313393E2,9.504679104726E1));
#3390=CARTESIAN_POINT('',(2.068143066718E1,2.049483185281E2,9.503298038766E1));
#3392=CARTESIAN_POINT('',(2.068143066718E1,2.049483185281E2,9.503298038766E1));
#3393=CARTESIAN_POINT('',(2.068046538922E1,2.049872929148E2,9.500535906032E1));
#3394=CARTESIAN_POINT('',(2.068045786312E1,2.050571467342E2,9.493872812868E1));
#3395=CARTESIAN_POINT('',(2.068592492047E1,2.051266607677E2,9.481821824948E1));
#3396=CARTESIAN_POINT('',(2.069541060152E1,2.051590069099E2,9.469330065054E1));
#3397=CARTESIAN_POINT('',(2.070306577056E1,2.051602145578E2,9.461624450772E1));
#3398=CARTESIAN_POINT('',(2.070700000003E1,2.051570644451E2,9.458023855579E1));
#3400=CARTESIAN_POINT('',(2.070700000003E1,2.051570644451E2,9.458023855579E1));
#3401=CARTESIAN_POINT('',(2.137241291238E1,2.051547414372E2,9.455368645399E1));
#3402=CARTESIAN_POINT('',(2.237112911687E1,2.051512529874E2,9.451381328963E1));
#3403=CARTESIAN_POINT('',(2.370314738011E1,2.051465965803E2,9.446059031300E1));
#3404=CARTESIAN_POINT('',(2.470305675419E1,2.051430992506E2,9.442061565211E1));
#3405=CARTESIAN_POINT('',(2.570296519348E1,2.051396000248E2,9.438061931821E1));
#3406=CARTESIAN_POINT('',(2.653622144277E1,2.051366824105E2,9.434727083337E1));
#3407=CARTESIAN_POINT('',(2.720282596970E1,2.051343473554E2,9.432058103218E1));
#3408=CARTESIAN_POINT('',(2.761945360114E1,2.051328875429E2,9.430389529907E1));
#3409=CARTESIAN_POINT('',(2.795275558837E1,2.051317194501E2,9.429054393706E1));
#3410=CARTESIAN_POINT('',(2.816106927874E1,2.051309892907E2,9.428219817698E1));
#3411=CARTESIAN_POINT('',(2.830688884009E1,2.051304781258E2,9.427635553540E1));
#3412=CARTESIAN_POINT('',(2.839021428975E1,2.051301860163E2,9.427301670864E1));
#3413=CARTESIAN_POINT('',(2.845270839161E1,2.051299669266E2,9.427051250158E1));
#3414=CARTESIAN_POINT('',(2.851520241964E1,2.051297478292E2,9.426800820644E1));
#3415=CARTESIAN_POINT('',(2.857769670601E1,2.051295287244E2,9.426550382708E1));
#3416=CARTESIAN_POINT('',(2.862978074943E1,2.051293461076E2,9.426341650748E1));
#3417=CARTESIAN_POINT('',(2.867145785029E1,2.051291999836E2,9.426174630252E1));
#3418=CARTESIAN_POINT('',(2.870271456448E1,2.051290903700E2,9.426049341356E1));
#3419=CARTESIAN_POINT('',(2.873395185209E1,2.051289807551E2,9.425924051E1));
#3420=CARTESIAN_POINT('',(2.877559723086E1,2.051288346859E2,9.425757093085E1));
#3421=CARTESIAN_POINT('',(2.882767468070E1,2.051286520941E2,9.425548389761E1));
#3422=CARTESIAN_POINT('',(2.889016886870E1,2.051284329410E2,9.425297896645E1));
#3423=CARTESIAN_POINT('',(2.895266271751E1,2.051282137898E2,9.425047405652E1));
#3424=CARTESIAN_POINT('',(2.901515665229E1,2.051279946284E2,9.424796903050E1));
#3425=CARTESIAN_POINT('',(2.909848186230E1,2.051277024040E2,9.424462888969E1));
#3426=CARTESIAN_POINT('',(2.920263837613E1,2.051273371040E2,9.424045349217E1));
#3427=CARTESIAN_POINT('',(2.932762617307E1,2.051268987137E2,9.423544266741E1));
#3428=CARTESIAN_POINT('',(2.949427655037E1,2.051263141524E2,9.422876110111E1));
#3429=CARTESIAN_POINT('',(2.970258948427E1,2.051255833742E2,9.422040826855E1));
#3430=CARTESIAN_POINT('',(2.995256494201E1,2.051247063177E2,9.421038346674E1));
#3431=CARTESIAN_POINT('',(3.028586548437E1,2.051235367451E2,9.419701519011E1));
#3432=CARTESIAN_POINT('',(3.070249092025E1,2.051220744712E2,9.418030132406E1));
#3433=CARTESIAN_POINT('',(3.120244161429E1,2.051203192474E2,9.416023902325E1));
#3434=CARTESIAN_POINT('',(3.186904019657E1,2.051179782881E2,9.413348173650E1));
#3435=CARTESIAN_POINT('',(3.303560659235E1,2.051138798445E2,9.408663631219E1));
#3436=CARTESIAN_POINT('',(3.436869409570E1,2.051091920049E2,9.403305406012E1));
#3437=CARTESIAN_POINT('',(3.570214484782E1,2.051044997358E2,9.397942117837E1));
#3438=CARTESIAN_POINT('',(3.636822525017E1,2.051021528271E2,9.395259588963E1));
#3439=CARTESIAN_POINT('',(3.670200000001E1,2.051009771079E2,9.393915735713E1));
#3441=DIRECTION('',(-1.914929996743E-13,8.715574273602E-2,9.961946980928E-1));
#3442=VECTOR('',#3441,1.447111212513E0);
#3443=CARTESIAN_POINT('',(3.670200000001E1,2.049748530553E2,9.249755283967E1));
#3444=LINE('',#3443,#3442);
#3445=CARTESIAN_POINT('',(3.720200000001E1,2.054966197814E2,9.272451718494E1));
#3446=CARTESIAN_POINT('',(3.720200000001E1,2.054764678662E2,9.271538047592E1));
#3447=CARTESIAN_POINT('',(3.719977134255E1,2.054364786666E2,9.269724404887E1));
#3448=CARTESIAN_POINT('',(3.719003613477E1,2.053779765970E2,9.267071274999E1));
#3449=CARTESIAN_POINT('',(3.717424187425E1,2.053216181737E2,9.264517784469E1));
#3450=CARTESIAN_POINT('',(3.715271376755E1,2.052678971864E2,9.262087954255E1));
#3451=CARTESIAN_POINT('',(3.712591183467E1,2.052175300282E2,9.259816078606E1));
#3452=CARTESIAN_POINT('',(3.709453069353E1,2.051713067518E2,9.257739977131E1));
#3453=CARTESIAN_POINT('',(3.705931412679E1,2.051297073774E2,9.255885410494E1));
#3454=CARTESIAN_POINT('',(3.702062004977E1,2.050927276544E2,9.254255716289E1));
#3455=CARTESIAN_POINT('',(3.697936689899E1,2.050608516577E2,9.252873780584E1));
#3456=CARTESIAN_POINT('',(3.693600464197E1,2.050339994012E2,9.251736951464E1));
#3457=CARTESIAN_POINT('',(3.689093480788E1,2.050121422119E2,9.250846977314E1));
#3458=CARTESIAN_POINT('',(3.684472471825E1,2.049953046897E2,9.250205801567E1));
#3459=CARTESIAN_POINT('',(3.679769098189E1,2.049833802891E2,9.249803131470E1));
#3460=CARTESIAN_POINT('',(3.675003681893E1,2.049762965230E2,9.249639721659E1));
#3461=CARTESIAN_POINT('',(3.671799919482E1,2.049747961604E2,9.249690252800E1));
#3462=CARTESIAN_POINT('',(3.670200000001E1,2.049748530553E2,9.249755283967E1));
#3464=CARTESIAN_POINT('',(3.720200000001E1,2.056431850973E2,9.439976641226E1));
#3465=CARTESIAN_POINT('',(3.720199998818E1,2.056315467124E2,9.438980017821E1));
#3466=CARTESIAN_POINT('',(3.720131589498E1,2.056083367498E2,9.436988078690E1));
#3467=CARTESIAN_POINT('',(3.719822010171E1,2.055734661852E2,9.433982381805E1));
#3468=CARTESIAN_POINT('',(3.719304675476E1,2.055388010791E2,9.430983080323E1));
#3469=CARTESIAN_POINT('',(3.718336536507E1,2.054929577168E2,9.427002874455E1));
#3470=CARTESIAN_POINT('',(3.716602005939E1,2.054366589704E2,9.422092045447E1));
#3471=CARTESIAN_POINT('',(3.714649932642E1,2.053932825286E2,9.418289151245E1));
#3472=CARTESIAN_POINT('',(3.713531451425E1,2.053721582791E2,9.416433770480E1));
#3474=CARTESIAN_POINT('',(3.713531451425E1,2.053721582791E2,9.416433770480E1));
#3475=CARTESIAN_POINT('',(3.712582731563E1,2.053542398380E2,9.414859590758E1));
#3476=CARTESIAN_POINT('',(3.710558645945E1,2.053207096418E2,9.411910792689E1));
#3477=CARTESIAN_POINT('',(3.707256190300E1,2.052770967582E2,9.408077412142E1));
#3478=CARTESIAN_POINT('',(3.703870964166E1,2.052403921625E2,9.404864711195E1));
#3479=CARTESIAN_POINT('',(3.700166848653E1,2.052072592616E2,9.401987422995E1));
#3480=CARTESIAN_POINT('',(3.696453652184E1,2.051800020323E2,9.399647675535E1));
#3481=CARTESIAN_POINT('',(3.692724208963E1,2.051575070085E2,9.397751715214E1));
#3482=CARTESIAN_POINT('',(3.689053813486E1,2.051395151263E2,9.396280599650E1));
#3483=CARTESIAN_POINT('',(3.685279546051E1,2.051248712690E2,9.395137761260E1));
#3484=CARTESIAN_POINT('',(3.681553055127E1,2.051139601579E2,9.394349073867E1));
#3485=CARTESIAN_POINT('',(3.677776270642E1,2.051062390595E2,9.393872964395E1));
#3486=CARTESIAN_POINT('',(3.673995471358E1,2.051017630837E2,9.393711522332E1));
#3487=CARTESIAN_POINT('',(3.671463328477E1,2.051008870335E2,9.393812780230E1));
#3488=CARTESIAN_POINT('',(3.670200000001E1,2.051009771079E2,9.393915735713E1));
#3490=CARTESIAN_POINT('',(3.758607877683E1,2.049233001649E2,9.464386155697E1));
#3491=CARTESIAN_POINT('',(3.757093471130E1,2.048952110412E2,9.463214664180E1));
#3492=CARTESIAN_POINT('',(3.753883202730E1,2.048414677802E2,9.460970418020E1));
#3493=CARTESIAN_POINT('',(3.748593535260E1,2.047680170720E2,9.457902380365E1));
#3494=CARTESIAN_POINT('',(3.742844727235E1,2.047010030921E2,9.455109138251E1));
#3495=CARTESIAN_POINT('',(3.736685065523E1,2.046405905986E2,9.452604235717E1));
#3496=CARTESIAN_POINT('',(3.730323935233E1,2.045878558981E2,9.450436949285E1));
#3497=CARTESIAN_POINT('',(3.723466040712E1,2.045400254935E2,9.448498085372E1));
#3498=CARTESIAN_POINT('',(3.716479907143E1,2.044993565080E2,9.446882682816E1));
#3499=CARTESIAN_POINT('',(3.709173219390E1,2.044644852546E2,9.445540179814E1));
#3500=CARTESIAN_POINT('',(3.701947374553E1,2.044370593920E2,9.444536067319E1));
#3501=CARTESIAN_POINT('',(3.694566815252E1,2.044156918237E2,9.443818220043E1));
#3502=CARTESIAN_POINT('',(3.687129846588E1,2.044007767804E2,9.443403730203E1));
#3503=CARTESIAN_POINT('',(3.679616704588E1,2.043919104417E2,9.443276126472E1));
#3504=CARTESIAN_POINT('',(3.674501004001E1,2.043899543397E2,9.443381422278E1));
#3505=CARTESIAN_POINT('',(3.671921202600E1,2.043900280847E2,9.443484485466E1));
#3507=CARTESIAN_POINT('',(3.670200000001E1,2.051009771079E2,9.393915735713E1));
#3508=CARTESIAN_POINT('',(3.670275219961E1,2.051025786869E2,9.395746348882E1));
#3509=CARTESIAN_POINT('',(3.670426503904E1,2.051037613994E2,9.399448870231E1));
#3510=CARTESIAN_POINT('',(3.670649063753E1,2.050994055263E2,9.404958584075E1));
#3511=CARTESIAN_POINT('',(3.670865569994E1,2.050889715426E2,9.410382132728E1));
#3512=CARTESIAN_POINT('',(3.671072133289E1,2.050728379502E2,9.415620006669E1));
#3513=CARTESIAN_POINT('',(3.671269309745E1,2.050508279535E2,9.420687906291E1));
#3514=CARTESIAN_POINT('',(3.671452550011E1,2.050234685336E2,9.425468503437E1));
#3515=CARTESIAN_POINT('',(3.671620629161E1,2.049910190344E2,9.429928872288E1));
#3516=CARTESIAN_POINT('',(3.671771087317E1,2.049536996209E2,9.434007064643E1));
#3517=CARTESIAN_POINT('',(3.671902738268E1,2.049120534578E2,9.437667373647E1));
#3518=CARTESIAN_POINT('',(3.672013118249E1,2.048665241934E2,9.440845521695E1));
#3519=CARTESIAN_POINT('',(3.672100638661E1,2.048177434689E2,9.443495843843E1));
#3520=CARTESIAN_POINT('',(3.672164758530E1,2.047664629751E2,9.445597049040E1));
#3521=CARTESIAN_POINT('',(3.672204001598E1,2.047132228292E2,9.447107735767E1));
#3522=CARTESIAN_POINT('',(3.672218621787E1,2.046587178457E2,9.448026727970E1));
#3523=CARTESIAN_POINT('',(3.672208259525E1,2.046033892989E2,9.448340791459E1));
#3524=CARTESIAN_POINT('',(3.672173169108E1,2.045485590911E2,9.448042475330E1));
#3525=CARTESIAN_POINT('',(3.672113806215E1,2.044940242212E2,9.447145193525E1));
#3526=CARTESIAN_POINT('',(3.672030685028E1,2.044408575083E2,9.445650319505E1));
#3527=CARTESIAN_POINT('',(3.671959888954E1,2.044066051042E2,9.444264080478E1));
#3528=CARTESIAN_POINT('',(3.671921202600E1,2.043900280847E2,9.443484485466E1));
#3530=CARTESIAN_POINT('',(3.713531451425E1,2.053721582791E2,9.416433770480E1));
#3531=CARTESIAN_POINT('',(3.712847646403E1,2.053629613194E2,9.419548898179E1));
#3532=CARTESIAN_POINT('',(3.711985781194E1,2.053403322168E2,9.426124898923E1));
#3533=CARTESIAN_POINT('',(3.712803173835E1,2.052927070474E2,9.436473746318E1));
#3534=CARTESIAN_POINT('',(3.716159641906E1,2.052325915644E2,9.446452451455E1));
#3535=CARTESIAN_POINT('',(3.722105453837E1,2.051639129082E2,9.455051539243E1));
#3536=CARTESIAN_POINT('',(3.730204285950E1,2.050927390293E2,9.461393169680E1));
#3537=CARTESIAN_POINT('',(3.739628131409E1,2.050255918181E2,9.465010185614E1));
#3538=CARTESIAN_POINT('',(3.749420823458E1,2.049675648073E2,9.465948365938E1));
#3539=CARTESIAN_POINT('',(3.755653426621E1,2.049367136469E2,9.465085765954E1));
#3540=CARTESIAN_POINT('',(3.758607877683E1,2.049233001649E2,9.464386155697E1));
#3542=CARTESIAN_POINT('',(3.720200000001E1,2.056431850973E2,9.439976641226E1));
#3543=CARTESIAN_POINT('',(3.720200000001E1,2.056364944191E2,9.441630305122E1));
#3544=CARTESIAN_POINT('',(3.720392383415E1,2.056230508983E2,9.444953079338E1));
#3545=CARTESIAN_POINT('',(3.721253234107E1,2.056031799477E2,9.449864648931E1));
#3546=CARTESIAN_POINT('',(3.722675239535E1,2.055837698227E2,9.454662494464E1));
#3547=CARTESIAN_POINT('',(3.724644658173E1,2.055650338579E2,9.459293880617E1));
#3548=CARTESIAN_POINT('',(3.727125267519E1,2.055472736885E2,9.463684243372E1));
#3549=CARTESIAN_POINT('',(3.730096152094E1,2.055306057348E2,9.467804802821E1));
#3550=CARTESIAN_POINT('',(3.733522737797E1,2.055152249696E2,9.471607358302E1));
#3551=CARTESIAN_POINT('',(3.737365727963E1,2.055013047175E2,9.475049060190E1));
#3552=CARTESIAN_POINT('',(3.741583870388E1,2.054889952398E2,9.478092754170E1));
#3553=CARTESIAN_POINT('',(3.746134338366E1,2.054784252129E2,9.480706630683E1));
#3554=CARTESIAN_POINT('',(3.750975484117E1,2.054697153464E2,9.482860821436E1));
#3555=CARTESIAN_POINT('',(3.756032648391E1,2.054630042783E2,9.484521110065E1));
#3556=CARTESIAN_POINT('',(3.761265756087E1,2.054583499947E2,9.485672888124E1));
#3557=CARTESIAN_POINT('',(3.766593708855E1,2.054558338170E2,9.486297015650E1));
#3558=CARTESIAN_POINT('',(3.770170529536E1,2.054555858804E2,9.486357858397E1));
#3559=CARTESIAN_POINT('',(3.771945018932E1,2.054558201632E2,9.486300491091E1));
#3561=CARTESIAN_POINT('',(3.771944975356E1,2.131578179854E2,7.582698698570E1));
#3562=DIRECTION('',(-1.E0,0.E0,0.E0));
#3563=DIRECTION('',(0.E0,-3.750651930471E-1,9.269984363334E-1));
#3564=AXIS2_PLACEMENT_3D('',#3561,#3562,#3563);
#3566=DIRECTION('',(1.420652400776E-14,-7.068913222749E-1,7.073221744668E-1));
#3567=VECTOR('',#3566,1.000304839343E0);
#3568=CARTESIAN_POINT('',(3.720200000001E1,2.166E2,9.498372431567E1));
#3569=LINE('',#3568,#3567);
#3570=CARTESIAN_POINT('',(3.720200000001E1,2.056431850973E2,9.439976641226E1));
#3571=CARTESIAN_POINT('',(3.720200000001E1,2.056918987088E2,9.441947729895E1));
#3572=CARTESIAN_POINT('',(3.720200000001E1,2.057894418171E2,9.445851802227E1));
#3573=CARTESIAN_POINT('',(3.720200000001E1,2.059851862496E2,9.453503738216E1));
#3574=CARTESIAN_POINT('',(3.720200000001E1,2.063294582363E2,9.466497593009E1));
#3575=CARTESIAN_POINT('',(3.720200000001E1,2.068260527979E2,9.483911202436E1));
#3576=CARTESIAN_POINT('',(3.720200000001E1,2.074292034213E2,9.502947756987E1));
#3577=CARTESIAN_POINT('',(3.720200000001E1,2.080391830298E2,9.520100352287E1));
#3578=CARTESIAN_POINT('',(3.720200000001E1,2.086555791811E2,9.535345472967E1));
#3579=CARTESIAN_POINT('',(3.720200000001E1,2.091742614958E2,9.546440749951E1));
#3580=CARTESIAN_POINT('',(3.720200000001E1,2.095397711279E2,9.553351879398E1));
#3581=CARTESIAN_POINT('',(3.720200000001E1,2.097493382158E2,9.557055943625E1));
#3582=CARTESIAN_POINT('',(3.720200000001E1,2.099066235272E2,9.559706513717E1));
#3583=CARTESIAN_POINT('',(3.720200000001E1,2.100639468109E2,9.562231038847E1));
#3584=CARTESIAN_POINT('',(3.720200000001E1,2.101821784278E2,9.564027065684E1));
#3585=CARTESIAN_POINT('',(3.720200000001E1,2.102607569243E2,9.565188361720E1));
#3586=CARTESIAN_POINT('',(3.720200000001E1,2.103137882929E2,9.565943618798E1));
#3587=CARTESIAN_POINT('',(3.720200000001E1,2.103991110470E2,9.567336347330E1));
#3588=CARTESIAN_POINT('',(3.720200000001E1,2.104647117813E2,9.568509643360E1));
#3589=CARTESIAN_POINT('',(3.720200000001E1,2.105121699589E2,9.569126210976E1));
#3591=DIRECTION('',(-2.049258485706E-12,8.715574266575E-2,9.961946980989E-1));
#3592=VECTOR('',#3591,1.681648407204E0);
#3593=CARTESIAN_POINT('',(3.720200000001E1,2.054966197814E2,9.272451718494E1));
#3594=LINE('',#3593,#3592);
#3595=CARTESIAN_POINT('',(3.720200000002E1,2.131578179854E2,7.582698698570E1));
#3596=DIRECTION('',(-1.E0,0.E0,1.359688116771E-13));
#3597=DIRECTION('',(1.237013303217E-13,-4.129318123080E-1,9.107619438602E-1));
#3598=AXIS2_PLACEMENT_3D('',#3595,#3596,#3597);
#3600=DIRECTION('',(0.E0,-5.065522609801E-11,1.E0));
#3601=VECTOR('',#3600,1.122162967960E-3);
#3602=CARTESIAN_POINT('',(3.720200000001E1,2.151E2,9.420780817806E1));
#3603=LINE('',#3602,#3601);
#3604=DIRECTION('',(-3.662987280816E-14,0.E0,-1.E0));
#3605=VECTOR('',#3604,7.759161376086E-1);
#3606=CARTESIAN_POINT('',(3.720200000001E1,2.166E2,9.498372431567E1));
#3607=LINE('',#3606,#3605);
#3608=CARTESIAN_POINT('',(3.720200000001E1,2.166E2,9.420780817806E1));
#3609=CARTESIAN_POINT('',(3.720200000001E1,2.166416793655E2,9.420780817806E1));
#3610=CARTESIAN_POINT('',(3.721185402026E1,2.167151780698E2,9.420746406809E1));
#3611=CARTESIAN_POINT('',(3.725485954795E1,2.168388637904E2,9.420596228197E1));
#3612=CARTESIAN_POINT('',(3.734143977056E1,2.169606276208E2,9.420293883397E1));
#3613=CARTESIAN_POINT('',(3.746321194736E1,2.170471780460E2,9.419868645586E1));
#3614=CARTESIAN_POINT('',(3.758687545687E1,2.170901566201E2,9.419436803095E1));
#3615=CARTESIAN_POINT('',(3.766034602445E1,2.171E2,9.419180238219E1));
#3616=CARTESIAN_POINT('',(3.770200000001E1,2.171E2,9.419034779331E1));
#3618=DIRECTION('',(0.E0,0.E0,-1.E0));
#3619=VECTOR('',#3618,7.933765223546E-1);
#3620=CARTESIAN_POINT('',(3.770200000001E1,2.171E2,9.498372431567E1));
#3621=LINE('',#3620,#3619);
#3622=DIRECTION('',(0.E0,-1.E0,0.E0));
#3623=VECTOR('',#3622,1.5E0);
#3624=CARTESIAN_POINT('',(3.720200000001E1,2.166E2,9.420780817806E1));
#3625=LINE('',#3624,#3623);
#3626=DIRECTION('',(0.E0,-1.E0,0.E0));
#3627=VECTOR('',#3626,2.E0);
#3628=CARTESIAN_POINT('',(3.954300000001E1,2.171E2,9.412605865668E1));
#3629=LINE('',#3628,#3627);
#3630=DIRECTION('',(0.E0,1.118443451102E-14,1.E0));
#3631=VECTOR('',#3630,7.623552912508E0);
#3632=CARTESIAN_POINT('',(3.954300000001E1,2.151E2,8.650250574417E1));
#3633=LINE('',#3632,#3631);
#3634=DIRECTION('',(0.E0,-1.E0,0.E0));
#3635=VECTOR('',#3634,2.E0);
#3636=CARTESIAN_POINT('',(3.954300000001E1,2.171E2,8.650250574417E1));
#3637=LINE('',#3636,#3635);
#3638=DIRECTION('',(0.E0,1.E0,0.E0));
#3639=VECTOR('',#3638,2.E0);
#3640=CARTESIAN_POINT('',(4.574300000001E1,2.151E2,8.650250574417E1));
#3641=LINE('',#3640,#3639);
#3642=CARTESIAN_POINT('',(3.770200000001E1,2.166E2,9.498372431567E1));
#3643=DIRECTION('',(1.000367479546E-1,-1.533330272086E-1,9.830979767173E-1));
#3644=DIRECTION('',(-5.371739378679E-1,8.233624914345E-1,1.830802233293E-1));
#3645=AXIS2_PLACEMENT_3D('',#3642,#3643,#3644);
#3647=CARTESIAN_POINT('',(3.770200000001E1,2.166E2,9.498372431567E1));
#3648=DIRECTION('',(0.E0,-7.068913075832E-1,7.073221891496E-1));
#3649=DIRECTION('',(-9.857629793094E-1,1.189297608054E-1,1.188573120085E-1));
#3650=AXIS2_PLACEMENT_3D('',#3647,#3648,#3649);
#3652=CARTESIAN_POINT('',(3.770200000001E1,2.166E2,9.498372431567E1));
#3653=DIRECTION('',(0.E0,0.E0,-1.E0));
#3654=DIRECTION('',(-1.E0,0.E0,0.E0));
#3655=AXIS2_PLACEMENT_3D('',#3652,#3653,#3654);
#3657=CARTESIAN_POINT('',(3.770200000001E1,2.166E2,9.498372431567E1));
#3658=DIRECTION('',(9.993908270191E-1,0.E0,-3.489949670264E-2));
#3659=DIRECTION('',(0.E0,1.E0,2.842170943040E-14));
#3660=AXIS2_PLACEMENT_3D('',#3657,#3658,#3659);
#3662=CARTESIAN_POINT('',(3.770200000001E1,2.166E2,9.498372431567E1));
#3663=DIRECTION('',(-1.000367479546E-1,1.533330272087E-1,-9.830979767173E-1));
#3664=DIRECTION('',(-5.371739378679E-1,8.233624914345E-1,1.830802233293E-1));
#3665=AXIS2_PLACEMENT_3D('',#3662,#3663,#3664);
#3667=CARTESIAN_POINT('',(3.770200000001E1,2.166E2,9.498372431567E1));
#3668=DIRECTION('',(9.993908270191E-1,0.E0,-3.489949670264E-2));
#3669=DIRECTION('',(5.362820337283E-3,9.881230505805E-1,1.535710814887E-1));
#3670=AXIS2_PLACEMENT_3D('',#3667,#3668,#3669);
#3672=CARTESIAN_POINT('',(3.770200000001E1,2.166E2,9.498372431567E1));
#3673=DIRECTION('',(0.E0,-7.068913075832E-1,7.073221891496E-1));
#3674=DIRECTION('',(2.467767077849E-2,7.071067811866E-1,7.066760308408E-1));
#3675=AXIS2_PLACEMENT_3D('',#3672,#3673,#3674);
#3677=CARTESIAN_POINT('',(3.770200000001E1,2.158928932188E2,9.569126210976E1));
#3678=DIRECTION('',(0.E0,-7.068913075832E-1,7.073221891496E-1));
#3679=DIRECTION('',(-3.704581502895E-1,6.569956200421E-1,6.565953960618E-1));
#3680=AXIS2_PLACEMENT_3D('',#3677,#3678,#3679);
#3682=CARTESIAN_POINT('',(3.720200000001E1,2.158928931894E2,9.569126210976E1));
#3683=CARTESIAN_POINT('',(3.720200000001E1,2.158928931895E2,9.575120709312E1));
#3684=CARTESIAN_POINT('',(3.722410010127E1,2.158928931180E2,9.588121744188E1));
#3685=CARTESIAN_POINT('',(3.732383749772E1,2.158928932636E2,9.603188572982E1));
#3686=CARTESIAN_POINT('',(3.743477106702E1,2.158928933369E2,9.611798329405E1));
#3687=CARTESIAN_POINT('',(3.749556667863E1,2.158928932553E2,9.614778957788E1));
#3688=CARTESIAN_POINT('',(3.752557513055E1,2.158928932435E2,9.615910248596E1));
#3690=CARTESIAN_POINT('',(3.770200000001E1,2.158928932188E2,9.569126210976E1));
#3691=DIRECTION('',(9.216789414655E-1,1.723464827522E-1,3.475695883446E-1));
#3692=DIRECTION('',(-3.879535137862E-1,4.094514372045E-1,8.257369991178E-1));
#3693=AXIS2_PLACEMENT_3D('',#3690,#3691,#3692);
#3695=CARTESIAN_POINT('',(3.770200000001E1,2.158928932188E2,9.569126210976E1));
#3696=DIRECTION('',(-9.216789414655E-1,-1.723464827521E-1,-3.475695883446E-1));
#3697=DIRECTION('',(-3.879535137862E-1,4.094514372045E-1,8.257369991178E-1));
#3698=AXIS2_PLACEMENT_3D('',#3695,#3696,#3697);
#3700=CARTESIAN_POINT('',(3.770200000001E1,2.158928932188E2,9.569126210976E1));
#3701=DIRECTION('',(0.E0,-7.068913075832E-1,7.073221891496E-1));
#3702=DIRECTION('',(2.467767077849E-2,7.071067811866E-1,7.066760308408E-1));
#3703=AXIS2_PLACEMENT_3D('',#3700,#3701,#3702);
#3705=CARTESIAN_POINT('',(3.770200000001E1,2.158928932188E2,9.569126210976E1));
#3706=DIRECTION('',(-9.993908270191E-1,0.E0,3.489949670264E-2));
#3707=DIRECTION('',(3.489949670264E-2,0.E0,9.993908270191E-1));
#3708=AXIS2_PLACEMENT_3D('',#3705,#3706,#3707);
#3710=CARTESIAN_POINT('',(3.752557513055E1,2.158928932435E2,9.615910248596E1));
#3711=CARTESIAN_POINT('',(3.752728309918E1,2.158928932429E2,9.615974637430E1));
#3712=CARTESIAN_POINT('',(3.759247488578E1,2.158928941569E2,9.618392406781E1));
#3713=CARTESIAN_POINT('',(3.765954128121E1,2.158928932889E2,9.619304957304E1));
#3714=CARTESIAN_POINT('',(3.771944974836E1,2.158928931888E2,9.619095752327E1));
#3716=CARTESIAN_POINT('',(5.230510005677E1,2.162464466095E2,9.553507951579E1));
#3717=CARTESIAN_POINT('',(5.232642263464E1,2.162330986523E2,9.554769100827E1));
#3718=CARTESIAN_POINT('',(5.236890206747E1,2.162054405796E2,9.557089581047E1));
#3719=CARTESIAN_POINT('',(5.243055468166E1,2.161605149591E2,9.560072121601E1));
#3720=CARTESIAN_POINT('',(5.247032167413E1,2.161287279672E2,9.561707362554E1));
#3721=CARTESIAN_POINT('',(5.248977414822E1,2.161123886899E2,9.562438231464E1));
#3723=DIRECTION('',(9.993908270191E-1,2.056865430236E-9,-3.489949670264E-2));
#3724=VECTOR('',#3723,1.459965493680E1);
#3725=CARTESIAN_POINT('',(3.771944974836E1,2.158928931888E2,9.619095752327E1));
#3726=LINE('',#3725,#3724);
#3727=DIRECTION('',(9.993908270189E-1,4.648811387262E-12,-3.489949670729E-2));
#3728=VECTOR('',#3727,1.459965493669E1);
#3729=CARTESIAN_POINT('',(3.771433883540E1,2.162464466094E2,9.604460012518E1));
#3730=LINE('',#3729,#3728);
#3731=CARTESIAN_POINT('',(5.216975056829E1,2.169535533951E2,9.483226822559E1));
#3732=CARTESIAN_POINT('',(5.217215409343E1,2.169409966506E2,9.484474869097E1));
#3733=CARTESIAN_POINT('',(5.218495060565E1,2.168741437899E2,9.491119543741E1));
#3734=CARTESIAN_POINT('',(5.220813892838E1,2.167530009571E2,9.503160235807E1));
#3735=CARTESIAN_POINT('',(5.223932642318E1,2.165900680244E2,9.519354551429E1));
#3736=CARTESIAN_POINT('',(5.227047618876E1,2.164273321987E2,9.535529276086E1));
#3737=CARTESIAN_POINT('',(5.229239682315E1,2.163128121584E2,9.546911712083E1));
#3738=CARTESIAN_POINT('',(5.230394018970E1,2.162525061073E2,9.552905682793E1));
#3739=CARTESIAN_POINT('',(5.230510005677E1,2.162464466095E2,9.553507951579E1));
#3741=DIRECTION('',(-1.420652430266E-14,-7.068913075832E-1,7.073221891496E-1));
#3742=VECTOR('',#3741,1.000304818578E0);
#3743=CARTESIAN_POINT('',(3.771433883540E1,2.169535533906E2,9.533706233109E1));
#3744=LINE('',#3743,#3742);
#3745=DIRECTION('',(-2.445672335040E-8,1.E0,8.568046425137E-10));
#3746=VECTOR('',#3745,5.380723229698E0);
#3747=CARTESIAN_POINT('',(3.771944987996E1,2.105121699591E2,9.619095751866E1));
#3748=LINE('',#3747,#3746);
#3749=CARTESIAN_POINT('',(3.771944987996E1,2.105121699591E2,9.619095751866E1));
#3750=CARTESIAN_POINT('',(3.770171353443E1,2.105121494661E2,9.619157688550E1));
#3751=CARTESIAN_POINT('',(3.766592202131E1,2.105121118719E2,9.619085925452E1));
#3752=CARTESIAN_POINT('',(3.761281858297E1,2.105120612725E2,9.618412475220E1));
#3753=CARTESIAN_POINT('',(3.756064807926E1,2.105120184220E2,9.617184809026E1));
#3754=CARTESIAN_POINT('',(3.751004520364E1,2.105119834445E2,9.615398811628E1));
#3755=CARTESIAN_POINT('',(3.746182956999E1,2.105119569503E2,9.613087251194E1));
#3756=CARTESIAN_POINT('',(3.741630486066E1,2.105119390755E2,9.610276478915E1));
#3757=CARTESIAN_POINT('',(3.737403449724E1,2.105119300553E2,9.606998097325E1));
#3758=CARTESIAN_POINT('',(3.733558583496E1,2.105119299838E2,9.603280463455E1));
#3759=CARTESIAN_POINT('',(3.730140840050E1,2.105119388541E2,9.599170813946E1));
#3760=CARTESIAN_POINT('',(3.727166712224E1,2.105119565737E2,9.594729100255E1));
#3761=CARTESIAN_POINT('',(3.724666279349E1,2.105119829277E2,9.590003886343E1));
#3762=CARTESIAN_POINT('',(3.722683653823E1,2.105120177873E2,9.585009864380E1));
#3763=CARTESIAN_POINT('',(3.721262556161E1,2.105120607774E2,9.579825872471E1));
#3764=CARTESIAN_POINT('',(3.720397848202E1,2.105121110179E2,9.574517462563E1));
#3765=CARTESIAN_POINT('',(3.720200000001E1,2.105121501720E2,9.570915710942E1));
#3766=CARTESIAN_POINT('',(3.720200000001E1,2.105121699589E2,9.569126210976E1));
#3768=DIRECTION('',(0.E0,1.E0,0.E0));
#3769=VECTOR('',#3768,5.380723230538E0);
#3770=CARTESIAN_POINT('',(3.720200000001E1,2.105121699589E2,9.569126210976E1));
#3771=LINE('',#3770,#3769);
#3772=DIRECTION('',(-7.907201037881E-13,1.E0,0.E0));
#3773=VECTOR('',#3772,4.457066353171E0);
#3774=CARTESIAN_POINT('',(3.720200000001E1,2.106429336468E2,9.420893034103E1));
#3775=LINE('',#3774,#3773);
#3776=DIRECTION('',(7.452451375317E-13,-1.E0,1.284905409537E-14));
#3777=VECTOR('',#3776,4.423938014338E0);
#3778=CARTESIAN_POINT('',(5.104300000001E1,2.151E2,9.372559197049E1));
#3779=LINE('',#3778,#3777);
#3780=CARTESIAN_POINT('',(2.038185604711E1,2.048800539244E2,9.494077778050E1));
#3781=CARTESIAN_POINT('',(2.039222772036E1,2.048853386583E2,9.494817149025E1));
#3782=CARTESIAN_POINT('',(2.041400352403E1,2.048955596687E2,9.496243172466E1));
#3783=CARTESIAN_POINT('',(2.044816682437E1,2.049094516630E2,9.498170791926E1));
#3784=CARTESIAN_POINT('',(2.048290437723E1,2.049215752485E2,9.499841958246E1));
#3785=CARTESIAN_POINT('',(2.051796356099E1,2.049316666409E2,9.501219969703E1));
#3786=CARTESIAN_POINT('',(2.055376429917E1,2.049395260790E2,9.502276255099E1));
#3787=CARTESIAN_POINT('',(2.059139937338E1,2.049450225023E2,9.502991056538E1));
#3788=CARTESIAN_POINT('',(2.063263334709E1,2.049480759211E2,9.503350903558E1));
#3789=CARTESIAN_POINT('',(2.066414881936E1,2.049485074795E2,9.503355657090E1));
#3790=CARTESIAN_POINT('',(2.068143066718E1,2.049483185281E2,9.503298038766E1));
#3792=CARTESIAN_POINT('',(2.038185604711E1,2.048800539244E2,9.494077778050E1));
#3793=CARTESIAN_POINT('',(2.037104601588E1,2.049006803780E2,9.491485033483E1));
#3794=CARTESIAN_POINT('',(2.035302724137E1,2.049384835156E2,9.485766475997E1));
#3795=CARTESIAN_POINT('',(2.033831360656E1,2.049777824055E2,9.477058075631E1));
#3796=CARTESIAN_POINT('',(2.033721954667E1,2.049995635662E2,9.468598331703E1));
#3797=CARTESIAN_POINT('',(2.034630283450E1,2.050069609868E2,9.462650806770E1));
#3798=CARTESIAN_POINT('',(2.035344661503E1,2.050111750703E2,9.459300183726E1));
#3800=CARTESIAN_POINT('',(2.070700000002E1,2.046589670794E2,9.462381623620E1));
#3801=DIRECTION('',(1.354610867921E-13,8.715574273603E-2,9.961946980928E-1));
#3802=DIRECTION('',(0.E0,9.961946980928E-1,-8.715574273603E-2));
#3803=AXIS2_PLACEMENT_3D('',#3800,#3801,#3802);
#3805=CARTESIAN_POINT('',(4.104300000001E1,2.141E2,8.6888813E1));
#3806=DIRECTION('',(0.E0,0.E0,-1.E0));
#3807=DIRECTION('',(9.949874371066E-1,9.999999999998E-2,0.E0));
#3808=AXIS2_PLACEMENT_3D('',#3805,#3806,#3807);
#3810=DIRECTION('',(5.851334426016E-13,0.E0,-1.E0));
#3811=VECTOR('',#3810,2.675160113768E1);
#3812=CARTESIAN_POINT('',(5.099287437108E1,2.151E2,8.6888813E1));
#3813=LINE('',#3812,#3811);
#3814=DIRECTION('',(0.E0,0.E0,-1.E0));
#3815=VECTOR('',#3814,3.738630725582E1);
#3816=CARTESIAN_POINT('',(5.104300000001E1,2.141E2,8.6888813E1));
#3817=LINE('',#3816,#3815);
#3818=DIRECTION('',(0.E0,0.E0,-1.E0));
#3819=VECTOR('',#3818,2.607954898720E0);
#3820=CARTESIAN_POINT('',(5.103687312308E1,2.1445E2,5.720250574417E1));
#3821=LINE('',#3820,#3819);
#3822=CARTESIAN_POINT('',(4.084300000001E1,2.144E2,4.950250574417E1));
#3823=DIRECTION('',(0.E0,0.E0,1.E0));
#3824=DIRECTION('',(1.E0,0.E0,0.E0));
#3825=AXIS2_PLACEMENT_3D('',#3822,#3823,#3824);
#3827=CARTESIAN_POINT('',(4.104300000001E1,2.141E2,4.950250574417E1));
#3828=DIRECTION('',(0.E0,0.E0,-1.E0));
#3829=DIRECTION('',(9.362447045161E-1,3.513486206967E-1,0.E0));
#3830=AXIS2_PLACEMENT_3D('',#3827,#3828,#3829);
#3832=DIRECTION('',(0.E0,-1.E0,0.E0));
#3833=VECTOR('',#3832,4.989363518763E0);
#3834=CARTESIAN_POINT('',(5.104300000001E1,2.141E2,4.950250574417E1));
#3835=LINE('',#3834,#3833);
#3836=DIRECTION('',(0.E0,-1.E0,0.E0));
#3837=VECTOR('',#3836,9.300000000016E0);
#3838=CARTESIAN_POINT('',(5.154300000001E1,2.091106364812E2,4.950250574417E1));
#3839=LINE('',#3838,#3837);
#3840=DIRECTION('',(-1.E0,0.E0,0.E0));
#3841=VECTOR('',#3840,4.999999999999E-1);
#3842=CARTESIAN_POINT('',(5.154300000001E1,1.998106364812E2,4.950250574417E1));
#3843=LINE('',#3842,#3841);
#3844=DIRECTION('',(0.E0,-1.E0,0.E0));
#3845=VECTOR('',#3844,2.291063648122E1);
#3846=CARTESIAN_POINT('',(5.104300000001E1,1.998106364812E2,4.950250574417E1));
#3847=LINE('',#3846,#3845);
#3848=DIRECTION('',(0.E0,0.E0,1.E0));
#3849=VECTOR('',#3848,2.210552154363E1);
#3850=CARTESIAN_POINT('',(5.384300000001E1,2.144E2,2.739698420054E1));
#3851=LINE('',#3850,#3849);
#3852=CARTESIAN_POINT('',(5.384300000001E1,2.144E2,2.739698420054E1));
#3853=CARTESIAN_POINT('',(5.384299999992E1,2.148256703864E2,2.744934136281E1));
#3854=CARTESIAN_POINT('',(5.380127277820E1,2.156748737421E2,2.755906840103E1));
#3855=CARTESIAN_POINT('',(5.364587724058E1,2.167243503566E2,2.770282210867E1));
#3856=CARTESIAN_POINT('',(5.346036376638E1,2.175524137159E2,2.781860564871E1));
#3857=CARTESIAN_POINT('',(5.323403672782E1,2.183721648038E2,2.793278996075E1));
#3858=CARTESIAN_POINT('',(5.287727204291E1,2.193718183117E2,2.807953590044E1));
#3859=CARTESIAN_POINT('',(5.242474075975E1,2.203313397139E2,2.822335909379E1));
#3860=CARTESIAN_POINT('',(5.200673852726E1,2.210713446507E2,2.833108840843E1));
#3861=CARTESIAN_POINT('',(5.155169349380E1,2.217919746135E2,2.843167342479E1));
#3862=CARTESIAN_POINT('',(5.092017847016E1,2.226455687322E2,2.855131155647E1));
#3863=CARTESIAN_POINT('',(4.978367830960E1,2.239036535375E2,2.872737315479E1));
#3864=CARTESIAN_POINT('',(4.847225262704E1,2.249861273889E2,2.887893241687E1));
#3865=CARTESIAN_POINT('',(4.700898681327E1,2.258686742717E2,2.900247566359E1));
#3866=CARTESIAN_POINT('',(4.546190228044E1,2.266043435469E2,2.910546272328E1));
#3867=CARTESIAN_POINT('',(4.402854402755E1,2.270417769688E2,2.916669783896E1));
#3868=CARTESIAN_POINT('',(4.276218712109E1,2.272629232658E2,2.919765695271E1));
#3869=CARTESIAN_POINT('',(4.212409655066E1,2.273420195947E2,2.920872759385E1));
#3870=CARTESIAN_POINT('',(4.148453419160E1,2.273894204470E2,2.921537080058E1));
#3871=CARTESIAN_POINT('',(4.105686738719E1,2.274E2,2.921683674441E1));
#3872=CARTESIAN_POINT('',(4.084299999943E1,2.274E2,2.921683537187E1));
#3874=DIRECTION('',(3.259544374609E-11,0.E0,1.E0));
#3875=VECTOR('',#3874,1.778567037230E1);
#3876=CARTESIAN_POINT('',(4.084299999943E1,2.274E2,2.921683537187E1));
#3877=LINE('',#3876,#3875);
#3878=CARTESIAN_POINT('',(4.084300000001E1,2.144E2,4.700250574417E1));
#3879=DIRECTION('',(0.E0,0.E0,1.E0));
#3880=DIRECTION('',(8.986946286275E-1,4.385749245864E-1,0.E0));
#3881=AXIS2_PLACEMENT_3D('',#3878,#3879,#3880);
#3883=DIRECTION('',(-1.E0,0.E0,0.E0));
#3884=VECTOR('',#3883,3.141E0);
#3885=CARTESIAN_POINT('',(4.084300000001E1,2.274E2,4.700250574417E1));
#3886=LINE('',#3885,#3884);
#3887=DIRECTION('',(0.E0,1.E0,0.E0));
#3888=VECTOR('',#3887,7.298525980376E0);
#3889=CARTESIAN_POINT('',(3.770200000001E1,2.201014740196E2,4.700250574417E1));
#3890=LINE('',#3889,#3888);
#3891=DIRECTION('',(0.E0,1.E0,0.E0));
#3892=VECTOR('',#3891,7.298525980376E0);
#3893=CARTESIAN_POINT('',(3.720200000001E1,2.201014740196E2,4.750250574417E1));
#3894=LINE('',#3893,#3892);
#3895=CARTESIAN_POINT('',(3.770200000001E1,2.201014740196E2,4.900250574417E1));
#3896=DIRECTION('',(-1.E0,0.E0,0.E0));
#3897=DIRECTION('',(0.E0,0.E0,-1.E0));
#3898=AXIS2_PLACEMENT_3D('',#3895,#3896,#3897);
#3900=CARTESIAN_POINT('',(3.770200000001E1,2.201014740196E2,4.750250574417E1));
#3901=DIRECTION('',(0.E0,-1.E0,0.E0));
#3902=DIRECTION('',(-1.E0,0.E0,2.842170943040E-14));
#3903=AXIS2_PLACEMENT_3D('',#3900,#3901,#3902);
#3905=CARTESIAN_POINT('',(3.770200000001E1,2.187302236521E2,4.839449881193E1));
#3906=DIRECTION('',(0.E0,4.053379548312E-1,-9.141669116596E-1));
#3907=DIRECTION('',(0.E0,-9.141669116596E-1,-4.053379548312E-1));
#3908=AXIS2_PLACEMENT_3D('',#3905,#3906,#3907);
#3910=DIRECTION('',(-9.999999999999E-1,1.637042599551E-7,-3.345168992201E-7));
#3911=VECTOR('',#3910,1.555062548722E1);
#3912=CARTESIAN_POINT('',(5.325262548723E1,2.182731376506E2,4.819183503646E1));
#3913=LINE('',#3912,#3911);
#3914=CARTESIAN_POINT('',(5.325262548723E1,2.182731376506E2,4.819183503646E1));
#3915=CARTESIAN_POINT('',(5.324632023892E1,2.182933398458E2,4.814627261573E1));
#3916=CARTESIAN_POINT('',(5.323252489781E1,2.183372059236E2,4.805652943847E1));
#3917=CARTESIAN_POINT('',(5.320813679356E1,2.184131914896E2,4.792675435818E1));
#3918=CARTESIAN_POINT('',(5.318006399299E1,2.184987101432E2,4.780305218482E1));
#3919=CARTESIAN_POINT('',(5.314824569702E1,2.185934034911E2,4.768596005541E1));
#3920=CARTESIAN_POINT('',(5.311253524524E1,2.186968665614E2,4.757607860699E1));
#3921=CARTESIAN_POINT('',(5.307281342891E1,2.188087386110E2,4.747394311740E1));
#3922=CARTESIAN_POINT('',(5.302902270070E1,2.189284670349E2,4.738022105570E1));
#3923=CARTESIAN_POINT('',(5.298092728552E1,2.190558853922E2,4.729528290379E1));
#3924=CARTESIAN_POINT('',(5.292846582395E1,2.191903869457E2,4.721983489586E1));
#3925=CARTESIAN_POINT('',(5.287176332984E1,2.193311204163E2,4.715466318010E1));
#3926=CARTESIAN_POINT('',(5.281135193274E1,2.194761260891E2,4.710065109468E1));
#3927=CARTESIAN_POINT('',(5.274601539429E1,2.196275880296E2,4.705731752694E1));
#3928=CARTESIAN_POINT('',(5.267676246945E1,2.197825206004E2,4.702598470953E1));
#3929=CARTESIAN_POINT('',(5.260359369354E1,2.199406186840E2,4.700684686935E1));
#3930=CARTESIAN_POINT('',(5.255227931584E1,2.200476862559E2,4.700250574417E1));
#3931=CARTESIAN_POINT('',(5.252603017217E1,2.201014740196E2,4.700250574417E1));
#3933=DIRECTION('',(-1.E0,0.E0,0.E0));
#3934=VECTOR('',#3933,1.482403017216E1);
#3935=CARTESIAN_POINT('',(5.252603017217E1,2.201014740196E2,4.700250574417E1));
#3936=LINE('',#3935,#3934);
#3937=DIRECTION('',(-1.E0,2.650784199689E-14,-1.877638808113E-14));
#3938=VECTOR('',#3937,6.433200280974E0);
#3939=CARTESIAN_POINT('',(5.097620028099E1,2.152539203517E2,5.263096584919E1));
#3940=LINE('',#3939,#3938);
#3941=CARTESIAN_POINT('',(5.097620028099E1,2.152539203517E2,5.263096584919E1));
#3942=CARTESIAN_POINT('',(5.095951428429E1,2.153975570826E2,5.248495212642E1));
#3943=CARTESIAN_POINT('',(5.092015887774E1,2.156819989432E2,5.218383812993E1));
#3944=CARTESIAN_POINT('',(5.084428855954E1,2.160982576735E2,5.170449514067E1));
#3945=CARTESIAN_POINT('',(5.075306125606E1,2.165022060626E2,5.119702409092E1));
#3946=CARTESIAN_POINT('',(5.064823932702E1,2.168913647123E2,5.066173191778E1));
#3947=CARTESIAN_POINT('',(5.053196537036E1,2.172636192269E2,5.009857362866E1));
#3948=CARTESIAN_POINT('',(5.044833483713E1,2.174992023711E2,4.970434326996E1));
#3949=CARTESIAN_POINT('',(5.040544704517E1,2.176134862070E2,4.950250574417E1));
#3951=DIRECTION('',(-9.999999999942E-1,3.405277285465E-6,0.E0));
#3952=VECTOR('',#3951,3.034164951870E0);
#3953=CARTESIAN_POINT('',(5.343961199703E1,2.176134758748E2,4.950250574417E1));
#3954=LINE('',#3953,#3952);
#3955=CARTESIAN_POINT('',(5.325262548723E1,2.182731376506E2,4.819183503646E1));
#3956=CARTESIAN_POINT('',(5.327326336254E1,2.182070133101E2,4.834096660293E1));
#3957=CARTESIAN_POINT('',(5.331522460517E1,2.180699426477E2,4.863697498936E1));
#3958=CARTESIAN_POINT('',(5.337742385209E1,2.178499380631E2,4.907411665247E1));
#3959=CARTESIAN_POINT('',(5.341910802936E1,2.176938503480E2,4.936055579407E1));
#3960=CARTESIAN_POINT('',(5.343961199703E1,2.176134758748E2,4.950250574417E1));
#3962=DIRECTION('',(-1.E0,-1.764198838466E-11,1.725315645063E-11));
#3963=VECTOR('',#3962,6.340999998352E0);
#3964=CARTESIAN_POINT('',(4.404299999996E1,2.160999999997E2,5.169524059577E1));
#3965=LINE('',#3964,#3963);
#3966=DIRECTION('',(-9.999999999928E-1,2.418884242231E-6,-2.912702791979E-6));
#3967=VECTOR('',#3966,5.000031770713E-1);
#3968=CARTESIAN_POINT('',(4.454300317703E1,2.160999987902E2,5.169524205213E1));
#3969=LINE('',#3968,#3967);
#3970=DIRECTION('',(7.071067811866E-1,-5.040862339696E-1,-4.958800951059E-1));
#3971=VECTOR('',#3970,7.071067811865E-1);
#3972=CARTESIAN_POINT('',(4.404300000001E1,2.156103631460E2,5.298160602709E1));
#3973=LINE('',#3972,#3971);
#3974=CARTESIAN_POINT('',(4.454300000001E1,2.045606365214E2,4.211176051204E1));
#3975=DIRECTION('',(-1.E0,0.E0,0.E0));
#3976=DIRECTION('',(0.E0,7.128855886855E-1,7.012803558096E-1));
#3977=AXIS2_PLACEMENT_3D('',#3974,#3975,#3976);
#3979=CARTESIAN_POINT('',(4.4043E1,2.161000011791E2,5.246033361727E1));
#3980=CARTESIAN_POINT('',(4.409996160890E1,2.161000011791E2,5.237501704759E1));
#3981=CARTESIAN_POINT('',(4.421297839717E1,2.160999992885E2,5.220459743280E1));
#3982=CARTESIAN_POINT('',(4.437965402241E1,2.161000007218E2,5.194955904907E1));
#3983=CARTESIAN_POINT('',(4.448887959029E1,2.160999987902E2,5.177995589553E1));
#3984=CARTESIAN_POINT('',(4.454300317703E1,2.160999987902E2,5.169524205213E1));
#3986=DIRECTION('',(7.071067811739E-1,-7.071067811992E-1,7.147563301132E-10));
#3987=VECTOR('',#3986,7.071067812245E-1);
#3988=CARTESIAN_POINT('',(4.404299999999E1,2.1495E2,5.459455084495E1));
#3989=LINE('',#3988,#3987);
#3990=CARTESIAN_POINT('',(4.454300000001E1,2.1725E2,5.459455084545E1));
#3991=DIRECTION('',(-1.E0,0.E0,0.E0));
#3992=DIRECTION('',(0.E0,-7.128855886855E-1,-7.012803558096E-1));
#3993=AXIS2_PLACEMENT_3D('',#3990,#3991,#3992);
#3995=CARTESIAN_POINT('',(4.454300000001E1,2.214E2,5.720250574417E1));
#3996=DIRECTION('',(-1.E0,0.E0,0.E0));
#3997=DIRECTION('',(0.E0,-1.E0,0.E0));
#3998=AXIS2_PLACEMENT_3D('',#3995,#3996,#3997);
#4000=DIRECTION('',(7.071067811739E-1,-7.071067811992E-1,-8.931489791854E-10));
#4001=VECTOR('',#4000,7.071067812244E-1);
#4002=CARTESIAN_POINT('',(4.404299999999E1,2.1495E2,5.720250574480E1));
#4003=LINE('',#4002,#4001);
#4004=DIRECTION('',(-1.E0,-2.448799608829E-8,-1.133895552408E-7));
#4005=VECTOR('',#4004,6.449874371082E0);
#4006=CARTESIAN_POINT('',(5.099287437109E1,2.151E2,6.013721186232E1));
#4007=LINE('',#4006,#4005);
#4008=CARTESIAN_POINT('',(5.103687312308E1,2.1445E2,5.720250574417E1));
#4009=CARTESIAN_POINT('',(5.103687312308E1,2.1445E2,5.732961522884E1));
#4010=CARTESIAN_POINT('',(5.103664340517E1,2.144569773243E2,5.758374536622E1));
#4011=CARTESIAN_POINT('',(5.103548275845E1,2.144882907785E2,5.796359102160E1));
#4012=CARTESIAN_POINT('',(5.103336695374E1,2.145403555026E2,5.834076256835E1));
#4013=CARTESIAN_POINT('',(5.102997632533E1,2.146123114094E2,5.871165829208E1));
#4014=CARTESIAN_POINT('',(5.102488801041E1,2.147047175001E2,5.907957250084E1));
#4015=CARTESIAN_POINT('',(5.101755951381E1,2.148162435519E2,5.943945055777E1));
#4016=CARTESIAN_POINT('',(5.100738247924E1,2.149472272618E2,5.979318478175E1));
#4017=CARTESIAN_POINT('',(5.099819690445E1,2.150470414617E2,6.002352457037E1));
#4018=CARTESIAN_POINT('',(5.099287437109E1,2.151E2,6.013721186232E1));
#4020=DIRECTION('',(1.E0,0.E0,0.E0));
#4021=VECTOR('',#4020,6.493873123069E0);
#4022=CARTESIAN_POINT('',(4.454300000001E1,2.1445E2,5.720250574417E1));
#4023=LINE('',#4022,#4021);
#4024=DIRECTION('',(0.E0,0.E0,1.E0));
#4025=VECTOR('',#4024,2.607954898720E0);
#4026=CARTESIAN_POINT('',(4.454300000001E1,2.1445E2,5.459455084545E1));
#4027=LINE('',#4026,#4025);
#4028=DIRECTION('',(-1.E0,0.E0,0.E0));
#4029=VECTOR('',#4028,6.493873123069E0);
#4030=CARTESIAN_POINT('',(5.103687312308E1,2.1445E2,5.459455084545E1));
#4031=LINE('',#4030,#4029);
#4032=CARTESIAN_POINT('',(5.097620028099E1,2.152539203517E2,5.263096584919E1));
#4033=CARTESIAN_POINT('',(5.098151473500E1,2.152081723622E2,5.267747090543E1));
#4034=CARTESIAN_POINT('',(5.099114058453E1,2.151197333915E2,5.277387389937E1));
#4035=CARTESIAN_POINT('',(5.100291938058E1,2.149969503449E2,5.292818896852E1));
#4036=CARTESIAN_POINT('',(5.101232524873E1,2.148851009851E2,5.309112520028E1));
#4037=CARTESIAN_POINT('',(5.101966790872E1,2.147849312400E2,5.326171275893E1));
#4038=CARTESIAN_POINT('',(5.102525958077E1,2.146972494802E2,5.343852504349E1));
#4039=CARTESIAN_POINT('',(5.102942800479E1,2.146223482045E2,5.362068601676E1));
#4040=CARTESIAN_POINT('',(5.103246610429E1,2.145601486978E2,5.380853597717E1));
#4041=CARTESIAN_POINT('',(5.103456813149E1,2.145111785246E2,5.400120745669E1));
#4042=CARTESIAN_POINT('',(5.103595090400E1,2.144759423929E2,5.419724954950E1));
#4043=CARTESIAN_POINT('',(5.103672028914E1,2.144547114333E2,5.439555037683E1));
#4044=CARTESIAN_POINT('',(5.103687312308E1,2.1445E2,5.452822964824E1));
#4045=CARTESIAN_POINT('',(5.103687312308E1,2.1445E2,5.459455084545E1));
#4047=CARTESIAN_POINT('',(3.770200000161E1,2.160999999996E2,5.169524059588E1));
#4048=CARTESIAN_POINT('',(3.768868869859E1,2.160999999996E2,5.169524059588E1));
#4049=CARTESIAN_POINT('',(3.766197316220E1,2.161000000002E2,5.169692011608E1));
#4050=CARTESIAN_POINT('',(3.762174855194E1,2.160999999999E2,5.170455296679E1));
#4051=CARTESIAN_POINT('',(3.758098980305E1,2.161E2,5.171762761461E1));
#4052=CARTESIAN_POINT('',(3.753988422599E1,2.161E2,5.173650449203E1));
#4053=CARTESIAN_POINT('',(3.749831172137E1,2.161E2,5.176184562818E1));
#4054=CARTESIAN_POINT('',(3.745689943749E1,2.161E2,5.179409068002E1));
#4055=CARTESIAN_POINT('',(3.741627573749E1,2.161E2,5.183349092527E1));
#4056=CARTESIAN_POINT('',(3.737612886449E1,2.161E2,5.188138781375E1));
#4057=CARTESIAN_POINT('',(3.733731876950E1,2.161E2,5.193835363024E1));
#4058=CARTESIAN_POINT('',(3.730048127150E1,2.161E2,5.200555998420E1));
#4059=CARTESIAN_POINT('',(3.726721650726E1,2.161E2,5.208285274322E1));
#4060=CARTESIAN_POINT('',(3.723925688145E1,2.161E2,5.216911762904E1));
#4061=CARTESIAN_POINT('',(3.721821196382E1,2.161E2,5.226192782722E1));
#4062=CARTESIAN_POINT('',(3.720504753535E1,2.161E2,5.235963319351E1));
#4063=CARTESIAN_POINT('',(3.720200000001E1,2.161E2,5.242640751985E1));
#4064=CARTESIAN_POINT('',(3.720200000001E1,2.161E2,5.246033966616E1));
#4066=CARTESIAN_POINT('',(3.770200000001E1,2.045606365214E2,4.211176051204E1));
#4067=DIRECTION('',(-1.E0,0.E0,0.E0));
#4068=DIRECTION('',(0.E0,7.692908984831E-1,6.388986723347E-1));
#4069=AXIS2_PLACEMENT_3D('',#4066,#4067,#4068);
#4071=DIRECTION('',(1.E0,-3.024558465923E-12,-5.120560864355E-13));
#4072=VECTOR('',#4071,6.840999999985E0);
#4073=CARTESIAN_POINT('',(3.720200000001E1,2.161E2,5.410250574386E1));
#4074=LINE('',#4073,#4072);
#4075=DIRECTION('',(-3.029006293344E-12,-1.E0,-3.637080727467E-13));
#4076=VECTOR('',#4075,1.250308654004E0);
#4077=CARTESIAN_POINT('',(3.720200000001E1,2.173503086540E2,5.410250574387E1));
#4078=LINE('',#4077,#4076);
#4079=DIRECTION('',(-1.E0,-3.500701950488E-9,6.026772167647E-9));
#4080=VECTOR('',#4079,1.800000000028E0);
#4081=CARTESIAN_POINT('',(4.404300000001E1,2.173503086501E2,5.410250574386E1));
#4082=LINE('',#4081,#4080);
#4083=DIRECTION('',(-1.E0,4.689582056036E-12,-1.192527558189E-11));
#4084=VECTOR('',#4083,1.799999999993E0);
#4085=CARTESIAN_POINT('',(4.404300000004E1,2.245E2,6.125219708735E1));
#4086=LINE('',#4085,#4084);
#4087=DIRECTION('',(2.776095479432E-12,-8.776190459138E-13,-1.E0));
#4088=VECTOR('',#4087,6.250308656823E0);
#4089=CARTESIAN_POINT('',(4.404300000002E1,2.245E2,6.750250574417E1));
#4090=LINE('',#4089,#4088);
#4091=DIRECTION('',(0.E0,-9.664648361637E-12,-1.E0));
#4092=VECTOR('',#4091,1.016925474500E1);
#4093=CARTESIAN_POINT('',(5.104300000001E1,2.091106364813E2,5.967176048917E1));
#4094=LINE('',#4093,#4092);
#4095=DIRECTION('',(0.E0,-9.661853495136E-12,-1.E0));
#4096=VECTOR('',#4095,1.016925474500E1);
#4097=CARTESIAN_POINT('',(5.154300000001E1,2.091106364813E2,5.967176048917E1));
#4098=LINE('',#4097,#4096);
#4099=DIRECTION('',(1.E0,0.E0,0.E0));
#4100=VECTOR('',#4099,4.999999999999E-1);
#4101=CARTESIAN_POINT('',(5.104300000001E1,2.091106364812E2,4.950250574417E1));
#4102=LINE('',#4101,#4100);
#4103=DIRECTION('',(0.E0,-1.E0,9.663381206203E-12));
#4104=VECTOR('',#4103,4.800000000067E0);
#4105=CARTESIAN_POINT('',(5.104300000001E1,2.139106364814E2,5.967176048913E1));
#4106=LINE('',#4105,#4104);
#4107=DIRECTION('',(0.E0,1.E0,-9.663381206203E-12));
#4108=VECTOR('',#4107,4.800000000067E0);
#4109=CARTESIAN_POINT('',(5.154300000001E1,2.091106364813E2,5.967176048917E1));
#4110=LINE('',#4109,#4108);
#4111=DIRECTION('',(1.E0,0.E0,0.E0));
#4112=VECTOR('',#4111,4.999999999999E-1);
#4113=CARTESIAN_POINT('',(5.104300000001E1,2.091106364813E2,5.967176048917E1));
#4114=LINE('',#4113,#4112);
#4115=DIRECTION('',(0.E0,-9.663381206676E-12,-1.E0));
#4116=VECTOR('',#4115,2.999999999895E0);
#4117=CARTESIAN_POINT('',(5.104300000001E1,2.139106364814E2,6.267176048902E1));
#4118=LINE('',#4117,#4116);
#4119=DIRECTION('',(1.E0,0.E0,0.E0));
#4120=VECTOR('',#4119,4.999999999999E-1);
#4121=CARTESIAN_POINT('',(5.104300000001E1,2.139106364814E2,6.267176048902E1));
#4122=LINE('',#4121,#4120);
#4123=DIRECTION('',(0.E0,-9.663381206676E-12,-1.E0));
#4124=VECTOR('',#4123,2.999999999895E0);
#4125=CARTESIAN_POINT('',(5.154300000001E1,2.139106364814E2,6.267176048902E1));
#4126=LINE('',#4125,#4124);
#4127=DIRECTION('',(1.E0,0.E0,1.421085471520E-14));
#4128=VECTOR('',#4127,4.999999999999E-1);
#4129=CARTESIAN_POINT('',(5.104300000001E1,2.139106364814E2,5.967176048913E1));
#4130=LINE('',#4129,#4128);
#4131=DIRECTION('',(0.E0,1.E0,-9.663654491987E-12));
#4132=VECTOR('',#4131,2.600000000005E1);
#4133=CARTESIAN_POINT('',(5.154300000001E1,1.879106364814E2,6.267176048927E1));
#4134=LINE('',#4133,#4132);
#4135=DIRECTION('',(0.E0,1.E0,-9.663654491987E-12));
#4136=VECTOR('',#4135,2.600000000005E1);
#4137=CARTESIAN_POINT('',(5.104300000001E1,1.879106364814E2,6.267176048927E1));
#4138=LINE('',#4137,#4136);
#4139=DIRECTION('',(1.E0,0.E0,0.E0));
#4140=VECTOR('',#4139,4.999999999999E-1);
#4141=CARTESIAN_POINT('',(5.104300000001E1,1.879106364814E2,6.267176048927E1));
#4142=LINE('',#4141,#4140);
#4143=DIRECTION('',(0.E0,1.E0,4.838855740014E-12));
#4144=VECTOR('',#4143,1.189999999997E1);
#4145=CARTESIAN_POINT('',(5.154300000001E1,1.879106364813E2,5.667176048933E1));
#4146=LINE('',#4145,#4144);
#4147=DIRECTION('',(0.E0,9.663381206428E-12,1.E0));
#4148=VECTOR('',#4147,5.999999999944E0);
#4149=CARTESIAN_POINT('',(5.104300000001E1,1.879106364813E2,5.667176048933E1));
#4150=LINE('',#4149,#4148);
#4151=DIRECTION('',(1.E0,1.136868377216E-13,0.E0));
#4152=VECTOR('',#4151,4.999999999999E-1);
#4153=CARTESIAN_POINT('',(5.104300000001E1,1.879106364813E2,5.667176048933E1));
#4154=LINE('',#4153,#4152);
#4155=DIRECTION('',(0.E0,9.663381206428E-12,1.E0));
#4156=VECTOR('',#4155,5.999999999944E0);
#4157=CARTESIAN_POINT('',(5.154300000001E1,1.879106364813E2,5.667176048933E1));
#4158=LINE('',#4157,#4156);
#4159=DIRECTION('',(0.E0,-1.E0,-4.838258645278E-12));
#4160=VECTOR('',#4159,1.189999999997E1);
#4161=CARTESIAN_POINT('',(5.104300000001E1,1.998106364813E2,5.667176048939E1));
#4162=LINE('',#4161,#4160);
#4163=DIRECTION('',(0.E0,9.665178606966E-12,1.E0));
#4164=VECTOR('',#4163,7.169254745214E0);
#4165=CARTESIAN_POINT('',(5.104300000001E1,1.998106364812E2,4.950250574417E1));
#4166=LINE('',#4165,#4164);
#4167=DIRECTION('',(0.E0,9.665178606966E-12,1.E0));
#4168=VECTOR('',#4167,7.169254745214E0);
#4169=CARTESIAN_POINT('',(5.154300000001E1,1.998106364812E2,4.950250574417E1));
#4170=LINE('',#4169,#4168);
#4171=DIRECTION('',(1.E0,-5.684341886081E-14,0.E0));
#4172=VECTOR('',#4171,4.999999999999E-1);
#4173=CARTESIAN_POINT('',(5.104300000001E1,1.998106364813E2,5.667176048939E1));
#4174=LINE('',#4173,#4172);
#4175=DIRECTION('',(-5.587763261797E-14,5.518778530170E-14,1.E0));
#4176=VECTOR('',#4175,1.030000000001E1);
#4177=CARTESIAN_POINT('',(4.518944660942E1,2.263535533906E2,5.720250574416E1));
#4178=LINE('',#4177,#4176);
#4179=DIRECTION('',(3.794160239492E-14,0.E0,1.E0));
#4180=VECTOR('',#4179,1.030000000001E1);
#4181=CARTESIAN_POINT('',(4.483589321882E1,2.265E2,5.720250574416E1));
#4182=LINE('',#4181,#4180);
#4183=CARTESIAN_POINT('',(4.589655339060E1,2.256464466094E2,5.475179527657E1));
#4184=CARTESIAN_POINT('',(4.585131754192E1,2.256916824581E2,5.482361457309E1));
#4185=CARTESIAN_POINT('',(4.576597725860E1,2.257770227414E2,5.496794702899E1));
#4186=CARTESIAN_POINT('',(4.565276669325E1,2.258902333068E2,5.518544304750E1));
#4187=CARTESIAN_POINT('',(4.555339888572E1,2.259896011143E2,5.540374243675E1));
#4188=CARTESIAN_POINT('',(4.546667644388E1,2.260763235561E2,5.562380702928E1));
#4189=CARTESIAN_POINT('',(4.539213501288E1,2.261508649871E2,5.584543361057E1));
#4190=CARTESIAN_POINT('',(4.532961048316E1,2.262133895169E2,5.606800795227E1));
#4191=CARTESIAN_POINT('',(4.527893667576E1,2.262640633243E2,5.629046214474E1));
#4192=CARTESIAN_POINT('',(4.523923424138E1,2.263037657586E2,5.651528123959E1));
#4193=CARTESIAN_POINT('',(4.521062610345E1,2.263323738966E2,5.674151728741E1));
#4194=CARTESIAN_POINT('',(4.519333590303E1,2.263496640970E2,5.697065775516E1));
#4195=CARTESIAN_POINT('',(4.518940119527E1,2.263535988047E2,5.712494579466E1));
#4196=CARTESIAN_POINT('',(4.518944660942E1,2.263535533906E2,5.720250574416E1));
#4198=CARTESIAN_POINT('',(4.483589321882E1,2.26E2,5.720250574417E1));
#4199=DIRECTION('',(0.E0,0.E0,-1.E0));
#4200=DIRECTION('',(0.E0,1.E0,0.E0));
#4201=AXIS2_PLACEMENT_3D('',#4198,#4199,#4200);
#4203=CARTESIAN_POINT('',(4.604300111165E1,2.252928971736E2,5.392594294875E1));
#4204=CARTESIAN_POINT('',(4.604300111165E1,2.253107942018E2,5.395271155877E1));
#4205=CARTESIAN_POINT('',(4.604106920742E1,2.253484451435E2,5.401241741549E1));
#4206=CARTESIAN_POINT('',(4.603074842652E1,2.254087817572E2,5.412116951635E1));
#4207=CARTESIAN_POINT('',(4.601181904671E1,2.254708989442E2,5.424946987884E1));
#4208=CARTESIAN_POINT('',(4.598345616964E1,2.255329216179E2,5.439758144237E1));
#4209=CARTESIAN_POINT('',(4.594537586525E1,2.255925526828E2,5.456462134963E1));
#4210=CARTESIAN_POINT('',(4.591390834038E1,2.256290915177E2,5.468747234710E1));
#4211=CARTESIAN_POINT('',(4.589655339060E1,2.256464466094E2,5.475179527657E1));
#4213=CARTESIAN_POINT('',(4.604299999798E1,2.251616039211E2,5.375846051135E1));
#4214=CARTESIAN_POINT('',(4.603268561298E1,2.251730394419E2,5.377096943784E1));
#4215=CARTESIAN_POINT('',(4.592558084974E1,2.252922344077E2,5.390175505397E1));
#4216=CARTESIAN_POINT('',(4.572945359320E1,2.255091521134E2,5.416856938968E1));
#4217=CARTESIAN_POINT('',(4.547694572880E1,2.257893082573E2,5.458866238840E1));
#4218=CARTESIAN_POINT('',(4.525748913945E1,2.260325645262E2,5.504789609499E1));
#4219=CARTESIAN_POINT('',(4.510667642711E1,2.261997835801E2,5.546178738278E1));
#4220=CARTESIAN_POINT('',(4.500805781295E1,2.263091191252E2,5.581114214517E1));
#4221=CARTESIAN_POINT('',(4.492596387294E1,2.264001402558E2,5.616981526378E1));
#4222=CARTESIAN_POINT('',(4.486944699811E1,2.264627789823E2,5.654006984931E1));
#4223=CARTESIAN_POINT('',(4.484070692591E1,2.264946924530E2,5.691753896971E1));
#4224=CARTESIAN_POINT('',(4.483582949645E1,2.265E2,5.710712276046E1));
#4225=CARTESIAN_POINT('',(4.483589321882E1,2.265E2,5.720250574416E1));
#4227=DIRECTION('',(1.E0,0.E0,-3.507644260822E-12));
#4228=VECTOR('',#4227,2.592893218766E0);
#4229=CARTESIAN_POINT('',(4.224300000006E1,2.265E2,5.720250574417E1));
#4230=LINE('',#4229,#4228);
#4231=DIRECTION('',(1.E0,0.E0,0.E0));
#4232=VECTOR('',#4231,3.799999999993E0);
#4233=CARTESIAN_POINT('',(4.224300000002E1,2.214E2,5.210250574417E1));
#4234=LINE('',#4233,#4232);
#4235=DIRECTION('',(0.E0,1.E0,0.E0));
#4236=VECTOR('',#4235,3.3E0);
#4237=CARTESIAN_POINT('',(4.604300000001E1,2.181E2,5.210250574417E1));
#4238=LINE('',#4237,#4236);
#4239=DIRECTION('',(-8.187914859774E-8,-2.912934173019E-7,1.E0));
#4240=VECTOR('',#4239,1.357656279543E1);
#4241=CARTESIAN_POINT('',(4.604300111165E1,2.252928971736E2,5.392594294875E1));
#4242=LINE('',#4241,#4240);
#4243=DIRECTION('',(3.510721419533E-13,2.607964483082E-13,1.E0));
#4244=VECTOR('',#4243,1.275071046761E1);
#4245=CARTESIAN_POINT('',(4.589655339060E1,2.256464466094E2,5.475179527657E1));
#4246=LINE('',#4245,#4244);
#4247=CARTESIAN_POINT('',(5.263105830158E1,2.185380786402E2,2.385106675101E1));
#4248=CARTESIAN_POINT('',(5.263448045592E1,2.184882738167E2,2.379171167366E1));
#4249=CARTESIAN_POINT('',(5.264013337367E1,2.183886455569E2,2.367297869153E1));
#4250=CARTESIAN_POINT('',(5.264511352070E1,2.182391218795E2,2.349478351559E1));
#4251=CARTESIAN_POINT('',(5.264596905801E1,2.181394260702E2,2.337597077885E1));
#4252=CARTESIAN_POINT('',(5.264584680861E1,2.180895727177E2,2.331655786693E1));
#4254=DIRECTION('',(0.E0,-6.427876096865E-1,-7.660444431190E-1));
#4255=VECTOR('',#4254,2.557571471437E0);
#4256=CARTESIAN_POINT('',(4.774299999993E1,2.185380795435E2,2.385106737731E1));
#4257=LINE('',#4256,#4255);
#4258=DIRECTION('',(1.132740774057E-14,6.427876096867E-1,7.660444431189E-1));
#4259=VECTOR('',#4258,2.509109769979E0);
#4260=CARTESIAN_POINT('',(4.744299999993E1,2.174614859822E2,2.147902645406E1));
#4261=LINE('',#4260,#4259);
#4262=DIRECTION('',(-1.776356839400E-14,-7.660444431190E-1,6.427876096865E-1));
#4263=VECTOR('',#4262,4.E-1);
#4264=CARTESIAN_POINT('',(4.744299999993E1,2.190743106537E2,2.340111605053E1));
#4265=LINE('',#4264,#4263);
#4266=DIRECTION('',(-1.415925967571E-14,-6.427876096864E-1,-7.660444431191E-1));
#4267=VECTOR('',#4266,2.509109769979E0);
#4268=CARTESIAN_POINT('',(4.744299999993E1,2.187678928765E2,2.365823109440E1));
#4269=LINE('',#4268,#4267);
#4270=CARTESIAN_POINT('',(4.744299999993E1,2.158999999996E2,1.992926468981E1));
#4271=DIRECTION('',(1.E0,0.E0,0.E0));
#4272=DIRECTION('',(0.E0,7.097663557566E-1,7.044371655698E-1));
#4273=AXIS2_PLACEMENT_3D('',#4270,#4271,#4272);
#4275=DIRECTION('',(0.E0,6.427876096865E-1,7.660444431190E-1));
#4276=VECTOR('',#4275,2.557571471437E0);
#4277=CARTESIAN_POINT('',(4.774299999993E1,2.176601487339E2,2.124906635405E1));
#4278=LINE('',#4277,#4276);
#4279=DIRECTION('',(1.E0,0.E0,0.E0));
#4280=VECTOR('',#4279,7.022075538041E0);
#4281=CARTESIAN_POINT('',(4.434300000001E1,2.180999999996E2,1.992926468981E1));
#4282=LINE('',#4281,#4280);
#4283=CARTESIAN_POINT('',(5.136507553805E1,2.180999999996E2,1.992926468981E1));
#4284=CARTESIAN_POINT('',(5.139116209031E1,2.180999999996E2,1.998519777190E1));
#4285=CARTESIAN_POINT('',(5.144564821178E1,2.180957420505E2,2.009816752576E1));
#4286=CARTESIAN_POINT('',(5.153410280340E1,2.180757174928E2,2.027055015119E1));
#4287=CARTESIAN_POINT('',(5.162798743297E1,2.180414807902E2,2.044362899760E1));
#4288=CARTESIAN_POINT('',(5.172583491762E1,2.179928881601E2,2.061514029756E1));
#4289=CARTESIAN_POINT('',(5.182575356677E1,2.179305040507E2,2.078231845459E1));
#4290=CARTESIAN_POINT('',(5.192729101965E1,2.178543100430E2,2.094490267003E1));
#4291=CARTESIAN_POINT('',(5.202959379788E1,2.177643798454E2,2.110185658243E1));
#4292=CARTESIAN_POINT('',(5.209701614718E1,2.176962433034E2,2.120092896154E1));
#4293=CARTESIAN_POINT('',(5.213049337641E1,2.176601487339E2,2.124906635405E1));
#4295=DIRECTION('',(1.E0,-2.591156908206E-14,-2.105314987917E-14));
#4296=VECTOR('',#4295,4.387493376475E0);
#4297=CARTESIAN_POINT('',(4.774299999993E1,2.176601487339E2,2.124906635405E1));
#4298=LINE('',#4297,#4296);
#4299=CARTESIAN_POINT('',(4.744299999993E1,2.174614859822E2,2.147902645406E1));
#4300=CARTESIAN_POINT('',(4.744299999993E1,2.174700598613E2,2.147038771212E1));
#4301=CARTESIAN_POINT('',(4.744446730030E1,2.174869738279E2,2.145306065439E1));
#4302=CARTESIAN_POINT('',(4.745106555512E1,2.175118348725E2,2.142673469151E1));
#4303=CARTESIAN_POINT('',(4.746197718083E1,2.175356262397E2,2.140070245746E1));
#4304=CARTESIAN_POINT('',(4.747721403546E1,2.175581309013E2,2.137528016853E1));
#4305=CARTESIAN_POINT('',(4.749618387843E1,2.175786566723E2,2.135138219514E1));
#4306=CARTESIAN_POINT('',(4.751882334283E1,2.175973313800E2,2.132902245253E1));
#4307=CARTESIAN_POINT('',(4.754471655847E1,2.176137893349E2,2.130880232624E1));
#4308=CARTESIAN_POINT('',(4.757344539407E1,2.176279176491E2,2.129104507327E1));
#4309=CARTESIAN_POINT('',(4.760456379657E1,2.176396343140E2,2.127602715475E1));
#4310=CARTESIAN_POINT('',(4.763761447891E1,2.176488048744E2,2.126408172239E1));
#4311=CARTESIAN_POINT('',(4.767204939180E1,2.176553409490E2,2.125546311184E1));
#4312=CARTESIAN_POINT('',(4.770743338217E1,2.176592740685E2,2.125023407061E1));
#4313=CARTESIAN_POINT('',(4.773110064875E1,2.176601487339E2,2.124906635405E1));
#4314=CARTESIAN_POINT('',(4.774299999993E1,2.176601487339E2,2.124906635405E1));
#4316=CARTESIAN_POINT('',(4.774299999993E1,2.168941042908E2,2.189185396374E1));
#4317=CARTESIAN_POINT('',(4.773108635220E1,2.168941042908E2,2.189185396374E1));
#4318=CARTESIAN_POINT('',(4.770737624419E1,2.168954182372E2,2.189118924244E1));
#4319=CARTESIAN_POINT('',(4.767188024758E1,2.169012889679E2,2.188820442157E1));
#4320=CARTESIAN_POINT('',(4.763730056114E1,2.169109726134E2,2.188323241228E1));
#4321=CARTESIAN_POINT('',(4.760420869254E1,2.169243654476E2,2.187625533970E1));
#4322=CARTESIAN_POINT('',(4.757307618440E1,2.169412347134E2,2.186729882470E1));
#4323=CARTESIAN_POINT('',(4.754438630064E1,2.169612230154E2,2.185643993197E1));
#4324=CARTESIAN_POINT('',(4.751859042022E1,2.169840078196E2,2.184373130631E1));
#4325=CARTESIAN_POINT('',(4.749607032020E1,2.170092152308E2,2.182925037765E1));
#4326=CARTESIAN_POINT('',(4.747718324166E1,2.170362067683E2,2.181324755950E1));
#4327=CARTESIAN_POINT('',(4.746194349252E1,2.170651237778E2,2.179551430273E1));
#4328=CARTESIAN_POINT('',(4.745105966375E1,2.170948072727E2,2.177665776990E1));
#4329=CARTESIAN_POINT('',(4.744446924324E1,2.171250053182E2,2.175677723445E1));
#4330=CARTESIAN_POINT('',(4.744299999993E1,2.171450416674E2,2.174310599513E1));
#4331=CARTESIAN_POINT('',(4.744299999993E1,2.171550682050E2,2.173614149794E1));
#4333=DIRECTION('',(1.E0,2.550698882612E-13,3.065186441320E-13));
#4334=VECTOR('',#4333,4.902794381034E0);
#4335=CARTESIAN_POINT('',(4.774299999993E1,2.168941042908E2,2.189185396374E1));
#4336=LINE('',#4335,#4334);
#4337=CARTESIAN_POINT('',(5.264579438097E1,2.168941042908E2,2.189185396374E1));
#4338=CARTESIAN_POINT('',(5.267105967840E1,2.168439742965E2,2.191724615511E1));
#4339=CARTESIAN_POINT('',(5.272001659995E1,2.167421263262E2,2.196400475158E1));
#4340=CARTESIAN_POINT('',(5.278865722724E1,2.165856517951E2,2.202189183336E1));
#4341=CARTESIAN_POINT('',(5.285255407977E1,2.164262334997E2,2.206753829649E1));
#4342=CARTESIAN_POINT('',(5.291178148686E1,2.162643680155E2,2.210096354814E1));
#4343=CARTESIAN_POINT('',(5.296613908228E1,2.161016242373E2,2.212204238641E1));
#4344=CARTESIAN_POINT('',(5.301593149084E1,2.159384140148E2,2.213094607149E1));
#4345=CARTESIAN_POINT('',(5.306120333425E1,2.157756386580E2,2.212774147994E1));
#4346=CARTESIAN_POINT('',(5.310187847671E1,2.156146826830E2,2.211267250776E1));
#4347=CARTESIAN_POINT('',(5.313831147971E1,2.154554372115E2,2.208590135564E1));
#4348=CARTESIAN_POINT('',(5.317075794560E1,2.152980114386E2,2.204737292961E1));
#4349=CARTESIAN_POINT('',(5.319919451332E1,2.151438428261E2,2.199733925076E1));
#4350=CARTESIAN_POINT('',(5.322354048188E1,2.149945819391E2,2.193646506804E1));
#4351=CARTESIAN_POINT('',(5.324400746771E1,2.148503751983E2,2.186495861276E1));
#4352=CARTESIAN_POINT('',(5.326069651409E1,2.147117984596E2,2.178313457443E1));
#4353=CARTESIAN_POINT('',(5.326938663967E1,2.146233076807E2,2.172173784349E1));
#4354=CARTESIAN_POINT('',(5.327313702352E1,2.145801983353E2,2.168941342417E1));
#4356=DIRECTION('',(1.E0,0.E0,0.E0));
#4357=VECTOR('',#4356,5.530137023587E0);
#4358=CARTESIAN_POINT('',(4.774299999993E1,2.145801983353E2,2.168941342417E1));
#4359=LINE('',#4358,#4357);
#4360=CARTESIAN_POINT('',(4.744299999993E1,2.143502382353E2,2.149075067247E1));
#4361=CARTESIAN_POINT('',(4.744299999993E1,2.143588769772E2,2.149932455152E1));
#4362=CARTESIAN_POINT('',(4.744446730030E1,2.143762040350E2,2.151623851814E1));
#4363=CARTESIAN_POINT('',(4.745106555513E1,2.144025299979E2,2.154109956273E1));
#4364=CARTESIAN_POINT('',(4.746197718083E1,2.144285622319E2,2.156489092991E1));
#4365=CARTESIAN_POINT('',(4.747721403546E1,2.144539845208E2,2.158739559151E1));
#4366=CARTESIAN_POINT('',(4.749618387843E1,2.144778824942E2,2.160792136260E1));
#4367=CARTESIAN_POINT('',(4.751882334283E1,2.145002422368E2,2.162659607030E1));
#4368=CARTESIAN_POINT('',(4.754471655847E1,2.145204623631E2,2.164305402518E1));
#4369=CARTESIAN_POINT('',(4.757344539407E1,2.145382196161E2,2.165718233940E1));
#4370=CARTESIAN_POINT('',(4.760456379658E1,2.145532375346E2,2.166889900421E1));
#4371=CARTESIAN_POINT('',(4.763761447891E1,2.145651829670E2,2.167806956470E1));
#4372=CARTESIAN_POINT('',(4.767204939180E1,2.145738015775E2,2.168460563923E1));
#4373=CARTESIAN_POINT('',(4.770743338217E1,2.145790306187E2,2.168853875875E1));
#4374=CARTESIAN_POINT('',(4.773110064875E1,2.145801983353E2,2.168941342417E1));
#4375=CARTESIAN_POINT('',(4.774299999993E1,2.145801983353E2,2.168941342417E1));
#4377=CARTESIAN_POINT('',(4.774299999993E1,2.139374107256E2,2.092336898105E1));
#4378=CARTESIAN_POINT('',(4.773108635224E1,2.139374107256E2,2.092336898105E1));
#4379=CARTESIAN_POINT('',(4.770737624427E1,2.139380754469E2,2.092468292744E1));
#4380=CARTESIAN_POINT('',(4.767188024754E1,2.139410602678E2,2.093055365813E1));
#4381=CARTESIAN_POINT('',(4.763730056107E1,2.139460322771E2,2.094023730369E1));
#4382=CARTESIAN_POINT('',(4.760420869245E1,2.139530093497E2,2.095363013791E1));
#4383=CARTESIAN_POINT('',(4.757307618431E1,2.139619658647E2,2.097049940369E1));
#4384=CARTESIAN_POINT('',(4.754438630059E1,2.139728247574E2,2.099048770571E1));
#4385=CARTESIAN_POINT('',(4.751859042019E1,2.139855333831E2,2.101327250993E1));
#4386=CARTESIAN_POINT('',(4.749607032016E1,2.140000143117E2,2.103847992113E1));
#4387=CARTESIAN_POINT('',(4.747718324162E1,2.140160171299E2,2.106547145861E1));
#4388=CARTESIAN_POINT('',(4.746194349250E1,2.140337503867E2,2.109438846808E1));
#4389=CARTESIAN_POINT('',(4.745105966374E1,2.140526069195E2,2.112407196305E1));
#4390=CARTESIAN_POINT('',(4.744446924324E1,2.140724874549E2,2.115427000846E1));
#4391=CARTESIAN_POINT('',(4.744299999993E1,2.140861586942E2,2.117430635772E1));
#4392=CARTESIAN_POINT('',(4.744299999993E1,2.140931231914E2,2.118433289522E1));
#4394=DIRECTION('',(1.E0,-1.027884455997E-14,0.E0));
#4395=VECTOR('',#4394,5.530137023587E0);
#4396=CARTESIAN_POINT('',(4.774299999993E1,2.139374107256E2,2.092336898105E1));
#4397=LINE('',#4396,#4395);
#4398=CARTESIAN_POINT('',(5.327313702352E1,2.139374107256E2,2.092336898105E1));
#4399=CARTESIAN_POINT('',(5.326972907917E1,2.139152863622E2,2.087969042673E1));
#4400=CARTESIAN_POINT('',(5.326190282450E1,2.138739583035E2,2.079086060805E1));
#4401=CARTESIAN_POINT('',(5.324711580794E1,2.138210184606E2,2.065384935114E1));
#4402=CARTESIAN_POINT('',(5.322920859243E1,2.137772998654E2,2.051352763541E1));
#4403=CARTESIAN_POINT('',(5.320802517218E1,2.137429344577E2,2.037010590080E1));
#4404=CARTESIAN_POINT('',(5.318352193891E1,2.137181872271E2,2.022423578867E1));
#4405=CARTESIAN_POINT('',(5.315561676360E1,2.137032919831E2,2.007681342715E1));
#4406=CARTESIAN_POINT('',(5.313480573988E1,2.136999999996E2,1.997841767165E1));
#4407=CARTESIAN_POINT('',(5.312383592893E1,2.136999999996E2,1.992926468981E1));
#4409=DIRECTION('',(1.E0,-2.265752003833E-14,0.E0));
#4410=VECTOR('',#4409,8.780835928923E0);
#4411=CARTESIAN_POINT('',(4.434300000001E1,2.136999999996E2,1.992926468981E1));
#4412=LINE('',#4411,#4410);
#4413=DIRECTION('',(7.071067811865E-1,7.071067811866E-1,0.E0));
#4414=VECTOR('',#4413,7.071067811866E-1);
#4415=CARTESIAN_POINT('',(4.384300000001E1,2.175999999996E2,1.992926468981E1));
#4416=LINE('',#4415,#4414);
#4417=CARTESIAN_POINT('',(4.434300000001E1,2.158999999996E2,1.992926468981E1));
#4418=DIRECTION('',(1.E0,0.E0,0.E0));
#4419=DIRECTION('',(0.E0,1.E0,0.E0));
#4420=AXIS2_PLACEMENT_3D('',#4417,#4418,#4419);
#4422=CARTESIAN_POINT('',(4.434300000001E1,2.158999999996E2,1.992926468981E1));
#4423=DIRECTION('',(1.E0,0.E0,0.E0));
#4424=DIRECTION('',(0.E0,-7.660444431190E-1,6.427876096865E-1));
#4425=AXIS2_PLACEMENT_3D('',#4422,#4423,#4424);
#4427=DIRECTION('',(7.071067811865E-1,-7.071067811865E-1,0.E0));
#4428=VECTOR('',#4427,7.071067811865E-1);
#4429=CARTESIAN_POINT('',(4.384300000001E1,2.141999999996E2,1.992926468981E1));
#4430=LINE('',#4429,#4428);
#4431=CARTESIAN_POINT('',(4.384300000001E1,2.159000000038E2,1.992926468540E1));
#4432=DIRECTION('',(-1.E0,0.E0,0.E0));
#4433=DIRECTION('',(0.E0,-7.660444431190E-1,6.427876096865E-1));
#4434=AXIS2_PLACEMENT_3D('',#4431,#4432,#4433);
#4436=CARTESIAN_POINT('',(4.384300000001E1,2.159000000038E2,1.992926468540E1));
#4437=DIRECTION('',(-1.E0,0.E0,0.E0));
#4438=DIRECTION('',(0.E0,7.660444431190E-1,-6.427876096865E-1));
#4439=AXIS2_PLACEMENT_3D('',#4436,#4437,#4438);
#4441=CARTESIAN_POINT('',(4.384300000001E1,2.158999999996E2,1.992926468981E1));
#4442=DIRECTION('',(1.E0,0.E0,0.E0));
#4443=DIRECTION('',(0.E0,1.E0,0.E0));
#4444=AXIS2_PLACEMENT_3D('',#4441,#4442,#4443);
#4446=CARTESIAN_POINT('',(4.384300000001E1,2.158999999996E2,1.992926468981E1));
#4447=DIRECTION('',(1.E0,0.E0,0.E0));
#4448=DIRECTION('',(0.E0,-7.660444431190E-1,6.427876096865E-1));
#4449=AXIS2_PLACEMENT_3D('',#4446,#4447,#4448);
#4451=CARTESIAN_POINT('',(4.384300000001E1,2.158999999996E2,1.992926468981E1));
#4452=DIRECTION('',(1.E0,0.E0,0.E0));
#4453=DIRECTION('',(0.E0,-1.E0,0.E0));
#4454=AXIS2_PLACEMENT_3D('',#4451,#4452,#4453);
#4456=DIRECTION('',(-1.E0,0.E0,0.E0));
#4457=VECTOR('',#4456,9.021030711945E0);
#4458=CARTESIAN_POINT('',(5.286403071196E1,2.151339555606E2,2.057205229508E1));
#4459=LINE('',#4458,#4457);
#4460=CARTESIAN_POINT('',(5.286403071196E1,2.151339555606E2,2.057205229508E1));
#4461=CARTESIAN_POINT('',(5.286403071196E1,2.151529559252E2,2.059469604782E1));
#4462=CARTESIAN_POINT('',(5.286294135947E1,2.151929815556E2,2.063831209931E1));
#4463=CARTESIAN_POINT('',(5.285807023159E1,2.152585486371E2,2.069814237461E1));
#4464=CARTESIAN_POINT('',(5.284995330754E1,2.153293748469E2,2.075208095495E1));
#4465=CARTESIAN_POINT('',(5.283861272179E1,2.154049108184E2,2.079965509544E1));
#4466=CARTESIAN_POINT('',(5.282386627231E1,2.154854606551E2,2.084079357452E1));
#4467=CARTESIAN_POINT('',(5.280584298338E1,2.155693009516E2,2.087444473102E1));
#4468=CARTESIAN_POINT('',(5.278451773250E1,2.156562468675E2,2.090052049925E1));
#4469=CARTESIAN_POINT('',(5.275992013172E1,2.157456804301E2,2.091870991150E1));
#4470=CARTESIAN_POINT('',(5.273183155132E1,2.158376964777E2,2.092875666796E1));
#4471=CARTESIAN_POINT('',(5.270051085889E1,2.159307169908E2,2.093025763708E1));
#4472=CARTESIAN_POINT('',(5.266562136153E1,2.160249226132E2,2.092293309081E1));
#4473=CARTESIAN_POINT('',(5.262777869478E1,2.161182304904E2,2.090671001069E1));
#4474=CARTESIAN_POINT('',(5.258670705909E1,2.162108399033E2,2.088135466319E1));
#4475=CARTESIAN_POINT('',(5.254293654058E1,2.163011479015E2,2.084698530645E1));
#4476=CARTESIAN_POINT('',(5.249670275548E1,2.163883605173E2,2.080372653405E1));
#4477=CARTESIAN_POINT('',(5.244832367301E1,2.164714910421E2,2.075183088320E1));
#4478=CARTESIAN_POINT('',(5.239815646327E1,2.165495874846E2,2.069168992098E1));
#4479=CARTESIAN_POINT('',(5.234653378808E1,2.166217860632E2,2.062375122017E1));
#4480=CARTESIAN_POINT('',(5.229421190534E1,2.166870456725E2,2.054881507720E1));
#4481=CARTESIAN_POINT('',(5.224204257281E1,2.167444404236E2,2.046795723298E1));
#4482=CARTESIAN_POINT('',(5.219064482784E1,2.167934429571E2,2.038203317669E1));
#4483=CARTESIAN_POINT('',(5.214095319945E1,2.168333653238E2,2.029254400593E1));
#4484=CARTESIAN_POINT('',(5.209388100770E1,2.168638982956E2,2.020120515015E1));
#4485=CARTESIAN_POINT('',(5.204955191660E1,2.168853580519E2,2.010833655330E1));
#4486=CARTESIAN_POINT('',(5.200835138708E1,2.168978150375E2,2.001475598286E1));
#4487=CARTESIAN_POINT('',(5.197077797474E1,2.169013780654E2,1.992160945375E1));
#4488=CARTESIAN_POINT('',(5.193762951270E1,2.168965158706E2,1.983100987015E1));
#4489=CARTESIAN_POINT('',(5.190866631628E1,2.168837286909E2,1.974246471151E1));
#4490=CARTESIAN_POINT('',(5.188421961306E1,2.168635491486E2,1.965703713937E1));
#4491=CARTESIAN_POINT('',(5.186430523658E1,2.168363519300E2,1.957472243963E1));
#4492=CARTESIAN_POINT('',(5.184895524632E1,2.168028473186E2,1.949653756800E1));
#4493=CARTESIAN_POINT('',(5.183791716177E1,2.167631730798E2,1.942203206962E1));
#4494=CARTESIAN_POINT('',(5.183124398261E1,2.167177885353E2,1.935173226735E1));
#4495=CARTESIAN_POINT('',(5.182973210740E1,2.166838506528E2,1.930769768559E1));
#4496=CARTESIAN_POINT('',(5.182973210740E1,2.166660444469E2,1.928647707571E1));
#4498=DIRECTION('',(-1.E0,0.E0,0.E0));
#4499=VECTOR('',#4498,7.986732107386E0);
#4500=CARTESIAN_POINT('',(5.182973210740E1,2.166660444469E2,1.928647707571E1));
#4501=LINE('',#4500,#4499);
#4502=CARTESIAN_POINT('',(5.182973210740E1,2.166660444469E2,1.928647707571E1));
#4503=CARTESIAN_POINT('',(5.182973210740E1,2.166482665798E2,1.926529023870E1));
#4504=CARTESIAN_POINT('',(5.183121529638E1,2.166108543417E2,1.922428408903E1));
#4505=CARTESIAN_POINT('',(5.183781996100E1,2.165496591102E2,1.916749794746E1));
#4506=CARTESIAN_POINT('',(5.184884050436E1,2.164832351941E2,1.911549525885E1));
#4507=CARTESIAN_POINT('',(5.186421430406E1,2.164120521199E2,1.906887553754E1));
#4508=CARTESIAN_POINT('',(5.188421287989E1,2.163354422626E2,1.902763319020E1));
#4509=CARTESIAN_POINT('',(5.190868634889E1,2.162547242995E2,1.899289464198E1));
#4510=CARTESIAN_POINT('',(5.193770492317E1,2.161695967327E2,1.896487966065E1));
#4511=CARTESIAN_POINT('',(5.197107493730E1,2.160806647131E2,1.894427118809E1));
#4512=CARTESIAN_POINT('',(5.200889360894E1,2.159877802325E2,1.893163058840E1));
#4513=CARTESIAN_POINT('',(5.205043335379E1,2.158927869004E2,1.892776992038E1));
#4514=CARTESIAN_POINT('',(5.209519118354E1,2.157968313385E2,1.893304094906E1));
#4515=CARTESIAN_POINT('',(5.214272052519E1,2.157008337054E2,1.894767550275E1));
#4516=CARTESIAN_POINT('',(5.219269294344E1,2.156054389292E2,1.897192842306E1));
#4517=CARTESIAN_POINT('',(5.224425018202E1,2.155122335642E2,1.900572858168E1));
#4518=CARTESIAN_POINT('',(5.229653628599E1,2.154226491467E2,1.904867751653E1));
#4519=CARTESIAN_POINT('',(5.234897364867E1,2.153375449027E2,1.910044141217E1));
#4520=CARTESIAN_POINT('',(5.240068634260E1,2.152581745950E2,1.916028226663E1));
#4521=CARTESIAN_POINT('',(5.245090029052E1,2.151855496318E2,1.922727564926E1));
#4522=CARTESIAN_POINT('',(5.249920215485E1,2.151203713608E2,1.930049617046E1));
#4523=CARTESIAN_POINT('',(5.254520085711E1,2.150631888706E2,1.937894256175E1));
#4524=CARTESIAN_POINT('',(5.258864789955E1,2.150142923344E2,1.946174178346E1));
#4525=CARTESIAN_POINT('',(5.262927867322E1,2.149739249743E2,1.954800591395E1));
#4526=CARTESIAN_POINT('',(5.266671027765E1,2.149423068248E2,1.963643124242E1));
#4527=CARTESIAN_POINT('',(5.270125170002E1,2.149191306633E2,1.972726250541E1));
#4528=CARTESIAN_POINT('',(5.273247655866E1,2.149046578930E2,1.981907462202E1));
#4529=CARTESIAN_POINT('',(5.276036901874E1,2.148987688932E2,1.991093805759E1));
#4530=CARTESIAN_POINT('',(5.278491711537E1,2.149012859207E2,2.000216593782E1));
#4531=CARTESIAN_POINT('',(5.280608729648E1,2.149119456790E2,2.009193045601E1));
#4532=CARTESIAN_POINT('',(5.282403558556E1,2.149305927197E2,2.018016947637E1));
#4533=CARTESIAN_POINT('',(5.283867462345E1,2.149569941687E2,2.026601955737E1));
#4534=CARTESIAN_POINT('',(5.284999986350E1,2.149906705702E2,2.034849453200E1));
#4535=CARTESIAN_POINT('',(5.285809640514E1,2.150314246392E2,2.042746232010E1));
#4536=CARTESIAN_POINT('',(5.286294982210E1,2.150789174911E2,2.050236714114E1));
#4537=CARTESIAN_POINT('',(5.286403071196E1,2.151149346301E2,2.054938403278E1));
#4538=CARTESIAN_POINT('',(5.286403071196E1,2.151339555606E2,2.057205229508E1));
#4540=CARTESIAN_POINT('',(4.434300000001E1,2.158999999996E2,1.992926468981E1));
#4541=DIRECTION('',(1.E0,0.E0,0.E0));
#4542=DIRECTION('',(0.E0,-1.E0,0.E0));
#4543=AXIS2_PLACEMENT_3D('',#4540,#4541,#4542);
#4545=CARTESIAN_POINT('',(5.312383592893E1,2.136999999996E2,1.992926468981E1));
#4546=CARTESIAN_POINT('',(5.311238945856E1,2.136999999996E2,1.987797591616E1));
#4547=CARTESIAN_POINT('',(5.308820919176E1,2.137036007909E2,1.977518890480E1));
#4548=CARTESIAN_POINT('',(5.304810196878E1,2.137197547169E2,1.962177989775E1));
#4549=CARTESIAN_POINT('',(5.300354080262E1,2.137469814377E2,1.946810415924E1));
#4550=CARTESIAN_POINT('',(5.295484362021E1,2.137852007602E2,1.931619991574E1));
#4551=CARTESIAN_POINT('',(5.290190773407E1,2.138343728411E2,1.916677558011E1));
#4552=CARTESIAN_POINT('',(5.284503135392E1,2.138939125128E2,1.902156174147E1));
#4553=CARTESIAN_POINT('',(5.278326803851E1,2.139647201473E2,1.887892755400E1));
#4554=CARTESIAN_POINT('',(5.271712172003E1,2.140461531289E2,1.874105078191E1));
#4555=CARTESIAN_POINT('',(5.267005543871E1,2.141074798100E2,1.865263510009E1));
#4556=CARTESIAN_POINT('',(5.264579438097E1,2.141398512652E2,1.860946302557E1));
#4558=DIRECTION('',(1.E0,0.E0,0.E0));
#4559=VECTOR('',#4558,4.902794381033E0);
#4560=CARTESIAN_POINT('',(4.774299999993E1,2.141398512652E2,1.860946302557E1));
#4561=LINE('',#4560,#4559);
#4562=CARTESIAN_POINT('',(4.744299999993E1,2.143385140169E2,1.837950292556E1));
#4563=CARTESIAN_POINT('',(4.744299999993E1,2.143299401378E2,1.838814166750E1));
#4564=CARTESIAN_POINT('',(4.744446730030E1,2.143130261712E2,1.840546872524E1));
#4565=CARTESIAN_POINT('',(4.745106555513E1,2.142881651266E2,1.843179468811E1));
#4566=CARTESIAN_POINT('',(4.746197718083E1,2.142643737594E2,1.845782692216E1));
#4567=CARTESIAN_POINT('',(4.747721403546E1,2.142418690978E2,1.848324921108E1));
#4568=CARTESIAN_POINT('',(4.749618387843E1,2.142213433268E2,1.850714718447E1));
#4569=CARTESIAN_POINT('',(4.751882334282E1,2.142026686191E2,1.852950692708E1));
#4570=CARTESIAN_POINT('',(4.754471655847E1,2.141862106642E2,1.854972705337E1));
#4571=CARTESIAN_POINT('',(4.757344539408E1,2.141720823500E2,1.856748430635E1));
#4572=CARTESIAN_POINT('',(4.760456379659E1,2.141603656851E2,1.858250222486E1));
#4573=CARTESIAN_POINT('',(4.763761447894E1,2.141511951247E2,1.859444765723E1));
#4574=CARTESIAN_POINT('',(4.767204939180E1,2.141446590501E2,1.860306626777E1));
#4575=CARTESIAN_POINT('',(4.770743338217E1,2.141407259306E2,1.860829530900E1));
#4576=CARTESIAN_POINT('',(4.773110064875E1,2.141398512652E2,1.860946302557E1));
#4577=CARTESIAN_POINT('',(4.774299999993E1,2.141398512652E2,1.860946302557E1));
#4579=DIRECTION('',(1.E0,-7.255239342979E-13,-8.567012527758E-13));
#4580=VECTOR('',#4579,4.387493376474E0);
#4581=CARTESIAN_POINT('',(4.774299999993E1,2.149058957083E2,1.796667541588E1));
#4582=LINE('',#4581,#4580);
#4583=CARTESIAN_POINT('',(5.213049337641E1,2.149058957083E2,1.796667541588E1));
#4584=CARTESIAN_POINT('',(5.209803535072E1,2.149579354592E2,1.794031588139E1));
#4585=CARTESIAN_POINT('',(5.203250181204E1,2.150642146296E2,1.789167691789E1));
#4586=CARTESIAN_POINT('',(5.193276457034E1,2.152299222979E2,1.783131359785E1));
#4587=CARTESIAN_POINT('',(5.183283045136E1,2.154002971600E2,1.778434339844E1));
#4588=CARTESIAN_POINT('',(5.173407793771E1,2.155733185912E2,1.775129681632E1));
#4589=CARTESIAN_POINT('',(5.163795492758E1,2.157469649613E2,1.773230312056E1));
#4590=CARTESIAN_POINT('',(5.154577258289E1,2.159194577214E2,1.772713404502E1));
#4591=CARTESIAN_POINT('',(5.145890782020E1,2.160885725154E2,1.773523568E1));
#4592=CARTESIAN_POINT('',(5.137834958095E1,2.162526131946E2,1.775565557543E1));
#4593=CARTESIAN_POINT('',(5.130436130133E1,2.164115708487E2,1.778755809720E1));
#4594=CARTESIAN_POINT('',(5.123730456947E1,2.165648691919E2,1.783017762821E1));
#4595=CARTESIAN_POINT('',(5.117805940068E1,2.167105868975E2,1.788214624526E1));
#4596=CARTESIAN_POINT('',(5.112657483536E1,2.168485616508E2,1.794240432992E1));
#4597=CARTESIAN_POINT('',(5.108258083363E1,2.169793512303E2,1.801038493998E1));
#4598=CARTESIAN_POINT('',(5.104597803570E1,2.171032195056E2,1.808557471767E1));
#4599=CARTESIAN_POINT('',(5.102633801855E1,2.171817032878E2,1.814054888096E1));
#4600=CARTESIAN_POINT('',(5.101773122487E1,2.172198016638E2,1.816911595545E1));
#4602=DIRECTION('',(1.E0,-4.599921325875E-13,3.873046965419E-13));
#4603=VECTOR('',#4602,3.274731224941E0);
#4604=CARTESIAN_POINT('',(4.774299999993E1,2.172198016638E2,1.816911595545E1));
#4605=LINE('',#4604,#4603);
#4606=DIRECTION('',(1.E0,-2.343356147154E-13,1.941947918243E-13));
#4607=VECTOR('',#4606,3.274731224927E0);
#4608=CARTESIAN_POINT('',(4.774299999993E1,2.178625892735E2,1.893516039857E1));
#4609=LINE('',#4608,#4607);
#4610=CARTESIAN_POINT('',(5.101773122486E1,2.178625892735E2,1.893516039857E1));
#4611=CARTESIAN_POINT('',(5.102593752782E1,2.178831053920E2,1.897566390953E1));
#4612=CARTESIAN_POINT('',(5.104469299050E1,2.179221509800E2,1.905896503288E1));
#4613=CARTESIAN_POINT('',(5.108007564741E1,2.179739720818E2,1.919070962145E1));
#4614=CARTESIAN_POINT('',(5.112273183866E1,2.180180572989E2,1.932845964443E1));
#4615=CARTESIAN_POINT('',(5.117277022874E1,2.180536891318E2,1.947204236705E1));
#4616=CARTESIAN_POINT('',(5.122986447324E1,2.180799880767E2,1.962042895596E1));
#4617=CARTESIAN_POINT('',(5.129390133427E1,2.180962815448E2,1.977328642967E1));
#4618=CARTESIAN_POINT('',(5.134069524336E1,2.180999999996E2,1.987699005379E1));
#4619=CARTESIAN_POINT('',(5.136507553805E1,2.180999999996E2,1.992926468981E1));
#4621=DIRECTION('',(-1.111277231069E-14,6.427876096865E-1,7.660444431190E-1));
#4622=VECTOR('',#4621,2.557571471437E0);
#4623=CARTESIAN_POINT('',(4.774299999993E1,2.124958760125E2,1.665024961199E1));
#4624=LINE('',#4623,#4622);
#4625=DIRECTION('',(0.E0,-6.427876096864E-1,-7.660444431191E-1));
#4626=VECTOR('',#4625,2.509109769979E0);
#4627=CARTESIAN_POINT('',(4.744299999993E1,2.146449317941E2,1.812238788168E1));
#4628=LINE('',#4627,#4626);
#4629=CARTESIAN_POINT('',(4.744299999993E1,2.158999999996E2,1.992926468981E1));
#4630=DIRECTION('',(1.E0,0.E0,0.E0));
#4631=DIRECTION('',(0.E0,-7.097663557565E-1,-7.044371655699E-1));
#4632=AXIS2_PLACEMENT_3D('',#4629,#4630,#4631);
#4634=DIRECTION('',(0.E0,6.427876096856E-1,7.660444431198E-1));
#4635=VECTOR('',#4634,2.509109769980E0);
#4636=CARTESIAN_POINT('',(4.744299999993E1,2.127256893454E2,1.645741332909E1));
#4637=LINE('',#4636,#4635);
#4638=DIRECTION('',(1.776356839400E-14,-7.660444431190E-1,6.427876096865E-1));
#4639=VECTOR('',#4638,4.000000000001E-1);
#4640=CARTESIAN_POINT('',(4.744299999993E1,2.130321071226E2,1.620029828521E1));
#4641=LINE('',#4640,#4639);
#4642=DIRECTION('',(5.278566847579E-14,-6.427876096865E-1,-7.660444431190E-1));
#4643=VECTOR('',#4642,2.557571471437E0);
#4644=CARTESIAN_POINT('',(4.774299999993E1,2.149058957083E2,1.796667541588E1));
#4645=LINE('',#4644,#4643);
#4646=CARTESIAN_POINT('',(4.774299999993E1,2.149058957083E2,1.796667541588E1));
#4647=CARTESIAN_POINT('',(4.773114021757E1,2.149058957083E2,1.796667541588E1));
#4648=CARTESIAN_POINT('',(4.770737725227E1,2.149045968081E2,1.796731788422E1));
#4649=CARTESIAN_POINT('',(4.767209808153E1,2.148987770932E2,1.797026926072E1));
#4650=CARTESIAN_POINT('',(4.763772313473E1,2.148891647921E2,1.797522537683E1));
#4651=CARTESIAN_POINT('',(4.760477881227E1,2.148758939081E2,1.798214086839E1));
#4652=CARTESIAN_POINT('',(4.757363404545E1,2.148591168570E2,1.799103699940E1));
#4653=CARTESIAN_POINT('',(4.754484013091E1,2.148391311277E2,1.800189137419E1));
#4654=CARTESIAN_POINT('',(4.751887725346E1,2.148162952847E2,1.801462874400E1));
#4655=CARTESIAN_POINT('',(4.749616533860E1,2.147909830169E2,1.802916935806E1));
#4656=CARTESIAN_POINT('',(4.747716844349E1,2.147638280579E2,1.804526188063E1));
#4657=CARTESIAN_POINT('',(4.746189516916E1,2.147347574347E2,1.806308614329E1));
#4658=CARTESIAN_POINT('',(4.745099896183E1,2.147049941882E2,1.808201168043E1));
#4659=CARTESIAN_POINT('',(4.744444208196E1,2.146748369751E2,1.810186696908E1));
#4660=CARTESIAN_POINT('',(4.744299999993E1,2.146548357343E2,1.811550854138E1));
#4661=CARTESIAN_POINT('',(4.744299999993E1,2.146449317941E2,1.812238788168E1));
#4663=CARTESIAN_POINT('',(4.774299999993E1,2.130321071226E2,1.620029828521E1));
#4664=DIRECTION('',(0.E0,6.427876096865E-1,7.660444431190E-1));
#4665=DIRECTION('',(-9.982480856280E-1,4.532471762009E-2,-3.803195383819E-2));
#4666=AXIS2_PLACEMENT_3D('',#4663,#4664,#4665);
#4668=CARTESIAN_POINT('',(4.774299999993E1,2.130321071226E2,1.620029828521E1));
#4669=DIRECTION('',(0.E0,7.660444431190E-1,-6.427876096865E-1));
#4670=DIRECTION('',(0.E0,-6.427876096866E-1,-7.660444431190E-1));
#4671=AXIS2_PLACEMENT_3D('',#4668,#4669,#4670);
#4673=CARTESIAN_POINT('',(4.774299999993E1,2.130321071226E2,1.620029828521E1));
#4674=DIRECTION('',(1.E0,0.E0,0.E0));
#4675=DIRECTION('',(0.E0,-6.427876096866E-1,-7.660444431190E-1));
#4676=AXIS2_PLACEMENT_3D('',#4673,#4674,#4675);
#4678=DIRECTION('',(0.E0,-7.660444431190E-1,6.427876096865E-1));
#4679=VECTOR('',#4678,4.000000000001E-1);
#4680=CARTESIAN_POINT('',(4.774299999993E1,2.128392708397E2,1.597048495228E1));
#4681=LINE('',#4680,#4679);
#4682=CARTESIAN_POINT('',(4.774299999993E1,2.127256893454E2,1.645741332909E1));
#4683=DIRECTION('',(0.E0,7.660444431190E-1,-6.427876096865E-1));
#4684=DIRECTION('',(-9.982480856280E-1,-3.803195383824E-2,-4.532471762013E-2));
#4685=AXIS2_PLACEMENT_3D('',#4682,#4683,#4684);
#4687=CARTESIAN_POINT('',(4.774299999993E1,2.127256893454E2,1.645741332909E1));
#4688=DIRECTION('',(0.E0,-6.427876096865E-1,-7.660444431190E-1));
#4689=DIRECTION('',(0.E0,-7.660444431190E-1,6.427876096865E-1));
#4690=AXIS2_PLACEMENT_3D('',#4687,#4688,#4689);
#4692=CARTESIAN_POINT('',(4.774299999993E1,2.127256893454E2,1.645741332909E1));
#4693=DIRECTION('',(-1.E0,0.E0,0.E0));
#4694=DIRECTION('',(0.E0,-9.990518485584E-1,-4.353623653873E-2));
#4695=AXIS2_PLACEMENT_3D('',#4692,#4693,#4694);
#4697=DIRECTION('',(-1.E0,0.E0,1.418217278436E-14));
#4698=VECTOR('',#4697,4.759606368049E0);
#4699=CARTESIAN_POINT('',(5.250260636798E1,2.125328530625E2,1.622759999615E1));
#4700=LINE('',#4699,#4698);
#4701=DIRECTION('',(-1.E0,0.E0,0.E0));
#4702=VECTOR('',#4701,4.902794381033E0);
#4703=CARTESIAN_POINT('',(5.264579438097E1,2.124958760125E2,1.665024961199E1));
#4704=LINE('',#4703,#4702);
#4705=CARTESIAN_POINT('',(4.084300000001E1,2.081286917824E2,1.992313010194E1));
#4706=DIRECTION('',(0.E0,6.427876096865E-1,7.660444431190E-1));
#4707=DIRECTION('',(8.968927975362E-1,3.387816369315E-1,-2.842715465989E-1));
#4708=AXIS2_PLACEMENT_3D('',#4705,#4706,#4707);
#4710=DIRECTION('',(1.E0,2.122098504167E-13,-1.724205034636E-13));
#4711=VECTOR('',#4710,4.553691163423E0);
#4712=CARTESIAN_POINT('',(4.774299999993E1,2.128392708397E2,1.597048495228E1));
#4713=LINE('',#4712,#4711);
#4714=CARTESIAN_POINT('',(5.213049337641E1,2.132619204556E2,1.600746200230E1));
#4715=CARTESIAN_POINT('',(5.213049337641E1,2.132547839779E2,1.599895707938E1));
#4716=CARTESIAN_POINT('',(5.213122323668E1,2.132395228560E2,1.598269450733E1));
#4717=CARTESIAN_POINT('',(5.213442320192E1,2.132140117563E2,1.596094728991E1));
#4718=CARTESIAN_POINT('',(5.213972642256E1,2.131858727428E2,1.594194816734E1));
#4719=CARTESIAN_POINT('',(5.214716786948E1,2.131554112980E2,1.592608473829E1));
#4720=CARTESIAN_POINT('',(5.215677883811E1,2.131228641851E2,1.591363152358E1));
#4721=CARTESIAN_POINT('',(5.216858415220E1,2.130882506353E2,1.590486892510E1));
#4722=CARTESIAN_POINT('',(5.218238690999E1,2.130522829920E2,1.590022692816E1));
#4723=CARTESIAN_POINT('',(5.219824466215E1,2.130150673014E2,1.590000465421E1));
#4724=CARTESIAN_POINT('',(5.221573677034E1,2.129777168869E2,1.590445773664E1));
#4725=CARTESIAN_POINT('',(5.223477924800E1,2.129404870334E2,1.591376204331E1));
#4726=CARTESIAN_POINT('',(5.225490597223E1,2.129043920091E2,1.592791694369E1));
#4727=CARTESIAN_POINT('',(5.227566032997E1,2.128702893324E2,1.594668260705E1));
#4728=CARTESIAN_POINT('',(5.228967918954E1,2.128492758927E2,1.596208971606E1));
#4729=CARTESIAN_POINT('',(5.229669116335E1,2.128392708397E2,1.597048495227E1));
#4731=DIRECTION('',(1.E0,0.E0,-1.619473067629E-14));
#4732=VECTOR('',#4731,4.387493376475E0);
#4733=CARTESIAN_POINT('',(4.774299999993E1,2.132619204556E2,1.600746200230E1));
#4734=LINE('',#4733,#4732);
#4735=CARTESIAN_POINT('',(4.774299999993E1,2.130321071226E2,1.620029828521E1));
#4736=DIRECTION('',(-4.366086357894E-2,-9.980991625350E-1,-4.349472081162E-2));
#4737=DIRECTION('',(-7.071067811865E-1,6.162841671615E-2,-7.044160264028E-1));
#4738=AXIS2_PLACEMENT_3D('',#4735,#4736,#4737);
#4740=CARTESIAN_POINT('',(4.774299999993E1,2.130321071226E2,1.620029828521E1));
#4741=DIRECTION('',(1.E0,0.E0,0.E0));
#4742=DIRECTION('',(0.E0,4.353623653884E-2,-9.990518485584E-1));
#4743=AXIS2_PLACEMENT_3D('',#4740,#4741,#4742);
#4745=CARTESIAN_POINT('',(4.774299999993E1,2.130321071226E2,1.620029828521E1));
#4746=DIRECTION('',(0.E0,6.427876096865E-1,7.660444431190E-1));
#4747=DIRECTION('',(0.E0,7.660444431190E-1,-6.427876096865E-1));
#4748=AXIS2_PLACEMENT_3D('',#4745,#4746,#4747);
#4750=CARTESIAN_POINT('',(4.774299999993E1,2.130321071226E2,1.620029828521E1));
#4751=DIRECTION('',(4.366086357902E-2,9.980991625350E-1,4.349472081154E-2));
#4752=DIRECTION('',(-7.071067811865E-1,6.162841671615E-2,-7.044160264028E-1));
#4753=AXIS2_PLACEMENT_3D('',#4750,#4751,#4752);
#4755=CARTESIAN_POINT('',(4.774299999993E1,2.127256893454E2,1.645741332909E1));
#4756=DIRECTION('',(-4.366086357899E-2,-4.349472081150E-2,9.980991625350E-1));
#4757=DIRECTION('',(-7.071067811865E-1,-7.044160264028E-1,-6.162841671610E-2));
#4758=AXIS2_PLACEMENT_3D('',#4755,#4756,#4757);
#4760=CARTESIAN_POINT('',(4.774299999993E1,2.127256893454E2,1.645741332909E1));
#4761=DIRECTION('',(-1.E0,0.E0,0.E0));
#4762=DIRECTION('',(0.E0,-6.427876096866E-1,-7.660444431189E-1));
#4763=AXIS2_PLACEMENT_3D('',#4760,#4761,#4762);
#4765=CARTESIAN_POINT('',(4.774299999993E1,2.127256893454E2,1.645741332909E1));
#4766=DIRECTION('',(0.E0,7.660444431190E-1,-6.427876096865E-1));
#4767=DIRECTION('',(0.E0,-6.427876096866E-1,-7.660444431190E-1));
#4768=AXIS2_PLACEMENT_3D('',#4765,#4766,#4767);
#4770=CARTESIAN_POINT('',(4.774299999993E1,2.127256893454E2,1.645741332909E1));
#4771=DIRECTION('',(4.366086357899E-2,4.349472081150E-2,-9.980991625350E-1));
#4772=DIRECTION('',(-7.071067811865E-1,-7.044160264028E-1,-6.162841671610E-2));
#4773=AXIS2_PLACEMENT_3D('',#4770,#4771,#4772);
#4775=CARTESIAN_POINT('',(4.084300000001E1,2.110212360260E2,2.337033009597E1));
#4776=DIRECTION('',(0.E0,6.427876096865E-1,7.660444431190E-1));
#4777=DIRECTION('',(7.826716326813E-1,4.768127413707E-1,-4.000933954248E-1));
#4778=AXIS2_PLACEMENT_3D('',#4775,#4776,#4777);
#4780=DIRECTION('',(1.E0,0.E0,-6.568578473245E-14));
#4781=VECTOR('',#4780,1.081729842544E-1);
#4782=CARTESIAN_POINT('',(4.774299999993E1,2.194088284103E2,1.633230441982E1));
#4783=LINE('',#4782,#4781);
#4784=CARTESIAN_POINT('',(4.774299999993E1,2.198587797371E2,1.686853553E1));
#4785=DIRECTION('',(0.E0,-7.660444431190E-1,6.427876096865E-1));
#4786=DIRECTION('',(-2.605323364454E-13,6.427876096866E-1,7.660444431190E-1));
#4787=AXIS2_PLACEMENT_3D('',#4784,#4785,#4786);
#4789=CARTESIAN_POINT('',(4.774299999993E1,2.196016646932E2,1.656211775275E1));
#4790=DIRECTION('',(0.E0,7.660444431190E-1,-6.427876096865E-1));
#4791=DIRECTION('',(5.684341886081E-13,-6.427876096866E-1,-7.660444431190E-1));
#4792=AXIS2_PLACEMENT_3D('',#4789,#4790,#4791);
#4794=DIRECTION('',(-1.E0,0.E0,0.E0));
#4795=VECTOR('',#4794,1.081729842545E-1);
#4796=CARTESIAN_POINT('',(4.785117298419E1,2.200516160200E2,1.709834886293E1));
#4797=LINE('',#4796,#4795);
#4798=CARTESIAN_POINT('',(4.084300000001E1,2.116640236357E2,2.413637453909E1));
#4799=DIRECTION('',(0.E0,6.427876096865E-1,7.660444431190E-1));
#4800=DIRECTION('',(7.826716326803E-1,4.768127413717E-1,-4.000933954256E-1));
#4801=AXIS2_PLACEMENT_3D('',#4798,#4799,#4800);
#4803=DIRECTION('',(0.E0,7.660444431190E-1,-6.427876096865E-1));
#4804=VECTOR('',#4803,2.857571471437E0);
#4805=CARTESIAN_POINT('',(4.774299999993E1,2.178625892735E2,1.893516039857E1));
#4806=LINE('',#4805,#4804);
#4807=CARTESIAN_POINT('',(4.774299999993E1,2.178625892735E2,1.893516039857E1));
#4808=CARTESIAN_POINT('',(4.773114021757E1,2.178625892735E2,1.893516039857E1));
#4809=CARTESIAN_POINT('',(4.770737725229E1,2.178619468051E2,1.893386149837E1));
#4810=CARTESIAN_POINT('',(4.767209808157E1,2.178589954286E2,1.892804178343E1));
#4811=CARTESIAN_POINT('',(4.763772313483E1,2.178540393125E2,1.891842948234E1));
#4812=CARTESIAN_POINT('',(4.760477881240E1,2.178471238210E2,1.890515859846E1));
#4813=CARTESIAN_POINT('',(4.757363404552E1,2.178382276900E2,1.888838154731E1));
#4814=CARTESIAN_POINT('',(4.754484013095E1,2.178273733152E2,1.886839581803E1));
#4815=CARTESIAN_POINT('',(4.751887725347E1,2.178146359454E2,1.884555997495E1));
#4816=CARTESIAN_POINT('',(4.749616533856E1,2.178000953313E2,1.882024770711E1));
#4817=CARTESIAN_POINT('',(4.747716844348E1,2.177840028087E2,1.879309274810E1));
#4818=CARTESIAN_POINT('',(4.746189516915E1,2.177661785460E2,1.876402212489E1));
#4819=CARTESIAN_POINT('',(4.745099896182E1,2.177472530089E2,1.873425887842E1));
#4820=CARTESIAN_POINT('',(4.744444208196E1,2.177273977202E2,1.870410166529E1));
#4821=CARTESIAN_POINT('',(4.744299999993E1,2.177137561480E2,1.868410042457E1));
#4822=CARTESIAN_POINT('',(4.744299999993E1,2.177068768077E2,1.867419648439E1));
#4824=DIRECTION('',(0.E0,7.660444431189E-1,-6.427876096866E-1));
#4825=VECTOR('',#4824,2.809109769979E0);
#4826=CARTESIAN_POINT('',(4.744299999993E1,2.177068768077E2,1.867419648439E1));
#4827=LINE('',#4826,#4825);
#4828=CARTESIAN_POINT('',(4.744299999993E1,2.158999999996E2,1.992926468981E1));
#4829=DIRECTION('',(1.E0,0.E0,0.E0));
#4830=DIRECTION('',(0.E0,7.044371655699E-1,-7.097663557565E-1));
#4831=AXIS2_PLACEMENT_3D('',#4828,#4829,#4830);
#4833=DIRECTION('',(0.E0,-7.660444431198E-1,6.427876096855E-1));
#4834=VECTOR('',#4833,2.809109769980E0);
#4835=CARTESIAN_POINT('',(4.744299999993E1,2.196016646932E2,1.656211775275E1));
#4836=LINE('',#4835,#4834);
#4837=DIRECTION('',(0.E0,-6.427876096865E-1,-7.660444431190E-1));
#4838=VECTOR('',#4837,3.999999999986E-1);
#4839=CARTESIAN_POINT('',(4.744299999993E1,2.198587797371E2,1.686853553E1));
#4840=LINE('',#4839,#4838);
#4841=CARTESIAN_POINT('',(4.744299999993E1,2.174497617638E2,1.836777870714E1));
#4842=CARTESIAN_POINT('',(4.744299999993E1,2.174411798838E2,1.835926126304E1));
#4843=CARTESIAN_POINT('',(4.744445026482E1,2.174238254487E2,1.834233065222E1));
#4844=CARTESIAN_POINT('',(4.745100701279E1,2.173976062286E2,1.831757241077E1));
#4845=CARTESIAN_POINT('',(4.746186953973E1,2.173716667877E2,1.829384301980E1));
#4846=CARTESIAN_POINT('',(4.747700706450E1,2.173463119452E2,1.827139441812E1));
#4847=CARTESIAN_POINT('',(4.749588627742E1,2.173224327281E2,1.825088358991E1));
#4848=CARTESIAN_POINT('',(4.751847988615E1,2.173000656858E2,1.823219130324E1));
#4849=CARTESIAN_POINT('',(4.754437332686E1,2.172797619671E2,1.821565051125E1));
#4850=CARTESIAN_POINT('',(4.757317179139E1,2.172618922509E2,1.820142464038E1));
#4851=CARTESIAN_POINT('',(4.760438617475E1,2.172468238925E2,1.818967741004E1));
#4852=CARTESIAN_POINT('',(4.763744552062E1,2.172348737962E2,1.818050426132E1));
#4853=CARTESIAN_POINT('',(4.767186918289E1,2.172262283690E2,1.817392645488E1));
#4854=CARTESIAN_POINT('',(4.770724782718E1,2.172209764564E2,1.816998199754E1));
#4855=CARTESIAN_POINT('',(4.773109395750E1,2.172198016638E2,1.816911595545E1));
#4856=CARTESIAN_POINT('',(4.774299999993E1,2.172198016638E2,1.816911595545E1));
#4858=DIRECTION('',(-2.735179214758E-14,-7.660444431190E-1,6.427876096865E-1));
#4859=VECTOR('',#4858,2.857571471437E0);
#4860=CARTESIAN_POINT('',(4.774299999993E1,2.194088284103E2,1.633230441982E1));
#4861=LINE('',#4860,#4859);
#4862=CARTESIAN_POINT('',(5.213050877705E1,2.187608479951E2,2.256082810799E1));
#4863=CARTESIAN_POINT('',(5.213056536228E1,2.188212509904E2,2.263281359465E1));
#4864=CARTESIAN_POINT('',(5.212891186326E1,2.189420314761E2,2.277675523816E1));
#4865=CARTESIAN_POINT('',(5.212102900777E1,2.191231658247E2,2.299262122236E1));
#4866=CARTESIAN_POINT('',(5.211220194114E1,2.192438162297E2,2.313640978090E1));
#4867=CARTESIAN_POINT('',(5.210689747458E1,2.193041229218E2,2.320828049788E1));
#4869=DIRECTION('',(1.E0,-2.440086740920E-7,1.673411287810E-7));
#4870=VECTOR('',#4869,4.363897474644E0);
#4871=CARTESIAN_POINT('',(4.774299999993E1,2.193041239866E2,2.320827976762E1));
#4872=LINE('',#4871,#4870);
#4873=DIRECTION('',(1.E0,-1.861434921395E-7,1.318616281349E-7));
#4874=VECTOR('',#4873,4.514106378851E0);
#4875=CARTESIAN_POINT('',(4.774299999993E1,2.192671469366E2,2.363092938346E1));
#4876=LINE('',#4875,#4874);
#4877=CARTESIAN_POINT('',(5.225710637878E1,2.192671460963E2,2.363092997870E1));
#4878=CARTESIAN_POINT('',(5.228132948580E1,2.192334154112E2,2.365923338413E1));
#4879=CARTESIAN_POINT('',(5.232926587267E1,2.191657472582E2,2.371601385737E1));
#4880=CARTESIAN_POINT('',(5.239961267491E1,2.190635982970E2,2.380172699246E1));
#4881=CARTESIAN_POINT('',(5.244546913012E1,2.189950886799E2,2.385921329079E1));
#4882=CARTESIAN_POINT('',(5.246813490554E1,2.189607286980E2,2.388804473896E1));
#4884=DIRECTION('',(1.E0,-9.764319797464E-8,6.595019074042E-8));
#4885=VECTOR('',#4884,4.725134905609E0);
#4886=CARTESIAN_POINT('',(4.774299999993E1,2.189607291594E2,2.388804442734E1));
#4887=LINE('',#4886,#4885);
#4888=CARTESIAN_POINT('',(5.246813490554E1,2.189607286980E2,2.388804473896E1));
#4889=CARTESIAN_POINT('',(5.247462533607E1,2.189508895872E2,2.389630073321E1));
#4890=CARTESIAN_POINT('',(5.248760780586E1,2.189302368372E2,2.391147959534E1));
#4891=CARTESIAN_POINT('',(5.250686289890E1,2.188967215692E2,2.393005687980E1));
#4892=CARTESIAN_POINT('',(5.252555241446E1,2.188613227003E2,2.394415491728E1));
#4893=CARTESIAN_POINT('',(5.254335260182E1,2.188246878966E2,2.395359733084E1));
#4894=CARTESIAN_POINT('',(5.255983032566E1,2.187878606516E2,2.395832834952E1));
#4895=CARTESIAN_POINT('',(5.257501512522E1,2.187508817894E2,2.395849439892E1));
#4896=CARTESIAN_POINT('',(5.258850314836E1,2.187148415378E2,2.395423758303E1));
#4897=CARTESIAN_POINT('',(5.260033793824E1,2.186798661795E2,2.394576484880E1));
#4898=CARTESIAN_POINT('',(5.261031317006E1,2.186467410261E2,2.393342564143E1));
#4899=CARTESIAN_POINT('',(5.261840110655E1,2.186156539918E2,2.391751107900E1));
#4900=CARTESIAN_POINT('',(5.262460428129E1,2.185868782203E2,2.389828789799E1));
#4901=CARTESIAN_POINT('',(5.262892731710E1,2.185608127827E2,2.387618449289E1));
#4902=CARTESIAN_POINT('',(5.263056132316E1,2.185453114884E2,2.385968652373E1));
#4903=CARTESIAN_POINT('',(5.263105830158E1,2.185380786402E2,2.385106675101E1));
#4905=DIRECTION('',(1.E0,-1.847916978440E-7,-1.281290428141E-7));
#4906=VECTOR('',#4905,4.888058301651E0);
#4907=CARTESIAN_POINT('',(4.774299999993E1,2.185380795435E2,2.385106737731E1));
#4908=LINE('',#4907,#4906);
#4909=CARTESIAN_POINT('',(4.774299999993E1,2.187678928765E2,2.365823109440E1));
#4910=DIRECTION('',(1.E0,0.E0,0.E0));
#4911=DIRECTION('',(0.E0,-1.903582506698E-1,9.817146919558E-1));
#4912=AXIS2_PLACEMENT_3D('',#4909,#4910,#4911);
#4914=CARTESIAN_POINT('',(4.774299999993E1,2.187678928765E2,2.365823109440E1));
#4915=DIRECTION('',(0.E0,-6.427876096865E-1,-7.660444431190E-1));
#4916=DIRECTION('',(0.E0,-7.660444431190E-1,6.427876096865E-1));
#4917=AXIS2_PLACEMENT_3D('',#4914,#4915,#4916);
#4919=CARTESIAN_POINT('',(4.774299999993E1,2.187678928765E2,2.365823109440E1));
#4920=DIRECTION('',(1.129142935244E-1,-9.754363628406E-1,-1.891408585319E-1));
#4921=DIRECTION('',(-5.E-1,-2.202814155764E-1,8.375416992315E-1));
#4922=AXIS2_PLACEMENT_3D('',#4919,#4920,#4921);
#4924=CARTESIAN_POINT('',(4.774299999993E1,2.187678928765E2,2.365823109440E1));
#4925=DIRECTION('',(-1.129142935244E-1,9.754363628406E-1,1.891408585319E-1));
#4926=DIRECTION('',(-5.E-1,-2.202814155764E-1,8.375416992315E-1));
#4927=AXIS2_PLACEMENT_3D('',#4924,#4925,#4926);
#4929=CARTESIAN_POINT('',(4.774299999993E1,2.187678928765E2,2.365823109440E1));
#4930=DIRECTION('',(0.E0,-6.427876096865E-1,-7.660444431190E-1));
#4931=DIRECTION('',(-9.841016997214E-1,-1.360539888017E-1,1.141628518238E-1));
#4932=AXIS2_PLACEMENT_3D('',#4929,#4930,#4931);
#4934=CARTESIAN_POINT('',(4.774299999993E1,2.187678928765E2,2.365823109440E1));
#4935=DIRECTION('',(0.E0,-7.660444431190E-1,6.427876096865E-1));
#4936=DIRECTION('',(0.E0,6.427876096866E-1,7.660444431190E-1));
#4937=AXIS2_PLACEMENT_3D('',#4934,#4935,#4936);
#4939=CARTESIAN_POINT('',(4.774299999993E1,2.187678928765E2,2.365823109440E1));
#4940=DIRECTION('',(1.E0,0.E0,0.E0));
#4941=DIRECTION('',(0.E0,6.427876096866E-1,7.660444431189E-1));
#4942=AXIS2_PLACEMENT_3D('',#4939,#4940,#4941);
#4944=DIRECTION('',(0.E0,-7.660444431190E-1,6.427876096865E-1));
#4945=VECTOR('',#4944,4.E-1);
#4946=CARTESIAN_POINT('',(4.774299999993E1,2.192671469366E2,2.363092938346E1));
#4947=LINE('',#4946,#4945);
#4948=CARTESIAN_POINT('',(4.774299999993E1,2.190743106537E2,2.340111605053E1));
#4949=DIRECTION('',(0.E0,-7.660444431190E-1,6.427876096865E-1));
#4950=DIRECTION('',(-9.982480856280E-1,3.803195383824E-2,4.532471762011E-2));
#4951=AXIS2_PLACEMENT_3D('',#4948,#4949,#4950);
#4953=CARTESIAN_POINT('',(4.774299999993E1,2.190743106537E2,2.340111605053E1));
#4954=DIRECTION('',(0.E0,6.427876096865E-1,7.660444431190E-1));
#4955=DIRECTION('',(0.E0,7.660444431190E-1,-6.427876096865E-1));
#4956=AXIS2_PLACEMENT_3D('',#4953,#4954,#4955);
#4958=CARTESIAN_POINT('',(4.774299999993E1,2.190743106537E2,2.340111605053E1));
#4959=DIRECTION('',(1.E0,0.E0,0.E0));
#4960=DIRECTION('',(0.E0,7.660444431190E-1,-6.427876096865E-1));
#4961=AXIS2_PLACEMENT_3D('',#4958,#4959,#4960);
#4963=CARTESIAN_POINT('',(4.774299999993E1,2.190743106537E2,2.340111605053E1));
#4964=DIRECTION('',(4.366086357902E-2,-4.349472081154E-2,9.980991625350E-1));
#4965=DIRECTION('',(-7.071067811866E-1,7.044160264027E-1,6.162841671615E-2));
#4966=AXIS2_PLACEMENT_3D('',#4963,#4964,#4965);
#4968=CARTESIAN_POINT('',(4.774299999993E1,2.190743106537E2,2.340111605053E1));
#4969=DIRECTION('',(-4.366086357903E-2,4.349472081153E-2,-9.980991625350E-1));
#4970=DIRECTION('',(-7.071067811866E-1,7.044160264027E-1,6.162841671615E-2));
#4971=AXIS2_PLACEMENT_3D('',#4968,#4969,#4970);
#4973=CARTESIAN_POINT('',(4.774299999993E1,2.190743106537E2,2.340111605053E1));
#4974=DIRECTION('',(1.E0,0.E0,0.E0));
#4975=DIRECTION('',(0.E0,9.990518485584E-1,4.353623653883E-2));
#4976=AXIS2_PLACEMENT_3D('',#4973,#4974,#4975);
#4978=CARTESIAN_POINT('',(4.774299999993E1,2.190743106537E2,2.340111605053E1));
#4979=DIRECTION('',(0.E0,-7.660444431190E-1,6.427876096865E-1));
#4980=DIRECTION('',(0.E0,6.427876096866E-1,7.660444431190E-1));
#4981=AXIS2_PLACEMENT_3D('',#4978,#4979,#4980);
#4983=CARTESIAN_POINT('',(4.084300000001E1,2.116640236357E2,2.413637453909E1));
#4984=DIRECTION('',(0.E0,6.427876096865E-1,7.660444431190E-1));
#4985=DIRECTION('',(9.953722469867E-1,7.361240662113E-2,-6.176814324586E-2));
#4986=AXIS2_PLACEMENT_3D('',#4983,#4984,#4985);
#4988=DIRECTION('',(1.E0,0.E0,0.E0));
#4989=VECTOR('',#4988,6.039839210908E0);
#4990=CARTESIAN_POINT('',(4.774299999993E1,2.126209849217E2,2.333338867689E1));
#4991=LINE('',#4990,#4989);
#4992=DIRECTION('',(1.E0,0.E0,0.E0));
#4993=VECTOR('',#4992,6.065298814420E0);
#4994=CARTESIAN_POINT('',(4.774299999993E1,2.121983353059E2,2.329641162686E1));
#4995=LINE('',#4994,#4993);
#4996=DIRECTION('',(0.E0,6.427876096865E-1,7.660444431190E-1));
#4997=VECTOR('',#4996,4.E-1);
#4998=CARTESIAN_POINT('',(4.774299999993E1,2.119412202620E2,2.298999384962E1));
#4999=LINE('',#4998,#4997);
#5000=CARTESIAN_POINT('',(4.774299999993E1,2.124281486388E2,2.310357534396E1));
#5001=DIRECTION('',(0.E0,-6.427876096865E-1,-7.660444431190E-1));
#5002=DIRECTION('',(-9.982480856280E-1,-4.532471762028E-2,3.803195383837E-2));
#5003=AXIS2_PLACEMENT_3D('',#5000,#5001,#5002);
#5005=CARTESIAN_POINT('',(4.774299999993E1,2.124281486388E2,2.310357534396E1));
#5006=DIRECTION('',(0.E0,-7.660444431190E-1,6.427876096865E-1));
#5007=DIRECTION('',(0.E0,6.427876096866E-1,7.660444431190E-1));
#5008=AXIS2_PLACEMENT_3D('',#5005,#5006,#5007);
#5010=CARTESIAN_POINT('',(4.774299999993E1,2.124281486388E2,2.310357534396E1));
#5011=DIRECTION('',(1.E0,0.E0,0.E0));
#5012=DIRECTION('',(0.E0,6.427876096866E-1,7.660444431189E-1));
#5013=AXIS2_PLACEMENT_3D('',#5010,#5011,#5012);
#5015=DIRECTION('',(-1.666915846604E-14,7.660444431190E-1,-6.427876096865E-1));
#5016=VECTOR('',#5015,2.557571471437E0);
#5017=CARTESIAN_POINT('',(4.774299999993E1,2.126209849217E2,2.333338867689E1));
#5018=LINE('',#5017,#5016);
#5019=DIRECTION('',(1.982296354600E-14,-7.660444431191E-1,6.427876096864E-1));
#5020=VECTOR('',#5019,2.509109769979E0);
#5021=CARTESIAN_POINT('',(4.744299999993E1,2.140931231914E2,2.118433289522E1));
#5022=LINE('',#5021,#5020);
#5023=CARTESIAN_POINT('',(4.744299999993E1,2.158999999996E2,1.992926468981E1));
#5024=DIRECTION('',(1.E0,0.E0,0.E0));
#5025=DIRECTION('',(0.E0,-7.044371655699E-1,7.097663557565E-1));
#5026=AXIS2_PLACEMENT_3D('',#5023,#5024,#5025);
#5028=DIRECTION('',(-1.699111161085E-14,7.660444431198E-1,-6.427876096855E-1));
#5029=VECTOR('',#5028,2.509109769980E0);
#5030=CARTESIAN_POINT('',(4.744299999993E1,2.124281486388E2,2.310357534396E1));
#5031=LINE('',#5030,#5029);
#5032=DIRECTION('',(-1.776356839400E-14,6.427876096866E-1,7.660444431189E-1));
#5033=VECTOR('',#5032,4.E-1);
#5034=CARTESIAN_POINT('',(4.744299999993E1,2.121710335950E2,2.279715756671E1));
#5035=LINE('',#5034,#5033);
#5036=DIRECTION('',(-3.056012385440E-14,-7.660444431190E-1,6.427876096865E-1));
#5037=VECTOR('',#5036,2.557571471437E0);
#5038=CARTESIAN_POINT('',(4.774299999993E1,2.139374107256E2,2.092336898105E1));
#5039=LINE('',#5038,#5037);
#5040=CARTESIAN_POINT('',(4.774299999993E1,2.121710335950E2,2.279715756671E1));
#5041=DIRECTION('',(0.E0,7.660444431190E-1,-6.427876096865E-1));
#5042=DIRECTION('',(-9.982480856280E-1,-3.803195383834E-2,-4.532471762025E-2));
#5043=AXIS2_PLACEMENT_3D('',#5040,#5041,#5042);
#5045=CARTESIAN_POINT('',(4.774299999993E1,2.121710335950E2,2.279715756671E1));
#5046=DIRECTION('',(0.E0,-6.427876096865E-1,-7.660444431190E-1));
#5047=DIRECTION('',(0.E0,-7.660444431190E-1,6.427876096865E-1));
#5048=AXIS2_PLACEMENT_3D('',#5045,#5046,#5047);
#5050=CARTESIAN_POINT('',(4.774299999993E1,2.121710335950E2,2.279715756671E1));
#5051=DIRECTION('',(-1.E0,0.E0,0.E0));
#5052=DIRECTION('',(0.E0,-9.990518485584E-1,-4.353623653879E-2));
#5053=AXIS2_PLACEMENT_3D('',#5050,#5051,#5052);
#5055=DIRECTION('',(-1.E0,0.E0,1.176426575193E-14));
#5056=VECTOR('',#5055,6.039839210907E0);
#5057=CARTESIAN_POINT('',(5.378283921084E1,2.119781973120E2,2.256734423377E1));
#5058=LINE('',#5057,#5056);
#5059=DIRECTION('',(-1.E0,1.405786110463E-14,2.225828008234E-14));
#5060=VECTOR('',#5059,6.065298814420E0);
#5061=CARTESIAN_POINT('',(5.380829881435E1,2.119412202620E2,2.298999384962E1));
#5062=LINE('',#5061,#5060);
#5063=CARTESIAN_POINT('',(4.084300000001E1,2.110212360260E2,2.337033009597E1));
#5064=DIRECTION('',(0.E0,6.427876096865E-1,7.660444431190E-1));
#5065=DIRECTION('',(9.953722469867E-1,7.361240662112E-2,-6.176814324586E-2));
#5066=AXIS2_PLACEMENT_3D('',#5063,#5064,#5065);
#5068=CARTESIAN_POINT('',(4.774299999993E1,2.121710335950E2,2.279715756671E1));
#5069=DIRECTION('',(-4.366086357906E-2,-4.349472081154E-2,9.980991625350E-1));
#5070=DIRECTION('',(-7.071067811868E-1,-7.044160264025E-1,-6.162841671618E-2));
#5071=AXIS2_PLACEMENT_3D('',#5068,#5069,#5070);
#5073=CARTESIAN_POINT('',(4.774299999993E1,2.121710335950E2,2.279715756671E1));
#5074=DIRECTION('',(-1.E0,0.E0,0.E0));
#5075=DIRECTION('',(0.E0,-6.427876096866E-1,-7.660444431189E-1));
#5076=AXIS2_PLACEMENT_3D('',#5073,#5074,#5075);
#5078=CARTESIAN_POINT('',(4.774299999993E1,2.121710335950E2,2.279715756671E1));
#5079=DIRECTION('',(0.E0,7.660444431190E-1,-6.427876096865E-1));
#5080=DIRECTION('',(0.E0,-6.427876096866E-1,-7.660444431190E-1));
#5081=AXIS2_PLACEMENT_3D('',#5078,#5079,#5080);
#5083=CARTESIAN_POINT('',(4.774299999993E1,2.121710335950E2,2.279715756671E1));
#5084=DIRECTION('',(4.366086357906E-2,4.349472081154E-2,-9.980991625350E-1));
#5085=DIRECTION('',(-7.071067811868E-1,-7.044160264025E-1,-6.162841671618E-2));
#5086=AXIS2_PLACEMENT_3D('',#5083,#5084,#5085);
#5088=CARTESIAN_POINT('',(4.774299999993E1,2.124281486388E2,2.310357534396E1));
#5089=DIRECTION('',(4.366086357950E-2,-9.980991625350E-1,-4.349472081106E-2));
#5090=DIRECTION('',(-7.071067811865E-1,-6.162841671615E-2,7.044160264028E-1));
#5091=AXIS2_PLACEMENT_3D('',#5088,#5089,#5090);
#5093=CARTESIAN_POINT('',(4.774299999993E1,2.124281486388E2,2.310357534396E1));
#5094=DIRECTION('',(-4.366086357903E-2,9.980991625350E-1,4.349472081153E-2));
#5095=DIRECTION('',(-7.071067811865E-1,-6.162841671615E-2,7.044160264028E-1));
#5096=AXIS2_PLACEMENT_3D('',#5093,#5094,#5095);
#5098=CARTESIAN_POINT('',(4.774299999993E1,2.124281486388E2,2.310357534396E1));
#5099=DIRECTION('',(1.E0,0.E0,0.E0));
#5100=DIRECTION('',(0.E0,-4.353623653875E-2,9.990518485584E-1));
#5101=AXIS2_PLACEMENT_3D('',#5098,#5099,#5100);
#5103=CARTESIAN_POINT('',(4.774299999993E1,2.124281486388E2,2.310357534396E1));
#5104=DIRECTION('',(0.E0,-6.427876096865E-1,-7.660444431190E-1));
#5105=DIRECTION('',(0.E0,-7.660444431190E-1,6.427876096865E-1));
#5106=AXIS2_PLACEMENT_3D('',#5103,#5104,#5105);
#5108=CARTESIAN_POINT('',(4.739813074922E1,1.774E2,1.348894278189E1));
#5109=DIRECTION('',(3.639706545671E-10,0.E0,-1.E0));
#5110=DIRECTION('',(-5.684341886081E-14,-1.E0,0.E0));
#5111=AXIS2_PLACEMENT_3D('',#5108,#5109,#5110);
#5113=CARTESIAN_POINT('',(3.734399913507E1,1.874276835553E2,1.348894277823E1));
#5114=DIRECTION('',(3.639706545671E-10,0.E0,-1.E0));
#5115=DIRECTION('',(9.219436871541E-1,3.873239441562E-1,3.355626239164E-10));
#5116=AXIS2_PLACEMENT_3D('',#5113,#5114,#5115);
#5118=CARTESIAN_POINT('',(5.043559949266E1,1.929276835623E2,1.348894278299E1));
#5119=DIRECTION('',(3.639706545671E-10,0.E0,-1.E0));
#5120=DIRECTION('',(-9.219436871539E-1,-3.873239441566E-1,-3.355609123901E-10));
#5121=AXIS2_PLACEMENT_3D('',#5118,#5119,#5120);
#5123=DIRECTION('',(2.426503442621E-10,0.E0,-1.E0));
#5124=VECTOR('',#5123,1.5E0);
#5125=CARTESIAN_POINT('',(4.739813074931E1,1.769E2,1.348894278228E1));
#5126=LINE('',#5125,#5124);
#5127=DIRECTION('',(3.639399892563E-10,-5.684341886081E-14,-1.E0));
#5128=VECTOR('',#5127,1.5E0);
#5129=CARTESIAN_POINT('',(4.704411203041E1,1.777530874491E2,1.348894278176E1));
#5130=LINE('',#5129,#5128);
#5131=CARTESIAN_POINT('',(3.734399913562E1,1.874276835553E2,1.198894277823E1));
#5132=DIRECTION('',(3.639706545671E-10,0.E0,-1.E0));
#5133=DIRECTION('',(8.966405516324E-1,-4.427592135330E-1,3.263483887021E-10));
#5134=AXIS2_PLACEMENT_3D('',#5131,#5132,#5133);
#5136=CARTESIAN_POINT('',(4.739813074976E1,1.774E2,1.198894278189E1));
#5137=DIRECTION('',(3.639706545671E-10,0.E0,-1.E0));
#5138=DIRECTION('',(0.E0,-1.E0,0.E0));
#5139=AXIS2_PLACEMENT_3D('',#5136,#5137,#5138);
#5141=DIRECTION('',(1.213261871921E-10,-1.E0,-1.117064536109E-10));
#5142=VECTOR('',#5141,3.5E0);
#5143=CARTESIAN_POINT('',(5.384299999959E1,1.804E2,1.198894278423E1));
#5144=LINE('',#5143,#5142);
#5145=DIRECTION('',(-1.E0,0.E0,-3.639697489265E-10));
#5146=VECTOR('',#5145,4.215025306605E0);
#5147=CARTESIAN_POINT('',(5.384299999959E1,1.804E2,1.198894278423E1));
#5148=LINE('',#5147,#5146);
#5149=DIRECTION('',(3.639694260268E-10,0.E0,-1.E0));
#5150=VECTOR('',#5149,7.E0);
#5151=CARTESIAN_POINT('',(4.974271295517E1,1.816E2,1.198894278274E1));
#5152=LINE('',#5151,#5150);
#5153=DIRECTION('',(3.639684109658E-10,0.E0,-1.E0));
#5154=VECTOR('',#5153,7.E0);
#5155=CARTESIAN_POINT('',(4.962797469298E1,1.813618823299E2,1.198894278270E1));
#5156=LINE('',#5155,#5154);
#5157=DIRECTION('',(3.639684109658E-10,0.E0,-1.E0));
#5158=VECTOR('',#5157,1.5E0);
#5159=CARTESIAN_POINT('',(4.997462764908E1,1.927340215902E2,1.348894278283E1));
#5160=LINE('',#5159,#5158);
#5161=DIRECTION('',(3.639694260268E-10,0.E0,-1.E0));
#5162=VECTOR('',#5161,7.E0);
#5163=CARTESIAN_POINT('',(5.034299999746E1,1.934190340822E2,1.198894278296E1));
#5164=LINE('',#5163,#5162);
#5165=DIRECTION('',(3.639778848689E-10,0.E0,-1.E0));
#5166=VECTOR('',#5165,1.5E0);
#5167=CARTESIAN_POINT('',(4.997462765218E1,1.927340215902E2,4.988942782826E0));
#5168=LINE('',#5167,#5166);
#5169=DIRECTION('',(3.639712531367E-10,0.E0,-1.E0));
#5170=VECTOR('',#5169,1.E1);
#5171=CARTESIAN_POINT('',(5.043559949266E1,1.934276835623E2,1.348894278299E1));
#5172=LINE('',#5171,#5170);
#5173=CARTESIAN_POINT('',(5.043559949321E1,1.929276835623E2,1.198894278299E1));
#5174=DIRECTION('',(3.639706545671E-10,0.E0,-1.E0));
#5175=DIRECTION('',(-9.219436871539E-1,-3.873239441566E-1,-3.355609123901E-10));
#5176=AXIS2_PLACEMENT_3D('',#5173,#5174,#5175);
#5178=CARTESIAN_POINT('',(3.734399913562E1,1.874276835553E2,1.198894277823E1));
#5179=DIRECTION('',(3.639706545671E-10,0.E0,-1.E0));
#5180=DIRECTION('',(9.219436871541E-1,3.873239441562E-1,3.355626239164E-10));
#5181=AXIS2_PLACEMENT_3D('',#5178,#5179,#5180);
#5183=DIRECTION('',(0.E0,1.E0,0.E0));
#5184=VECTOR('',#5183,1.191350519882E0);
#5185=CARTESIAN_POINT('',(5.034300000001E1,1.922276835623E2,4.988942782960E0));
#5186=LINE('',#5185,#5184);
#5187=DIRECTION('',(0.E0,1.E0,0.E0));
#5188=VECTOR('',#5187,1.191350519882E0);
#5189=CARTESIAN_POINT('',(5.034299999746E1,1.922276835623E2,1.198894278296E1));
#5190=LINE('',#5189,#5188);
#5191=CARTESIAN_POINT('',(3.734399913817E1,1.874276835553E2,4.988942778229E0));
#5192=DIRECTION('',(3.639706545671E-10,0.E0,-1.E0));
#5193=DIRECTION('',(9.219436871541E-1,3.873239441562E-1,3.355625590858E-10));
#5194=AXIS2_PLACEMENT_3D('',#5191,#5192,#5193);
#5196=CARTESIAN_POINT('',(5.043559949575E1,1.929276835623E2,4.988942782994E0));
#5197=DIRECTION('',(3.639706545671E-10,0.E0,-1.E0));
#5198=DIRECTION('',(-9.219436871539E-1,-3.873239441566E-1,-3.355626887469E-10));
#5199=AXIS2_PLACEMENT_3D('',#5196,#5197,#5198);
#5201=DIRECTION('',(-1.E0,0.E0,-3.639679033911E-10));
#5202=VECTOR('',#5201,3.500000000425E0);
#5203=CARTESIAN_POINT('',(5.384300000044E1,1.922276835623E2,4.988942784234E0));
#5204=LINE('',#5203,#5202);
#5205=DIRECTION('',(-3.639694260268E-10,0.E0,1.E0));
#5206=VECTOR('',#5205,7.E0);
#5207=CARTESIAN_POINT('',(5.034300000001E1,1.922276835623E2,4.988942782960E0));
#5208=LINE('',#5207,#5206);
#5209=DIRECTION('',(-1.E0,0.E0,-3.639673956839E-10));
#5210=VECTOR('',#5209,3.500000002123E0);
#5211=CARTESIAN_POINT('',(5.384299999959E1,1.922276835623E2,1.198894278423E1));
#5212=LINE('',#5211,#5210);
#5213=DIRECTION('',(-1.213231420089E-10,0.E0,1.E0));
#5214=VECTOR('',#5213,7.E0);
#5215=CARTESIAN_POINT('',(5.384300000044E1,1.922276835623E2,4.988942784234E0));
#5216=LINE('',#5215,#5214);
#5217=DIRECTION('',(0.E0,1.E0,0.E0));
#5218=VECTOR('',#5217,1.062768356233E1);
#5219=CARTESIAN_POINT('',(5.384299999959E1,1.816E2,1.198894278423E1));
#5220=LINE('',#5219,#5218);
#5221=DIRECTION('',(1.213231420089E-10,0.E0,-1.E0));
#5222=VECTOR('',#5221,7.E0);
#5223=CARTESIAN_POINT('',(5.384299999959E1,1.816E2,1.198894278423E1));
#5224=LINE('',#5223,#5222);
#5225=DIRECTION('',(0.E0,1.E0,0.E0));
#5226=VECTOR('',#5225,1.062768356233E1);
#5227=CARTESIAN_POINT('',(5.384300000044E1,1.816E2,4.988942784234E0));
#5228=LINE('',#5227,#5226);
#5229=DIRECTION('',(1.E0,0.E0,3.639725639253E-10));
#5230=VECTOR('',#5229,4.100287042717E0);
#5231=CARTESIAN_POINT('',(4.974271295772E1,1.816E2,4.988942782741E0));
#5232=LINE('',#5231,#5230);
#5233=DIRECTION('',(1.E0,0.E0,3.639729970020E-10));
#5234=VECTOR('',#5233,4.100287044416E0);
#5235=CARTESIAN_POINT('',(4.974271295517E1,1.816E2,1.198894278274E1));
#5236=LINE('',#5235,#5234);
#5237=DIRECTION('',(1.E0,0.E0,3.639652915072E-10));
#5238=VECTOR('',#5237,3.407400504318E0);
#5239=CARTESIAN_POINT('',(5.043559949630E1,1.934276835623E2,3.488942782994E0));
#5240=LINE('',#5239,#5238);
#5241=DIRECTION('',(1.E0,0.E0,3.639654215788E-10));
#5242=VECTOR('',#5241,3.407400506745E0);
#5243=CARTESIAN_POINT('',(5.043559949266E1,1.934276835623E2,1.348894278299E1));
#5244=LINE('',#5243,#5242);
#5245=DIRECTION('',(0.E0,1.E0,0.E0));
#5246=VECTOR('',#5245,9.618823299067E-1);
#5247=CARTESIAN_POINT('',(4.962797469298E1,1.804E2,1.198894278270E1));
#5248=LINE('',#5247,#5246);
#5249=DIRECTION('',(-3.639694260268E-10,0.E0,1.E0));
#5250=VECTOR('',#5249,7.E0);
#5251=CARTESIAN_POINT('',(4.962797469553E1,1.804E2,4.988942782699E0));
#5252=LINE('',#5251,#5250);
#5253=DIRECTION('',(-1.213241570700E-10,-1.E0,-1.117064536109E-10));
#5254=VECTOR('',#5253,3.5E0);
#5255=CARTESIAN_POINT('',(5.384300000044E1,1.804E2,4.988942784234E0));
#5256=LINE('',#5255,#5254);
#5257=CARTESIAN_POINT('',(4.739813075231E1,1.774E2,4.988942781888E0));
#5258=DIRECTION('',(3.639706545671E-10,0.E0,-1.E0));
#5259=DIRECTION('',(1.037392394210E-12,-1.E0,0.E0));
#5260=AXIS2_PLACEMENT_3D('',#5257,#5258,#5259);
#5262=CARTESIAN_POINT('',(3.734399913817E1,1.874276835553E2,4.988942778229E0));
#5263=DIRECTION('',(3.639706545671E-10,0.E0,-1.E0));
#5264=DIRECTION('',(8.966405516324E-1,-4.427592135330E-1,3.263483887021E-10));
#5265=AXIS2_PLACEMENT_3D('',#5262,#5263,#5264);
#5267=DIRECTION('',(0.E0,1.E0,0.E0));
#5268=VECTOR('',#5267,9.618823299067E-1);
#5269=CARTESIAN_POINT('',(4.962797469553E1,1.804E2,4.988942782699E0));
#5270=LINE('',#5269,#5268);
#5271=DIRECTION('',(-1.E0,0.E0,-3.639701705076E-10));
#5272=VECTOR('',#5271,4.215025304907E0);
#5273=CARTESIAN_POINT('',(5.384300000044E1,1.804E2,4.988942784234E0));
#5274=LINE('',#5273,#5272);
#5275=DIRECTION('',(-1.213241570700E-10,0.E0,1.E0));
#5276=VECTOR('',#5275,7.E0);
#5277=CARTESIAN_POINT('',(5.384300000044E1,1.804E2,4.988942784234E0));
#5278=LINE('',#5277,#5276);
#5279=CARTESIAN_POINT('',(3.121328277351E1,1.774E2,7.296656668683E1));
#5280=CARTESIAN_POINT('',(3.121328277351E1,1.773583206345E2,7.296656668683E1));
#5281=CARTESIAN_POINT('',(3.121328277351E1,1.772848219302E2,7.297642671354E1));
#5282=CARTESIAN_POINT('',(3.121328277351E1,1.771611362096E2,7.301945845500E1));
#5283=CARTESIAN_POINT('',(3.121328277351E1,1.770393723792E2,7.310609145210E1));
#5284=CARTESIAN_POINT('',(3.121328277351E1,1.769528219540E2,7.322793785443E1));
#5285=CARTESIAN_POINT('',(3.121328277351E1,1.769098433799E2,7.335167674234E1));
#5286=CARTESIAN_POINT('',(3.121328277351E1,1.769E2,7.342519209347E1));
#5287=CARTESIAN_POINT('',(3.121328277351E1,1.769E2,7.346687145898E1));
#5289=CARTESIAN_POINT('',(5.104300000001E1,1.769E2,7.277440247463E1));
#5290=CARTESIAN_POINT('',(5.104300000001E1,1.769E2,7.273272310912E1));
#5291=CARTESIAN_POINT('',(5.104300000001E1,1.769098433799E2,7.265920775798E1));
#5292=CARTESIAN_POINT('',(5.104300000001E1,1.769528219540E2,7.253546887007E1));
#5293=CARTESIAN_POINT('',(5.104300000001E1,1.770393723792E2,7.241362246774E1));
#5294=CARTESIAN_POINT('',(5.104300000001E1,1.771611362096E2,7.232698947065E1));
#5295=CARTESIAN_POINT('',(5.104300000001E1,1.772848219302E2,7.228395772918E1));
#5296=CARTESIAN_POINT('',(5.104300000001E1,1.773583206345E2,7.227409770248E1));
#5297=CARTESIAN_POINT('',(5.104300000001E1,1.774E2,7.227409770248E1));
#5299=DIRECTION('',(-9.993908270191E-1,0.E0,3.489949670264E-2));
#5300=VECTOR('',#5299,1.984180431758E1);
#5301=CARTESIAN_POINT('',(5.104300000001E1,1.774E2,7.227409770248E1));
#5302=LINE('',#5301,#5300);
#5303=CARTESIAN_POINT('',(2.200700000002E1,1.794E2,8.510684328710E1));
#5304=DIRECTION('',(-1.E0,0.E0,1.359797690222E-13));
#5305=DIRECTION('',(1.350031197944E-13,-4.547473508865E-13,1.E0));
#5306=AXIS2_PLACEMENT_3D('',#5303,#5304,#5305);
#5308=DIRECTION('',(-5.744181984273E-14,-1.E0,0.E0));
#5309=VECTOR('',#5308,4.638667901532E0);
#5310=CARTESIAN_POINT('',(2.200700000002E1,1.794E2,8.660684328710E1));
#5311=LINE('',#5310,#5309);
#5312=CARTESIAN_POINT('',(2.200700000002E1,1.752613320985E2,8.083642924651E1));
#5313=DIRECTION('',(1.E0,0.E0,0.E0));
#5314=DIRECTION('',(0.E0,-1.E0,-2.273736754432E-13));
#5315=AXIS2_PLACEMENT_3D('',#5312,#5313,#5314);
#5317=CARTESIAN_POINT('',(2.200700000002E1,1.709978748939E2,7.541121656271E1));
#5318=DIRECTION('',(1.E0,0.E0,0.E0));
#5319=DIRECTION('',(0.E0,9.222070478356E-1,3.866964713084E-1));
#5320=AXIS2_PLACEMENT_3D('',#5317,#5318,#5319);
#5322=DIRECTION('',(-1.326684892315E-13,-1.934119205197E-14,-1.E0));
#5323=VECTOR('',#5322,1.175592873657E1);
#5324=CARTESIAN_POINT('',(2.020700000002E1,1.809E2,8.510684328709E1));
#5325=LINE('',#5324,#5323);
#5326=DIRECTION('',(-1.E0,4.736951571734E-14,-1.231607408651E-12));
#5327=VECTOR('',#5326,1.8E0);
#5328=CARTESIAN_POINT('',(2.200700000002E1,1.809E2,8.510684328710E1));
#5329=LINE('',#5328,#5327);
#5330=DIRECTION('',(1.484378232630E-13,0.E0,1.E0));
#5331=VECTOR('',#5330,1.081817657735E1);
#5332=CARTESIAN_POINT('',(2.200700000002E1,1.809E2,7.428866670974E1));
#5333=LINE('',#5332,#5331);
#5334=DIRECTION('',(-9.993908270191E-1,0.E0,3.489949670264E-2));
#5335=VECTOR('',#5334,9.211894410673E0);
#5336=CARTESIAN_POINT('',(3.121328277351E1,1.809E2,7.396717623113E1));
#5337=LINE('',#5336,#5335);
#5338=DIRECTION('',(1.278197806183E-13,0.E0,1.E0));
#5339=VECTOR('',#5338,1.000609544299E0);
#5340=CARTESIAN_POINT('',(3.121328277351E1,1.809E2,7.296656668683E1));
#5341=LINE('',#5340,#5339);
#5342=DIRECTION('',(-1.E0,5.684341886080E-13,1.105288700071E-13));
#5343=VECTOR('',#5342,1.8E0);
#5344=CARTESIAN_POINT('',(2.200700000002E1,1.794E2,8.660684328710E1));
#5345=LINE('',#5344,#5343);
#5346=DIRECTION('',(9.112025944138E-14,0.E0,1.E0));
#5347=VECTOR('',#5346,5.770414040587E0);
#5348=CARTESIAN_POINT('',(2.200700000002E1,1.747613320985E2,8.083642924651E1));
#5349=LINE('',#5348,#5347);
#5350=DIRECTION('',(1.E0,0.E0,-1.184237892934E-13));
#5351=VECTOR('',#5350,1.8E0);
#5352=CARTESIAN_POINT('',(2.020700000002E1,1.747613320985E2,8.660684328710E1));
#5353=LINE('',#5352,#5351);
#5354=DIRECTION('',(-1.065814103640E-14,-5.684341886080E-14,-1.E0));
#5355=VECTOR('',#5354,1.E0);
#5356=CARTESIAN_POINT('',(2.020700000002E1,1.747613320985E2,8.760684328710E1));
#5357=LINE('',#5356,#5355);
#5358=DIRECTION('',(1.E0,-8.526512929085E-14,1.421085488181E-13));
#5359=VECTOR('',#5358,9.999999882761E-1);
#5360=CARTESIAN_POINT('',(2.200700000002E1,1.749523859242E2,8.044329789261E1));
#5361=LINE('',#5360,#5359);
#5362=DIRECTION('',(1.E0,2.842170976363E-14,4.263256464544E-14));
#5363=VECTOR('',#5362,9.999999882758E-1);
#5364=CARTESIAN_POINT('',(2.200700000002E1,1.747613320985E2,8.083642924651E1));
#5365=LINE('',#5364,#5363);
#5366=CARTESIAN_POINT('',(2.300699998829E1,1.752613320985E2,8.083642924651E1));
#5367=DIRECTION('',(1.E0,0.E0,0.E0));
#5368=DIRECTION('',(0.E0,-9.547543545827E-1,-2.973955655443E-1));
#5369=AXIS2_PLACEMENT_3D('',#5366,#5367,#5368);
#5371=CARTESIAN_POINT('',(2.300699998829E1,1.752613320985E2,8.083642924651E1));
#5372=DIRECTION('',(0.E0,7.862627077964E-1,-6.178923484950E-1));
#5373=DIRECTION('',(9.682590886120E-1,-1.544413703208E-1,-1.965253175897E-1));
#5374=AXIS2_PLACEMENT_3D('',#5371,#5372,#5373);
#5376=CARTESIAN_POINT('',(2.300699998829E1,1.752613320985E2,8.083642924651E1));
#5377=DIRECTION('',(1.448059553898E-1,-2.942610378765E-1,9.446913130073E-1));
#5378=DIRECTION('',(4.171135840985E-1,-8.476189797498E-1,-3.279608560919E-1));
#5379=AXIS2_PLACEMENT_3D('',#5376,#5377,#5378);
#5381=CARTESIAN_POINT('',(2.300699998829E1,1.752613320985E2,8.083642924651E1));
#5382=DIRECTION('',(-1.448059553898E-1,2.942610378765E-1,-9.446913130073E-1));
#5383=DIRECTION('',(4.171135840985E-1,-8.476189797498E-1,-3.279608560919E-1));
#5384=AXIS2_PLACEMENT_3D('',#5381,#5382,#5383);
#5386=CARTESIAN_POINT('',(2.300699998829E1,1.752613320985E2,8.083642924651E1));
#5387=DIRECTION('',(1.E0,0.E0,0.E0));
#5388=DIRECTION('',(0.E0,-1.E0,0.E0));
#5389=AXIS2_PLACEMENT_3D('',#5386,#5387,#5388);
#5391=CARTESIAN_POINT('',(2.300699998829E1,1.752613320985E2,8.083642924651E1));
#5392=DIRECTION('',(0.E0,0.E0,1.E0));
#5393=DIRECTION('',(0.E0,-1.E0,0.E0));
#5394=AXIS2_PLACEMENT_3D('',#5391,#5392,#5393);
#5396=CARTESIAN_POINT('',(2.300699998829E1,1.752613320985E2,8.083642924651E1));
#5397=DIRECTION('',(0.E0,7.862627077964E-1,-6.178923484950E-1));
#5398=DIRECTION('',(1.E0,0.E0,2.842170943040E-14));
#5399=AXIS2_PLACEMENT_3D('',#5396,#5397,#5398);
#5401=DIRECTION('',(0.E0,0.E0,1.E0));
#5402=VECTOR('',#5401,6.770414040587E0);
#5403=CARTESIAN_POINT('',(2.350699998829E1,1.752613320985E2,8.083642924651E1));
#5404=LINE('',#5403,#5402);
#5405=DIRECTION('',(0.E0,0.E0,1.E0));
#5406=VECTOR('',#5405,6.770414040587E0);
#5407=CARTESIAN_POINT('',(2.300699998829E1,1.747613320985E2,8.083642924651E1));
#5408=LINE('',#5407,#5406);
#5409=CARTESIAN_POINT('',(2.300699998829E1,1.752613320985E2,8.760684328710E1));
#5410=DIRECTION('',(0.E0,0.E0,1.E0));
#5411=DIRECTION('',(0.E0,-1.E0,0.E0));
#5412=AXIS2_PLACEMENT_3D('',#5409,#5410,#5411);
#5414=CARTESIAN_POINT('',(2.300699998829E1,1.752613320985E2,8.760684328710E1));
#5415=DIRECTION('',(1.E0,0.E0,0.E0));
#5416=DIRECTION('',(0.E0,-9.045340337333E-1,4.264014327112E-1));
#5417=AXIS2_PLACEMENT_3D('',#5414,#5415,#5416);
#5419=CARTESIAN_POINT('',(2.300699998829E1,1.752613320985E2,8.760684328710E1));
#5420=DIRECTION('',(2.886751345948E-1,-4.082482904639E-1,-8.660254037844E-1));
#5421=DIRECTION('',(5.E-1,-7.071067811866E-1,5.E-1));
#5422=AXIS2_PLACEMENT_3D('',#5419,#5420,#5421);
#5424=CARTESIAN_POINT('',(2.300699998829E1,1.752613320985E2,8.760684328710E1));
#5425=DIRECTION('',(-2.886751345947E-1,4.082482904640E-1,8.660254037844E-1));
#5426=DIRECTION('',(5.E-1,-7.071067811866E-1,5.E-1));
#5427=AXIS2_PLACEMENT_3D('',#5424,#5425,#5426);
#5429=CARTESIAN_POINT('',(2.300699998829E1,1.752613320985E2,8.760684328710E1));
#5430=DIRECTION('',(0.E0,-1.E0,0.E0));
#5431=DIRECTION('',(1.E0,0.E0,0.E0));
#5432=AXIS2_PLACEMENT_3D('',#5429,#5430,#5431);
#5434=DIRECTION('',(1.E0,-1.015061055336E-14,-8.120488442691E-14));
#5435=VECTOR('',#5434,2.799999988275E0);
#5436=CARTESIAN_POINT('',(2.020700000002E1,1.747613320985E2,8.760684328710E1));
#5437=LINE('',#5436,#5435);
#5438=DIRECTION('',(1.E0,-2.233134321740E-13,-1.015061055336E-14));
#5439=VECTOR('',#5438,2.799999988275E0);
#5440=CARTESIAN_POINT('',(2.020700000002E1,1.752613320985E2,8.810684328710E1));
#5441=LINE('',#5440,#5439);
#5442=DIRECTION('',(0.E0,-1.E0,1.776356839400E-14));
#5443=VECTOR('',#5442,4.E0);
#5444=CARTESIAN_POINT('',(2.020700000002E1,1.792613320985E2,8.810684328710E1));
#5445=LINE('',#5444,#5443);
#5446=DIRECTION('',(1.E0,-3.755725904745E-13,1.522591583005E-14));
#5447=VECTOR('',#5446,2.799999988275E0);
#5448=CARTESIAN_POINT('',(2.020700000002E1,1.792613320985E2,8.810684328710E1));
#5449=LINE('',#5448,#5447);
#5450=DIRECTION('',(1.E0,-2.030122110672E-14,8.932537286959E-13));
#5451=VECTOR('',#5450,2.799999988276E0);
#5452=CARTESIAN_POINT('',(2.020700000002E1,1.822613320985E2,8.510684328709E1));
#5453=LINE('',#5452,#5451);
#5454=CARTESIAN_POINT('',(2.300699998829E1,1.792613320985E2,8.510684328710E1));
#5455=DIRECTION('',(1.E0,0.E0,0.E0));
#5456=DIRECTION('',(0.E0,1.E0,0.E0));
#5457=AXIS2_PLACEMENT_3D('',#5454,#5455,#5456);
#5459=CARTESIAN_POINT('',(2.300699998829E1,1.817613320985E2,8.510684328710E1));
#5460=DIRECTION('',(0.E0,0.E0,1.E0));
#5461=DIRECTION('',(1.E0,0.E0,0.E0));
#5462=AXIS2_PLACEMENT_3D('',#5459,#5460,#5461);
#5464=CARTESIAN_POINT('',(2.300699998829E1,1.792613320985E2,8.760684328710E1));
#5465=DIRECTION('',(0.E0,-1.E0,0.E0));
#5466=DIRECTION('',(1.E0,0.E0,0.E0));
#5467=AXIS2_PLACEMENT_3D('',#5464,#5465,#5466);
#5469=DIRECTION('',(0.E0,0.E0,-1.E0));
#5470=VECTOR('',#5469,9.869948186884E0);
#5471=CARTESIAN_POINT('',(2.350699998829E1,1.817613320985E2,8.510684328710E1));
#5472=LINE('',#5471,#5470);
#5473=DIRECTION('',(0.E0,0.E0,-1.E0));
#5474=VECTOR('',#5473,9.852487802138E0);
#5475=CARTESIAN_POINT('',(2.300699998829E1,1.822613320985E2,8.510684328710E1));
#5476=LINE('',#5475,#5474);
#5477=CARTESIAN_POINT('',(2.300699998829E1,1.822613320985E2,7.525435548496E1));
#5478=CARTESIAN_POINT('',(2.304865396386E1,1.822613320985E2,7.525290089608E1));
#5479=CARTESIAN_POINT('',(2.312212453143E1,1.822514887186E2,7.525033524732E1));
#5480=CARTESIAN_POINT('',(2.324578804095E1,1.822085101445E2,7.524601682241E1));
#5481=CARTESIAN_POINT('',(2.336756021774E1,1.821219597193E2,7.524176444430E1));
#5482=CARTESIAN_POINT('',(2.345414044036E1,1.820001958888E2,7.523874099630E1));
#5483=CARTESIAN_POINT('',(2.349714596805E1,1.818765101683E2,7.523723921018E1));
#5484=CARTESIAN_POINT('',(2.350699998829E1,1.818030114640E2,7.523689510021E1));
#5485=CARTESIAN_POINT('',(2.350699998829E1,1.817613320985E2,7.523689510021E1));
#5487=DIRECTION('',(-5.265882712504E-14,-1.E0,0.E0));
#5488=VECTOR('',#5487,2.361332098468E0);
#5489=CARTESIAN_POINT('',(2.350699998829E1,1.817613320985E2,7.523689510021E1));
#5490=LINE('',#5489,#5488);
#5491=CARTESIAN_POINT('',(2.350699998829E1,1.789E2,8.080380927240E1));
#5492=DIRECTION('',(-1.E0,0.E0,0.E0));
#5493=DIRECTION('',(0.E0,3.457053588276E-1,9.383431168170E-1));
#5494=AXIS2_PLACEMENT_3D('',#5491,#5492,#5493);
#5496=DIRECTION('',(1.534233985630E-14,9.383431168171E-1,-3.457053588274E-1));
#5497=VECTOR('',#5496,2.315627024349E0);
#5498=CARTESIAN_POINT('',(2.350699998829E1,1.769E2,8.207350550218E1));
#5499=LINE('',#5498,#5497);
#5500=CARTESIAN_POINT('',(2.350699998829E1,1.709978748939E2,7.541121656271E1));
#5501=DIRECTION('',(1.E0,0.E0,0.E0));
#5502=DIRECTION('',(0.E0,8.553804501663E-1,5.180002755532E-1));
#5503=AXIS2_PLACEMENT_3D('',#5500,#5501,#5502);
#5505=CARTESIAN_POINT('',(2.350699998829E1,1.792613320985E2,8.510684328710E1));
#5506=DIRECTION('',(1.E0,0.E0,0.E0));
#5507=DIRECTION('',(0.E0,1.E0,0.E0));
#5508=AXIS2_PLACEMENT_3D('',#5505,#5506,#5507);
#5510=DIRECTION('',(-9.992585140133E-1,-1.627174805253E-2,3.489487623066E-2));
#5511=VECTOR('',#5510,3.185962343589E1);
#5512=CARTESIAN_POINT('',(5.256044971994E1,1.852151809432E2,7.422232627919E1));
#5513=LINE('',#5512,#5511);
#5514=DIRECTION('',(-8.553128781316E-14,1.E0,4.071289299906E-12));
#5515=VECTOR('',#5514,5.815180944295E0);
#5516=CARTESIAN_POINT('',(5.304300000001E1,1.794E2,7.372263086468E1));
#5517=LINE('',#5516,#5515);
#5518=DIRECTION('',(-4.887822293087E-9,1.E0,1.706886817440E-10));
#5519=VECTOR('',#5518,5.815180943172E0);
#5520=CARTESIAN_POINT('',(5.256044974836E1,1.794E2,7.422232627820E1));
#5521=LINE('',#5520,#5519);
#5522=DIRECTION('',(4.508819153755E-14,0.E0,1.E0));
#5523=VECTOR('',#5522,2.222012512050E1);
#5524=CARTESIAN_POINT('',(5.304300000001E1,1.794E2,5.150250574417E1));
#5525=LINE('',#5524,#5523);
#5526=DIRECTION('',(-1.E0,-1.235726496974E-14,4.016111115166E-14));
#5527=VECTOR('',#5526,2.3E0);
#5528=CARTESIAN_POINT('',(5.534300000001E1,1.794E2,5.150250574417E1));
#5529=LINE('',#5528,#5527);
#5530=DIRECTION('',(5.105469305125E-14,0.E0,1.E0));
#5531=VECTOR('',#5530,5.566914172194E0);
#5532=CARTESIAN_POINT('',(2.350699998829E1,1.794E2,7.523689510021E1));
#5533=LINE('',#5532,#5531);
#5534=DIRECTION('',(9.993908270191E-1,0.E0,-3.489949670264E-2));
#5535=VECTOR('',#5534,2.907115912473E1);
#5536=CARTESIAN_POINT('',(2.350699998829E1,1.794E2,7.523689510021E1));
#5537=LINE('',#5536,#5535);
#5538=CARTESIAN_POINT('',(5.254300000001E1,1.794E2,7.372263086469E1));
#5539=DIRECTION('',(0.E0,1.E0,0.E0));
#5540=DIRECTION('',(3.489949670312E-2,0.E0,9.993908270191E-1));
#5541=AXIS2_PLACEMENT_3D('',#5538,#5539,#5540);
#5543=DIRECTION('',(3.297935601065E-14,0.E0,1.E0));
#5544=VECTOR('',#5543,2.930130352823E1);
#5545=CARTESIAN_POINT('',(5.534300000001E1,1.794E2,5.150250574417E1));
#5546=LINE('',#5545,#5544);
#5547=CARTESIAN_POINT('',(5.584300000001E1,1.789E2,5.100250574417E1));
#5548=CARTESIAN_POINT('',(5.584300000001E1,1.789212041616E2,5.102370990580E1));
#5549=CARTESIAN_POINT('',(5.584032422340E1,1.789630624083E2,5.106556113931E1));
#5550=CARTESIAN_POINT('',(5.582860802645E1,1.790242760001E2,5.112676176785E1));
#5551=CARTESIAN_POINT('',(5.581005721973E1,1.790817466537E2,5.118425794970E1));
#5552=CARTESIAN_POINT('',(5.578572417768E1,1.791346683722E2,5.123717058702E1));
#5553=CARTESIAN_POINT('',(5.575705857702E1,1.791820169009E2,5.128452392937E1));
#5554=CARTESIAN_POINT('',(5.572528905801E1,1.792235055927E2,5.132600347865E1));
#5555=CARTESIAN_POINT('',(5.569274965179E1,1.792584668621E2,5.136097736829E1));
#5556=CARTESIAN_POINT('',(5.565416954042E1,1.792924229594E2,5.139491717532E1));
#5557=CARTESIAN_POINT('',(5.561696653050E1,1.793189890537E2,5.142149886023E1));
#5558=CARTESIAN_POINT('',(5.558099474814E1,1.793403804694E2,5.144288179512E1));
#5559=CARTESIAN_POINT('',(5.554284518142E1,1.793590194943E2,5.146153326809E1));
#5560=CARTESIAN_POINT('',(5.550237107126E1,1.793745046043E2,5.147699651707E1));
#5561=CARTESIAN_POINT('',(5.546511592106E1,1.793854019822E2,5.148784522750E1));
#5562=CARTESIAN_POINT('',(5.542408803322E1,1.793939856728E2,5.149641481026E1));
#5563=CARTESIAN_POINT('',(5.538301288287E1,1.793989486055E2,5.150141932011E1));
#5564=CARTESIAN_POINT('',(5.535623112536E1,1.794E2,5.150250574417E1));
#5565=CARTESIAN_POINT('',(5.534300000001E1,1.794E2,5.150250574417E1));
#5567=DIRECTION('',(0.E0,0.E0,1.E0));
#5568=VECTOR('',#5567,2.980130352823E1);
#5569=CARTESIAN_POINT('',(5.584300000001E1,1.789E2,5.100250574417E1));
#5570=LINE('',#5569,#5568);
#5571=CARTESIAN_POINT('',(5.534300000001E1,1.789E2,8.080380927240E1));
#5572=DIRECTION('',(0.E0,9.383431168171E-1,-3.457053588274E-1));
#5573=DIRECTION('',(9.236787078175E-1,1.324631986767E-1,3.595429678367E-1));
#5574=AXIS2_PLACEMENT_3D('',#5571,#5572,#5573);
#5576=CARTESIAN_POINT('',(5.534300000001E1,1.789E2,8.080380927240E1));
#5577=DIRECTION('',(2.815483089420E-1,4.018382258287E-1,-8.713533095104E-1));
#5578=DIRECTION('',(5.E-1,7.136221619280E-1,4.906561015674E-1));
#5579=AXIS2_PLACEMENT_3D('',#5576,#5577,#5578);
#5581=CARTESIAN_POINT('',(5.534300000001E1,1.789E2,8.080380927240E1));
#5582=DIRECTION('',(-2.815483089421E-1,-4.018382258287E-1,8.713533095104E-1));
#5583=DIRECTION('',(5.E-1,7.136221619280E-1,4.906561015674E-1));
#5584=AXIS2_PLACEMENT_3D('',#5581,#5582,#5583);
#5586=CARTESIAN_POINT('',(5.534300000001E1,1.789E2,8.080380927240E1));
#5587=DIRECTION('',(-1.E0,0.E0,0.E0));
#5588=DIRECTION('',(0.E0,9.080881499829E-1,4.187790728542E-1));
#5589=AXIS2_PLACEMENT_3D('',#5586,#5587,#5588);
#5591=CARTESIAN_POINT('',(5.534300000001E1,1.789E2,8.080380927240E1));
#5592=DIRECTION('',(0.E0,0.E0,1.E0));
#5593=DIRECTION('',(1.E0,0.E0,0.E0));
#5594=AXIS2_PLACEMENT_3D('',#5591,#5592,#5593);
#5596=DIRECTION('',(3.682161565513E-14,9.383431168171E-1,-3.457053588274E-1));
#5597=VECTOR('',#5596,2.315627024349E0);
#5598=CARTESIAN_POINT('',(5.534300000001E1,1.769E2,8.207350550218E1));
#5599=LINE('',#5598,#5597);
#5600=DIRECTION('',(-1.E0,0.E0,3.883478953912E-14));
#5601=VECTOR('',#5600,3.183600001172E1);
#5602=CARTESIAN_POINT('',(5.534300000001E1,1.794E2,8.080380927240E1));
#5603=LINE('',#5602,#5601);
#5604=DIRECTION('',(-1.E0,0.E0,0.E0));
#5605=VECTOR('',#5604,3.183600001172E1);
#5606=CARTESIAN_POINT('',(5.534300000001E1,1.790728526794E2,8.127298083081E1));
#5607=LINE('',#5606,#5605);
#5608=CARTESIAN_POINT('',(5.534300000001E1,1.789E2,8.080380927240E1));
#5609=DIRECTION('',(0.E0,9.383431168171E-1,-3.457053588274E-1));
#5610=DIRECTION('',(0.E0,3.457053588274E-1,9.383431168171E-1));
#5611=AXIS2_PLACEMENT_3D('',#5608,#5609,#5610);
#5613=CARTESIAN_POINT('',(5.534300000001E1,1.789E2,8.080380927240E1));
#5614=DIRECTION('',(-1.E0,0.E0,0.E0));
#5615=DIRECTION('',(0.E0,3.457053588274E-1,9.383431168171E-1));
#5616=AXIS2_PLACEMENT_3D('',#5613,#5614,#5615);
#5618=DIRECTION('',(9.476232032528E-14,2.213426460152E-14,1.E0));
#5619=VECTOR('',#5618,1.027247480486E1);
#5620=CARTESIAN_POINT('',(2.020700000002E1,1.822613320985E2,7.483436848223E1));
#5621=LINE('',#5620,#5619);
#5622=CARTESIAN_POINT('',(2.070700000002E1,1.822613320985E2,7.483436848223E1));
#5623=DIRECTION('',(0.E0,1.E0,0.E0));
#5624=DIRECTION('',(-1.E0,0.E0,2.805222720781E-11));
#5625=AXIS2_PLACEMENT_3D('',#5622,#5623,#5624);
#5627=DIRECTION('',(9.993908270191E-1,0.E0,-3.489949670263E-2));
#5628=VECTOR('',#5627,2.283941555411E0);
#5629=CARTESIAN_POINT('',(2.072444974837E1,1.822613320985E2,7.533406389574E1));
#5630=LINE('',#5629,#5628);
#5631=CARTESIAN_POINT('',(2.300699998829E1,1.709978748939E2,7.541121656271E1));
#5632=DIRECTION('',(1.E0,0.E0,0.E0));
#5633=DIRECTION('',(0.E0,9.222070478356E-1,3.866964713084E-1));
#5634=AXIS2_PLACEMENT_3D('',#5631,#5632,#5633);
#5636=DIRECTION('',(-1.E0,0.E0,-2.842170976360E-14));
#5637=VECTOR('',#5636,9.999999882766E-1);
#5638=CARTESIAN_POINT('',(2.300699998829E1,1.769E2,7.788607397909E1));
#5639=LINE('',#5638,#5637);
#5640=DIRECTION('',(0.E0,-1.E0,0.E0));
#5641=VECTOR('',#5640,4.E0);
#5642=CARTESIAN_POINT('',(2.350699998829E1,1.792613320985E2,8.760684328710E1));
#5643=LINE('',#5642,#5641);
#5644=DIRECTION('',(0.E0,-1.E0,0.E0));
#5645=VECTOR('',#5644,4.E0);
#5646=CARTESIAN_POINT('',(2.300699998829E1,1.792613320985E2,8.810684328710E1));
#5647=LINE('',#5646,#5645);
#5648=CARTESIAN_POINT('',(2.300699998830E1,1.752613320985E2,8.760684328710E1));
#5649=DIRECTION('',(1.E0,0.E0,0.E0));
#5650=DIRECTION('',(0.E0,0.E0,1.E0));
#5651=AXIS2_PLACEMENT_3D('',#5648,#5649,#5650);
#5653=CARTESIAN_POINT('',(2.300699998829E1,1.752613320985E2,8.760684328710E1));
#5654=DIRECTION('',(0.E0,-1.E0,0.E0));
#5655=DIRECTION('',(9.486832980505E-1,0.E0,3.162277660168E-1));
#5656=AXIS2_PLACEMENT_3D('',#5653,#5654,#5655);
#5658=DIRECTION('',(1.E0,0.E0,1.015061051086E-14));
#5659=VECTOR('',#5658,4.2E0);
#5660=CARTESIAN_POINT('',(4.684300000001E1,2.000458471991E2,8.154850440263E1));
#5661=LINE('',#5660,#5659);
#5662=CARTESIAN_POINT('',(4.684300000001E1,1.958091547773E2,8.348961545253E1));
#5663=CARTESIAN_POINT('',(4.824297413637E1,1.958697659887E2,8.348579258413E1));
#5664=CARTESIAN_POINT('',(4.964297464419E1,1.959296991490E2,8.348116021330E1));
#5665=CARTESIAN_POINT('',(5.104300000001E1,1.959889934286E2,8.347576510411E1));
#5667=DIRECTION('',(1.E0,-2.030122102172E-14,4.398597888039E-14));
#5668=VECTOR('',#5667,4.2E0);
#5669=CARTESIAN_POINT('',(4.684300000001E1,2.002722323146E2,8.118716251291E1));
#5670=LINE('',#5669,#5668);
#5671=DIRECTION('',(0.E0,6.427876096865E-1,7.660444431190E-1));
#5672=VECTOR('',#5671,1.971945302034E0);
#5673=CARTESIAN_POINT('',(4.684300000001E1,1.945416127702E2,8.197901771177E1));
#5674=LINE('',#5673,#5672);
#5675=CARTESIAN_POINT('',(4.684300000001E1,1.954E2,7.700250574417E1));
#5676=DIRECTION('',(-1.E0,0.E0,0.E0));
#5677=DIRECTION('',(0.E0,-1.699776692764E-1,9.854479143757E-1));
#5678=AXIS2_PLACEMENT_3D('',#5675,#5676,#5677);
#5680=CARTESIAN_POINT('',(4.684300000001E1,1.980820482936E2,8.003715843444E1));
#5681=DIRECTION('',(-1.E0,0.E0,0.E0));
#5682=DIRECTION('',(0.E0,6.622341465780E-1,7.492969605611E-1));
#5683=AXIS2_PLACEMENT_3D('',#5680,#5681,#5682);
#5685=DIRECTION('',(0.E0,3.380425192668E-1,-9.411308384958E-1));
#5686=VECTOR('',#5685,3.898717737924E0);
#5687=CARTESIAN_POINT('',(4.684300000001E1,1.990231791321E2,8.037520095371E1));
#5688=LINE('',#5687,#5686);
#5689=CARTESIAN_POINT('',(4.684300000001E1,1.993999806597E2,7.636795494069E1));
#5690=DIRECTION('',(-1.E0,0.E0,0.E0));
#5691=DIRECTION('',(0.E0,9.411308384958E-1,3.380425192668E-1));
#5692=AXIS2_PLACEMENT_3D('',#5689,#5690,#5691);
#5694=CARTESIAN_POINT('',(4.684300000001E1,1.954E2,7.700250574417E1));
#5695=DIRECTION('',(-1.E0,0.E0,0.E0));
#5696=DIRECTION('',(0.E0,9.876495455997E-1,-1.566792107353E-1));
#5697=AXIS2_PLACEMENT_3D('',#5694,#5695,#5696);
#5699=CARTESIAN_POINT('',(4.684300000001E1,1.927179517064E2,7.396785305390E1));
#5700=DIRECTION('',(-1.E0,0.E0,0.E0));
#5701=DIRECTION('',(0.E0,-6.622341465781E-1,-7.492969605610E-1));
#5702=AXIS2_PLACEMENT_3D('',#5699,#5700,#5701);
#5704=DIRECTION('',(0.E0,-3.380425192668E-1,9.411308384958E-1));
#5705=VECTOR('',#5704,3.760623669158E0);
#5706=CARTESIAN_POINT('',(4.684300000001E1,1.917768208679E2,7.362981053463E1));
#5707=LINE('',#5706,#5705);
#5708=DIRECTION('',(0.E0,6.427876096865E-1,7.660444431190E-1));
#5709=VECTOR('',#5708,1.678429495093E0);
#5710=CARTESIAN_POINT('',(4.684300000001E1,1.894266964855E2,7.588329785377E1));
#5711=LINE('',#5710,#5709);
#5712=DIRECTION('',(0.E0,3.380425192668E-1,-9.411308384958E-1));
#5713=VECTOR('',#5712,3.257197355505E0);
#5714=CARTESIAN_POINT('',(4.684300000001E1,1.894266964855E2,7.588329785377E1));
#5715=LINE('',#5714,#5713);
#5716=CARTESIAN_POINT('',(4.684300000001E1,1.914688985238E2,7.315589149471E1));
#5717=DIRECTION('',(-1.E0,0.E0,0.E0));
#5718=DIRECTION('',(0.E0,-7.147457229367E-1,-6.993844089939E-1));
#5719=AXIS2_PLACEMENT_3D('',#5716,#5717,#5718);
#5721=CARTESIAN_POINT('',(4.684300000001E1,1.954E2,7.700250574417E1));
#5722=DIRECTION('',(-1.E0,0.E0,0.E0));
#5723=DIRECTION('',(0.E0,9.964012561465E-1,-8.476164669051E-2));
#5724=AXIS2_PLACEMENT_3D('',#5721,#5722,#5723);
#5726=CARTESIAN_POINT('',(4.684300000001E1,2.008802069088E2,7.653631668737E1));
#5727=DIRECTION('',(-1.E0,0.E0,0.E0));
#5728=DIRECTION('',(0.E0,9.411308384955E-1,3.380425192674E-1));
#5729=AXIS2_PLACEMENT_3D('',#5726,#5727,#5728);
#5731=DIRECTION('',(0.E0,3.380425192668E-1,-9.411308384958E-1));
#5732=VECTOR('',#5731,4.582575694956E0);
#5733=CARTESIAN_POINT('',(4.684300000001E1,2.002722323146E2,8.118716251291E1));
#5734=LINE('',#5733,#5732);
#5735=CARTESIAN_POINT('',(4.684300000001E1,1.993311014762E2,8.084911999364E1));
#5736=DIRECTION('',(-1.E0,0.E0,0.E0));
#5737=DIRECTION('',(0.E0,7.147457229367E-1,6.993844089939E-1));
#5738=AXIS2_PLACEMENT_3D('',#5735,#5736,#5737);
#5740=CARTESIAN_POINT('',(4.684300000001E1,1.954E2,7.700250574417E1));
#5741=DIRECTION('',(-1.E0,0.E0,0.E0));
#5742=DIRECTION('',(0.E0,6.294688881248E-2,9.980168782084E-1));
#5743=AXIS2_PLACEMENT_3D('',#5740,#5741,#5742);
#5745=CARTESIAN_POINT('',(4.484300000001E1,1.944338285721E2,8.195921965279E1));
#5746=CARTESIAN_POINT('',(4.550964012949E1,1.944701602843E2,8.196630149429E1));
#5747=CARTESIAN_POINT('',(4.617630748146E1,1.945060779265E2,8.197288838742E1));
#5748=CARTESIAN_POINT('',(4.684300000001E1,1.945416127702E2,8.197901771177E1));
#5750=DIRECTION('',(1.E0,0.E0,0.E0));
#5751=VECTOR('',#5750,2.E0);
#5752=CARTESIAN_POINT('',(4.484300000001E1,1.987442824402E2,8.078645539501E1));
#5753=LINE('',#5752,#5751);
#5754=DIRECTION('',(1.E0,-5.684341886081E-14,1.136868377216E-13));
#5755=VECTOR('',#5754,2.E0);
#5756=CARTESIAN_POINT('',(4.484300000001E1,1.990231791321E2,8.037520095371E1));
#5757=LINE('',#5756,#5755);
#5758=DIRECTION('',(1.E0,0.E0,0.E0));
#5759=VECTOR('',#5758,2.E0);
#5760=CARTESIAN_POINT('',(4.484300000001E1,2.003876302053E2,7.621127572996E1));
#5761=LINE('',#5760,#5759);
#5762=DIRECTION('',(1.E0,-4.263256414561E-14,1.136868377216E-13));
#5763=VECTOR('',#5762,2.E0);
#5764=CARTESIAN_POINT('',(4.484300000001E1,2.003411114982E2,7.670599745996E1));
#5765=LINE('',#5764,#5763);
#5766=DIRECTION('',(1.E0,0.E0,0.E0));
#5767=VECTOR('',#5766,2.E0);
#5768=CARTESIAN_POINT('',(4.484300000001E1,1.920557175598E2,7.321855609334E1));
#5769=LINE('',#5768,#5767);
#5770=DIRECTION('',(1.E0,9.947598300641E-14,-2.273736754432E-13));
#5771=VECTOR('',#5770,2.E0);
#5772=CARTESIAN_POINT('',(4.484300000001E1,1.917768208679E2,7.362981053463E1));
#5773=LINE('',#5772,#5771);
#5774=DIRECTION('',(9.991840265967E-1,1.365323979019E-2,-3.801144613347E-2));
#5775=VECTOR('',#5774,2.001633279519E0);
#5776=CARTESIAN_POINT('',(4.484300000001E1,1.904782413896E2,7.724513441724E1));
#5777=LINE('',#5776,#5775);
#5778=DIRECTION('',(9.991840265967E-1,1.365323979020E-2,-3.801144613346E-2));
#5779=VECTOR('',#5778,4.203429886990E0);
#5780=CARTESIAN_POINT('',(4.684300000001E1,1.894266964855E2,7.588329785377E1));
#5781=LINE('',#5780,#5779);
#5782=DIRECTION('',(1.E0,-2.030122102172E-14,3.721890520648E-14));
#5783=VECTOR('',#5782,4.2E0);
#5784=CARTESIAN_POINT('',(4.684300000001E1,1.905277676854E2,7.281784897544E1));
#5785=LINE('',#5784,#5783);
#5786=DIRECTION('',(1.E0,0.E0,0.E0));
#5787=VECTOR('',#5786,4.2E0);
#5788=CARTESIAN_POINT('',(4.684300000001E1,1.907541528009E2,7.245650708571E1));
#5789=LINE('',#5788,#5787);
#5790=DIRECTION('',(1.E0,0.E0,0.E0));
#5791=VECTOR('',#5790,4.2E0);
#5792=CARTESIAN_POINT('',(4.684300000001E1,2.018766081650E2,7.645155504068E1));
#5793=LINE('',#5792,#5791);
#5794=DIRECTION('',(1.E0,1.353414734781E-14,-4.736951571734E-14));
#5795=VECTOR('',#5794,4.2E0);
#5796=CARTESIAN_POINT('',(4.684300000001E1,2.018213377473E2,7.687435920664E1));
#5797=LINE('',#5796,#5795);
#5798=DIRECTION('',(5.921189464668E-14,7.660444431189E-1,-6.427876096866E-1));
#5799=VECTOR('',#5798,3.E-1);
#5800=CARTESIAN_POINT('',(2.509399982164E1,2.074275132696E2,-1.136911658913E0));
#5801=LINE('',#5800,#5799);
#5802=DIRECTION('',(7.105427357601E-14,7.660444431189E-1,-6.427876096866E-1));
#5803=VECTOR('',#5802,3.E-1);
#5804=CARTESIAN_POINT('',(2.509399982230E1,2.042135752212E2,-4.967133874508E0));
#5805=LINE('',#5804,#5803);
#5806=DIRECTION('',(-1.308158914526E-10,6.427876096865E-1,7.660444431190E-1));
#5807=VECTOR('',#5806,5.E0);
#5808=CARTESIAN_POINT('',(2.509399982230E1,2.044433885541E2,-5.159970157414E0));
#5809=LINE('',#5808,#5807);
#5810=DIRECTION('',(1.E0,1.601143440424E-10,1.908501727278E-10));
#5811=VECTOR('',#5810,2.493999022294E0);
#5812=CARTESIAN_POINT('',(2.26000008E1,2.044433885537E2,-5.159970157890E0));
#5813=LINE('',#5812,#5811);
#5814=DIRECTION('',(-1.E0,-1.601371361619E-10,-1.908483921468E-10));
#5815=VECTOR('',#5814,2.493999021640E0);
#5816=CARTESIAN_POINT('',(2.509399982164E1,2.076573266025E2,-1.329747941819E0));
#5817=LINE('',#5816,#5815);
#5818=DIRECTION('',(0.E0,7.660444431190E-1,-6.427876096865E-1));
#5819=VECTOR('',#5818,5.E-1);
#5820=CARTESIAN_POINT('',(2.509399983224E1,1.855727345403E2,-2.718242272496E1));
#5821=LINE('',#5820,#5819);
#5822=DIRECTION('',(-1.E0,-1.601485315202E-10,-1.908537332291E-10));
#5823=VECTOR('',#5822,2.493999032236E0);
#5824=CARTESIAN_POINT('',(2.509399983224E1,1.859557567618E2,-2.750381652980E1));
#5825=LINE('',#5824,#5823);
#5826=DIRECTION('',(1.E0,1.601485314782E-10,1.908537331790E-10));
#5827=VECTOR('',#5826,2.493999032890E0);
#5828=CARTESIAN_POINT('',(2.26000008E1,1.827418187130E2,-3.133403874587E1));
#5829=LINE('',#5828,#5827);
#5830=DIRECTION('',(0.E0,7.660444431190E-1,-6.427876096866E-1));
#5831=VECTOR('',#5830,5.E-1);
#5832=CARTESIAN_POINT('',(2.509399983289E1,1.823587964918E2,-3.101264494055E1));
#5833=LINE('',#5832,#5831);
#5834=CARTESIAN_POINT('',(2.509399983224E1,1.859557567618E2,-2.750381652980E1));
#5835=CARTESIAN_POINT('',(2.509399983289E1,1.827418187134E2,-3.133403874540E1));
#5836=VERTEX_POINT('',#5834);
#5837=VERTEX_POINT('',#5835);
#5838=CARTESIAN_POINT('',(2.26000008E1,1.859557567614E2,-2.750381653028E1));
#5839=VERTEX_POINT('',#5838);
#5840=CARTESIAN_POINT('',(2.26000008E1,1.827418187130E2,-3.133403874587E1));
#5841=VERTEX_POINT('',#5840);
#5842=CARTESIAN_POINT('',(2.26000008E1,1.823587964914E2,-3.101264494103E1));
#5843=VERTEX_POINT('',#5842);
#5844=CARTESIAN_POINT('',(2.26000008E1,1.855727345399E2,-2.718242272543E1));
#5845=VERTEX_POINT('',#5844);
#5846=CARTESIAN_POINT('',(2.509399983224E1,1.855727345403E2,-2.718242272496E1));
#5847=VERTEX_POINT('',#5846);
#5848=CARTESIAN_POINT('',(2.509399983289E1,1.823587964918E2,-3.101264494055E1));
#5849=VERTEX_POINT('',#5848);
#5850=CARTESIAN_POINT('',(2.26000008E1,1.784673849767E2,-3.565024859395E1));
#5851=VERTEX_POINT('',#5850);
#5852=VERTEX_POINT('',#226);
#5853=VERTEX_POINT('',#236);
#5854=CARTESIAN_POINT('',(2.26000008E1,1.782E2,-3.715024859395E1));
#5855=VERTEX_POINT('',#5854);
#5856=CARTESIAN_POINT('',(2.26000008E1,1.782E2,-4.015024890506E1));
#5857=VERTEX_POINT('',#5856);
#5858=CARTESIAN_POINT('',(2.26000008E1,1.769E2,-4.015024890506E1));
#5859=VERTEX_POINT('',#5858);
#5860=CARTESIAN_POINT('',(2.26000008E1,1.769E2,-3.565024859395E1));
#5861=VERTEX_POINT('',#5860);
#5862=CARTESIAN_POINT('',(2.31000008E1,1.769E2,-4.065024890506E1));
#5863=VERTEX_POINT('',#5862);
#5864=CARTESIAN_POINT('',(2.31000008E1,1.782E2,-4.065024890506E1));
#5865=VERTEX_POINT('',#5864);
#5866=CARTESIAN_POINT('',(4.384300000001E1,1.782E2,-4.065024890506E1));
#5867=VERTEX_POINT('',#5866);
#5868=CARTESIAN_POINT('',(4.384300000001E1,1.769E2,-4.065024890506E1));
#5869=VERTEX_POINT('',#5868);
#5870=CARTESIAN_POINT('',(5.884300000001E1,1.782E2,-2.565024890506E1));
#5871=VERTEX_POINT('',#5870);
#5872=CARTESIAN_POINT('',(5.884300000001E1,1.769E2,-2.565024890506E1));
#5873=VERTEX_POINT('',#5872);
#5874=CARTESIAN_POINT('',(5.884300000001E1,1.782E2,7.885000000001E1));
#5875=VERTEX_POINT('',#5874);
#5876=CARTESIAN_POINT('',(5.884300000001E1,1.769E2,7.885000000001E1));
#5877=VERTEX_POINT('',#5876);
#5878=CARTESIAN_POINT('',(5.834300000001E1,1.769E2,7.935000000001E1));
#5879=VERTEX_POINT('',#5878);
#5880=CARTESIAN_POINT('',(5.834300000001E1,1.782E2,7.935000000001E1));
#5881=VERTEX_POINT('',#5880);
#5882=CARTESIAN_POINT('',(5.584300000001E1,1.782E2,7.935000000001E1));
#5883=VERTEX_POINT('',#5882);
#5884=CARTESIAN_POINT('',(2.31000008E1,1.782E2,-3.765024859395E1));
#5885=VERTEX_POINT('',#5884);
#5886=CARTESIAN_POINT('',(2.31000008E1,1.789336923418E2,-3.765024859395E1));
#5887=VERTEX_POINT('',#5886);
#5888=CARTESIAN_POINT('',(2.31000008E1,1.796997367850E2,-3.729303620363E1));
#5889=VERTEX_POINT('',#5888);
#5890=CARTESIAN_POINT('',(2.26000008E1,2.243378666408E2,1.668247733220E1));
#5891=VERTEX_POINT('',#5890);
#5892=CARTESIAN_POINT('',(2.31000008E1,2.247208888624E2,1.636108352736E1));
#5893=VERTEX_POINT('',#5892);
#5894=CARTESIAN_POINT('',(4.084300000001E1,2.247208888624E2,1.636108352736E1));
#5895=VERTEX_POINT('',#5894);
#5896=CARTESIAN_POINT('',(2.31000008E1,2.260608530049E2,1.815266032713E1));
#5897=VERTEX_POINT('',#5896);
#5898=CARTESIAN_POINT('',(2.26000008E1,2.256443316798E2,1.842926471198E1));
#5899=VERTEX_POINT('',#5898);
#5900=CARTESIAN_POINT('',(2.263249225145E1,2.256443316798E2,1.860656602905E1));
#5901=VERTEX_POINT('',#5900);
#5902=CARTESIAN_POINT('',(2.31000008E1,2.256443316798E2,1.892926471198E1));
#5903=CARTESIAN_POINT('',(2.31000008E1,2.261118402284E2,1.860656602905E1));
#5904=VERTEX_POINT('',#5902);
#5905=VERTEX_POINT('',#5903);
#5906=CARTESIAN_POINT('',(3.720200000001E1,2.256443316798E2,1.892926471198E1));
#5907=VERTEX_POINT('',#5906);
#5908=CARTESIAN_POINT('',(2.31000008E1,2.252650344616E2,1.892926471198E1));
#5909=VERTEX_POINT('',#5908);
#5910=CARTESIAN_POINT('',(2.26000008E1,2.241927810013E2,1.842926471198E1));
#5911=VERTEX_POINT('',#5910);
#5912=CARTESIAN_POINT('',(2.26000008E1,2.236222468519E2,1.816322026886E1));
#5913=VERTEX_POINT('',#5912);
#5914=CARTESIAN_POINT('',(3.720200000001E1,2.236222468519E2,1.816322026886E1));
#5915=VERTEX_POINT('',#5914);
#5916=CARTESIAN_POINT('',(3.720200000001E1,2.252650344616E2,1.892926471198E1));
#5917=VERTEX_POINT('',#5916);
#5918=CARTESIAN_POINT('',(3.720200000001E1,2.231887999761E2,1.764665839752E1));
#5919=VERTEX_POINT('',#5918);
#5920=CARTESIAN_POINT('',(2.26000008E1,2.074275132692E2,-1.136911659389E0));
#5921=VERTEX_POINT('',#5920);
#5922=CARTESIAN_POINT('',(2.509399982164E1,2.074275132696E2,-1.136911658913E0));
#5923=VERTEX_POINT('',#5922);
#5924=CARTESIAN_POINT('',(2.509399982230E1,2.042135752212E2,-4.967133874508E0));
#5925=VERTEX_POINT('',#5924);
#5926=CARTESIAN_POINT('',(2.26000008E1,2.042135752208E2,-4.967133874984E0));
#5927=VERTEX_POINT('',#5926);
#5928=CARTESIAN_POINT('',(2.26000008E1,2.044433885537E2,-5.159970157890E0));
#5929=VERTEX_POINT('',#5928);
#5930=CARTESIAN_POINT('',(2.509399982230E1,2.044433885541E2,-5.159970157414E0));
#5931=VERTEX_POINT('',#5930);
#5932=CARTESIAN_POINT('',(2.509399982164E1,2.076573266025E2,-1.329747941819E0));
#5933=VERTEX_POINT('',#5932);
#5934=CARTESIAN_POINT('',(2.26000008E1,2.076573266021E2,-1.329747942295E0));
#5935=VERTEX_POINT('',#5934);
#5936=CARTESIAN_POINT('',(2.524399981756E1,2.045349690261E2,-4.584111652519E0));
#5937=CARTESIAN_POINT('',(2.804399981774E1,2.045349690269E2,-4.584111652252E0));
#5938=VERTEX_POINT('',#5936);
#5939=VERTEX_POINT('',#5937);
#5940=CARTESIAN_POINT('',(2.804399981826E1,2.031560890293E2,-3.427093954597E0));
#5941=VERTEX_POINT('',#5940);
#5942=CARTESIAN_POINT('',(2.704399981749E1,2.031560890289E2,-3.427093954788E0));
#5943=VERTEX_POINT('',#5942);
#5944=CARTESIAN_POINT('',(2.704399981704E1,2.037988766387E2,-2.661049511716E0));
#5945=VERTEX_POINT('',#5944);
#5946=CARTESIAN_POINT('',(2.804399981676E1,2.057272394680E2,
-3.629161821209E-1));
#5947=VERTEX_POINT('',#5946);
#5948=CARTESIAN_POINT('',(2.804399981674E1,2.071061194656E2,-1.519933879776E0));
#5949=VERTEX_POINT('',#5948);
#5950=CARTESIAN_POINT('',(2.524399981619E1,2.071061194648E2,-1.519933880043E0));
#5951=VERTEX_POINT('',#5950);
#5952=CARTESIAN_POINT('',(2.704399981599E1,2.057272394677E2,
-3.629161823117E-1));
#5953=VERTEX_POINT('',#5952);
#5954=CARTESIAN_POINT('',(2.704399981629E1,2.050844518580E2,-1.128960625478E0));
#5955=VERTEX_POINT('',#5954);
#5956=CARTESIAN_POINT('',(2.704399981642E1,2.064633318556E2,-2.285978323E0));
#5957=VERTEX_POINT('',#5956);
#5958=CARTESIAN_POINT('',(2.704399981692E1,2.051777566362E2,-3.818067209238E0));
#5959=VERTEX_POINT('',#5958);
#5960=CARTESIAN_POINT('',(2.524399981623E1,2.064633318553E2,-2.285978323344E0));
#5961=VERTEX_POINT('',#5960);
#5962=CARTESIAN_POINT('',(2.524399981710E1,2.051777566359E2,-3.818067209582E0));
#5963=VERTEX_POINT('',#5962);
#5964=CARTESIAN_POINT('',(2.524399983293E1,1.826801902969E2,-3.062962271866E1));
#5965=CARTESIAN_POINT('',(2.804399983354E1,1.826801902974E2,-3.062962271816E1));
#5966=VERTEX_POINT('',#5964);
#5967=VERTEX_POINT('',#5965);
#5968=CARTESIAN_POINT('',(2.524399983280E1,1.833229779066E2,-2.986357827559E1));
#5969=VERTEX_POINT('',#5968);
#5970=CARTESIAN_POINT('',(2.704399983288E1,1.833229779068E2,-2.986357827528E1));
#5971=VERTEX_POINT('',#5970);
#5972=CARTESIAN_POINT('',(2.704399983261E1,1.846085531262E2,-2.833148938905E1));
#5973=VERTEX_POINT('',#5972);
#5974=CARTESIAN_POINT('',(2.524399983234E1,1.846085531260E2,-2.833148938935E1));
#5975=VERTEX_POINT('',#5974);
#5976=CARTESIAN_POINT('',(2.524399983221E1,1.852513407357E2,-2.756544494618E1));
#5977=VERTEX_POINT('',#5976);
#5978=CARTESIAN_POINT('',(2.804399983302E1,1.852513407361E2,-2.756544494569E1));
#5979=VERTEX_POINT('',#5978);
#5980=CARTESIAN_POINT('',(2.804399983302E1,1.838724607386E2,-2.640842724817E1));
#5981=VERTEX_POINT('',#5980);
#5982=CARTESIAN_POINT('',(2.804399983354E1,1.813013102998E2,-2.947260502064E1));
#5983=VERTEX_POINT('',#5982);
#5984=CARTESIAN_POINT('',(2.704399983221E1,1.838724607384E2,-2.640842724840E1));
#5985=VERTEX_POINT('',#5984);
#5986=CARTESIAN_POINT('',(2.704399983247E1,1.832296731286E2,-2.717447169153E1));
#5987=VERTEX_POINT('',#5986);
#5988=CARTESIAN_POINT('',(2.704399983284E1,1.819440979092E2,-2.870656057776E1));
#5989=VERTEX_POINT('',#5988);
#5990=CARTESIAN_POINT('',(2.704399983293E1,1.813013102996E2,-2.947260502087E1));
#5991=VERTEX_POINT('',#5990);
#5992=CARTESIAN_POINT('',(3.720200000001E1,2.274E2,2.921683537187E1));
#5993=VERTEX_POINT('',#5992);
#5994=CARTESIAN_POINT('',(3.720200000001E1,2.274E2,4.750250574417E1));
#5995=VERTEX_POINT('',#5994);
#5996=CARTESIAN_POINT('',(3.720200000001E1,2.201014740196E2,4.750250574417E1));
#5997=VERTEX_POINT('',#5996);
#5998=CARTESIAN_POINT('',(3.770200000001E1,2.274E2,4.700250574417E1));
#5999=VERTEX_POINT('',#5998);
#6000=CARTESIAN_POINT('',(3.770200000001E1,2.201014740196E2,4.700250574417E1));
#6001=VERTEX_POINT('',#6000);
#6002=CARTESIAN_POINT('',(4.084300000001E1,2.274E2,4.700250574417E1));
#6003=VERTEX_POINT('',#6002);
#6004=CARTESIAN_POINT('',(4.084299999943E1,2.274E2,2.921683537187E1));
#6005=VERTEX_POINT('',#6004);
#6006=VERTEX_POINT('',#3852);
#6007=CARTESIAN_POINT('',(4.084300000001E1,2.231887999761E2,1.764665839752E1));
#6008=VERTEX_POINT('',#6007);
#6009=VERTEX_POINT('',#1833);
#6010=CARTESIAN_POINT('',(4.084300000658E1,1.910364292258E2,-2.067104495445E1));
#6011=VERTEX_POINT('',#6010);
#6012=CARTESIAN_POINT('',(4.971711950366E1,1.883552737980E2,-1.842128842252E1));
#6013=VERTEX_POINT('',#6012);
#6014=CARTESIAN_POINT('',(3.749399914756E1,1.910364292253E2,-2.067104495542E1));
#6015=VERTEX_POINT('',#6014);
#6016=CARTESIAN_POINT('',(3.749399914669E1,1.883552737987E2,-1.842128842607E1));
#6017=VERTEX_POINT('',#6016);
#6018=CARTESIAN_POINT('',(3.749399914778E1,1.902650840937E2,-2.159029828716E1));
#6019=VERTEX_POINT('',#6018);
#6020=CARTESIAN_POINT('',(3.749399914718E1,1.881201597773E2,-1.979049308460E1));
#6021=VERTEX_POINT('',#6020);
#6022=CARTESIAN_POINT('',(3.749399914797E1,1.863203544702E2,-2.193541752533E1));
#6023=VERTEX_POINT('',#6022);
#6024=CARTESIAN_POINT('',(3.749399914868E1,1.884652787865E2,-2.373522272789E1));
#6025=VERTEX_POINT('',#6024);
#6026=CARTESIAN_POINT('',(3.749399914890E1,1.876939336549E2,-2.465447605964E1));
#6027=VERTEX_POINT('',#6026);
#6028=CARTESIAN_POINT('',(3.749399914814E1,1.850127782284E2,-2.240471953029E1));
#6029=VERTEX_POINT('',#6028);
#6030=CARTESIAN_POINT('',(3.749399914788E1,1.849511498116E2,-2.170030350389E1));
#6031=VERTEX_POINT('',#6030);
#6032=CARTESIAN_POINT('',(3.749399914671E1,1.876508577723E2,-1.848291684279E1));
#6033=VERTEX_POINT('',#6032);
#6034=CARTESIAN_POINT('',(5.022383136633E1,1.876508577723E2,-1.848291683815E1));
#6035=VERTEX_POINT('',#6034);
#6036=CARTESIAN_POINT('',(5.022383136672E1,1.849511498116E2,-2.170030349925E1));
#6037=VERTEX_POINT('',#6036);
#6038=CARTESIAN_POINT('',(4.971711949725E1,1.850127782327E2,-2.240471952999E1));
#6039=VERTEX_POINT('',#6038);
#6040=CARTESIAN_POINT('',(4.084300000658E1,1.876939336554E2,-2.465447605867E1));
#6041=VERTEX_POINT('',#6040);
#6042=CARTESIAN_POINT('',(4.084300000548E1,1.884652787870E2,-2.373522272696E1));
#6043=VERTEX_POINT('',#6042);
#6044=CARTESIAN_POINT('',(4.890277646959E1,1.863203544699E2,-2.193541752145E1));
#6045=VERTEX_POINT('',#6044);
#6046=CARTESIAN_POINT('',(4.890277646933E1,1.881201597771E2,-1.979049308072E1));
#6047=VERTEX_POINT('',#6046);
#6048=CARTESIAN_POINT('',(4.084300000649E1,1.902650840941E2,-2.159029828623E1));
#6049=VERTEX_POINT('',#6048);
#6050=CARTESIAN_POINT('',(4.084300000001E1,1.784673849767E2,-3.565024859395E1));
#6051=VERTEX_POINT('',#6050);
#6052=VERTEX_POINT('',#1800);
#6053=CARTESIAN_POINT('',(2.750200000001E1,1.769E2,-3.565024859395E1));
#6054=VERTEX_POINT('',#6053);
#6055=CARTESIAN_POINT('',(2.400200000001E1,1.769E2,-3.865024890506E1));
#6056=CARTESIAN_POINT('',(2.400200000001E1,1.769E2,-4.065024890506E1));
#6057=VERTEX_POINT('',#6055);
#6058=VERTEX_POINT('',#6056);
#6059=CARTESIAN_POINT('',(2.750200000001E1,1.769E2,-3.865024890506E1));
#6060=VERTEX_POINT('',#6059);
#6061=CARTESIAN_POINT('',(2.750200000001E1,1.744999999644E2,-3.865024890506E1));
#6062=VERTEX_POINT('',#6061);
#6063=CARTESIAN_POINT('',(2.400200000001E1,1.751E2,-3.865024890506E1));
#6064=VERTEX_POINT('',#6063);
#6065=CARTESIAN_POINT('',(2.400200000001E1,1.761E2,-4.065024890506E1));
#6066=VERTEX_POINT('',#6065);
#6067=CARTESIAN_POINT('',(2.400200000001E1,1.756E2,-4.115024890506E1));
#6068=VERTEX_POINT('',#6067);
#6069=CARTESIAN_POINT('',(3.300200000001E1,1.761E2,-4.065024890506E1));
#6070=VERTEX_POINT('',#6069);
#6071=CARTESIAN_POINT('',(3.300200000001E1,1.756E2,-4.115024890506E1));
#6072=VERTEX_POINT('',#6071);
#6073=CARTESIAN_POINT('',(3.300200000001E1,1.756E2,-5.269999959280E1));
#6074=VERTEX_POINT('',#6073);
#6075=CARTESIAN_POINT('',(2.500200000001E1,1.756E2,-5.269999959280E1));
#6076=VERTEX_POINT('',#6075);
#6077=CARTESIAN_POINT('',(2.400200000001E1,1.756E2,-5.169999959280E1));
#6078=VERTEX_POINT('',#6077);
#6079=CARTESIAN_POINT('',(2.500200000001E1,1.741E2,-5.269999959280E1));
#6080=VERTEX_POINT('',#6079);
#6081=CARTESIAN_POINT('',(3.300200000001E1,1.741E2,-5.269999959280E1));
#6082=VERTEX_POINT('',#6081);
#6083=CARTESIAN_POINT('',(3.300200000001E1,1.741E2,-3.915024890506E1));
#6084=VERTEX_POINT('',#6083);
#6085=CARTESIAN_POINT('',(2.500200000001E1,1.741E2,-3.915024890506E1));
#6086=VERTEX_POINT('',#6085);
#6087=CARTESIAN_POINT('',(3.300200000001E1,1.744999999644E2,-3.865024890506E1));
#6088=VERTEX_POINT('',#6087);
#6089=CARTESIAN_POINT('',(3.300200000001E1,1.769E2,-4.065024890506E1));
#6090=VERTEX_POINT('',#6089);
#6091=CARTESIAN_POINT('',(3.300200000001E1,1.769E2,-3.865024890506E1));
#6092=VERTEX_POINT('',#6091);
#6093=CARTESIAN_POINT('',(4.739813075240E1,1.769E2,4.988942782279E0));
#6094=CARTESIAN_POINT('',(4.739813075277E1,1.769E2,3.488942782279E0));
#6095=VERTEX_POINT('',#6093);
#6096=VERTEX_POINT('',#6094);
#6097=CARTESIAN_POINT('',(5.384300000001E1,1.769E2,3.488942783843E0));
#6098=VERTEX_POINT('',#6097);
#6099=CARTESIAN_POINT('',(4.704411203405E1,1.777530874491E2,3.488942781759E0));
#6100=VERTEX_POINT('',#6099);
#6101=CARTESIAN_POINT('',(4.704411203350E1,1.777530874491E2,4.988942781759E0));
#6102=VERTEX_POINT('',#6101);
#6103=CARTESIAN_POINT('',(4.962797469553E1,1.813618823299E2,4.988942782700E0));
#6104=VERTEX_POINT('',#6103);
#6105=CARTESIAN_POINT('',(5.384300000001E1,1.769E2,4.988942783843E0));
#6106=VERTEX_POINT('',#6105);
#6107=CARTESIAN_POINT('',(5.384300000044E1,1.804E2,4.988942784234E0));
#6108=VERTEX_POINT('',#6107);
#6109=CARTESIAN_POINT('',(4.962797469553E1,1.804E2,4.988942782699E0));
#6110=VERTEX_POINT('',#6109);
#6111=CARTESIAN_POINT('',(4.962797469298E1,1.804E2,1.198894278270E1));
#6112=VERTEX_POINT('',#6111);
#6113=CARTESIAN_POINT('',(4.962797469298E1,1.813618823299E2,1.198894278270E1));
#6114=VERTEX_POINT('',#6113);
#6115=CARTESIAN_POINT('',(5.384299999959E1,1.804E2,1.198894278423E1));
#6116=VERTEX_POINT('',#6115);
#6117=CARTESIAN_POINT('',(5.384300000001E1,1.769E2,1.198894278384E1));
#6118=VERTEX_POINT('',#6117);
#6119=CARTESIAN_POINT('',(4.739813074967E1,1.769E2,1.198894278228E1));
#6120=VERTEX_POINT('',#6119);
#6121=CARTESIAN_POINT('',(4.704411203096E1,1.777530874491E2,1.198894278176E1));
#6122=VERTEX_POINT('',#6121);
#6123=CARTESIAN_POINT('',(4.739813074931E1,1.769E2,1.348894278228E1));
#6124=VERTEX_POINT('',#6123);
#6125=CARTESIAN_POINT('',(4.704411203041E1,1.777530874491E2,1.348894278176E1));
#6126=VERTEX_POINT('',#6125);
#6127=CARTESIAN_POINT('',(4.997462764908E1,1.927340215902E2,1.348894278283E1));
#6128=VERTEX_POINT('',#6127);
#6129=CARTESIAN_POINT('',(5.384300000001E1,1.769E2,1.348894278384E1));
#6130=VERTEX_POINT('',#6129);
#6131=CARTESIAN_POINT('',(5.384299999940E1,1.934276835623E2,1.348894278423E1));
#6132=VERTEX_POINT('',#6131);
#6133=CARTESIAN_POINT('',(5.043559949266E1,1.934276835623E2,1.348894278299E1));
#6134=VERTEX_POINT('',#6133);
#6135=CARTESIAN_POINT('',(5.384300000062E1,1.934276835623E2,3.488942784234E0));
#6136=VERTEX_POINT('',#6135);
#6137=CARTESIAN_POINT('',(5.384300000001E1,1.769E2,4.950250574417E1));
#6138=VERTEX_POINT('',#6137);
#6139=CARTESIAN_POINT('',(5.384300000001E1,2.144E2,4.950250574417E1));
#6140=VERTEX_POINT('',#6139);
#6141=CARTESIAN_POINT('',(5.384300000001E1,1.769E2,-1.729377552174E1));
#6142=VERTEX_POINT('',#6141);
#6143=CARTESIAN_POINT('',(2.950200000001E1,1.769E2,-3.565024859395E1));
#6144=VERTEX_POINT('',#6143);
#6145=CARTESIAN_POINT('',(2.950200000001E1,1.769E2,-3.865024890506E1));
#6146=VERTEX_POINT('',#6145);
#6147=CARTESIAN_POINT('',(2.950200000001E1,1.744999999644E2,-3.865024890506E1));
#6148=VERTEX_POINT('',#6147);
#6149=CARTESIAN_POINT('',(2.460200003557E1,1.744999999644E2,-3.865024890506E1));
#6150=VERTEX_POINT('',#6149);
#6151=CARTESIAN_POINT('',(2.400200000001E1,1.751E2,-4.569999959280E1));
#6152=VERTEX_POINT('',#6151);
#6153=VERTEX_POINT('',#1978);
#6154=CARTESIAN_POINT('',(2.500200000001E1,1.741E2,-4.619999959280E1));
#6155=VERTEX_POINT('',#6154);
#6156=CARTESIAN_POINT('',(2.850200000001E1,1.741E2,-4.619999959280E1));
#6157=VERTEX_POINT('',#6156);
#6158=CARTESIAN_POINT('',(2.450200000001E1,1.756E2,-4.619999959280E1));
#6159=VERTEX_POINT('',#6158);
#6160=CARTESIAN_POINT('',(2.850200000001E1,1.756E2,-4.619999959280E1));
#6161=VERTEX_POINT('',#6160);
#6162=CARTESIAN_POINT('',(2.400200000001E1,1.756E2,-4.569999959280E1));
#6163=VERTEX_POINT('',#6162);
#6164=CARTESIAN_POINT('',(2.850200000001E1,1.756E2,-5.019999959280E1));
#6165=VERTEX_POINT('',#6164);
#6166=CARTESIAN_POINT('',(2.850200000001E1,1.741E2,-5.019999959280E1));
#6167=VERTEX_POINT('',#6166);
#6168=CARTESIAN_POINT('',(2.450200000001E1,1.756E2,-5.019999959280E1));
#6169=VERTEX_POINT('',#6168);
#6170=CARTESIAN_POINT('',(2.450200000001E1,1.746E2,-5.019999959280E1));
#6171=VERTEX_POINT('',#6170);
#6172=CARTESIAN_POINT('',(2.500200000001E1,1.741E2,-5.019999959280E1));
#6173=VERTEX_POINT('',#6172);
#6174=VERTEX_POINT('',#2239);
#6175=CARTESIAN_POINT('',(2.400200000001E1,1.756E2,-5.069999959280E1));
#6176=VERTEX_POINT('',#6175);
#6177=CARTESIAN_POINT('',(2.400200000001E1,1.751E2,-5.169999959280E1));
#6178=VERTEX_POINT('',#6177);
#6179=VERTEX_POINT('',#1935);
#6180=CARTESIAN_POINT('',(5.264579438097E1,2.168941042908E2,2.189185396374E1));
#6181=VERTEX_POINT('',#6180);
#6182=VERTEX_POINT('',#4247);
#6183=CARTESIAN_POINT('',(4.774299999993E1,2.185380795435E2,2.385106737731E1));
#6184=VERTEX_POINT('',#6183);
#6185=VERTEX_POINT('',#4888);
#6186=CARTESIAN_POINT('',(4.774299999993E1,2.189607291594E2,2.388804442734E1));
#6187=VERTEX_POINT('',#6186);
#6188=VERTEX_POINT('',#4877);
#6189=CARTESIAN_POINT('',(4.774299999993E1,2.192671469366E2,2.363092938346E1));
#6190=VERTEX_POINT('',#6189);
#6191=VERTEX_POINT('',#2375);
#6192=CARTESIAN_POINT('',(4.774299999993E1,2.193041239866E2,2.320827976762E1));
#6193=VERTEX_POINT('',#6192);
#6194=CARTESIAN_POINT('',(5.213049337641E1,2.176601487339E2,2.124906635405E1));
#6195=VERTEX_POINT('',#6194);
#6196=CARTESIAN_POINT('',(4.774299999993E1,2.176601487339E2,2.124906635405E1));
#6197=VERTEX_POINT('',#6196);
#6198=VERTEX_POINT('',#4610);
#6199=VERTEX_POINT('',#4619);
#6200=CARTESIAN_POINT('',(4.774299999993E1,2.178625892735E2,1.893516039857E1));
#6201=VERTEX_POINT('',#6200);
#6202=CARTESIAN_POINT('',(4.785117298419E1,2.200516160200E2,1.709834886293E1));
#6203=VERTEX_POINT('',#6202);
#6204=CARTESIAN_POINT('',(4.774299999993E1,2.200516160200E2,1.709834886293E1));
#6205=VERTEX_POINT('',#6204);
#6206=CARTESIAN_POINT('',(4.744299999993E1,2.198587797371E2,1.686853553E1));
#6207=VERTEX_POINT('',#6206);
#6208=CARTESIAN_POINT('',(4.744299999993E1,2.177068768077E2,1.867419648439E1));
#6209=VERTEX_POINT('',#6208);
#6210=CARTESIAN_POINT('',(4.744299999993E1,2.196016646932E2,1.656211775275E1));
#6211=VERTEX_POINT('',#6210);
#6212=CARTESIAN_POINT('',(4.744299999993E1,2.174497617638E2,1.836777870714E1));
#6213=VERTEX_POINT('',#6212);
#6214=VERTEX_POINT('',#4856);
#6215=CARTESIAN_POINT('',(5.101773122487E1,2.172198016638E2,1.816911595545E1));
#6216=VERTEX_POINT('',#6215);
#6217=CARTESIAN_POINT('',(4.774299999993E1,2.194088284103E2,1.633230441982E1));
#6218=VERTEX_POINT('',#6217);
#6219=CARTESIAN_POINT('',(4.785117298419E1,2.194088284103E2,1.633230441982E1));
#6220=VERTEX_POINT('',#6219);
#6221=VERTEX_POINT('',#4583);
#6222=CARTESIAN_POINT('',(4.774299999993E1,2.149058957083E2,1.796667541588E1));
#6223=VERTEX_POINT('',#6222);
#6224=CARTESIAN_POINT('',(5.213049337641E1,2.132619204556E2,1.600746200230E1));
#6225=VERTEX_POINT('',#6224);
#6226=CARTESIAN_POINT('',(4.774299999993E1,2.132619204556E2,1.600746200230E1));
#6227=VERTEX_POINT('',#6226);
#6228=VERTEX_POINT('',#4729);
#6229=CARTESIAN_POINT('',(4.774299999993E1,2.128392708397E2,1.597048495228E1));
#6230=VERTEX_POINT('',#6229);
#6231=CARTESIAN_POINT('',(5.250260636798E1,2.125328530625E2,1.622759999615E1));
#6232=VERTEX_POINT('',#6231);
#6233=CARTESIAN_POINT('',(4.774299999993E1,2.125328530625E2,1.622759999615E1));
#6234=VERTEX_POINT('',#6233);
#6235=CARTESIAN_POINT('',(4.744352557424E1,2.127142797592E2,1.644381591380E1));
#6236=CARTESIAN_POINT('',(4.744299999993E1,2.127256893454E2,1.645741332909E1));
#6237=VERTEX_POINT('',#6235);
#6238=VERTEX_POINT('',#6236);
#6239=CARTESIAN_POINT('',(4.744299999993E1,2.130321071226E2,1.620029828521E1));
#6240=VERTEX_POINT('',#6239);
#6241=CARTESIAN_POINT('',(4.744299999993E1,2.143385140169E2,1.837950292556E1));
#6242=VERTEX_POINT('',#6241);
#6243=CARTESIAN_POINT('',(4.744299999993E1,2.146449317941E2,1.812238788168E1));
#6244=VERTEX_POINT('',#6243);
#6245=CARTESIAN_POINT('',(4.744352557424E1,2.130457045379E2,1.618888869906E1));
#6246=VERTEX_POINT('',#6245);
#6247=CARTESIAN_POINT('',(4.774299999993E1,2.130451679936E2,1.590058273064E1));
#6248=VERTEX_POINT('',#6247);
#6249=VERTEX_POINT('',#4577);
#6250=CARTESIAN_POINT('',(5.264579438097E1,2.141398512652E2,1.860946302557E1));
#6251=VERTEX_POINT('',#6250);
#6252=VERTEX_POINT('',#4545);
#6253=CARTESIAN_POINT('',(5.264579438097E1,2.124958760125E2,1.665024961199E1));
#6254=VERTEX_POINT('',#6253);
#6255=CARTESIAN_POINT('',(4.774299999993E1,2.124958760125E2,1.665024961199E1));
#6256=VERTEX_POINT('',#6255);
#6257=CARTESIAN_POINT('',(4.774299999993E1,2.124259737908E2,1.644435245812E1));
#6258=VERTEX_POINT('',#6257);
#6259=CARTESIAN_POINT('',(4.774299999993E1,2.139374107256E2,2.092336898105E1));
#6260=CARTESIAN_POINT('',(5.327313702352E1,2.139374107256E2,2.092336898105E1));
#6261=VERTEX_POINT('',#6259);
#6262=VERTEX_POINT('',#6260);
#6263=CARTESIAN_POINT('',(5.378283921084E1,2.119781973120E2,2.256734423377E1));
#6264=VERTEX_POINT('',#6263);
#6265=CARTESIAN_POINT('',(4.774299999993E1,2.119781973120E2,2.256734423377E1));
#6266=VERTEX_POINT('',#6265);
#6267=CARTESIAN_POINT('',(4.744352557424E1,2.121596240088E2,2.278356015142E1));
#6268=CARTESIAN_POINT('',(4.744299999993E1,2.121710335950E2,2.279715756671E1));
#6269=VERTEX_POINT('',#6267);
#6270=VERTEX_POINT('',#6268);
#6271=CARTESIAN_POINT('',(4.744299999993E1,2.140931231914E2,2.118433289522E1));
#6272=VERTEX_POINT('',#6271);
#6273=CARTESIAN_POINT('',(4.744299999993E1,2.124281486388E2,2.310357534396E1));
#6274=VERTEX_POINT('',#6273);
#6275=CARTESIAN_POINT('',(4.744299999993E1,2.143502382353E2,2.149075067247E1));
#6276=VERTEX_POINT('',#6275);
#6277=VERTEX_POINT('',#4375);
#6278=CARTESIAN_POINT('',(5.327313702352E1,2.145801983353E2,2.168941342417E1));
#6279=VERTEX_POINT('',#6278);
#6280=CARTESIAN_POINT('',(5.378283921084E1,2.126209849217E2,2.333338867689E1));
#6281=VERTEX_POINT('',#6280);
#6282=CARTESIAN_POINT('',(4.774299999993E1,2.126209849217E2,2.333338867689E1));
#6283=VERTEX_POINT('',#6282);
#6284=CARTESIAN_POINT('',(4.744352557424E1,2.124145512235E2,2.311498493011E1));
#6285=VERTEX_POINT('',#6284);
#6286=CARTESIAN_POINT('',(4.774299999993E1,2.119412202620E2,2.298999384962E1));
#6287=VERTEX_POINT('',#6286);
#6288=CARTESIAN_POINT('',(4.774299999993E1,2.118713180404E2,2.278409669575E1));
#6289=VERTEX_POINT('',#6288);
#6290=VERTEX_POINT('',#1897);
#6291=CARTESIAN_POINT('',(5.380829881435E1,2.121983353059E2,2.329641162686E1));
#6292=VERTEX_POINT('',#6291);
#6293=CARTESIAN_POINT('',(4.774299999993E1,2.121983353059E2,2.329641162686E1));
#6294=VERTEX_POINT('',#6293);
#6295=CARTESIAN_POINT('',(4.774299999993E1,2.124150877679E2,2.340329089853E1));
#6296=VERTEX_POINT('',#6295);
#6297=CARTESIAN_POINT('',(4.774299999993E1,2.168941042908E2,2.189185396374E1));
#6298=VERTEX_POINT('',#6297);
#6299=VERTEX_POINT('',#4331);
#6300=CARTESIAN_POINT('',(4.744776949002E1,2.187270766798E2,2.369247994995E1));
#6301=CARTESIAN_POINT('',(4.744299999993E1,2.187678928765E2,2.365823109440E1));
#6302=VERTEX_POINT('',#6300);
#6303=VERTEX_POINT('',#6301);
#6304=CARTESIAN_POINT('',(4.774299999993E1,2.187107854013E2,2.395274550199E1));
#6305=VERTEX_POINT('',#6304);
#6306=CARTESIAN_POINT('',(4.744352557424E1,2.190857202399E2,2.341471346582E1));
#6307=CARTESIAN_POINT('',(4.744299999993E1,2.190743106537E2,2.340111605053E1));
#6308=VERTEX_POINT('',#6306);
#6309=VERTEX_POINT('',#6307);
#6310=CARTESIAN_POINT('',(4.744299999993E1,2.174614859822E2,2.147902645406E1));
#6311=VERTEX_POINT('',#6310);
#6312=CARTESIAN_POINT('',(4.774299999993E1,2.193740262083E2,2.341417692149E1));
#6313=VERTEX_POINT('',#6312);
#6314=CARTESIAN_POINT('',(4.434300000001E1,2.142147022247E2,2.134339743112E1));
#6315=CARTESIAN_POINT('',(4.434300000001E1,2.136999999996E2,1.992926468981E1));
#6316=VERTEX_POINT('',#6314);
#6317=VERTEX_POINT('',#6315);
#6318=CARTESIAN_POINT('',(4.384300000001E1,2.145977244462E2,2.102200362627E1));
#6319=CARTESIAN_POINT('',(4.384300000001E1,2.141999999996E2,1.992926468981E1));
#6320=VERTEX_POINT('',#6318);
#6321=VERTEX_POINT('',#6319);
#6322=CARTESIAN_POINT('',(4.384300000001E1,2.166660444469E2,1.928647707571E1));
#6323=CARTESIAN_POINT('',(4.384300000001E1,2.151339555606E2,2.057205229508E1));
#6324=VERTEX_POINT('',#6322);
#6325=VERTEX_POINT('',#6323);
#6326=VERTEX_POINT('',#4502);
#6327=VERTEX_POINT('',#4538);
#6328=CARTESIAN_POINT('',(5.384300000001E1,1.819E2,-6.070735310193E0));
#6329=CARTESIAN_POINT('',(5.384300000001E1,1.819E2,-2.070735310193E0));
#6330=VERTEX_POINT('',#6328);
#6331=VERTEX_POINT('',#6329);
#6332=CARTESIAN_POINT('',(5.234300000001E1,1.819E2,-6.070735310193E0));
#6333=CARTESIAN_POINT('',(5.234300000001E1,1.819E2,-2.070735310193E0));
#6334=VERTEX_POINT('',#6332);
#6335=VERTEX_POINT('',#6333);
#6336=CARTESIAN_POINT('',(5.234300000001E1,1.829E2,-4.070735310193E0));
#6337=CARTESIAN_POINT('',(5.234300000001E1,1.809E2,-4.070735310193E0));
#6338=VERTEX_POINT('',#6336);
#6339=VERTEX_POINT('',#6337);
#6340=CARTESIAN_POINT('',(5.384300000001E1,1.829E2,-4.070735310193E0));
#6341=CARTESIAN_POINT('',(5.384300000001E1,1.809E2,-4.070735310193E0));
#6342=VERTEX_POINT('',#6340);
#6343=VERTEX_POINT('',#6341);
#6344=CARTESIAN_POINT('',(5.384300000001E1,2.089E2,4.092926468974E1));
#6345=CARTESIAN_POINT('',(5.384300000001E1,2.089E2,4.492926468974E1));
#6346=VERTEX_POINT('',#6344);
#6347=VERTEX_POINT('',#6345);
#6348=CARTESIAN_POINT('',(5.234300000001E1,2.089E2,4.092926468974E1));
#6349=CARTESIAN_POINT('',(5.234300000001E1,2.089E2,4.492926468974E1));
#6350=VERTEX_POINT('',#6348);
#6351=VERTEX_POINT('',#6349);
#6352=CARTESIAN_POINT('',(5.234300000001E1,2.099E2,4.292926468974E1));
#6353=CARTESIAN_POINT('',(5.234300000001E1,2.079E2,4.292926468974E1));
#6354=VERTEX_POINT('',#6352);
#6355=VERTEX_POINT('',#6353);
#6356=CARTESIAN_POINT('',(5.384300000001E1,2.099E2,4.292926468974E1));
#6357=CARTESIAN_POINT('',(5.384300000001E1,2.079E2,4.292926468974E1));
#6358=VERTEX_POINT('',#6356);
#6359=VERTEX_POINT('',#6357);
#6360=CARTESIAN_POINT('',(5.384300000001E1,1.819E2,4.092926468974E1));
#6361=CARTESIAN_POINT('',(5.384300000001E1,1.819E2,4.492926468974E1));
#6362=VERTEX_POINT('',#6360);
#6363=VERTEX_POINT('',#6361);
#6364=CARTESIAN_POINT('',(5.234300000001E1,1.819E2,4.092926468974E1));
#6365=CARTESIAN_POINT('',(5.234300000001E1,1.819E2,4.492926468974E1));
#6366=VERTEX_POINT('',#6364);
#6367=VERTEX_POINT('',#6365);
#6368=CARTESIAN_POINT('',(5.234300000001E1,1.829E2,4.292926468974E1));
#6369=CARTESIAN_POINT('',(5.234300000001E1,1.809E2,4.292926468974E1));
#6370=VERTEX_POINT('',#6368);
#6371=VERTEX_POINT('',#6369);
#6372=CARTESIAN_POINT('',(5.384300000001E1,1.829E2,4.292926468974E1));
#6373=CARTESIAN_POINT('',(5.384300000001E1,1.809E2,4.292926468974E1));
#6374=VERTEX_POINT('',#6372);
#6375=VERTEX_POINT('',#6373);
#6376=CARTESIAN_POINT('',(5.343956724659E1,2.176134862070E2,4.950250574417E1));
#6377=VERTEX_POINT('',#6376);
#6378=CARTESIAN_POINT('',(5.104300000001E1,1.769E2,4.950250574417E1));
#6379=VERTEX_POINT('',#6378);
#6380=CARTESIAN_POINT('',(5.104300000001E1,1.998106364812E2,4.950250574417E1));
#6381=VERTEX_POINT('',#6380);
#6382=CARTESIAN_POINT('',(5.104300000001E1,1.769E2,7.277440247463E1));
#6383=VERTEX_POINT('',#6382);
#6384=VERTEX_POINT('',#5297);
#6385=CARTESIAN_POINT('',(5.104300000001E1,1.861236548472E2,7.227409770248E1));
#6386=VERTEX_POINT('',#6385);
#6387=VERTEX_POINT('',#1093);
#6388=CARTESIAN_POINT('',(2.020700000002E1,1.856215269045E2,7.335091455053E1));
#6389=VERTEX_POINT('',#6388);
#6390=VERTEX_POINT('',#1087);
#6391=CARTESIAN_POINT('',(2.020700000002E1,1.983526805991E2,8.796792740896E1));
#6392=VERTEX_POINT('',#6391);
#6393=VERTEX_POINT('',#1357);
#6394=CARTESIAN_POINT('',(5.104300000001E1,1.959889934286E2,8.347576510411E1));
#6395=VERTEX_POINT('',#6394);
#6396=VERTEX_POINT('',#5662);
#6397=CARTESIAN_POINT('',(5.104300000001E1,2.000458471991E2,8.154850440263E1));
#6398=VERTEX_POINT('',#6397);
#6399=CARTESIAN_POINT('',(5.104300000002E1,2.106760619857E2,9.372559197049E1));
#6400=VERTEX_POINT('',#6399);
#6401=CARTESIAN_POINT('',(5.104300000001E1,2.151E2,9.372559197049E1));
#6402=VERTEX_POINT('',#6401);
#6403=CARTESIAN_POINT('',(5.104300000001E1,2.151E2,8.688881299999E1));
#6404=VERTEX_POINT('',#6403);
#6405=CARTESIAN_POINT('',(5.104300000001E1,2.141E2,8.6888813E1));
#6406=VERTEX_POINT('',#6405);
#6407=CARTESIAN_POINT('',(5.104300000001E1,2.141E2,4.950250574417E1));
#6408=VERTEX_POINT('',#6407);
#6409=CARTESIAN_POINT('',(5.104300000001E1,2.091106364812E2,4.950250574417E1));
#6410=VERTEX_POINT('',#6409);
#6411=CARTESIAN_POINT('',(5.104300000001E1,2.091106364813E2,5.967176048917E1));
#6412=VERTEX_POINT('',#6411);
#6413=CARTESIAN_POINT('',(5.104300000001E1,2.139106364814E2,5.967176048913E1));
#6414=VERTEX_POINT('',#6413);
#6415=CARTESIAN_POINT('',(5.104300000001E1,2.139106364814E2,6.267176048902E1));
#6416=VERTEX_POINT('',#6415);
#6417=CARTESIAN_POINT('',(5.104300000001E1,1.879106364814E2,6.267176048927E1));
#6418=VERTEX_POINT('',#6417);
#6419=CARTESIAN_POINT('',(5.104300000001E1,1.879106364813E2,5.667176048933E1));
#6420=VERTEX_POINT('',#6419);
#6421=CARTESIAN_POINT('',(5.104300000001E1,1.998106364813E2,5.667176048939E1));
#6422=VERTEX_POINT('',#6421);
#6423=CARTESIAN_POINT('',(5.154300000001E1,1.998106364813E2,5.667176048939E1));
#6424=VERTEX_POINT('',#6423);
#6425=CARTESIAN_POINT('',(5.154300000001E1,1.998106364812E2,4.950250574417E1));
#6426=VERTEX_POINT('',#6425);
#6427=CARTESIAN_POINT('',(5.154300000001E1,1.879106364813E2,5.667176048933E1));
#6428=VERTEX_POINT('',#6427);
#6429=CARTESIAN_POINT('',(5.154300000001E1,1.879106364814E2,6.267176048927E1));
#6430=VERTEX_POINT('',#6429);
#6431=CARTESIAN_POINT('',(5.154300000001E1,2.139106364814E2,6.267176048902E1));
#6432=VERTEX_POINT('',#6431);
#6433=CARTESIAN_POINT('',(5.154300000001E1,2.139106364814E2,5.967176048913E1));
#6434=VERTEX_POINT('',#6433);
#6435=CARTESIAN_POINT('',(5.154300000001E1,2.091106364813E2,5.967176048917E1));
#6436=VERTEX_POINT('',#6435);
#6437=CARTESIAN_POINT('',(5.154300000001E1,2.091106364812E2,4.950250574417E1));
#6438=VERTEX_POINT('',#6437);
#6439=CARTESIAN_POINT('',(5.040544704517E1,2.176134862070E2,4.950250574417E1));
#6440=VERTEX_POINT('',#6439);
#6441=VERTEX_POINT('',#3941);
#6442=CARTESIAN_POINT('',(4.454300000001E1,2.152539203517E2,5.263096584919E1));
#6443=VERTEX_POINT('',#6442);
#6444=VERTEX_POINT('',#4045);
#6445=CARTESIAN_POINT('',(4.454300000001E1,2.1445E2,5.459455084545E1));
#6446=VERTEX_POINT('',#6445);
#6447=CARTESIAN_POINT('',(5.103687312308E1,2.1445E2,5.720250574417E1));
#6448=VERTEX_POINT('',#6447);
#6449=CARTESIAN_POINT('',(5.099287437108E1,2.151E2,8.6888813E1));
#6450=VERTEX_POINT('',#6449);
#6451=CARTESIAN_POINT('',(3.720200000001E1,2.151E2,9.420893034103E1));
#6452=VERTEX_POINT('',#6451);
#6453=CARTESIAN_POINT('',(3.720200000001E1,2.151E2,9.420780817806E1));
#6454=VERTEX_POINT('',#6453);
#6455=CARTESIAN_POINT('',(3.720200000001E1,2.106429336468E2,9.420893034103E1));
#6456=VERTEX_POINT('',#6455);
#6457=CARTESIAN_POINT('',(3.720200000002E1,2.054966197813E2,9.272451718488E1));
#6458=VERTEX_POINT('',#6457);
#6459=CARTESIAN_POINT('',(2.020700000002E1,2.045089301042E2,9.290888576211E1));
#6460=VERTEX_POINT('',#6459);
#6461=CARTESIAN_POINT('',(2.020700000002E1,1.809E2,7.335091455053E1));
#6462=VERTEX_POINT('',#6461);
#6463=CARTESIAN_POINT('',(2.020700000002E1,1.809E2,8.510684328709E1));
#6464=VERTEX_POINT('',#6463);
#6465=CARTESIAN_POINT('',(2.020700000002E1,1.794E2,8.660684328710E1));
#6466=VERTEX_POINT('',#6465);
#6467=CARTESIAN_POINT('',(2.200700000002E1,1.809E2,8.510684328710E1));
#6468=VERTEX_POINT('',#6467);
#6469=CARTESIAN_POINT('',(2.200700000002E1,1.794E2,8.660684328710E1));
#6470=VERTEX_POINT('',#6469);
#6471=CARTESIAN_POINT('',(2.200700000002E1,1.747613320985E2,8.660684328710E1));
#6472=VERTEX_POINT('',#6471);
#6473=CARTESIAN_POINT('',(2.200700000002E1,1.809E2,7.428866670974E1));
#6474=VERTEX_POINT('',#6473);
#6475=CARTESIAN_POINT('',(2.200700000002E1,1.769E2,7.428866670974E1));
#6476=VERTEX_POINT('',#6475);
#6477=CARTESIAN_POINT('',(3.121328277351E1,1.809E2,7.396717623113E1));
#6478=VERTEX_POINT('',#6477);
#6479=CARTESIAN_POINT('',(3.121328277351E1,1.769E2,7.396717623113E1));
#6480=VERTEX_POINT('',#6479);
#6481=CARTESIAN_POINT('',(3.121328277351E1,1.769E2,7.346687145898E1));
#6482=VERTEX_POINT('',#6481);
#6483=CARTESIAN_POINT('',(3.121328277351E1,1.809E2,7.296656668683E1));
#6484=VERTEX_POINT('',#6483);
#6485=CARTESIAN_POINT('',(3.121328277351E1,1.774E2,7.296656668683E1));
#6486=VERTEX_POINT('',#6485);
#6487=CARTESIAN_POINT('',(2.200700000002E1,1.769E2,7.788607397909E1));
#6488=VERTEX_POINT('',#6487);
#6489=CARTESIAN_POINT('',(2.200700000002E1,1.749523859242E2,8.044329789261E1));
#6490=VERTEX_POINT('',#6489);
#6491=CARTESIAN_POINT('',(2.200700000002E1,1.747613320985E2,8.083642924651E1));
#6492=VERTEX_POINT('',#6491);
#6493=CARTESIAN_POINT('',(2.300699998829E1,1.747613320985E2,8.083642924651E1));
#6494=VERTEX_POINT('',#6493);
#6495=CARTESIAN_POINT('',(2.300699998829E1,1.747613320985E2,8.760684328710E1));
#6496=VERTEX_POINT('',#6495);
#6497=CARTESIAN_POINT('',(2.350699998829E1,1.752613320985E2,8.083642924651E1));
#6498=VERTEX_POINT('',#6497);
#6499=CARTESIAN_POINT('',(2.300699998829E1,1.747839549212E2,8.068773146374E1));
#6500=VERTEX_POINT('',#6499);
#6501=CARTESIAN_POINT('',(2.300699998829E1,1.749523859242E2,8.044329789261E1));
#6502=VERTEX_POINT('',#6501);
#6503=CARTESIAN_POINT('',(2.300699998829E1,1.769E2,7.788607397909E1));
#6504=VERTEX_POINT('',#6503);
#6505=VERTEX_POINT('',#1491);
#6506=CARTESIAN_POINT('',(2.349112953260E1,1.751841114133E2,8.073816658771E1));
#6507=VERTEX_POINT('',#6506);
#6508=CARTESIAN_POINT('',(2.350699998829E1,1.769E2,8.207350550218E1));
#6509=VERTEX_POINT('',#6508);
#6510=CARTESIAN_POINT('',(2.350699998829E1,1.790728526794E2,8.127298083081E1));
#6511=VERTEX_POINT('',#6510);
#6512=CARTESIAN_POINT('',(2.350699998829E1,1.794E2,8.080380927240E1));
#6513=VERTEX_POINT('',#6512);
#6514=CARTESIAN_POINT('',(2.350699998829E1,1.794E2,7.523689510021E1));
#6515=VERTEX_POINT('',#6514);
#6516=CARTESIAN_POINT('',(5.534300000001E1,1.794E2,8.080380927240E1));
#6517=VERTEX_POINT('',#6516);
#6518=CARTESIAN_POINT('',(5.534300000001E1,1.794E2,5.150250574417E1));
#6519=VERTEX_POINT('',#6518);
#6520=CARTESIAN_POINT('',(5.584300000001E1,1.789E2,8.080380927240E1));
#6521=VERTEX_POINT('',#6520);
#6522=CARTESIAN_POINT('',(5.584300000001E1,1.789E2,5.100250574417E1));
#6523=VERTEX_POINT('',#6522);
#6524=CARTESIAN_POINT('',(5.584300000001E1,1.769E2,8.154065137767E1));
#6525=VERTEX_POINT('',#6524);
#6526=CARTESIAN_POINT('',(5.584300000001E1,1.769E2,7.935000000001E1));
#6527=VERTEX_POINT('',#6526);
#6528=VERTEX_POINT('',#1528);
#6529=CARTESIAN_POINT('',(5.534300000001E1,1.790728526794E2,8.127298083081E1));
#6530=VERTEX_POINT('',#6529);
#6531=CARTESIAN_POINT('',(5.580483935392E1,1.789662315993E2,8.098358075632E1));
#6532=VERTEX_POINT('',#6531);
#6533=CARTESIAN_POINT('',(5.534300000001E1,1.793540440750E2,8.101319880883E1));
#6534=VERTEX_POINT('',#6533);
#6535=CARTESIAN_POINT('',(5.584300000001E1,1.782E2,-1.574449550215E1));
#6536=VERTEX_POINT('',#6535);
#6537=CARTESIAN_POINT('',(5.584300000001E1,2.132302222156E2,2.600289767265E1));
#6538=VERTEX_POINT('',#6537);
#6539=VERTEX_POINT('',#2718);
#6540=VERTEX_POINT('',#2690);
#6541=CARTESIAN_POINT('',(4.084300000001E1,1.789336923418E2,-3.765024859395E1));
#6542=VERTEX_POINT('',#6541);
#6543=VERTEX_POINT('',#2752);
#6544=CARTESIAN_POINT('',(4.084300000001E1,2.294E2,2.921683572109E1));
#6545=VERTEX_POINT('',#6544);
#6546=CARTESIAN_POINT('',(5.584300000001E1,2.144E2,2.921683572109E1));
#6547=VERTEX_POINT('',#6546);
#6548=CARTESIAN_POINT('',(4.084300000001E1,2.294E2,5.100250574417E1));
#6549=VERTEX_POINT('',#6548);
#6550=CARTESIAN_POINT('',(5.584300000001E1,2.144E2,5.100250574417E1));
#6551=VERTEX_POINT('',#6550);
#6552=CARTESIAN_POINT('',(4.084300000001E1,2.289E2,5.150250574417E1));
#6553=VERTEX_POINT('',#6552);
#6554=CARTESIAN_POINT('',(5.534300000001E1,2.144E2,5.150250574417E1));
#6555=VERTEX_POINT('',#6554);
#6556=CARTESIAN_POINT('',(3.770200000001E1,2.289E2,5.150250574417E1));
#6557=VERTEX_POINT('',#6556);
#6558=CARTESIAN_POINT('',(3.770200000001E1,2.284E2,5.150250574417E1));
#6559=VERTEX_POINT('',#6558);
#6560=CARTESIAN_POINT('',(4.084300000001E1,2.284E2,5.150250574417E1));
#6561=VERTEX_POINT('',#6560);
#6562=CARTESIAN_POINT('',(5.172619923908E1,2.232065869849E2,5.150250574417E1));
#6563=VERTEX_POINT('',#6562);
#6564=CARTESIAN_POINT('',(5.172619923908E1,2.184909597045E2,5.150250574417E1));
#6565=VERTEX_POINT('',#6564);
#6566=CARTESIAN_POINT('',(5.187483340984E1,2.184909040447E2,5.150250605050E1));
#6567=VERTEX_POINT('',#6566);
#6568=VERTEX_POINT('',#561);
#6569=VERTEX_POINT('',#447);
#6570=VERTEX_POINT('',#512);
#6571=VERTEX_POINT('',#629);
#6572=CARTESIAN_POINT('',(5.281119736690E1,2.15844E2,5.150250574417E1));
#6573=VERTEX_POINT('',#6572);
#6574=VERTEX_POINT('',#544);
#6575=CARTESIAN_POINT('',(5.294874666720E1,2.149625906378E2,5.720250574437E1));
#6576=VERTEX_POINT('',#6575);
#6577=VERTEX_POINT('',#618);
#6578=CARTESIAN_POINT('',(5.281119736678E1,2.158440000006E2,9.518078640322E1));
#6579=VERTEX_POINT('',#6578);
#6580=VERTEX_POINT('',#601);
#6581=CARTESIAN_POINT('',(5.304300000001E1,2.134E2,5.150250574417E1));
#6582=VERTEX_POINT('',#6581);
#6583=CARTESIAN_POINT('',(5.304300000001E1,2.105459098464E2,9.517300296973E1));
#6584=VERTEX_POINT('',#6583);
#6585=VERTEX_POINT('',#696);
#6586=CARTESIAN_POINT('',(5.304300000001E1,1.863635476257E2,7.425812304258E1));
#6587=VERTEX_POINT('',#6586);
#6588=VERTEX_POINT('',#678);
#6589=CARTESIAN_POINT('',(5.304300000001E1,1.794E2,7.372263086468E1));
#6590=VERTEX_POINT('',#6589);
#6591=CARTESIAN_POINT('',(5.304300000001E1,1.794E2,5.150250574417E1));
#6592=VERTEX_POINT('',#6591);
#6593=CARTESIAN_POINT('',(5.256044974836E1,1.794E2,7.422232627820E1));
#6594=VERTEX_POINT('',#6593);
#6595=CARTESIAN_POINT('',(5.256044974836E1,1.852151809425E2,7.422232627820E1));
#6596=VERTEX_POINT('',#6595);
#6597=CARTESIAN_POINT('',(5.256044974836E1,1.859807587321E2,7.457932106437E1));
#6598=VERTEX_POINT('',#6597);
#6599=CARTESIAN_POINT('',(5.256044974836E1,1.978168153291E2,8.868498403604E1));
#6600=VERTEX_POINT('',#6599);
#6601=CARTESIAN_POINT('',(2.072444974837E1,1.964897285366E2,8.883298028425E1));
#6602=VERTEX_POINT('',#6601);
#6603=VERTEX_POINT('',#1261);
#6604=VERTEX_POINT('',#1294);
#6605=CARTESIAN_POINT('',(2.072444974836E1,2.044530990301E2,9.507913299547E1));
#6606=VERTEX_POINT('',#6605);
#6607=CARTESIAN_POINT('',(5.256045395255E1,2.105459098560E2,9.567269823643E1));
#6608=VERTEX_POINT('',#6607);
#6609=VERTEX_POINT('',#3378);
#6610=CARTESIAN_POINT('',(3.771944975356E1,2.054558129268E2,9.486300199947E1));
#6611=VERTEX_POINT('',#6610);
#6612=VERTEX_POINT('',#3490);
#6613=VERTEX_POINT('',#3505);
#6614=VERTEX_POINT('',#3542);
#6615=VERTEX_POINT('',#3766);
#6616=CARTESIAN_POINT('',(3.720200000001E1,2.158928931894E2,9.569126210976E1));
#6617=VERTEX_POINT('',#6616);
#6618=CARTESIAN_POINT('',(3.771944974836E1,2.158928931888E2,9.619095752327E1));
#6619=VERTEX_POINT('',#6618);
#6620=CARTESIAN_POINT('',(5.256044974836E1,2.133999999990E2,9.567269838324E1));
#6621=VERTEX_POINT('',#6620);
#6622=VERTEX_POINT('',#3281);
#6623=CARTESIAN_POINT('',(5.231021096984E1,2.158928932188E2,9.568143691395E1));
#6624=VERTEX_POINT('',#6623);
#6625=VERTEX_POINT('',#3257);
#6626=CARTESIAN_POINT('',(5.278384573560E1,2.159868932188E2,9.518174150044E1));
#6627=VERTEX_POINT('',#6626);
#6628=VERTEX_POINT('',#3142);
#6629=CARTESIAN_POINT('',(5.264849624777E1,2.166940000004E2,9.447893021421E1));
#6630=VERTEX_POINT('',#6629);
#6631=VERTEX_POINT('',#3096);
#6632=VERTEX_POINT('',#3102);
#6633=VERTEX_POINT('',#3739);
#6634=CARTESIAN_POINT('',(3.771433883540E1,2.169535533906E2,9.533706233109E1));
#6635=VERTEX_POINT('',#6634);
#6636=CARTESIAN_POINT('',(3.771433883540E1,2.162464466094E2,9.604460012518E1));
#6637=VERTEX_POINT('',#6636);
#6638=CARTESIAN_POINT('',(3.751677092487E1,2.162213910288E2,9.601955980779E1));
#6639=VERTEX_POINT('',#6638);
#6640=CARTESIAN_POINT('',(3.720911851036E1,2.166594648804E2,9.504315297167E1));
#6641=CARTESIAN_POINT('',(3.720200000001E1,2.166E2,9.498372431567E1));
#6642=VERTEX_POINT('',#6640);
#6643=VERTEX_POINT('',#6641);
#6644=CARTESIAN_POINT('',(3.770200000001E1,2.171E2,9.498372431567E1));
#6645=CARTESIAN_POINT('',(3.770468141018E1,2.170940615253E2,9.506050985641E1));
#6646=VERTEX_POINT('',#6644);
#6647=VERTEX_POINT('',#6645);
#6648=CARTESIAN_POINT('',(5.215741173373E1,2.171E2,9.447893021461E1));
#6649=CARTESIAN_POINT('',(5.216164783885E1,2.170850431593E2,9.460023639364E1));
#6650=VERTEX_POINT('',#6648);
#6651=VERTEX_POINT('',#6649);
#6652=CARTESIAN_POINT('',(5.215741173373E1,2.171E2,6.223200010346E1));
#6653=VERTEX_POINT('',#6652);
#6654=VERTEX_POINT('',#3159);
#6655=CARTESIAN_POINT('',(5.108000044342E1,2.1625E2,5.720250574417E1));
#6656=VERTEX_POINT('',#6655);
#6657=CARTESIAN_POINT('',(4.604300000001E1,2.1625E2,5.720250574417E1));
#6658=VERTEX_POINT('',#6657);
#6659=CARTESIAN_POINT('',(5.108000044338E1,2.1625E2,5.438813693127E1));
#6660=VERTEX_POINT('',#6659);
#6661=CARTESIAN_POINT('',(4.604300000001E1,2.1625E2,5.438813693127E1));
#6662=VERTEX_POINT('',#6661);
#6663=CARTESIAN_POINT('',(5.108000044342E1,2.163977062579E2,5.403332836424E1));
#6664=VERTEX_POINT('',#6663);
#6665=CARTESIAN_POINT('',(4.604300000001E1,2.163977062579E2,5.403332836424E1));
#6666=VERTEX_POINT('',#6665);
#6667=VERTEX_POINT('',#468);
#6668=CARTESIAN_POINT('',(5.172619923908E1,2.198440233808E2,4.908729533787E1));
#6669=VERTEX_POINT('',#6668);
#6670=VERTEX_POINT('',#431);
#6671=CARTESIAN_POINT('',(5.172619923908E1,2.215102724507E2,4.850250574417E1));
#6672=VERTEX_POINT('',#6671);
#6673=CARTESIAN_POINT('',(5.172619923908E1,2.207537487891E2,4.850250574417E1));
#6674=VERTEX_POINT('',#6673);
#6675=CARTESIAN_POINT('',(4.084300000001E1,2.274E2,4.850250574417E1));
#6676=VERTEX_POINT('',#6675);
#6677=CARTESIAN_POINT('',(3.720200000001E1,2.274E2,4.850250574417E1));
#6678=VERTEX_POINT('',#6677);
#6679=CARTESIAN_POINT('',(3.720200000001E1,2.207537487891E2,4.850250574417E1));
#6680=VERTEX_POINT('',#6679);
#6681=CARTESIAN_POINT('',(3.720200000001E1,2.274E2,4.950250574417E1));
#6682=VERTEX_POINT('',#6681);
#6683=CARTESIAN_POINT('',(4.084300000001E1,2.274E2,4.950250574417E1));
#6684=VERTEX_POINT('',#6683);
#6685=VERTEX_POINT('',#401);
#6686=CARTESIAN_POINT('',(3.720200000001E1,2.289E2,5.100250574417E1));
#6687=VERTEX_POINT('',#6686);
#6688=CARTESIAN_POINT('',(3.722765835099E1,2.289E2,5.116061962718E1));
#6689=VERTEX_POINT('',#6688);
#6690=CARTESIAN_POINT('',(3.770200000001E1,2.293522670169E2,5.121570646053E1));
#6691=VERTEX_POINT('',#6690);
#6692=CARTESIAN_POINT('',(3.770200000001E1,2.294E2,5.100250574417E1));
#6693=VERTEX_POINT('',#6692);
#6694=CARTESIAN_POINT('',(3.770200000001E1,2.294E2,2.921683572109E1));
#6695=VERTEX_POINT('',#6694);
#6696=CARTESIAN_POINT('',(3.720200000001E1,2.289E2,2.921683572109E1));
#6697=VERTEX_POINT('',#6696);
#6698=CARTESIAN_POINT('',(3.770200000001E1,2.260608530049E2,1.815266032713E1));
#6699=VERTEX_POINT('',#6698);
#6700=VERTEX_POINT('',#2596);
#6701=CARTESIAN_POINT('',(3.720200000001E1,2.198440233808E2,4.908729533787E1));
#6702=VERTEX_POINT('',#6701);
#6703=CARTESIAN_POINT('',(3.720200000001E1,2.181E2,5.205789727938E1));
#6704=VERTEX_POINT('',#6703);
#6705=CARTESIAN_POINT('',(4.604300000001E1,2.181E2,5.205789727938E1));
#6706=VERTEX_POINT('',#6705);
#6707=CARTESIAN_POINT('',(4.604300000001E1,2.181E2,5.210250574417E1));
#6708=VERTEX_POINT('',#6707);
#6709=CARTESIAN_POINT('',(4.604300000001E1,2.214E2,5.210250574417E1));
#6710=VERTEX_POINT('',#6709);
#6711=CARTESIAN_POINT('',(4.604300000001E1,2.251615226115E2,5.375853308997E1));
#6712=VERTEX_POINT('',#6711);
#6713=VERTEX_POINT('',#2915);
#6714=VERTEX_POINT('',#4225);
#6715=CARTESIAN_POINT('',(4.518944660942E1,2.263535533906E2,5.720250574417E1));
#6716=VERTEX_POINT('',#6715);
#6717=VERTEX_POINT('',#4183);
#6718=CARTESIAN_POINT('',(4.518944660942E1,2.263535533906E2,6.750250574417E1));
#6719=VERTEX_POINT('',#6718);
#6720=CARTESIAN_POINT('',(4.589655339060E1,2.256464466094E2,6.750250574417E1));
#6721=VERTEX_POINT('',#6720);
#6722=CARTESIAN_POINT('',(4.604300000001E1,2.252928932188E2,6.750250574417E1));
#6723=VERTEX_POINT('',#6722);
#6724=CARTESIAN_POINT('',(4.483589321883E1,2.265E2,6.750250574417E1));
#6725=VERTEX_POINT('',#6724);
#6726=CARTESIAN_POINT('',(4.224300000007E1,2.265E2,6.750250574417E1));
#6727=VERTEX_POINT('',#6726);
#6728=CARTESIAN_POINT('',(4.224300000006E1,2.245E2,6.750250574417E1));
#6729=VERTEX_POINT('',#6728);
#6730=CARTESIAN_POINT('',(4.404300000002E1,2.245E2,6.750250574417E1));
#6731=VERTEX_POINT('',#6730);
#6732=CARTESIAN_POINT('',(4.404300000001E1,2.156E2,6.750250574417E1));
#6733=VERTEX_POINT('',#6732);
#6734=CARTESIAN_POINT('',(4.404300000004E1,2.245E2,6.125219708735E1));
#6735=VERTEX_POINT('',#6734);
#6736=CARTESIAN_POINT('',(4.404299999999E1,2.173503086501E2,5.410250574386E1));
#6737=VERTEX_POINT('',#6736);
#6738=CARTESIAN_POINT('',(4.404299999999E1,2.161E2,5.410250574386E1));
#6739=VERTEX_POINT('',#6738);
#6740=CARTESIAN_POINT('',(4.4043E1,2.161000011791E2,5.246033361727E1));
#6741=VERTEX_POINT('',#6740);
#6742=CARTESIAN_POINT('',(3.720200000001E1,2.161E2,5.410250574386E1));
#6743=VERTEX_POINT('',#6742);
#6744=CARTESIAN_POINT('',(4.224299999998E1,2.173503086438E2,5.410250575471E1));
#6745=VERTEX_POINT('',#6744);
#6746=CARTESIAN_POINT('',(4.224300000005E1,2.245E2,6.125219708733E1));
#6747=VERTEX_POINT('',#6746);
#6748=CARTESIAN_POINT('',(4.224300000006E1,2.265E2,5.720250574417E1));
#6749=VERTEX_POINT('',#6748);
#6750=CARTESIAN_POINT('',(4.224300000004E1,2.214E2,5.210250574417E1));
#6751=VERTEX_POINT('',#6750);
#6752=CARTESIAN_POINT('',(4.224299999999E1,2.181E2,5.210250574417E1));
#6753=VERTEX_POINT('',#6752);
#6754=CARTESIAN_POINT('',(4.224299999998E1,2.181E2,5.331406132513E1));
#6755=VERTEX_POINT('',#6754);
#6756=CARTESIAN_POINT('',(3.720200000001E1,2.181E2,5.331406132513E1));
#6757=VERTEX_POINT('',#6756);
#6758=CARTESIAN_POINT('',(3.720200000001E1,2.173503086540E2,5.410250574383E1));
#6759=VERTEX_POINT('',#6758);
#6760=CARTESIAN_POINT('',(4.224300000002E1,2.245E2,5.720250574417E1));
#6761=CARTESIAN_POINT('',(4.224300000002E1,2.183E2,5.720250574417E1));
#6762=VERTEX_POINT('',#6760);
#6763=VERTEX_POINT('',#6761);
#6764=CARTESIAN_POINT('',(4.574300000001E1,2.2405E2,5.559393494996E1));
#6765=CARTESIAN_POINT('',(4.574300000001E1,2.183E2,5.720250574417E1));
#6766=VERTEX_POINT('',#6764);
#6767=VERTEX_POINT('',#6765);
#6768=CARTESIAN_POINT('',(4.604300000001E1,2.243064516129E2,5.543826680858E1));
#6769=CARTESIAN_POINT('',(4.604300000001E1,2.18E2,5.720250574417E1));
#6770=VERTEX_POINT('',#6768);
#6771=VERTEX_POINT('',#6769);
#6772=CARTESIAN_POINT('',(4.604300000001E1,2.171E2,6.750250574417E1));
#6773=VERTEX_POINT('',#6772);
#6774=CARTESIAN_POINT('',(4.604300000001E1,2.171E2,6.018285807232E1));
#6775=VERTEX_POINT('',#6774);
#6776=CARTESIAN_POINT('',(4.604300000001E1,2.170247787611E2,5.991911007867E1));
#6777=VERTEX_POINT('',#6776);
#6778=CARTESIAN_POINT('',(5.087410185866E1,2.171E2,6.018285807231E1));
#6779=VERTEX_POINT('',#6778);
#6780=CARTESIAN_POINT('',(4.574300000001E1,2.171E2,6.750250574417E1));
#6781=VERTEX_POINT('',#6780);
#6782=CARTESIAN_POINT('',(4.574300000001E1,2.171E2,8.650250574417E1));
#6783=VERTEX_POINT('',#6782);
#6784=CARTESIAN_POINT('',(3.954300000001E1,2.171E2,8.650250574417E1));
#6785=VERTEX_POINT('',#6784);
#6786=CARTESIAN_POINT('',(3.954300000001E1,2.171E2,9.412605865668E1));
#6787=VERTEX_POINT('',#6786);
#6788=CARTESIAN_POINT('',(3.954300000001E1,2.151E2,8.650250574417E1));
#6789=VERTEX_POINT('',#6788);
#6790=CARTESIAN_POINT('',(4.574300000001E1,2.151E2,8.650250574417E1));
#6791=VERTEX_POINT('',#6790);
#6792=CARTESIAN_POINT('',(4.574300000001E1,2.151E2,6.750250574417E1));
#6793=VERTEX_POINT('',#6792);
#6794=CARTESIAN_POINT('',(4.454300000001E1,2.151E2,6.750250574417E1));
#6795=VERTEX_POINT('',#6794);
#6796=CARTESIAN_POINT('',(4.454300000001E1,2.150999998421E2,6.013721113097E1));
#6797=VERTEX_POINT('',#6796);
#6798=CARTESIAN_POINT('',(4.404300000001E1,2.156000002226E2,6.002429694956E1));
#6799=VERTEX_POINT('',#6798);
#6800=CARTESIAN_POINT('',(4.404300000001E1,2.1495E2,5.720250574607E1));
#6801=VERTEX_POINT('',#6800);
#6802=CARTESIAN_POINT('',(4.454300000001E1,2.1445E2,5.720250574417E1));
#6803=VERTEX_POINT('',#6802);
#6804=VERTEX_POINT('',#4018);
#6805=CARTESIAN_POINT('',(4.404299999999E1,2.1495E2,5.459455084495E1));
#6806=VERTEX_POINT('',#6805);
#6807=CARTESIAN_POINT('',(4.404300000001E1,2.156103631460E2,5.298160602709E1));
#6808=VERTEX_POINT('',#6807);
#6809=VERTEX_POINT('',#3984);
#6810=CARTESIAN_POINT('',(4.404299999996E1,2.160999999997E2,5.169524059577E1));
#6811=VERTEX_POINT('',#6810);
#6812=CARTESIAN_POINT('',(3.770200000161E1,2.160999999996E2,5.169524059588E1));
#6813=VERTEX_POINT('',#6812);
#6814=CARTESIAN_POINT('',(3.770200000001E1,2.182731401963E2,4.819182983451E1));
#6815=VERTEX_POINT('',#6814);
#6816=VERTEX_POINT('',#4064);
#6817=CARTESIAN_POINT('',(3.720200000001E1,2.187302236521E2,4.839449881193E1));
#6818=VERTEX_POINT('',#6817);
#6819=CARTESIAN_POINT('',(5.252603017217E1,2.201014740196E2,4.700250574417E1));
#6820=VERTEX_POINT('',#6819);
#6821=VERTEX_POINT('',#3914);
#6822=CARTESIAN_POINT('',(3.954300000001E1,2.151E2,9.412605865668E1));
#6823=VERTEX_POINT('',#6822);
#6824=CARTESIAN_POINT('',(3.720200000001E1,2.166E2,9.420780817806E1));
#6825=VERTEX_POINT('',#6824);
#6826=VERTEX_POINT('',#3616);
#6827=VERTEX_POINT('',#3688);
#6828=VERTEX_POINT('',#3474);
#6829=VERTEX_POINT('',#3488);
#6830=VERTEX_POINT('',#3462);
#6831=VERTEX_POINT('',#1366);
#6832=CARTESIAN_POINT('',(2.070700000003E1,2.051570644451E2,9.458023855579E1));
#6833=VERTEX_POINT('',#6832);
#6834=VERTEX_POINT('',#3392);
#6835=VERTEX_POINT('',#3780);
#6836=CARTESIAN_POINT('',(2.035344660943E1,2.050111750926E2,9.459300202785E1));
#6837=VERTEX_POINT('',#6836);
#6838=CARTESIAN_POINT('',(2.020700000002E1,2.046589670531E2,9.462381567386E1));
#6839=VERTEX_POINT('',#6838);
#6840=CARTESIAN_POINT('',(2.035967081478E1,2.045107875394E2,9.495154310447E1));
#6841=VERTEX_POINT('',#6840);
#6842=CARTESIAN_POINT('',(2.020700000001E1,1.970912154474E2,8.876590188559E1));
#6843=VERTEX_POINT('',#6842);
#6844=CARTESIAN_POINT('',(2.020700000002E1,1.822613320985E2,7.483436848223E1));
#6845=CARTESIAN_POINT('',(2.020700000002E1,1.846967691776E2,7.483436848223E1));
#6846=VERTEX_POINT('',#6844);
#6847=VERTEX_POINT('',#6845);
#6848=VERTEX_POINT('',#1154);
#6849=CARTESIAN_POINT('',(2.072444974837E1,1.846967691776E2,7.533406389574E1));
#6850=VERTEX_POINT('',#6849);
#6851=VERTEX_POINT('',#1208);
#6852=CARTESIAN_POINT('',(2.072444974837E1,1.822613320985E2,7.533406389574E1));
#6853=VERTEX_POINT('',#6852);
#6854=CARTESIAN_POINT('',(2.020700000002E1,1.822613320985E2,8.510684328709E1));
#6855=VERTEX_POINT('',#6854);
#6856=CARTESIAN_POINT('',(2.300699998829E1,1.822613320985E2,8.510684328710E1));
#6857=VERTEX_POINT('',#6856);
#6858=CARTESIAN_POINT('',(2.020700000002E1,1.792613320985E2,8.810684328710E1));
#6859=VERTEX_POINT('',#6858);
#6860=CARTESIAN_POINT('',(2.300699998829E1,1.792613320985E2,8.810684328710E1));
#6861=VERTEX_POINT('',#6860);
#6862=CARTESIAN_POINT('',(2.020700000002E1,1.752613320985E2,8.810684328710E1));
#6863=VERTEX_POINT('',#6862);
#6864=CARTESIAN_POINT('',(2.300699998829E1,1.752613320985E2,8.810684328710E1));
#6865=VERTEX_POINT('',#6864);
#6866=CARTESIAN_POINT('',(2.020700000002E1,1.747613320985E2,8.760684328710E1));
#6867=VERTEX_POINT('',#6866);
#6868=CARTESIAN_POINT('',(2.020700000002E1,1.747613320985E2,8.660684328710E1));
#6869=VERTEX_POINT('',#6868);
#6870=CARTESIAN_POINT('',(2.300699998829E1,1.748090650816E2,8.782004400345E1));
#6871=VERTEX_POINT('',#6870);
#6872=CARTESIAN_POINT('',(2.350699998829E1,1.752613320985E2,8.760684328710E1));
#6873=VERTEX_POINT('',#6872);
#6874=CARTESIAN_POINT('',(2.348134163732E1,1.752613320985E2,8.776495717010E1));
#6875=VERTEX_POINT('',#6874);
#6876=CARTESIAN_POINT('',(2.350699998829E1,1.792613320985E2,8.760684328710E1));
#6877=VERTEX_POINT('',#6876);
#6878=CARTESIAN_POINT('',(2.350699998829E1,1.817613320985E2,8.510684328710E1));
#6879=CARTESIAN_POINT('',(2.350699998829E1,1.817613320985E2,7.523689510021E1));
#6880=VERTEX_POINT('',#6878);
#6881=VERTEX_POINT('',#6879);
#6882=VERTEX_POINT('',#5477);
#6883=CARTESIAN_POINT('',(2.072444974837E1,1.854623469672E2,7.569105868195E1));
#6884=VERTEX_POINT('',#6883);
#6885=CARTESIAN_POINT('',(2.020700000002E1,1.858451358619E2,7.536986066149E1));
#6886=VERTEX_POINT('',#6885);
#6887=CARTESIAN_POINT('',(5.304300000001E1,1.939609068906E2,8.179093043528E1));
#6888=CARTESIAN_POINT('',(5.304300000001E1,1.985628252818E2,8.087504189468E1));
#6889=VERTEX_POINT('',#6887);
#6890=VERTEX_POINT('',#6888);
#6891=CARTESIAN_POINT('',(5.304300000001E1,1.990256739550E2,8.022034482843E1));
#6892=VERTEX_POINT('',#6891);
#6893=CARTESIAN_POINT('',(5.254300000001E1,1.982465427536E2,8.048778827963E1));
#6894=VERTEX_POINT('',#6893);
#6895=CARTESIAN_POINT('',(5.254300000001E1,1.985551085357E2,8.005132356880E1));
#6896=VERTEX_POINT('',#6895);
#6897=CARTESIAN_POINT('',(4.884300000001E1,1.982465427536E2,8.048778827963E1));
#6898=VERTEX_POINT('',#6897);
#6899=CARTESIAN_POINT('',(5.254300000001E1,1.941048162015E2,8.131208796617E1));
#6900=VERTEX_POINT('',#6899);
#6901=CARTESIAN_POINT('',(5.304300000001E1,1.932435681587E2,8.131858444248E1));
#6902=VERTEX_POINT('',#6901);
#6903=CARTESIAN_POINT('',(5.254300000001E1,1.936265903803E2,8.099719063763E1));
#6904=VERTEX_POINT('',#6903);
#6905=CARTESIAN_POINT('',(5.304300000001E1,1.908737504103E2,7.849434562704E1));
#6906=VERTEX_POINT('',#6905);
#6907=CARTESIAN_POINT('',(5.254300000001E1,1.912567726319E2,7.817295182220E1));
#6908=VERTEX_POINT('',#6907);
#6909=CARTESIAN_POINT('',(5.304300000001E1,1.906111208173E2,7.702310043361E1));
#6910=VERTEX_POINT('',#6909);
#6911=CARTESIAN_POINT('',(5.254300000001E1,1.910816862365E2,7.719212169324E1));
#6912=VERTEX_POINT('',#6911);
#6913=CARTESIAN_POINT('',(5.304300000001E1,1.917743260450E2,7.378466665991E1));
#6914=VERTEX_POINT('',#6913);
#6915=CARTESIAN_POINT('',(5.254300000001E1,1.922448914643E2,7.395368791955E1));
#6916=VERTEX_POINT('',#6915);
#6917=CARTESIAN_POINT('',(4.884300000001E1,1.922448914643E2,7.395368791955E1));
#6918=VERTEX_POINT('',#6917);
#6919=CARTESIAN_POINT('',(5.254300000001E1,1.925534572464E2,7.351722320871E1));
#6920=VERTEX_POINT('',#6919);
#6921=CARTESIAN_POINT('',(4.884300000001E1,1.925534572464E2,7.351722320871E1));
#6922=VERTEX_POINT('',#6921);
#6923=CARTESIAN_POINT('',(5.254300000001E1,1.998136094291E2,7.612497978591E1));
#6924=VERTEX_POINT('',#6923);
#6925=CARTESIAN_POINT('',(5.304300000001E1,1.922371747182E2,7.312996959366E1));
#6926=VERTEX_POINT('',#6925);
#6927=CARTESIAN_POINT('',(5.304300000001E1,2.003040104768E2,7.602747690166E1));
#6928=VERTEX_POINT('',#6927);
#6929=CARTESIAN_POINT('',(5.304300000001E1,2.002445035915E2,7.682704933331E1));
#6930=VERTEX_POINT('',#6929);
#6931=CARTESIAN_POINT('',(5.254300000001E1,1.997739381722E2,7.665802807368E1));
#6932=VERTEX_POINT('',#6931);
#6933=CARTESIAN_POINT('',(4.884300000001E1,1.985551085357E2,8.005132356880E1));
#6934=VERTEX_POINT('',#6933);
#6935=CARTESIAN_POINT('',(4.884300000001E1,1.997739381722E2,7.665802807368E1));
#6936=VERTEX_POINT('',#6935);
#6937=CARTESIAN_POINT('',(4.884300000001E1,1.941048162015E2,8.131208796617E1));
#6938=VERTEX_POINT('',#6937);
#6939=CARTESIAN_POINT('',(4.884300000001E1,1.936265903803E2,8.099719063763E1));
#6940=VERTEX_POINT('',#6939);
#6941=CARTESIAN_POINT('',(4.884300000001E1,1.912567726319E2,7.817295182220E1));
#6942=VERTEX_POINT('',#6941);
#6943=CARTESIAN_POINT('',(4.884300000001E1,1.910816862365E2,7.719212169324E1));
#6944=VERTEX_POINT('',#6943);
#6945=CARTESIAN_POINT('',(4.884300000001E1,1.998136094291E2,7.612497978591E1));
#6946=VERTEX_POINT('',#6945);
#6947=CARTESIAN_POINT('',(4.884300000001E1,1.934E2,7.700250574417E1));
#6948=CARTESIAN_POINT('',(4.884300000001E1,1.974E2,7.700250574417E1));
#6949=VERTEX_POINT('',#6947);
#6950=VERTEX_POINT('',#6948);
#6951=CARTESIAN_POINT('',(4.684300000001E1,1.934E2,7.700250574417E1));
#6952=CARTESIAN_POINT('',(4.684300000001E1,1.974E2,7.700250574417E1));
#6953=VERTEX_POINT('',#6951);
#6954=VERTEX_POINT('',#6952);
#6955=CARTESIAN_POINT('',(4.684300000001E1,1.930422178063E2,7.454418047543E1));
#6956=CARTESIAN_POINT('',(4.684300000001E1,1.920168840789E2,7.739877164538E1));
#6957=VERTEX_POINT('',#6955);
#6958=VERTEX_POINT('',#6956);
#6959=CARTESIAN_POINT('',(4.484300000001E1,1.930422178063E2,7.454418047543E1));
#6960=VERTEX_POINT('',#6959);
#6961=CARTESIAN_POINT('',(4.484300000001E1,1.920168840789E2,7.739877164538E1));
#6962=VERTEX_POINT('',#6961);
#6963=CARTESIAN_POINT('',(4.484300000001E1,1.920003737085E2,7.802477825111E1));
#6964=VERTEX_POINT('',#6963);
#6965=CARTESIAN_POINT('',(4.684300000001E1,1.920003737085E2,7.802477825111E1));
#6966=VERTEX_POINT('',#6965);
#6967=CARTESIAN_POINT('',(4.484300000001E1,1.973722009063E2,7.995427192481E1));
#6968=VERTEX_POINT('',#6967);
#6969=CARTESIAN_POINT('',(4.684300000001E1,1.973722009063E2,7.995427192481E1));
#6970=VERTEX_POINT('',#6969);
#6971=CARTESIAN_POINT('',(4.484300000001E1,1.977577821937E2,7.946083101291E1));
#6972=VERTEX_POINT('',#6971);
#6973=CARTESIAN_POINT('',(4.684300000001E1,1.977577821937E2,7.946083101291E1));
#6974=VERTEX_POINT('',#6973);
#6975=CARTESIAN_POINT('',(4.484300000001E1,1.987831159211E2,7.660623984296E1));
#6976=VERTEX_POINT('',#6975);
#6977=CARTESIAN_POINT('',(4.684300000001E1,1.987831159211E2,7.660623984296E1));
#6978=VERTEX_POINT('',#6977);
#6979=CARTESIAN_POINT('',(4.484300000001E1,1.987996262915E2,7.598023323723E1));
#6980=VERTEX_POINT('',#6979);
#6981=CARTESIAN_POINT('',(4.684300000001E1,1.987996262915E2,7.598023323723E1));
#6982=VERTEX_POINT('',#6981);
#6983=CARTESIAN_POINT('',(4.484300000001E1,1.934277990937E2,7.405073956354E1));
#6984=VERTEX_POINT('',#6983);
#6985=CARTESIAN_POINT('',(4.684300000001E1,1.934277990937E2,7.405073956354E1));
#6986=VERTEX_POINT('',#6985);
#6987=CARTESIAN_POINT('',(4.484300000001E1,1.904782413896E2,7.724513441724E1));
#6988=CARTESIAN_POINT('',(4.484300000001E1,1.944338285721E2,8.195921965279E1));
#6989=VERTEX_POINT('',#6987);
#6990=VERTEX_POINT('',#6988);
#6991=CARTESIAN_POINT('',(4.484300000001E1,1.987442824402E2,8.078645539501E1));
#6992=VERTEX_POINT('',#6991);
#6993=CARTESIAN_POINT('',(4.484300000001E1,1.990231791321E2,8.037520095371E1));
#6994=VERTEX_POINT('',#6993);
#6995=CARTESIAN_POINT('',(4.684300000001E1,1.987442824402E2,8.078645539501E1));
#6996=VERTEX_POINT('',#6995);
#6997=VERTEX_POINT('',#5748);
#6998=CARTESIAN_POINT('',(4.684300000001E1,1.905055701687E2,7.716904944165E1));
#6999=VERTEX_POINT('',#6998);
#7000=CARTESIAN_POINT('',(4.684300000001E1,1.894266964855E2,7.588329785377E1));
#7001=VERTEX_POINT('',#7000);
#7002=CARTESIAN_POINT('',(4.684300000001E1,1.917768208679E2,7.362981053463E1));
#7003=VERTEX_POINT('',#7002);
#7004=CARTESIAN_POINT('',(4.484300000001E1,1.917768208679E2,7.362981053463E1));
#7005=VERTEX_POINT('',#7004);
#7006=CARTESIAN_POINT('',(4.484300000001E1,1.920557175598E2,7.321855609334E1));
#7007=VERTEX_POINT('',#7006);
#7008=CARTESIAN_POINT('',(4.684300000001E1,1.920557175598E2,7.321855609334E1));
#7009=VERTEX_POINT('',#7008);
#7010=CARTESIAN_POINT('',(4.484300000001E1,2.003876302053E2,7.621127572996E1));
#7011=VERTEX_POINT('',#7010);
#7012=CARTESIAN_POINT('',(4.684300000001E1,2.003876302053E2,7.621127572996E1));
#7013=VERTEX_POINT('',#7012);
#7014=CARTESIAN_POINT('',(4.684300000001E1,2.003411114982E2,7.670599745996E1));
#7015=VERTEX_POINT('',#7014);
#7016=CARTESIAN_POINT('',(4.484300000001E1,2.003411114982E2,7.670599745996E1));
#7017=VERTEX_POINT('',#7016);
#7018=CARTESIAN_POINT('',(4.684300000001E1,1.990231791321E2,8.037520095371E1));
#7019=VERTEX_POINT('',#7018);
#7020=CARTESIAN_POINT('',(5.104300000001E1,1.894840869217E2,7.572351940505E1));
#7021=VERTEX_POINT('',#7020);
#7022=CARTESIAN_POINT('',(5.104300000001E1,1.905277676854E2,7.281784897544E1));
#7023=VERTEX_POINT('',#7022);
#7024=CARTESIAN_POINT('',(4.684300000001E1,1.905277676854E2,7.281784897544E1));
#7025=VERTEX_POINT('',#7024);
#7026=CARTESIAN_POINT('',(4.684300000001E1,1.907541528009E2,7.245650708571E1));
#7027=VERTEX_POINT('',#7026);
#7028=CARTESIAN_POINT('',(5.104300000001E1,1.907541528009E2,7.245650708571E1));
#7029=VERTEX_POINT('',#7028);
#7030=CARTESIAN_POINT('',(4.684300000001E1,2.018766081650E2,7.645155504068E1));
#7031=VERTEX_POINT('',#7030);
#7032=CARTESIAN_POINT('',(5.104300000001E1,2.018766081650E2,7.645155504068E1));
#7033=VERTEX_POINT('',#7032);
#7034=CARTESIAN_POINT('',(5.104300000001E1,2.018213377473E2,7.687435920664E1));
#7035=VERTEX_POINT('',#7034);
#7036=CARTESIAN_POINT('',(4.684300000001E1,2.018213377473E2,7.687435920664E1));
#7037=VERTEX_POINT('',#7036);
#7038=CARTESIAN_POINT('',(4.684300000001E1,2.002722323146E2,8.118716251291E1));
#7039=VERTEX_POINT('',#7038);
#7040=CARTESIAN_POINT('',(5.104300000001E1,2.002722323146E2,8.118716251291E1));
#7041=VERTEX_POINT('',#7040);
#7042=CARTESIAN_POINT('',(4.684300000001E1,2.000458471991E2,8.154850440263E1));
#7043=VERTEX_POINT('',#7042);
#7044=CARTESIAN_POINT('',(5.043559949630E1,1.934276835623E2,3.488942782994E0));
#7045=VERTEX_POINT('',#7044);
#7046=CARTESIAN_POINT('',(4.997462765272E1,1.927340215902E2,3.488942782826E0));
#7047=VERTEX_POINT('',#7046);
#7048=CARTESIAN_POINT('',(4.997462765218E1,1.927340215902E2,4.988942782826E0));
#7049=VERTEX_POINT('',#7048);
#7050=CARTESIAN_POINT('',(5.034300000001E1,1.934190340822E2,4.988942782960E0));
#7051=VERTEX_POINT('',#7050);
#7052=CARTESIAN_POINT('',(5.034299999746E1,1.934190340822E2,1.198894278296E1));
#7053=VERTEX_POINT('',#7052);
#7054=CARTESIAN_POINT('',(5.034300000001E1,1.922276835623E2,4.988942782960E0));
#7055=VERTEX_POINT('',#7054);
#7056=CARTESIAN_POINT('',(4.974271295772E1,1.816E2,4.988942782741E0));
#7057=VERTEX_POINT('',#7056);
#7058=CARTESIAN_POINT('',(5.384300000044E1,1.816E2,4.988942784234E0));
#7059=VERTEX_POINT('',#7058);
#7060=CARTESIAN_POINT('',(5.384300000044E1,1.922276835623E2,4.988942784234E0));
#7061=VERTEX_POINT('',#7060);
#7062=CARTESIAN_POINT('',(5.384299999959E1,1.922276835623E2,1.198894278423E1));
#7063=VERTEX_POINT('',#7062);
#7064=CARTESIAN_POINT('',(5.034299999746E1,1.922276835623E2,1.198894278296E1));
#7065=VERTEX_POINT('',#7064);
#7066=CARTESIAN_POINT('',(5.384299999959E1,1.816E2,1.198894278423E1));
#7067=VERTEX_POINT('',#7066);
#7068=CARTESIAN_POINT('',(4.974271295517E1,1.816E2,1.198894278274E1));
#7069=VERTEX_POINT('',#7068);
#7070=CARTESIAN_POINT('',(4.997462764963E1,1.927340215902E2,1.198894278283E1));
#7071=VERTEX_POINT('',#7070);
#7072=CARTESIAN_POINT('',(4.434300000001E1,2.180999999996E2,1.992926468981E1));
#7073=VERTEX_POINT('',#7072);
#7074=CARTESIAN_POINT('',(4.384300000001E1,2.175999999996E2,1.992926468981E1));
#7075=VERTEX_POINT('',#7074);
#7076=CARTESIAN_POINT('',(4.574300000001E1,2.245E2,5.720250574417E1));
#7077=VERTEX_POINT('',#7076);
#7078=CARTESIAN_POINT('',(4.604300000001E1,2.248E2,5.720250574417E1));
#7079=VERTEX_POINT('',#7078);
#7080=CARTESIAN_POINT('',(2.278843130839E1,2.259559011714E2,1.866558843865E1));
#7081=VERTEX_POINT('',#7080);
#7082=CARTESIAN_POINT('',(5.559300000001E1,1.792568110810E2,8.104913732319E1));
#7083=VERTEX_POINT('',#7082);
#7084=CARTESIAN_POINT('',(4.753086796558E1,2.130505956477E2,1.598897347729E1));
#7085=VERTEX_POINT('',#7084);
#7086=CARTESIAN_POINT('',(3.745200000001E1,2.292535533906E2,5.125250574417E1));
#7087=VERTEX_POINT('',#7086);
#7088=CARTESIAN_POINT('',(4.759299999993E1,2.187018084518E2,2.390949360417E1));
#7089=VERTEX_POINT('',#7088);
#7090=CARTESIAN_POINT('',(4.753086796558E1,2.124096601138E2,2.331490015188E1));
#7091=VERTEX_POINT('',#7090);
#7092=CARTESIAN_POINT('',(4.753086796558E1,2.125143645375E2,1.643892480407E1));
#7093=VERTEX_POINT('',#7092);
#7094=CARTESIAN_POINT('',(4.753086796558E1,2.119597087870E2,2.277866904170E1));
#7095=VERTEX_POINT('',#7094);
#7096=CARTESIAN_POINT('',(4.753086796558E1,2.192856354616E2,2.341960457554E1));
#7097=VERTEX_POINT('',#7096);
#7098=CARTESIAN_POINT('',(2.321555678034E1,1.748375226086E2,8.067244881846E1));
#7099=VERTEX_POINT('',#7098);
#7100=CARTESIAN_POINT('',(2.325699998829E1,1.749077787079E2,8.785684328710E1));
#7101=VERTEX_POINT('',#7100);
#7102=CARTESIAN_POINT('',(5.234307516802E1,2.170455871987E2,9.460924190847E1));
#7103=VERTEX_POINT('',#7102);
#7104=CARTESIAN_POINT('',(3.743341303108E1,2.170116812457E2,9.507526442733E1));
#7105=VERTEX_POINT('',#7104);
#7106=CARTESIAN_POINT('',(3.750802324312E1,2.160976189374E2,9.610413060932E1));
#7107=VERTEX_POINT('',#7106);
#7108=CARTESIAN_POINT('',(3.822150040001E1,2.019274222096E2,-8.469526852656E0));
#7109=DIRECTION('',(0.E0,-7.660444431190E-1,6.427876096865E-1));
#7110=DIRECTION('',(-1.E0,0.E0,0.E0));
#7111=AXIS2_PLACEMENT_3D('',#7108,#7109,#7110);
#7112=PLANE('',#7111);
#7114=ORIENTED_EDGE('',*,*,#7113,.T.);
#7116=ORIENTED_EDGE('',*,*,#7115,.F.);
#7118=ORIENTED_EDGE('',*,*,#7117,.F.);
#7120=ORIENTED_EDGE('',*,*,#7119,.F.);
#7121=EDGE_LOOP('',(#7114,#7116,#7118,#7120));
#7122=FACE_OUTER_BOUND('',#7121,.F.);
#7123=ADVANCED_FACE('',(#7122),#7112,.T.);
#7124=CARTESIAN_POINT('',(2.509399983208E1,1.855727345404E2,-2.718242272484E1));
#7125=DIRECTION('',(-1.E0,-1.261300228997E-10,-1.503159079247E-10));
#7126=DIRECTION('',(-1.962234819075E-10,6.427876096865E-1,7.660444431190E-1));
#7127=AXIS2_PLACEMENT_3D('',#7124,#7125,#7126);
#7128=PLANE('',#7127);
#7130=ORIENTED_EDGE('',*,*,#7129,.T.);
#7132=ORIENTED_EDGE('',*,*,#7131,.T.);
#7133=ORIENTED_EDGE('',*,*,#7113,.F.);
#7135=ORIENTED_EDGE('',*,*,#7134,.F.);
#7136=EDGE_LOOP('',(#7130,#7132,#7133,#7135));
#7137=FACE_OUTER_BOUND('',#7136,.F.);
#7138=ADVANCED_FACE('',(#7137),#7128,.T.);
#7139=CARTESIAN_POINT('',(-3.78296E2,2.025665675371E2,-6.929961199063E0));
#7140=DIRECTION('',(0.E0,-7.660444431190E-1,6.427876096865E-1));
#7141=DIRECTION('',(0.E0,-6.427876096865E-1,-7.660444431190E-1));
#7142=AXIS2_PLACEMENT_3D('',#7139,#7140,#7141);
#7143=PLANE('',#7142);
#7145=ORIENTED_EDGE('',*,*,#7144,.F.);
#7147=ORIENTED_EDGE('',*,*,#7146,.T.);
#7149=ORIENTED_EDGE('',*,*,#7148,.F.);
#7151=ORIENTED_EDGE('',*,*,#7150,.T.);
#7153=ORIENTED_EDGE('',*,*,#7152,.F.);
#7155=ORIENTED_EDGE('',*,*,#7154,.T.);
#7157=ORIENTED_EDGE('',*,*,#7156,.F.);
#7159=ORIENTED_EDGE('',*,*,#7158,.T.);
#7161=ORIENTED_EDGE('',*,*,#7160,.F.);
#7163=ORIENTED_EDGE('',*,*,#7162,.T.);
#7165=ORIENTED_EDGE('',*,*,#7164,.F.);
#7167=ORIENTED_EDGE('',*,*,#7166,.T.);
#7169=ORIENTED_EDGE('',*,*,#7168,.F.);
#7171=ORIENTED_EDGE('',*,*,#7170,.F.);
#7173=ORIENTED_EDGE('',*,*,#7172,.F.);
#7174=ORIENTED_EDGE('',*,*,#7129,.F.);
#7176=ORIENTED_EDGE('',*,*,#7175,.F.);
#7178=ORIENTED_EDGE('',*,*,#7177,.F.);
#7180=ORIENTED_EDGE('',*,*,#7179,.F.);
#7182=ORIENTED_EDGE('',*,*,#7181,.F.);
#7184=ORIENTED_EDGE('',*,*,#7183,.F.);
#7186=ORIENTED_EDGE('',*,*,#7185,.F.);
#7187=EDGE_LOOP('',(#7145,#7147,#7149,#7151,#7153,#7155,#7157,#7159,#7161,#7163,
#7165,#7167,#7169,#7171,#7173,#7174,#7176,#7178,#7180,#7182,#7184,#7186));
#7188=FACE_OUTER_BOUND('',#7187,.F.);
#7190=ORIENTED_EDGE('',*,*,#7189,.T.);
#7192=ORIENTED_EDGE('',*,*,#7191,.T.);
#7194=ORIENTED_EDGE('',*,*,#7193,.T.);
#7196=ORIENTED_EDGE('',*,*,#7195,.T.);
#7198=ORIENTED_EDGE('',*,*,#7197,.F.);
#7200=ORIENTED_EDGE('',*,*,#7199,.F.);
#7202=ORIENTED_EDGE('',*,*,#7201,.F.);
#7204=ORIENTED_EDGE('',*,*,#7203,.T.);
#7205=EDGE_LOOP('',(#7190,#7192,#7194,#7196,#7198,#7200,#7202,#7204));
#7206=FACE_BOUND('',#7205,.F.);
#7208=ORIENTED_EDGE('',*,*,#7207,.T.);
#7210=ORIENTED_EDGE('',*,*,#7209,.F.);
#7212=ORIENTED_EDGE('',*,*,#7211,.F.);
#7214=ORIENTED_EDGE('',*,*,#7213,.F.);
#7216=ORIENTED_EDGE('',*,*,#7215,.F.);
#7218=ORIENTED_EDGE('',*,*,#7217,.F.);
#7220=ORIENTED_EDGE('',*,*,#7219,.T.);
#7222=ORIENTED_EDGE('',*,*,#7221,.F.);
#7223=EDGE_LOOP('',(#7208,#7210,#7212,#7214,#7216,#7218,#7220,#7222));
#7224=FACE_BOUND('',#7223,.F.);
#7225=ADVANCED_FACE('',(#7188,#7206,#7224),#7143,.T.);
#7226=CARTESIAN_POINT('',(2.731699901037E1,2.040208239911E2,-4.152692742524E0));
#7227=DIRECTION('',(3.737075605071E-10,-6.427876096865E-1,-7.660444431190E-1));
#7228=DIRECTION('',(1.E0,5.813857561588E-10,0.E0));
#7229=AXIS2_PLACEMENT_3D('',#7226,#7227,#7228);
#7230=PLANE('',#7229);
#7231=ORIENTED_EDGE('',*,*,#7207,.F.);
#7233=ORIENTED_EDGE('',*,*,#7232,.F.);
#7235=ORIENTED_EDGE('',*,*,#7234,.T.);
#7237=ORIENTED_EDGE('',*,*,#7236,.T.);
#7238=EDGE_LOOP('',(#7231,#7233,#7235,#7237));
#7239=FACE_OUTER_BOUND('',#7238,.F.);
#7240=ADVANCED_FACE('',(#7239),#7230,.T.);
#7241=CARTESIAN_POINT('',(2.524399981741E1,2.045349690261E2,-4.584111652786E0));
#7242=DIRECTION('',(7.071067811866E-1,5.416752205896E-1,-4.545194774696E-1));
#7243=DIRECTION('',(-7.071067811865E-1,5.416752202498E-1,-4.545194778745E-1));
#7244=AXIS2_PLACEMENT_3D('',#7241,#7242,#7243);
#7245=PLANE('',#7244);
#7247=ORIENTED_EDGE('',*,*,#7246,.F.);
#7249=ORIENTED_EDGE('',*,*,#7248,.F.);
#7250=ORIENTED_EDGE('',*,*,#7232,.T.);
#7251=ORIENTED_EDGE('',*,*,#7221,.T.);
#7252=EDGE_LOOP('',(#7247,#7249,#7250,#7251));
#7253=FACE_OUTER_BOUND('',#7252,.F.);
#7254=ADVANCED_FACE('',(#7253),#7245,.F.);
#7255=CARTESIAN_POINT('',(2.709399981704E1,2.051777566363E2,-3.818067209138E0));
#7256=DIRECTION('',(3.737119256029E-10,-6.427876096865E-1,-7.660444431190E-1));
#7257=DIRECTION('',(-1.E0,-2.402173953696E-10,-2.862799439354E-10));
#7258=AXIS2_PLACEMENT_3D('',#7255,#7256,#7257);
#7259=PLANE('',#7258);
#7260=ORIENTED_EDGE('',*,*,#7246,.T.);
#7261=ORIENTED_EDGE('',*,*,#7219,.F.);
#7263=ORIENTED_EDGE('',*,*,#7262,.T.);
#7264=EDGE_LOOP('',(#7260,#7261,#7263));
#7265=FACE_OUTER_BOUND('',#7264,.F.);
#7266=ADVANCED_FACE('',(#7265),#7259,.F.);
#7267=CARTESIAN_POINT('',(2.704399981629E1,2.064633318556E2,-2.285978322914E0));
#7268=DIRECTION('',(1.E0,2.402145895402E-10,2.862766000780E-10));
#7269=DIRECTION('',(3.737075605071E-10,-6.427876096865E-1,-7.660444431190E-1));
#7270=AXIS2_PLACEMENT_3D('',#7267,#7268,#7269);
#7271=PLANE('',#7270);
#7272=ORIENTED_EDGE('',*,*,#7262,.F.);
#7273=ORIENTED_EDGE('',*,*,#7217,.T.);
#7275=ORIENTED_EDGE('',*,*,#7274,.T.);
#7277=ORIENTED_EDGE('',*,*,#7276,.F.);
#7278=EDGE_LOOP('',(#7272,#7273,#7275,#7277));
#7279=FACE_OUTER_BOUND('',#7278,.F.);
#7280=ADVANCED_FACE('',(#7279),#7271,.F.);
#7281=CARTESIAN_POINT('',(2.529399981629E1,2.064633318552E2,-2.285978323415E0));
#7282=DIRECTION('',(-3.737119256029E-10,6.427876096865E-1,7.660444431190E-1));
#7283=DIRECTION('',(1.E0,2.402173953696E-10,2.862799439354E-10));
#7284=AXIS2_PLACEMENT_3D('',#7281,#7282,#7283);
#7285=PLANE('',#7284);
#7286=ORIENTED_EDGE('',*,*,#7274,.F.);
#7287=ORIENTED_EDGE('',*,*,#7215,.T.);
#7289=ORIENTED_EDGE('',*,*,#7288,.T.);
#7290=EDGE_LOOP('',(#7286,#7287,#7289));
#7291=FACE_OUTER_BOUND('',#7290,.F.);
#7292=ADVANCED_FACE('',(#7291),#7285,.F.);
#7293=CARTESIAN_POINT('',(2.524399981741E1,2.045349690261E2,-4.584111652786E0));
#7294=DIRECTION('',(7.071067811866E-1,5.416752205896E-1,-4.545194774696E-1));
#7295=DIRECTION('',(-7.071067811865E-1,5.416752202498E-1,-4.545194778745E-1));
#7296=AXIS2_PLACEMENT_3D('',#7293,#7294,#7295);
#7297=PLANE('',#7296);
#7299=ORIENTED_EDGE('',*,*,#7298,.F.);
#7300=ORIENTED_EDGE('',*,*,#7288,.F.);
#7301=ORIENTED_EDGE('',*,*,#7213,.T.);
#7303=ORIENTED_EDGE('',*,*,#7302,.F.);
#7304=EDGE_LOOP('',(#7299,#7300,#7301,#7303));
#7305=FACE_OUTER_BOUND('',#7304,.F.);
#7306=ADVANCED_FACE('',(#7305),#7297,.F.);
#7307=CARTESIAN_POINT('',(2.709399981741E1,2.031560890290E2,-3.427093954821E0));
#7308=DIRECTION('',(0.E0,7.660444431190E-1,-6.427876096865E-1));
#7309=DIRECTION('',(-1.E0,-2.402146494494E-10,-2.862765498083E-10));
#7310=AXIS2_PLACEMENT_3D('',#7307,#7308,#7309);
#7311=PLANE('',#7310);
#7313=ORIENTED_EDGE('',*,*,#7312,.F.);
#7314=ORIENTED_EDGE('',*,*,#7234,.F.);
#7315=ORIENTED_EDGE('',*,*,#7248,.T.);
#7316=ORIENTED_EDGE('',*,*,#7276,.T.);
#7317=ORIENTED_EDGE('',*,*,#7298,.T.);
#7319=ORIENTED_EDGE('',*,*,#7318,.T.);
#7320=EDGE_LOOP('',(#7313,#7314,#7315,#7316,#7317,#7319));
#7321=FACE_OUTER_BOUND('',#7320,.F.);
#7322=ADVANCED_FACE('',(#7321),#7311,.F.);
#7323=CARTESIAN_POINT('',(2.804399981812E1,2.031560890292E2,-3.427093954549E0));
#7324=DIRECTION('',(-1.E0,-2.402146108022E-10,-2.862765822371E-10));
#7325=DIRECTION('',(0.E0,-7.660444431190E-1,6.427876096865E-1));
#7326=AXIS2_PLACEMENT_3D('',#7323,#7324,#7325);
#7327=PLANE('',#7326);
#7328=ORIENTED_EDGE('',*,*,#7209,.T.);
#7329=ORIENTED_EDGE('',*,*,#7236,.F.);
#7330=ORIENTED_EDGE('',*,*,#7312,.T.);
#7332=ORIENTED_EDGE('',*,*,#7331,.T.);
#7333=EDGE_LOOP('',(#7328,#7329,#7330,#7332));
#7334=FACE_OUTER_BOUND('',#7333,.F.);
#7335=ADVANCED_FACE('',(#7334),#7327,.F.);
#7336=CARTESIAN_POINT('',(2.731699900887E1,2.065919744299E2,-1.088514970048E0));
#7337=DIRECTION('',(3.737075605071E-10,-6.427876096865E-1,-7.660444431190E-1));
#7338=DIRECTION('',(1.E0,5.813857561588E-10,0.E0));
#7339=AXIS2_PLACEMENT_3D('',#7336,#7337,#7338);
#7340=PLANE('',#7339);
#7341=ORIENTED_EDGE('',*,*,#7302,.T.);
#7342=ORIENTED_EDGE('',*,*,#7211,.T.);
#7343=ORIENTED_EDGE('',*,*,#7331,.F.);
#7344=ORIENTED_EDGE('',*,*,#7318,.F.);
#7345=EDGE_LOOP('',(#7341,#7342,#7343,#7344));
#7346=FACE_OUTER_BOUND('',#7345,.F.);
#7347=ADVANCED_FACE('',(#7346),#7340,.F.);
#7348=CARTESIAN_POINT('',(2.659399983367E1,1.826801902971E2,-3.062962271845E1));
#7349=DIRECTION('',(3.737075605071E-10,-6.427876096865E-1,-7.660444431190E-1));
#7350=DIRECTION('',(-1.E0,-2.402146494494E-10,-2.862765498083E-10));
#7351=AXIS2_PLACEMENT_3D('',#7348,#7349,#7350);
#7352=PLANE('',#7351);
#7353=ORIENTED_EDGE('',*,*,#7189,.F.);
#7355=ORIENTED_EDGE('',*,*,#7354,.T.);
#7357=ORIENTED_EDGE('',*,*,#7356,.F.);
#7359=ORIENTED_EDGE('',*,*,#7358,.F.);
#7360=EDGE_LOOP('',(#7353,#7355,#7357,#7359));
#7361=FACE_OUTER_BOUND('',#7360,.F.);
#7362=ADVANCED_FACE('',(#7361),#7352,.T.);
#7363=CARTESIAN_POINT('',(2.599399983257E1,1.833912321839E2,-2.861544312522E1));
#7364=DIRECTION('',(-7.071067811866E-1,-5.416752205089E-1,4.545194775657E-1));
#7365=DIRECTION('',(-7.071067811865E-1,5.416752203305E-1,-4.545194777783E-1));
#7366=AXIS2_PLACEMENT_3D('',#7363,#7364,#7365);
#7367=PLANE('',#7366);
#7369=ORIENTED_EDGE('',*,*,#7368,.F.);
#7371=ORIENTED_EDGE('',*,*,#7370,.F.);
#7372=ORIENTED_EDGE('',*,*,#7354,.F.);
#7373=ORIENTED_EDGE('',*,*,#7203,.F.);
#7374=EDGE_LOOP('',(#7369,#7371,#7372,#7373));
#7375=FACE_OUTER_BOUND('',#7374,.F.);
#7376=ADVANCED_FACE('',(#7375),#7367,.T.);
#7377=CARTESIAN_POINT('',(2.709399983259E1,1.819440979093E2,-2.870656057775E1));
#7378=DIRECTION('',(-3.737254949954E-10,6.427876096865E-1,7.660444431190E-1));
#7379=DIRECTION('',(1.E0,2.402261775162E-10,2.862902884233E-10));
#7380=AXIS2_PLACEMENT_3D('',#7377,#7378,#7379);
#7381=PLANE('',#7380);
#7382=ORIENTED_EDGE('',*,*,#7368,.T.);
#7383=ORIENTED_EDGE('',*,*,#7201,.T.);
#7385=ORIENTED_EDGE('',*,*,#7384,.F.);
#7386=EDGE_LOOP('',(#7382,#7383,#7385));
#7387=FACE_OUTER_BOUND('',#7386,.F.);
#7388=ADVANCED_FACE('',(#7387),#7381,.T.);
#7389=CARTESIAN_POINT('',(2.704399983255E1,1.832296731287E2,-2.717447169152E1));
#7390=DIRECTION('',(-1.E0,-1.261365423600E-10,-1.503235558482E-10));
#7391=DIRECTION('',(-1.962335311851E-10,6.427876096865E-1,7.660444431190E-1));
#7392=AXIS2_PLACEMENT_3D('',#7389,#7390,#7391);
#7393=PLANE('',#7392);
#7395=ORIENTED_EDGE('',*,*,#7394,.F.);
#7396=ORIENTED_EDGE('',*,*,#7384,.T.);
#7397=ORIENTED_EDGE('',*,*,#7199,.T.);
#7399=ORIENTED_EDGE('',*,*,#7398,.F.);
#7400=EDGE_LOOP('',(#7395,#7396,#7397,#7399));
#7401=FACE_OUTER_BOUND('',#7400,.F.);
#7402=ADVANCED_FACE('',(#7401),#7393,.T.);
#7403=CARTESIAN_POINT('',(3.892150040001E1,2.001655199906E2,-6.991115350177E0));
#7404=DIRECTION('',(0.E0,-7.660444431190E-1,6.427876096865E-1));
#7405=DIRECTION('',(0.E0,6.427876096865E-1,7.660444431190E-1));
#7406=AXIS2_PLACEMENT_3D('',#7403,#7404,#7405);
#7407=PLANE('',#7406);
#7409=ORIENTED_EDGE('',*,*,#7408,.T.);
#7411=ORIENTED_EDGE('',*,*,#7410,.T.);
#7413=ORIENTED_EDGE('',*,*,#7412,.F.);
#7414=ORIENTED_EDGE('',*,*,#7356,.T.);
#7415=ORIENTED_EDGE('',*,*,#7370,.T.);
#7416=ORIENTED_EDGE('',*,*,#7394,.T.);
#7417=EDGE_LOOP('',(#7409,#7411,#7413,#7414,#7415,#7416));
#7418=FACE_OUTER_BOUND('',#7417,.F.);
#7419=ADVANCED_FACE('',(#7418),#7407,.T.);
#7420=CARTESIAN_POINT('',(2.599399983257E1,1.833912321839E2,-2.861544312522E1));
#7421=DIRECTION('',(-7.071067811866E-1,-5.416752205089E-1,4.545194775657E-1));
#7422=DIRECTION('',(-7.071067811865E-1,5.416752203305E-1,-4.545194777783E-1));
#7423=AXIS2_PLACEMENT_3D('',#7420,#7421,#7422);
#7424=PLANE('',#7423);
#7425=ORIENTED_EDGE('',*,*,#7408,.F.);
#7427=ORIENTED_EDGE('',*,*,#7426,.F.);
#7428=ORIENTED_EDGE('',*,*,#7195,.F.);
#7430=ORIENTED_EDGE('',*,*,#7429,.F.);
#7431=EDGE_LOOP('',(#7425,#7427,#7428,#7430));
#7432=FACE_OUTER_BOUND('',#7431,.F.);
#7433=ADVANCED_FACE('',(#7432),#7424,.T.);
#7434=CARTESIAN_POINT('',(2.529399983237E1,1.832296731283E2,-2.717447169202E1));
#7435=DIRECTION('',(3.737121723191E-10,-6.427876096865E-1,-7.660444431190E-1));
#7436=DIRECTION('',(-1.E0,-2.402176138649E-10,-2.862800826612E-10));
#7437=AXIS2_PLACEMENT_3D('',#7434,#7435,#7436);
#7438=PLANE('',#7437);
#7439=ORIENTED_EDGE('',*,*,#7426,.T.);
#7440=ORIENTED_EDGE('',*,*,#7398,.T.);
#7441=ORIENTED_EDGE('',*,*,#7197,.T.);
#7442=EDGE_LOOP('',(#7439,#7440,#7441));
#7443=FACE_OUTER_BOUND('',#7442,.F.);
#7444=ADVANCED_FACE('',(#7443),#7438,.T.);
#7445=CARTESIAN_POINT('',(2.459399983217E1,1.852513407354E2,-2.756544494654E1));
#7446=DIRECTION('',(-3.737075605071E-10,6.427876096865E-1,7.660444431190E-1));
#7447=DIRECTION('',(1.E0,2.402146494494E-10,2.862765498083E-10));
#7448=AXIS2_PLACEMENT_3D('',#7445,#7446,#7447);
#7449=PLANE('',#7448);
#7450=ORIENTED_EDGE('',*,*,#7193,.F.);
#7452=ORIENTED_EDGE('',*,*,#7451,.F.);
#7453=ORIENTED_EDGE('',*,*,#7410,.F.);
#7454=ORIENTED_EDGE('',*,*,#7429,.T.);
#7455=EDGE_LOOP('',(#7450,#7452,#7453,#7454));
#7456=FACE_OUTER_BOUND('',#7455,.F.);
#7457=ADVANCED_FACE('',(#7456),#7449,.T.);
#7458=CARTESIAN_POINT('',(2.804399983288E1,1.852513407361E2,-2.756544494576E1));
#7459=DIRECTION('',(1.E0,1.261365239518E-10,1.503236555769E-10));
#7460=DIRECTION('',(1.962335957492E-10,-6.427876096865E-1,-7.660444431190E-1));
#7461=AXIS2_PLACEMENT_3D('',#7458,#7459,#7460);
#7462=PLANE('',#7461);
#7463=ORIENTED_EDGE('',*,*,#7191,.F.);
#7464=ORIENTED_EDGE('',*,*,#7358,.T.);
#7465=ORIENTED_EDGE('',*,*,#7412,.T.);
#7466=ORIENTED_EDGE('',*,*,#7451,.T.);
#7467=EDGE_LOOP('',(#7463,#7464,#7465,#7466));
#7468=FACE_OUTER_BOUND('',#7467,.F.);
#7469=ADVANCED_FACE('',(#7468),#7462,.T.);
#7470=CARTESIAN_POINT('',(2.990100040001E1,2.244436406567E2,1.854624249042E1));
#7471=DIRECTION('',(0.E0,4.226182617407E-1,-9.063077870366E-1));
#7472=DIRECTION('',(0.E0,-9.063077870366E-1,-4.226182617407E-1));
#7473=AXIS2_PLACEMENT_3D('',#7470,#7471,#7472);
#7474=PLANE('',#7473);
#7475=ORIENTED_EDGE('',*,*,#7144,.T.);
#7477=ORIENTED_EDGE('',*,*,#7476,.F.);
#7479=ORIENTED_EDGE('',*,*,#7478,.T.);
#7481=ORIENTED_EDGE('',*,*,#7480,.F.);
#7483=ORIENTED_EDGE('',*,*,#7482,.F.);
#7484=EDGE_LOOP('',(#7475,#7477,#7479,#7481,#7483));
#7485=FACE_OUTER_BOUND('',#7484,.F.);
#7486=ADVANCED_FACE('',(#7485),#7474,.F.);
#7487=CARTESIAN_POINT('',(2.26000008E1,1.744E2,-4.565950293011E1));
#7488=DIRECTION('',(1.E0,0.E0,0.E0));
#7489=DIRECTION('',(0.E0,0.E0,1.E0));
#7490=AXIS2_PLACEMENT_3D('',#7487,#7488,#7489);
#7491=PLANE('',#7490);
#7493=ORIENTED_EDGE('',*,*,#7492,.T.);
#7495=ORIENTED_EDGE('',*,*,#7494,.F.);
#7497=ORIENTED_EDGE('',*,*,#7496,.F.);
#7499=ORIENTED_EDGE('',*,*,#7498,.T.);
#7500=ORIENTED_EDGE('',*,*,#7476,.T.);
#7501=ORIENTED_EDGE('',*,*,#7185,.T.);
#7503=ORIENTED_EDGE('',*,*,#7502,.T.);
#7505=ORIENTED_EDGE('',*,*,#7504,.T.);
#7507=ORIENTED_EDGE('',*,*,#7506,.T.);
#7508=ORIENTED_EDGE('',*,*,#7177,.T.);
#7510=ORIENTED_EDGE('',*,*,#7509,.T.);
#7511=ORIENTED_EDGE('',*,*,#7117,.T.);
#7513=ORIENTED_EDGE('',*,*,#7512,.T.);
#7514=ORIENTED_EDGE('',*,*,#7170,.T.);
#7516=ORIENTED_EDGE('',*,*,#7515,.T.);
#7518=ORIENTED_EDGE('',*,*,#7517,.T.);
#7520=ORIENTED_EDGE('',*,*,#7519,.T.);
#7522=ORIENTED_EDGE('',*,*,#7521,.T.);
#7524=ORIENTED_EDGE('',*,*,#7523,.F.);
#7525=EDGE_LOOP('',(#7493,#7495,#7497,#7499,#7500,#7501,#7503,#7505,#7507,#7508,
#7510,#7511,#7513,#7514,#7516,#7518,#7520,#7522,#7524));
#7526=FACE_OUTER_BOUND('',#7525,.F.);
#7527=ADVANCED_FACE('',(#7526),#7491,.F.);
#7528=CARTESIAN_POINT('',(2.260006316245E1,1.789277185258E2,-3.714236788428E1));
#7529=CARTESIAN_POINT('',(2.259898014692E1,1.789274985333E2,-3.721042733155E1));
#7530=CARTESIAN_POINT('',(2.262455414634E1,1.789266441703E2,-3.734431399854E1));
#7531=CARTESIAN_POINT('',(2.273724188901E1,1.789247495685E2,-3.751295933116E1));
#7532=CARTESIAN_POINT('',(2.290812046376E1,1.789228017413E2,-3.762711818135E1));
#7533=CARTESIAN_POINT('',(2.304505194984E1,1.789218828384E2,-3.765218462115E1));
#7534=CARTESIAN_POINT('',(2.311570598834E1,1.789216348573E2,-3.764992539407E1));
#7535=CARTESIAN_POINT('',(2.260006316245E1,1.789478236468E2,-3.714262670049E1));
#7536=CARTESIAN_POINT('',(2.259898014692E1,1.789482613143E2,-3.721066933093E1));
#7537=CARTESIAN_POINT('',(2.262455414634E1,1.789501774893E2,-3.734456283475E1));
#7538=CARTESIAN_POINT('',(2.273724188901E1,1.789546379537E2,-3.751328170829E1));
#7539=CARTESIAN_POINT('',(2.290812046376E1,1.789593199383E2,-3.762753355590E1));
#7540=CARTESIAN_POINT('',(2.304505194984E1,1.789615753116E2,-3.765265298564E1));
#7541=CARTESIAN_POINT('',(2.311570598834E1,1.789621989425E2,-3.765041517324E1));
#7542=CARTESIAN_POINT('',(2.260006316245E1,1.789858355146E2,-3.714062777812E1));
#7543=CARTESIAN_POINT('',(2.259898014692E1,1.789891176935E2,-3.720882448378E1));
#7544=CARTESIAN_POINT('',(2.262455414634E1,1.789983011434E2,-3.734269462009E1));
#7545=CARTESIAN_POINT('',(2.273724188901E1,1.790151889103E2,-3.751085165810E1));
#7546=CARTESIAN_POINT('',(2.290812046376E1,1.790309676260E2,-3.762436769952E1));
#7547=CARTESIAN_POINT('',(2.304505194985E1,1.790376444710E2,-3.764905810760E1));
#7548=CARTESIAN_POINT('',(2.311570598834E1,1.790391999395E2,-3.764664476214E1));
#7549=CARTESIAN_POINT('',(2.260006316245E1,1.790407312557E2,-3.713118794358E1));
#7550=CARTESIAN_POINT('',(2.259898014692E1,1.790513852507E2,-3.719873340664E1));
#7551=CARTESIAN_POINT('',(2.262455414634E1,1.790752065358E2,-3.733081556760E1));
#7552=CARTESIAN_POINT('',(2.273724188901E1,1.791108831278E2,-3.749596913537E1));
#7553=CARTESIAN_POINT('',(2.290812046376E1,1.791397298775E2,-3.760701096429E1));
#7554=CARTESIAN_POINT('',(2.304505194985E1,1.791495252916E2,-3.763080168846E1));
#7555=CARTESIAN_POINT('',(2.311570598834E1,1.791509349418E2,-3.762813733073E1));
#7556=CARTESIAN_POINT('',(2.260006316245E1,1.790922080202E2,-3.711648353745E1));
#7557=CARTESIAN_POINT('',(2.259898014692E1,1.791117013513E2,-3.718198251426E1));
#7558=CARTESIAN_POINT('',(2.262455414633E1,1.791516970911E2,-3.731001475562E1));
#7559=CARTESIAN_POINT('',(2.273724188901E1,1.792054769003E2,-3.747019098892E1));
#7560=CARTESIAN_POINT('',(2.290812046376E1,1.792447938185E2,-3.757808577976E1));
#7561=CARTESIAN_POINT('',(2.304505194984E1,1.792555545405E2,-3.760131930603E1));
#7562=CARTESIAN_POINT('',(2.311570598834E1,1.792559410440E2,-3.759872218770E1));
#7563=CARTESIAN_POINT('',(2.260006316245E1,1.791417665402E2,-3.709646515225E1));
#7564=CARTESIAN_POINT('',(2.259898014692E1,1.791706301506E2,-3.715836336446E1));
#7565=CARTESIAN_POINT('',(2.262455414633E1,1.792272955636E2,-3.727988273482E1));
#7566=CARTESIAN_POINT('',(2.273724188901E1,1.792987030608E2,-3.743301660674E1));
#7567=CARTESIAN_POINT('',(2.290812046376E1,1.793472502E2,-3.753712628272E1));
#7568=CARTESIAN_POINT('',(2.304505194984E1,1.793580298812E2,-3.756024338382E1));
#7569=CARTESIAN_POINT('',(2.311570598834E1,1.793570371713E2,-3.755811451045E1));
#7570=CARTESIAN_POINT('',(2.260006316245E1,1.791889571155E2,-3.707136869336E1));
#7571=CARTESIAN_POINT('',(2.259898014692E1,1.792266021710E2,-3.712840338210E1));
#7572=CARTESIAN_POINT('',(2.262455414633E1,1.792989717921E2,-3.724133943468E1));
#7573=CARTESIAN_POINT('',(2.273724188901E1,1.793871049105E2,-3.738549645684E1));
#7574=CARTESIAN_POINT('',(2.290812046376E1,1.794444846876E2,-3.748496839823E1));
#7575=CARTESIAN_POINT('',(2.304505194984E1,1.794553657425E2,-3.750814581235E1));
#7576=CARTESIAN_POINT('',(2.311570598834E1,1.794531277948E2,-3.750677249574E1));
#7577=CARTESIAN_POINT('',(2.260006316245E1,1.792333099705E2,-3.704138701408E1));
#7578=CARTESIAN_POINT('',(2.259898014692E1,1.792782045412E2,-3.709296583447E1));
#7579=CARTESIAN_POINT('',(2.262455414633E1,1.793640733197E2,-3.719611477404E1));
#7580=CARTESIAN_POINT('',(2.273724188902E1,1.794676558213E2,-3.732960329616E1));
#7581=CARTESIAN_POINT('',(2.290812046376E1,1.795341764640E2,-3.742307750026E1));
#7582=CARTESIAN_POINT('',(2.304505194985E1,1.795461048452E2,-3.744587360551E1));
#7583=CARTESIAN_POINT('',(2.311570598834E1,1.795431577231E2,-3.744524084407E1));
#7584=CARTESIAN_POINT('',(2.260006316245E1,1.792758279911E2,-3.700540191901E1));
#7585=CARTESIAN_POINT('',(2.259898014692E1,1.793259600020E2,-3.705175216396E1));
#7586=CARTESIAN_POINT('',(2.262455414633E1,1.794226075660E2,-3.714483706838E1));
#7587=CARTESIAN_POINT('',(2.273724188902E1,1.795405682136E2,-3.726586299584E1));
#7588=CARTESIAN_POINT('',(2.290812046376E1,1.796173842768E2,-3.735091682186E1));
#7589=CARTESIAN_POINT('',(2.304505194985E1,1.796320064578E2,-3.737190225389E1));
#7590=CARTESIAN_POINT('',(2.311570598834E1,1.796291578930E2,-3.737154254579E1));
#7591=CARTESIAN_POINT('',(2.260006316245E1,1.793017931206E2,-3.697756760370E1));
#7592=CARTESIAN_POINT('',(2.259898014692E1,1.793536355181E2,-3.702163977532E1));
#7593=CARTESIAN_POINT('',(2.262455414633E1,1.794549723244E2,-3.710917258742E1));
#7594=CARTESIAN_POINT('',(2.273724188901E1,1.795813515737E2,-3.722103965800E1));
#7595=CARTESIAN_POINT('',(2.290812046376E1,1.796658642508E2,-3.729806572370E1));
#7596=CARTESIAN_POINT('',(2.304505194984E1,1.796836572090E2,-3.731593981494E1));
#7597=CARTESIAN_POINT('',(2.311570598834E1,1.796815421027E2,-3.731497908980E1));
#7598=CARTESIAN_POINT('',(2.260006316245E1,1.793145184544E2,-3.696199938110E1));
#7599=CARTESIAN_POINT('',(2.259898014692E1,1.793667964574E2,-3.700557858894E1));
#7600=CARTESIAN_POINT('',(2.262455414633E1,1.794699089040E2,-3.709098463743E1));
#7601=CARTESIAN_POINT('',(2.273724188902E1,1.796003168575E2,-3.719793604382E1));
#7602=CARTESIAN_POINT('',(2.290812046376E1,1.796890199690E2,-3.726982342434E1));
#7603=CARTESIAN_POINT('',(2.304505194984E1,1.797088127877E2,-3.728523171287E1));
#7604=CARTESIAN_POINT('',(2.311570598834E1,1.797072415600E2,-3.728358949323E1));
#7605=B_SPLINE_SURFACE_WITH_KNOTS('',3,3,((#7528,#7529,#7530,#7531,#7532,#7533,
#7534),(#7535,#7536,#7537,#7538,#7539,#7540,#7541),(#7542,#7543,#7544,#7545,
#7546,#7547,#7548),(#7549,#7550,#7551,#7552,#7553,#7554,#7555),(#7556,#7557,
#7558,#7559,#7560,#7561,#7562),(#7563,#7564,#7565,#7566,#7567,#7568,#7569),(
#7570,#7571,#7572,#7573,#7574,#7575,#7576),(#7577,#7578,#7579,#7580,#7581,#7582,
#7583),(#7584,#7585,#7586,#7587,#7588,#7589,#7590),(#7591,#7592,#7593,#7594,
#7595,#7596,#7597),(#7598,#7599,#7600,#7601,#7602,#7603,#7604)),.UNSPECIFIED.,
.F.,.F.,.F.,(4,1,1,1,1,1,1,1,4),(4,1,1,1,4),(-1.374977498999E-2,1.25E-1,2.5E-1,
3.75E-1,5.E-1,6.25E-1,7.5E-1,8.75E-1,1.013753300204E0),(-9.985411699521E-3,
2.5E-1,5.E-1,7.5E-1,1.019999322782E0),.UNSPECIFIED.);
#7606=ORIENTED_EDGE('',*,*,#7492,.F.);
#7608=ORIENTED_EDGE('',*,*,#7607,.F.);
#7610=ORIENTED_EDGE('',*,*,#7609,.F.);
#7612=ORIENTED_EDGE('',*,*,#7611,.F.);
#7613=EDGE_LOOP('',(#7606,#7608,#7610,#7612));
#7614=FACE_OUTER_BOUND('',#7613,.F.);
#7615=ADVANCED_FACE('',(#7614),#7605,.T.);
#7616=CARTESIAN_POINT('',(2.31000008E1,-2.06E1,-3.715024859395E1));
#7617=DIRECTION('',(0.E0,-1.E0,0.E0));
#7618=DIRECTION('',(0.E0,0.E0,-1.E0));
#7619=AXIS2_PLACEMENT_3D('',#7616,#7617,#7618);
#7620=CYLINDRICAL_SURFACE('',#7619,5.E-1);
#7621=ORIENTED_EDGE('',*,*,#7523,.T.);
#7623=ORIENTED_EDGE('',*,*,#7622,.T.);
#7625=ORIENTED_EDGE('',*,*,#7624,.F.);
#7626=ORIENTED_EDGE('',*,*,#7607,.T.);
#7627=EDGE_LOOP('',(#7621,#7623,#7625,#7626));
#7628=FACE_OUTER_BOUND('',#7627,.F.);
#7629=ADVANCED_FACE('',(#7628),#7620,.T.);
#7630=CARTESIAN_POINT('',(5.234300000001E1,1.782E2,7.935000000001E1));
#7631=DIRECTION('',(0.E0,1.E0,0.E0));
#7632=DIRECTION('',(0.E0,0.E0,-1.E0));
#7633=AXIS2_PLACEMENT_3D('',#7630,#7631,#7632);
#7634=PLANE('',#7633);
#7636=ORIENTED_EDGE('',*,*,#7635,.T.);
#7638=ORIENTED_EDGE('',*,*,#7637,.T.);
#7640=ORIENTED_EDGE('',*,*,#7639,.T.);
#7642=ORIENTED_EDGE('',*,*,#7641,.T.);
#7643=ORIENTED_EDGE('',*,*,#7622,.F.);
#7644=ORIENTED_EDGE('',*,*,#7521,.F.);
#7646=ORIENTED_EDGE('',*,*,#7645,.T.);
#7648=ORIENTED_EDGE('',*,*,#7647,.F.);
#7650=ORIENTED_EDGE('',*,*,#7649,.T.);
#7652=ORIENTED_EDGE('',*,*,#7651,.T.);
#7654=ORIENTED_EDGE('',*,*,#7653,.T.);
#7656=ORIENTED_EDGE('',*,*,#7655,.T.);
#7657=EDGE_LOOP('',(#7636,#7638,#7640,#7642,#7643,#7644,#7646,#7648,#7650,#7652,
#7654,#7656));
#7658=FACE_OUTER_BOUND('',#7657,.F.);
#7659=ADVANCED_FACE('',(#7658),#7634,.T.);
#7660=CARTESIAN_POINT('',(5.584300000001E1,-2.06E1,-4.634775240272E1));
#7661=DIRECTION('',(-1.E0,0.E0,0.E0));
#7662=DIRECTION('',(0.E0,-1.E0,0.E0));
#7663=AXIS2_PLACEMENT_3D('',#7660,#7661,#7662);
#7664=PLANE('',#7663);
#7666=ORIENTED_EDGE('',*,*,#7665,.T.);
#7668=ORIENTED_EDGE('',*,*,#7667,.F.);
#7670=ORIENTED_EDGE('',*,*,#7669,.T.);
#7672=ORIENTED_EDGE('',*,*,#7671,.T.);
#7673=ORIENTED_EDGE('',*,*,#7635,.F.);
#7675=ORIENTED_EDGE('',*,*,#7674,.T.);
#7677=ORIENTED_EDGE('',*,*,#7676,.F.);
#7679=ORIENTED_EDGE('',*,*,#7678,.T.);
#7681=ORIENTED_EDGE('',*,*,#7680,.F.);
#7682=EDGE_LOOP('',(#7666,#7668,#7670,#7672,#7673,#7675,#7677,#7679,#7681));
#7683=FACE_OUTER_BOUND('',#7682,.F.);
#7684=ADVANCED_FACE('',(#7683),#7664,.F.);
#7685=CARTESIAN_POINT('',(5.534300000001E1,-2.06E1,5.100250574417E1));
#7686=DIRECTION('',(0.E0,-1.E0,0.E0));
#7687=DIRECTION('',(0.E0,0.E0,-1.E0));
#7688=AXIS2_PLACEMENT_3D('',#7685,#7686,#7687);
#7689=CYLINDRICAL_SURFACE('',#7688,5.E-1);
#7691=ORIENTED_EDGE('',*,*,#7690,.T.);
#7693=ORIENTED_EDGE('',*,*,#7692,.T.);
#7694=ORIENTED_EDGE('',*,*,#7665,.F.);
#7696=ORIENTED_EDGE('',*,*,#7695,.T.);
#7697=EDGE_LOOP('',(#7691,#7693,#7694,#7696));
#7698=FACE_OUTER_BOUND('',#7697,.F.);
#7699=ADVANCED_FACE('',(#7698),#7689,.T.);
#7700=CARTESIAN_POINT('',(5.276566455682E1,1.922856728856E2,5.150250574417E1));
#7701=DIRECTION('',(0.E0,0.E0,1.E0));
#7702=DIRECTION('',(1.E0,0.E0,0.E0));
#7703=AXIS2_PLACEMENT_3D('',#7700,#7701,#7702);
#7704=PLANE('',#7703);
#7706=ORIENTED_EDGE('',*,*,#7705,.F.);
#7708=ORIENTED_EDGE('',*,*,#7707,.F.);
#7710=ORIENTED_EDGE('',*,*,#7709,.T.);
#7712=ORIENTED_EDGE('',*,*,#7711,.F.);
#7713=ORIENTED_EDGE('',*,*,#7690,.F.);
#7715=ORIENTED_EDGE('',*,*,#7714,.T.);
#7717=ORIENTED_EDGE('',*,*,#7716,.T.);
#7719=ORIENTED_EDGE('',*,*,#7718,.T.);
#7721=ORIENTED_EDGE('',*,*,#7720,.F.);
#7723=ORIENTED_EDGE('',*,*,#7722,.T.);
#7725=ORIENTED_EDGE('',*,*,#7724,.F.);
#7727=ORIENTED_EDGE('',*,*,#7726,.T.);
#7729=ORIENTED_EDGE('',*,*,#7728,.F.);
#7730=EDGE_LOOP('',(#7706,#7708,#7710,#7712,#7713,#7715,#7717,#7719,#7721,#7723,
#7725,#7727,#7729));
#7731=FACE_OUTER_BOUND('',#7730,.F.);
#7732=ADVANCED_FACE('',(#7731),#7704,.T.);
#7733=CARTESIAN_POINT('',(3.927250000001E1,2.279E2,5.050250574417E1));
#7734=DIRECTION('',(0.E0,-8.944271909999E-1,4.472135955E-1));
#7735=DIRECTION('',(0.E0,-4.472135955E-1,-8.944271909999E-1));
#7736=AXIS2_PLACEMENT_3D('',#7733,#7734,#7735);
#7737=PLANE('',#7736);
#7738=ORIENTED_EDGE('',*,*,#7705,.T.);
#7740=ORIENTED_EDGE('',*,*,#7739,.T.);
#7742=ORIENTED_EDGE('',*,*,#7741,.F.);
#7744=ORIENTED_EDGE('',*,*,#7743,.F.);
#7746=ORIENTED_EDGE('',*,*,#7745,.F.);
#7747=EDGE_LOOP('',(#7738,#7740,#7742,#7744,#7746));
#7748=FACE_OUTER_BOUND('',#7747,.F.);
#7749=ADVANCED_FACE('',(#7748),#7737,.T.);
#7750=CARTESIAN_POINT('',(4.084300000001E1,2.144E2,5.050250574417E1));
#7751=DIRECTION('',(0.E0,0.E0,1.E0));
#7752=DIRECTION('',(0.E0,-1.E0,0.E0));
#7753=AXIS2_PLACEMENT_3D('',#7750,#7751,#7752);
#7754=CONICAL_SURFACE('',#7753,1.35E1,2.656505117708E1);
#7755=ORIENTED_EDGE('',*,*,#7728,.T.);
#7757=ORIENTED_EDGE('',*,*,#7756,.T.);
#7759=ORIENTED_EDGE('',*,*,#7758,.F.);
#7760=ORIENTED_EDGE('',*,*,#7739,.F.);
#7761=EDGE_LOOP('',(#7755,#7757,#7759,#7760));
#7762=FACE_OUTER_BOUND('',#7761,.F.);
#7763=ADVANCED_FACE('',(#7762),#7754,.F.);
#7764=CARTESIAN_POINT('',(5.172619923908E1,2.178836956290E2,5.150250574417E1));
#7765=DIRECTION('',(1.E0,0.E0,0.E0));
#7766=DIRECTION('',(0.E0,-1.E0,0.E0));
#7767=AXIS2_PLACEMENT_3D('',#7764,#7765,#7766);
#7768=PLANE('',#7767);
#7769=ORIENTED_EDGE('',*,*,#7726,.F.);
#7771=ORIENTED_EDGE('',*,*,#7770,.F.);
#7773=ORIENTED_EDGE('',*,*,#7772,.T.);
#7775=ORIENTED_EDGE('',*,*,#7774,.T.);
#7777=ORIENTED_EDGE('',*,*,#7776,.F.);
#7778=ORIENTED_EDGE('',*,*,#7756,.F.);
#7779=EDGE_LOOP('',(#7769,#7771,#7773,#7775,#7777,#7778));
#7780=FACE_OUTER_BOUND('',#7779,.F.);
#7781=ADVANCED_FACE('',(#7780),#7768,.F.);
#7782=CARTESIAN_POINT('',(3.720200000001E1,2.045606365214E2,4.211176051204E1));
#7783=DIRECTION('',(1.E0,0.E0,0.E0));
#7784=DIRECTION('',(0.E0,-1.E0,0.E0));
#7785=AXIS2_PLACEMENT_3D('',#7782,#7783,#7784);
#7786=CYLINDRICAL_SURFACE('',#7785,1.68E1);
#7788=ORIENTED_EDGE('',*,*,#7787,.F.);
#7790=ORIENTED_EDGE('',*,*,#7789,.F.);
#7792=ORIENTED_EDGE('',*,*,#7791,.F.);
#7794=ORIENTED_EDGE('',*,*,#7793,.F.);
#7796=ORIENTED_EDGE('',*,*,#7795,.T.);
#7797=ORIENTED_EDGE('',*,*,#7770,.T.);
#7798=ORIENTED_EDGE('',*,*,#7724,.T.);
#7800=ORIENTED_EDGE('',*,*,#7799,.T.);
#7802=ORIENTED_EDGE('',*,*,#7801,.F.);
#7803=EDGE_LOOP('',(#7788,#7790,#7792,#7794,#7796,#7797,#7798,#7800,#7802));
#7804=FACE_OUTER_BOUND('',#7803,.F.);
#7805=ADVANCED_FACE('',(#7804),#7786,.T.);
#7806=CARTESIAN_POINT('',(3.720200000001E1,2.1675E2,5.438813693127E1));
#7807=DIRECTION('',(1.E0,0.E0,0.E0));
#7808=DIRECTION('',(0.E0,1.E0,0.E0));
#7809=AXIS2_PLACEMENT_3D('',#7806,#7807,#7808);
#7810=CYLINDRICAL_SURFACE('',#7809,5.E-1);
#7811=ORIENTED_EDGE('',*,*,#7787,.T.);
#7813=ORIENTED_EDGE('',*,*,#7812,.F.);
#7815=ORIENTED_EDGE('',*,*,#7814,.F.);
#7817=ORIENTED_EDGE('',*,*,#7816,.T.);
#7818=EDGE_LOOP('',(#7811,#7813,#7815,#7817));
#7819=FACE_OUTER_BOUND('',#7818,.F.);
#7820=ADVANCED_FACE('',(#7819),#7810,.F.);
#7821=CARTESIAN_POINT('',(5.106949230173E1,2.162500104416E2,5.439439318480E1));
#7822=CARTESIAN_POINT('',(5.106927768972E1,2.162495828724E2,5.436038596842E1));
#7823=CARTESIAN_POINT('',(5.106882877375E1,2.162555500021E2,5.429291969712E1));
#7824=CARTESIAN_POINT('',(5.106808594449E1,2.162852562213E2,5.419473284069E1));
#7825=CARTESIAN_POINT('',(5.106729530563E1,2.163339995310E2,5.410444135599E1));
#7826=CARTESIAN_POINT('',(5.106675184990E1,2.163776869743E2,5.405265198074E1));
#7827=CARTESIAN_POINT('',(5.106647483015E1,2.164021417692E2,5.402898058815E1));
#7828=CARTESIAN_POINT('',(5.111773623809E1,2.162502724074E2,5.439399638050E1));
#7829=CARTESIAN_POINT('',(5.111853113107E1,2.162498523761E2,5.435998586071E1));
#7830=CARTESIAN_POINT('',(5.112018359036E1,2.162558448180E2,5.429251746052E1));
#7831=CARTESIAN_POINT('',(5.112289693616E1,2.162856026403E2,5.419433272774E1));
#7832=CARTESIAN_POINT('',(5.112577467374E1,2.163343938811E2,5.410404080880E1));
#7833=CARTESIAN_POINT('',(5.112775215965E1,2.163780999524E2,5.405224448586E1));
#7834=CARTESIAN_POINT('',(5.112876162250E1,2.164025583598E2,5.402856680957E1));
#7835=CARTESIAN_POINT('',(5.121317617106E1,2.162472937293E2,5.439779717412E1));
#7836=CARTESIAN_POINT('',(5.121530483336E1,2.162467753296E2,5.436376676150E1));
#7837=CARTESIAN_POINT('',(5.122000841903E1,2.162525781970E2,5.429624786425E1));
#7838=CARTESIAN_POINT('',(5.122830445248E1,2.162821030534E2,5.419799270833E1));
#7839=CARTESIAN_POINT('',(5.123738363614E1,2.163307348512E2,5.410767402587E1));
#7840=CARTESIAN_POINT('',(5.124363697446E1,2.163743890749E2,5.405591043550E1));
#7841=CARTESIAN_POINT('',(5.124678837499E1,2.163988335399E2,5.403226512689E1));
#7842=CARTESIAN_POINT('',(5.135159228753E1,2.162330518855E2,5.441558028735E1));
#7843=CARTESIAN_POINT('',(5.135592514827E1,2.162320453071E2,5.438143300393E1));
#7844=CARTESIAN_POINT('',(5.136548034044E1,2.162369805901E2,5.431364864784E1));
#7845=CARTESIAN_POINT('',(5.138238336654E1,2.162655663767E2,5.421505880598E1));
#7846=CARTESIAN_POINT('',(5.140100709959E1,2.163136180084E2,5.412463185692E1));
#7847=CARTESIAN_POINT('',(5.141396416701E1,2.163570778317E2,5.407303559404E1));
#7848=CARTESIAN_POINT('',(5.142053917107E1,2.163814476511E2,5.404954616915E1));
#7849=CARTESIAN_POINT('',(5.148316017687E1,2.162105057731E2,5.444364149226E1));
#7850=CARTESIAN_POINT('',(5.148961762503E1,2.162087331619E2,5.440932101790E1));
#7851=CARTESIAN_POINT('',(5.150391589141E1,2.162122832169E2,5.434114178534E1));
#7852=CARTESIAN_POINT('',(5.152932564722E1,2.162393192742E2,5.424206066282E1));
#7853=CARTESIAN_POINT('',(5.155735894619E1,2.162863789245E2,5.415149560490E1));
#7854=CARTESIAN_POINT('',(5.157683629263E1,2.163294993543E2,5.410017889528E1));
#7855=CARTESIAN_POINT('',(5.158670100897E1,2.163537455761E2,5.407694092329E1));
#7856=CARTESIAN_POINT('',(5.161112846262E1,2.161797257009E2,5.448168656962E1));
#7857=CARTESIAN_POINT('',(5.161961162527E1,2.161769351878E2,5.444711748289E1));
#7858=CARTESIAN_POINT('',(5.163849672746E1,2.161786320384E2,5.437837951811E1));
#7859=CARTESIAN_POINT('',(5.167226800994E1,2.162035793865E2,5.427860589200E1));
#7860=CARTESIAN_POINT('',(5.170959903663E1,2.162493007515E2,5.418783361100E1));
#7861=CARTESIAN_POINT('',(5.173549737625E1,2.162919697399E2,5.413688211931E1));
#7862=CARTESIAN_POINT('',(5.174858329833E1,2.163160551926E2,5.411397524447E1));
#7863=CARTESIAN_POINT('',(5.173544099564E1,2.161410548841E2,5.452915395247E1));
#7864=CARTESIAN_POINT('',(5.174568894391E1,2.161370228688E2,5.449426254407E1));
#7865=CARTESIAN_POINT('',(5.176873335002E1,2.161364354097E2,5.442480475958E1));
#7866=CARTESIAN_POINT('',(5.181041486278E1,2.161587892522E2,5.432412264907E1));
#7867=CARTESIAN_POINT('',(5.185667024766E1,2.162028732660E2,5.423302674729E1));
#7868=CARTESIAN_POINT('',(5.188870396767E1,2.162450386031E2,5.418246268067E1));
#7869=CARTESIAN_POINT('',(5.190483400022E1,2.162689677793E2,5.415992341799E1));
#7870=CARTESIAN_POINT('',(5.185491327016E1,2.160953200347E2,5.458481389490E1));
#7871=CARTESIAN_POINT('',(5.186663440049E1,2.160898478199E2,5.454953768358E1));
#7872=CARTESIAN_POINT('',(5.189331809266E1,2.160865993544E2,5.447921172133E1));
#7873=CARTESIAN_POINT('',(5.194231743459E1,2.161059234675E2,5.437741881542E1));
#7874=CARTESIAN_POINT('',(5.199705735075E1,2.161480949282E2,5.428591447362E1));
#7875=CARTESIAN_POINT('',(5.203499053211E1,2.161896640868E2,5.423580434571E1));
#7876=CARTESIAN_POINT('',(5.205404643274E1,2.162133998130E2,5.421369854110E1));
#7877=CARTESIAN_POINT('',(5.194931166527E1,2.160522534181E2,5.463671933913E1));
#7878=CARTESIAN_POINT('',(5.196220335693E1,2.160453938259E2,5.460110479358E1));
#7879=CARTESIAN_POINT('',(5.199179863598E1,2.160395976982E2,5.452997824364E1));
#7880=CARTESIAN_POINT('',(5.204675444741E1,2.160560573774E2,5.442712661554E1));
#7881=CARTESIAN_POINT('',(5.210847516567E1,2.160964355556E2,5.433524660150E1));
#7882=CARTESIAN_POINT('',(5.215128734303E1,2.161374192474E2,5.428561187643E1));
#7883=CARTESIAN_POINT('',(5.217276541913E1,2.161609396086E2,5.426395033980E1));
#7884=CARTESIAN_POINT('',(5.200845202911E1,2.160218423049E2,5.467301217465E1));
#7885=CARTESIAN_POINT('',(5.202201230914E1,2.160140369752E2,5.463719955319E1));
#7886=CARTESIAN_POINT('',(5.205333114119E1,2.160064642313E2,5.456558021688E1));
#7887=CARTESIAN_POINT('',(5.211193578607E1,2.160208504061E2,5.446205215931E1));
#7888=CARTESIAN_POINT('',(5.217797190507E1,2.160598851833E2,5.436993291571E1));
#7889=CARTESIAN_POINT('',(5.222377978116E1,2.161004228985E2,5.432061518202E1));
#7890=CARTESIAN_POINT('',(5.224672968851E1,2.161237876850E2,5.429924712510E1));
#7891=CARTESIAN_POINT('',(5.203520842146E1,2.160074748016E2,5.469015089602E1));
#7892=CARTESIAN_POINT('',(5.204910753492E1,2.159991860989E2,5.465423719693E1));
#7893=CARTESIAN_POINT('',(5.208128409015E1,2.159907310683E2,5.458236166102E1));
#7894=CARTESIAN_POINT('',(5.214167527460E1,2.160041499513E2,5.447846936050E1));
#7895=CARTESIAN_POINT('',(5.220980583029E1,2.160426129900E2,5.438620164554E1));
#7896=CARTESIAN_POINT('',(5.225705615396E1,2.160829904369E2,5.433702562514E1));
#7897=CARTESIAN_POINT('',(5.228071195738E1,2.161063017520E2,5.431579674701E1));
#7898=CARTESIAN_POINT('',(5.205592287016E1,2.159960131962E2,5.470364548806E1));
#7899=CARTESIAN_POINT('',(5.206996436629E1,2.159874440725E2,5.466769192083E1));
#7900=CARTESIAN_POINT('',(5.210256937715E1,2.159783982670E2,5.459570881856E1));
#7901=CARTESIAN_POINT('',(5.216398298146E1,2.159909857745E2,5.449167289306E1));
#7902=CARTESIAN_POINT('',(5.223337010971E1,2.160287994799E2,5.439938544959E1));
#7903=CARTESIAN_POINT('',(5.228149611574E1,2.160689126158E2,5.435033012300E1));
#7904=CARTESIAN_POINT('',(5.230557693341E1,2.160921331836E2,5.432919906208E1));
#7905=CARTESIAN_POINT('',(5.207233805935E1,2.159865011434E2,5.471464981484E1));
#7906=CARTESIAN_POINT('',(5.208632523114E1,2.159778296047E2,5.467867677857E1));
#7907=CARTESIAN_POINT('',(5.211895571536E1,2.159684511700E2,5.460665722704E1));
#7908=CARTESIAN_POINT('',(5.218073891654E1,2.159803397435E2,5.450260643706E1));
#7909=CARTESIAN_POINT('',(5.225070576586E1,2.160174572047E2,5.441037447052E1));
#7910=CARTESIAN_POINT('',(5.229926251422E1,2.160572306246E2,5.436141388958E1));
#7911=CARTESIAN_POINT('',(5.232354798190E1,2.160803348156E2,5.434034378548E1));
#7912=CARTESIAN_POINT('',(5.208383063149E1,2.159799310935E2,5.472251383692E1));
#7913=CARTESIAN_POINT('',(5.209793690500E1,2.159710318102E2,5.468641102925E1));
#7914=CARTESIAN_POINT('',(5.213092103644E1,2.159612812894E2,5.461411814703E1));
#7915=CARTESIAN_POINT('',(5.219354539518E1,2.159728843162E2,5.450970726840E1));
#7916=CARTESIAN_POINT('',(5.226454271409E1,2.160099580723E2,5.441726824459E1));
#7917=CARTESIAN_POINT('',(5.231381156246E1,2.160498001020E2,5.436831821309E1));
#7918=CARTESIAN_POINT('',(5.233844030526E1,2.160729385690E2,5.434729110207E1));
#7919=B_SPLINE_SURFACE_WITH_KNOTS('',3,3,((#7821,#7822,#7823,#7824,#7825,#7826,
#7827),(#7828,#7829,#7830,#7831,#7832,#7833,#7834),(#7835,#7836,#7837,#7838,
#7839,#7840,#7841),(#7842,#7843,#7844,#7845,#7846,#7847,#7848),(#7849,#7850,
#7851,#7852,#7853,#7854,#7855),(#7856,#7857,#7858,#7859,#7860,#7861,#7862),(
#7863,#7864,#7865,#7866,#7867,#7868,#7869),(#7870,#7871,#7872,#7873,#7874,#7875,
#7876),(#7877,#7878,#7879,#7880,#7881,#7882,#7883),(#7884,#7885,#7886,#7887,
#7888,#7889,#7890),(#7891,#7892,#7893,#7894,#7895,#7896,#7897),(#7898,#7899,
#7900,#7901,#7902,#7903,#7904),(#7905,#7906,#7907,#7908,#7909,#7910,#7911),(
#7912,#7913,#7914,#7915,#7916,#7917,#7918)),.UNSPECIFIED.,.F.,.F.,.F.,(4,1,1,1,
1,1,1,1,1,1,1,4),(4,1,1,1,4),(-1.194966771862E-2,1.529399659683E-1,
3.058799319367E-1,4.588198979050E-1,6.117598638733E-1,7.646998298416E-1,
9.176397958100E-1,1.070579761778E0,1.147049744762E0,1.166167240508E0,
1.185284736255E0,1.235347648008E0),(-1.617221942976E-2,2.5E-1,5.E-1,7.5E-1,
1.016379009716E0),.UNSPECIFIED.);
#7921=ORIENTED_EDGE('',*,*,#7920,.F.);
#7922=ORIENTED_EDGE('',*,*,#7812,.T.);
#7923=ORIENTED_EDGE('',*,*,#7801,.T.);
#7925=ORIENTED_EDGE('',*,*,#7924,.F.);
#7926=EDGE_LOOP('',(#7921,#7922,#7923,#7925));
#7927=FACE_OUTER_BOUND('',#7926,.F.);
#7928=ADVANCED_FACE('',(#7927),#7919,.T.);
#7929=CARTESIAN_POINT('',(5.108000044342E1,2.1425E2,-4.634775240272E1));
#7930=DIRECTION('',(0.E0,0.E0,-1.E0));
#7931=DIRECTION('',(0.E0,1.E0,0.E0));
#7932=AXIS2_PLACEMENT_3D('',#7929,#7930,#7931);
#7933=CYLINDRICAL_SURFACE('',#7932,2.E0);
#7934=ORIENTED_EDGE('',*,*,#7920,.T.);
#7936=ORIENTED_EDGE('',*,*,#7935,.F.);
#7938=ORIENTED_EDGE('',*,*,#7937,.T.);
#7940=ORIENTED_EDGE('',*,*,#7939,.T.);
#7942=ORIENTED_EDGE('',*,*,#7941,.T.);
#7943=EDGE_LOOP('',(#7934,#7936,#7938,#7940,#7942));
#7944=FACE_OUTER_BOUND('',#7943,.F.);
#7945=ADVANCED_FACE('',(#7944),#7933,.T.);
#7946=CARTESIAN_POINT('',(5.296535473392E1,2.149522498867E2,5.490604180934E1));
#7947=CARTESIAN_POINT('',(5.296316989867E1,2.149504993803E2,5.491591181884E1));
#7948=CARTESIAN_POINT('',(5.295985230908E1,2.149482520626E2,5.493397644401E1));
#7949=CARTESIAN_POINT('',(5.295653206655E1,2.149471554413E2,5.496042781288E1));
#7950=CARTESIAN_POINT('',(5.295438216171E1,2.149477745182E2,5.498699754369E1));
#7951=CARTESIAN_POINT('',(5.295367093743E1,2.149493449396E2,5.500530297740E1));
#7952=CARTESIAN_POINT('',(5.295346085020E1,2.149504876501E2,5.501535950614E1));
#7953=CARTESIAN_POINT('',(5.295017598334E1,2.150037118774E2,5.488933734802E1));
#7954=CARTESIAN_POINT('',(5.294731105338E1,2.150017002204E2,5.490077012976E1));
#7955=CARTESIAN_POINT('',(5.294294692377E1,2.149990335886E2,5.492174920314E1));
#7956=CARTESIAN_POINT('',(5.293856888776E1,2.149975535898E2,5.495256058800E1));
#7957=CARTESIAN_POINT('',(5.293574164138E1,2.149980427518E2,5.498355516242E1));
#7958=CARTESIAN_POINT('',(5.293482892821E1,2.149997549053E2,5.500491532376E1));
#7959=CARTESIAN_POINT('',(5.293457637436E1,2.150010578814E2,5.501664130890E1));
#7960=CARTESIAN_POINT('',(5.291588771502E1,2.151104388943E2,5.485357068541E1));
#7961=CARTESIAN_POINT('',(5.291132290036E1,2.151078168410E2,5.486820042150E1));
#7962=CARTESIAN_POINT('',(5.290430987039E1,2.151041270393E2,5.489520496769E1));
#7963=CARTESIAN_POINT('',(5.289719998161E1,2.151016327430E2,5.493514014942E1));
#7964=CARTESIAN_POINT('',(5.289258481241E1,2.151016907551E2,5.497544907506E1));
#7965=CARTESIAN_POINT('',(5.289111597131E1,2.151036679890E2,5.500324963933E1));
#7966=CARTESIAN_POINT('',(5.289073787809E1,2.151053250203E2,5.501848690717E1));
#7967=CARTESIAN_POINT('',(5.285590133822E1,2.152686927404E2,5.479609616125E1));
#7968=CARTESIAN_POINT('',(5.284809520607E1,2.152646514848E2,5.481504635531E1));
#7969=CARTESIAN_POINT('',(5.283581621968E1,2.152586709421E2,5.485047708159E1));
#7970=CARTESIAN_POINT('',(5.282291899750E1,2.152540142816E2,5.490368162285E1));
#7971=CARTESIAN_POINT('',(5.281426709792E1,2.152531987246E2,5.495780481068E1));
#7972=CARTESIAN_POINT('',(5.281138774958E1,2.152557172115E2,5.499522257618E1));
#7973=CARTESIAN_POINT('',(5.281063762437E1,2.152580575724E2,5.501567309904E1));
#7974=CARTESIAN_POINT('',(5.279765265627E1,2.153998391138E2,5.474354674573E1));
#7975=CARTESIAN_POINT('',(5.278665934009E1,2.153939587964E2,5.476539501579E1));
#7976=CARTESIAN_POINT('',(5.276892679121E1,2.153851873677E2,5.480687971542E1));
#7977=CARTESIAN_POINT('',(5.274960518347E1,2.153781815654E2,5.487035166533E1));
#7978=CARTESIAN_POINT('',(5.273620532856E1,2.153766335971E2,5.493554753847E1));
#7979=CARTESIAN_POINT('',(5.273152604766E1,2.153798846234E2,5.498077495142E1));
#7980=CARTESIAN_POINT('',(5.273026253806E1,2.153829685380E2,5.500542389190E1));
#7981=CARTESIAN_POINT('',(5.274709473556E1,2.155014669646E2,5.469927915689E1));
#7982=CARTESIAN_POINT('',(5.273336007643E1,2.154936674175E2,5.472268710787E1));
#7983=CARTESIAN_POINT('',(5.271068636201E1,2.154821438296E2,5.476787556929E1));
#7984=CARTESIAN_POINT('',(5.268523073829E1,2.154731009840E2,5.483846034557E1));
#7985=CARTESIAN_POINT('',(5.266720991512E1,2.154711341970E2,5.491177451582E1));
#7986=CARTESIAN_POINT('',(5.266084781331E1,2.154751227230E2,5.496288329743E1));
#7987=CARTESIAN_POINT('',(5.265918349121E1,2.154788042498E2,5.499068235424E1));
#7988=CARTESIAN_POINT('',(5.269417038609E1,2.156004635519E2,5.465343210739E1));
#7989=CARTESIAN_POINT('',(5.267767312643E1,2.155905254213E2,5.467807637202E1));
#7990=CARTESIAN_POINT('',(5.265000372757E1,2.155757501104E2,5.472648880774E1));
#7991=CARTESIAN_POINT('',(5.261816291256E1,2.155641084654E2,5.480369472256E1));
#7992=CARTESIAN_POINT('',(5.259501349802E1,2.155615796570E2,5.488470428866E1));
#7993=CARTESIAN_POINT('',(5.258632445532E1,2.155666903443E2,5.494134704761E1));
#7994=CARTESIAN_POINT('',(5.258377153377E1,2.155713685707E2,5.497205016192E1));
#7995=CARTESIAN_POINT('',(5.263789627520E1,2.156954243730E2,5.460494448235E1));
#7996=CARTESIAN_POINT('',(5.261866885286E1,2.156830375958E2,5.463031096565E1));
#7997=CARTESIAN_POINT('',(5.258593698772E1,2.156643540658E2,5.468115427280E1));
#7998=CARTESIAN_POINT('',(5.254727507141E1,2.156493757967E2,5.476415211582E1));
#7999=CARTESIAN_POINT('',(5.251825233101E1,2.156460129537E2,5.485218044927E1));
#8000=CARTESIAN_POINT('',(5.250645874334E1,2.156525428692E2,5.491386670111E1));
#8001=CARTESIAN_POINT('',(5.250248810120E1,2.156585413182E2,5.494714883547E1));
#8002=CARTESIAN_POINT('',(5.257865441975E1,2.157860992042E2,5.455331145090E1));
#8003=CARTESIAN_POINT('',(5.255687972341E1,2.157709587613E2,5.457885607849E1));
#8004=CARTESIAN_POINT('',(5.251913871997E1,2.157477944449E2,5.463122785521E1));
#8005=CARTESIAN_POINT('',(5.247320878862E1,2.157288319104E2,5.471902584551E1));
#8006=CARTESIAN_POINT('',(5.243760104213E1,2.157242474878E2,5.481330888078E1));
#8007=CARTESIAN_POINT('',(5.242215538355E1,2.157321043058E2,5.487958900214E1));
#8008=CARTESIAN_POINT('',(5.241648682941E1,2.157393817500E2,5.491519287688E1));
#8009=CARTESIAN_POINT('',(5.253285431620E1,2.158519233141E2,5.451287345237E1));
#8010=CARTESIAN_POINT('',(5.250929487544E1,2.158345536245E2,5.453826211939E1));
#8011=CARTESIAN_POINT('',(5.246783820377E1,2.158077569587E2,5.459128355914E1));
#8012=CARTESIAN_POINT('',(5.241619868068E1,2.157855164392E2,5.468212975287E1));
#8013=CARTESIAN_POINT('',(5.237528328744E1,2.157798018125E2,5.478070271969E1));
#8014=CARTESIAN_POINT('',(5.235688964175E1,2.157885014775E2,5.485023249664E1));
#8015=CARTESIAN_POINT('',(5.234988159569E1,2.157966165462E2,5.488748069068E1));
#8016=CARTESIAN_POINT('',(5.249394685894E1,2.159043661311E2,5.447799724348E1));
#8017=CARTESIAN_POINT('',(5.246911635257E1,2.158850169995E2,5.450310167923E1));
#8018=CARTESIAN_POINT('',(5.242482883403E1,2.158549425783E2,5.455635381602E1));
#8019=CARTESIAN_POINT('',(5.236836323175E1,2.158297414428E2,5.464923127736E1));
#8020=CARTESIAN_POINT('',(5.232252256251E1,2.158231007960E2,5.475079666068E1));
#8021=CARTESIAN_POINT('',(5.230100274300E1,2.158327405339E2,5.482254653760E1));
#8022=CARTESIAN_POINT('',(5.229242187575E1,2.158417466884E2,5.486086422615E1));
#8023=CARTESIAN_POINT('',(5.246238030947E1,2.159453498158E2,5.444894996905E1));
#8024=CARTESIAN_POINT('',(5.243665720596E1,2.159243103716E2,5.447373170589E1));
#8025=CARTESIAN_POINT('',(5.239023619812E1,2.158913990885E2,5.452698966382E1));
#8026=CARTESIAN_POINT('',(5.232989266814E1,2.158635450071E2,5.462127453380E1));
#8027=CARTESIAN_POINT('',(5.227998208854E1,2.158559428440E2,5.472506167970E1));
#8028=CARTESIAN_POINT('',(5.225585262743E1,2.158662265497E2,5.479849249193E1));
#8029=CARTESIAN_POINT('',(5.224596864189E1,2.158758861703E2,5.483761701449E1));
#8030=CARTESIAN_POINT('',(5.242968274767E1,2.159855145826E2,5.441934412848E1));
#8031=CARTESIAN_POINT('',(5.240319370339E1,2.159627858531E2,5.444375989222E1));
#8032=CARTESIAN_POINT('',(5.235485473785E1,2.159270100838E2,5.449692848650E1));
#8033=CARTESIAN_POINT('',(5.229092065506E1,2.158963688645E2,5.459248475449E1));
#8034=CARTESIAN_POINT('',(5.223722989787E1,2.158875781008E2,5.469838334335E1));
#8035=CARTESIAN_POINT('',(5.221071461267E1,2.158982692890E2,5.477344903342E1));
#8036=CARTESIAN_POINT('',(5.219966433533E1,2.159084250375E2,5.481336676698E1));
#8037=CARTESIAN_POINT('',(5.240408596969E1,2.160211625629E2,5.439092571221E1));
#8038=CARTESIAN_POINT('',(5.237687236343E1,2.159965323038E2,5.441486101946E1));
#8039=CARTESIAN_POINT('',(5.232645910937E1,2.159575048939E2,5.446772007599E1));
#8040=CARTESIAN_POINT('',(5.225826306396E1,2.159237104447E2,5.456429773279E1));
#8041=CARTESIAN_POINT('',(5.219993382504E1,2.159136365072E2,5.467213656557E1));
#8042=CARTESIAN_POINT('',(5.217047379772E1,2.159248749990E2,5.474875970192E1));
#8043=CARTESIAN_POINT('',(5.215800902678E1,2.159356394279E2,5.478943328559E1));
#8044=CARTESIAN_POINT('',(5.237976248398E1,2.160497325054E2,5.436697384655E1));
#8045=CARTESIAN_POINT('',(5.235216798694E1,2.160236813969E2,5.439049026522E1));
#8046=CARTESIAN_POINT('',(5.230050591337E1,2.159822053579E2,5.444300378716E1));
#8047=CARTESIAN_POINT('',(5.222945684850E1,2.159459883704E2,5.454016009377E1));
#8048=CARTESIAN_POINT('',(5.216783315585E1,2.159348602500E2,5.464923225424E1));
#8049=CARTESIAN_POINT('',(5.213614314961E1,2.159464114471E2,5.472682978764E1));
#8050=CARTESIAN_POINT('',(5.212255844261E1,2.159575625912E2,5.476794876165E1));
#8051=CARTESIAN_POINT('',(5.236091420502E1,2.160713611465E2,5.434854319710E1));
#8052=CARTESIAN_POINT('',(5.233303674566E1,2.160444999563E2,5.437196131360E1));
#8053=CARTESIAN_POINT('',(5.228043624967E1,2.160014152973E2,5.442438833792E1));
#8054=CARTESIAN_POINT('',(5.220721677478E1,2.159632480796E2,5.452179808418E1));
#8055=CARTESIAN_POINT('',(5.214306441363E1,2.159510070720E2,5.463145066424E1));
#8056=CARTESIAN_POINT('',(5.210965996857E1,2.159626600438E2,5.470962361280E1));
#8057=CARTESIAN_POINT('',(5.209522701710E1,2.159741421395E2,5.475108065849E1));
#8058=CARTESIAN_POINT('',(5.234451012726E1,2.160870320029E2,5.433484811969E1));
#8059=CARTESIAN_POINT('',(5.231650867718E1,2.160595803803E2,5.435803753413E1));
#8060=CARTESIAN_POINT('',(5.226346372643E1,2.160154124375E2,5.441020787429E1));
#8061=CARTESIAN_POINT('',(5.218907165187E1,2.159760633347E2,5.450763897058E1));
#8062=CARTESIAN_POINT('',(5.212339631280E1,2.159632298231E2,5.461753352328E1));
#8063=CARTESIAN_POINT('',(5.208879067724E1,2.159749908393E2,5.469589046512E1));
#8064=CARTESIAN_POINT('',(5.207368536879E1,2.159866644930E2,5.473740299227E1));
#8065=CARTESIAN_POINT('',(5.233004316457E1,2.160966669832E2,5.432632897507E1));
#8066=CARTESIAN_POINT('',(5.230204957032E1,2.160684584984E2,5.434869009266E1));
#8067=CARTESIAN_POINT('',(5.224907639747E1,2.160234305483E2,5.439999324566E1));
#8068=CARTESIAN_POINT('',(5.217469063420E1,2.159839990748E2,5.449741986254E1));
#8069=CARTESIAN_POINT('',(5.210876292242E1,2.159716913628E2,5.460775876838E1));
#8070=CARTESIAN_POINT('',(5.207364389474E1,2.159837435440E2,5.468613194699E1));
#8071=CARTESIAN_POINT('',(5.205809809344E1,2.159953379216E2,5.472737284626E1));
#8072=B_SPLINE_SURFACE_WITH_KNOTS('',3,3,((#7946,#7947,#7948,#7949,#7950,#7951,
#7952),(#7953,#7954,#7955,#7956,#7957,#7958,#7959),(#7960,#7961,#7962,#7963,
#7964,#7965,#7966),(#7967,#7968,#7969,#7970,#7971,#7972,#7973),(#7974,#7975,
#7976,#7977,#7978,#7979,#7980),(#7981,#7982,#7983,#7984,#7985,#7986,#7987),(
#7988,#7989,#7990,#7991,#7992,#7993,#7994),(#7995,#7996,#7997,#7998,#7999,#8000,
#8001),(#8002,#8003,#8004,#8005,#8006,#8007,#8008),(#8009,#8010,#8011,#8012,
#8013,#8014,#8015),(#8016,#8017,#8018,#8019,#8020,#8021,#8022),(#8023,#8024,
#8025,#8026,#8027,#8028,#8029),(#8030,#8031,#8032,#8033,#8034,#8035,#8036),(
#8037,#8038,#8039,#8040,#8041,#8042,#8043),(#8044,#8045,#8046,#8047,#8048,#8049,
#8050),(#8051,#8052,#8053,#8054,#8055,#8056,#8057),(#8058,#8059,#8060,#8061,
#8062,#8063,#8064),(#8065,#8066,#8067,#8068,#8069,#8070,#8071)),.UNSPECIFIED.,
.F.,.F.,.F.,(4,1,1,1,1,1,1,1,1,1,1,1,1,1,1,4),(4,1,1,1,4),(3.411721246911E-1,
5.055020877642E-1,6.854496869241E-1,8.653972860841E-1,9.553710856641E-1,
1.045344885244E0,1.225292484404E0,1.315266283984E0,1.405240083564E0,
1.495213883144E0,1.540200782934E0,1.585187682724E0,1.675161482304E0,
1.697654932199E0,1.720148382094E0,1.778840722410E0),(-5.883138290295E-2,2.5E-1,
5.E-1,7.5E-1,1.059387171822E0),.UNSPECIFIED.);
#8074=ORIENTED_EDGE('',*,*,#8073,.F.);
#8076=ORIENTED_EDGE('',*,*,#8075,.T.);
#8077=ORIENTED_EDGE('',*,*,#7935,.T.);
#8078=ORIENTED_EDGE('',*,*,#7924,.T.);
#8079=EDGE_LOOP('',(#8074,#8076,#8077,#8078));
#8080=FACE_OUTER_BOUND('',#8079,.F.);
#8081=ADVANCED_FACE('',(#8080),#8072,.T.);
#8082=CARTESIAN_POINT('',(5.236184393903E1,2.181912881883E2,5.117922209326E1));
#8083=CARTESIAN_POINT('',(5.235361340979E1,2.182386040972E2,5.120886871146E1));
#8084=CARTESIAN_POINT('',(5.231769429840E1,2.183338177430E2,5.127174149930E1));
#8085=CARTESIAN_POINT('',(5.219909966303E1,2.184520715209E2,5.136264634779E1));
#8086=CARTESIAN_POINT('',(5.203491493516E1,2.185191465068E2,5.143148116479E1));
#8087=CARTESIAN_POINT('',(5.191823520925E1,2.185237082985E2,5.145526315999E1));
#8088=CARTESIAN_POINT('',(5.186272712171E1,2.185179562473E2,5.146202582850E1));
#8089=CARTESIAN_POINT('',(5.241461263938E1,2.179156074421E2,5.159080718258E1));
#8090=CARTESIAN_POINT('',(5.240652325016E1,2.179622026977E2,5.162185461694E1));
#8091=CARTESIAN_POINT('',(5.237083542772E1,2.180558528098E2,5.168772072079E1));
#8092=CARTESIAN_POINT('',(5.225228591845E1,2.181715952732E2,5.178292012427E1));
#8093=CARTESIAN_POINT('',(5.208789837043E1,2.182363815531E2,5.185484697416E1));
#8094=CARTESIAN_POINT('',(5.197106720814E1,2.182398375246E2,5.187951969355E1));
#8095=CARTESIAN_POINT('',(5.191550767730E1,2.182336681372E2,5.188646755497E1));
#8096=CARTESIAN_POINT('',(5.250746657127E1,2.174305084782E2,5.224824382303E1));
#8097=CARTESIAN_POINT('',(5.249963524138E1,2.174757851424E2,5.228156089799E1));
#8098=CARTESIAN_POINT('',(5.246437490729E1,2.175665726688E2,5.235230493714E1));
#8099=CARTESIAN_POINT('',(5.234592313382E1,2.176777855832E2,5.245449651856E1));
#8100=CARTESIAN_POINT('',(5.218117069308E1,2.177385807737E2,5.253134619491E1));
#8101=CARTESIAN_POINT('',(5.206404777961E1,2.177402374399E2,5.255728671460E1));
#8102=CARTESIAN_POINT('',(5.200838091061E1,2.177334327659E2,5.256442148161E1));
#8103=CARTESIAN_POINT('',(5.264989044124E1,2.166864401078E2,5.311195946351E1));
#8104=CARTESIAN_POINT('',(5.264248914155E1,2.167295158965E2,5.314826910178E1));
#8105=CARTESIAN_POINT('',(5.260795579271E1,2.168155327898E2,5.322556799782E1));
#8106=CARTESIAN_POINT('',(5.248971447119E1,2.169194425162E2,5.333726394343E1));
#8107=CARTESIAN_POINT('',(5.232437136536E1,2.169742566211E2,5.342060797465E1));
#8108=CARTESIAN_POINT('',(5.220671504385E1,2.169736416218E2,5.344787711346E1));
#8109=CARTESIAN_POINT('',(5.215082782241E1,2.169661856390E2,5.345500304727E1));
#8110=CARTESIAN_POINT('',(5.280232318346E1,2.158900821899E2,5.393299725149E1));
#8111=CARTESIAN_POINT('',(5.279536418526E1,2.159308955788E2,5.397229645281E1));
#8112=CARTESIAN_POINT('',(5.276156690925E1,2.160120400966E2,5.405603124236E1));
#8113=CARTESIAN_POINT('',(5.264349660373E1,2.161084065444E2,5.417679693455E1));
#8114=CARTESIAN_POINT('',(5.247752123104E1,2.161567865379E2,5.426613034267E1));
#8115=CARTESIAN_POINT('',(5.235935619097E1,2.161534302202E2,5.429451149029E1));
#8116=CARTESIAN_POINT('',(5.230328015779E1,2.161450505730E2,5.430158293123E1));
#8117=CARTESIAN_POINT('',(5.292005133952E1,2.152750322685E2,5.447778885937E1));
#8118=CARTESIAN_POINT('',(5.291344448255E1,2.153140429467E2,5.451923251192E1));
#8119=CARTESIAN_POINT('',(5.288023014717E1,2.153913565145E2,5.460751180330E1));
#8120=CARTESIAN_POINT('',(5.276228581482E1,2.154819079112E2,5.473444674746E1));
#8121=CARTESIAN_POINT('',(5.259580179614E1,2.155253930377E2,5.482757727089E1));
#8122=CARTESIAN_POINT('',(5.247724071885E1,2.155199599350E2,5.485642374131E1));
#8123=CARTESIAN_POINT('',(5.242102264309E1,2.155108719593E2,5.486331844843E1));
#8124=CARTESIAN_POINT('',(5.299481022081E1,2.148844677263E2,5.479283663074E1));
#8125=CARTESIAN_POINT('',(5.298843947697E1,2.149222682682E2,5.483559048099E1));
#8126=CARTESIAN_POINT('',(5.295561687949E1,2.149970386506E2,5.492662383806E1));
#8127=CARTESIAN_POINT('',(5.283776183023E1,2.150838370925E2,5.505720764987E1));
#8128=CARTESIAN_POINT('',(5.267093967543E1,2.151242787829E2,5.515246067682E1));
#8129=CARTESIAN_POINT('',(5.255210919069E1,2.151176332251E2,5.518144513785E1));
#8130=CARTESIAN_POINT('',(5.249579206370E1,2.151081540243E2,5.518816604398E1));
#8131=B_SPLINE_SURFACE_WITH_KNOTS('',3,3,((#8082,#8083,#8084,#8085,#8086,#8087,
#8088),(#8089,#8090,#8091,#8092,#8093,#8094,#8095),(#8096,#8097,#8098,#8099,
#8100,#8101,#8102),(#8103,#8104,#8105,#8106,#8107,#8108,#8109),(#8110,#8111,
#8112,#8113,#8114,#8115,#8116),(#8117,#8118,#8119,#8120,#8121,#8122,#8123),(
#8124,#8125,#8126,#8127,#8128,#8129,#8130)),.UNSPECIFIED.,.F.,.F.,.F.,(4,1,1,1,
4),(4,1,1,1,4),(6.403988668356E0,7.921915400028E0,8.902691929102E0,
9.883468458176E0,1.143181684504E1),(-1.087653791261E-2,2.5E-1,5.E-1,7.5E-1,
1.010853626001E0),.UNSPECIFIED.);
#8132=ORIENTED_EDGE('',*,*,#8073,.T.);
#8133=ORIENTED_EDGE('',*,*,#7799,.F.);
#8134=ORIENTED_EDGE('',*,*,#7722,.F.);
#8136=ORIENTED_EDGE('',*,*,#8135,.T.);
#8138=ORIENTED_EDGE('',*,*,#8137,.F.);
#8139=EDGE_LOOP('',(#8132,#8133,#8134,#8136,#8138));
#8140=FACE_OUTER_BOUND('',#8139,.F.);
#8141=ADVANCED_FACE('',(#8140),#8131,.F.);
#8142=CARTESIAN_POINT('',(5.281119736690E1,2.15844E2,5.558330584017E1));
#8143=DIRECTION('',(9.821690282225E-1,1.880000000011E-1,0.E0));
#8144=DIRECTION('',(-1.880000000011E-1,9.821690282225E-1,0.E0));
#8145=AXIS2_PLACEMENT_3D('',#8142,#8143,#8144);
#8146=PLANE('',#8145);
#8148=ORIENTED_EDGE('',*,*,#8147,.F.);
#8149=ORIENTED_EDGE('',*,*,#8135,.F.);
#8150=ORIENTED_EDGE('',*,*,#7720,.T.);
#8151=EDGE_LOOP('',(#8148,#8149,#8150));
#8152=FACE_OUTER_BOUND('',#8151,.F.);
#8153=ADVANCED_FACE('',(#8152),#8146,.T.);
#8154=CARTESIAN_POINT('',(4.004300000001E1,2.134E2,-4.634775240272E1));
#8155=DIRECTION('',(0.E0,0.E0,1.E0));
#8156=DIRECTION('',(0.E0,-1.E0,0.E0));
#8157=AXIS2_PLACEMENT_3D('',#8154,#8155,#8156);
#8158=CYLINDRICAL_SURFACE('',#8157,1.3E1);
#8159=ORIENTED_EDGE('',*,*,#8147,.T.);
#8160=ORIENTED_EDGE('',*,*,#7718,.F.);
#8162=ORIENTED_EDGE('',*,*,#8161,.F.);
#8164=ORIENTED_EDGE('',*,*,#8163,.F.);
#8166=ORIENTED_EDGE('',*,*,#8165,.T.);
#8168=ORIENTED_EDGE('',*,*,#8167,.F.);
#8169=ORIENTED_EDGE('',*,*,#7937,.F.);
#8170=ORIENTED_EDGE('',*,*,#8075,.F.);
#8171=ORIENTED_EDGE('',*,*,#8137,.T.);
#8172=EDGE_LOOP('',(#8159,#8160,#8162,#8164,#8166,#8168,#8169,#8170,#8171));
#8173=FACE_OUTER_BOUND('',#8172,.F.);
#8174=ADVANCED_FACE('',(#8173),#8158,.T.);
#8175=CARTESIAN_POINT('',(5.304300000001E1,2.028357454057E2,2.334987570303E1));
#8176=DIRECTION('',(1.E0,0.E0,0.E0));
#8177=DIRECTION('',(0.E0,1.E0,0.E0));
#8178=AXIS2_PLACEMENT_3D('',#8175,#8176,#8177);
#8179=PLANE('',#8178);
#8181=ORIENTED_EDGE('',*,*,#8180,.T.);
#8183=ORIENTED_EDGE('',*,*,#8182,.T.);
#8185=ORIENTED_EDGE('',*,*,#8184,.F.);
#8187=ORIENTED_EDGE('',*,*,#8186,.T.);
#8189=ORIENTED_EDGE('',*,*,#8188,.F.);
#8190=ORIENTED_EDGE('',*,*,#8161,.T.);
#8191=ORIENTED_EDGE('',*,*,#7716,.F.);
#8193=ORIENTED_EDGE('',*,*,#8192,.T.);
#8194=EDGE_LOOP('',(#8181,#8183,#8185,#8187,#8189,#8190,#8191,#8193));
#8195=FACE_OUTER_BOUND('',#8194,.F.);
#8197=ORIENTED_EDGE('',*,*,#8196,.F.);
#8199=ORIENTED_EDGE('',*,*,#8198,.F.);
#8201=ORIENTED_EDGE('',*,*,#8200,.F.);
#8203=ORIENTED_EDGE('',*,*,#8202,.F.);
#8205=ORIENTED_EDGE('',*,*,#8204,.F.);
#8207=ORIENTED_EDGE('',*,*,#8206,.F.);
#8209=ORIENTED_EDGE('',*,*,#8208,.F.);
#8211=ORIENTED_EDGE('',*,*,#8210,.F.);
#8213=ORIENTED_EDGE('',*,*,#8212,.F.);
#8215=ORIENTED_EDGE('',*,*,#8214,.F.);
#8216=EDGE_LOOP('',(#8197,#8199,#8201,#8203,#8205,#8207,#8209,#8211,#8213,
#8215));
#8217=FACE_BOUND('',#8216,.F.);
#8218=ADVANCED_FACE('',(#8195,#8217),#8179,.T.);
#8219=CARTESIAN_POINT('',(5.254300000001E1,1.954E2,7.700250574417E1));
#8220=DIRECTION('',(-1.E0,0.E0,0.E0));
#8221=DIRECTION('',(0.E0,-1.E0,0.E0));
#8222=AXIS2_PLACEMENT_3D('',#8219,#8220,#8221);
#8223=TOROIDAL_SURFACE('',#8222,5.E0,5.E-1);
#8224=ORIENTED_EDGE('',*,*,#8196,.T.);
#8226=ORIENTED_EDGE('',*,*,#8225,.T.);
#8228=ORIENTED_EDGE('',*,*,#8227,.F.);
#8230=ORIENTED_EDGE('',*,*,#8229,.F.);
#8231=EDGE_LOOP('',(#8224,#8226,#8228,#8230));
#8232=FACE_OUTER_BOUND('',#8231,.F.);
#8233=ADVANCED_FACE('',(#8232),#8223,.T.);
#8234=CARTESIAN_POINT('',(5.254300000001E1,1.976139776972E2,7.971328104953E1));
#8235=DIRECTION('',(-1.E0,0.E0,0.E0));
#8236=DIRECTION('',(0.E0,-1.E0,0.E0));
#8237=AXIS2_PLACEMENT_3D('',#8234,#8235,#8236);
#8238=TOROIDAL_SURFACE('',#8237,1.5E0,5.E-1);
#8240=ORIENTED_EDGE('',*,*,#8239,.F.);
#8241=ORIENTED_EDGE('',*,*,#8225,.F.);
#8242=ORIENTED_EDGE('',*,*,#8214,.T.);
#8244=ORIENTED_EDGE('',*,*,#8243,.T.);
#8245=EDGE_LOOP('',(#8240,#8241,#8242,#8244));
#8246=FACE_OUTER_BOUND('',#8245,.F.);
#8247=ADVANCED_FACE('',(#8246),#8238,.T.);
#8248=CARTESIAN_POINT('',(4.884300000001E1,1.976139776972E2,7.971328104953E1));
#8249=DIRECTION('',(-1.E0,0.E0,0.E0));
#8250=DIRECTION('',(0.E0,-1.E0,0.E0));
#8251=AXIS2_PLACEMENT_3D('',#8248,#8249,#8250);
#8252=CYLINDRICAL_SURFACE('',#8251,1.E0);
#8253=ORIENTED_EDGE('',*,*,#8239,.T.);
#8255=ORIENTED_EDGE('',*,*,#8254,.F.);
#8257=ORIENTED_EDGE('',*,*,#8256,.F.);
#8259=ORIENTED_EDGE('',*,*,#8258,.T.);
#8260=EDGE_LOOP('',(#8253,#8255,#8257,#8259));
#8261=FACE_OUTER_BOUND('',#8260,.F.);
#8262=ADVANCED_FACE('',(#8261),#8252,.F.);
#8263=CARTESIAN_POINT('',(5.304300000001E1,1.989955020943E2,7.882524124049E1));
#8264=DIRECTION('',(0.E0,-9.411308384958E-1,-3.380425192668E-1));
#8265=DIRECTION('',(0.E0,-3.380425192668E-1,9.411308384958E-1));
#8266=AXIS2_PLACEMENT_3D('',#8263,#8264,#8265);
#8267=PLANE('',#8266);
#8269=ORIENTED_EDGE('',*,*,#8268,.T.);
#8271=ORIENTED_EDGE('',*,*,#8270,.F.);
#8273=ORIENTED_EDGE('',*,*,#8272,.T.);
#8274=ORIENTED_EDGE('',*,*,#8254,.T.);
#8275=EDGE_LOOP('',(#8269,#8271,#8273,#8274));
#8276=FACE_OUTER_BOUND('',#8275,.F.);
#8277=ADVANCED_FACE('',(#8276),#8267,.T.);
#8278=CARTESIAN_POINT('',(5.254300000001E1,2.444873639738E2,-4.634775240272E1));
#8279=DIRECTION('',(0.E0,3.380425192668E-1,-9.411308384958E-1));
#8280=DIRECTION('',(0.E0,9.411308384958E-1,3.380425192668E-1));
#8281=AXIS2_PLACEMENT_3D('',#8278,#8279,#8280);
#8282=CYLINDRICAL_SURFACE('',#8281,5.E-1);
#8283=ORIENTED_EDGE('',*,*,#8212,.T.);
#8285=ORIENTED_EDGE('',*,*,#8284,.T.);
#8286=ORIENTED_EDGE('',*,*,#8268,.F.);
#8287=ORIENTED_EDGE('',*,*,#8243,.F.);
#8288=EDGE_LOOP('',(#8283,#8285,#8286,#8287));
#8289=FACE_OUTER_BOUND('',#8288,.F.);
#8290=ADVANCED_FACE('',(#8289),#8282,.T.);
#8291=CARTESIAN_POINT('',(5.254300000001E1,1.988328073337E2,7.631998555441E1));
#8292=DIRECTION('',(-1.E0,0.E0,0.E0));
#8293=DIRECTION('',(0.E0,-1.E0,0.E0));
#8294=AXIS2_PLACEMENT_3D('',#8291,#8292,#8293);
#8295=TOROIDAL_SURFACE('',#8294,1.5E0,5.E-1);
#8297=ORIENTED_EDGE('',*,*,#8296,.F.);
#8298=ORIENTED_EDGE('',*,*,#8284,.F.);
#8299=ORIENTED_EDGE('',*,*,#8210,.T.);
#8301=ORIENTED_EDGE('',*,*,#8300,.T.);
#8302=EDGE_LOOP('',(#8297,#8298,#8299,#8301));
#8303=FACE_OUTER_BOUND('',#8302,.F.);
#8304=ADVANCED_FACE('',(#8303),#8295,.T.);
#8305=CARTESIAN_POINT('',(4.884300000001E1,1.988328073337E2,7.631998555441E1));
#8306=DIRECTION('',(-1.E0,0.E0,0.E0));
#8307=DIRECTION('',(0.E0,-1.E0,0.E0));
#8308=AXIS2_PLACEMENT_3D('',#8305,#8306,#8307);
#8309=CYLINDRICAL_SURFACE('',#8308,1.E0);
#8310=ORIENTED_EDGE('',*,*,#8296,.T.);
#8312=ORIENTED_EDGE('',*,*,#8311,.F.);
#8314=ORIENTED_EDGE('',*,*,#8313,.F.);
#8315=ORIENTED_EDGE('',*,*,#8270,.T.);
#8316=EDGE_LOOP('',(#8310,#8312,#8314,#8315));
#8317=FACE_OUTER_BOUND('',#8316,.F.);
#8318=ADVANCED_FACE('',(#8317),#8309,.F.);
#8319=CARTESIAN_POINT('',(4.884300000001E1,1.954E2,7.700250574417E1));
#8320=DIRECTION('',(-1.E0,0.E0,0.E0));
#8321=DIRECTION('',(0.E0,-1.E0,0.E0));
#8322=AXIS2_PLACEMENT_3D('',#8319,#8320,#8321);
#8323=CYLINDRICAL_SURFACE('',#8322,4.5E0);
#8324=ORIENTED_EDGE('',*,*,#8311,.T.);
#8326=ORIENTED_EDGE('',*,*,#8325,.T.);
#8328=ORIENTED_EDGE('',*,*,#8327,.F.);
#8330=ORIENTED_EDGE('',*,*,#8329,.F.);
#8331=EDGE_LOOP('',(#8324,#8326,#8328,#8330));
#8332=FACE_OUTER_BOUND('',#8331,.F.);
#8333=ADVANCED_FACE('',(#8332),#8323,.F.);
#8334=CARTESIAN_POINT('',(5.254300000001E1,1.954E2,7.700250574417E1));
#8335=DIRECTION('',(-1.E0,0.E0,0.E0));
#8336=DIRECTION('',(0.E0,-1.E0,0.E0));
#8337=AXIS2_PLACEMENT_3D('',#8334,#8335,#8336);
#8338=TOROIDAL_SURFACE('',#8337,5.E0,5.E-1);
#8339=ORIENTED_EDGE('',*,*,#8208,.T.);
#8341=ORIENTED_EDGE('',*,*,#8340,.T.);
#8342=ORIENTED_EDGE('',*,*,#8325,.F.);
#8343=ORIENTED_EDGE('',*,*,#8300,.F.);
#8344=EDGE_LOOP('',(#8339,#8341,#8342,#8343));
#8345=FACE_OUTER_BOUND('',#8344,.F.);
#8346=ADVANCED_FACE('',(#8345),#8338,.T.);
#8347=CARTESIAN_POINT('',(5.254300000001E1,1.931860223028E2,7.429173043881E1));
#8348=DIRECTION('',(-1.E0,0.E0,0.E0));
#8349=DIRECTION('',(0.E0,-1.E0,0.E0));
#8350=AXIS2_PLACEMENT_3D('',#8347,#8348,#8349);
#8351=TOROIDAL_SURFACE('',#8350,1.5E0,5.E-1);
#8353=ORIENTED_EDGE('',*,*,#8352,.F.);
#8354=ORIENTED_EDGE('',*,*,#8340,.F.);
#8355=ORIENTED_EDGE('',*,*,#8206,.T.);
#8357=ORIENTED_EDGE('',*,*,#8356,.T.);
#8358=EDGE_LOOP('',(#8353,#8354,#8355,#8357));
#8359=FACE_OUTER_BOUND('',#8358,.F.);
#8360=ADVANCED_FACE('',(#8359),#8351,.T.);
#8361=CARTESIAN_POINT('',(4.884300000001E1,1.931860223028E2,7.429173043881E1));
#8362=DIRECTION('',(-1.E0,0.E0,0.E0));
#8363=DIRECTION('',(0.E0,-1.E0,0.E0));
#8364=AXIS2_PLACEMENT_3D('',#8361,#8362,#8363);
#8365=CYLINDRICAL_SURFACE('',#8364,1.E0);
#8366=ORIENTED_EDGE('',*,*,#8352,.T.);
#8368=ORIENTED_EDGE('',*,*,#8367,.F.);
#8370=ORIENTED_EDGE('',*,*,#8369,.F.);
#8371=ORIENTED_EDGE('',*,*,#8327,.T.);
#8372=EDGE_LOOP('',(#8366,#8368,#8370,#8371));
#8373=FACE_OUTER_BOUND('',#8372,.F.);
#8374=ADVANCED_FACE('',(#8373),#8365,.F.);
#8375=CARTESIAN_POINT('',(5.304300000001E1,1.918044979057E2,7.517977024786E1));
#8376=DIRECTION('',(0.E0,9.411308384958E-1,3.380425192668E-1));
#8377=DIRECTION('',(0.E0,3.380425192668E-1,-9.411308384958E-1));
#8378=AXIS2_PLACEMENT_3D('',#8375,#8376,#8377);
#8379=PLANE('',#8378);
#8381=ORIENTED_EDGE('',*,*,#8380,.F.);
#8383=ORIENTED_EDGE('',*,*,#8382,.F.);
#8384=ORIENTED_EDGE('',*,*,#8367,.T.);
#8386=ORIENTED_EDGE('',*,*,#8385,.T.);
#8387=EDGE_LOOP('',(#8381,#8383,#8384,#8386));
#8388=FACE_OUTER_BOUND('',#8387,.F.);
#8389=ADVANCED_FACE('',(#8388),#8379,.T.);
#8390=CARTESIAN_POINT('',(-4.19842E2,1.920228170750E2,7.753016421251E1));
#8391=DIRECTION('',(-1.E0,0.E0,0.E0));
#8392=DIRECTION('',(0.E0,-1.E0,0.E0));
#8393=AXIS2_PLACEMENT_3D('',#8390,#8391,#8392);
#8394=CYLINDRICAL_SURFACE('',#8393,1.E0);
#8396=ORIENTED_EDGE('',*,*,#8395,.T.);
#8398=ORIENTED_EDGE('',*,*,#8397,.F.);
#8400=ORIENTED_EDGE('',*,*,#8399,.F.);
#8401=ORIENTED_EDGE('',*,*,#8380,.T.);
#8402=EDGE_LOOP('',(#8396,#8398,#8400,#8401));
#8403=FACE_OUTER_BOUND('',#8402,.F.);
#8404=ADVANCED_FACE('',(#8403),#8394,.F.);
#8405=CARTESIAN_POINT('',(5.254300000001E1,1.920228170750E2,7.753016421251E1));
#8406=DIRECTION('',(-1.E0,0.E0,0.E0));
#8407=DIRECTION('',(0.E0,-1.E0,0.E0));
#8408=AXIS2_PLACEMENT_3D('',#8405,#8406,#8407);
#8409=TOROIDAL_SURFACE('',#8408,1.5E0,5.E-1);
#8410=ORIENTED_EDGE('',*,*,#8395,.F.);
#8412=ORIENTED_EDGE('',*,*,#8411,.F.);
#8413=ORIENTED_EDGE('',*,*,#8202,.T.);
#8415=ORIENTED_EDGE('',*,*,#8414,.T.);
#8416=EDGE_LOOP('',(#8410,#8412,#8413,#8415));
#8417=FACE_OUTER_BOUND('',#8416,.F.);
#8418=ADVANCED_FACE('',(#8417),#8409,.T.);
#8419=CARTESIAN_POINT('',(5.254300000001E1,2.349244003221E2,-4.634775240272E1));
#8420=DIRECTION('',(0.E0,-3.380425192668E-1,9.411308384958E-1));
#8421=DIRECTION('',(0.E0,-9.411308384958E-1,-3.380425192668E-1));
#8422=AXIS2_PLACEMENT_3D('',#8419,#8420,#8421);
#8423=CYLINDRICAL_SURFACE('',#8422,5.E-1);
#8424=ORIENTED_EDGE('',*,*,#8204,.T.);
#8425=ORIENTED_EDGE('',*,*,#8411,.T.);
#8426=ORIENTED_EDGE('',*,*,#8385,.F.);
#8427=ORIENTED_EDGE('',*,*,#8356,.F.);
#8428=EDGE_LOOP('',(#8424,#8425,#8426,#8427));
#8429=FACE_OUTER_BOUND('',#8428,.F.);
#8430=ADVANCED_FACE('',(#8429),#8423,.T.);
#8431=CARTESIAN_POINT('',(5.254300000001E1,8.611879199816E1,-4.634775240272E1));
#8432=DIRECTION('',(0.E0,6.427876096865E-1,7.660444431190E-1));
#8433=DIRECTION('',(0.E0,-7.660444431190E-1,6.427876096865E-1));
#8434=AXIS2_PLACEMENT_3D('',#8431,#8432,#8433);
#8435=CYLINDRICAL_SURFACE('',#8434,5.E-1);
#8436=ORIENTED_EDGE('',*,*,#8200,.T.);
#8438=ORIENTED_EDGE('',*,*,#8437,.T.);
#8440=ORIENTED_EDGE('',*,*,#8439,.F.);
#8441=ORIENTED_EDGE('',*,*,#8414,.F.);
#8442=EDGE_LOOP('',(#8436,#8438,#8440,#8441));
#8443=FACE_OUTER_BOUND('',#8442,.F.);
#8444=ADVANCED_FACE('',(#8443),#8435,.T.);
#8445=CARTESIAN_POINT('',(5.254300000001E1,1.943926348234E2,8.035440302795E1));
#8446=DIRECTION('',(-1.E0,0.E0,0.E0));
#8447=DIRECTION('',(0.E0,-1.E0,0.E0));
#8448=AXIS2_PLACEMENT_3D('',#8445,#8446,#8447);
#8449=TOROIDAL_SURFACE('',#8448,1.5E0,5.E-1);
#8451=ORIENTED_EDGE('',*,*,#8450,.F.);
#8452=ORIENTED_EDGE('',*,*,#8437,.F.);
#8453=ORIENTED_EDGE('',*,*,#8198,.T.);
#8454=ORIENTED_EDGE('',*,*,#8229,.T.);
#8455=EDGE_LOOP('',(#8451,#8452,#8453,#8454));
#8456=FACE_OUTER_BOUND('',#8455,.F.);
#8457=ADVANCED_FACE('',(#8456),#8449,.T.);
#8458=CARTESIAN_POINT('',(4.884300000001E1,1.943926348234E2,8.035440302795E1));
#8459=DIRECTION('',(-1.E0,0.E0,0.E0));
#8460=DIRECTION('',(0.E0,-1.E0,0.E0));
#8461=AXIS2_PLACEMENT_3D('',#8458,#8459,#8460);
#8462=CYLINDRICAL_SURFACE('',#8461,1.E0);
#8463=ORIENTED_EDGE('',*,*,#8450,.T.);
#8465=ORIENTED_EDGE('',*,*,#8464,.T.);
#8467=ORIENTED_EDGE('',*,*,#8466,.F.);
#8469=ORIENTED_EDGE('',*,*,#8468,.F.);
#8470=EDGE_LOOP('',(#8463,#8465,#8467,#8469));
#8471=FACE_OUTER_BOUND('',#8470,.F.);
#8472=ADVANCED_FACE('',(#8471),#8462,.F.);
#8473=CARTESIAN_POINT('',(4.884300000001E1,1.954E2,7.700250574417E1));
#8474=DIRECTION('',(-1.E0,0.E0,0.E0));
#8475=DIRECTION('',(0.E0,-1.E0,0.E0));
#8476=AXIS2_PLACEMENT_3D('',#8473,#8474,#8475);
#8477=CYLINDRICAL_SURFACE('',#8476,4.5E0);
#8478=ORIENTED_EDGE('',*,*,#8258,.F.);
#8480=ORIENTED_EDGE('',*,*,#8479,.F.);
#8481=ORIENTED_EDGE('',*,*,#8464,.F.);
#8482=ORIENTED_EDGE('',*,*,#8227,.T.);
#8483=EDGE_LOOP('',(#8478,#8480,#8481,#8482));
#8484=FACE_OUTER_BOUND('',#8483,.F.);
#8485=ADVANCED_FACE('',(#8484),#8477,.F.);
#8486=CARTESIAN_POINT('',(4.884300000001E1,1.932013174615E2,6.727917655065E1));
#8487=DIRECTION('',(1.E0,0.E0,0.E0));
#8488=DIRECTION('',(0.E0,1.E0,0.E0));
#8489=AXIS2_PLACEMENT_3D('',#8486,#8487,#8488);
#8490=PLANE('',#8489);
#8491=ORIENTED_EDGE('',*,*,#8382,.T.);
#8492=ORIENTED_EDGE('',*,*,#8399,.T.);
#8494=ORIENTED_EDGE('',*,*,#8493,.F.);
#8495=ORIENTED_EDGE('',*,*,#8466,.T.);
#8496=ORIENTED_EDGE('',*,*,#8479,.T.);
#8497=ORIENTED_EDGE('',*,*,#8256,.T.);
#8498=ORIENTED_EDGE('',*,*,#8272,.F.);
#8499=ORIENTED_EDGE('',*,*,#8313,.T.);
#8500=ORIENTED_EDGE('',*,*,#8329,.T.);
#8501=ORIENTED_EDGE('',*,*,#8369,.T.);
#8502=EDGE_LOOP('',(#8491,#8492,#8494,#8495,#8496,#8497,#8498,#8499,#8500,
#8501));
#8503=FACE_OUTER_BOUND('',#8502,.F.);
#8505=ORIENTED_EDGE('',*,*,#8504,.T.);
#8507=ORIENTED_EDGE('',*,*,#8506,.T.);
#8508=EDGE_LOOP('',(#8505,#8507));
#8509=FACE_BOUND('',#8508,.F.);
#8510=ADVANCED_FACE('',(#8503,#8509),#8490,.T.);
#8511=CARTESIAN_POINT('',(5.204300000001E1,1.954E2,7.700250574417E1));
#8512=DIRECTION('',(1.E0,0.E0,0.E0));
#8513=DIRECTION('',(0.E0,-1.E0,0.E0));
#8514=AXIS2_PLACEMENT_3D('',#8511,#8512,#8513);
#8515=CYLINDRICAL_SURFACE('',#8514,2.E0);
#8517=ORIENTED_EDGE('',*,*,#8516,.T.);
#8519=ORIENTED_EDGE('',*,*,#8518,.T.);
#8520=ORIENTED_EDGE('',*,*,#8504,.F.);
#8522=ORIENTED_EDGE('',*,*,#8521,.F.);
#8523=EDGE_LOOP('',(#8517,#8519,#8520,#8522));
#8524=FACE_OUTER_BOUND('',#8523,.F.);
#8525=ADVANCED_FACE('',(#8524),#8515,.F.);
#8526=CARTESIAN_POINT('',(4.684300000001E1,1.939872302644E2,6.531348777585E1));
#8527=DIRECTION('',(-1.E0,0.E0,0.E0));
#8528=DIRECTION('',(0.E0,-1.E0,0.E0));
#8529=AXIS2_PLACEMENT_3D('',#8526,#8527,#8528);
#8530=PLANE('',#8529);
#8532=ORIENTED_EDGE('',*,*,#8531,.F.);
#8534=ORIENTED_EDGE('',*,*,#8533,.F.);
#8536=ORIENTED_EDGE('',*,*,#8535,.F.);
#8538=ORIENTED_EDGE('',*,*,#8537,.F.);
#8540=ORIENTED_EDGE('',*,*,#8539,.F.);
#8542=ORIENTED_EDGE('',*,*,#8541,.F.);
#8544=ORIENTED_EDGE('',*,*,#8543,.F.);
#8546=ORIENTED_EDGE('',*,*,#8545,.F.);
#8547=EDGE_LOOP('',(#8532,#8534,#8536,#8538,#8540,#8542,#8544,#8546));
#8548=FACE_OUTER_BOUND('',#8547,.F.);
#8549=ORIENTED_EDGE('',*,*,#8516,.F.);
#8551=ORIENTED_EDGE('',*,*,#8550,.F.);
#8552=EDGE_LOOP('',(#8549,#8551));
#8553=FACE_BOUND('',#8552,.F.);
#8554=ADVANCED_FACE('',(#8548,#8553),#8530,.T.);
#8555=CARTESIAN_POINT('',(5.204300000001E1,1.954E2,7.700250574417E1));
#8556=DIRECTION('',(1.E0,0.E0,0.E0));
#8557=DIRECTION('',(0.E0,-1.E0,0.E0));
#8558=AXIS2_PLACEMENT_3D('',#8555,#8556,#8557);
#8559=CYLINDRICAL_SURFACE('',#8558,2.E0);
#8560=ORIENTED_EDGE('',*,*,#8521,.T.);
#8561=ORIENTED_EDGE('',*,*,#8506,.F.);
#8562=ORIENTED_EDGE('',*,*,#8518,.F.);
#8563=ORIENTED_EDGE('',*,*,#8550,.T.);
#8564=EDGE_LOOP('',(#8560,#8561,#8562,#8563));
#8565=FACE_OUTER_BOUND('',#8564,.F.);
#8566=ADVANCED_FACE('',(#8565),#8559,.F.);
#8567=CARTESIAN_POINT('',(4.384300000001E1,1.923605296830E2,7.644204147966E1));
#8568=DIRECTION('',(0.E0,9.411308384958E-1,3.380425192668E-1));
#8569=DIRECTION('',(0.E0,-3.380425192668E-1,9.411308384958E-1));
#8570=AXIS2_PLACEMENT_3D('',#8567,#8568,#8569);
#8571=PLANE('',#8570);
#8573=ORIENTED_EDGE('',*,*,#8572,.F.);
#8574=ORIENTED_EDGE('',*,*,#8531,.T.);
#8576=ORIENTED_EDGE('',*,*,#8575,.T.);
#8578=ORIENTED_EDGE('',*,*,#8577,.F.);
#8579=EDGE_LOOP('',(#8573,#8574,#8576,#8578));
#8580=FACE_OUTER_BOUND('',#8579,.F.);
#8581=ADVANCED_FACE('',(#8580),#8571,.T.);
#8582=CARTESIAN_POINT('',(4.484300000001E1,1.939833486448E2,7.488222299470E1));
#8583=DIRECTION('',(-1.E0,0.E0,0.E0));
#8584=DIRECTION('',(0.E0,-1.E0,0.E0));
#8585=AXIS2_PLACEMENT_3D('',#8582,#8583,#8584);
#8586=CYLINDRICAL_SURFACE('',#8585,1.E0);
#8587=ORIENTED_EDGE('',*,*,#8572,.T.);
#8589=ORIENTED_EDGE('',*,*,#8588,.F.);
#8591=ORIENTED_EDGE('',*,*,#8590,.F.);
#8592=ORIENTED_EDGE('',*,*,#8533,.T.);
#8593=EDGE_LOOP('',(#8587,#8589,#8591,#8592));
#8594=FACE_OUTER_BOUND('',#8593,.F.);
#8595=ADVANCED_FACE('',(#8594),#8586,.F.);
#8596=CARTESIAN_POINT('',(4.484300000001E1,1.954E2,7.375642831526E1));
#8597=DIRECTION('',(-1.E0,0.E0,0.E0));
#8598=DIRECTION('',(0.E0,0.E0,1.E0));
#8599=AXIS2_PLACEMENT_3D('',#8596,#8597,#8598);
#8600=PLANE('',#8599);
#8602=ORIENTED_EDGE('',*,*,#8601,.F.);
#8604=ORIENTED_EDGE('',*,*,#8603,.T.);
#8606=ORIENTED_EDGE('',*,*,#8605,.F.);
#8608=ORIENTED_EDGE('',*,*,#8607,.F.);
#8610=ORIENTED_EDGE('',*,*,#8609,.F.);
#8612=ORIENTED_EDGE('',*,*,#8611,.F.);
#8614=ORIENTED_EDGE('',*,*,#8613,.F.);
#8616=ORIENTED_EDGE('',*,*,#8615,.F.);
#8617=EDGE_LOOP('',(#8602,#8604,#8606,#8608,#8610,#8612,#8614,#8616));
#8618=FACE_OUTER_BOUND('',#8617,.F.);
#8619=ORIENTED_EDGE('',*,*,#8577,.T.);
#8621=ORIENTED_EDGE('',*,*,#8620,.T.);
#8623=ORIENTED_EDGE('',*,*,#8622,.T.);
#8625=ORIENTED_EDGE('',*,*,#8624,.T.);
#8627=ORIENTED_EDGE('',*,*,#8626,.T.);
#8629=ORIENTED_EDGE('',*,*,#8628,.T.);
#8631=ORIENTED_EDGE('',*,*,#8630,.T.);
#8632=ORIENTED_EDGE('',*,*,#8588,.T.);
#8633=EDGE_LOOP('',(#8619,#8621,#8623,#8625,#8627,#8629,#8631,#8632));
#8634=FACE_BOUND('',#8633,.F.);
#8635=ADVANCED_FACE('',(#8618,#8634),#8600,.T.);
#8636=CARTESIAN_POINT('',(4.484300000001E1,1.929580149174E2,7.773681416465E1));
#8637=DIRECTION('',(-1.E0,0.E0,0.E0));
#8638=DIRECTION('',(0.E0,-1.E0,0.E0));
#8639=AXIS2_PLACEMENT_3D('',#8636,#8637,#8638);
#8640=CYLINDRICAL_SURFACE('',#8639,1.E0);
#8642=ORIENTED_EDGE('',*,*,#8641,.T.);
#8643=ORIENTED_EDGE('',*,*,#8620,.F.);
#8644=ORIENTED_EDGE('',*,*,#8575,.F.);
#8645=ORIENTED_EDGE('',*,*,#8545,.T.);
#8646=EDGE_LOOP('',(#8642,#8643,#8644,#8645));
#8647=FACE_OUTER_BOUND('',#8646,.F.);
#8648=ADVANCED_FACE('',(#8647),#8640,.F.);
#8649=CARTESIAN_POINT('',(4.484300000001E1,1.954E2,7.700250574417E1));
#8650=DIRECTION('',(-1.E0,0.E0,0.E0));
#8651=DIRECTION('',(0.E0,-1.E0,0.E0));
#8652=AXIS2_PLACEMENT_3D('',#8649,#8650,#8651);
#8653=CYLINDRICAL_SURFACE('',#8652,3.55E0);
#8654=ORIENTED_EDGE('',*,*,#8641,.F.);
#8655=ORIENTED_EDGE('',*,*,#8543,.T.);
#8657=ORIENTED_EDGE('',*,*,#8656,.T.);
#8658=ORIENTED_EDGE('',*,*,#8622,.F.);
#8659=EDGE_LOOP('',(#8654,#8655,#8657,#8658));
#8660=FACE_OUTER_BOUND('',#8659,.F.);
#8661=ADVANCED_FACE('',(#8660),#8653,.F.);
#8662=CARTESIAN_POINT('',(4.484300000001E1,1.968166513552E2,7.912278849364E1));
#8663=DIRECTION('',(-1.E0,0.E0,0.E0));
#8664=DIRECTION('',(0.E0,-1.E0,0.E0));
#8665=AXIS2_PLACEMENT_3D('',#8662,#8663,#8664);
#8666=CYLINDRICAL_SURFACE('',#8665,1.E0);
#8668=ORIENTED_EDGE('',*,*,#8667,.T.);
#8669=ORIENTED_EDGE('',*,*,#8624,.F.);
#8670=ORIENTED_EDGE('',*,*,#8656,.F.);
#8671=ORIENTED_EDGE('',*,*,#8541,.T.);
#8672=EDGE_LOOP('',(#8668,#8669,#8670,#8671));
#8673=FACE_OUTER_BOUND('',#8672,.F.);
#8674=ADVANCED_FACE('',(#8673),#8666,.F.);
#8675=CARTESIAN_POINT('',(4.384300000001E1,1.984394703170E2,7.756297000869E1));
#8676=DIRECTION('',(0.E0,-9.411308384958E-1,-3.380425192668E-1));
#8677=DIRECTION('',(0.E0,3.380425192668E-1,-9.411308384958E-1));
#8678=AXIS2_PLACEMENT_3D('',#8675,#8676,#8677);
#8679=PLANE('',#8678);
#8680=ORIENTED_EDGE('',*,*,#8667,.F.);
#8681=ORIENTED_EDGE('',*,*,#8539,.T.);
#8683=ORIENTED_EDGE('',*,*,#8682,.T.);
#8684=ORIENTED_EDGE('',*,*,#8626,.F.);
#8685=EDGE_LOOP('',(#8680,#8681,#8683,#8684));
#8686=FACE_OUTER_BOUND('',#8685,.F.);
#8687=ADVANCED_FACE('',(#8686),#8679,.T.);
#8688=CARTESIAN_POINT('',(4.484300000001E1,1.978419850826E2,7.626819732370E1));
#8689=DIRECTION('',(-1.E0,0.E0,0.E0));
#8690=DIRECTION('',(0.E0,-1.E0,0.E0));
#8691=AXIS2_PLACEMENT_3D('',#8688,#8689,#8690);
#8692=CYLINDRICAL_SURFACE('',#8691,1.E0);
#8694=ORIENTED_EDGE('',*,*,#8693,.T.);
#8695=ORIENTED_EDGE('',*,*,#8628,.F.);
#8696=ORIENTED_EDGE('',*,*,#8682,.F.);
#8697=ORIENTED_EDGE('',*,*,#8537,.T.);
#8698=EDGE_LOOP('',(#8694,#8695,#8696,#8697));
#8699=FACE_OUTER_BOUND('',#8698,.F.);
#8700=ADVANCED_FACE('',(#8699),#8692,.F.);
#8701=CARTESIAN_POINT('',(4.484300000001E1,1.954E2,7.700250574417E1));
#8702=DIRECTION('',(-1.E0,0.E0,0.E0));
#8703=DIRECTION('',(0.E0,-1.E0,0.E0));
#8704=AXIS2_PLACEMENT_3D('',#8701,#8702,#8703);
#8705=CYLINDRICAL_SURFACE('',#8704,3.55E0);
#8706=ORIENTED_EDGE('',*,*,#8693,.F.);
#8707=ORIENTED_EDGE('',*,*,#8535,.T.);
#8708=ORIENTED_EDGE('',*,*,#8590,.T.);
#8709=ORIENTED_EDGE('',*,*,#8630,.F.);
#8710=EDGE_LOOP('',(#8706,#8707,#8708,#8709));
#8711=FACE_OUTER_BOUND('',#8710,.F.);
#8712=ADVANCED_FACE('',(#8711),#8705,.F.);
#8713=CARTESIAN_POINT('',(2.013720100660E1,8.456719280106E1,-4.763254448440E1));
#8714=DIRECTION('',(-3.489949670259E-2,7.655777895421E-1,-6.423960408423E-1));
#8715=DIRECTION('',(0.E0,6.427876096865E-1,7.660444431190E-1));
#8716=AXIS2_PLACEMENT_3D('',#8713,#8714,#8715);
#8717=PLANE('',#8716);
#8719=ORIENTED_EDGE('',*,*,#8718,.T.);
#8721=ORIENTED_EDGE('',*,*,#8720,.F.);
#8723=ORIENTED_EDGE('',*,*,#8722,.F.);
#8725=ORIENTED_EDGE('',*,*,#8724,.T.);
#8727=ORIENTED_EDGE('',*,*,#8726,.F.);
#8728=ORIENTED_EDGE('',*,*,#8601,.T.);
#8730=ORIENTED_EDGE('',*,*,#8729,.T.);
#8732=ORIENTED_EDGE('',*,*,#8731,.T.);
#8734=ORIENTED_EDGE('',*,*,#8733,.T.);
#8736=ORIENTED_EDGE('',*,*,#8735,.F.);
#8738=ORIENTED_EDGE('',*,*,#8737,.F.);
#8740=ORIENTED_EDGE('',*,*,#8739,.T.);
#8741=EDGE_LOOP('',(#8719,#8721,#8723,#8725,#8727,#8728,#8730,#8732,#8734,#8736,
#8738,#8740));
#8742=FACE_OUTER_BOUND('',#8741,.F.);
#8743=ADVANCED_FACE('',(#8742),#8717,.T.);
#8744=CARTESIAN_POINT('',(-4.19842E2,1.784552789133E2,8.971837378896E1));
#8745=DIRECTION('',(9.992585140139E-1,1.627174801667E-2,-3.489487623068E-2));
#8746=DIRECTION('',(-3.489949670264E-2,0.E0,-9.993908270191E-1));
#8747=AXIS2_PLACEMENT_3D('',#8744,#8745,#8746);
#8748=CYLINDRICAL_SURFACE('',#8747,1.E0);
#8749=ORIENTED_EDGE('',*,*,#8718,.F.);
#8751=ORIENTED_EDGE('',*,*,#8750,.F.);
#8753=ORIENTED_EDGE('',*,*,#8752,.T.);
#8755=ORIENTED_EDGE('',*,*,#8754,.T.);
#8756=EDGE_LOOP('',(#8749,#8751,#8753,#8755));
#8757=FACE_OUTER_BOUND('',#8756,.F.);
#8758=ADVANCED_FACE('',(#8757),#8748,.T.);
#8759=CARTESIAN_POINT('',(2.020700000001E1,2.38871376E2,-1.927612450610E1));
#8760=DIRECTION('',(1.E0,0.E0,-1.359797690222E-13));
#8761=DIRECTION('',(0.E0,-1.E0,5.194455976463E-14));
#8762=AXIS2_PLACEMENT_3D('',#8759,#8760,#8761);
#8763=PLANE('',#8762);
#8765=ORIENTED_EDGE('',*,*,#8764,.F.);
#8767=ORIENTED_EDGE('',*,*,#8766,.T.);
#8769=ORIENTED_EDGE('',*,*,#8768,.T.);
#8771=ORIENTED_EDGE('',*,*,#8770,.T.);
#8773=ORIENTED_EDGE('',*,*,#8772,.T.);
#8775=ORIENTED_EDGE('',*,*,#8774,.T.);
#8777=ORIENTED_EDGE('',*,*,#8776,.F.);
#8779=ORIENTED_EDGE('',*,*,#8778,.T.);
#8781=ORIENTED_EDGE('',*,*,#8780,.T.);
#8783=ORIENTED_EDGE('',*,*,#8782,.F.);
#8784=ORIENTED_EDGE('',*,*,#8750,.T.);
#8785=ORIENTED_EDGE('',*,*,#8739,.F.);
#8787=ORIENTED_EDGE('',*,*,#8786,.T.);
#8789=ORIENTED_EDGE('',*,*,#8788,.F.);
#8791=ORIENTED_EDGE('',*,*,#8790,.F.);
#8793=ORIENTED_EDGE('',*,*,#8792,.F.);
#8795=ORIENTED_EDGE('',*,*,#8794,.F.);
#8797=ORIENTED_EDGE('',*,*,#8796,.F.);
#8799=ORIENTED_EDGE('',*,*,#8798,.F.);
#8800=EDGE_LOOP('',(#8765,#8767,#8769,#8771,#8773,#8775,#8777,#8779,#8781,#8783,
#8784,#8785,#8787,#8789,#8791,#8793,#8795,#8797,#8799));
#8801=FACE_OUTER_BOUND('',#8800,.F.);
#8802=ADVANCED_FACE('',(#8801),#8763,.F.);
#8803=CARTESIAN_POINT('',(2.070700000002E1,-2.06E1,7.483436848223E1));
#8804=DIRECTION('',(0.E0,1.E0,0.E0));
#8805=DIRECTION('',(0.E0,0.E0,1.E0));
#8806=AXIS2_PLACEMENT_3D('',#8803,#8804,#8805);
#8807=CYLINDRICAL_SURFACE('',#8806,5.E-1);
#8808=ORIENTED_EDGE('',*,*,#8764,.T.);
#8810=ORIENTED_EDGE('',*,*,#8809,.T.);
#8812=ORIENTED_EDGE('',*,*,#8811,.F.);
#8814=ORIENTED_EDGE('',*,*,#8813,.F.);
#8815=EDGE_LOOP('',(#8808,#8810,#8812,#8814));
#8816=FACE_OUTER_BOUND('',#8815,.F.);
#8817=ADVANCED_FACE('',(#8816),#8807,.T.);
#8818=CARTESIAN_POINT('',(2.073242110279E1,1.846907681445E2,7.533373942554E1));
#8819=CARTESIAN_POINT('',(2.070003758682E1,1.846907792734E2,7.533539131764E1));
#8820=CARTESIAN_POINT('',(2.063490617558E1,1.846907737433E2,7.533260559483E1));
#8821=CARTESIAN_POINT('',(2.053518511336E1,1.846906587934E2,7.530763076621E1));
#8822=CARTESIAN_POINT('',(2.044124694137E1,1.846904280244E2,7.526228793529E1));
#8823=CARTESIAN_POINT('',(2.035701621414E1,1.846900710847E2,7.519677231185E1));
#8824=CARTESIAN_POINT('',(2.028860753377E1,1.846895977178E2,7.511487435484E1));
#8825=CARTESIAN_POINT('',(2.024002201967E1,1.846890332193E2,7.502257284803E1));
#8826=CARTESIAN_POINT('',(2.021159715253E1,1.846883938054E2,7.492380294430E1));
#8827=CARTESIAN_POINT('',(2.020654380917E1,1.846879463082E2,7.485882769398E1));
#8828=CARTESIAN_POINT('',(2.020706393763E1,1.846877154161E2,7.482642357053E1));
#8829=CARTESIAN_POINT('',(2.073258838993E1,1.847109547715E2,7.533361000856E1));
#8830=CARTESIAN_POINT('',(2.070020033347E1,1.847109283512E2,7.533527368197E1));
#8831=CARTESIAN_POINT('',(2.063505657500E1,1.847109370228E2,7.533250883311E1));
#8832=CARTESIAN_POINT('',(2.053530808103E1,1.847111933893E2,7.530755466184E1));
#8833=CARTESIAN_POINT('',(2.044133796053E1,1.847117201628E2,7.526221868059E1));
#8834=CARTESIAN_POINT('',(2.035707492483E1,1.847125471531E2,7.519669542112E1));
#8835=CARTESIAN_POINT('',(2.028863870075E1,1.847136573928E2,7.511477735939E1));
#8836=CARTESIAN_POINT('',(2.024003389078E1,1.847149960838E2,7.502244800258E1));
#8837=CARTESIAN_POINT('',(2.021159853606E1,1.847165284219E2,7.492364726898E1));
#8838=CARTESIAN_POINT('',(2.020654366929E1,1.847176123736E2,7.485865307683E1));
#8839=CARTESIAN_POINT('',(2.020706395734E1,1.847181747805E2,7.482624019911E1));
#8840=CARTESIAN_POINT('',(2.073288579429E1,1.847492915926E2,7.533452361128E1));
#8841=CARTESIAN_POINT('',(2.070048962688E1,1.847491959308E2,7.533620387380E1));
#8842=CARTESIAN_POINT('',(2.063532394653E1,1.847493187198E2,7.533347367998E1));
#8843=CARTESIAN_POINT('',(2.053552701987E1,1.847505851659E2,7.530857561843E1));
#8844=CARTESIAN_POINT('',(2.044150054669E1,1.847529227021E2,7.526329587394E1));
#8845=CARTESIAN_POINT('',(2.035718038766E1,1.847563312693E2,7.519782919232E1));
#8846=CARTESIAN_POINT('',(2.028869517565E1,1.847606226477E2,7.511596876857E1));
#8847=CARTESIAN_POINT('',(2.024005569082E1,1.847654905884E2,7.502370038870E1));
#8848=CARTESIAN_POINT('',(2.021160117065E1,1.847707332490E2,7.492496818932E1));
#8849=CARTESIAN_POINT('',(2.020654340400E1,1.847742065526E2,7.486002496085E1));
#8850=CARTESIAN_POINT('',(2.020706399468E1,1.847759455557E2,7.482763967388E1));
#8851=CARTESIAN_POINT('',(2.073326669516E1,1.848057726145E2,7.533913515381E1));
#8852=CARTESIAN_POINT('',(2.070086020906E1,1.848055893933E2,7.534083448886E1));
#8853=CARTESIAN_POINT('',(2.063566650017E1,1.848058918638E2,7.533816959019E1));
#8854=CARTESIAN_POINT('',(2.053580735543E1,1.848086246246E2,7.531345448702E1));
#8855=CARTESIAN_POINT('',(2.044170839092E1,1.848135848267E2,7.526842900243E1));
#8856=CARTESIAN_POINT('',(2.035731480981E1,1.848207453326E2,7.520328088906E1));
#8857=CARTESIAN_POINT('',(2.028876682043E1,1.848296853411E2,7.512178409551E1));
#8858=CARTESIAN_POINT('',(2.024008314637E1,1.848397458382E2,7.502990141428E1));
#8859=CARTESIAN_POINT('',(2.021160442447E1,1.848504921618E2,7.493156536278E1));
#8860=CARTESIAN_POINT('',(2.020654307565E1,1.848575461823E2,7.486687489223E1));
#8861=CARTESIAN_POINT('',(2.020706404093E1,1.848610596047E2,7.483461410211E1));
#8862=CARTESIAN_POINT('',(2.073357891487E1,1.848598576286E2,7.534654680511E1));
#8863=CARTESIAN_POINT('',(2.070116393851E1,1.848595793150E2,7.534825287405E1));
#8864=CARTESIAN_POINT('',(2.063594728392E1,1.848600273527E2,7.534564492250E1));
#8865=CARTESIAN_POINT('',(2.053603743690E1,1.848641187813E2,7.532115948343E1));
#8866=CARTESIAN_POINT('',(2.044187944269E1,1.848715494935E2,7.527649764979E1));
#8867=CARTESIAN_POINT('',(2.035742595220E1,1.848822752229E2,7.521184274311E1));
#8868=CARTESIAN_POINT('',(2.028882648416E1,1.848956614501E2,7.513094099209E1));
#8869=CARTESIAN_POINT('',(2.024010626190E1,1.849107172019E2,7.503971555994E1));
#8870=CARTESIAN_POINT('',(2.021160724495E1,1.849267881616E2,7.494207550583E1));
#8871=CARTESIAN_POINT('',(2.020654279194E1,1.849373280908E2,7.487784078676E1));
#8872=CARTESIAN_POINT('',(2.020706408085E1,1.849425749713E2,7.484580718197E1));
#8873=CARTESIAN_POINT('',(2.073392067148E1,1.849312122593E2,7.536032562392E1));
#8874=CARTESIAN_POINT('',(2.070149644925E1,1.849308035991E2,7.536202835462E1));
#8875=CARTESIAN_POINT('',(2.063625470434E1,1.849314219695E2,7.535949306668E1));
#8876=CARTESIAN_POINT('',(2.053628920096E1,1.849372496073E2,7.533538682603E1));
#8877=CARTESIAN_POINT('',(2.044206634112E1,1.849478772602E2,7.529136486514E1));
#8878=CARTESIAN_POINT('',(2.035754707283E1,1.849632548126E2,7.522760852234E1));
#8879=CARTESIAN_POINT('',(2.028889123612E1,1.849824841794E2,7.514781665095E1));
#8880=CARTESIAN_POINT('',(2.024013119037E1,1.850041507589E2,7.505783867769E1));
#8881=CARTESIAN_POINT('',(2.021161023606E1,1.850273201128E2,7.496153809193E1));
#8882=CARTESIAN_POINT('',(2.020654249052E1,1.850425460711E2,7.489819168111E1));
#8883=CARTESIAN_POINT('',(2.020706412329E1,1.850501343423E2,7.486660366389E1));
#8884=CARTESIAN_POINT('',(2.073421355267E1,1.850206360925E2,7.538531691363E1));
#8885=CARTESIAN_POINT('',(2.070178144750E1,1.850200576241E2,7.538699256835E1));
#8886=CARTESIAN_POINT('',(2.063651823056E1,1.850208690124E2,7.538454894014E1));
#8887=CARTESIAN_POINT('',(2.053650492713E1,1.850288277543E2,7.536108147277E1));
#8888=CARTESIAN_POINT('',(2.044222629909E1,1.850434157615E2,7.531819008473E1));
#8889=CARTESIAN_POINT('',(2.035765051055E1,1.850645873024E2,7.525605574087E1));
#8890=CARTESIAN_POINT('',(2.028894634368E1,1.850911265053E2,7.517829079179E1));
#8891=CARTESIAN_POINT('',(2.024015229237E1,1.851210971061E2,7.509060554642E1));
#8892=CARTESIAN_POINT('',(2.021161273153E1,1.851532195515E2,7.499677436037E1));
#8893=CARTESIAN_POINT('',(2.020654223863E1,1.851743828414E2,7.493506737951E1));
#8894=CARTESIAN_POINT('',(2.020706415877E1,1.851849452822E2,7.490430165555E1));
#8895=CARTESIAN_POINT('',(2.073428852305E1,1.850899917781E2,7.541338027613E1));
#8896=CARTESIAN_POINT('',(2.070185444636E1,1.850892888839E2,7.541501274210E1));
#8897=CARTESIAN_POINT('',(2.063658572964E1,1.850902768085E2,7.541265365538E1));
#8898=CARTESIAN_POINT('',(2.053655991608E1,1.850999529166E2,7.538989575208E1));
#8899=CARTESIAN_POINT('',(2.044226662559E1,1.851176823489E2,7.534828318049E1));
#8900=CARTESIAN_POINT('',(2.035767608314E1,1.851434047672E2,7.528799056872E1));
#8901=CARTESIAN_POINT('',(2.028895954607E1,1.851756379006E2,7.521252343189E1));
#8902=CARTESIAN_POINT('',(2.024015709857E1,1.852120253809E2,7.512742455047E1));
#8903=CARTESIAN_POINT('',(2.021161321949E1,1.852510095587E2,7.503635839433E1));
#8904=CARTESIAN_POINT('',(2.020654218847E1,1.852766812241E2,7.497646894851E1));
#8905=CARTESIAN_POINT('',(2.020706416587E1,1.852894901903E2,7.494660932941E1));
#8906=CARTESIAN_POINT('',(2.073428406357E1,1.851247331736E2,7.542983447031E1));
#8907=CARTESIAN_POINT('',(2.070185013657E1,1.851239737588E2,7.543143988450E1));
#8908=CARTESIAN_POINT('',(2.063658173536E1,1.851250713329E2,7.542913000277E1));
#8909=CARTESIAN_POINT('',(2.053655643474E1,1.851356583641E2,7.540679481259E1));
#8910=CARTESIAN_POINT('',(2.044226369928E1,1.851550159647E2,7.536594286185E1));
#8911=CARTESIAN_POINT('',(2.035767380459E1,1.851830623569E2,7.530674150903E1));
#8912=CARTESIAN_POINT('',(2.028895801058E1,1.852181663012E2,7.523262910608E1));
#8913=CARTESIAN_POINT('',(2.024015632074E1,1.852577490114E2,7.514904596224E1));
#8914=CARTESIAN_POINT('',(2.021161306630E1,1.853001055343E2,7.505958884047E1));
#8915=CARTESIAN_POINT('',(2.020654220324E1,1.853279598039E2,7.500074796716E1));
#8916=CARTESIAN_POINT('',(2.020706416382E1,1.853418469516E2,7.497140843074E1));
#8917=B_SPLINE_SURFACE_WITH_KNOTS('',3,3,((#8818,#8819,#8820,#8821,#8822,#8823,
#8824,#8825,#8826,#8827,#8828),(#8829,#8830,#8831,#8832,#8833,#8834,#8835,#8836,
#8837,#8838,#8839),(#8840,#8841,#8842,#8843,#8844,#8845,#8846,#8847,#8848,#8849,
#8850),(#8851,#8852,#8853,#8854,#8855,#8856,#8857,#8858,#8859,#8860,#8861),(
#8862,#8863,#8864,#8865,#8866,#8867,#8868,#8869,#8870,#8871,#8872),(#8873,#8874,
#8875,#8876,#8877,#8878,#8879,#8880,#8881,#8882,#8883),(#8884,#8885,#8886,#8887,
#8888,#8889,#8890,#8891,#8892,#8893,#8894),(#8895,#8896,#8897,#8898,#8899,#8900,
#8901,#8902,#8903,#8904,#8905),(#8906,#8907,#8908,#8909,#8910,#8911,#8912,#8913,
#8914,#8915,#8916)),.UNSPECIFIED.,.F.,.F.,.F.,(4,1,1,1,1,1,4),(4,1,1,1,1,1,1,1,
4),(-7.494089391301E-3,6.812624361243E-2,1.362524872249E-1,2.043787308373E-1,
2.725049744497E-1,4.087574616746E-1,5.524636423349E-1),(-1.120007211742E-2,
1.25E-1,2.5E-1,3.75E-1,5.E-1,6.25E-1,7.5E-1,8.75E-1,1.011122232201E0),
.UNSPECIFIED.);
#8919=ORIENTED_EDGE('',*,*,#8918,.F.);
#8921=ORIENTED_EDGE('',*,*,#8920,.F.);
#8922=ORIENTED_EDGE('',*,*,#8809,.F.);
#8923=ORIENTED_EDGE('',*,*,#8798,.T.);
#8924=EDGE_LOOP('',(#8919,#8921,#8922,#8923));
#8925=FACE_OUTER_BOUND('',#8924,.F.);
#8926=ADVANCED_FACE('',(#8925),#8917,.T.);
#8927=CARTESIAN_POINT('',(2.073428406409E1,1.851138951350E2,7.542478059062E1));
#8928=CARTESIAN_POINT('',(2.070185013628E1,1.851131534734E2,7.542639427734E1));
#8929=CARTESIAN_POINT('',(2.063658173684E1,1.851142175138E2,7.542406879877E1));
#8930=CARTESIAN_POINT('',(2.053655644850E1,1.851245222741E2,7.540160216397E1));
#8931=CARTESIAN_POINT('',(2.044226372872E1,1.851433741437E2,7.536051462745E1));
#8932=CARTESIAN_POINT('',(2.035767384478E1,1.851706974401E2,7.530097632247E1));
#8933=CARTESIAN_POINT('',(2.028895804948E1,1.852049067186E2,7.522644686880E1));
#8934=CARTESIAN_POINT('',(2.024015634593E1,1.852434920246E2,7.514239859271E1));
#8935=CARTESIAN_POINT('',(2.021161307259E1,1.852847939705E2,7.505244944408E1));
#8936=CARTESIAN_POINT('',(2.020654220264E1,1.853119642625E2,7.499328926780E1));
#8937=CARTESIAN_POINT('',(2.020706416390E1,1.853255131119E2,7.496379174884E1));
#8938=CARTESIAN_POINT('',(2.073428853470E1,1.851489476673E2,7.544087112154E1));
#8939=CARTESIAN_POINT('',(2.070185446319E1,1.851481485340E2,7.544245875723E1));
#8940=CARTESIAN_POINT('',(2.063658573519E1,1.851493204145E2,7.544018522104E1));
#8941=CARTESIAN_POINT('',(2.053655984384E1,1.851605360829E2,7.541814412724E1));
#8942=CARTESIAN_POINT('',(2.044226645347E1,1.851810211408E2,7.537781503439E1));
#8943=CARTESIAN_POINT('',(2.035767584124E1,1.852106808645E2,7.531935694659E1));
#8944=CARTESIAN_POINT('',(2.028895930918E1,1.852477824958E2,7.524615910574E1));
#8945=CARTESIAN_POINT('',(2.024015694428E1,1.852895941430E2,7.516358967638E1));
#8946=CARTESIAN_POINT('',(2.021161318078E1,1.853343095398E2,7.507519757202E1));
#8947=CARTESIAN_POINT('',(2.020654219214E1,1.853636954125E2,7.501704220794E1));
#8948=CARTESIAN_POINT('',(2.020706416536E1,1.853783405882E2,7.498804020354E1));
#8949=CARTESIAN_POINT('',(2.073421302559E1,1.852151692042E2,7.547605972871E1));
#8950=CARTESIAN_POINT('',(2.070178090512E1,1.852142603707E2,7.547758090382E1));
#8951=CARTESIAN_POINT('',(2.063651771361E1,1.852156194071E2,7.547539253909E1));
#8952=CARTESIAN_POINT('',(2.053650460332E1,1.852285008344E2,7.545422239416E1));
#8953=CARTESIAN_POINT('',(2.044222624077E1,1.852520046362E2,7.541549182247E1));
#8954=CARTESIAN_POINT('',(2.035765068281E1,1.852860189408E2,7.535935031143E1));
#8955=CARTESIAN_POINT('',(2.028894661239E1,1.853285543901E2,7.528904856653E1));
#8956=CARTESIAN_POINT('',(2.024015250029E1,1.853764778909E2,7.520973779235E1));
#8957=CARTESIAN_POINT('',(2.021161279006E1,1.854277185461E2,7.512482255811E1));
#8958=CARTESIAN_POINT('',(2.020654223311E1,1.854613853329E2,7.506894499643E1));
#8959=CARTESIAN_POINT('',(2.020706415953E1,1.854781620859E2,7.504107602542E1));
#8960=CARTESIAN_POINT('',(2.073391940481E1,1.852917893640E2,7.552853958407E1));
#8961=CARTESIAN_POINT('',(2.070149510764E1,1.852907554863E2,7.552994875716E1));
#8962=CARTESIAN_POINT('',(2.063625346454E1,1.852923183573E2,7.552785213691E1));
#8963=CARTESIAN_POINT('',(2.053628881371E1,1.853070716310E2,7.550791166554E1));
#8964=CARTESIAN_POINT('',(2.044206710358E1,1.853339960693E2,7.547149771360E1));
#8965=CARTESIAN_POINT('',(2.035754874962E1,1.853729809379E2,7.541876145855E1));
#8966=CARTESIAN_POINT('',(2.028889311783E1,1.854217653557E2,7.535276318042E1));
#8967=CARTESIAN_POINT('',(2.024013249529E1,1.854767743390E2,7.527834146169E1));
#8968=CARTESIAN_POINT('',(2.021161057890E1,1.855356472947E2,7.519869199720E1));
#8969=CARTESIAN_POINT('',(2.020654245804E1,1.855743737866E2,7.514629992562E1));
#8970=CARTESIAN_POINT('',(2.020706412777E1,1.855936851239E2,7.512017472770E1));
#8971=CARTESIAN_POINT('',(2.073357764610E1,1.853481332172E2,7.557430866620E1));
#8972=CARTESIAN_POINT('',(2.070116256125E1,1.853470116805E2,7.557561728159E1));
#8973=CARTESIAN_POINT('',(2.063594602617E1,1.853487311053E2,7.557359366473E1));
#8974=CARTESIAN_POINT('',(2.053603729393E1,1.853648649654E2,7.555471311317E1));
#8975=CARTESIAN_POINT('',(2.044188080425E1,1.853943032437E2,7.552030788470E1));
#8976=CARTESIAN_POINT('',(2.035742848288E1,1.854369374682E2,7.547053306683E1));
#8977=CARTESIAN_POINT('',(2.028882920869E1,1.854903099548E2,7.540828538599E1));
#8978=CARTESIAN_POINT('',(2.024010811853E1,1.855505244527E2,7.533813246692E1));
#8979=CARTESIAN_POINT('',(2.021160772691E1,1.856150106604E2,7.526308880933E1));
#8980=CARTESIAN_POINT('',(2.020654274626E1,1.856574638725E2,7.521375114039E1));
#8981=CARTESIAN_POINT('',(2.020706408716E1,1.856786437509E2,7.518915562394E1));
#8982=CARTESIAN_POINT('',(2.073326600594E1,1.853884703771E2,7.561089418198E1));
#8983=CARTESIAN_POINT('',(2.070085938144E1,1.853872901742E2,7.561212350973E1));
#8984=CARTESIAN_POINT('',(2.063566575759E1,1.853891350015E2,7.561016597211E1));
#8985=CARTESIAN_POINT('',(2.053580774639E1,1.854062867004E2,7.559215555038E1));
#8986=CARTESIAN_POINT('',(2.044171032872E1,1.854375550390E2,7.555938254225E1));
#8987=CARTESIAN_POINT('',(2.035731791403E1,1.854828254697E2,7.551199774649E1));
#8988=CARTESIAN_POINT('',(2.028877001751E1,1.855394914292E2,7.545275890031E1));
#8989=CARTESIAN_POINT('',(2.024008528256E1,1.856034209757E2,7.538601044082E1));
#8990=CARTESIAN_POINT('',(2.021160497132E1,1.856718901441E2,7.531461747625E1));
#8991=CARTESIAN_POINT('',(2.020654302378E1,1.857169709381E2,7.526768387952E1));
#8992=CARTESIAN_POINT('',(2.020706404810E1,1.857394635811E2,7.524428752783E1));
#8993=CARTESIAN_POINT('',(2.073288603096E1,1.854282139715E2,7.565110068501E1));
#8994=CARTESIAN_POINT('',(2.070048976410E1,1.854269784180E2,7.565223907684E1));
#8995=CARTESIAN_POINT('',(2.063532409890E1,1.854289438182E2,7.565033301562E1));
#8996=CARTESIAN_POINT('',(2.053552779016E1,1.854470762129E2,7.563321934664E1));
#8997=CARTESIAN_POINT('',(2.044150217164E1,1.854801166161E2,7.560217175616E1));
#8998=CARTESIAN_POINT('',(2.035718261844E1,1.855279539493E2,7.555735479387E1));
#8999=CARTESIAN_POINT('',(2.028869734668E1,1.855878464605E2,7.550139428797E1));
#9000=CARTESIAN_POINT('',(2.024005710253E1,1.856554402712E2,7.543840623231E1));
#9001=CARTESIAN_POINT('',(2.021160152483E1,1.857278677181E2,7.537110325325E1));
#9002=CARTESIAN_POINT('',(2.020654337037E1,1.857755830656E2,7.532690656944E1));
#9003=CARTESIAN_POINT('',(2.020706399933E1,1.857993987114E2,7.530488788076E1));
#9004=CARTESIAN_POINT('',(2.073258834820E1,1.854535806788E2,7.567990472637E1));
#9005=CARTESIAN_POINT('',(2.070020030945E1,1.854523211995E2,7.568099228697E1));
#9006=CARTESIAN_POINT('',(2.063505656230E1,1.854544256048E2,7.567919873772E1));
#9007=CARTESIAN_POINT('',(2.053530801888E1,1.854733569021E2,7.566293632625E1));
#9008=CARTESIAN_POINT('',(2.044133781850E1,1.855077259011E2,7.563336239447E1));
#9009=CARTESIAN_POINT('',(2.035707472183E1,1.855573701743E2,7.559058694567E1));
#9010=CARTESIAN_POINT('',(2.028863849881E1,1.856194017782E2,7.553706947152E1));
#9011=CARTESIAN_POINT('',(2.024003375772E1,1.856892772684E2,7.547670505134E1));
#9012=CARTESIAN_POINT('',(2.021159850229E1,1.857640042301E2,7.541205769207E1));
#9013=CARTESIAN_POINT('',(2.020654367249E1,1.858131266651E2,7.536949093896E1));
#9014=CARTESIAN_POINT('',(2.020706395690E1,1.858376140457E2,7.534825126443E1));
#9015=CARTESIAN_POINT('',(2.073242109117E1,1.854664534843E2,7.569544795888E1));
#9016=CARTESIAN_POINT('',(2.070003757164E1,1.854651818020E2,7.569650226148E1));
#9017=CARTESIAN_POINT('',(2.063490615774E1,1.854673230734E2,7.569472037939E1));
#9018=CARTESIAN_POINT('',(2.053518510367E1,1.854865382750E2,7.567876671006E1));
#9019=CARTESIAN_POINT('',(2.044124694618E1,1.855214317323E2,7.564981086267E1));
#9020=CARTESIAN_POINT('',(2.035701623196E1,1.855718578017E2,7.560798275322E1));
#9021=CARTESIAN_POINT('',(2.028860755595E1,1.856349034885E2,7.555570747020E1));
#9022=CARTESIAN_POINT('',(2.024002203577E1,1.857059700936E2,7.549680561489E1));
#9023=CARTESIAN_POINT('',(2.021159715690E1,1.857820310373E2,7.543379209863E1));
#9024=CARTESIAN_POINT('',(2.020654380876E1,1.858320780825E2,7.539235132369E1));
#9025=CARTESIAN_POINT('',(2.020706393768E1,1.858570403961E2,7.537168775204E1));
#9026=B_SPLINE_SURFACE_WITH_KNOTS('',3,3,((#8927,#8928,#8929,#8930,#8931,#8932,
#8933,#8934,#8935,#8936,#8937),(#8938,#8939,#8940,#8941,#8942,#8943,#8944,#8945,
#8946,#8947,#8948),(#8949,#8950,#8951,#8952,#8953,#8954,#8955,#8956,#8957,#8958,
#8959),(#8960,#8961,#8962,#8963,#8964,#8965,#8966,#8967,#8968,#8969,#8970),(
#8971,#8972,#8973,#8974,#8975,#8976,#8977,#8978,#8979,#8980,#8981),(#8982,#8983,
#8984,#8985,#8986,#8987,#8988,#8989,#8990,#8991,#8992),(#8993,#8994,#8995,#8996,
#8997,#8998,#8999,#9000,#9001,#9002,#9003),(#9004,#9005,#9006,#9007,#9008,#9009,
#9010,#9011,#9012,#9013,#9014),(#9015,#9016,#9017,#9018,#9019,#9020,#9021,#9022,
#9023,#9024,#9025)),.UNSPECIFIED.,.F.,.F.,.F.,(4,1,1,1,1,1,4),(4,1,1,1,1,1,1,1,
4),(5.375603120591E-1,6.817291644510E-1,8.184483800025E-1,8.868079877783E-1,
9.551675955540E-1,1.023527203330E0,1.099409242356E0),(-1.120007211742E-2,
1.25E-1,2.5E-1,3.75E-1,5.E-1,6.25E-1,7.5E-1,8.75E-1,1.011122232201E0),
.UNSPECIFIED.);
#9028=ORIENTED_EDGE('',*,*,#9027,.F.);
#9029=ORIENTED_EDGE('',*,*,#8918,.T.);
#9030=ORIENTED_EDGE('',*,*,#8796,.T.);
#9032=ORIENTED_EDGE('',*,*,#9031,.T.);
#9033=EDGE_LOOP('',(#9028,#9029,#9030,#9032));
#9034=FACE_OUTER_BOUND('',#9033,.F.);
#9035=ADVANCED_FACE('',(#9034),#9026,.T.);
#9036=CARTESIAN_POINT('',(-4.19842E2,1.775220951266E2,9.171959287756E1));
#9037=DIRECTION('',(9.992585140139E-1,1.627174801667E-2,-3.489487623068E-2));
#9038=DIRECTION('',(-3.489949670264E-2,0.E0,-9.993908270191E-1));
#9039=AXIS2_PLACEMENT_3D('',#9036,#9037,#9038);
#9040=CYLINDRICAL_SURFACE('',#9039,1.E0);
#9042=ORIENTED_EDGE('',*,*,#9041,.F.);
#9044=ORIENTED_EDGE('',*,*,#9043,.T.);
#9045=ORIENTED_EDGE('',*,*,#8920,.T.);
#9046=ORIENTED_EDGE('',*,*,#9027,.T.);
#9048=ORIENTED_EDGE('',*,*,#9047,.F.);
#9049=EDGE_LOOP('',(#9042,#9044,#9045,#9046,#9048));
#9050=FACE_OUTER_BOUND('',#9049,.F.);
#9051=ADVANCED_FACE('',(#9050),#9040,.F.);
#9052=CARTESIAN_POINT('',(5.304293933013E1,1.852020556107E2,7.371477458916E1));
#9053=CARTESIAN_POINT('',(5.304342919001E1,1.852023228390E2,7.374611289230E1));
#9054=CARTESIAN_POINT('',(5.303871115718E1,1.852028591170E2,7.380871277723E1));
#9055=CARTESIAN_POINT('',(5.301248148951E1,1.852036783690E2,7.390359619634E1));
#9056=CARTESIAN_POINT('',(5.296788571697E1,1.852044512531E2,7.399252016487E1));
#9057=CARTESIAN_POINT('',(5.290513477742E1,1.852051493069E2,7.407236060678E1));
#9058=CARTESIAN_POINT('',(5.282755042007E1,1.852057251986E2,7.413787479940E1));
#9059=CARTESIAN_POINT('',(5.274025225538E1,1.852061464021E2,7.418555641068E1));
#9060=CARTESIAN_POINT('',(5.264640046967E1,1.852064082058E2,7.421506766653E1));
#9061=CARTESIAN_POINT('',(5.258405110999E1,1.852064695035E2,7.422196619613E1));
#9062=CARTESIAN_POINT('',(5.255275587351E1,1.852064746785E2,7.422257310657E1));
#9063=CARTESIAN_POINT('',(5.304293930624E1,1.852337774872E2,7.371493744377E1));
#9064=CARTESIAN_POINT('',(5.304342936200E1,1.852333954246E2,7.374626154819E1));
#9065=CARTESIAN_POINT('',(5.303870933830E1,1.852326304213E2,7.380882571766E1));
#9066=CARTESIAN_POINT('',(5.301247591426E1,1.852314661201E2,7.390363776577E1));
#9067=CARTESIAN_POINT('',(5.296788127498E1,1.852303710674E2,7.399248393109E1));
#9068=CARTESIAN_POINT('',(5.290514082911E1,1.852293846190E2,7.407224969532E1));
#9069=CARTESIAN_POINT('',(5.282757875353E1,1.852285725716E2,7.413770419136E1));
#9070=CARTESIAN_POINT('',(5.274031464142E1,1.852279795802E2,7.418535014577E1));
#9071=CARTESIAN_POINT('',(5.264650822005E1,1.852276110777E2,7.421485390467E1));
#9072=CARTESIAN_POINT('',(5.258419510538E1,1.852275241302E2,7.422176763545E1));
#9073=CARTESIAN_POINT('',(5.255291982766E1,1.852275161563E2,7.422238715036E1));
#9074=CARTESIAN_POINT('',(5.304293939291E1,1.852928542683E2,7.371591975627E1));
#9075=CARTESIAN_POINT('',(5.304342874718E1,1.852913145428E2,7.374722189386E1));
#9076=CARTESIAN_POINT('',(5.303871554057E1,1.852882037051E2,7.380974599158E1));
#9077=CARTESIAN_POINT('',(5.301251575214E1,1.852833985467E2,7.390450869832E1));
#9078=CARTESIAN_POINT('',(5.296797266142E1,1.852788247812E2,7.399332004939E1));
#9079=CARTESIAN_POINT('',(5.290529561710E1,1.852746626048E2,7.407306726409E1));
#9080=CARTESIAN_POINT('',(5.282779848737E1,1.852712074276E2,7.413852056196E1));
#9081=CARTESIAN_POINT('',(5.274058948140E1,1.852686690281E2,7.418618079550E1));
#9082=CARTESIAN_POINT('',(5.264681967168E1,1.852670903143E2,7.421571044625E1));
#9083=CARTESIAN_POINT('',(5.258451277170E1,1.852667287451E2,7.422264516628E1));
#9084=CARTESIAN_POINT('',(5.255323531845E1,1.852667058691E2,7.422327528850E1));
#9085=CARTESIAN_POINT('',(5.304293944280E1,1.854063014784E2,7.372533450388E1));
#9086=CARTESIAN_POINT('',(5.304342839677E1,1.854023286298E2,7.375642580281E1));
#9087=CARTESIAN_POINT('',(5.303871895590E1,1.853943959953E2,7.381852283199E1));
#9088=CARTESIAN_POINT('',(5.301254639763E1,1.853823793791E2,7.391262736113E1));
#9089=CARTESIAN_POINT('',(5.296805461768E1,1.853711208090E2,7.400082011668E1));
#9090=CARTESIAN_POINT('',(5.290545284556E1,1.853610118271E2,7.408002047442E1));
#9091=CARTESIAN_POINT('',(5.282804746935E1,1.853527122198E2,7.414504437214E1));
#9092=CARTESIAN_POINT('',(5.274093462167E1,1.853466629419E2,7.419242166211E1));
#9093=CARTESIAN_POINT('',(5.264725533127E1,1.853429048534E2,7.422181772588E1));
#9094=CARTESIAN_POINT('',(5.258499688986E1,1.853420107083E2,7.422876351211E1));
#9095=CARTESIAN_POINT('',(5.255374031204E1,1.853419217369E2,7.422942127450E1));
#9096=CARTESIAN_POINT('',(5.304293950609E1,1.855413580197E2,7.374753381279E1));
#9097=CARTESIAN_POINT('',(5.304342795068E1,1.855345301998E2,7.377813175161E1));
#9098=CARTESIAN_POINT('',(5.303872335902E1,1.855209210808E2,7.383924985583E1));
#9099=CARTESIAN_POINT('',(5.301258174326E1,1.855003664105E2,7.393189130414E1));
#9100=CARTESIAN_POINT('',(5.296814503697E1,1.854811546920E2,7.401873512528E1));
#9101=CARTESIAN_POINT('',(5.290562048244E1,1.854639392348E2,7.409675088383E1));
#9102=CARTESIAN_POINT('',(5.282830523711E1,1.854498273082E2,7.416083366757E1));
#9103=CARTESIAN_POINT('',(5.274128215958E1,1.854395514006E2,7.420756069035E1));
#9104=CARTESIAN_POINT('',(5.264768137738E1,1.854331647418E2,7.423659426217E1));
#9105=CARTESIAN_POINT('',(5.258545950584E1,1.854316326696E2,7.424349079990E1));
#9106=CARTESIAN_POINT('',(5.255421669511E1,1.854314698051E2,7.424416515307E1));
#9107=CARTESIAN_POINT('',(5.304293954138E1,1.856999062751E2,7.379177882018E1));
#9108=CARTESIAN_POINT('',(5.304342770295E1,1.856897660838E2,7.382144112447E1));
#9109=CARTESIAN_POINT('',(5.303872577029E1,1.856695529459E2,7.388068986456E1));
#9110=CARTESIAN_POINT('',(5.301260362032E1,1.856390186910E2,7.397049993223E1));
#9111=CARTESIAN_POINT('',(5.296820363062E1,1.856104743830E2,7.405469651900E1));
#9112=CARTESIAN_POINT('',(5.290573268875E1,1.855848905331E2,7.413034738382E1));
#9113=CARTESIAN_POINT('',(5.282848207539E1,1.855639129274E2,7.419250742246E1));
#9114=CARTESIAN_POINT('',(5.274152537837E1,1.855486318339E2,7.423785839859E1));
#9115=CARTESIAN_POINT('',(5.264798491024E1,1.855391290119E2,7.426607050230E1));
#9116=CARTESIAN_POINT('',(5.258579317823E1,1.855368460122E2,7.427280430346E1));
#9117=CARTESIAN_POINT('',(5.255456256234E1,1.855366018681E2,7.427348241292E1));
#9118=CARTESIAN_POINT('',(5.304293955866E1,1.858535756553E2,7.385345159536E1));
#9119=CARTESIAN_POINT('',(5.304342758089E1,1.858404107233E2,7.388190286865E1));
#9120=CARTESIAN_POINT('',(5.303872698337E1,1.858140785475E2,7.393869810547E1));
#9121=CARTESIAN_POINT('',(5.301261274014E1,1.857740715985E2,7.402470183207E1));
#9122=CARTESIAN_POINT('',(5.296822635888E1,1.857364928191E2,7.410526335422E1));
#9123=CARTESIAN_POINT('',(5.290577411117E1,1.857026705831E2,7.417759781752E1));
#9124=CARTESIAN_POINT('',(5.282854510799E1,1.856748380928E2,7.423700001629E1));
#9125=CARTESIAN_POINT('',(5.274160995437E1,1.856545064308E2,7.428032386837E1));
#9126=CARTESIAN_POINT('',(5.264808858874E1,1.856418490755E2,7.430727825634E1));
#9127=CARTESIAN_POINT('',(5.258590609711E1,1.856388341986E2,7.431372990548E1));
#9128=CARTESIAN_POINT('',(5.255467910415E1,1.856385388145E2,7.431439484898E1));
#9129=CARTESIAN_POINT('',(5.304293954629E1,1.859986373813E2,7.393107913856E1));
#9130=CARTESIAN_POINT('',(5.304342766776E1,1.859824461934E2,7.395791333467E1));
#9131=CARTESIAN_POINT('',(5.303872613717E1,1.859500749702E2,7.401148393143E1));
#9132=CARTESIAN_POINT('',(5.301260511367E1,1.859009296170E2,7.409261253264E1));
#9133=CARTESIAN_POINT('',(5.296820600243E1,1.858547972464E2,7.416861211172E1));
#9134=CARTESIAN_POINT('',(5.290573527128E1,1.858133023075E2,7.423685201793E1));
#9135=CARTESIAN_POINT('',(5.282848416365E1,1.857791771847E2,7.429288990658E1));
#9136=CARTESIAN_POINT('',(5.274152659023E1,1.857542654245E2,7.433375514592E1));
#9137=CARTESIAN_POINT('',(5.264798528586E1,1.857387695808E2,7.435917162710E1));
#9138=CARTESIAN_POINT('',(5.258579326314E1,1.857350855724E2,7.436524609071E1));
#9139=CARTESIAN_POINT('',(5.255456258325E1,1.857347273319E2,7.436586638909E1));
#9140=CARTESIAN_POINT('',(5.304293950672E1,1.861342287701E2,7.402382032416E1));
#9141=CARTESIAN_POINT('',(5.304342794619E1,1.861151541111E2,7.404870108831E1));
#9142=CARTESIAN_POINT('',(5.303872340469E1,1.860770517172E2,7.409838979006E1));
#9143=CARTESIAN_POINT('',(5.301258200526E1,1.860192934449E2,7.417368290021E1));
#9144=CARTESIAN_POINT('',(5.296814560261E1,1.859651475174E2,7.424424604851E1));
#9145=CARTESIAN_POINT('',(5.290562139976E1,1.859165046683E2,7.430762281445E1));
#9146=CARTESIAN_POINT('',(5.282830651081E1,1.858765492300E2,7.435967278274E1));
#9147=CARTESIAN_POINT('',(5.274128375936E1,1.858474167530E2,7.439762309475E1));
#9148=CARTESIAN_POINT('',(5.264768325541E1,1.858293191263E2,7.442120659419E1));
#9149=CARTESIAN_POINT('',(5.258546151858E1,1.858250250139E2,7.442681646546E1));
#9150=CARTESIAN_POINT('',(5.255421876095E1,1.858246083956E2,7.442737125828E1));
#9151=CARTESIAN_POINT('',(5.304293944028E1,1.862381535876E2,7.411300310163E1));
#9152=CARTESIAN_POINT('',(5.304342841491E1,1.862168665322E2,7.413601605569E1));
#9153=CARTESIAN_POINT('',(5.303871876550E1,1.861743659406E2,7.418198827140E1));
#9154=CARTESIAN_POINT('',(5.301254571039E1,1.861099970067E2,7.425168187681E1));
#9155=CARTESIAN_POINT('',(5.296805370121E1,1.860497017164E2,7.431701778912E1));
#9156=CARTESIAN_POINT('',(5.290545220652E1,1.859955777925E2,7.437570912579E1));
#9157=CARTESIAN_POINT('',(5.282804759828E1,1.859511584563E2,7.442390883490E1));
#9158=CARTESIAN_POINT('',(5.274093576442E1,1.859188038092E2,7.445903821886E1));
#9159=CARTESIAN_POINT('',(5.264725744323E1,1.858987321398E2,7.448084244009E1));
#9160=CARTESIAN_POINT('',(5.258499943982E1,1.858939868319E2,7.448599814949E1));
#9161=CARTESIAN_POINT('',(5.255374301896E1,1.858935340984E2,7.448648767581E1));
#9162=CARTESIAN_POINT('',(5.304293938430E1,1.863185560687E2,7.419407191220E1));
#9163=CARTESIAN_POINT('',(5.304342880890E1,1.862955918148E2,7.421539944802E1));
#9164=CARTESIAN_POINT('',(5.303871489607E1,1.862497364612E2,7.425801499852E1));
#9165=CARTESIAN_POINT('',(5.301251320634E1,1.861802732412E2,7.432264310555E1));
#9166=CARTESIAN_POINT('',(5.296796876868E1,1.861151995866E2,7.438324379588E1));
#9167=CARTESIAN_POINT('',(5.290529167527E1,1.860567871699E2,7.443768547788E1));
#9168=CARTESIAN_POINT('',(5.282779580649E1,1.860088566448E2,7.448238908425E1));
#9169=CARTESIAN_POINT('',(5.274058871173E1,1.859739599585E2,7.451495427335E1));
#9170=CARTESIAN_POINT('',(5.264682063605E1,1.859523346263E2,7.453513933992E1));
#9171=CARTESIAN_POINT('',(5.258451430060E1,1.859472464928E2,7.453988098634E1));
#9172=CARTESIAN_POINT('',(5.255323695148E1,1.859467764980E2,7.454031081897E1));
#9173=CARTESIAN_POINT('',(5.304293930777E1,1.863574237226E2,7.423885637166E1));
#9174=CARTESIAN_POINT('',(5.304342935107E1,1.863336726121E2,7.425928319620E1));
#9175=CARTESIAN_POINT('',(5.303870945210E1,1.862862362285E2,7.430008471542E1));
#9176=CARTESIAN_POINT('',(5.301247638918E1,1.862143549733E2,7.436192368354E1));
#9177=CARTESIAN_POINT('',(5.296788205346E1,1.861470013201E2,7.441987683501E1));
#9178=CARTESIAN_POINT('',(5.290514172885E1,1.860865354103E2,7.447191103919E1));
#9179=CARTESIAN_POINT('',(5.282757958041E1,1.860369213355E2,7.451461226031E1));
#9180=CARTESIAN_POINT('',(5.274031529621E1,1.860008086029E2,7.454569707840E1));
#9181=CARTESIAN_POINT('',(5.264650872967E1,1.859784485697E2,7.456494604710E1));
#9182=CARTESIAN_POINT('',(5.258419560436E1,1.859732099939E2,7.456945605729E1));
#9183=CARTESIAN_POINT('',(5.255292034760E1,1.859727410526E2,7.456985948320E1));
#9184=CARTESIAN_POINT('',(5.304293932971E1,1.863780004333E2,7.426312536165E1));
#9185=CARTESIAN_POINT('',(5.304342919303E1,1.863538225074E2,7.428306468895E1));
#9186=CARTESIAN_POINT('',(5.303871112575E1,1.863055241699E2,7.432289252621E1));
#9187=CARTESIAN_POINT('',(5.301248135939E1,1.862323134161E2,7.438325491218E1));
#9188=CARTESIAN_POINT('',(5.296788550661E1,1.861636973862E2,7.443982199258E1));
#9189=CARTESIAN_POINT('',(5.290513454225E1,1.861020875418E2,7.449060755429E1));
#9190=CARTESIAN_POINT('',(5.282755022184E1,1.860515304686E2,7.453227800715E1));
#9191=CARTESIAN_POINT('',(5.274025213247E1,1.860147331350E2,7.456260452989E1));
#9192=CARTESIAN_POINT('',(5.264640042843E1,1.859919574033E2,7.458137366939E1));
#9193=CARTESIAN_POINT('',(5.258405110885E1,1.859866330555E2,7.458576128921E1));
#9194=CARTESIAN_POINT('',(5.255275588803E1,1.859861646360E2,7.458614762078E1));
#9195=B_SPLINE_SURFACE_WITH_KNOTS('',3,3,((#9052,#9053,#9054,#9055,#9056,#9057,
#9058,#9059,#9060,#9061,#9062),(#9063,#9064,#9065,#9066,#9067,#9068,#9069,#9070,
#9071,#9072,#9073),(#9074,#9075,#9076,#9077,#9078,#9079,#9080,#9081,#9082,#9083,
#9084),(#9085,#9086,#9087,#9088,#9089,#9090,#9091,#9092,#9093,#9094,#9095),(
#9096,#9097,#9098,#9099,#9100,#9101,#9102,#9103,#9104,#9105,#9106),(#9107,#9108,
#9109,#9110,#9111,#9112,#9113,#9114,#9115,#9116,#9117),(#9118,#9119,#9120,#9121,
#9122,#9123,#9124,#9125,#9126,#9127,#9128),(#9129,#9130,#9131,#9132,#9133,#9134,
#9135,#9136,#9137,#9138,#9139),(#9140,#9141,#9142,#9143,#9144,#9145,#9146,#9147,
#9148,#9149,#9150),(#9151,#9152,#9153,#9154,#9155,#9156,#9157,#9158,#9159,#9160,
#9161),(#9162,#9163,#9164,#9165,#9166,#9167,#9168,#9169,#9170,#9171,#9172),(
#9173,#9174,#9175,#9176,#9177,#9178,#9179,#9180,#9181,#9182,#9183),(#9184,#9185,
#9186,#9187,#9188,#9189,#9190,#9191,#9192,#9193,#9194)),.UNSPECIFIED.,.F.,.F.,
.F.,(4,1,1,1,1,1,1,1,1,1,4),(4,1,1,1,1,1,1,1,4),(-1.093450919148E-2,
6.834713847781E-2,1.366942769556E-1,2.733885539112E-1,4.100828308668E-1,
5.467771078225E-1,6.834713847781E-1,8.201656617337E-1,9.568599386893E-1,
1.025207077167E0,1.104446909491E0),(-1.121649255654E-2,1.25E-1,2.5E-1,3.75E-1,
5.E-1,6.25E-1,7.5E-1,8.75E-1,1.011016956671E0),.UNSPECIFIED.);
#9196=ORIENTED_EDGE('',*,*,#9041,.T.);
#9198=ORIENTED_EDGE('',*,*,#9197,.F.);
#9199=ORIENTED_EDGE('',*,*,#8182,.F.);
#9201=ORIENTED_EDGE('',*,*,#9200,.T.);
#9202=EDGE_LOOP('',(#9196,#9198,#9199,#9201));
#9203=FACE_OUTER_BOUND('',#9202,.F.);
#9204=ADVANCED_FACE('',(#9203),#9195,.T.);
#9205=CARTESIAN_POINT('',(5.254300000001E1,1.922826530687E2,8.131223821922E1));
#9206=DIRECTION('',(0.E0,6.427876096865E-1,7.660444431190E-1));
#9207=DIRECTION('',(0.E0,-7.660444431190E-1,6.427876096865E-1));
#9208=AXIS2_PLACEMENT_3D('',#9205,#9206,#9207);
#9209=CYLINDRICAL_SURFACE('',#9208,5.E-1);
#9210=ORIENTED_EDGE('',*,*,#8184,.T.);
#9211=ORIENTED_EDGE('',*,*,#9197,.T.);
#9213=ORIENTED_EDGE('',*,*,#9212,.F.);
#9215=ORIENTED_EDGE('',*,*,#9214,.F.);
#9216=EDGE_LOOP('',(#9210,#9211,#9213,#9215));
#9217=FACE_OUTER_BOUND('',#9216,.F.);
#9218=ADVANCED_FACE('',(#9217),#9209,.T.);
#9219=CARTESIAN_POINT('',(2.0207E1,8.303603722197E1,-4.634775240272E1));
#9220=DIRECTION('',(-3.489949670259E-2,7.655777895421E-1,-6.423960408423E-1));
#9221=DIRECTION('',(0.E0,6.427876096865E-1,7.660444431190E-1));
#9222=AXIS2_PLACEMENT_3D('',#9219,#9220,#9221);
#9223=PLANE('',#9222);
#9224=ORIENTED_EDGE('',*,*,#9212,.T.);
#9225=ORIENTED_EDGE('',*,*,#9047,.T.);
#9227=ORIENTED_EDGE('',*,*,#9226,.T.);
#9229=ORIENTED_EDGE('',*,*,#9228,.F.);
#9230=EDGE_LOOP('',(#9224,#9225,#9227,#9229));
#9231=FACE_OUTER_BOUND('',#9230,.F.);
#9232=ADVANCED_FACE('',(#9231),#9223,.F.);
#9233=CARTESIAN_POINT('',(2.0707E1,8.371193163195E1,-4.634775240272E1));
#9234=DIRECTION('',(1.041746245008E-13,6.427876096865E-1,7.660444431190E-1));
#9235=DIRECTION('',(0.E0,-7.660444431190E-1,6.427876096865E-1));
#9236=AXIS2_PLACEMENT_3D('',#9233,#9234,#9235);
#9237=CYLINDRICAL_SURFACE('',#9236,5.E-1);
#9238=ORIENTED_EDGE('',*,*,#8794,.T.);
#9240=ORIENTED_EDGE('',*,*,#9239,.T.);
#9241=ORIENTED_EDGE('',*,*,#9226,.F.);
#9242=ORIENTED_EDGE('',*,*,#9031,.F.);
#9243=EDGE_LOOP('',(#9238,#9240,#9241,#9242));
#9244=FACE_OUTER_BOUND('',#9243,.F.);
#9245=ADVANCED_FACE('',(#9244),#9237,.T.);
#9246=CARTESIAN_POINT('',(5.304300000001E1,1.993715251862E2,8.851159955087E1));
#9247=DIRECTION('',(0.E0,1.108338749813E-1,9.938389467900E-1));
#9248=DIRECTION('',(0.E0,9.938389467900E-1,-1.108338749813E-1));
#9249=AXIS2_PLACEMENT_3D('',#9246,#9247,#9248);
#9250=PLANE('',#9249);
#9251=ORIENTED_EDGE('',*,*,#9239,.F.);
#9253=ORIENTED_EDGE('',*,*,#9252,.F.);
#9255=ORIENTED_EDGE('',*,*,#9254,.T.);
#9256=ORIENTED_EDGE('',*,*,#9228,.T.);
#9257=EDGE_LOOP('',(#9251,#9253,#9255,#9256));
#9258=FACE_OUTER_BOUND('',#9257,.F.);
#9259=ADVANCED_FACE('',(#9258),#9250,.T.);
#9260=CARTESIAN_POINT('',(2.070700000001E1,2.131578179854E2,7.582698698570E1));
#9261=DIRECTION('',(-1.E0,0.E0,0.E0));
#9262=DIRECTION('',(0.E0,-1.E0,0.E0));
#9263=AXIS2_PLACEMENT_3D('',#9260,#9261,#9262);
#9264=TOROIDAL_SURFACE('',#9263,2.062889323014E1,5.E-1);
#9266=ORIENTED_EDGE('',*,*,#9265,.T.);
#9268=ORIENTED_EDGE('',*,*,#9267,.F.);
#9269=ORIENTED_EDGE('',*,*,#9252,.T.);
#9270=ORIENTED_EDGE('',*,*,#8792,.T.);
#9271=ORIENTED_EDGE('',*,*,#8790,.T.);
#9273=ORIENTED_EDGE('',*,*,#9272,.T.);
#9274=EDGE_LOOP('',(#9266,#9268,#9269,#9270,#9271,#9273));
#9275=FACE_OUTER_BOUND('',#9274,.F.);
#9276=ADVANCED_FACE('',(#9275),#9264,.T.);
#9277=CARTESIAN_POINT('',(2.037898416247E1,2.048828617995E2,9.493568764770E1));
#9278=CARTESIAN_POINT('',(2.040106741888E1,2.048941993994E2,9.495171322510E1));
#9279=CARTESIAN_POINT('',(2.044796492239E1,2.049149076666E2,9.498002257867E1));
#9280=CARTESIAN_POINT('',(2.051863743729E1,2.049384584376E2,9.501050437755E1));
#9281=CARTESIAN_POINT('',(2.059123663009E1,2.049527670397E2,9.502769100891E1));
#9282=CARTESIAN_POINT('',(2.065005314192E1,2.049552341346E2,9.502961128497E1));
#9283=CARTESIAN_POINT('',(2.068740294410E1,2.049545801135E2,9.502815969628E1));
#9284=CARTESIAN_POINT('',(2.037345831562E1,2.048656036265E2,9.494201931851E1));
#9285=CARTESIAN_POINT('',(2.039505104005E1,2.048773788314E2,9.495798683384E1));
#9286=CARTESIAN_POINT('',(2.044231526845E1,2.048978653631E2,9.498756265137E1));
#9287=CARTESIAN_POINT('',(2.051546716672E1,2.049195222034E2,9.502175961281E1));
#9288=CARTESIAN_POINT('',(2.059080047379E1,2.049317841079E2,9.504251990733E1));
#9289=CARTESIAN_POINT('',(2.065056798622E1,2.049336940780E2,9.504545418357E1));
#9290=CARTESIAN_POINT('',(2.068787902436E1,2.049332315620E2,9.504379329734E1));
#9291=CARTESIAN_POINT('',(2.036398499710E1,2.048317799764E2,9.495240622918E1));
#9292=CARTESIAN_POINT('',(2.038457362713E1,2.048429579734E2,9.496937231245E1));
#9293=CARTESIAN_POINT('',(2.043222081378E1,2.048614930624E2,9.500211766067E1));
#9294=CARTESIAN_POINT('',(2.050980914986E1,2.048795583150E2,9.504225272967E1));
#9295=CARTESIAN_POINT('',(2.059042291444E1,2.048889479772E2,9.506803349204E1));
#9296=CARTESIAN_POINT('',(2.065213330472E1,2.048903410193E2,9.507226051539E1));
#9297=CARTESIAN_POINT('',(2.068933790136E1,2.048902459538E2,9.507028267172E1));
#9298=CARTESIAN_POINT('',(2.035297670267E1,2.047817803203E2,9.496301810021E1));
#9299=CARTESIAN_POINT('',(2.037247463473E1,2.047891985077E2,9.498283206781E1));
#9300=CARTESIAN_POINT('',(2.042047095668E1,2.048016038231E2,9.502064078510E1));
#9301=CARTESIAN_POINT('',(2.050362824080E1,2.048138946676E2,9.506661990726E1));
#9302=CARTESIAN_POINT('',(2.059143140760E1,2.048205906538E2,9.509621530422E1));
#9303=CARTESIAN_POINT('',(2.065595668761E1,2.048221057477E2,9.510123410414E1));
#9304=CARTESIAN_POINT('',(2.069294119605E1,2.048225262140E2,9.509901658260E1));
#9305=CARTESIAN_POINT('',(2.034514339741E1,2.047347426480E2,9.496904221796E1));
#9306=CARTESIAN_POINT('',(2.036428252866E1,2.047373567694E2,9.499168357152E1));
#9307=CARTESIAN_POINT('',(2.041281638429E1,2.047423510324E2,9.503359237303E1));
#9308=CARTESIAN_POINT('',(2.050031905417E1,2.047483980588E2,9.508283173477E1));
#9309=CARTESIAN_POINT('',(2.059395482411E1,2.047526373952E2,9.511387103629E1));
#9310=CARTESIAN_POINT('',(2.066085746342E1,2.047544219632E2,9.511910500479E1));
#9311=CARTESIAN_POINT('',(2.069759366762E1,2.047552835092E2,9.511685219905E1));
#9312=CARTESIAN_POINT('',(2.034022009330E1,2.046894863104E2,9.497105436374E1));
#9313=CARTESIAN_POINT('',(2.035985640872E1,2.046874234561E2,9.499579368940E1));
#9314=CARTESIAN_POINT('',(2.040935280931E1,2.046849444517E2,9.504028939319E1));
#9315=CARTESIAN_POINT('',(2.050006714780E1,2.046841767745E2,9.509075307731E1));
#9316=CARTESIAN_POINT('',(2.059802236279E1,2.046852628815E2,9.512183924434E1));
#9317=CARTESIAN_POINT('',(2.066674099653E1,2.046869638090E2,9.512707740489E1));
#9318=CARTESIAN_POINT('',(2.070321163814E1,2.046881637173E2,9.512495884274E1));
#9319=CARTESIAN_POINT('',(2.033837352848E1,2.046459077324E2,9.496936662069E1));
#9320=CARTESIAN_POINT('',(2.035932402662E1,2.046400969394E2,9.499507658950E1));
#9321=CARTESIAN_POINT('',(2.041023694695E1,2.046311201602E2,9.504036916036E1));
#9322=CARTESIAN_POINT('',(2.050297371948E1,2.046234514028E2,9.509039833425E1));
#9323=CARTESIAN_POINT('',(2.060351036713E1,2.046205647137E2,9.512071231676E1));
#9324=CARTESIAN_POINT('',(2.067334439086E1,2.046216233992E2,9.512591707194E1));
#9325=CARTESIAN_POINT('',(2.070954587504E1,2.046230022727E2,9.512405503622E1));
#9326=CARTESIAN_POINT('',(2.033982019586E1,2.046032364448E2,9.496440564057E1));
#9327=CARTESIAN_POINT('',(2.036263278246E1,2.045948245765E2,9.498994893532E1));
#9328=CARTESIAN_POINT('',(2.041522691273E1,2.045808631288E2,9.503438954947E1));
#9329=CARTESIAN_POINT('',(2.050881255156E1,2.045670358016E2,9.508270893269E1));
#9330=CARTESIAN_POINT('',(2.061019057592E1,2.045599793826E2,9.511172815755E1));
#9331=CARTESIAN_POINT('',(2.068039800840E1,2.045599692982E2,9.511685492919E1));
#9332=CARTESIAN_POINT('',(2.071633291337E1,2.045613171371E2,9.511529249476E1));
#9333=CARTESIAN_POINT('',(2.034502873001E1,2.045582997481E2,9.495643030594E1));
#9334=CARTESIAN_POINT('',(2.036979541627E1,2.045482109134E2,9.498091419696E1));
#9335=CARTESIAN_POINT('',(2.042396372792E1,2.045308572217E2,9.502322458867E1));
#9336=CARTESIAN_POINT('',(2.051732684491E1,2.045124849695E2,9.506881334214E1));
#9337=CARTESIAN_POINT('',(2.061804427169E1,2.045020525749E2,9.509598071243E1));
#9338=CARTESIAN_POINT('',(2.068794317758E1,2.045008930102E2,9.510078713458E1));
#9339=CARTESIAN_POINT('',(2.072359925396E1,2.045019750480E2,9.509944869319E1));
#9340=CARTESIAN_POINT('',(2.035148087881E1,2.045256485825E2,9.494952603776E1));
#9341=CARTESIAN_POINT('',(2.037697439297E1,2.045151094584E2,9.497296854048E1));
#9342=CARTESIAN_POINT('',(2.043156682903E1,2.044969587426E2,9.501337335778E1));
#9343=CARTESIAN_POINT('',(2.052415766671E1,2.044776121533E2,9.505664212059E1));
#9344=CARTESIAN_POINT('',(2.062375108484E1,2.044664029939E2,9.508206165056E1));
#9345=CARTESIAN_POINT('',(2.069308946912E1,2.044647765035E2,9.508621937141E1));
#9346=CARTESIAN_POINT('',(2.072854121644E1,2.044655570769E2,9.508482432192E1));
#9347=CARTESIAN_POINT('',(2.035579153301E1,2.045070707473E2,9.494568562721E1));
#9348=CARTESIAN_POINT('',(2.038123405476E1,2.044966811218E2,9.496856294843E1));
#9349=CARTESIAN_POINT('',(2.043564071321E1,2.044787910962E2,9.500793902586E1));
#9350=CARTESIAN_POINT('',(2.052774041454E1,2.044596850721E2,9.504989821726E1));
#9351=CARTESIAN_POINT('',(2.062677030045E1,2.044485487625E2,9.507419661124E1));
#9352=CARTESIAN_POINT('',(2.069579597749E1,2.044468090786E2,9.507778270437E1));
#9353=CARTESIAN_POINT('',(2.073112725125E1,2.044474432292E2,9.507623219313E1));
#9354=B_SPLINE_SURFACE_WITH_KNOTS('',3,3,((#9277,#9278,#9279,#9280,#9281,#9282,
#9283),(#9284,#9285,#9286,#9287,#9288,#9289,#9290),(#9291,#9292,#9293,#9294,
#9295,#9296,#9297),(#9298,#9299,#9300,#9301,#9302,#9303,#9304),(#9305,#9306,
#9307,#9308,#9309,#9310,#9311),(#9312,#9313,#9314,#9315,#9316,#9317,#9318),(
#9319,#9320,#9321,#9322,#9323,#9324,#9325),(#9326,#9327,#9328,#9329,#9330,#9331,
#9332),(#9333,#9334,#9335,#9336,#9337,#9338,#9339),(#9340,#9341,#9342,#9343,
#9344,#9345,#9346),(#9347,#9348,#9349,#9350,#9351,#9352,#9353)),.UNSPECIFIED.,
.F.,.F.,.F.,(4,1,1,1,1,1,1,1,4),(4,1,1,1,4),(-1.368419025006E-2,1.25E-1,2.5E-1,
3.75E-1,5.E-1,6.25E-1,7.5E-1,8.75E-1,1.014698650588E0),(-1.817182825815E-2,
2.5E-1,5.E-1,7.5E-1,1.014611447083E0),.UNSPECIFIED.);
#9355=ORIENTED_EDGE('',*,*,#9265,.F.);
#9357=ORIENTED_EDGE('',*,*,#9356,.F.);
#9359=ORIENTED_EDGE('',*,*,#9358,.T.);
#9361=ORIENTED_EDGE('',*,*,#9360,.F.);
#9362=EDGE_LOOP('',(#9355,#9357,#9359,#9361));
#9363=FACE_OUTER_BOUND('',#9362,.F.);
#9364=ADVANCED_FACE('',(#9363),#9354,.T.);
#9365=CARTESIAN_POINT('',(2.038546867398E1,2.048819085715E2,9.494330695256E1));
#9366=CARTESIAN_POINT('',(2.037480824301E1,2.048489486503E2,9.495511017279E1));
#9367=CARTESIAN_POINT('',(2.036215269062E1,2.047974016565E2,9.496857366605E1));
#9368=CARTESIAN_POINT('',(2.035183337881E1,2.047319976516E2,9.497751720486E1));
#9369=CARTESIAN_POINT('',(2.034741811914E1,2.046861924403E2,9.497994262275E1));
#9370=CARTESIAN_POINT('',(2.034622572636E1,2.046422988589E2,9.497845634250E1));
#9371=CARTESIAN_POINT('',(2.034917926239E1,2.045835195805E2,9.497159501898E1));
#9372=CARTESIAN_POINT('',(2.035703483726E1,2.045384585694E2,9.496158096203E1));
#9373=CARTESIAN_POINT('',(2.036517229036E1,2.045033385952E2,9.495390132982E1));
#9374=CARTESIAN_POINT('',(2.037935605319E1,2.048934174183E2,9.492887828860E1));
#9375=CARTESIAN_POINT('',(2.036854513570E1,2.048610643246E2,9.494167084379E1));
#9376=CARTESIAN_POINT('',(2.035504584553E1,2.048093287390E2,9.495590385367E1));
#9377=CARTESIAN_POINT('',(2.034305634084E1,2.047425616496E2,9.496513136377E1));
#9378=CARTESIAN_POINT('',(2.033730901136E1,2.046954551883E2,9.496755607869E1));
#9379=CARTESIAN_POINT('',(2.033481550514E1,2.046501637786E2,9.496599702315E1));
#9380=CARTESIAN_POINT('',(2.033622613050E1,2.045896181807E2,9.495912424635E1));
#9381=CARTESIAN_POINT('',(2.034343713277E1,2.045437318341E2,9.494942791850E1));
#9382=CARTESIAN_POINT('',(2.035161061710E1,2.045086052714E2,9.494233350090E1));
#9383=CARTESIAN_POINT('',(2.036895306979E1,2.049142219805E2,9.489993858614E1));
#9384=CARTESIAN_POINT('',(2.035697354741E1,2.048836474974E2,9.491356440911E1));
#9385=CARTESIAN_POINT('',(2.034128203449E1,2.048323290907E2,9.492849509655E1));
#9386=CARTESIAN_POINT('',(2.032618311911E1,2.047635054949E2,9.493823996226E1));
#9387=CARTESIAN_POINT('',(2.031822055295E1,2.047140930208E2,9.494098123144E1));
#9388=CARTESIAN_POINT('',(2.031371216360E1,2.046661195925E2,9.493980250217E1));
#9389=CARTESIAN_POINT('',(2.031283283324E1,2.046020052582E2,9.493370088492E1));
#9390=CARTESIAN_POINT('',(2.031910463202E1,2.045543191570E2,9.492506643009E1));
#9391=CARTESIAN_POINT('',(2.032722906402E1,2.045191895605E2,9.491907943061E1));
#9392=CARTESIAN_POINT('',(2.035701014926E1,2.049408550366E2,9.485551590010E1));
#9393=CARTESIAN_POINT('',(2.034203486082E1,2.049133678192E2,9.486794760924E1));
#9394=CARTESIAN_POINT('',(2.032236691634E1,2.048638824115E2,9.488195212733E1));
#9395=CARTESIAN_POINT('',(2.030299574545E1,2.047935717274E2,9.489197191356E1));
#9396=CARTESIAN_POINT('',(2.029239096795E1,2.047417192424E2,9.489554863684E1));
#9397=CARTESIAN_POINT('',(2.028571755350E1,2.046904945587E2,9.489575725258E1));
#9398=CARTESIAN_POINT('',(2.028251312082E1,2.046217011672E2,9.489216678959E1));
#9399=CARTESIAN_POINT('',(2.028776497205E1,2.045713877786E2,9.488594495021E1));
#9400=CARTESIAN_POINT('',(2.029549398020E1,2.045362513486E2,9.488157510160E1));
#9401=CARTESIAN_POINT('',(2.034863501332E1,2.049623473443E2,9.481243286188E1));
#9402=CARTESIAN_POINT('',(2.033044377117E1,2.049372728792E2,9.482248973497E1));
#9403=CARTESIAN_POINT('',(2.030689400188E1,2.048898881215E2,9.483445857143E1));
#9404=CARTESIAN_POINT('',(2.028378336062E1,2.048194997816E2,9.484415307803E1));
#9405=CARTESIAN_POINT('',(2.027102118831E1,2.047664773131E2,9.484843979858E1));
#9406=CARTESIAN_POINT('',(2.026266758448E1,2.047132876531E2,9.485012349210E1));
#9407=CARTESIAN_POINT('',(2.025766681396E1,2.046413445299E2,9.484930884500E1));
#9408=CARTESIAN_POINT('',(2.026197301679E1,2.045890176304E2,9.484568556414E1));
#9409=CARTESIAN_POINT('',(2.026903899677E1,2.045538607963E2,9.484285160950E1));
#9410=CARTESIAN_POINT('',(2.034345316955E1,2.049795464373E2,9.476971109139E1));
#9411=CARTESIAN_POINT('',(2.032236196939E1,2.049557282733E2,9.477713066236E1));
#9412=CARTESIAN_POINT('',(2.029536735301E1,2.049102399361E2,9.478661779763E1));
#9413=CARTESIAN_POINT('',(2.026896245881E1,2.048409973653E2,9.479541639477E1));
#9414=CARTESIAN_POINT('',(2.025428791199E1,2.047881108387E2,9.480002820815E1));
#9415=CARTESIAN_POINT('',(2.024440149113E1,2.047344053133E2,9.480285219075E1));
#9416=CARTESIAN_POINT('',(2.023764672921E1,2.046611554739E2,9.480444176700E1));
#9417=CARTESIAN_POINT('',(2.024081927744E1,2.046076563124E2,9.480325669450E1));
#9418=CARTESIAN_POINT('',(2.024695997018E1,2.045724734193E2,9.480191040813E1));
#9419=CARTESIAN_POINT('',(2.034155249364E1,2.049926653245E2,9.472738270655E1));
#9420=CARTESIAN_POINT('',(2.031830811446E1,2.049688903050E2,9.473253549709E1));
#9421=CARTESIAN_POINT('',(2.028863132957E1,2.049248977876E2,9.473962782093E1));
#9422=CARTESIAN_POINT('',(2.025941995762E1,2.048578223454E2,9.474712282003E1));
#9423=CARTESIAN_POINT('',(2.024297894725E1,2.048062846660E2,9.475160024214E1));
#9424=CARTESIAN_POINT('',(2.023153108184E1,2.047534870018E2,9.475502490063E1));
#9425=CARTESIAN_POINT('',(2.022279457205E1,2.046808214250E2,9.475828079915E1));
#9426=CARTESIAN_POINT('',(2.022450123449E1,2.046270919671E2,9.475911141957E1));
#9427=CARTESIAN_POINT('',(2.022948113047E1,2.045919069762E2,9.475915715072E1));
#9428=CARTESIAN_POINT('',(2.034304708836E1,2.050022645920E2,9.468486479273E1));
#9429=CARTESIAN_POINT('',(2.031858248107E1,2.049778063578E2,9.468833898316E1));
#9430=CARTESIAN_POINT('',(2.028712787170E1,2.049350605521E2,9.469342604734E1));
#9431=CARTESIAN_POINT('',(2.025561111707E1,2.048709037094E2,9.469950495106E1));
#9432=CARTESIAN_POINT('',(2.023750069608E1,2.048216166465E2,9.470354693725E1));
#9433=CARTESIAN_POINT('',(2.022438007201E1,2.047708164471E2,9.470712991132E1));
#9434=CARTESIAN_POINT('',(2.021331201438E1,2.047002330735E2,9.471136458269E1));
#9435=CARTESIAN_POINT('',(2.021316585508E1,2.046470881817E2,9.471373466474E1));
#9436=CARTESIAN_POINT('',(2.021678147735E1,2.046119723921E2,9.471501462818E1));
#9437=CARTESIAN_POINT('',(2.034827703390E1,2.050095495244E2,9.463922434915E1));
#9438=CARTESIAN_POINT('',(2.032342825983E1,2.049845394302E2,9.464152566674E1));
#9439=CARTESIAN_POINT('',(2.029100447330E1,2.049432372317E2,9.464512380541E1));
#9440=CARTESIAN_POINT('',(2.025759571509E1,2.048825372297E2,9.465005966492E1));
#9441=CARTESIAN_POINT('',(2.023785969830E1,2.048360176214E2,9.465369593886E1));
#9442=CARTESIAN_POINT('',(2.022290704909E1,2.047878244924E2,9.465732576843E1));
#9443=CARTESIAN_POINT('',(2.020909555209E1,2.047201939195E2,9.466224351413E1));
#9444=CARTESIAN_POINT('',(2.020666593465E1,2.046681846072E2,9.466583043272E1));
#9445=CARTESIAN_POINT('',(2.020868937983E1,2.046332725505E2,9.466816541974E1));
#9446=CARTESIAN_POINT('',(2.035460456285E1,2.050135740267E2,9.460573497799E1));
#9447=CARTESIAN_POINT('',(2.032985315937E1,2.049890313207E2,9.460771646884E1));
#9448=CARTESIAN_POINT('',(2.029719757678E1,2.049491319167E2,9.461097954470E1));
#9449=CARTESIAN_POINT('',(2.026283024548E1,2.048907652634E2,9.461580341531E1));
#9450=CARTESIAN_POINT('',(2.024212038151E1,2.048459937414E2,9.461951925216E1));
#9451=CARTESIAN_POINT('',(2.022595469039E1,2.047994336768E2,9.462339232203E1));
#9452=CARTESIAN_POINT('',(2.021020985171E1,2.047337062686E2,9.462886249481E1));
#9453=CARTESIAN_POINT('',(2.020607880693E1,2.046825572985E2,9.463311135332E1));
#9454=CARTESIAN_POINT('',(2.020692200228E1,2.046479151359E2,9.463597339825E1));
#9455=CARTESIAN_POINT('',(2.035876482290E1,2.050158689487E2,9.458673844042E1));
#9456=CARTESIAN_POINT('',(2.033400798835E1,2.049919448679E2,9.458888983360E1));
#9457=CARTESIAN_POINT('',(2.030123305067E1,2.049529287908E2,9.459238739106E1));
#9458=CARTESIAN_POINT('',(2.026643299907E1,2.048956649186E2,9.459751005801E1));
#9459=CARTESIAN_POINT('',(2.024527725345E1,2.048516478197E2,9.460144524858E1));
#9460=CARTESIAN_POINT('',(2.022853854015E1,2.048057691687E2,9.460554664306E1));
#9461=CARTESIAN_POINT('',(2.021184681305E1,2.047408427196E2,9.461135362121E1));
#9462=CARTESIAN_POINT('',(2.020683378708E1,2.046900998267E2,9.461589899024E1));
#9463=CARTESIAN_POINT('',(2.020703444301E1,2.046556415865E2,9.461899280881E1));
#9464=B_SPLINE_SURFACE_WITH_KNOTS('',3,3,((#9365,#9366,#9367,#9368,#9369,#9370,
#9371,#9372,#9373),(#9374,#9375,#9376,#9377,#9378,#9379,#9380,#9381,#9382),(
#9383,#9384,#9385,#9386,#9387,#9388,#9389,#9390,#9391),(#9392,#9393,#9394,#9395,
#9396,#9397,#9398,#9399,#9400),(#9401,#9402,#9403,#9404,#9405,#9406,#9407,#9408,
#9409),(#9410,#9411,#9412,#9413,#9414,#9415,#9416,#9417,#9418),(#9419,#9420,
#9421,#9422,#9423,#9424,#9425,#9426,#9427),(#9428,#9429,#9430,#9431,#9432,#9433,
#9434,#9435,#9436),(#9437,#9438,#9439,#9440,#9441,#9442,#9443,#9444,#9445),(
#9446,#9447,#9448,#9449,#9450,#9451,#9452,#9453,#9454),(#9455,#9456,#9457,#9458,
#9459,#9460,#9461,#9462,#9463)),.UNSPECIFIED.,.F.,.F.,.F.,(4,1,1,1,1,1,1,1,4),
(4,1,1,1,1,1,4),(-1.436836352981E-2,1.25E-1,2.5E-1,3.75E-1,5.E-1,6.25E-1,7.5E-1,
8.75E-1,1.014594151007E0),(-1.446797002591E-2,2.5E-1,3.75E-1,5.E-1,6.25E-1,
7.5E-1,1.014695083665E0),.UNSPECIFIED.);
#9466=ORIENTED_EDGE('',*,*,#9465,.F.);
#9468=ORIENTED_EDGE('',*,*,#9467,.F.);
#9469=ORIENTED_EDGE('',*,*,#9356,.T.);
#9470=ORIENTED_EDGE('',*,*,#9272,.F.);
#9471=EDGE_LOOP('',(#9466,#9468,#9469,#9470));
#9472=FACE_OUTER_BOUND('',#9471,.F.);
#9473=ADVANCED_FACE('',(#9472),#9464,.T.);
#9474=CARTESIAN_POINT('',(2.0707E1,1.923255529457E2,-4.634775240272E1));
#9475=DIRECTION('',(-1.354610867921E-13,-8.715574273603E-2,-9.961946980928E-1));
#9476=DIRECTION('',(0.E0,9.961946980928E-1,-8.715574273603E-2));
#9477=AXIS2_PLACEMENT_3D('',#9474,#9475,#9476);
#9478=CYLINDRICAL_SURFACE('',#9477,5.E-1);
#9480=ORIENTED_EDGE('',*,*,#9479,.F.);
#9482=ORIENTED_EDGE('',*,*,#9481,.F.);
#9484=ORIENTED_EDGE('',*,*,#9483,.T.);
#9485=ORIENTED_EDGE('',*,*,#9465,.T.);
#9486=ORIENTED_EDGE('',*,*,#8788,.T.);
#9487=EDGE_LOOP('',(#9480,#9482,#9484,#9485,#9486));
#9488=FACE_OUTER_BOUND('',#9487,.F.);
#9489=ADVANCED_FACE('',(#9488),#9478,.T.);
#9490=CARTESIAN_POINT('',(3.562500000002E1,2.131578179854E2,7.582698698570E1));
#9491=DIRECTION('',(-1.E0,0.E0,1.359688116771E-13));
#9492=DIRECTION('',(0.E0,1.E0,-5.194455976463E-14));
#9493=AXIS2_PLACEMENT_3D('',#9490,#9491,#9492);
#9494=CONICAL_SURFACE('',#9493,1.860824996301E1,2.E0);
#9495=ORIENTED_EDGE('',*,*,#9479,.T.);
#9496=ORIENTED_EDGE('',*,*,#8786,.F.);
#9497=ORIENTED_EDGE('',*,*,#8737,.T.);
#9499=ORIENTED_EDGE('',*,*,#9498,.T.);
#9501=ORIENTED_EDGE('',*,*,#9500,.F.);
#9503=ORIENTED_EDGE('',*,*,#9502,.F.);
#9505=ORIENTED_EDGE('',*,*,#9504,.T.);
#9507=ORIENTED_EDGE('',*,*,#9506,.F.);
#9508=EDGE_LOOP('',(#9495,#9496,#9497,#9499,#9501,#9503,#9505,#9507));
#9509=FACE_OUTER_BOUND('',#9508,.F.);
#9510=ADVANCED_FACE('',(#9509),#9494,.F.);
#9511=CARTESIAN_POINT('',(5.104300000001E1,2.028357454057E2,2.334987570303E1));
#9512=DIRECTION('',(1.E0,0.E0,0.E0));
#9513=DIRECTION('',(0.E0,1.E0,0.E0));
#9514=AXIS2_PLACEMENT_3D('',#9511,#9512,#9513);
#9515=PLANE('',#9514);
#9517=ORIENTED_EDGE('',*,*,#9516,.T.);
#9519=ORIENTED_EDGE('',*,*,#9518,.F.);
#9521=ORIENTED_EDGE('',*,*,#9520,.F.);
#9523=ORIENTED_EDGE('',*,*,#9522,.F.);
#9525=ORIENTED_EDGE('',*,*,#9524,.T.);
#9527=ORIENTED_EDGE('',*,*,#9526,.T.);
#9529=ORIENTED_EDGE('',*,*,#9528,.T.);
#9531=ORIENTED_EDGE('',*,*,#9530,.T.);
#9533=ORIENTED_EDGE('',*,*,#9532,.T.);
#9535=ORIENTED_EDGE('',*,*,#9534,.T.);
#9537=ORIENTED_EDGE('',*,*,#9536,.T.);
#9539=ORIENTED_EDGE('',*,*,#9538,.F.);
#9541=ORIENTED_EDGE('',*,*,#9540,.F.);
#9543=ORIENTED_EDGE('',*,*,#9542,.T.);
#9545=ORIENTED_EDGE('',*,*,#9544,.T.);
#9547=ORIENTED_EDGE('',*,*,#9546,.T.);
#9548=ORIENTED_EDGE('',*,*,#9498,.F.);
#9549=ORIENTED_EDGE('',*,*,#8735,.T.);
#9551=ORIENTED_EDGE('',*,*,#9550,.T.);
#9553=ORIENTED_EDGE('',*,*,#9552,.T.);
#9555=ORIENTED_EDGE('',*,*,#9554,.F.);
#9557=ORIENTED_EDGE('',*,*,#9556,.T.);
#9559=ORIENTED_EDGE('',*,*,#9558,.T.);
#9561=ORIENTED_EDGE('',*,*,#9560,.T.);
#9563=ORIENTED_EDGE('',*,*,#9562,.F.);
#9564=ORIENTED_EDGE('',*,*,#8720,.T.);
#9565=ORIENTED_EDGE('',*,*,#8754,.F.);
#9566=EDGE_LOOP('',(#9517,#9519,#9521,#9523,#9525,#9527,#9529,#9531,#9533,#9535,
#9537,#9539,#9541,#9543,#9545,#9547,#9548,#9549,#9551,#9553,#9555,#9557,#9559,
#9561,#9563,#9564,#9565));
#9567=FACE_OUTER_BOUND('',#9566,.F.);
#9568=ADVANCED_FACE('',(#9567),#9515,.F.);
#9569=CARTESIAN_POINT('',(5.396514823847E1,1.769E2,7.217205403742E1));
#9570=DIRECTION('',(3.489949670264E-2,0.E0,9.993908270191E-1));
#9571=DIRECTION('',(9.993908270191E-1,0.E0,-3.489949670264E-2));
#9572=AXIS2_PLACEMENT_3D('',#9569,#9570,#9571);
#9573=PLANE('',#9572);
#9575=ORIENTED_EDGE('',*,*,#9574,.T.);
#9577=ORIENTED_EDGE('',*,*,#9576,.F.);
#9578=ORIENTED_EDGE('',*,*,#9516,.F.);
#9579=ORIENTED_EDGE('',*,*,#8752,.F.);
#9580=ORIENTED_EDGE('',*,*,#8782,.T.);
#9582=ORIENTED_EDGE('',*,*,#9581,.T.);
#9583=EDGE_LOOP('',(#9575,#9577,#9578,#9579,#9580,#9582));
#9584=FACE_OUTER_BOUND('',#9583,.F.);
#9585=ADVANCED_FACE('',(#9584),#9573,.F.);
#9586=CARTESIAN_POINT('',(3.121328277351E1,1.735468904035E2,7.300148745632E1));
#9587=DIRECTION('',(-1.E0,0.E0,1.359537482593E-13));
#9588=DIRECTION('',(0.E0,-1.E0,0.E0));
#9589=AXIS2_PLACEMENT_3D('',#9586,#9587,#9588);
#9590=PLANE('',#9589);
#9592=ORIENTED_EDGE('',*,*,#9591,.T.);
#9594=ORIENTED_EDGE('',*,*,#9593,.F.);
#9596=ORIENTED_EDGE('',*,*,#9595,.F.);
#9597=ORIENTED_EDGE('',*,*,#9574,.F.);
#9599=ORIENTED_EDGE('',*,*,#9598,.T.);
#9600=EDGE_LOOP('',(#9592,#9594,#9596,#9597,#9599));
#9601=FACE_OUTER_BOUND('',#9600,.F.);
#9602=ADVANCED_FACE('',(#9601),#9590,.T.);
#9603=CARTESIAN_POINT('',(2.292569485939E1,1.783104165301E2,7.425658517832E1));
#9604=DIRECTION('',(-3.489949670264E-2,0.E0,-9.993908270191E-1));
#9605=DIRECTION('',(0.E0,-1.E0,0.E0));
#9606=AXIS2_PLACEMENT_3D('',#9603,#9604,#9605);
#9607=PLANE('',#9606);
#9609=ORIENTED_EDGE('',*,*,#9608,.T.);
#9610=ORIENTED_EDGE('',*,*,#9591,.F.);
#9612=ORIENTED_EDGE('',*,*,#9611,.T.);
#9614=ORIENTED_EDGE('',*,*,#9613,.F.);
#9615=EDGE_LOOP('',(#9609,#9610,#9612,#9614));
#9616=FACE_OUTER_BOUND('',#9615,.F.);
#9617=ADVANCED_FACE('',(#9616),#9607,.T.);
#9618=CARTESIAN_POINT('',(-1.63798E2,1.769E2,1.228404976557E2));
#9619=DIRECTION('',(0.E0,-1.E0,0.E0));
#9620=DIRECTION('',(-1.E0,0.E0,0.E0));
#9621=AXIS2_PLACEMENT_3D('',#9618,#9619,#9620);
#9622=PLANE('',#9621);
#9624=ORIENTED_EDGE('',*,*,#9623,.F.);
#9626=ORIENTED_EDGE('',*,*,#9625,.F.);
#9628=ORIENTED_EDGE('',*,*,#9627,.F.);
#9630=ORIENTED_EDGE('',*,*,#9629,.T.);
#9632=ORIENTED_EDGE('',*,*,#9631,.F.);
#9634=ORIENTED_EDGE('',*,*,#9633,.F.);
#9636=ORIENTED_EDGE('',*,*,#9635,.F.);
#9638=ORIENTED_EDGE('',*,*,#9637,.T.);
#9639=ORIENTED_EDGE('',*,*,#9520,.T.);
#9641=ORIENTED_EDGE('',*,*,#9640,.T.);
#9642=ORIENTED_EDGE('',*,*,#9593,.T.);
#9643=ORIENTED_EDGE('',*,*,#9608,.F.);
#9645=ORIENTED_EDGE('',*,*,#9644,.F.);
#9647=ORIENTED_EDGE('',*,*,#9646,.F.);
#9649=ORIENTED_EDGE('',*,*,#9648,.F.);
#9651=ORIENTED_EDGE('',*,*,#9650,.T.);
#9653=ORIENTED_EDGE('',*,*,#9652,.F.);
#9655=ORIENTED_EDGE('',*,*,#9654,.F.);
#9656=ORIENTED_EDGE('',*,*,#7676,.T.);
#9658=ORIENTED_EDGE('',*,*,#9657,.T.);
#9660=ORIENTED_EDGE('',*,*,#9659,.F.);
#9662=ORIENTED_EDGE('',*,*,#9661,.T.);
#9664=ORIENTED_EDGE('',*,*,#9663,.F.);
#9666=ORIENTED_EDGE('',*,*,#9665,.T.);
#9668=ORIENTED_EDGE('',*,*,#9667,.T.);
#9670=ORIENTED_EDGE('',*,*,#9669,.F.);
#9672=ORIENTED_EDGE('',*,*,#9671,.F.);
#9674=ORIENTED_EDGE('',*,*,#9673,.T.);
#9676=ORIENTED_EDGE('',*,*,#9675,.T.);
#9678=ORIENTED_EDGE('',*,*,#9677,.F.);
#9680=ORIENTED_EDGE('',*,*,#9679,.T.);
#9681=EDGE_LOOP('',(#9624,#9626,#9628,#9630,#9632,#9634,#9636,#9638,#9639,#9641,
#9642,#9643,#9645,#9647,#9649,#9651,#9653,#9655,#9656,#9658,#9660,#9662,#9664,
#9666,#9668,#9670,#9672,#9674,#9676,#9678,#9680));
#9682=FACE_OUTER_BOUND('',#9681,.F.);
#9683=ADVANCED_FACE('',(#9682),#9622,.T.);
#9684=CARTESIAN_POINT('',(4.739813074976E1,1.774E2,1.198894278189E1));
#9685=DIRECTION('',(3.639706545671E-10,0.E0,-1.E0));
#9686=DIRECTION('',(-1.E0,0.E0,-3.639706545671E-10));
#9687=AXIS2_PLACEMENT_3D('',#9684,#9685,#9686);
#9688=CYLINDRICAL_SURFACE('',#9687,5.E-1);
#9689=ORIENTED_EDGE('',*,*,#9623,.T.);
#9691=ORIENTED_EDGE('',*,*,#9690,.T.);
#9693=ORIENTED_EDGE('',*,*,#9692,.F.);
#9695=ORIENTED_EDGE('',*,*,#9694,.F.);
#9696=EDGE_LOOP('',(#9689,#9691,#9693,#9695));
#9697=FACE_OUTER_BOUND('',#9696,.F.);
#9698=ADVANCED_FACE('',(#9697),#9688,.T.);
#9699=CARTESIAN_POINT('',(3.163504411172E1,2.049973861262E2,3.488942776151E0));
#9700=DIRECTION('',(3.639706545671E-10,0.E0,-1.E0));
#9701=DIRECTION('',(-1.E0,0.E0,-3.639706545671E-10));
#9702=AXIS2_PLACEMENT_3D('',#9699,#9700,#9701);
#9703=PLANE('',#9702);
#9705=ORIENTED_EDGE('',*,*,#9704,.T.);
#9707=ORIENTED_EDGE('',*,*,#9706,.F.);
#9709=ORIENTED_EDGE('',*,*,#9708,.F.);
#9711=ORIENTED_EDGE('',*,*,#9710,.T.);
#9712=ORIENTED_EDGE('',*,*,#9690,.F.);
#9713=ORIENTED_EDGE('',*,*,#9679,.F.);
#9714=EDGE_LOOP('',(#9705,#9707,#9709,#9711,#9712,#9713));
#9715=FACE_OUTER_BOUND('',#9714,.F.);
#9716=ADVANCED_FACE('',(#9715),#9703,.T.);
#9717=CARTESIAN_POINT('',(5.384300000001E1,2.011504013776E2,5.680535444414E1));
#9718=DIRECTION('',(-1.E0,0.E0,0.E0));
#9719=DIRECTION('',(0.E0,-1.E0,0.E0));
#9720=AXIS2_PLACEMENT_3D('',#9717,#9718,#9719);
#9721=PLANE('',#9720);
#9723=ORIENTED_EDGE('',*,*,#9722,.F.);
#9725=ORIENTED_EDGE('',*,*,#9724,.T.);
#9727=ORIENTED_EDGE('',*,*,#9726,.F.);
#9728=ORIENTED_EDGE('',*,*,#9635,.T.);
#9730=ORIENTED_EDGE('',*,*,#9729,.T.);
#9732=ORIENTED_EDGE('',*,*,#9731,.T.);
#9733=ORIENTED_EDGE('',*,*,#9704,.F.);
#9734=ORIENTED_EDGE('',*,*,#9677,.T.);
#9735=EDGE_LOOP('',(#9723,#9725,#9727,#9728,#9730,#9732,#9733,#9734));
#9736=FACE_OUTER_BOUND('',#9735,.F.);
#9738=ORIENTED_EDGE('',*,*,#9737,.T.);
#9740=ORIENTED_EDGE('',*,*,#9739,.T.);
#9741=EDGE_LOOP('',(#9738,#9740));
#9742=FACE_BOUND('',#9741,.F.);
#9744=ORIENTED_EDGE('',*,*,#9743,.T.);
#9746=ORIENTED_EDGE('',*,*,#9745,.T.);
#9747=EDGE_LOOP('',(#9744,#9746));
#9748=FACE_BOUND('',#9747,.F.);
#9750=ORIENTED_EDGE('',*,*,#9749,.T.);
#9752=ORIENTED_EDGE('',*,*,#9751,.T.);
#9753=EDGE_LOOP('',(#9750,#9752));
#9754=FACE_BOUND('',#9753,.F.);
#9755=ADVANCED_FACE('',(#9736,#9742,#9748,#9754),#9721,.T.);
#9756=CARTESIAN_POINT('',(5.384300000001E1,1.819E2,-4.070735310193E0));
#9757=DIRECTION('',(-1.E0,0.E0,0.E0));
#9758=DIRECTION('',(0.E0,0.E0,1.E0));
#9759=AXIS2_PLACEMENT_3D('',#9756,#9757,#9758);
#9760=CYLINDRICAL_SURFACE('',#9759,2.E0);
#9762=ORIENTED_EDGE('',*,*,#9761,.T.);
#9764=ORIENTED_EDGE('',*,*,#9763,.F.);
#9765=ORIENTED_EDGE('',*,*,#9749,.F.);
#9767=ORIENTED_EDGE('',*,*,#9766,.T.);
#9768=EDGE_LOOP('',(#9762,#9764,#9765,#9767));
#9769=FACE_OUTER_BOUND('',#9768,.F.);
#9770=ADVANCED_FACE('',(#9769),#9760,.T.);
#9771=CARTESIAN_POINT('',(5.234300000001E1,1.9565E2,3.149572426420E1));
#9772=DIRECTION('',(-1.E0,0.E0,0.E0));
#9773=DIRECTION('',(0.E0,0.E0,1.E0));
#9774=AXIS2_PLACEMENT_3D('',#9771,#9772,#9773);
#9775=PLANE('',#9774);
#9776=ORIENTED_EDGE('',*,*,#9761,.F.);
#9778=ORIENTED_EDGE('',*,*,#9777,.F.);
#9779=EDGE_LOOP('',(#9776,#9778));
#9780=FACE_OUTER_BOUND('',#9779,.F.);
#9782=ORIENTED_EDGE('',*,*,#9781,.T.);
#9784=ORIENTED_EDGE('',*,*,#9783,.T.);
#9785=EDGE_LOOP('',(#9782,#9784));
#9786=FACE_BOUND('',#9785,.F.);
#9787=ADVANCED_FACE('',(#9780,#9786),#9775,.T.);
#9788=CARTESIAN_POINT('',(5.384300000001E1,1.819E2,-4.070735310193E0));
#9789=DIRECTION('',(-1.E0,0.E0,0.E0));
#9790=DIRECTION('',(0.E0,0.E0,1.E0));
#9791=AXIS2_PLACEMENT_3D('',#9788,#9789,#9790);
#9792=CYLINDRICAL_SURFACE('',#9791,2.E0);
#9793=ORIENTED_EDGE('',*,*,#9766,.F.);
#9794=ORIENTED_EDGE('',*,*,#9751,.F.);
#9795=ORIENTED_EDGE('',*,*,#9763,.T.);
#9796=ORIENTED_EDGE('',*,*,#9777,.T.);
#9797=EDGE_LOOP('',(#9793,#9794,#9795,#9796));
#9798=FACE_OUTER_BOUND('',#9797,.F.);
#9799=ADVANCED_FACE('',(#9798),#9792,.T.);
#9800=CARTESIAN_POINT('',(5.234300000001E1,1.819E2,-4.070735310193E0));
#9801=DIRECTION('',(-1.E0,0.E0,0.E0));
#9802=DIRECTION('',(0.E0,-1.E0,0.E0));
#9803=AXIS2_PLACEMENT_3D('',#9800,#9801,#9802);
#9804=CYLINDRICAL_SURFACE('',#9803,1.E0);
#9805=ORIENTED_EDGE('',*,*,#9781,.F.);
#9807=ORIENTED_EDGE('',*,*,#9806,.F.);
#9809=ORIENTED_EDGE('',*,*,#9808,.T.);
#9811=ORIENTED_EDGE('',*,*,#9810,.T.);
#9812=EDGE_LOOP('',(#9805,#9807,#9809,#9811));
#9813=FACE_OUTER_BOUND('',#9812,.F.);
#9814=ADVANCED_FACE('',(#9813),#9804,.F.);
#9815=CARTESIAN_POINT('',(5.234300000001E1,1.819E2,-4.070735310193E0));
#9816=DIRECTION('',(-1.E0,0.E0,0.E0));
#9817=DIRECTION('',(0.E0,-1.E0,0.E0));
#9818=AXIS2_PLACEMENT_3D('',#9815,#9816,#9817);
#9819=CYLINDRICAL_SURFACE('',#9818,1.E0);
#9820=ORIENTED_EDGE('',*,*,#9806,.T.);
#9821=ORIENTED_EDGE('',*,*,#9783,.F.);
#9822=ORIENTED_EDGE('',*,*,#9810,.F.);
#9824=ORIENTED_EDGE('',*,*,#9823,.T.);
#9825=EDGE_LOOP('',(#9820,#9821,#9822,#9824));
#9826=FACE_OUTER_BOUND('',#9825,.F.);
#9827=ADVANCED_FACE('',(#9826),#9819,.F.);
#9828=CARTESIAN_POINT('',(5.384300000001E1,2.011504013776E2,5.680535444414E1));
#9829=DIRECTION('',(-1.E0,0.E0,0.E0));
#9830=DIRECTION('',(0.E0,-1.E0,0.E0));
#9831=AXIS2_PLACEMENT_3D('',#9828,#9829,#9830);
#9832=PLANE('',#9831);
#9833=ORIENTED_EDGE('',*,*,#9808,.F.);
#9834=ORIENTED_EDGE('',*,*,#9823,.F.);
#9835=EDGE_LOOP('',(#9833,#9834));
#9836=FACE_OUTER_BOUND('',#9835,.F.);
#9837=ADVANCED_FACE('',(#9836),#9832,.T.);
#9838=CARTESIAN_POINT('',(5.384300000001E1,2.089E2,4.292926468974E1));
#9839=DIRECTION('',(-1.E0,0.E0,0.E0));
#9840=DIRECTION('',(0.E0,0.E0,1.E0));
#9841=AXIS2_PLACEMENT_3D('',#9838,#9839,#9840);
#9842=CYLINDRICAL_SURFACE('',#9841,2.E0);
#9844=ORIENTED_EDGE('',*,*,#9843,.T.);
#9846=ORIENTED_EDGE('',*,*,#9845,.F.);
#9847=ORIENTED_EDGE('',*,*,#9737,.F.);
#9849=ORIENTED_EDGE('',*,*,#9848,.T.);
#9850=EDGE_LOOP('',(#9844,#9846,#9847,#9849));
#9851=FACE_OUTER_BOUND('',#9850,.F.);
#9852=ADVANCED_FACE('',(#9851),#9842,.T.);
#9853=CARTESIAN_POINT('',(5.234300000001E1,1.9565E2,3.149572426420E1));
#9854=DIRECTION('',(-1.E0,0.E0,0.E0));
#9855=DIRECTION('',(0.E0,0.E0,1.E0));
#9856=AXIS2_PLACEMENT_3D('',#9853,#9854,#9855);
#9857=PLANE('',#9856);
#9858=ORIENTED_EDGE('',*,*,#9843,.F.);
#9860=ORIENTED_EDGE('',*,*,#9859,.F.);
#9861=EDGE_LOOP('',(#9858,#9860));
#9862=FACE_OUTER_BOUND('',#9861,.F.);
#9864=ORIENTED_EDGE('',*,*,#9863,.T.);
#9866=ORIENTED_EDGE('',*,*,#9865,.T.);
#9867=EDGE_LOOP('',(#9864,#9866));
#9868=FACE_BOUND('',#9867,.F.);
#9869=ADVANCED_FACE('',(#9862,#9868),#9857,.T.);
#9870=CARTESIAN_POINT('',(5.384300000001E1,2.089E2,4.292926468974E1));
#9871=DIRECTION('',(-1.E0,0.E0,0.E0));
#9872=DIRECTION('',(0.E0,0.E0,1.E0));
#9873=AXIS2_PLACEMENT_3D('',#9870,#9871,#9872);
#9874=CYLINDRICAL_SURFACE('',#9873,2.E0);
#9875=ORIENTED_EDGE('',*,*,#9848,.F.);
#9876=ORIENTED_EDGE('',*,*,#9739,.F.);
#9877=ORIENTED_EDGE('',*,*,#9845,.T.);
#9878=ORIENTED_EDGE('',*,*,#9859,.T.);
#9879=EDGE_LOOP('',(#9875,#9876,#9877,#9878));
#9880=FACE_OUTER_BOUND('',#9879,.F.);
#9881=ADVANCED_FACE('',(#9880),#9874,.T.);
#9882=CARTESIAN_POINT('',(5.234300000001E1,2.089E2,4.292926468974E1));
#9883=DIRECTION('',(-1.E0,0.E0,0.E0));
#9884=DIRECTION('',(0.E0,-1.E0,0.E0));
#9885=AXIS2_PLACEMENT_3D('',#9882,#9883,#9884);
#9886=CYLINDRICAL_SURFACE('',#9885,1.E0);
#9887=ORIENTED_EDGE('',*,*,#9863,.F.);
#9889=ORIENTED_EDGE('',*,*,#9888,.F.);
#9891=ORIENTED_EDGE('',*,*,#9890,.T.);
#9893=ORIENTED_EDGE('',*,*,#9892,.T.);
#9894=EDGE_LOOP('',(#9887,#9889,#9891,#9893));
#9895=FACE_OUTER_BOUND('',#9894,.F.);
#9896=ADVANCED_FACE('',(#9895),#9886,.F.);
#9897=CARTESIAN_POINT('',(5.234300000001E1,2.089E2,4.292926468974E1));
#9898=DIRECTION('',(-1.E0,0.E0,0.E0));
#9899=DIRECTION('',(0.E0,-1.E0,0.E0));
#9900=AXIS2_PLACEMENT_3D('',#9897,#9898,#9899);
#9901=CYLINDRICAL_SURFACE('',#9900,1.E0);
#9902=ORIENTED_EDGE('',*,*,#9888,.T.);
#9903=ORIENTED_EDGE('',*,*,#9865,.F.);
#9904=ORIENTED_EDGE('',*,*,#9892,.F.);
#9906=ORIENTED_EDGE('',*,*,#9905,.T.);
#9907=EDGE_LOOP('',(#9902,#9903,#9904,#9906));
#9908=FACE_OUTER_BOUND('',#9907,.F.);
#9909=ADVANCED_FACE('',(#9908),#9901,.F.);
#9910=CARTESIAN_POINT('',(5.384300000001E1,2.011504013776E2,5.680535444414E1));
#9911=DIRECTION('',(-1.E0,0.E0,0.E0));
#9912=DIRECTION('',(0.E0,-1.E0,0.E0));
#9913=AXIS2_PLACEMENT_3D('',#9910,#9911,#9912);
#9914=PLANE('',#9913);
#9915=ORIENTED_EDGE('',*,*,#9890,.F.);
#9916=ORIENTED_EDGE('',*,*,#9905,.F.);
#9917=EDGE_LOOP('',(#9915,#9916));
#9918=FACE_OUTER_BOUND('',#9917,.F.);
#9919=ADVANCED_FACE('',(#9918),#9914,.T.);
#9920=CARTESIAN_POINT('',(5.384300000001E1,1.819E2,4.292926468974E1));
#9921=DIRECTION('',(-1.E0,0.E0,0.E0));
#9922=DIRECTION('',(0.E0,0.E0,-1.E0));
#9923=AXIS2_PLACEMENT_3D('',#9920,#9921,#9922);
#9924=CYLINDRICAL_SURFACE('',#9923,2.E0);
#9926=ORIENTED_EDGE('',*,*,#9925,.T.);
#9928=ORIENTED_EDGE('',*,*,#9927,.F.);
#9929=ORIENTED_EDGE('',*,*,#9743,.F.);
#9931=ORIENTED_EDGE('',*,*,#9930,.T.);
#9932=EDGE_LOOP('',(#9926,#9928,#9929,#9931));
#9933=FACE_OUTER_BOUND('',#9932,.F.);
#9934=ADVANCED_FACE('',(#9933),#9924,.T.);
#9935=CARTESIAN_POINT('',(5.234300000001E1,1.9565E2,3.149572426420E1));
#9936=DIRECTION('',(-1.E0,0.E0,0.E0));
#9937=DIRECTION('',(0.E0,0.E0,1.E0));
#9938=AXIS2_PLACEMENT_3D('',#9935,#9936,#9937);
#9939=PLANE('',#9938);
#9940=ORIENTED_EDGE('',*,*,#9925,.F.);
#9942=ORIENTED_EDGE('',*,*,#9941,.F.);
#9943=EDGE_LOOP('',(#9940,#9942));
#9944=FACE_OUTER_BOUND('',#9943,.F.);
#9946=ORIENTED_EDGE('',*,*,#9945,.T.);
#9948=ORIENTED_EDGE('',*,*,#9947,.T.);
#9949=EDGE_LOOP('',(#9946,#9948));
#9950=FACE_BOUND('',#9949,.F.);
#9951=ADVANCED_FACE('',(#9944,#9950),#9939,.T.);
#9952=CARTESIAN_POINT('',(5.384300000001E1,1.819E2,4.292926468974E1));
#9953=DIRECTION('',(-1.E0,0.E0,0.E0));
#9954=DIRECTION('',(0.E0,0.E0,-1.E0));
#9955=AXIS2_PLACEMENT_3D('',#9952,#9953,#9954);
#9956=CYLINDRICAL_SURFACE('',#9955,2.E0);
#9957=ORIENTED_EDGE('',*,*,#9930,.F.);
#9958=ORIENTED_EDGE('',*,*,#9745,.F.);
#9959=ORIENTED_EDGE('',*,*,#9927,.T.);
#9960=ORIENTED_EDGE('',*,*,#9941,.T.);
#9961=EDGE_LOOP('',(#9957,#9958,#9959,#9960));
#9962=FACE_OUTER_BOUND('',#9961,.F.);
#9963=ADVANCED_FACE('',(#9962),#9956,.T.);
#9964=CARTESIAN_POINT('',(5.234300000001E1,1.819E2,4.292926468974E1));
#9965=DIRECTION('',(-1.E0,0.E0,0.E0));
#9966=DIRECTION('',(0.E0,-1.E0,0.E0));
#9967=AXIS2_PLACEMENT_3D('',#9964,#9965,#9966);
#9968=CYLINDRICAL_SURFACE('',#9967,1.E0);
#9969=ORIENTED_EDGE('',*,*,#9945,.F.);
#9971=ORIENTED_EDGE('',*,*,#9970,.F.);
#9973=ORIENTED_EDGE('',*,*,#9972,.T.);
#9975=ORIENTED_EDGE('',*,*,#9974,.T.);
#9976=EDGE_LOOP('',(#9969,#9971,#9973,#9975));
#9977=FACE_OUTER_BOUND('',#9976,.F.);
#9978=ADVANCED_FACE('',(#9977),#9968,.F.);
#9979=CARTESIAN_POINT('',(5.234300000001E1,1.819E2,4.292926468974E1));
#9980=DIRECTION('',(-1.E0,0.E0,0.E0));
#9981=DIRECTION('',(0.E0,-1.E0,0.E0));
#9982=AXIS2_PLACEMENT_3D('',#9979,#9980,#9981);
#9983=CYLINDRICAL_SURFACE('',#9982,1.E0);
#9984=ORIENTED_EDGE('',*,*,#9970,.T.);
#9985=ORIENTED_EDGE('',*,*,#9947,.F.);
#9986=ORIENTED_EDGE('',*,*,#9974,.F.);
#9988=ORIENTED_EDGE('',*,*,#9987,.T.);
#9989=EDGE_LOOP('',(#9984,#9985,#9986,#9988));
#9990=FACE_OUTER_BOUND('',#9989,.F.);
#9991=ADVANCED_FACE('',(#9990),#9983,.F.);
#9992=CARTESIAN_POINT('',(5.384300000001E1,2.011504013776E2,5.680535444414E1));
#9993=DIRECTION('',(-1.E0,0.E0,0.E0));
#9994=DIRECTION('',(0.E0,-1.E0,0.E0));
#9995=AXIS2_PLACEMENT_3D('',#9992,#9993,#9994);
#9996=PLANE('',#9995);
#9997=ORIENTED_EDGE('',*,*,#9972,.F.);
#9998=ORIENTED_EDGE('',*,*,#9987,.F.);
#9999=EDGE_LOOP('',(#9997,#9998));
#10000=FACE_OUTER_BOUND('',#9999,.F.);
#10001=ADVANCED_FACE('',(#10000),#9996,.T.);
#10002=CARTESIAN_POINT('',(4.084300000001E1,1.525208187149E2,
-4.634775240272E1));
#10003=DIRECTION('',(0.E0,6.427876096865E-1,7.660444431190E-1));
#10004=DIRECTION('',(0.E0,-7.660444431190E-1,6.427876096865E-1));
#10005=AXIS2_PLACEMENT_3D('',#10002,#10003,#10004);
#10006=CYLINDRICAL_SURFACE('',#10005,1.3E1);
#10007=ORIENTED_EDGE('',*,*,#9722,.T.);
#10008=ORIENTED_EDGE('',*,*,#9675,.F.);
#10010=ORIENTED_EDGE('',*,*,#10009,.F.);
#10011=ORIENTED_EDGE('',*,*,#7166,.F.);
#10013=ORIENTED_EDGE('',*,*,#10012,.F.);
#10015=ORIENTED_EDGE('',*,*,#10014,.F.);
#10017=ORIENTED_EDGE('',*,*,#10016,.T.);
#10019=ORIENTED_EDGE('',*,*,#10018,.F.);
#10021=ORIENTED_EDGE('',*,*,#10020,.F.);
#10022=ORIENTED_EDGE('',*,*,#7150,.F.);
#10024=ORIENTED_EDGE('',*,*,#10023,.F.);
#10026=ORIENTED_EDGE('',*,*,#10025,.F.);
#10028=ORIENTED_EDGE('',*,*,#10027,.F.);
#10030=ORIENTED_EDGE('',*,*,#10029,.F.);
#10032=ORIENTED_EDGE('',*,*,#10031,.T.);
#10034=ORIENTED_EDGE('',*,*,#10033,.F.);
#10036=ORIENTED_EDGE('',*,*,#10035,.F.);
#10038=ORIENTED_EDGE('',*,*,#10037,.F.);
#10040=ORIENTED_EDGE('',*,*,#10039,.F.);
#10042=ORIENTED_EDGE('',*,*,#10041,.T.);
#10044=ORIENTED_EDGE('',*,*,#10043,.F.);
#10046=ORIENTED_EDGE('',*,*,#10045,.T.);
#10048=ORIENTED_EDGE('',*,*,#10047,.T.);
#10050=ORIENTED_EDGE('',*,*,#10049,.F.);
#10052=ORIENTED_EDGE('',*,*,#10051,.F.);
#10054=ORIENTED_EDGE('',*,*,#10053,.F.);
#10056=ORIENTED_EDGE('',*,*,#10055,.T.);
#10058=ORIENTED_EDGE('',*,*,#10057,.T.);
#10060=ORIENTED_EDGE('',*,*,#10059,.F.);
#10062=ORIENTED_EDGE('',*,*,#10061,.T.);
#10064=ORIENTED_EDGE('',*,*,#10063,.F.);
#10066=ORIENTED_EDGE('',*,*,#10065,.T.);
#10068=ORIENTED_EDGE('',*,*,#10067,.F.);
#10069=EDGE_LOOP('',(#10007,#10008,#10010,#10011,#10013,#10015,#10017,#10019,
#10021,#10022,#10024,#10026,#10028,#10030,#10032,#10034,#10036,#10038,#10040,
#10042,#10044,#10046,#10048,#10050,#10052,#10054,#10056,#10058,#10060,#10062,
#10064,#10066,#10068));
#10070=FACE_OUTER_BOUND('',#10069,.F.);
#10071=ADVANCED_FACE('',(#10070),#10006,.F.);
#10072=CARTESIAN_POINT('',(2.26000008E1,1.784673849767E2,-3.565024859395E1));
#10073=DIRECTION('',(0.E0,0.E0,-1.E0));
#10074=DIRECTION('',(0.E0,1.E0,0.E0));
#10075=AXIS2_PLACEMENT_3D('',#10072,#10073,#10074);
#10076=PLANE('',#10075);
#10077=ORIENTED_EDGE('',*,*,#9673,.F.);
#10079=ORIENTED_EDGE('',*,*,#10078,.T.);
#10081=ORIENTED_EDGE('',*,*,#10080,.F.);
#10082=ORIENTED_EDGE('',*,*,#7515,.F.);
#10083=ORIENTED_EDGE('',*,*,#7168,.T.);
#10084=ORIENTED_EDGE('',*,*,#10009,.T.);
#10085=EDGE_LOOP('',(#10077,#10079,#10081,#10082,#10083,#10084));
#10086=FACE_OUTER_BOUND('',#10085,.F.);
#10087=ADVANCED_FACE('',(#10086),#10076,.F.);
#10088=CARTESIAN_POINT('',(2.309960000001E1,1.769E2,-3.565024859395E1));
#10089=DIRECTION('',(0.E0,7.808688365302E-1,-6.246950136954E-1));
#10090=DIRECTION('',(0.E0,-6.246950136954E-1,-7.808688365302E-1));
#10091=AXIS2_PLACEMENT_3D('',#10088,#10089,#10090);
#10092=PLANE('',#10091);
#10094=ORIENTED_EDGE('',*,*,#10093,.T.);
#10096=ORIENTED_EDGE('',*,*,#10095,.T.);
#10098=ORIENTED_EDGE('',*,*,#10097,.F.);
#10100=ORIENTED_EDGE('',*,*,#10099,.T.);
#10101=ORIENTED_EDGE('',*,*,#10078,.F.);
#10103=ORIENTED_EDGE('',*,*,#10102,.T.);
#10105=ORIENTED_EDGE('',*,*,#10104,.F.);
#10107=ORIENTED_EDGE('',*,*,#10106,.T.);
#10108=EDGE_LOOP('',(#10094,#10096,#10098,#10100,#10101,#10103,#10105,#10107));
#10109=FACE_OUTER_BOUND('',#10108,.F.);
#10110=ADVANCED_FACE('',(#10109),#10092,.F.);
#10111=CARTESIAN_POINT('',(3.061601879531E1,1.741E2,-4.553500125764E1));
#10112=DIRECTION('',(0.E0,-1.E0,0.E0));
#10113=DIRECTION('',(1.E0,0.E0,0.E0));
#10114=AXIS2_PLACEMENT_3D('',#10111,#10112,#10113);
#10115=PLANE('',#10114);
#10117=ORIENTED_EDGE('',*,*,#10116,.T.);
#10118=ORIENTED_EDGE('',*,*,#10093,.F.);
#10120=ORIENTED_EDGE('',*,*,#10119,.F.);
#10122=ORIENTED_EDGE('',*,*,#10121,.F.);
#10124=ORIENTED_EDGE('',*,*,#10123,.T.);
#10126=ORIENTED_EDGE('',*,*,#10125,.T.);
#10128=ORIENTED_EDGE('',*,*,#10127,.T.);
#10130=ORIENTED_EDGE('',*,*,#10129,.T.);
#10131=EDGE_LOOP('',(#10117,#10118,#10120,#10122,#10124,#10126,#10128,#10130));
#10132=FACE_OUTER_BOUND('',#10131,.F.);
#10133=ADVANCED_FACE('',(#10132),#10115,.T.);
#10134=CARTESIAN_POINT('',(2.450200000001E1,1.746E2,-4.242512424893E1));
#10135=DIRECTION('',(7.071067811865E-1,7.071067811865E-1,0.E0));
#10136=DIRECTION('',(-7.071067811865E-1,7.071067811865E-1,0.E0));
#10137=AXIS2_PLACEMENT_3D('',#10134,#10135,#10136);
#10138=PLANE('',#10137);
#10139=ORIENTED_EDGE('',*,*,#10116,.F.);
#10141=ORIENTED_EDGE('',*,*,#10140,.F.);
#10143=ORIENTED_EDGE('',*,*,#10142,.T.);
#10145=ORIENTED_EDGE('',*,*,#10144,.T.);
#10147=ORIENTED_EDGE('',*,*,#10146,.F.);
#10148=ORIENTED_EDGE('',*,*,#10095,.F.);
#10149=EDGE_LOOP('',(#10139,#10141,#10143,#10145,#10147,#10148));
#10150=FACE_OUTER_BOUND('',#10149,.F.);
#10151=ADVANCED_FACE('',(#10150),#10138,.F.);
#10152=CARTESIAN_POINT('',(2.219536359900E1,2.349324E2,-4.619999959280E1));
#10153=DIRECTION('',(0.E0,0.E0,1.E0));
#10154=DIRECTION('',(1.E0,0.E0,0.E0));
#10155=AXIS2_PLACEMENT_3D('',#10152,#10153,#10154);
#10156=PLANE('',#10155);
#10158=ORIENTED_EDGE('',*,*,#10157,.F.);
#10159=ORIENTED_EDGE('',*,*,#10140,.T.);
#10160=ORIENTED_EDGE('',*,*,#10129,.F.);
#10162=ORIENTED_EDGE('',*,*,#10161,.F.);
#10164=ORIENTED_EDGE('',*,*,#10163,.T.);
#10165=EDGE_LOOP('',(#10158,#10159,#10160,#10162,#10164));
#10166=FACE_OUTER_BOUND('',#10165,.F.);
#10167=ADVANCED_FACE('',(#10166),#10156,.F.);
#10168=CARTESIAN_POINT('',(2.450200000001E1,-2.06E1,-4.569999959280E1));
#10169=DIRECTION('',(0.E0,-1.E0,0.E0));
#10170=DIRECTION('',(0.E0,0.E0,-1.E0));
#10171=AXIS2_PLACEMENT_3D('',#10168,#10169,#10170);
#10172=CYLINDRICAL_SURFACE('',#10171,5.E-1);
#10173=ORIENTED_EDGE('',*,*,#10157,.T.);
#10175=ORIENTED_EDGE('',*,*,#10174,.F.);
#10177=ORIENTED_EDGE('',*,*,#10176,.F.);
#10178=ORIENTED_EDGE('',*,*,#10142,.F.);
#10179=EDGE_LOOP('',(#10173,#10175,#10177,#10178));
#10180=FACE_OUTER_BOUND('',#10179,.F.);
#10181=ADVANCED_FACE('',(#10180),#10172,.T.);
#10182=CARTESIAN_POINT('',(3.061601879531E1,1.756E2,-4.553500125764E1));
#10183=DIRECTION('',(0.E0,-1.E0,0.E0));
#10184=DIRECTION('',(1.E0,0.E0,0.E0));
#10185=AXIS2_PLACEMENT_3D('',#10182,#10183,#10184);
#10186=PLANE('',#10185);
#10188=ORIENTED_EDGE('',*,*,#10187,.F.);
#10190=ORIENTED_EDGE('',*,*,#10189,.F.);
#10191=ORIENTED_EDGE('',*,*,#10174,.T.);
#10192=ORIENTED_EDGE('',*,*,#10163,.F.);
#10194=ORIENTED_EDGE('',*,*,#10193,.F.);
#10196=ORIENTED_EDGE('',*,*,#10195,.F.);
#10198=ORIENTED_EDGE('',*,*,#10197,.F.);
#10200=ORIENTED_EDGE('',*,*,#10199,.F.);
#10202=ORIENTED_EDGE('',*,*,#10201,.F.);
#10204=ORIENTED_EDGE('',*,*,#10203,.T.);
#10206=ORIENTED_EDGE('',*,*,#10205,.T.);
#10207=EDGE_LOOP('',(#10188,#10190,#10191,#10192,#10194,#10196,#10198,#10200,
#10202,#10204,#10206));
#10208=FACE_OUTER_BOUND('',#10207,.F.);
#10209=ADVANCED_FACE('',(#10208),#10186,.F.);
#10210=CARTESIAN_POINT('',(3.061601879531E1,1.761E2,-4.115024890506E1));
#10211=DIRECTION('',(1.E0,0.E0,0.E0));
#10212=DIRECTION('',(0.E0,0.E0,-1.E0));
#10213=AXIS2_PLACEMENT_3D('',#10210,#10211,#10212);
#10214=CYLINDRICAL_SURFACE('',#10213,5.E-1);
#10215=ORIENTED_EDGE('',*,*,#10187,.T.);
#10217=ORIENTED_EDGE('',*,*,#10216,.F.);
#10219=ORIENTED_EDGE('',*,*,#10218,.F.);
#10221=ORIENTED_EDGE('',*,*,#10220,.T.);
#10222=EDGE_LOOP('',(#10215,#10217,#10219,#10221));
#10223=FACE_OUTER_BOUND('',#10222,.F.);
#10224=ADVANCED_FACE('',(#10223),#10214,.F.);
#10225=CARTESIAN_POINT('',(3.300200000001E1,1.756E2,-3.565024859395E1));
#10226=DIRECTION('',(1.E0,0.E0,0.E0));
#10227=DIRECTION('',(0.E0,0.E0,-1.E0));
#10228=AXIS2_PLACEMENT_3D('',#10225,#10226,#10227);
#10229=PLANE('',#10228);
#10230=ORIENTED_EDGE('',*,*,#10106,.F.);
#10232=ORIENTED_EDGE('',*,*,#10231,.F.);
#10233=ORIENTED_EDGE('',*,*,#9667,.F.);
#10235=ORIENTED_EDGE('',*,*,#10234,.F.);
#10236=ORIENTED_EDGE('',*,*,#10216,.T.);
#10237=ORIENTED_EDGE('',*,*,#10205,.F.);
#10239=ORIENTED_EDGE('',*,*,#10238,.T.);
#10240=ORIENTED_EDGE('',*,*,#10119,.T.);
#10241=EDGE_LOOP('',(#10230,#10232,#10233,#10235,#10236,#10237,#10239,#10240));
#10242=FACE_OUTER_BOUND('',#10241,.F.);
#10243=ADVANCED_FACE('',(#10242),#10229,.T.);
#10244=CARTESIAN_POINT('',(3.100200000001E1,1.771824E2,-3.865024890506E1));
#10245=DIRECTION('',(0.E0,0.E0,-1.E0));
#10246=DIRECTION('',(-1.E0,0.E0,0.E0));
#10247=AXIS2_PLACEMENT_3D('',#10244,#10245,#10246);
#10248=PLANE('',#10247);
#10249=ORIENTED_EDGE('',*,*,#10231,.T.);
#10250=ORIENTED_EDGE('',*,*,#10104,.T.);
#10252=ORIENTED_EDGE('',*,*,#10251,.F.);
#10253=ORIENTED_EDGE('',*,*,#9669,.T.);
#10254=EDGE_LOOP('',(#10249,#10250,#10252,#10253));
#10255=FACE_OUTER_BOUND('',#10254,.F.);
#10256=ADVANCED_FACE('',(#10255),#10248,.F.);
#10257=CARTESIAN_POINT('',(2.950200000001E1,1.771824E2,-3.915024890506E1));
#10258=DIRECTION('',(-1.E0,0.E0,0.E0));
#10259=DIRECTION('',(0.E0,0.E0,1.E0));
#10260=AXIS2_PLACEMENT_3D('',#10257,#10258,#10259);
#10261=PLANE('',#10260);
#10262=ORIENTED_EDGE('',*,*,#10251,.T.);
#10263=ORIENTED_EDGE('',*,*,#10102,.F.);
#10264=ORIENTED_EDGE('',*,*,#9671,.T.);
#10265=EDGE_LOOP('',(#10262,#10263,#10264));
#10266=FACE_OUTER_BOUND('',#10265,.F.);
#10267=ADVANCED_FACE('',(#10266),#10261,.F.);
#10268=CARTESIAN_POINT('',(5.884300000001E1,1.782E2,-4.065024890506E1));
#10269=DIRECTION('',(0.E0,0.E0,1.E0));
#10270=DIRECTION('',(0.E0,1.E0,0.E0));
#10271=AXIS2_PLACEMENT_3D('',#10268,#10269,#10270);
#10272=PLANE('',#10271);
#10274=ORIENTED_EDGE('',*,*,#10273,.F.);
#10276=ORIENTED_EDGE('',*,*,#10275,.F.);
#10277=ORIENTED_EDGE('',*,*,#10218,.T.);
#10278=ORIENTED_EDGE('',*,*,#10234,.T.);
#10279=ORIENTED_EDGE('',*,*,#9665,.F.);
#10281=ORIENTED_EDGE('',*,*,#10280,.F.);
#10282=ORIENTED_EDGE('',*,*,#7647,.T.);
#10284=ORIENTED_EDGE('',*,*,#10283,.F.);
#10285=EDGE_LOOP('',(#10274,#10276,#10277,#10278,#10279,#10281,#10282,#10284));
#10286=FACE_OUTER_BOUND('',#10285,.F.);
#10287=ADVANCED_FACE('',(#10286),#10272,.F.);
#10288=CARTESIAN_POINT('',(-1.63798E2,1.769E2,1.228404976557E2));
#10289=DIRECTION('',(0.E0,-1.E0,0.E0));
#10290=DIRECTION('',(-1.E0,0.E0,0.E0));
#10291=AXIS2_PLACEMENT_3D('',#10288,#10289,#10290);
#10292=PLANE('',#10291);
#10294=ORIENTED_EDGE('',*,*,#10293,.T.);
#10295=ORIENTED_EDGE('',*,*,#10273,.T.);
#10297=ORIENTED_EDGE('',*,*,#10296,.F.);
#10298=ORIENTED_EDGE('',*,*,#7517,.F.);
#10299=ORIENTED_EDGE('',*,*,#10080,.T.);
#10301=ORIENTED_EDGE('',*,*,#10300,.F.);
#10303=ORIENTED_EDGE('',*,*,#10302,.F.);
#10304=EDGE_LOOP('',(#10294,#10295,#10297,#10298,#10299,#10301,#10303));
#10305=FACE_OUTER_BOUND('',#10304,.F.);
#10306=ADVANCED_FACE('',(#10305),#10292,.T.);
#10307=CARTESIAN_POINT('',(2.400200000001E1,1.756E2,-5.069999959280E1));
#10308=DIRECTION('',(-1.E0,0.E0,0.E0));
#10309=DIRECTION('',(0.E0,0.E0,1.E0));
#10310=AXIS2_PLACEMENT_3D('',#10307,#10308,#10309);
#10311=PLANE('',#10310);
#10313=ORIENTED_EDGE('',*,*,#10312,.T.);
#10314=ORIENTED_EDGE('',*,*,#10144,.F.);
#10315=ORIENTED_EDGE('',*,*,#10176,.T.);
#10316=ORIENTED_EDGE('',*,*,#10189,.T.);
#10317=ORIENTED_EDGE('',*,*,#10220,.F.);
#10318=ORIENTED_EDGE('',*,*,#10275,.T.);
#10319=ORIENTED_EDGE('',*,*,#10293,.F.);
#10320=EDGE_LOOP('',(#10313,#10314,#10315,#10316,#10317,#10318,#10319));
#10321=FACE_OUTER_BOUND('',#10320,.F.);
#10322=ADVANCED_FACE('',(#10321),#10311,.T.);
#10323=CARTESIAN_POINT('',(3.100200000001E1,1.771824E2,-3.865024890506E1));
#10324=DIRECTION('',(0.E0,0.E0,-1.E0));
#10325=DIRECTION('',(-1.E0,0.E0,0.E0));
#10326=AXIS2_PLACEMENT_3D('',#10323,#10324,#10325);
#10327=PLANE('',#10326);
#10329=ORIENTED_EDGE('',*,*,#10328,.T.);
#10330=ORIENTED_EDGE('',*,*,#10097,.T.);
#10331=ORIENTED_EDGE('',*,*,#10146,.T.);
#10332=ORIENTED_EDGE('',*,*,#10312,.F.);
#10333=ORIENTED_EDGE('',*,*,#10302,.T.);
#10334=EDGE_LOOP('',(#10329,#10330,#10331,#10332,#10333));
#10335=FACE_OUTER_BOUND('',#10334,.F.);
#10336=ADVANCED_FACE('',(#10335),#10327,.F.);
#10337=CARTESIAN_POINT('',(2.750200000001E1,1.771824E2,-3.565024859395E1));
#10338=DIRECTION('',(1.E0,0.E0,0.E0));
#10339=DIRECTION('',(0.E0,0.E0,-1.E0));
#10340=AXIS2_PLACEMENT_3D('',#10337,#10338,#10339);
#10341=PLANE('',#10340);
#10342=ORIENTED_EDGE('',*,*,#10099,.F.);
#10343=ORIENTED_EDGE('',*,*,#10328,.F.);
#10344=ORIENTED_EDGE('',*,*,#10300,.T.);
#10345=EDGE_LOOP('',(#10342,#10343,#10344));
#10346=FACE_OUTER_BOUND('',#10345,.F.);
#10347=ADVANCED_FACE('',(#10346),#10341,.F.);
#10348=CARTESIAN_POINT('',(2.31000008E1,-2.06E1,-4.015024890506E1));
#10349=DIRECTION('',(0.E0,-1.E0,0.E0));
#10350=DIRECTION('',(0.E0,0.E0,-1.E0));
#10351=AXIS2_PLACEMENT_3D('',#10348,#10349,#10350);
#10352=CYLINDRICAL_SURFACE('',#10351,5.E-1);
#10353=ORIENTED_EDGE('',*,*,#7519,.F.);
#10354=ORIENTED_EDGE('',*,*,#10296,.T.);
#10355=ORIENTED_EDGE('',*,*,#10283,.T.);
#10356=ORIENTED_EDGE('',*,*,#7645,.F.);
#10357=EDGE_LOOP('',(#10353,#10354,#10355,#10356));
#10358=FACE_OUTER_BOUND('',#10357,.F.);
#10359=ADVANCED_FACE('',(#10358),#10352,.T.);
#10360=CARTESIAN_POINT('',(4.384300000001E1,-2.06E1,-2.565024890506E1));
#10361=DIRECTION('',(0.E0,-1.E0,0.E0));
#10362=DIRECTION('',(0.E0,0.E0,-1.E0));
#10363=AXIS2_PLACEMENT_3D('',#10360,#10361,#10362);
#10364=CYLINDRICAL_SURFACE('',#10363,1.5E1);
#10366=ORIENTED_EDGE('',*,*,#10365,.F.);
#10367=ORIENTED_EDGE('',*,*,#7649,.F.);
#10368=ORIENTED_EDGE('',*,*,#10280,.T.);
#10369=ORIENTED_EDGE('',*,*,#9663,.T.);
#10370=EDGE_LOOP('',(#10366,#10367,#10368,#10369));
#10371=FACE_OUTER_BOUND('',#10370,.F.);
#10372=ADVANCED_FACE('',(#10371),#10364,.T.);
#10373=CARTESIAN_POINT('',(5.884300000001E1,1.773145664859E2,8.123789856705E1));
#10374=DIRECTION('',(1.E0,0.E0,0.E0));
#10375=DIRECTION('',(0.E0,1.E0,0.E0));
#10376=AXIS2_PLACEMENT_3D('',#10373,#10374,#10375);
#10377=PLANE('',#10376);
#10378=ORIENTED_EDGE('',*,*,#10365,.T.);
#10379=ORIENTED_EDGE('',*,*,#9661,.F.);
#10381=ORIENTED_EDGE('',*,*,#10380,.T.);
#10382=ORIENTED_EDGE('',*,*,#7651,.F.);
#10383=EDGE_LOOP('',(#10378,#10379,#10381,#10382));
#10384=FACE_OUTER_BOUND('',#10383,.F.);
#10385=ADVANCED_FACE('',(#10384),#10377,.T.);
#10386=CARTESIAN_POINT('',(5.834300000001E1,-2.06E1,7.885000000001E1));
#10387=DIRECTION('',(0.E0,-1.E0,0.E0));
#10388=DIRECTION('',(0.E0,0.E0,-1.E0));
#10389=AXIS2_PLACEMENT_3D('',#10386,#10387,#10388);
#10390=CYLINDRICAL_SURFACE('',#10389,5.E-1);
#10391=ORIENTED_EDGE('',*,*,#10380,.F.);
#10392=ORIENTED_EDGE('',*,*,#9659,.T.);
#10394=ORIENTED_EDGE('',*,*,#10393,.T.);
#10395=ORIENTED_EDGE('',*,*,#7653,.F.);
#10396=EDGE_LOOP('',(#10391,#10392,#10394,#10395));
#10397=FACE_OUTER_BOUND('',#10396,.F.);
#10398=ADVANCED_FACE('',(#10397),#10390,.T.);
#10399=CARTESIAN_POINT('',(5.234300000001E1,1.769E2,7.935000000001E1));
#10400=DIRECTION('',(0.E0,0.E0,1.E0));
#10401=DIRECTION('',(0.E0,1.E0,0.E0));
#10402=AXIS2_PLACEMENT_3D('',#10399,#10400,#10401);
#10403=PLANE('',#10402);
#10404=ORIENTED_EDGE('',*,*,#7674,.F.);
#10405=ORIENTED_EDGE('',*,*,#7655,.F.);
#10406=ORIENTED_EDGE('',*,*,#10393,.F.);
#10407=ORIENTED_EDGE('',*,*,#9657,.F.);
#10408=EDGE_LOOP('',(#10404,#10405,#10406,#10407));
#10409=FACE_OUTER_BOUND('',#10408,.F.);
#10410=ADVANCED_FACE('',(#10409),#10403,.T.);
#10411=CARTESIAN_POINT('',(2.650200000001E1,1.756E2,-5.269999959280E1));
#10412=DIRECTION('',(0.E0,0.E0,-1.E0));
#10413=DIRECTION('',(-1.E0,0.E0,0.E0));
#10414=AXIS2_PLACEMENT_3D('',#10411,#10412,#10413);
#10415=PLANE('',#10414);
#10417=ORIENTED_EDGE('',*,*,#10416,.T.);
#10418=ORIENTED_EDGE('',*,*,#10121,.T.);
#10419=ORIENTED_EDGE('',*,*,#10238,.F.);
#10420=ORIENTED_EDGE('',*,*,#10203,.F.);
#10421=EDGE_LOOP('',(#10417,#10418,#10419,#10420));
#10422=FACE_OUTER_BOUND('',#10421,.F.);
#10423=ADVANCED_FACE('',(#10422),#10415,.T.);
#10424=CARTESIAN_POINT('',(2.500200000001E1,1.756E2,-5.169999959280E1));
#10425=DIRECTION('',(0.E0,1.E0,0.E0));
#10426=DIRECTION('',(-1.E0,0.E0,0.E0));
#10427=AXIS2_PLACEMENT_3D('',#10424,#10425,#10426);
#10428=CYLINDRICAL_SURFACE('',#10427,1.E0);
#10429=ORIENTED_EDGE('',*,*,#10416,.F.);
#10430=ORIENTED_EDGE('',*,*,#10201,.T.);
#10432=ORIENTED_EDGE('',*,*,#10431,.T.);
#10434=ORIENTED_EDGE('',*,*,#10433,.F.);
#10435=EDGE_LOOP('',(#10429,#10430,#10432,#10434));
#10436=FACE_OUTER_BOUND('',#10435,.F.);
#10437=ADVANCED_FACE('',(#10436),#10428,.T.);
#10438=CARTESIAN_POINT('',(2.400200000001E1,1.756E2,-5.069999959280E1));
#10439=DIRECTION('',(-1.E0,0.E0,0.E0));
#10440=DIRECTION('',(0.E0,0.E0,1.E0));
#10441=AXIS2_PLACEMENT_3D('',#10438,#10439,#10440);
#10442=PLANE('',#10441);
#10444=ORIENTED_EDGE('',*,*,#10443,.T.);
#10446=ORIENTED_EDGE('',*,*,#10445,.F.);
#10447=ORIENTED_EDGE('',*,*,#10431,.F.);
#10448=ORIENTED_EDGE('',*,*,#10199,.T.);
#10449=EDGE_LOOP('',(#10444,#10446,#10447,#10448));
#10450=FACE_OUTER_BOUND('',#10449,.F.);
#10451=ADVANCED_FACE('',(#10450),#10442,.T.);
#10452=CARTESIAN_POINT('',(2.450200000001E1,-2.06E1,-5.069999959280E1));
#10453=DIRECTION('',(0.E0,1.E0,0.E0));
#10454=DIRECTION('',(0.E0,0.E0,1.E0));
#10455=AXIS2_PLACEMENT_3D('',#10452,#10453,#10454);
#10456=CYLINDRICAL_SURFACE('',#10455,5.E-1);
#10458=ORIENTED_EDGE('',*,*,#10457,.T.);
#10460=ORIENTED_EDGE('',*,*,#10459,.F.);
#10461=ORIENTED_EDGE('',*,*,#10443,.F.);
#10462=ORIENTED_EDGE('',*,*,#10197,.T.);
#10463=EDGE_LOOP('',(#10458,#10460,#10461,#10462));
#10464=FACE_OUTER_BOUND('',#10463,.F.);
#10465=ADVANCED_FACE('',(#10464),#10456,.T.);
#10466=CARTESIAN_POINT('',(2.850200000001E1,2.349324E2,-5.019999959280E1));
#10467=DIRECTION('',(0.E0,0.E0,-1.E0));
#10468=DIRECTION('',(-1.E0,0.E0,0.E0));
#10469=AXIS2_PLACEMENT_3D('',#10466,#10467,#10468);
#10470=PLANE('',#10469);
#10471=ORIENTED_EDGE('',*,*,#10457,.F.);
#10472=ORIENTED_EDGE('',*,*,#10195,.T.);
#10474=ORIENTED_EDGE('',*,*,#10473,.T.);
#10475=ORIENTED_EDGE('',*,*,#10125,.F.);
#10477=ORIENTED_EDGE('',*,*,#10476,.T.);
#10478=EDGE_LOOP('',(#10471,#10472,#10474,#10475,#10477));
#10479=FACE_OUTER_BOUND('',#10478,.F.);
#10480=ADVANCED_FACE('',(#10479),#10470,.F.);
#10481=CARTESIAN_POINT('',(2.850200000001E1,1.756E2,-4.819999959280E1));
#10482=DIRECTION('',(0.E0,-1.E0,0.E0));
#10483=DIRECTION('',(1.E0,0.E0,0.E0));
#10484=AXIS2_PLACEMENT_3D('',#10481,#10482,#10483);
#10485=CYLINDRICAL_SURFACE('',#10484,2.E0);
#10486=ORIENTED_EDGE('',*,*,#10193,.T.);
#10487=ORIENTED_EDGE('',*,*,#10161,.T.);
#10488=ORIENTED_EDGE('',*,*,#10127,.F.);
#10489=ORIENTED_EDGE('',*,*,#10473,.F.);
#10490=EDGE_LOOP('',(#10486,#10487,#10488,#10489));
#10491=FACE_OUTER_BOUND('',#10490,.F.);
#10492=ADVANCED_FACE('',(#10491),#10485,.F.);
#10493=CARTESIAN_POINT('',(2.450200000001E1,1.746E2,-5.119999959280E1));
#10494=DIRECTION('',(7.071067811865E-1,7.071067811865E-1,0.E0));
#10495=DIRECTION('',(-7.071067811865E-1,7.071067811865E-1,0.E0));
#10496=AXIS2_PLACEMENT_3D('',#10493,#10494,#10495);
#10497=PLANE('',#10496);
#10498=ORIENTED_EDGE('',*,*,#10123,.F.);
#10499=ORIENTED_EDGE('',*,*,#10433,.T.);
#10500=ORIENTED_EDGE('',*,*,#10445,.T.);
#10501=ORIENTED_EDGE('',*,*,#10459,.T.);
#10502=ORIENTED_EDGE('',*,*,#10476,.F.);
#10503=EDGE_LOOP('',(#10498,#10499,#10500,#10501,#10502));
#10504=FACE_OUTER_BOUND('',#10503,.F.);
#10505=ADVANCED_FACE('',(#10504),#10497,.F.);
#10506=CARTESIAN_POINT('',(3.734399914814E1,1.850127782284E2,
-2.240471953035E1));
#10507=DIRECTION('',(-2.788176973895E-10,6.427876096865E-1,7.660444431190E-1));
#10508=DIRECTION('',(-2.339558270452E-10,-7.660444431190E-1,6.427876096865E-1));
#10509=AXIS2_PLACEMENT_3D('',#10506,#10507,#10508);
#10510=PLANE('',#10509);
#10511=ORIENTED_EDGE('',*,*,#10012,.T.);
#10512=ORIENTED_EDGE('',*,*,#7164,.T.);
#10514=ORIENTED_EDGE('',*,*,#10513,.F.);
#10516=ORIENTED_EDGE('',*,*,#10515,.T.);
#10517=EDGE_LOOP('',(#10511,#10512,#10514,#10516));
#10518=FACE_OUTER_BOUND('',#10517,.F.);
#10519=ADVANCED_FACE('',(#10518),#10510,.F.);
#10520=CARTESIAN_POINT('',(3.749399914798E1,1.862021028039E2,
-2.196709346010E1));
#10521=DIRECTION('',(-1.E0,0.E0,-3.639706545671E-10));
#10522=DIRECTION('',(0.E0,-1.E0,0.E0));
#10523=AXIS2_PLACEMENT_3D('',#10520,#10521,#10522);
#10524=PLANE('',#10523);
#10525=ORIENTED_EDGE('',*,*,#7154,.F.);
#10527=ORIENTED_EDGE('',*,*,#10526,.F.);
#10529=ORIENTED_EDGE('',*,*,#10528,.T.);
#10531=ORIENTED_EDGE('',*,*,#10530,.T.);
#10533=ORIENTED_EDGE('',*,*,#10532,.F.);
#10534=ORIENTED_EDGE('',*,*,#10513,.T.);
#10535=ORIENTED_EDGE('',*,*,#7162,.F.);
#10537=ORIENTED_EDGE('',*,*,#10536,.F.);
#10539=ORIENTED_EDGE('',*,*,#10538,.T.);
#10541=ORIENTED_EDGE('',*,*,#10540,.T.);
#10542=EDGE_LOOP('',(#10525,#10527,#10529,#10531,#10533,#10534,#10535,#10537,
#10539,#10541));
#10543=FACE_OUTER_BOUND('',#10542,.F.);
#10544=ADVANCED_FACE('',(#10543),#10524,.T.);
#10545=CARTESIAN_POINT('',(3.734399914751E1,1.910364292251E2,
-2.067104495549E1));
#10546=DIRECTION('',(2.788176973895E-10,-6.427876096865E-1,-7.660444431190E-1));
#10547=DIRECTION('',(2.339558270452E-10,7.660444431190E-1,-6.427876096865E-1));
#10548=AXIS2_PLACEMENT_3D('',#10545,#10546,#10547);
#10549=PLANE('',#10548);
#10550=ORIENTED_EDGE('',*,*,#10020,.T.);
#10552=ORIENTED_EDGE('',*,*,#10551,.F.);
#10553=ORIENTED_EDGE('',*,*,#10526,.T.);
#10554=ORIENTED_EDGE('',*,*,#7152,.T.);
#10555=EDGE_LOOP('',(#10550,#10552,#10553,#10554));
#10556=FACE_OUTER_BOUND('',#10555,.F.);
#10557=ADVANCED_FACE('',(#10556),#10549,.F.);
#10558=CARTESIAN_POINT('',(3.734399914683E1,1.880338799939E2,
-1.880431064769E1));
#10559=DIRECTION('',(1.E0,0.E0,3.639706545671E-10));
#10560=DIRECTION('',(3.639706545671E-10,0.E0,-1.E0));
#10561=AXIS2_PLACEMENT_3D('',#10558,#10559,#10560);
#10562=CYLINDRICAL_SURFACE('',#10561,5.E-1);
#10563=ORIENTED_EDGE('',*,*,#10018,.T.);
#10565=ORIENTED_EDGE('',*,*,#10564,.F.);
#10566=ORIENTED_EDGE('',*,*,#10528,.F.);
#10567=ORIENTED_EDGE('',*,*,#10551,.T.);
#10568=EDGE_LOOP('',(#10563,#10565,#10566,#10567));
#10569=FACE_OUTER_BOUND('',#10568,.F.);
#10570=ADVANCED_FACE('',(#10569),#10562,.T.);
#10571=CARTESIAN_POINT('',(3.734399914671E1,1.876508577723E2,
-1.848291684284E1));
#10572=DIRECTION('',(2.339558270452E-10,7.660444431190E-1,-6.427876096865E-1));
#10573=DIRECTION('',(-2.788176973895E-10,6.427876096865E-1,7.660444431190E-1));
#10574=AXIS2_PLACEMENT_3D('',#10571,#10572,#10573);
#10575=PLANE('',#10574);
#10576=ORIENTED_EDGE('',*,*,#10016,.F.);
#10578=ORIENTED_EDGE('',*,*,#10577,.F.);
#10579=ORIENTED_EDGE('',*,*,#10530,.F.);
#10580=ORIENTED_EDGE('',*,*,#10564,.T.);
#10581=EDGE_LOOP('',(#10576,#10578,#10579,#10580));
#10582=FACE_OUTER_BOUND('',#10581,.F.);
#10583=ADVANCED_FACE('',(#10582),#10575,.F.);
#10584=CARTESIAN_POINT('',(3.734399914800E1,1.853341720332E2,
-2.202169730879E1));
#10585=DIRECTION('',(-1.E0,0.E0,-3.639706545671E-10));
#10586=DIRECTION('',(-3.639706545671E-10,0.E0,1.E0));
#10587=AXIS2_PLACEMENT_3D('',#10584,#10585,#10586);
#10588=CYLINDRICAL_SURFACE('',#10587,5.E-1);
#10589=ORIENTED_EDGE('',*,*,#10014,.T.);
#10590=ORIENTED_EDGE('',*,*,#10515,.F.);
#10591=ORIENTED_EDGE('',*,*,#10532,.T.);
#10592=ORIENTED_EDGE('',*,*,#10577,.T.);
#10593=EDGE_LOOP('',(#10589,#10590,#10591,#10592));
#10594=FACE_OUTER_BOUND('',#10593,.F.);
#10595=ADVANCED_FACE('',(#10594),#10588,.T.);
#10596=CARTESIAN_POINT('',(3.734399914862E1,1.884652787863E2,
-2.373522272797E1));
#10597=DIRECTION('',(2.788176973895E-10,-6.427876096865E-1,-7.660444431190E-1));
#10598=DIRECTION('',(2.339558270452E-10,7.660444431190E-1,-6.427876096865E-1));
#10599=AXIS2_PLACEMENT_3D('',#10596,#10597,#10598);
#10600=PLANE('',#10599);
#10602=ORIENTED_EDGE('',*,*,#10601,.T.);
#10604=ORIENTED_EDGE('',*,*,#10603,.F.);
#10605=ORIENTED_EDGE('',*,*,#10536,.T.);
#10606=ORIENTED_EDGE('',*,*,#7160,.T.);
#10607=EDGE_LOOP('',(#10602,#10604,#10605,#10606));
#10608=FACE_OUTER_BOUND('',#10607,.F.);
#10609=ADVANCED_FACE('',(#10608),#10600,.F.);
#10610=CARTESIAN_POINT('',(4.084300000001E1,1.525208187149E2,
-4.634775240272E1));
#10611=DIRECTION('',(0.E0,6.427876096865E-1,7.660444431190E-1));
#10612=DIRECTION('',(0.E0,-7.660444431190E-1,6.427876096865E-1));
#10613=AXIS2_PLACEMENT_3D('',#10610,#10611,#10612);
#10614=CYLINDRICAL_SURFACE('',#10613,1.3E1);
#10616=ORIENTED_EDGE('',*,*,#10615,.F.);
#10617=ORIENTED_EDGE('',*,*,#10601,.F.);
#10618=ORIENTED_EDGE('',*,*,#7158,.F.);
#10620=ORIENTED_EDGE('',*,*,#10619,.F.);
#10621=EDGE_LOOP('',(#10616,#10617,#10618,#10620));
#10622=FACE_OUTER_BOUND('',#10621,.F.);
#10623=ADVANCED_FACE('',(#10622),#10614,.F.);
#10624=CARTESIAN_POINT('',(3.734399914797E1,1.863203544702E2,
-2.193541752538E1));
#10625=DIRECTION('',(-2.339558270452E-10,-7.660444431190E-1,6.427876096865E-1));
#10626=DIRECTION('',(2.788176973895E-10,-6.427876096865E-1,-7.660444431190E-1));
#10627=AXIS2_PLACEMENT_3D('',#10624,#10625,#10626);
#10628=PLANE('',#10627);
#10629=ORIENTED_EDGE('',*,*,#10615,.T.);
#10631=ORIENTED_EDGE('',*,*,#10630,.F.);
#10632=ORIENTED_EDGE('',*,*,#10538,.F.);
#10633=ORIENTED_EDGE('',*,*,#10603,.T.);
#10634=EDGE_LOOP('',(#10629,#10631,#10632,#10633));
#10635=FACE_OUTER_BOUND('',#10634,.F.);
#10636=ADVANCED_FACE('',(#10635),#10628,.F.);
#10637=CARTESIAN_POINT('',(3.734399914718E1,1.881201597773E2,
-1.979049308465E1));
#10638=DIRECTION('',(-2.788176973895E-10,6.427876096865E-1,7.660444431190E-1));
#10639=DIRECTION('',(-2.339558270452E-10,-7.660444431190E-1,6.427876096865E-1));
#10640=AXIS2_PLACEMENT_3D('',#10637,#10638,#10639);
#10641=PLANE('',#10640);
#10642=ORIENTED_EDGE('',*,*,#10619,.T.);
#10643=ORIENTED_EDGE('',*,*,#7156,.T.);
#10644=ORIENTED_EDGE('',*,*,#10540,.F.);
#10645=ORIENTED_EDGE('',*,*,#10630,.T.);
#10646=EDGE_LOOP('',(#10642,#10643,#10644,#10645));
#10647=FACE_OUTER_BOUND('',#10646,.F.);
#10648=ADVANCED_FACE('',(#10647),#10641,.F.);
#10649=CARTESIAN_POINT('',(5.384300000001E1,2.144E2,2.739698420054E1));
#10650=CARTESIAN_POINT('',(5.384300000001E1,2.144E2,2.739698420054E1));
#10651=CARTESIAN_POINT('',(5.384300000001E1,2.144E2,2.739698420054E1));
#10652=CARTESIAN_POINT('',(5.384300000001E1,2.144E2,2.739698420054E1));
#10653=CARTESIAN_POINT('',(5.384300000001E1,2.144E2,2.739698420054E1));
#10654=CARTESIAN_POINT('',(5.384300000001E1,2.144E2,2.739698420054E1));
#10655=CARTESIAN_POINT('',(5.384300000001E1,2.144E2,2.739698420054E1));
#10656=CARTESIAN_POINT('',(5.384299884112E1,2.146909296255E2,2.707944199636E1));
#10657=CARTESIAN_POINT('',(5.384300850145E1,2.147032994412E2,2.711094491861E1));
#10658=CARTESIAN_POINT('',(5.384302260164E1,2.147271391216E2,2.717281992083E1));
#10659=CARTESIAN_POINT('',(5.384302950637E1,2.147614864796E2,2.726541388187E1));
#10660=CARTESIAN_POINT('',(5.384302260637E1,2.147946703898E2,2.735835934E1));
#10661=CARTESIAN_POINT('',(5.384300853021E1,2.148161594738E2,2.742101791894E1));
#10662=CARTESIAN_POINT('',(5.384299889902E1,2.148269126075E2,2.745303728746E1));
#10663=CARTESIAN_POINT('',(5.380095580735E1,2.152681047395E2,2.644173775877E1));
#10664=CARTESIAN_POINT('',(5.380359824963E1,2.153037501222E2,2.653752181275E1));
#10665=CARTESIAN_POINT('',(5.380745408318E1,2.153732489427E2,2.672532681361E1));
#10666=CARTESIAN_POINT('',(5.380934185293E1,2.154757616292E2,2.700543898835E1));
#10667=CARTESIAN_POINT('',(5.380745537581E1,2.155772154732E2,2.728571919668E1));
#10668=CARTESIAN_POINT('',(5.380360611326E1,2.156446268666E2,2.747406656414E1));
#10669=CARTESIAN_POINT('',(5.380097164515E1,2.156788219231E2,2.757016105537E1));
#10670=CARTESIAN_POINT('',(5.364450052307E1,2.159760932208E2,2.564728586982E1));
#10671=CARTESIAN_POINT('',(5.365597718428E1,2.160410601202E2,2.582341888948E1));
#10672=CARTESIAN_POINT('',(5.367274379734E1,2.161681202087E2,2.616906418637E1));
#10673=CARTESIAN_POINT('',(5.368095996854E1,2.163564784136E2,2.668488429402E1));
#10674=CARTESIAN_POINT('',(5.367274942330E1,2.165436221983E2,2.720074626668E1));
#10675=CARTESIAN_POINT('',(5.365601137829E1,2.166683385770E2,2.754684525026E1));
#10676=CARTESIAN_POINT('',(5.364456930997E1,2.167316613771E2,2.772317816076E1));
#10677=CARTESIAN_POINT('',(5.345780836638E1,2.165328975509E2,2.501874205530E1));
#10678=CARTESIAN_POINT('',(5.347910997959E1,2.166235006888E2,2.525738513743E1));
#10679=CARTESIAN_POINT('',(5.351027115513E1,2.167998233801E2,2.572678238094E1));
#10680=CARTESIAN_POINT('',(5.352555649332E1,2.170582614550E2,2.642945615603E1));
#10681=CARTESIAN_POINT('',(5.351028162165E1,2.173117826844E2,2.713337395636E1));
#10682=CARTESIAN_POINT('',(5.347917353005E1,2.174782681228E2,2.760580867778E1));
#10683=CARTESIAN_POINT('',(5.345793604068E1,2.175620952217E2,2.784637775927E1));
#10684=CARTESIAN_POINT('',(5.323013898610E1,2.170840076266E2,2.439703222782E1));
#10685=CARTESIAN_POINT('',(5.326262907848E1,2.172032035710E2,2.469597054534E1));
#10686=CARTESIAN_POINT('',(5.331021476236E1,2.174331036334E2,2.528580843412E1));
#10687=CARTESIAN_POINT('',(5.333357832246E1,2.177634129239E2,2.617280201071E1));
#10688=CARTESIAN_POINT('',(5.331023076038E1,2.180803126649E2,2.706398658019E1));
#10689=CARTESIAN_POINT('',(5.326272612529E1,2.182831424225E2,2.766299289182E1));
#10690=CARTESIAN_POINT('',(5.323033372051E1,2.183837963200E2,2.796800119515E1));
#10691=CARTESIAN_POINT('',(5.287116566094E1,2.177511479177E2,2.363309103130E1));
#10692=CARTESIAN_POINT('',(5.292206332593E1,2.179059825188E2,2.400589684446E1));
#10693=CARTESIAN_POINT('',(5.299674639230E1,2.182028050032E2,2.474424117164E1));
#10694=CARTESIAN_POINT('',(5.303346600799E1,2.186227294853E2,2.586003636052E1));
#10695=CARTESIAN_POINT('',(5.299677153578E1,2.190179971495E2,2.698393720860E1));
#10696=CARTESIAN_POINT('',(5.292221563549E1,2.192649829885E2,2.773956256905E1));
#10697=CARTESIAN_POINT('',(5.287147072484E1,2.193857863251E2,2.812390788489E1));
#10698=CARTESIAN_POINT('',(5.241615101301E1,2.183891120299E2,2.289778423831E1));
#10699=CARTESIAN_POINT('',(5.248774211975E1,2.185821871250E2,2.333947549546E1));
#10700=CARTESIAN_POINT('',(5.259307205947E1,2.189496564058E2,2.421849835914E1));
#10701=CARTESIAN_POINT('',(5.264496776951E1,2.194596691366E2,2.555541523958E1));
#10702=CARTESIAN_POINT('',(5.259310759468E1,2.199280094119E2,2.690645710105E1));
#10703=CARTESIAN_POINT('',(5.248795693100E1,2.202112790702E2,2.781510250077E1));
#10704=CARTESIAN_POINT('',(5.241658010834E1,2.203470513825E2,2.827664628870E1));
#10705=CARTESIAN_POINT('',(5.199627389216E1,2.188825988897E2,2.233350150685E1));
#10706=CARTESIAN_POINT('',(5.208348510804E1,2.191099659874E2,2.282532263458E1));
#10707=CARTESIAN_POINT('',(5.221209508015E1,2.195392082806E2,2.380873898657E1));
#10708=CARTESIAN_POINT('',(5.227557559277E1,2.201223522914E2,2.531421829647E1));
#10709=CARTESIAN_POINT('',(5.221213854797E1,2.206429847659E2,2.684127374444E1));
#10710=CARTESIAN_POINT('',(5.208374739696E1,2.209460318500E2,2.786947257671E1));
#10711=CARTESIAN_POINT('',(5.199679661149E1,2.210877624455E2,2.839134222832E1));
#10712=CARTESIAN_POINT('',(5.153953424582E1,2.193654326858E2,2.178763695504E1));
#10713=CARTESIAN_POINT('',(5.164086134044E1,2.196304560610E2,2.232550921270E1));
#10714=CARTESIAN_POINT('',(5.179062251620E1,2.201262567712E2,2.340653864638E1));
#10715=CARTESIAN_POINT('',(5.186467226710E1,2.207835921241E2,2.507354667968E1));
#10716=CARTESIAN_POINT('',(5.179067322122E1,2.213511872159E2,2.677191220033E1));
#10717=CARTESIAN_POINT('',(5.164116676550E1,2.216660002456E2,2.791754747048E1));
#10718=CARTESIAN_POINT('',(5.154014157379E1,2.218085049737E2,2.849878245128E1));
#10719=CARTESIAN_POINT('',(5.090607350217E1,2.199365820628E2,2.114095895321E1));
#10720=CARTESIAN_POINT('',(5.102360415003E1,2.202499897002E2,2.173100265108E1));
#10721=CARTESIAN_POINT('',(5.119784059230E1,2.208307769714E2,2.292501081288E1));
#10722=CARTESIAN_POINT('',(5.128419714868E1,2.215797554701E2,2.478376692011E1));
#10723=CARTESIAN_POINT('',(5.119789972431E1,2.222003647995E2,2.668778614952E1));
#10724=CARTESIAN_POINT('',(5.102395949044E1,2.225227166325E2,2.797444936198E1));
#10725=CARTESIAN_POINT('',(5.090677795318E1,2.226617284632E2,2.862661262361E1));
#10726=CARTESIAN_POINT('',(4.976704931267E1,2.207776178600E2,2.018864638412E1));
#10727=CARTESIAN_POINT('',(4.990559040359E1,2.211701109164E2,2.085056010898E1));
#10728=CARTESIAN_POINT('',(5.011200964202E1,2.218888784156E2,2.220519373972E1));
#10729=CARTESIAN_POINT('',(5.021472497852E1,2.227805947911E2,2.434669715113E1));
#10730=CARTESIAN_POINT('',(5.011207997559E1,2.234735574495E2,2.655885238198E1));
#10731=CARTESIAN_POINT('',(4.990601137836E1,2.237935128813E2,2.805703299748E1));
#10732=CARTESIAN_POINT('',(4.976787970167E1,2.239182200917E2,2.881488396629E1));
#10733=CARTESIAN_POINT('',(4.845438324624E1,2.214999343717E2,1.937002177784E1));
#10734=CARTESIAN_POINT('',(4.860323355802E1,2.219710607369E2,2.008694222942E1));
#10735=CARTESIAN_POINT('',(4.882622305750E1,2.228261802102E2,2.157171110026E1));
#10736=CARTESIAN_POINT('',(4.893766997924E1,2.238515369686E2,2.395690607589E1));
#10737=CARTESIAN_POINT('',(4.882629936996E1,2.245987299132E2,2.644145560980E1));
#10738=CARTESIAN_POINT('',(4.860368832679E1,2.248979625315E2,2.812677543139E1));
#10739=CARTESIAN_POINT('',(4.845527543414E1,2.249978974158E2,2.897713487278E1));
#10740=CARTESIAN_POINT('',(4.699126119415E1,2.220880420676E2,1.870312445647E1));
#10741=CARTESIAN_POINT('',(4.713889295657E1,2.226300491457E2,1.946059046076E1));
#10742=CARTESIAN_POINT('',(4.736108374449E1,2.236078756896E2,2.104616290893E1));
#10743=CARTESIAN_POINT('',(4.747255131606E1,2.247493608178E2,2.363012491919E1));
#10744=CARTESIAN_POINT('',(4.736116007109E1,2.255353326853E2,2.634142933753E1));
#10745=CARTESIAN_POINT('',(4.713934609673E1,2.258054476178E2,2.818268069299E1));
#10746=CARTESIAN_POINT('',(4.699214608451E1,2.258772565434E2,2.910952001203E1));
#10747=CARTESIAN_POINT('',(4.544639591859E1,2.225774760782E2,1.814762324494E1));
#10748=CARTESIAN_POINT('',(4.557552676183E1,2.231851742052E2,1.893544860462E1));
#10749=CARTESIAN_POINT('',(4.577071990555E1,2.242760410810E2,2.060051291816E1));
#10750=CARTESIAN_POINT('',(4.586899274772E1,2.255205343538E2,2.334944070663E1));
#10751=CARTESIAN_POINT('',(4.577078719715E1,2.263336167863E2,2.625319673162E1));
#10752=CARTESIAN_POINT('',(4.557592484272E1,2.265683251263E2,2.822786272082E1));
#10753=CARTESIAN_POINT('',(4.544716992142E1,2.266094386350E2,2.922006380362E1));
#10754=CARTESIAN_POINT('',(4.401796873019E1,2.228674889703E2,1.781781528598E1));
#10755=CARTESIAN_POINT('',(4.410602825179E1,2.235226252195E2,1.861955151298E1));
#10756=CARTESIAN_POINT('',(4.423949820439E1,2.246942644062E2,2.032628535834E1));
#10757=CARTESIAN_POINT('',(4.430684646247E1,2.260077086064E2,2.317212377977E1));
#10758=CARTESIAN_POINT('',(4.423954432061E1,2.268302580314E2,2.619435727623E1));
#10759=CARTESIAN_POINT('',(4.410630045325E1,2.270299538825E2,2.825277356292E1));
#10760=CARTESIAN_POINT('',(4.401849655609E1,2.270437620522E2,2.928604788720E1));
#10761=CARTESIAN_POINT('',(4.275536126585E1,2.230142400412E2,1.765109811881E1));
#10762=CARTESIAN_POINT('',(4.281219724793E1,2.236922335054E2,1.845970121096E1));
#10763=CARTESIAN_POINT('',(4.289845380271E1,2.249034129573E2,2.018763011616E1));
#10764=CARTESIAN_POINT('',(4.294202523086E1,2.262514946274E2,2.308339292460E1));
#10765=CARTESIAN_POINT('',(4.289848363793E1,2.270795971833E2,2.616609382383E1));
#10766=CARTESIAN_POINT('',(4.281237316141E1,2.272626651394E2,2.826611891961E1));
#10767=CARTESIAN_POINT('',(4.275570193955E1,2.272634220997E2,2.931931121126E1));
#10768=CARTESIAN_POINT('',(4.211907549653E1,2.230668093042E2,1.759140927915E1));
#10769=CARTESIAN_POINT('',(4.216088312004E1,2.237523046484E2,1.840297422764E1));
#10770=CARTESIAN_POINT('',(4.222435895072E1,2.249764604514E2,2.013905640910E1));
#10771=CARTESIAN_POINT('',(4.225643429882E1,2.263361693105E2,2.305257386035E1));
#10772=CARTESIAN_POINT('',(4.222438091408E1,2.271667756717E2,2.615633498737E1));
#10773=CARTESIAN_POINT('',(4.216101257403E1,2.273451552879E2,2.827093156530E1));
#10774=CARTESIAN_POINT('',(4.211932609073E1,2.273420827656E2,2.933120211739E1));
#10775=CARTESIAN_POINT('',(4.142106855550E1,2.231012319737E2,1.755225206333E1));
#10776=CARTESIAN_POINT('',(4.144131134836E1,2.237923711566E2,1.836552763784E1));
#10777=CARTESIAN_POINT('',(4.147205674934E1,2.250261232989E2,2.010658624385E1));
#10778=CARTESIAN_POINT('',(4.148759756046E1,2.263939921230E2,2.303152807773E1));
#10779=CARTESIAN_POINT('',(4.147206739080E1,2.272256902919E2,2.614927632982E1));
#10780=CARTESIAN_POINT('',(4.144137405120E1,2.273999266841E2,2.827384270147E1));
#10781=CARTESIAN_POINT('',(4.142118989053E1,2.273936411527E2,2.933904220480E1));
#10782=CARTESIAN_POINT('',(4.093407925083E1,2.231068853143E2,1.754579339898E1));
#10783=CARTESIAN_POINT('',(4.093676750662E1,2.237996596899E2,1.835878712944E1));
#10784=CARTESIAN_POINT('',(4.094085136264E1,2.250362529646E2,2.010004160599E1));
#10785=CARTESIAN_POINT('',(4.094291597766E1,2.264063250428E2,2.302703926202E1));
#10786=CARTESIAN_POINT('',(4.094085277637E1,2.272376571289E2,2.614777654162E1));
#10787=CARTESIAN_POINT('',(4.093677583533E1,2.274098469213E2,2.827431721970E1));
#10788=CARTESIAN_POINT('',(4.093409536421E1,2.274021320056E2,2.934035092113E1));
#10789=CARTESIAN_POINT('',(4.066002036061E1,2.231043310711E2,1.754871580363E1));
#10790=CARTESIAN_POINT('',(4.065411423986E1,2.237964400503E2,1.836175405510E1));
#10791=CARTESIAN_POINT('',(4.064514313075E1,2.250318947677E2,2.010283535579E1));
#10792=CARTESIAN_POINT('',(4.064060822672E1,2.264010837355E2,2.302894694189E1));
#10793=CARTESIAN_POINT('',(4.064514002551E1,2.272325226955E2,2.614843865350E1));
#10794=CARTESIAN_POINT('',(4.065409594398E1,2.274054718797E2,2.827411573087E1));
#10795=CARTESIAN_POINT('',(4.065998495940E1,2.273982936298E2,2.933975642606E1));
#10796=B_SPLINE_SURFACE_WITH_KNOTS('',3,3,((#10649,#10650,#10651,#10652,#10653,
#10654,#10655),(#10656,#10657,#10658,#10659,#10660,#10661,#10662),(#10663,
#10664,#10665,#10666,#10667,#10668,#10669),(#10670,#10671,#10672,#10673,#10674,
#10675,#10676),(#10677,#10678,#10679,#10680,#10681,#10682,#10683),(#10684,
#10685,#10686,#10687,#10688,#10689,#10690),(#10691,#10692,#10693,#10694,#10695,
#10696,#10697),(#10698,#10699,#10700,#10701,#10702,#10703,#10704),(#10705,
#10706,#10707,#10708,#10709,#10710,#10711),(#10712,#10713,#10714,#10715,#10716,
#10717,#10718),(#10719,#10720,#10721,#10722,#10723,#10724,#10725),(#10726,
#10727,#10728,#10729,#10730,#10731,#10732),(#10733,#10734,#10735,#10736,#10737,
#10738,#10739),(#10740,#10741,#10742,#10743,#10744,#10745,#10746),(#10747,
#10748,#10749,#10750,#10751,#10752,#10753),(#10754,#10755,#10756,#10757,#10758,
#10759,#10760),(#10761,#10762,#10763,#10764,#10765,#10766,#10767),(#10768,
#10769,#10770,#10771,#10772,#10773,#10774),(#10775,#10776,#10777,#10778,#10779,
#10780,#10781),(#10782,#10783,#10784,#10785,#10786,#10787,#10788),(#10789,
#10790,#10791,#10792,#10793,#10794,#10795)),.UNSPECIFIED.,.F.,.F.,.F.,(4,1,1,1,
1,1,1,1,1,1,1,1,1,1,1,1,1,1,4),(4,1,1,1,4),(0.E0,1.284553357021E0,
2.569106714041E0,3.211383392552E0,3.853660071062E0,5.138213428083E0,
6.422766785103E0,7.065043463614E0,7.707320142124E0,8.991873499145E0,
1.027642685617E1,1.284553357021E1,1.413008692723E1,1.541464028425E1,
1.798374699829E1,1.862602367680E1,1.926830035531E1,1.991057703382E1,
2.073673421539E1),(-1.052648348355E-2,2.5E-1,5.E-1,7.5E-1,1.010005718567E0),
.UNSPECIFIED.);
#10797=ORIENTED_EDGE('',*,*,#10023,.T.);
#10799=ORIENTED_EDGE('',*,*,#10798,.F.);
#10801=ORIENTED_EDGE('',*,*,#10800,.F.);
#10802=ORIENTED_EDGE('',*,*,#10067,.T.);
#10804=ORIENTED_EDGE('',*,*,#10803,.F.);
#10806=ORIENTED_EDGE('',*,*,#10805,.F.);
#10808=ORIENTED_EDGE('',*,*,#10807,.F.);
#10810=ORIENTED_EDGE('',*,*,#10809,.F.);
#10812=ORIENTED_EDGE('',*,*,#10811,.F.);
#10813=EDGE_LOOP('',(#10797,#10799,#10801,#10802,#10804,#10806,#10808,#10810,
#10812));
#10814=FACE_OUTER_BOUND('',#10813,.F.);
#10815=ADVANCED_FACE('',(#10814),#10796,.F.);
#10816=CARTESIAN_POINT('',(-4.19842E2,2.094E2,2.921683537187E1));
#10817=DIRECTION('',(-1.E0,0.E0,0.E0));
#10818=DIRECTION('',(0.E0,-1.E0,0.E0));
#10819=AXIS2_PLACEMENT_3D('',#10816,#10817,#10818);
#10820=CYLINDRICAL_SURFACE('',#10819,1.8E1);
#10822=ORIENTED_EDGE('',*,*,#10821,.F.);
#10823=ORIENTED_EDGE('',*,*,#10798,.T.);
#10824=ORIENTED_EDGE('',*,*,#7148,.T.);
#10826=ORIENTED_EDGE('',*,*,#10825,.F.);
#10827=EDGE_LOOP('',(#10822,#10823,#10824,#10826));
#10828=FACE_OUTER_BOUND('',#10827,.F.);
#10829=ADVANCED_FACE('',(#10828),#10820,.F.);
#10830=CARTESIAN_POINT('',(2.170200000001E1,2.274E2,9.784271247541E-1));
#10831=DIRECTION('',(0.E0,-1.E0,0.E0));
#10832=DIRECTION('',(0.E0,0.E0,-1.E0));
#10833=AXIS2_PLACEMENT_3D('',#10830,#10831,#10832);
#10834=PLANE('',#10833);
#10835=ORIENTED_EDGE('',*,*,#10821,.T.);
#10837=ORIENTED_EDGE('',*,*,#10836,.T.);
#10839=ORIENTED_EDGE('',*,*,#10838,.T.);
#10841=ORIENTED_EDGE('',*,*,#10840,.F.);
#10843=ORIENTED_EDGE('',*,*,#10842,.F.);
#10844=EDGE_LOOP('',(#10835,#10837,#10839,#10841,#10843));
#10845=FACE_OUTER_BOUND('',#10844,.F.);
#10846=ADVANCED_FACE('',(#10845),#10834,.T.);
#10847=CARTESIAN_POINT('',(3.720200000001E1,2.266441781020E2,1.874135878118E1));
#10848=DIRECTION('',(-1.E0,0.E0,0.E0));
#10849=DIRECTION('',(0.E0,-1.E0,0.E0));
#10850=AXIS2_PLACEMENT_3D('',#10847,#10848,#10849);
#10851=PLANE('',#10850);
#10853=ORIENTED_EDGE('',*,*,#10852,.T.);
#10854=ORIENTED_EDGE('',*,*,#7743,.T.);
#10856=ORIENTED_EDGE('',*,*,#10855,.F.);
#10858=ORIENTED_EDGE('',*,*,#10857,.F.);
#10860=ORIENTED_EDGE('',*,*,#10859,.F.);
#10861=ORIENTED_EDGE('',*,*,#7793,.T.);
#10863=ORIENTED_EDGE('',*,*,#10862,.F.);
#10865=ORIENTED_EDGE('',*,*,#10864,.F.);
#10867=ORIENTED_EDGE('',*,*,#10866,.T.);
#10869=ORIENTED_EDGE('',*,*,#10868,.T.);
#10871=ORIENTED_EDGE('',*,*,#10870,.T.);
#10873=ORIENTED_EDGE('',*,*,#10872,.F.);
#10875=ORIENTED_EDGE('',*,*,#10874,.T.);
#10876=ORIENTED_EDGE('',*,*,#10836,.F.);
#10877=ORIENTED_EDGE('',*,*,#10825,.T.);
#10878=ORIENTED_EDGE('',*,*,#7146,.F.);
#10879=ORIENTED_EDGE('',*,*,#7482,.T.);
#10881=ORIENTED_EDGE('',*,*,#10880,.T.);
#10883=ORIENTED_EDGE('',*,*,#10882,.T.);
#10885=ORIENTED_EDGE('',*,*,#10884,.F.);
#10887=ORIENTED_EDGE('',*,*,#10886,.T.);
#10888=EDGE_LOOP('',(#10853,#10854,#10856,#10858,#10860,#10861,#10863,#10865,
#10867,#10869,#10871,#10873,#10875,#10876,#10877,#10878,#10879,#10881,#10883,
#10885,#10887));
#10889=FACE_OUTER_BOUND('',#10888,.F.);
#10890=ADVANCED_FACE('',(#10889),#10851,.T.);
#10891=CARTESIAN_POINT('',(3.770200000001E1,-2.06E1,5.100250574417E1));
#10892=DIRECTION('',(0.E0,-1.E0,0.E0));
#10893=DIRECTION('',(0.E0,0.E0,-1.E0));
#10894=AXIS2_PLACEMENT_3D('',#10891,#10892,#10893);
#10895=CYLINDRICAL_SURFACE('',#10894,5.E-1);
#10896=ORIENTED_EDGE('',*,*,#10852,.F.);
#10898=ORIENTED_EDGE('',*,*,#10897,.F.);
#10900=ORIENTED_EDGE('',*,*,#10899,.F.);
#10901=ORIENTED_EDGE('',*,*,#7707,.T.);
#10902=ORIENTED_EDGE('',*,*,#7745,.T.);
#10903=EDGE_LOOP('',(#10896,#10898,#10900,#10901,#10902));
#10904=FACE_OUTER_BOUND('',#10903,.F.);
#10905=ADVANCED_FACE('',(#10904),#10895,.T.);
#10906=CARTESIAN_POINT('',(3.770200000001E1,2.289E2,5.100250574417E1));
#10907=DIRECTION('',(-5.E-1,7.071067811866E-1,5.E-1));
#10908=DIRECTION('',(8.164965809277E-1,5.773502691896E-1,0.E0));
#10909=AXIS2_PLACEMENT_3D('',#10906,#10907,#10908);
#10910=SPHERICAL_SURFACE('',#10909,5.E-1);
#10912=ORIENTED_EDGE('',*,*,#10911,.F.);
#10914=ORIENTED_EDGE('',*,*,#10913,.T.);
#10916=ORIENTED_EDGE('',*,*,#10915,.F.);
#10918=ORIENTED_EDGE('',*,*,#10917,.T.);
#10919=ORIENTED_EDGE('',*,*,#10897,.T.);
#10920=EDGE_LOOP('',(#10912,#10914,#10916,#10918,#10919));
#10921=FACE_OUTER_BOUND('',#10920,.F.);
#10922=ADVANCED_FACE('',(#10921),#10910,.T.);
#10923=CARTESIAN_POINT('',(3.770200000001E1,2.289E2,-4.634775240272E1));
#10924=DIRECTION('',(0.E0,0.E0,1.E0));
#10925=DIRECTION('',(0.E0,-1.E0,0.E0));
#10926=AXIS2_PLACEMENT_3D('',#10923,#10924,#10925);
#10927=CYLINDRICAL_SURFACE('',#10926,5.E-1);
#10929=ORIENTED_EDGE('',*,*,#10928,.T.);
#10930=ORIENTED_EDGE('',*,*,#10911,.T.);
#10931=ORIENTED_EDGE('',*,*,#10886,.F.);
#10933=ORIENTED_EDGE('',*,*,#10932,.T.);
#10934=EDGE_LOOP('',(#10929,#10930,#10931,#10933));
#10935=FACE_OUTER_BOUND('',#10934,.F.);
#10936=ADVANCED_FACE('',(#10935),#10927,.T.);
#10937=CARTESIAN_POINT('',(-4.19842E2,2.294E2,5.480449523384E1));
#10938=DIRECTION('',(0.E0,-1.E0,0.E0));
#10939=DIRECTION('',(0.E0,0.E0,-1.E0));
#10940=AXIS2_PLACEMENT_3D('',#10937,#10938,#10939);
#10941=PLANE('',#10940);
#10943=ORIENTED_EDGE('',*,*,#10942,.T.);
#10945=ORIENTED_EDGE('',*,*,#10944,.F.);
#10946=ORIENTED_EDGE('',*,*,#10928,.F.);
#10948=ORIENTED_EDGE('',*,*,#10947,.F.);
#10949=EDGE_LOOP('',(#10943,#10945,#10946,#10948));
#10950=FACE_OUTER_BOUND('',#10949,.F.);
#10951=ADVANCED_FACE('',(#10950),#10941,.F.);
#10952=CARTESIAN_POINT('',(4.084300000001E1,2.144E2,-4.634775240272E1));
#10953=DIRECTION('',(0.E0,0.E0,1.E0));
#10954=DIRECTION('',(0.E0,-1.E0,0.E0));
#10955=AXIS2_PLACEMENT_3D('',#10952,#10953,#10954);
#10956=CYLINDRICAL_SURFACE('',#10955,1.5E1);
#10957=ORIENTED_EDGE('',*,*,#7667,.T.);
#10959=ORIENTED_EDGE('',*,*,#10958,.T.);
#10960=ORIENTED_EDGE('',*,*,#10942,.F.);
#10962=ORIENTED_EDGE('',*,*,#10961,.F.);
#10963=EDGE_LOOP('',(#10957,#10959,#10960,#10962));
#10964=FACE_OUTER_BOUND('',#10963,.F.);
#10965=ADVANCED_FACE('',(#10964),#10956,.T.);
#10966=CARTESIAN_POINT('',(4.084300000001E1,2.144E2,5.100250574417E1));
#10967=DIRECTION('',(0.E0,0.E0,1.E0));
#10968=DIRECTION('',(0.E0,-1.E0,0.E0));
#10969=AXIS2_PLACEMENT_3D('',#10966,#10967,#10968);
#10970=TOROIDAL_SURFACE('',#10969,1.45E1,5.E-1);
#10971=ORIENTED_EDGE('',*,*,#7711,.T.);
#10973=ORIENTED_EDGE('',*,*,#10972,.T.);
#10974=ORIENTED_EDGE('',*,*,#10958,.F.);
#10975=ORIENTED_EDGE('',*,*,#7692,.F.);
#10976=EDGE_LOOP('',(#10971,#10973,#10974,#10975));
#10977=FACE_OUTER_BOUND('',#10976,.F.);
#10978=ADVANCED_FACE('',(#10977),#10970,.T.);
#10979=CARTESIAN_POINT('',(-4.19842E2,2.289E2,5.100250574417E1));
#10980=DIRECTION('',(1.E0,0.E0,0.E0));
#10981=DIRECTION('',(0.E0,1.E0,0.E0));
#10982=AXIS2_PLACEMENT_3D('',#10979,#10980,#10981);
#10983=CYLINDRICAL_SURFACE('',#10982,5.E-1);
#10984=ORIENTED_EDGE('',*,*,#7709,.F.);
#10986=ORIENTED_EDGE('',*,*,#10985,.F.);
#10987=ORIENTED_EDGE('',*,*,#10913,.F.);
#10988=ORIENTED_EDGE('',*,*,#10944,.T.);
#10989=ORIENTED_EDGE('',*,*,#10972,.F.);
#10990=EDGE_LOOP('',(#10984,#10986,#10987,#10988,#10989));
#10991=FACE_OUTER_BOUND('',#10990,.F.);
#10992=ADVANCED_FACE('',(#10991),#10983,.T.);
#10993=CARTESIAN_POINT('',(3.770200000001E1,2.289E2,5.100250574417E1));
#10994=DIRECTION('',(-5.E-1,7.071067811866E-1,5.E-1));
#10995=DIRECTION('',(8.164965809277E-1,5.773502691896E-1,0.E0));
#10996=AXIS2_PLACEMENT_3D('',#10993,#10994,#10995);
#10997=SPHERICAL_SURFACE('',#10996,5.E-1);
#10998=ORIENTED_EDGE('',*,*,#10917,.F.);
#10999=ORIENTED_EDGE('',*,*,#10915,.T.);
#11000=ORIENTED_EDGE('',*,*,#10985,.T.);
#11001=ORIENTED_EDGE('',*,*,#10899,.T.);
#11002=EDGE_LOOP('',(#10998,#10999,#11000,#11001));
#11003=FACE_OUTER_BOUND('',#11002,.F.);
#11004=ADVANCED_FACE('',(#11003),#10997,.T.);
#11005=CARTESIAN_POINT('',(5.583559840550E1,2.139283971608E2,2.928006818254E1));
#11006=CARTESIAN_POINT('',(5.612555046165E1,2.231539218346E2,2.940888917871E1));
#11007=CARTESIAN_POINT('',(4.959826264242E1,2.296805733999E2,2.950002434837E1));
#11008=CARTESIAN_POINT('',(4.037183861384E1,2.293906496071E2,2.949597598547E1));
#11009=CARTESIAN_POINT('',(5.583559840550E1,2.139440466489E2,2.815932899673E1));
#11010=CARTESIAN_POINT('',(5.612555046165E1,2.232014534066E2,2.600491231642E1));
#11011=CARTESIAN_POINT('',(4.959826264242E1,2.297506601393E2,2.448075759393E1));
#11012=CARTESIAN_POINT('',(4.037183861384E1,2.294597344117E2,2.454846286570E1));
#11013=CARTESIAN_POINT('',(5.583559840550E1,2.135606939042E2,2.710607598711E1));
#11014=CARTESIAN_POINT('',(5.612555046165E1,2.220371112568E2,2.280590855155E1));
#11015=CARTESIAN_POINT('',(4.959826264242E1,2.280338024522E2,1.976372986608E1));
#11016=CARTESIAN_POINT('',(4.037183861384E1,2.277674203053E2,1.989886807194E1));
#11017=CARTESIAN_POINT('',(5.583559840550E1,2.128283084385E2,2.625759925867E1));
#11018=CARTESIAN_POINT('',(5.612555046165E1,2.198126658095E2,2.022886369724E1));
#11019=CARTESIAN_POINT('',(4.959826264242E1,2.247537904155E2,1.596379934798E1));
#11020=CARTESIAN_POINT('',(4.037183861384E1,2.245342981426E2,1.615325999564E1));
#11021=(BOUNDED_SURFACE()B_SPLINE_SURFACE(3,3,((#11005,#11006,#11007,#11008),(
#11009,#11010,#11011,#11012),(#11013,#11014,#11015,#11016),(#11017,#11018,
#11019,#11020)),.UNSPECIFIED.,.F.,.F.,.F.)B_SPLINE_SURFACE_WITH_KNOTS((4,4),(4,
4),(0.E0,1.E0),(0.E0,1.E0),.UNSPECIFIED.)GEOMETRIC_REPRESENTATION_ITEM()RATIONAL_B_SPLINE_SURFACE(((1.227255506249E0,9.691613054413E-1,9.691613054413E-1,
1.227255506249E0),(1.173931807909E0,9.270516837444E-1,9.270516837444E-1,
1.173931807909E0),(1.173931807909E0,9.270516837444E-1,9.270516837444E-1,
1.173931807909E0),(1.227255506249E0,9.691613054413E-1,9.691613054413E-1,
1.227255506249E0)))REPRESENTATION_ITEM('')SURFACE());
#11023=ORIENTED_EDGE('',*,*,#11022,.T.);
#11025=ORIENTED_EDGE('',*,*,#11024,.T.);
#11026=ORIENTED_EDGE('',*,*,#7669,.F.);
#11027=ORIENTED_EDGE('',*,*,#10961,.T.);
#11028=EDGE_LOOP('',(#11023,#11025,#11026,#11027));
#11029=FACE_OUTER_BOUND('',#11028,.F.);
#11030=ADVANCED_FACE('',(#11029),#11021,.T.);
#11031=CARTESIAN_POINT('',(-4.19842E2,2.094E2,2.921683572109E1));
#11032=DIRECTION('',(-1.E0,0.E0,0.E0));
#11033=DIRECTION('',(0.E0,-1.E0,0.E0));
#11034=AXIS2_PLACEMENT_3D('',#11031,#11032,#11033);
#11035=CYLINDRICAL_SURFACE('',#11034,2.E1);
#11036=ORIENTED_EDGE('',*,*,#11022,.F.);
#11037=ORIENTED_EDGE('',*,*,#10947,.T.);
#11039=ORIENTED_EDGE('',*,*,#11038,.T.);
#11041=ORIENTED_EDGE('',*,*,#11040,.T.);
#11043=ORIENTED_EDGE('',*,*,#11042,.T.);
#11045=ORIENTED_EDGE('',*,*,#11044,.F.);
#11046=EDGE_LOOP('',(#11036,#11037,#11039,#11041,#11043,#11045));
#11047=FACE_OUTER_BOUND('',#11046,.F.);
#11048=ADVANCED_FACE('',(#11047),#11035,.T.);
#11049=CARTESIAN_POINT('',(3.770200000001E1,2.094E2,2.921683572109E1));
#11050=DIRECTION('',(-1.E0,0.E0,0.E0));
#11051=DIRECTION('',(0.E0,-1.E0,0.E0));
#11052=AXIS2_PLACEMENT_3D('',#11049,#11050,#11051);
#11053=TOROIDAL_SURFACE('',#11052,1.95E1,5.E-1);
#11054=ORIENTED_EDGE('',*,*,#10884,.T.);
#11056=ORIENTED_EDGE('',*,*,#11055,.F.);
#11057=ORIENTED_EDGE('',*,*,#11038,.F.);
#11058=ORIENTED_EDGE('',*,*,#10932,.F.);
#11059=EDGE_LOOP('',(#11054,#11056,#11057,#11058));
#11060=FACE_OUTER_BOUND('',#11059,.F.);
#11061=ADVANCED_FACE('',(#11060),#11053,.T.);
#11062=CARTESIAN_POINT('',(-4.19842E2,2.256443316798E2,1.842926471198E1));
#11063=DIRECTION('',(-1.E0,0.E0,0.E0));
#11064=DIRECTION('',(0.E0,-1.E0,0.E0));
#11065=AXIS2_PLACEMENT_3D('',#11062,#11063,#11064);
#11066=CYLINDRICAL_SURFACE('',#11065,5.E-1);
#11068=ORIENTED_EDGE('',*,*,#11067,.T.);
#11069=ORIENTED_EDGE('',*,*,#11040,.F.);
#11070=ORIENTED_EDGE('',*,*,#11055,.T.);
#11071=ORIENTED_EDGE('',*,*,#10882,.F.);
#11073=ORIENTED_EDGE('',*,*,#11072,.T.);
#11075=ORIENTED_EDGE('',*,*,#11074,.T.);
#11076=EDGE_LOOP('',(#11068,#11069,#11070,#11071,#11073,#11075));
#11077=FACE_OUTER_BOUND('',#11076,.F.);
#11078=ADVANCED_FACE('',(#11077),#11066,.T.);
#11079=CARTESIAN_POINT('',(2.31000008E1,2.256443316798E2,1.842926471198E1));
#11080=DIRECTION('',(-6.231389832328E-1,6.231389832328E-1,4.726474533425E-1));
#11081=DIRECTION('',(7.071067811865E-1,7.071067811866E-1,0.E0));
#11082=AXIS2_PLACEMENT_3D('',#11079,#11080,#11081);
#11083=SPHERICAL_SURFACE('',#11082,5.E-1);
#11084=ORIENTED_EDGE('',*,*,#11067,.F.);
#11086=ORIENTED_EDGE('',*,*,#11085,.F.);
#11088=ORIENTED_EDGE('',*,*,#11087,.T.);
#11090=ORIENTED_EDGE('',*,*,#11089,.T.);
#11092=ORIENTED_EDGE('',*,*,#11091,.F.);
#11093=EDGE_LOOP('',(#11084,#11086,#11088,#11090,#11092));
#11094=FACE_OUTER_BOUND('',#11093,.F.);
#11095=ADVANCED_FACE('',(#11094),#11083,.T.);
#11096=CARTESIAN_POINT('',(2.31000008E1,2.256443316798E2,1.842926471198E1));
#11097=DIRECTION('',(-6.231389832328E-1,6.231389832328E-1,4.726474533425E-1));
#11098=DIRECTION('',(7.071067811865E-1,7.071067811866E-1,0.E0));
#11099=AXIS2_PLACEMENT_3D('',#11096,#11097,#11098);
#11100=SPHERICAL_SURFACE('',#11099,5.E-1);
#11101=ORIENTED_EDGE('',*,*,#11087,.F.);
#11102=ORIENTED_EDGE('',*,*,#11085,.T.);
#11103=ORIENTED_EDGE('',*,*,#11074,.F.);
#11105=ORIENTED_EDGE('',*,*,#11104,.T.);
#11106=EDGE_LOOP('',(#11101,#11102,#11103,#11105));
#11107=FACE_OUTER_BOUND('',#11106,.F.);
#11108=ADVANCED_FACE('',(#11107),#11100,.T.);
#11109=CARTESIAN_POINT('',(2.31000008E1,-2.06E1,1.842926471198E1));
#11110=DIRECTION('',(0.E0,-1.E0,0.E0));
#11111=DIRECTION('',(0.E0,0.E0,-1.E0));
#11112=AXIS2_PLACEMENT_3D('',#11109,#11110,#11111);
#11113=CYLINDRICAL_SURFACE('',#11112,5.E-1);
#11114=ORIENTED_EDGE('',*,*,#7498,.F.);
#11115=ORIENTED_EDGE('',*,*,#11089,.F.);
#11116=ORIENTED_EDGE('',*,*,#11104,.F.);
#11118=ORIENTED_EDGE('',*,*,#11117,.T.);
#11119=ORIENTED_EDGE('',*,*,#7478,.F.);
#11120=EDGE_LOOP('',(#11114,#11115,#11116,#11118,#11119));
#11121=FACE_OUTER_BOUND('',#11120,.F.);
#11122=ADVANCED_FACE('',(#11121),#11113,.T.);
#11123=CARTESIAN_POINT('',(2.170200000001E1,2.269553751934E2,1.892926471198E1));
#11124=DIRECTION('',(0.E0,0.E0,1.E0));
#11125=DIRECTION('',(0.E0,-1.E0,0.E0));
#11126=AXIS2_PLACEMENT_3D('',#11123,#11124,#11125);
#11127=PLANE('',#11126);
#11128=ORIENTED_EDGE('',*,*,#11072,.F.);
#11129=ORIENTED_EDGE('',*,*,#10880,.F.);
#11130=ORIENTED_EDGE('',*,*,#7480,.T.);
#11131=ORIENTED_EDGE('',*,*,#11117,.F.);
#11132=EDGE_LOOP('',(#11128,#11129,#11130,#11131));
#11133=FACE_OUTER_BOUND('',#11132,.F.);
#11134=ADVANCED_FACE('',(#11133),#11127,.T.);
#11135=CARTESIAN_POINT('',(2.31000008E1,2.094E2,2.921683572109E1));
#11136=DIRECTION('',(-1.E0,0.E0,0.E0));
#11137=DIRECTION('',(0.E0,-1.E0,0.E0));
#11138=AXIS2_PLACEMENT_3D('',#11135,#11136,#11137);
#11139=TOROIDAL_SURFACE('',#11138,1.95E1,5.E-1);
#11140=ORIENTED_EDGE('',*,*,#7496,.T.);
#11142=ORIENTED_EDGE('',*,*,#11141,.T.);
#11143=ORIENTED_EDGE('',*,*,#11042,.F.);
#11144=ORIENTED_EDGE('',*,*,#11091,.T.);
#11145=EDGE_LOOP('',(#11140,#11142,#11143,#11144));
#11146=FACE_OUTER_BOUND('',#11145,.F.);
#11147=ADVANCED_FACE('',(#11146),#11139,.T.);
#11148=CARTESIAN_POINT('',(2.31000008E1,1.714492241172E2,-4.634775240272E1));
#11149=DIRECTION('',(0.E0,-6.427876096865E-1,-7.660444431190E-1));
#11150=DIRECTION('',(0.E0,7.660444431190E-1,-6.427876096865E-1));
#11151=AXIS2_PLACEMENT_3D('',#11148,#11149,#11150);
#11152=CYLINDRICAL_SURFACE('',#11151,5.E-1);
#11153=ORIENTED_EDGE('',*,*,#7494,.T.);
#11154=ORIENTED_EDGE('',*,*,#7611,.T.);
#11156=ORIENTED_EDGE('',*,*,#11155,.F.);
#11157=ORIENTED_EDGE('',*,*,#11141,.F.);
#11158=EDGE_LOOP('',(#11153,#11154,#11156,#11157));
#11159=FACE_OUTER_BOUND('',#11158,.F.);
#11160=ADVANCED_FACE('',(#11159),#11152,.T.);
#11161=CARTESIAN_POINT('',(3.75485E2,2.294E2,2.193743103576E1));
#11162=DIRECTION('',(0.E0,-7.660444431190E-1,6.427876096865E-1));
#11163=DIRECTION('',(0.E0,6.427876096865E-1,7.660444431190E-1));
#11164=AXIS2_PLACEMENT_3D('',#11161,#11162,#11163);
#11165=PLANE('',#11164);
#11167=ORIENTED_EDGE('',*,*,#11166,.F.);
#11168=ORIENTED_EDGE('',*,*,#11044,.T.);
#11169=ORIENTED_EDGE('',*,*,#11155,.T.);
#11171=ORIENTED_EDGE('',*,*,#11170,.T.);
#11172=EDGE_LOOP('',(#11167,#11168,#11169,#11171));
#11173=FACE_OUTER_BOUND('',#11172,.F.);
#11174=ADVANCED_FACE('',(#11173),#11165,.F.);
#11175=CARTESIAN_POINT('',(4.084300000001E1,1.525208184219E2,
-4.634775240272E1));
#11176=DIRECTION('',(0.E0,-6.427876096865E-1,-7.660444431190E-1));
#11177=DIRECTION('',(0.E0,7.660444431190E-1,-6.427876096865E-1));
#11178=AXIS2_PLACEMENT_3D('',#11175,#11176,#11177);
#11179=CYLINDRICAL_SURFACE('',#11178,1.5E1);
#11181=ORIENTED_EDGE('',*,*,#11180,.F.);
#11182=ORIENTED_EDGE('',*,*,#7637,.F.);
#11183=ORIENTED_EDGE('',*,*,#7671,.F.);
#11184=ORIENTED_EDGE('',*,*,#11024,.F.);
#11185=ORIENTED_EDGE('',*,*,#11166,.T.);
#11186=EDGE_LOOP('',(#11181,#11182,#11183,#11184,#11185));
#11187=FACE_OUTER_BOUND('',#11186,.F.);
#11188=ADVANCED_FACE('',(#11187),#11179,.T.);
#11189=CARTESIAN_POINT('',(4.673277544965E1,1.781760280525E2,
-3.723388489573E1));
#11190=CARTESIAN_POINT('',(4.670849455616E1,1.781374137144E2,
-3.729749799573E1));
#11191=CARTESIAN_POINT('',(4.665331458034E1,1.780458132713E2,
-3.741519955017E1));
#11192=CARTESIAN_POINT('',(4.655346417858E1,1.778694591345E2,
-3.755089871085E1));
#11193=CARTESIAN_POINT('',(4.644407928396E1,1.776677428810E2,
-3.763418127255E1));
#11194=CARTESIAN_POINT('',(4.637057165769E1,1.775273744981E2,
-3.765095661592E1));
#11195=CARTESIAN_POINT('',(4.633459576701E1,1.774576500740E2,
-3.765020290939E1));
#11196=CARTESIAN_POINT('',(4.597296172756E1,1.785876862956E2,
-3.724799763803E1));
#11197=CARTESIAN_POINT('',(4.595138279471E1,1.785470193646E2,
-3.730973947114E1));
#11198=CARTESIAN_POINT('',(4.590275612374E1,1.784516568081E2,
-3.742363508653E1));
#11199=CARTESIAN_POINT('',(4.581581575774E1,1.782707950121E2,
-3.755449192750E1));
#11200=CARTESIAN_POINT('',(4.572119528644E1,1.780655221032E2,
-3.763473040090E1));
#11201=CARTESIAN_POINT('',(4.565776228782E1,1.779231139377E2,
-3.765093235927E1));
#11202=CARTESIAN_POINT('',(4.562670292228E1,1.778523569439E2,
-3.765020447574E1));
#11203=CARTESIAN_POINT('',(4.463105226125E1,1.791571338350E2,
-3.726752685167E1));
#11204=CARTESIAN_POINT('',(4.461523209529E1,1.791131362646E2,
-3.732661693701E1));
#11205=CARTESIAN_POINT('',(4.457956102726E1,1.790118951292E2,
-3.743519620231E1));
#11206=CARTESIAN_POINT('',(4.451569424238E1,1.788246350241E2,
-3.755940113168E1));
#11207=CARTESIAN_POINT('',(4.444597120910E1,1.786149909428E2,
-3.763548366163E1));
#11208=CARTESIAN_POINT('',(4.439897982382E1,1.784704771433E2,
-3.765089909136E1));
#11209=CARTESIAN_POINT('',(4.437588958300E1,1.783987001218E2,
-3.765020662386E1));
#11210=CARTESIAN_POINT('',(4.260140585904E1,1.796201550444E2,
-3.728338767359E1));
#11211=CARTESIAN_POINT('',(4.259380717474E1,1.795740995971E2,
-3.734028324238E1));
#11212=CARTESIAN_POINT('',(4.257680395395E1,1.794690506265E2,
-3.744451195765E1));
#11213=CARTESIAN_POINT('',(4.254659341966E1,1.792770590761E2,
-3.756334397395E1));
#11214=CARTESIAN_POINT('',(4.251363790493E1,1.790634639323E2,
-3.763608896114E1));
#11215=CARTESIAN_POINT('',(4.249131383086E1,1.789165528850E2,
-3.765087235880E1));
#11216=CARTESIAN_POINT('',(4.248028715744E1,1.788435486877E2,
-3.765020834997E1));
#11217=CARTESIAN_POINT('',(4.139529327439E1,1.797083039011E2,
-3.728646491035E1));
#11218=CARTESIAN_POINT('',(4.139310261911E1,1.796617319710E2,
-3.734293893658E1));
#11219=CARTESIAN_POINT('',(4.138821396896E1,1.795557643149E2,
-3.744632829742E1));
#11220=CARTESIAN_POINT('',(4.137935045803E1,1.793627143701E2,
-3.756411704354E1));
#11221=CARTESIAN_POINT('',(4.136932983152E1,1.791482974504E2,
-3.763620907944E1));
#11222=CARTESIAN_POINT('',(4.136219743064E1,1.790009058479E2,
-3.765086705665E1));
#11223=CARTESIAN_POINT('',(4.135856148563E1,1.789276513867E2,
-3.765020869227E1));
#11224=CARTESIAN_POINT('',(4.078217103691E1,1.797051633373E2,
-3.728631611942E1));
#11225=CARTESIAN_POINT('',(4.078241344653E1,1.796586088216E2,
-3.734280558797E1));
#11226=CARTESIAN_POINT('',(4.078295449152E1,1.795526743510E2,
-3.744623014518E1));
#11227=CARTESIAN_POINT('',(4.078393432718E1,1.793596666380E2,
-3.756407093365E1));
#11228=CARTESIAN_POINT('',(4.078503989549E1,1.791452834474E2,
-3.763620063014E1));
#11229=CARTESIAN_POINT('',(4.078582474365E1,1.789979092712E2,
-3.765086742715E1));
#11230=CARTESIAN_POINT('',(4.078622419764E1,1.789246626367E2,
-3.765020866841E1));
#11231=B_SPLINE_SURFACE_WITH_KNOTS('',3,3,((#11189,#11190,#11191,#11192,#11193,
#11194,#11195),(#11196,#11197,#11198,#11199,#11200,#11201,#11202),(#11203,
#11204,#11205,#11206,#11207,#11208,#11209),(#11210,#11211,#11212,#11213,#11214,
#11215,#11216),(#11217,#11218,#11219,#11220,#11221,#11222,#11223),(#11224,
#11225,#11226,#11227,#11228,#11229,#11230)),.UNSPECIFIED.,.F.,.F.,.F.,(4,1,1,4),
(4,1,1,1,4),(8.442153955613E0,1.095900445482E1,1.267321163966E1,
1.444604759169E1),(-1.033681602912E-2,2.5E-1,5.E-1,7.5E-1,1.010520681606E0),
.UNSPECIFIED.);
#11232=ORIENTED_EDGE('',*,*,#11180,.T.);
#11234=ORIENTED_EDGE('',*,*,#11233,.F.);
#11236=ORIENTED_EDGE('',*,*,#11235,.F.);
#11237=ORIENTED_EDGE('',*,*,#7639,.F.);
#11238=EDGE_LOOP('',(#11232,#11234,#11236,#11237));
#11239=FACE_OUTER_BOUND('',#11238,.F.);
#11240=ADVANCED_FACE('',(#11239),#11231,.F.);
#11241=CARTESIAN_POINT('',(-4.19842E2,1.789336923418E2,-3.665024859395E1));
#11242=DIRECTION('',(1.E0,0.E0,0.E0));
#11243=DIRECTION('',(0.E0,1.E0,0.E0));
#11244=AXIS2_PLACEMENT_3D('',#11241,#11242,#11243);
#11245=CYLINDRICAL_SURFACE('',#11244,1.E0);
#11247=ORIENTED_EDGE('',*,*,#11246,.T.);
#11248=ORIENTED_EDGE('',*,*,#11233,.T.);
#11249=ORIENTED_EDGE('',*,*,#11170,.F.);
#11250=ORIENTED_EDGE('',*,*,#7609,.T.);
#11251=EDGE_LOOP('',(#11247,#11248,#11249,#11250));
#11252=FACE_OUTER_BOUND('',#11251,.F.);
#11253=ADVANCED_FACE('',(#11252),#11245,.T.);
#11254=CARTESIAN_POINT('',(6.271300000001E1,1.794E2,-3.765024859395E1));
#11255=DIRECTION('',(0.E0,0.E0,1.E0));
#11256=DIRECTION('',(0.E0,-1.E0,0.E0));
#11257=AXIS2_PLACEMENT_3D('',#11254,#11255,#11256);
#11258=PLANE('',#11257);
#11259=ORIENTED_EDGE('',*,*,#11246,.F.);
#11260=ORIENTED_EDGE('',*,*,#7624,.T.);
#11261=ORIENTED_EDGE('',*,*,#7641,.F.);
#11262=ORIENTED_EDGE('',*,*,#11235,.T.);
#11263=EDGE_LOOP('',(#11259,#11260,#11261,#11262));
#11264=FACE_OUTER_BOUND('',#11263,.F.);
#11265=ADVANCED_FACE('',(#11264),#11258,.F.);
#11266=CARTESIAN_POINT('',(3.720200000001E1,2.274E2,5.150250574417E1));
#11267=DIRECTION('',(0.E0,-1.E0,0.E0));
#11268=DIRECTION('',(-1.E0,0.E0,0.E0));
#11269=AXIS2_PLACEMENT_3D('',#11266,#11267,#11268);
#11270=PLANE('',#11269);
#11271=ORIENTED_EDGE('',*,*,#7741,.T.);
#11273=ORIENTED_EDGE('',*,*,#11272,.T.);
#11275=ORIENTED_EDGE('',*,*,#11274,.T.);
#11276=ORIENTED_EDGE('',*,*,#10855,.T.);
#11277=EDGE_LOOP('',(#11271,#11273,#11275,#11276));
#11278=FACE_OUTER_BOUND('',#11277,.F.);
#11279=ADVANCED_FACE('',(#11278),#11270,.T.);
#11280=CARTESIAN_POINT('',(4.084300000001E1,2.144E2,5.150250574417E1));
#11281=DIRECTION('',(0.E0,0.E0,-1.E0));
#11282=DIRECTION('',(0.E0,-1.E0,0.E0));
#11283=AXIS2_PLACEMENT_3D('',#11280,#11281,#11282);
#11284=CYLINDRICAL_SURFACE('',#11283,1.3E1);
#11285=ORIENTED_EDGE('',*,*,#7776,.T.);
#11287=ORIENTED_EDGE('',*,*,#11286,.F.);
#11288=ORIENTED_EDGE('',*,*,#11272,.F.);
#11289=ORIENTED_EDGE('',*,*,#7758,.T.);
#11290=EDGE_LOOP('',(#11285,#11287,#11288,#11289));
#11291=FACE_OUTER_BOUND('',#11290,.F.);
#11292=ADVANCED_FACE('',(#11291),#11284,.F.);
#11293=CARTESIAN_POINT('',(5.419300000001E1,1.98E2,4.850250574417E1));
#11294=DIRECTION('',(0.E0,0.E0,1.E0));
#11295=DIRECTION('',(0.E0,-1.E0,0.E0));
#11296=AXIS2_PLACEMENT_3D('',#11293,#11294,#11295);
#11297=PLANE('',#11296);
#11299=ORIENTED_EDGE('',*,*,#11298,.F.);
#11300=ORIENTED_EDGE('',*,*,#10857,.T.);
#11301=ORIENTED_EDGE('',*,*,#11274,.F.);
#11302=ORIENTED_EDGE('',*,*,#11286,.T.);
#11303=ORIENTED_EDGE('',*,*,#7774,.F.);
#11304=EDGE_LOOP('',(#11299,#11300,#11301,#11302,#11303));
#11305=FACE_OUTER_BOUND('',#11304,.F.);
#11306=ADVANCED_FACE('',(#11305),#11297,.T.);
#11307=CARTESIAN_POINT('',(3.720200000001E1,2.207537487891E2,4.950250574417E1));
#11308=DIRECTION('',(1.E0,0.E0,0.E0));
#11309=DIRECTION('',(0.E0,1.E0,0.E0));
#11310=AXIS2_PLACEMENT_3D('',#11307,#11308,#11309);
#11311=CYLINDRICAL_SURFACE('',#11310,1.E0);
#11312=ORIENTED_EDGE('',*,*,#11298,.T.);
#11313=ORIENTED_EDGE('',*,*,#7772,.F.);
#11314=ORIENTED_EDGE('',*,*,#7795,.F.);
#11315=ORIENTED_EDGE('',*,*,#10859,.T.);
#11316=EDGE_LOOP('',(#11312,#11313,#11314,#11315));
#11317=FACE_OUTER_BOUND('',#11316,.F.);
#11318=ADVANCED_FACE('',(#11317),#11311,.F.);
#11319=CARTESIAN_POINT('',(4.554300000001E1,2.181E2,5.150250574417E1));
#11320=DIRECTION('',(0.E0,1.E0,0.E0));
#11321=DIRECTION('',(-1.E0,0.E0,0.E0));
#11322=AXIS2_PLACEMENT_3D('',#11319,#11320,#11321);
#11323=PLANE('',#11322);
#11325=ORIENTED_EDGE('',*,*,#11324,.T.);
#11326=ORIENTED_EDGE('',*,*,#10862,.T.);
#11327=ORIENTED_EDGE('',*,*,#7791,.T.);
#11329=ORIENTED_EDGE('',*,*,#11328,.F.);
#11331=ORIENTED_EDGE('',*,*,#11330,.F.);
#11333=ORIENTED_EDGE('',*,*,#11332,.T.);
#11334=EDGE_LOOP('',(#11325,#11326,#11327,#11329,#11331,#11333));
#11335=FACE_OUTER_BOUND('',#11334,.F.);
#11336=ADVANCED_FACE('',(#11335),#11323,.T.);
#11337=CARTESIAN_POINT('',(3.940200000001E1,2.214E2,5.720250574417E1));
#11338=DIRECTION('',(1.E0,0.E0,0.E0));
#11339=DIRECTION('',(0.E0,1.E0,0.E0));
#11340=AXIS2_PLACEMENT_3D('',#11337,#11338,#11339);
#11341=CYLINDRICAL_SURFACE('',#11340,5.1E0);
#11343=ORIENTED_EDGE('',*,*,#11342,.T.);
#11345=ORIENTED_EDGE('',*,*,#11344,.F.);
#11346=ORIENTED_EDGE('',*,*,#10864,.T.);
#11347=ORIENTED_EDGE('',*,*,#11324,.F.);
#11348=EDGE_LOOP('',(#11343,#11345,#11346,#11347));
#11349=FACE_OUTER_BOUND('',#11348,.F.);
#11350=ADVANCED_FACE('',(#11349),#11341,.F.);
#11351=CARTESIAN_POINT('',(4.224299999999E1,2.187215747908E2,5.673826578407E1));
#11352=DIRECTION('',(-1.E0,9.068617644656E-12,7.677482743076E-13));
#11353=DIRECTION('',(-4.702480259549E-12,-5.870790280572E-1,8.095296256564E-1));
#11354=AXIS2_PLACEMENT_3D('',#11351,#11352,#11353);
#11355=PLANE('',#11354);
#11356=ORIENTED_EDGE('',*,*,#11342,.F.);
#11357=ORIENTED_EDGE('',*,*,#11332,.F.);
#11359=ORIENTED_EDGE('',*,*,#11358,.F.);
#11361=ORIENTED_EDGE('',*,*,#11360,.F.);
#11363=ORIENTED_EDGE('',*,*,#11362,.F.);
#11365=ORIENTED_EDGE('',*,*,#11364,.T.);
#11367=ORIENTED_EDGE('',*,*,#11366,.T.);
#11369=ORIENTED_EDGE('',*,*,#11368,.T.);
#11370=EDGE_LOOP('',(#11356,#11357,#11359,#11361,#11363,#11365,#11367,#11369));
#11371=FACE_OUTER_BOUND('',#11370,.F.);
#11373=ORIENTED_EDGE('',*,*,#11372,.T.);
#11375=ORIENTED_EDGE('',*,*,#11374,.T.);
#11376=EDGE_LOOP('',(#11373,#11375));
#11377=FACE_BOUND('',#11376,.F.);
#11378=ADVANCED_FACE('',(#11371,#11377),#11355,.T.);
#11379=CARTESIAN_POINT('',(3.940200000001E1,2.214E2,5.720250574417E1));
#11380=DIRECTION('',(-1.E0,0.E0,0.E0));
#11381=DIRECTION('',(0.E0,-1.E0,0.E0));
#11382=AXIS2_PLACEMENT_3D('',#11379,#11380,#11381);
#11383=CYLINDRICAL_SURFACE('',#11382,3.1E0);
#11384=ORIENTED_EDGE('',*,*,#11372,.F.);
#11386=ORIENTED_EDGE('',*,*,#11385,.F.);
#11388=ORIENTED_EDGE('',*,*,#11387,.T.);
#11390=ORIENTED_EDGE('',*,*,#11389,.T.);
#11392=ORIENTED_EDGE('',*,*,#11391,.T.);
#11393=EDGE_LOOP('',(#11384,#11386,#11388,#11390,#11392));
#11394=FACE_OUTER_BOUND('',#11393,.F.);
#11395=ADVANCED_FACE('',(#11394),#11383,.F.);
#11396=CARTESIAN_POINT('',(3.940200000001E1,2.214E2,5.720250574417E1));
#11397=DIRECTION('',(-1.E0,0.E0,0.E0));
#11398=DIRECTION('',(0.E0,-1.E0,0.E0));
#11399=AXIS2_PLACEMENT_3D('',#11396,#11397,#11398);
#11400=CYLINDRICAL_SURFACE('',#11399,3.1E0);
#11401=ORIENTED_EDGE('',*,*,#11385,.T.);
#11402=ORIENTED_EDGE('',*,*,#11374,.F.);
#11403=ORIENTED_EDGE('',*,*,#11391,.F.);
#11405=ORIENTED_EDGE('',*,*,#11404,.T.);
#11406=EDGE_LOOP('',(#11401,#11402,#11403,#11405));
#11407=FACE_OUTER_BOUND('',#11406,.F.);
#11408=ADVANCED_FACE('',(#11407),#11400,.F.);
#11409=CARTESIAN_POINT('',(4.589300000001E1,2.214E2,5.720250574417E1));
#11410=DIRECTION('',(1.E0,0.E0,0.E0));
#11411=DIRECTION('',(0.E0,1.E0,0.E0));
#11412=AXIS2_PLACEMENT_3D('',#11409,#11410,#11411);
#11413=CONICAL_SURFACE('',#11412,3.25E0,4.5E1);
#11415=ORIENTED_EDGE('',*,*,#11414,.T.);
#11417=ORIENTED_EDGE('',*,*,#11416,.T.);
#11419=ORIENTED_EDGE('',*,*,#11418,.F.);
#11420=ORIENTED_EDGE('',*,*,#11404,.F.);
#11421=EDGE_LOOP('',(#11415,#11417,#11419,#11420));
#11422=FACE_OUTER_BOUND('',#11421,.F.);
#11423=ADVANCED_FACE('',(#11422),#11413,.F.);
#11424=CARTESIAN_POINT('',(4.589300000001E1,2.214E2,5.720250574417E1));
#11425=DIRECTION('',(1.E0,0.E0,0.E0));
#11426=DIRECTION('',(0.E0,1.E0,0.E0));
#11427=AXIS2_PLACEMENT_3D('',#11424,#11425,#11426);
#11428=CONICAL_SURFACE('',#11427,3.25E0,4.5E1);
#11429=ORIENTED_EDGE('',*,*,#11387,.F.);
#11430=ORIENTED_EDGE('',*,*,#11418,.T.);
#11432=ORIENTED_EDGE('',*,*,#11431,.T.);
#11434=ORIENTED_EDGE('',*,*,#11433,.T.);
#11435=ORIENTED_EDGE('',*,*,#11414,.F.);
#11436=ORIENTED_EDGE('',*,*,#11389,.F.);
#11437=EDGE_LOOP('',(#11429,#11430,#11432,#11434,#11435,#11436));
#11438=FACE_OUTER_BOUND('',#11437,.F.);
#11439=ADVANCED_FACE('',(#11438),#11428,.F.);
#11440=CARTESIAN_POINT('',(4.604300000001E1,2.185044216683E2,6.048011040333E1));
#11441=DIRECTION('',(1.E0,0.E0,0.E0));
#11442=DIRECTION('',(0.E0,1.E0,0.E0));
#11443=AXIS2_PLACEMENT_3D('',#11440,#11441,#11442);
#11444=PLANE('',#11443);
#11446=ORIENTED_EDGE('',*,*,#11445,.T.);
#11448=ORIENTED_EDGE('',*,*,#11447,.F.);
#11450=ORIENTED_EDGE('',*,*,#11449,.F.);
#11452=ORIENTED_EDGE('',*,*,#11451,.T.);
#11454=ORIENTED_EDGE('',*,*,#11453,.F.);
#11455=ORIENTED_EDGE('',*,*,#11328,.T.);
#11456=ORIENTED_EDGE('',*,*,#7789,.T.);
#11457=ORIENTED_EDGE('',*,*,#7816,.F.);
#11459=ORIENTED_EDGE('',*,*,#11458,.F.);
#11461=ORIENTED_EDGE('',*,*,#11460,.T.);
#11463=ORIENTED_EDGE('',*,*,#11462,.F.);
#11465=ORIENTED_EDGE('',*,*,#11464,.F.);
#11466=EDGE_LOOP('',(#11446,#11448,#11450,#11452,#11454,#11455,#11456,#11457,
#11459,#11461,#11463,#11465));
#11467=FACE_OUTER_BOUND('',#11466,.F.);
#11468=ORIENTED_EDGE('',*,*,#11431,.F.);
#11469=ORIENTED_EDGE('',*,*,#11416,.F.);
#11470=ORIENTED_EDGE('',*,*,#11433,.F.);
#11471=EDGE_LOOP('',(#11468,#11469,#11470));
#11472=FACE_BOUND('',#11471,.F.);
#11473=ADVANCED_FACE('',(#11467,#11472),#11444,.T.);
#11474=CARTESIAN_POINT('',(3.3437661E1,2.2605E2,6.750250574417E1));
#11475=DIRECTION('',(0.E0,0.E0,1.E0));
#11476=DIRECTION('',(-1.E0,0.E0,0.E0));
#11477=AXIS2_PLACEMENT_3D('',#11474,#11475,#11476);
#11478=PLANE('',#11477);
#11480=ORIENTED_EDGE('',*,*,#11479,.F.);
#11482=ORIENTED_EDGE('',*,*,#11481,.F.);
#11483=ORIENTED_EDGE('',*,*,#11364,.F.);
#11485=ORIENTED_EDGE('',*,*,#11484,.F.);
#11487=ORIENTED_EDGE('',*,*,#11486,.T.);
#11489=ORIENTED_EDGE('',*,*,#11488,.T.);
#11491=ORIENTED_EDGE('',*,*,#11490,.T.);
#11492=ORIENTED_EDGE('',*,*,#11445,.F.);
#11494=ORIENTED_EDGE('',*,*,#11493,.F.);
#11496=ORIENTED_EDGE('',*,*,#11495,.T.);
#11498=ORIENTED_EDGE('',*,*,#11497,.F.);
#11500=ORIENTED_EDGE('',*,*,#11499,.F.);
#11501=EDGE_LOOP('',(#11480,#11482,#11483,#11485,#11487,#11489,#11491,#11492,
#11494,#11496,#11498,#11500));
#11502=FACE_OUTER_BOUND('',#11501,.F.);
#11503=ADVANCED_FACE('',(#11502),#11478,.T.);
#11504=CARTESIAN_POINT('',(4.404300000001E1,2.153E2,6.347653440657E1));
#11505=DIRECTION('',(-1.E0,0.E0,0.E0));
#11506=DIRECTION('',(0.E0,0.E0,1.E0));
#11507=AXIS2_PLACEMENT_3D('',#11504,#11505,#11506);
#11508=PLANE('',#11507);
#11509=ORIENTED_EDGE('',*,*,#11479,.T.);
#11511=ORIENTED_EDGE('',*,*,#11510,.T.);
#11513=ORIENTED_EDGE('',*,*,#11512,.T.);
#11515=ORIENTED_EDGE('',*,*,#11514,.T.);
#11517=ORIENTED_EDGE('',*,*,#11516,.T.);
#11519=ORIENTED_EDGE('',*,*,#11518,.T.);
#11521=ORIENTED_EDGE('',*,*,#11520,.F.);
#11523=ORIENTED_EDGE('',*,*,#11522,.F.);
#11525=ORIENTED_EDGE('',*,*,#11524,.T.);
#11527=ORIENTED_EDGE('',*,*,#11526,.F.);
#11528=EDGE_LOOP('',(#11509,#11511,#11513,#11515,#11517,#11519,#11521,#11523,
#11525,#11527));
#11529=FACE_OUTER_BOUND('',#11528,.F.);
#11530=ADVANCED_FACE('',(#11529),#11508,.T.);
#11531=CARTESIAN_POINT('',(4.429300000001E1,2.1535E2,6.304397157844E1));
#11532=DIRECTION('',(7.071067811865E-1,7.071067811865E-1,0.E0));
#11533=DIRECTION('',(7.071067811865E-1,-7.071067811865E-1,0.E0));
#11534=AXIS2_PLACEMENT_3D('',#11531,#11532,#11533);
#11535=PLANE('',#11534);
#11536=ORIENTED_EDGE('',*,*,#11510,.F.);
#11537=ORIENTED_EDGE('',*,*,#11499,.T.);
#11539=ORIENTED_EDGE('',*,*,#11538,.T.);
#11541=ORIENTED_EDGE('',*,*,#11540,.F.);
#11542=EDGE_LOOP('',(#11536,#11537,#11539,#11541));
#11543=FACE_OUTER_BOUND('',#11542,.F.);
#11544=ADVANCED_FACE('',(#11543),#11535,.F.);
#11545=CARTESIAN_POINT('',(4.354300000001E1,2.151E2,6.102742404393E1));
#11546=DIRECTION('',(0.E0,-1.E0,0.E0));
#11547=DIRECTION('',(0.E0,0.E0,-1.E0));
#11548=AXIS2_PLACEMENT_3D('',#11545,#11546,#11547);
#11549=PLANE('',#11548);
#11550=ORIENTED_EDGE('',*,*,#11497,.T.);
#11552=ORIENTED_EDGE('',*,*,#11551,.F.);
#11554=ORIENTED_EDGE('',*,*,#11553,.F.);
#11556=ORIENTED_EDGE('',*,*,#11555,.T.);
#11558=ORIENTED_EDGE('',*,*,#11557,.T.);
#11560=ORIENTED_EDGE('',*,*,#11559,.T.);
#11562=ORIENTED_EDGE('',*,*,#11561,.F.);
#11563=ORIENTED_EDGE('',*,*,#9544,.F.);
#11565=ORIENTED_EDGE('',*,*,#11564,.F.);
#11567=ORIENTED_EDGE('',*,*,#11566,.T.);
#11569=ORIENTED_EDGE('',*,*,#11568,.T.);
#11570=ORIENTED_EDGE('',*,*,#11538,.F.);
#11571=EDGE_LOOP('',(#11550,#11552,#11554,#11556,#11558,#11560,#11562,#11563,
#11565,#11567,#11569,#11570));
#11572=FACE_OUTER_BOUND('',#11571,.F.);
#11573=ADVANCED_FACE('',(#11572),#11549,.T.);
#11574=CARTESIAN_POINT('',(4.574300000001E1,2.2605E2,6.950250574417E1));
#11575=DIRECTION('',(-1.E0,0.E0,0.E0));
#11576=DIRECTION('',(0.E0,0.E0,-1.E0));
#11577=AXIS2_PLACEMENT_3D('',#11574,#11575,#11576);
#11578=PLANE('',#11577);
#11579=ORIENTED_EDGE('',*,*,#11495,.F.);
#11581=ORIENTED_EDGE('',*,*,#11580,.T.);
#11583=ORIENTED_EDGE('',*,*,#11582,.F.);
#11584=ORIENTED_EDGE('',*,*,#11551,.T.);
#11585=EDGE_LOOP('',(#11579,#11581,#11583,#11584));
#11586=FACE_OUTER_BOUND('',#11585,.F.);
#11587=ADVANCED_FACE('',(#11586),#11578,.T.);
#11588=CARTESIAN_POINT('',(4.554300000001E1,2.171E2,4.950250574417E1));
#11589=DIRECTION('',(0.E0,1.E0,0.E0));
#11590=DIRECTION('',(-1.E0,0.E0,0.E0));
#11591=AXIS2_PLACEMENT_3D('',#11588,#11589,#11590);
#11592=PLANE('',#11591);
#11594=ORIENTED_EDGE('',*,*,#11593,.F.);
#11596=ORIENTED_EDGE('',*,*,#11595,.T.);
#11598=ORIENTED_EDGE('',*,*,#11597,.T.);
#11600=ORIENTED_EDGE('',*,*,#11599,.T.);
#11602=ORIENTED_EDGE('',*,*,#11601,.F.);
#11603=ORIENTED_EDGE('',*,*,#11580,.F.);
#11604=ORIENTED_EDGE('',*,*,#11493,.T.);
#11605=ORIENTED_EDGE('',*,*,#11464,.T.);
#11607=ORIENTED_EDGE('',*,*,#11606,.F.);
#11609=ORIENTED_EDGE('',*,*,#11608,.T.);
#11611=ORIENTED_EDGE('',*,*,#11610,.T.);
#11612=EDGE_LOOP('',(#11594,#11596,#11598,#11600,#11602,#11603,#11604,#11605,
#11607,#11609,#11611));
#11613=FACE_OUTER_BOUND('',#11612,.F.);
#11614=ADVANCED_FACE('',(#11613),#11592,.T.);
#11615=CARTESIAN_POINT('',(-4.19842E2,2.166E2,1.109615128721E2));
#11616=DIRECTION('',(9.993908270191E-1,0.E0,-3.489949670264E-2));
#11617=DIRECTION('',(-3.489949670264E-2,0.E0,-9.993908270191E-1));
#11618=AXIS2_PLACEMENT_3D('',#11615,#11616,#11617);
#11619=CYLINDRICAL_SURFACE('',#11618,5.E-1);
#11621=ORIENTED_EDGE('',*,*,#11620,.T.);
#11623=ORIENTED_EDGE('',*,*,#11622,.F.);
#11625=ORIENTED_EDGE('',*,*,#11624,.F.);
#11627=ORIENTED_EDGE('',*,*,#11626,.F.);
#11628=ORIENTED_EDGE('',*,*,#11593,.T.);
#11630=ORIENTED_EDGE('',*,*,#11629,.T.);
#11631=EDGE_LOOP('',(#11621,#11623,#11625,#11627,#11628,#11630));
#11632=FACE_OUTER_BOUND('',#11631,.F.);
#11633=ADVANCED_FACE('',(#11632),#11619,.T.);
#11634=CARTESIAN_POINT('',(5.215741173373E1,2.166E2,9.447893021461E1));
#11635=DIRECTION('',(3.713268685668E-1,8.911743973241E-1,2.606233877349E-1));
#11636=DIRECTION('',(9.230753774593E-1,-3.846190940766E-1,0.E0));
#11637=AXIS2_PLACEMENT_3D('',#11634,#11635,#11636);
#11638=SPHERICAL_SURFACE('',#11637,5.E-1);
#11639=ORIENTED_EDGE('',*,*,#11620,.F.);
#11641=ORIENTED_EDGE('',*,*,#11640,.F.);
#11643=ORIENTED_EDGE('',*,*,#11642,.T.);
#11645=ORIENTED_EDGE('',*,*,#11644,.T.);
#11646=EDGE_LOOP('',(#11639,#11641,#11643,#11645));
#11647=FACE_OUTER_BOUND('',#11646,.F.);
#11648=ADVANCED_FACE('',(#11647),#11638,.T.);
#11649=CARTESIAN_POINT('',(5.215741173373E1,2.166E2,9.447893021461E1));
#11650=DIRECTION('',(3.713268685668E-1,8.911743973241E-1,2.606233877349E-1));
#11651=DIRECTION('',(9.230753774593E-1,-3.846190940766E-1,0.E0));
#11652=AXIS2_PLACEMENT_3D('',#11649,#11650,#11651);
#11653=SPHERICAL_SURFACE('',#11652,5.E-1);
#11654=ORIENTED_EDGE('',*,*,#11640,.T.);
#11655=ORIENTED_EDGE('',*,*,#11629,.F.);
#11657=ORIENTED_EDGE('',*,*,#11656,.F.);
#11659=ORIENTED_EDGE('',*,*,#11658,.T.);
#11660=ORIENTED_EDGE('',*,*,#11642,.F.);
#11661=EDGE_LOOP('',(#11654,#11655,#11657,#11659,#11660));
#11662=FACE_OUTER_BOUND('',#11661,.F.);
#11663=ADVANCED_FACE('',(#11662),#11653,.T.);
#11664=CARTESIAN_POINT('',(5.215741173373E1,2.166E2,-4.634775240272E1));
#11665=DIRECTION('',(0.E0,0.E0,1.E0));
#11666=DIRECTION('',(0.E0,-1.E0,0.E0));
#11667=AXIS2_PLACEMENT_3D('',#11664,#11665,#11666);
#11668=CYLINDRICAL_SURFACE('',#11667,5.E-1);
#11670=ORIENTED_EDGE('',*,*,#11669,.T.);
#11671=ORIENTED_EDGE('',*,*,#11656,.T.);
#11672=ORIENTED_EDGE('',*,*,#11610,.F.);
#11674=ORIENTED_EDGE('',*,*,#11673,.T.);
#11675=EDGE_LOOP('',(#11670,#11671,#11672,#11674));
#11676=FACE_OUTER_BOUND('',#11675,.F.);
#11677=ADVANCED_FACE('',(#11676),#11668,.T.);
#11678=CARTESIAN_POINT('',(5.281119736690E1,2.15844E2,5.558330584017E1));
#11679=DIRECTION('',(9.821690282225E-1,1.880000000011E-1,0.E0));
#11680=DIRECTION('',(-1.880000000011E-1,9.821690282225E-1,0.E0));
#11681=AXIS2_PLACEMENT_3D('',#11678,#11679,#11680);
#11682=PLANE('',#11681);
#11683=ORIENTED_EDGE('',*,*,#11669,.F.);
#11685=ORIENTED_EDGE('',*,*,#11684,.T.);
#11686=ORIENTED_EDGE('',*,*,#8165,.F.);
#11688=ORIENTED_EDGE('',*,*,#11687,.F.);
#11690=ORIENTED_EDGE('',*,*,#11689,.F.);
#11691=EDGE_LOOP('',(#11683,#11685,#11686,#11688,#11690));
#11692=FACE_OUTER_BOUND('',#11691,.F.);
#11693=ADVANCED_FACE('',(#11692),#11682,.T.);
#11694=CARTESIAN_POINT('',(5.264456355804E1,2.167134556546E2,6.229165437137E1));
#11695=CARTESIAN_POINT('',(5.263069697405E1,2.167949603686E2,6.220644502615E1));
#11696=CARTESIAN_POINT('',(5.258304041025E1,2.169533448540E2,6.203695501791E1));
#11697=CARTESIAN_POINT('',(5.244512331953E1,2.171801201489E2,6.178115241316E1));
#11698=CARTESIAN_POINT('',(5.224693789196E1,2.173808021771E2,6.154045585742E1));
#11699=CARTESIAN_POINT('',(5.199003768436E1,2.175493392440E2,6.132130679563E1));
#11700=CARTESIAN_POINT('',(5.168658539634E1,2.176758492519E2,6.113602485305E1));
#11701=CARTESIAN_POINT('',(5.135363431046E1,2.177548653053E2,6.099337170734E1));
#11702=CARTESIAN_POINT('',(5.100013365457E1,2.177869623505E2,6.089445922237E1));
#11703=CARTESIAN_POINT('',(5.076610596021E1,2.177770567115E2,6.086059153310E1));
#11704=CARTESIAN_POINT('',(5.064851311235E1,2.177648884111E2,6.085087381815E1));
#11705=CARTESIAN_POINT('',(5.264621924248E1,2.167048061368E2,6.228304184090E1));
#11706=CARTESIAN_POINT('',(5.263232739327E1,2.167864405234E2,6.219798269266E1));
#11707=CARTESIAN_POINT('',(5.258462567341E1,2.169450838512E2,6.202879510420E1));
#11708=CARTESIAN_POINT('',(5.244666030131E1,2.171722555713E2,6.177345522254E1));
#11709=CARTESIAN_POINT('',(5.224845091271E1,2.173733196042E2,6.153319463804E1));
#11710=CARTESIAN_POINT('',(5.199155131587E1,2.175422174771E2,6.131443677547E1));
#11711=CARTESIAN_POINT('',(5.168812089048E1,2.176690492139E2,6.112947323705E1));
#11712=CARTESIAN_POINT('',(5.135520566755E1,2.177483326120E2,6.098704656034E1));
#11713=CARTESIAN_POINT('',(5.100174729946E1,2.177806379411E2,6.088826530486E1));
#11714=CARTESIAN_POINT('',(5.076774642114E1,2.177708227973E2,6.085441807976E1));
#11715=CARTESIAN_POINT('',(5.065016598717E1,2.177586883085E2,6.084469535328E1));
#11716=CARTESIAN_POINT('',(5.267079588861E1,2.165764144389E2,6.215454488981E1));
#11717=CARTESIAN_POINT('',(5.265652954636E1,2.166599708426E2,6.207172443314E1));
#11718=CARTESIAN_POINT('',(5.260815839570E1,2.168224519135E2,6.190704477717E1));
#11719=CARTESIAN_POINT('',(5.246947702266E1,2.170555043042E2,6.165860349561E1));
#11720=CARTESIAN_POINT('',(5.227091205279E1,2.172622376087E2,6.142484403677E1));
#11721=CARTESIAN_POINT('',(5.201402112417E1,2.174364923064E2,6.121192146211E1));
#11722=CARTESIAN_POINT('',(5.171091452568E1,2.175681024428E2,6.103170965185E1));
#11723=CARTESIAN_POINT('',(5.137853091144E1,2.176513577756E2,6.089266546925E1));
#11724=CARTESIAN_POINT('',(5.102569973620E1,2.176867583157E2,6.079584769658E1));
#11725=CARTESIAN_POINT('',(5.079209687081E1,2.176782880636E2,6.076231013236E1));
#11726=CARTESIAN_POINT('',(5.067470079217E1,2.176666559338E2,6.075251482362E1));
#11727=CARTESIAN_POINT('',(5.273872051645E1,2.162215670737E2,6.177140764780E1));
#11728=CARTESIAN_POINT('',(5.272344230260E1,2.163103145295E2,6.169516774943E1));
#11729=CARTESIAN_POINT('',(5.267325778364E1,2.164832109157E2,6.154375398392E1));
#11730=CARTESIAN_POINT('',(5.253262665248E1,2.167323547270E2,6.131566276950E1));
#11731=CARTESIAN_POINT('',(5.233308284734E1,2.169547094180E2,6.110113884839E1));
#11732=CARTESIAN_POINT('',(5.207619878991E1,2.171438172624E2,6.090555840920E1));
#11733=CARTESIAN_POINT('',(5.177395721103E1,2.172887512607E2,6.073956615179E1));
#11734=CARTESIAN_POINT('',(5.144301129293E1,2.173831353875E2,6.061076281233E1));
#11735=CARTESIAN_POINT('',(5.109189115620E1,2.174272392656E2,6.052003868208E1));
#11736=CARTESIAN_POINT('',(5.085938650383E1,2.174225535548E2,6.048761147258E1));
#11737=CARTESIAN_POINT('',(5.074250357224E1,2.174123292300E2,6.047769431316E1));
#11738=CARTESIAN_POINT('',(5.283580111975E1,2.157144056621E2,6.109098344826E1));
#11739=CARTESIAN_POINT('',(5.281900050204E1,2.158109647280E2,6.102658224329E1));
#11740=CARTESIAN_POINT('',(5.276613886625E1,2.159992529880E2,6.089869747361E1));
#11741=CARTESIAN_POINT('',(5.262272574402E1,2.162715069416E2,6.070598540383E1));
#11742=CARTESIAN_POINT('',(5.242186033538E1,2.165158414939E2,6.052452488023E1));
#11743=CARTESIAN_POINT('',(5.216508553852E1,2.167255869424E2,6.035869298814E1));
#11744=CARTESIAN_POINT('',(5.186415998221E1,2.168889818093E2,6.021736579939E1));
#11745=CARTESIAN_POINT('',(5.153530041818E1,2.169989474477E2,6.010694891944E1));
#11746=CARTESIAN_POINT('',(5.118659048276E1,2.170556272654E2,6.002823836324E1));
#11747=CARTESIAN_POINT('',(5.095557495082E1,2.170568626155E2,5.999929109397E1));
#11748=CARTESIAN_POINT('',(5.083936602208E1,2.170490393232E2,5.999010964223E1));
#11749=CARTESIAN_POINT('',(5.292933040224E1,2.152257962636E2,6.019556279861E1));
#11750=CARTESIAN_POINT('',(5.291107347670E1,2.153298313284E2,6.014663625834E1));
#11751=CARTESIAN_POINT('',(5.285565765171E1,2.155327717469E2,6.004933755945E1));
#11752=CARTESIAN_POINT('',(5.270960924571E1,2.158268803351E2,5.990228996113E1));
#11753=CARTESIAN_POINT('',(5.250751195216E1,2.160919591841E2,5.976339309357E1));
#11754=CARTESIAN_POINT('',(5.225087049174E1,2.163212483060E2,5.963596900092E1));
#11755=CARTESIAN_POINT('',(5.195121871280E1,2.165023012254E2,5.952683171649E1));
#11756=CARTESIAN_POINT('',(5.162434784741E1,2.166274477286E2,5.944098878073E1));
#11757=CARTESIAN_POINT('',(5.127790827186E1,2.166967590647E2,5.937918877706E1));
#11758=CARTESIAN_POINT('',(5.104827184919E1,2.167042764592E2,5.935601354409E1));
#11759=CARTESIAN_POINT('',(5.093267817909E1,2.166991178633E2,5.934851098142E1));
#11760=CARTESIAN_POINT('',(5.298664984423E1,2.149263510338E2,5.939417892443E1));
#11761=CARTESIAN_POINT('',(5.296755321189E1,2.150346990885E2,5.935848212066E1));
#11762=CARTESIAN_POINT('',(5.291064277617E1,2.152461761130E2,5.928752537959E1));
#11763=CARTESIAN_POINT('',(5.276301532343E1,2.155532543314E2,5.918032375341E1));
#11764=CARTESIAN_POINT('',(5.256015302903E1,2.158308595902E2,5.907902596424E1));
#11765=CARTESIAN_POINT('',(5.230355783217E1,2.160721542406E2,5.898597195135E1));
#11766=CARTESIAN_POINT('',(5.200464407542E1,2.162642341616E2,5.890605979651E1));
#11767=CARTESIAN_POINT('',(5.167895781200E1,2.163990005988E2,5.884290582219E1));
#11768=CARTESIAN_POINT('',(5.133389610854E1,2.164764043018E2,5.879704464411E1));
#11769=CARTESIAN_POINT('',(5.110511823705E1,2.164879605347E2,5.877948666741E1));
#11770=CARTESIAN_POINT('',(5.098991641174E1,2.164845028039E2,5.877365592200E1));
#11771=CARTESIAN_POINT('',(5.301912424707E1,2.147567007430E2,5.872896255641E1));
#11772=CARTESIAN_POINT('',(5.299956263094E1,2.148674295534E2,5.870379547607E1));
#11773=CARTESIAN_POINT('',(5.294183293249E1,2.150836676221E2,5.865397952780E1));
#11774=CARTESIAN_POINT('',(5.279334958947E1,2.153980909575E2,5.857920589039E1));
#11775=CARTESIAN_POINT('',(5.259007453266E1,2.156828593922E2,5.850887862706E1));
#11776=CARTESIAN_POINT('',(5.233350282664E1,2.159310483282E2,5.844446254570E1));
#11777=CARTESIAN_POINT('',(5.203498558527E1,2.161294495824E2,5.838918151614E1));
#11778=CARTESIAN_POINT('',(5.170994264932E1,2.162696844677E2,5.834537364622E1));
#11779=CARTESIAN_POINT('',(5.136564174748E1,2.163516104737E2,5.831326274979E1));
#11780=CARTESIAN_POINT('',(5.113735070440E1,2.163653494170E2,5.830060601056E1));
#11781=CARTESIAN_POINT('',(5.102237550746E1,2.163627839034E2,5.829622988866E1));
#11782=CARTESIAN_POINT('',(5.303649923054E1,2.146659319772E2,5.822409736951E1));
#11783=CARTESIAN_POINT('',(5.301667507091E1,2.147780040007E2,5.820723947864E1));
#11784=CARTESIAN_POINT('',(5.295849121119E1,2.149968976487E2,5.817389665556E1));
#11785=CARTESIAN_POINT('',(5.280954723420E1,2.153153379197E2,5.812390395725E1));
#11786=CARTESIAN_POINT('',(5.260605920753E1,2.156039590604E2,5.807691366190E1));
#11787=CARTESIAN_POINT('',(5.234951098684E1,2.158558030903E2,5.803387823100E1));
#11788=CARTESIAN_POINT('',(5.205121505766E1,2.160575173187E2,5.799692487886E1));
#11789=CARTESIAN_POINT('',(5.172652153935E1,2.162005974E2,5.796759287470E1));
#11790=CARTESIAN_POINT('',(5.138262814445E1,2.162848755433E2,5.794601323951E1));
#11791=CARTESIAN_POINT('',(5.115459371666E1,2.162997654009E2,5.793742501989E1));
#11792=CARTESIAN_POINT('',(5.103973623099E1,2.162976802279E2,5.793442022743E1));
#11793=CARTESIAN_POINT('',(5.304522735592E1,2.146203351436E2,5.779941316629E1));
#11794=CARTESIAN_POINT('',(5.302526935406E1,2.147330936147E2,5.778953034193E1));
#11795=CARTESIAN_POINT('',(5.296685287942E1,2.149533293309E2,5.777000361034E1));
#11796=CARTESIAN_POINT('',(5.281767249152E1,2.152737676068E2,5.774077491411E1));
#11797=CARTESIAN_POINT('',(5.261407618721E1,2.155642882429E2,5.771333655161E1));
#11798=CARTESIAN_POINT('',(5.235754220101E1,2.158179324281E2,5.768823059357E1));
#11799=CARTESIAN_POINT('',(5.205936164324E1,2.160212916215E2,5.766668313907E1));
#11800=CARTESIAN_POINT('',(5.173484624210E1,2.161658118679E2,5.764957671645E1));
#11801=CARTESIAN_POINT('',(5.139115502788E1,2.162513220231E2,5.763697391700E1));
#11802=CARTESIAN_POINT('',(5.116324249948E1,2.162668531327E2,5.763193396803E1));
#11803=CARTESIAN_POINT('',(5.104843895492E1,2.162650493489E2,5.763015882530E1));
#11804=CARTESIAN_POINT('',(5.304887461264E1,2.146012819007E2,5.743970529192E1));
#11805=CARTESIAN_POINT('',(5.302886205390E1,2.147143159484E2,5.743588107691E1));
#11806=CARTESIAN_POINT('',(5.297035625410E1,2.149351137893E2,5.742826756299E1));
#11807=CARTESIAN_POINT('',(5.282109173472E1,2.152564368292E2,5.741673315340E1));
#11808=CARTESIAN_POINT('',(5.261745895165E1,2.155478201335E2,5.740580586884E1));
#11809=CARTESIAN_POINT('',(5.236093069833E1,2.158022764320E2,5.739574092972E1));
#11810=CARTESIAN_POINT('',(5.206279138994E1,2.160063455802E2,5.738707200689E1));
#11811=CARTESIAN_POINT('',(5.173834315603E1,2.161514325129E2,5.738019806513E1));
#11812=CARTESIAN_POINT('',(5.139473617498E1,2.162373530692E2,5.737518644126E1));
#11813=CARTESIAN_POINT('',(5.116688304714E1,2.162530353975E2,5.737325674150E1));
#11814=CARTESIAN_POINT('',(5.105210895474E1,2.162512781579E2,5.737261361980E1));
#11815=CARTESIAN_POINT('',(5.304947526028E1,2.145981426609E2,5.725047355077E1));
#11816=CARTESIAN_POINT('',(5.302945361843E1,2.147112348725E2,5.724950052565E1));
#11817=CARTESIAN_POINT('',(5.297091518088E1,2.149320919487E2,5.724766712541E1));
#11818=CARTESIAN_POINT('',(5.282159612092E1,2.152533961086E2,5.724514458733E1));
#11819=CARTESIAN_POINT('',(5.261793041374E1,2.155447213070E2,5.724294538303E1));
#11820=CARTESIAN_POINT('',(5.236140077650E1,2.157991513744E2,5.724105938562E1));
#11821=CARTESIAN_POINT('',(5.206328554286E1,2.160032924691E2,5.723952072108E1));
#11822=CARTESIAN_POINT('',(5.173886768968E1,2.161485935145E2,5.723833010330E1));
#11823=CARTESIAN_POINT('',(5.139527554070E1,2.162348938550E2,5.723743088522E1));
#11824=CARTESIAN_POINT('',(5.116740969912E1,2.162509337481E2,5.723701247178E1));
#11825=CARTESIAN_POINT('',(5.105262211382E1,2.162493827671E2,5.723683157018E1));
#11826=CARTESIAN_POINT('',(5.304929782321E1,2.145990699355E2,5.714635697538E1));
#11827=CARTESIAN_POINT('',(5.302927837308E1,2.147121482626E2,5.714740737839E1));
#11828=CARTESIAN_POINT('',(5.297074779171E1,2.149329896098E2,5.714942313702E1));
#11829=CARTESIAN_POINT('',(5.282144196256E1,2.152542920721E2,5.715229154671E1));
#11830=CARTESIAN_POINT('',(5.261778442432E1,2.155456225726E2,5.715487044001E1));
#11831=CARTESIAN_POINT('',(5.236125545209E1,2.158000492401E2,5.715714431751E1));
#11832=CARTESIAN_POINT('',(5.206313468219E1,2.160041640270E2,5.715904053290E1));
#11833=CARTESIAN_POINT('',(5.173870948276E1,2.161494068736E2,5.716052280729E1));
#11834=CARTESIAN_POINT('',(5.139511322195E1,2.162356125731E2,5.716162630636E1));
#11835=CARTESIAN_POINT('',(5.116724963219E1,2.162515672570E2,5.716210382715E1));
#11836=CARTESIAN_POINT('',(5.105246475267E1,2.162499679324E2,5.716229317858E1));
#11837=B_SPLINE_SURFACE_WITH_KNOTS('',3,3,((#11694,#11695,#11696,#11697,#11698,
#11699,#11700,#11701,#11702,#11703,#11704),(#11705,#11706,#11707,#11708,#11709,
#11710,#11711,#11712,#11713,#11714,#11715),(#11716,#11717,#11718,#11719,#11720,
#11721,#11722,#11723,#11724,#11725,#11726),(#11727,#11728,#11729,#11730,#11731,
#11732,#11733,#11734,#11735,#11736,#11737),(#11738,#11739,#11740,#11741,#11742,
#11743,#11744,#11745,#11746,#11747,#11748),(#11749,#11750,#11751,#11752,#11753,
#11754,#11755,#11756,#11757,#11758,#11759),(#11760,#11761,#11762,#11763,#11764,
#11765,#11766,#11767,#11768,#11769,#11770),(#11771,#11772,#11773,#11774,#11775,
#11776,#11777,#11778,#11779,#11780,#11781),(#11782,#11783,#11784,#11785,#11786,
#11787,#11788,#11789,#11790,#11791,#11792),(#11793,#11794,#11795,#11796,#11797,
#11798,#11799,#11800,#11801,#11802,#11803),(#11804,#11805,#11806,#11807,#11808,
#11809,#11810,#11811,#11812,#11813,#11814),(#11815,#11816,#11817,#11818,#11819,
#11820,#11821,#11822,#11823,#11824,#11825),(#11826,#11827,#11828,#11829,#11830,
#11831,#11832,#11833,#11834,#11835,#11836)),.UNSPECIFIED.,.F.,.F.,.F.,(4,1,1,1,
1,1,1,1,1,1,4),(4,1,1,1,1,1,1,1,4),(6.015535533991E0,6.047189907243E0,
6.486521298091E0,7.365184079788E0,8.243846861485E0,9.122509643182E0,
9.561841034031E0,1.000117242488E1,1.044050381573E1,1.066016951115E1,
1.092799168666E1),(-1.087001322753E-2,1.25E-1,2.5E-1,3.75E-1,5.E-1,6.25E-1,
7.5E-1,8.75E-1,1.010814928207E0),.UNSPECIFIED.);
#11839=ORIENTED_EDGE('',*,*,#11838,.F.);
#11841=ORIENTED_EDGE('',*,*,#11840,.T.);
#11842=ORIENTED_EDGE('',*,*,#7939,.F.);
#11843=ORIENTED_EDGE('',*,*,#8167,.T.);
#11844=ORIENTED_EDGE('',*,*,#11684,.F.);
#11845=EDGE_LOOP('',(#11839,#11841,#11842,#11843,#11844));
#11846=FACE_OUTER_BOUND('',#11845,.F.);
#11847=ADVANCED_FACE('',(#11846),#11837,.T.);
#11848=CARTESIAN_POINT('',(5.084550557087E1,2.170219665230E2,5.991650108484E1));
#11849=CARTESIAN_POINT('',(5.084558157252E1,2.170352815173E2,5.993725975810E1));
#11850=CARTESIAN_POINT('',(5.084564153896E1,2.170580807703E2,5.997944218714E1));
#11851=CARTESIAN_POINT('',(5.084560949743E1,2.170825386162E2,6.004671296898E1));
#11852=CARTESIAN_POINT('',(5.084558082561E1,2.170973063428E2,6.011674192800E1));
#11853=CARTESIAN_POINT('',(5.084564758020E1,2.171002649096E2,6.016457134837E1));
#11854=CARTESIAN_POINT('',(5.084572814113E1,2.170999629586E2,6.018920570670E1));
#11855=CARTESIAN_POINT('',(5.085592682086E1,2.170209667703E2,5.991240586276E1));
#11856=CARTESIAN_POINT('',(5.085671616588E1,2.170344286721E2,5.993343930934E1));
#11857=CARTESIAN_POINT('',(5.085833652275E1,2.170574989953E2,5.997618568869E1));
#11858=CARTESIAN_POINT('',(5.086094297011E1,2.170822808418E2,6.004437157727E1));
#11859=CARTESIAN_POINT('',(5.086365599508E1,2.170972627565E2,6.011536604495E1));
#11860=CARTESIAN_POINT('',(5.086549460972E1,2.171002691630E2,6.016386216643E1));
#11861=CARTESIAN_POINT('',(5.08664338E1,2.170999623652E2,6.018884142046E1));
#11862=CARTESIAN_POINT('',(5.089343680073E1,2.170220213555E2,5.991485266988E1));
#11863=CARTESIAN_POINT('',(5.089264757483E1,2.170353042071E2,5.993574384006E1));
#11864=CARTESIAN_POINT('',(5.089104435489E1,2.170580640643E2,5.997816627872E1));
#11865=CARTESIAN_POINT('',(5.088848741667E1,2.170825122643E2,6.004576337160E1));
#11866=CARTESIAN_POINT('',(5.088582395220E1,2.170972965762E2,6.011610664086E1));
#11867=CARTESIAN_POINT('',(5.088400260460E1,2.171002658206E2,6.016415254424E1));
#11868=CARTESIAN_POINT('',(5.088306364531E1,2.170999628333E2,6.018890419212E1));
#11869=CARTESIAN_POINT('',(5.092784624730E1,2.170222583323E2,5.991631568874E1));
#11870=CARTESIAN_POINT('',(5.092672657831E1,2.170355039041E2,5.993717025955E1));
#11871=CARTESIAN_POINT('',(5.092445360458E1,2.170581966494E2,5.997950978951E1));
#11872=CARTESIAN_POINT('',(5.092083531661E1,2.170825685734E2,6.004695704431E1));
#11873=CARTESIAN_POINT('',(5.091707460057E1,2.170973053370E2,6.011713511282E1));
#11874=CARTESIAN_POINT('',(5.091450995165E1,2.171002649597E2,6.016506702602E1));
#11875=CARTESIAN_POINT('',(5.091319003148E1,2.170999629536E2,6.018976107770E1));
#11876=CARTESIAN_POINT('',(5.095345017970E1,2.170224879614E2,5.991816570516E1));
#11877=CARTESIAN_POINT('',(5.095191402275E1,2.170356956766E2,5.993897578910E1));
#11878=CARTESIAN_POINT('',(5.094879544508E1,2.170583218684E2,5.998121757009E1));
#11879=CARTESIAN_POINT('',(5.094382802527E1,2.170826206742E2,6.004849324835E1));
#11880=CARTESIAN_POINT('',(5.093865989158E1,2.170973131768E2,6.011848383832E1));
#11881=CARTESIAN_POINT('',(5.093513025388E1,2.171002641870E2,6.016628576380E1));
#11882=CARTESIAN_POINT('',(5.093331186183E1,2.170999630618E2,6.019091348971E1));
#11883=CARTESIAN_POINT('',(5.100467791829E1,2.170227282006E2,5.992301379753E1));
#11884=CARTESIAN_POINT('',(5.100228510271E1,2.170358961185E2,5.994372576610E1));
#11885=CARTESIAN_POINT('',(5.099742584595E1,2.170584525990E2,5.998576139989E1));
#11886=CARTESIAN_POINT('',(5.098967919854E1,2.170826750697E2,6.005269367493E1));
#11887=CARTESIAN_POINT('',(5.098161156025E1,2.170973213868E2,6.012231824238E1));
#11888=CARTESIAN_POINT('',(5.097609488291E1,2.171002633780E2,6.016986799320E1));
#11889=CARTESIAN_POINT('',(5.097325065059E1,2.170999631749E2,6.019436626909E1));
#11890=CARTESIAN_POINT('',(5.108529409984E1,2.170223941435E2,5.993442088466E1));
#11891=CARTESIAN_POINT('',(5.108106389705E1,2.170356168981E2,5.995490204427E1));
#11892=CARTESIAN_POINT('',(5.107247196798E1,2.170582700685E2,5.999647896801E1));
#11893=CARTESIAN_POINT('',(5.105880033289E1,2.170825990829E2,6.006270536129E1));
#11894=CARTESIAN_POINT('',(5.104461123316E1,2.170973099649E2,6.013161377862E1));
#11895=CARTESIAN_POINT('',(5.103495951778E1,2.171002645039E2,6.017868326883E1));
#11896=CARTESIAN_POINT('',(5.103000163576E1,2.170999630174E2,6.020293546777E1));
#11897=CARTESIAN_POINT('',(5.118709474834E1,2.170204062046E2,5.995723385396E1));
#11898=CARTESIAN_POINT('',(5.118096581696E1,2.170339572233E2,5.997738807167E1));
#11899=CARTESIAN_POINT('',(5.116854627102E1,2.170571876981E2,6.001838007795E1));
#11900=CARTESIAN_POINT('',(5.114878587649E1,2.170821500478E2,6.008382573495E1));
#11901=CARTESIAN_POINT('',(5.112821248615E1,2.170972429222E2,6.015198735010E1));
#11902=CARTESIAN_POINT('',(5.111412876727E1,2.171002711166E2,6.019853835770E1));
#11903=CARTESIAN_POINT('',(5.110685796120E1,2.170999620920E2,6.022250647052E1));
#11904=CARTESIAN_POINT('',(5.132064811622E1,2.170158266447E2,5.999792203666E1));
#11905=CARTESIAN_POINT('',(5.131180566519E1,2.170301261736E2,6.001747254797E1));
#11906=CARTESIAN_POINT('',(5.129387557081E1,2.170546799323E2,6.005742409149E1));
#11907=CARTESIAN_POINT('',(5.126534427738E1,2.170811050049E2,6.012160563232E1));
#11908=CARTESIAN_POINT('',(5.123567077004E1,2.170970857767E2,6.018867438004E1));
#11909=CARTESIAN_POINT('',(5.121540536658E1,2.171002866065E2,6.023452837270E1));
#11910=CARTESIAN_POINT('',(5.120496300504E1,2.170999599246E2,6.025812205792E1));
#11911=CARTESIAN_POINT('',(5.148023952197E1,2.170067761436E2,6.006626525331E1));
#11912=CARTESIAN_POINT('',(5.146819844771E1,2.170225425359E2,6.008484105801E1));
#11913=CARTESIAN_POINT('',(5.144366298278E1,2.170497034756E2,6.012316952728E1));
#11914=CARTESIAN_POINT('',(5.140441910171E1,2.170790278107E2,6.018554601407E1));
#11915=CARTESIAN_POINT('',(5.136356130663E1,2.170967735088E2,6.025120037230E1));
#11916=CARTESIAN_POINT('',(5.133573278142E1,2.171003173876E2,6.029621429062E1));
#11917=CARTESIAN_POINT('',(5.132144159131E1,2.170999556176E2,6.031935562829E1));
#11918=CARTESIAN_POINT('',(5.165765578872E1,2.169913861349E2,6.017239467732E1));
#11919=CARTESIAN_POINT('',(5.164251492077E1,2.170096004623E2,6.018974914420E1));
#11920=CARTESIAN_POINT('',(5.161112543039E1,2.170411671599E2,6.022596836405E1));
#11921=CARTESIAN_POINT('',(5.155980983873E1,2.170754563083E2,6.028584109878E1));
#11922=CARTESIAN_POINT('',(5.150581343581E1,2.170962389852E2,6.034940596916E1));
#11923=CARTESIAN_POINT('',(5.146897616940E1,2.171003700984E2,6.039312421617E1));
#11924=CARTESIAN_POINT('',(5.145013247082E1,2.170999482412E2,6.041557228481E1));
#11925=CARTESIAN_POINT('',(5.181795007796E1,2.169726096282E2,6.029674381286E1));
#11926=CARTESIAN_POINT('',(5.180032471619E1,2.169937467299E2,6.031260353469E1));
#11927=CARTESIAN_POINT('',(5.176316260467E1,2.170306538394E2,6.034633695809E1));
#11928=CARTESIAN_POINT('',(5.170102664757E1,2.170710527614E2,6.040349080664E1));
#11929=CARTESIAN_POINT('',(5.163486206484E1,2.170955864444E2,6.046493528116E1));
#11930=CARTESIAN_POINT('',(5.158955652124E1,2.171004345055E2,6.050733856602E1));
#11931=CARTESIAN_POINT('',(5.156643347894E1,2.170999392256E2,6.052904859578E1));
#11932=CARTESIAN_POINT('',(5.196244551143E1,2.169511218431E2,6.043618307939E1));
#11933=CARTESIAN_POINT('',(5.194289956983E1,2.169755151873E2,6.045033290580E1));
#11934=CARTESIAN_POINT('',(5.190089743172E1,2.170184829152E2,6.048120510296E1));
#11935=CARTESIAN_POINT('',(5.182887141851E1,2.170659467457E2,6.053523455813E1));
#11936=CARTESIAN_POINT('',(5.175116932150E1,2.170948384479E2,6.059425958524E1));
#11937=CARTESIAN_POINT('',(5.169776411306E1,2.171005084123E2,6.063516293620E1));
#11938=CARTESIAN_POINT('',(5.167057938921E1,2.170999288770E2,6.065602847338E1));
#11939=CARTESIAN_POINT('',(5.209243258624E1,2.169274932536E2,6.058819272729E1));
#11940=CARTESIAN_POINT('',(5.207167239216E1,2.169553499686E2,6.060070829628E1));
#11941=CARTESIAN_POINT('',(5.202585454798E1,2.170049092969E2,6.062858346665E1));
#11942=CARTESIAN_POINT('',(5.194460578847E1,2.170602371205E2,6.067876258299E1));
#11943=CARTESIAN_POINT('',(5.185556437826E1,2.170940119019E2,6.073440703007E1));
#11944=CARTESIAN_POINT('',(5.179420125944E1,2.171005901707E2,6.077317961006E1));
#11945=CARTESIAN_POINT('',(5.176311785213E1,2.170999174252E2,6.079292761683E1));
#11946=CARTESIAN_POINT('',(5.220727178610E1,2.169024733468E2,6.074892554515E1));
#11947=CARTESIAN_POINT('',(5.218584488417E1,2.169338749007E2,6.075955428118E1));
#11948=CARTESIAN_POINT('',(5.213724710980E1,2.169903389473E2,6.078411046143E1));
#11949=CARTESIAN_POINT('',(5.204799599016E1,2.170541003038E2,6.083033926437E1));
#11950=CARTESIAN_POINT('',(5.194851806012E1,2.170931380813E2,6.088268674096E1));
#11951=CARTESIAN_POINT('',(5.187967653201E1,2.171006767400E2,6.091934997790E1));
#11952=CARTESIAN_POINT('',(5.184493216427E1,2.170999052939E2,6.093793963827E1));
#11953=CARTESIAN_POINT('',(5.230827177335E1,2.168762200803E2,6.091797713037E1));
#11954=CARTESIAN_POINT('',(5.228672022675E1,2.169111996891E2,6.092671785227E1));
#11955=CARTESIAN_POINT('',(5.223626506385E1,2.169748163775E2,6.094777891498E1));
#11956=CARTESIAN_POINT('',(5.213986757523E1,2.170475503052E2,6.098949676352E1));
#11957=CARTESIAN_POINT('',(5.203045787377E1,2.170922214755E2,6.103787554051E1));
#11958=CARTESIAN_POINT('',(5.195446038134E1,2.171007676991E2,6.107200555278E1));
#11959=CARTESIAN_POINT('',(5.191627285471E1,2.170998925412E2,6.108925346625E1));
#11960=CARTESIAN_POINT('',(5.239627119569E1,2.168490822701E2,6.109384202862E1));
#11961=CARTESIAN_POINT('',(5.237513264368E1,2.168876024530E2,6.110077239401E1));
#11962=CARTESIAN_POINT('',(5.232371996224E1,2.169585037911E2,6.111823349453E1));
#11963=CARTESIAN_POINT('',(5.222091850320E1,2.170406520661E2,6.115476973408E1));
#11964=CARTESIAN_POINT('',(5.210192109159E1,2.170912742072E2,6.119828657299E1));
#11965=CARTESIAN_POINT('',(5.201900076081E1,2.171008618740E2,6.122932024564E1));
#11966=CARTESIAN_POINT('',(5.197755534714E1,2.170998793304E2,6.124499258121E1));
#11967=CARTESIAN_POINT('',(5.247089197666E1,2.168214329722E2,6.127456850212E1));
#11968=CARTESIAN_POINT('',(5.245072910238E1,2.168633835063E2,6.127972317023E1));
#11969=CARTESIAN_POINT('',(5.239942458269E1,2.169415760697E2,6.129362236771E1));
#11970=CARTESIAN_POINT('',(5.229131385090E1,2.170334714933E2,6.132486069982E1));
#11971=CARTESIAN_POINT('',(5.216332259894E1,2.170903066779E2,6.136317194040E1));
#11972=CARTESIAN_POINT('',(5.207370878822E1,2.171009582438E2,6.139069145190E1));
#11973=CARTESIAN_POINT('',(5.202912328509E1,2.170998658042E2,6.140452267130E1));
#11974=CARTESIAN_POINT('',(5.253259620827E1,2.167933623224E2,6.145988612916E1));
#11975=CARTESIAN_POINT('',(5.251390190482E1,2.168386052017E2,6.146346751567E1));
#11976=CARTESIAN_POINT('',(5.246364781256E1,2.169240512963E2,6.147398837955E1));
#11977=CARTESIAN_POINT('',(5.235117068917E1,2.170260110200E2,6.149961295888E1));
#11978=CARTESIAN_POINT('',(5.221468908433E1,2.170893211362E2,6.153197494390E1));
#11979=CARTESIAN_POINT('',(5.211864208644E1,2.171010566035E2,6.155533598739E1));
#11980=CARTESIAN_POINT('',(5.207108247226E1,2.170998519906E2,6.156700222811E1));
#11981=CARTESIAN_POINT('',(5.258176195329E1,2.167650028746E2,6.164929827020E1));
#11982=CARTESIAN_POINT('',(5.256498853310E1,2.168133534950E2,6.165174711900E1));
#11983=CARTESIAN_POINT('',(5.251666463447E1,2.169059432327E2,6.165936256534E1));
#11984=CARTESIAN_POINT('',(5.240068892574E1,2.170182588657E2,6.167897479340E1));
#11985=CARTESIAN_POINT('',(5.225617045438E1,2.170883147682E2,6.170424554035E1));
#11986=CARTESIAN_POINT('',(5.215396995388E1,2.171011572214E2,6.172252665987E1));
#11987=CARTESIAN_POINT('',(5.210362942469E1,2.170998378524E2,6.173161028682E1));
#11988=CARTESIAN_POINT('',(5.261221261489E1,2.167413228663E2,6.180954903606E1));
#11989=CARTESIAN_POINT('',(5.259732277973E1,2.167921137628E2,6.181113395813E1));
#11990=CARTESIAN_POINT('',(5.255124805658E1,2.168905377680E2,6.181641057106E1));
#11991=CARTESIAN_POINT('',(5.243313155480E1,2.170116531526E2,6.183078646977E1));
#11992=CARTESIAN_POINT('',(5.228242854290E1,2.170874815825E2,6.184963337271E1));
#11993=CARTESIAN_POINT('',(5.217542411830E1,2.171012407756E2,6.186326045003E1));
#11994=CARTESIAN_POINT('',(5.212295769540E1,2.170998261015E2,6.186998917368E1));
#11995=CARTESIAN_POINT('',(5.263018228952E1,2.167224222643E2,6.193868976576E1));
#11996=CARTESIAN_POINT('',(5.261694532710E1,2.167750593357E2,6.193966334653E1));
#11997=CARTESIAN_POINT('',(5.257302873662E1,2.168780485502E2,6.194317407201E1));
#11998=CARTESIAN_POINT('',(5.245367484928E1,2.170062864106E2,6.195329245475E1));
#11999=CARTESIAN_POINT('',(5.229836654917E1,2.170868189809E2,6.196676434248E1));
#12000=CARTESIAN_POINT('',(5.218774588194E1,2.171013073752E2,6.197649250990E1));
#12001=CARTESIAN_POINT('',(5.213370947401E1,2.170998167288E2,6.198126632149E1));
#12002=CARTESIAN_POINT('',(5.263877702589E1,2.167106140915E2,6.202005858360E1));
#12003=CARTESIAN_POINT('',(5.262663634387E1,2.167643580457E2,6.202070912244E1));
#12004=CARTESIAN_POINT('',(5.258421784461E1,2.168701560680E2,6.202315615426E1));
#12005=CARTESIAN_POINT('',(5.246427508855E1,2.170028878973E2,6.203043019725E1));
#12006=CARTESIAN_POINT('',(5.230621334158E1,2.170864050860E2,6.204020584293E1));
#12007=CARTESIAN_POINT('',(5.219342290890E1,2.171013490386E2,6.204726828614E1));
#12008=CARTESIAN_POINT('',(5.213846122582E1,2.170998108629E2,6.205072549069E1));
#12009=CARTESIAN_POINT('',(5.264407969009E1,2.167010908038E2,6.208574459836E1));
#12010=CARTESIAN_POINT('',(5.263284977667E1,2.167557024017E2,6.208614497312E1));
#12011=CARTESIAN_POINT('',(5.259171765818E1,2.168637409999E2,6.208770411797E1));
#12012=CARTESIAN_POINT('',(5.247141963756E1,2.170001213087E2,6.209246861141E1));
#12013=CARTESIAN_POINT('',(5.231122845786E1,2.170860712646E2,6.209893933566E1));
#12014=CARTESIAN_POINT('',(5.219674431352E1,2.171013826758E2,6.210363452256E1));
#12015=CARTESIAN_POINT('',(5.214106594139E1,2.170998061256E2,6.210593444569E1));
#12016=CARTESIAN_POINT('',(5.264720788496E1,2.166941510104E2,6.213455298872E1));
#12017=CARTESIAN_POINT('',(5.263666779802E1,2.167493835332E2,6.213480054869E1));
#12018=CARTESIAN_POINT('',(5.259652896793E1,2.168590453537E2,6.213579909905E1));
#12019=CARTESIAN_POINT('',(5.247603062198E1,2.169980986410E2,6.213892497887E1));
#12020=CARTESIAN_POINT('',(5.231431932396E1,2.170858308216E2,6.214320438401E1));
#12021=CARTESIAN_POINT('',(5.219862616835E1,2.171014069441E2,6.214631683906E1));
#12022=CARTESIAN_POINT('',(5.214244339216E1,2.170998027061E2,6.214784090841E1));
#12023=CARTESIAN_POINT('',(5.265005402429E1,2.166854480490E2,6.219228122156E1));
#12024=CARTESIAN_POINT('',(5.264034102529E1,2.167414320901E2,6.219240604748E1));
#12025=CARTESIAN_POINT('',(5.260142734917E1,2.168530940276E2,6.219295333960E1));
#12026=CARTESIAN_POINT('',(5.248077938275E1,2.169955070519E2,6.219472673713E1));
#12027=CARTESIAN_POINT('',(5.231731766361E1,2.170855138618E2,6.219715686615E1));
#12028=CARTESIAN_POINT('',(5.220019017155E1,2.171014388351E2,6.219890213358E1));
#12029=CARTESIAN_POINT('',(5.214339855956E1,2.170997982167E2,6.219974695344E1));
#12030=CARTESIAN_POINT('',(5.265154899536E1,2.166775135402E2,6.223655518237E1));
#12031=CARTESIAN_POINT('',(5.264249621387E1,2.167341442808E2,6.223653891950E1));
#12032=CARTESIAN_POINT('',(5.260459729952E1,2.168475745936E2,6.223642865128E1));
#12033=CARTESIAN_POINT('',(5.248388679708E1,2.169930542582E2,6.223605498952E1));
#12034=CARTESIAN_POINT('',(5.231900203800E1,2.170851970704E2,6.223557283605E1));
#12035=CARTESIAN_POINT('',(5.220063687659E1,2.171014705250E2,6.223526317795E1));
#12036=CARTESIAN_POINT('',(5.214329256585E1,2.170997937631E2,6.223512617082E1));
#12037=CARTESIAN_POINT('',(5.265055670012E1,2.166806366691E2,6.226284936195E1));
#12038=CARTESIAN_POINT('',(5.264192551404E1,2.167371210106E2,6.226276109837E1));
#12039=CARTESIAN_POINT('',(5.260455532207E1,2.168500616218E2,6.226247265024E1));
#12040=CARTESIAN_POINT('',(5.248380365406E1,2.169944376975E2,6.226158442920E1));
#12041=CARTESIAN_POINT('',(5.231861674857E1,2.170854942723E2,6.226029659699E1));
#12042=CARTESIAN_POINT('',(5.220041678138E1,2.171014420242E2,6.225928205346E1));
#12043=CARTESIAN_POINT('',(5.214334386835E1,2.170997977177E2,6.225875914117E1));
#12044=B_SPLINE_SURFACE_WITH_KNOTS('',3,3,((#11848,#11849,#11850,#11851,#11852,
#11853,#11854),(#11855,#11856,#11857,#11858,#11859,#11860,#11861),(#11862,
#11863,#11864,#11865,#11866,#11867,#11868),(#11869,#11870,#11871,#11872,#11873,
#11874,#11875),(#11876,#11877,#11878,#11879,#11880,#11881,#11882),(#11883,
#11884,#11885,#11886,#11887,#11888,#11889),(#11890,#11891,#11892,#11893,#11894,
#11895,#11896),(#11897,#11898,#11899,#11900,#11901,#11902,#11903),(#11904,
#11905,#11906,#11907,#11908,#11909,#11910),(#11911,#11912,#11913,#11914,#11915,
#11916,#11917),(#11918,#11919,#11920,#11921,#11922,#11923,#11924),(#11925,
#11926,#11927,#11928,#11929,#11930,#11931),(#11932,#11933,#11934,#11935,#11936,
#11937,#11938),(#11939,#11940,#11941,#11942,#11943,#11944,#11945),(#11946,
#11947,#11948,#11949,#11950,#11951,#11952),(#11953,#11954,#11955,#11956,#11957,
#11958,#11959),(#11960,#11961,#11962,#11963,#11964,#11965,#11966),(#11967,
#11968,#11969,#11970,#11971,#11972,#11973),(#11974,#11975,#11976,#11977,#11978,
#11979,#11980),(#11981,#11982,#11983,#11984,#11985,#11986,#11987),(#11988,
#11989,#11990,#11991,#11992,#11993,#11994),(#11995,#11996,#11997,#11998,#11999,
#12000,#12001),(#12002,#12003,#12004,#12005,#12006,#12007,#12008),(#12009,
#12010,#12011,#12012,#12013,#12014,#12015),(#12016,#12017,#12018,#12019,#12020,
#12021,#12022),(#12023,#12024,#12025,#12026,#12027,#12028,#12029),(#12030,
#12031,#12032,#12033,#12034,#12035,#12036),(#12037,#12038,#12039,#12040,#12041,
#12042,#12043)),.UNSPECIFIED.,.F.,.F.,.F.,(4,1,1,1,1,1,1,1,1,1,1,1,1,1,1,1,1,1,
1,1,1,1,1,1,1,4),(4,1,1,1,4),(-2.896143161866E-2,2.266560099961E-2,
4.533120199923E-2,6.799680299884E-2,9.066240399846E-2,1.813248079969E-1,
2.719872119954E-1,3.626496159938E-1,5.439744239907E-1,7.252992319876E-1,
9.066240399846E-1,1.087948847981E0,1.269273655978E0,1.450598463975E0,
1.631923271972E0,1.813248079969E0,1.994572887966E0,2.175897695963E0,
2.357222503960E0,2.538547311957E0,2.629209715955E0,2.719872119954E0,
2.765203321953E0,2.810534523952E0,2.855865725951E0,2.929711488758E0),(
-2.225099116037E-2,2.5E-1,5.E-1,7.5E-1,1.022254855064E0),.UNSPECIFIED.);
#12045=ORIENTED_EDGE('',*,*,#11838,.T.);
#12046=ORIENTED_EDGE('',*,*,#11673,.F.);
#12047=ORIENTED_EDGE('',*,*,#11608,.F.);
#12049=ORIENTED_EDGE('',*,*,#12048,.F.);
#12050=EDGE_LOOP('',(#12045,#12046,#12047,#12049));
#12051=FACE_OUTER_BOUND('',#12050,.F.);
#12052=ADVANCED_FACE('',(#12051),#12044,.F.);
#12053=CARTESIAN_POINT('',(4.554300000001E1,2.166E2,6.018285807232E1));
#12054=DIRECTION('',(-1.E0,0.E0,0.E0));
#12055=DIRECTION('',(0.E0,-1.E0,0.E0));
#12056=AXIS2_PLACEMENT_3D('',#12053,#12054,#12055);
#12057=CYLINDRICAL_SURFACE('',#12056,5.E-1);
#12059=ORIENTED_EDGE('',*,*,#12058,.F.);
#12060=ORIENTED_EDGE('',*,*,#12048,.T.);
#12061=ORIENTED_EDGE('',*,*,#11606,.T.);
#12062=ORIENTED_EDGE('',*,*,#11462,.T.);
#12063=EDGE_LOOP('',(#12059,#12060,#12061,#12062));
#12064=FACE_OUTER_BOUND('',#12063,.F.);
#12065=ADVANCED_FACE('',(#12064),#12057,.T.);
#12066=CARTESIAN_POINT('',(4.554300000001E1,2.214E2,5.720250574417E1));
#12067=DIRECTION('',(-1.E0,0.E0,0.E0));
#12068=DIRECTION('',(0.E0,1.E0,0.E0));
#12069=AXIS2_PLACEMENT_3D('',#12066,#12067,#12068);
#12070=CYLINDRICAL_SURFACE('',#12069,5.15E0);
#12071=ORIENTED_EDGE('',*,*,#12058,.T.);
#12072=ORIENTED_EDGE('',*,*,#11460,.F.);
#12074=ORIENTED_EDGE('',*,*,#12073,.T.);
#12075=ORIENTED_EDGE('',*,*,#11840,.F.);
#12076=EDGE_LOOP('',(#12071,#12072,#12074,#12075));
#12077=FACE_OUTER_BOUND('',#12076,.F.);
#12078=ADVANCED_FACE('',(#12077),#12070,.F.);
#12079=CARTESIAN_POINT('',(4.554300000001E1,2.1625E2,5.720250574417E1));
#12080=DIRECTION('',(0.E0,1.E0,0.E0));
#12081=DIRECTION('',(0.E0,0.E0,-1.E0));
#12082=AXIS2_PLACEMENT_3D('',#12079,#12080,#12081);
#12083=PLANE('',#12082);
#12084=ORIENTED_EDGE('',*,*,#7941,.F.);
#12085=ORIENTED_EDGE('',*,*,#12073,.F.);
#12086=ORIENTED_EDGE('',*,*,#11458,.T.);
#12087=ORIENTED_EDGE('',*,*,#7814,.T.);
#12088=EDGE_LOOP('',(#12084,#12085,#12086,#12087));
#12089=FACE_OUTER_BOUND('',#12088,.F.);
#12090=ADVANCED_FACE('',(#12089),#12083,.T.);
#12091=CARTESIAN_POINT('',(5.232011219963E1,2.157500034124E2,9.518078638323E1));
#12092=DIRECTION('',(-1.879959486757E-1,9.821478628699E-1,6.564963189112E-3));
#12093=DIRECTION('',(-9.821690282225E-1,-1.880000000011E-1,0.E0));
#12094=AXIS2_PLACEMENT_3D('',#12091,#12092,#12093);
#12095=CYLINDRICAL_SURFACE('',#12094,5.E-1);
#12097=ORIENTED_EDGE('',*,*,#12096,.F.);
#12099=ORIENTED_EDGE('',*,*,#12098,.T.);
#12101=ORIENTED_EDGE('',*,*,#12100,.F.);
#12102=ORIENTED_EDGE('',*,*,#11687,.T.);
#12104=ORIENTED_EDGE('',*,*,#12103,.T.);
#12105=EDGE_LOOP('',(#12097,#12099,#12101,#12102,#12104));
#12106=FACE_OUTER_BOUND('',#12105,.F.);
#12107=ADVANCED_FACE('',(#12106),#12095,.T.);
#12108=CARTESIAN_POINT('',(2.020700000002E1,-2.06E1,9.680250574417E1));
#12109=DIRECTION('',(-3.489949670264E-2,0.E0,-9.993908270191E-1));
#12110=DIRECTION('',(-9.993908270191E-1,0.E0,3.489949670264E-2));
#12111=AXIS2_PLACEMENT_3D('',#12108,#12109,#12110);
#12112=PLANE('',#12111);
#12113=ORIENTED_EDGE('',*,*,#12096,.T.);
#12115=ORIENTED_EDGE('',*,*,#12114,.T.);
#12117=ORIENTED_EDGE('',*,*,#12116,.T.);
#12119=ORIENTED_EDGE('',*,*,#12118,.T.);
#12121=ORIENTED_EDGE('',*,*,#12120,.T.);
#12123=ORIENTED_EDGE('',*,*,#12122,.T.);
#12124=EDGE_LOOP('',(#12113,#12115,#12117,#12119,#12121,#12123));
#12125=FACE_OUTER_BOUND('',#12124,.F.);
#12126=ADVANCED_FACE('',(#12125),#12112,.F.);
#12127=CARTESIAN_POINT('',(5.280650593592E1,2.158680604798E2,9.517325925820E1));
#12128=CARTESIAN_POINT('',(5.280752511868E1,2.158678414963E2,9.523330925121E1));
#12129=CARTESIAN_POINT('',(5.279273635047E1,2.158643498221E2,9.532968316675E1));
#12130=CARTESIAN_POINT('',(5.273310102334E1,2.158520547293E2,9.545093706741E1));
#12131=CARTESIAN_POINT('',(5.267155861060E1,2.158396556501E2,9.553076134762E1));
#12132=CARTESIAN_POINT('',(5.259543039713E1,2.158245179002E2,9.559624543543E1));
#12133=CARTESIAN_POINT('',(5.247860890840E1,2.158014855335E2,9.566124993346E1));
#12134=CARTESIAN_POINT('',(5.238461060878E1,2.157831213712E2,9.567973155177E1));
#12135=CARTESIAN_POINT('',(5.232568271233E1,2.157716466308E2,9.568083616948E1));
#12136=CARTESIAN_POINT('',(5.282745267210E1,2.157597382378E2,9.517256296679E1));
#12137=CARTESIAN_POINT('',(5.282845746407E1,2.157595775544E2,9.523262782146E1));
#12138=CARTESIAN_POINT('',(5.281363692135E1,2.157561487424E2,9.532901248859E1));
#12139=CARTESIAN_POINT('',(5.275389971506E1,2.157441287256E2,9.545026285120E1));
#12140=CARTESIAN_POINT('',(5.269224702562E1,2.157320799185E2,9.553007928069E1));
#12141=CARTESIAN_POINT('',(5.261596948658E1,2.157174824455E2,9.559555396363E1));
#12142=CARTESIAN_POINT('',(5.249889278215E1,2.156954701326E2,9.566054860373E1));
#12143=CARTESIAN_POINT('',(5.240464945463E1,2.156782004289E2,9.567903135033E1));
#12144=CARTESIAN_POINT('',(5.234554482629E1,2.156675644482E2,9.568014259811E1));
#12145=CARTESIAN_POINT('',(5.286512879614E1,2.155506070807E2,9.517129055620E1));
#12146=CARTESIAN_POINT('',(5.286613172130E1,2.155504574854E2,9.523133414391E1));
#12147=CARTESIAN_POINT('',(5.285127065579E1,2.155473245780E2,9.532769734528E1));
#12148=CARTESIAN_POINT('',(5.279138571337E1,2.155363622284E2,9.544894065916E1));
#12149=CARTESIAN_POINT('',(5.272958261782E1,2.155253798041E2,9.552876055797E1));
#12150=CARTESIAN_POINT('',(5.265312004138E1,2.155120810491E2,9.559424490868E1));
#12151=CARTESIAN_POINT('',(5.253575988870E1,2.154920373124E2,9.565925687124E1));
#12152=CARTESIAN_POINT('',(5.244128830994E1,2.154763252979E2,9.567775215481E1));
#12153=CARTESIAN_POINT('',(5.238204001075E1,2.154666554101E2,9.567886814063E1));
#12154=CARTESIAN_POINT('',(5.292901285766E1,2.151384616349E2,9.516914956917E1));
#12155=CARTESIAN_POINT('',(5.292999761687E1,2.151383438964E2,9.522919623885E1));
#12156=CARTESIAN_POINT('',(5.291501884876E1,2.151357937089E2,9.532555676030E1));
#12157=CARTESIAN_POINT('',(5.285477785901E1,2.151268907485E2,9.544678959399E1));
#12158=CARTESIAN_POINT('',(5.279262936933E1,2.151179838050E2,9.552660195799E1));
#12159=CARTESIAN_POINT('',(5.271575673119E1,2.151072152719E2,9.559208208254E1));
#12160=CARTESIAN_POINT('',(5.259778621896E1,2.150910136835E2,9.565709577565E1));
#12161=CARTESIAN_POINT('',(5.250284166769E1,2.150783533466E2,9.567560235858E1));
#12162=CARTESIAN_POINT('',(5.244330304483E1,2.150705834389E2,9.567672880901E1));
#12163=CARTESIAN_POINT('',(5.298944927972E1,2.146303247980E2,9.516712065918E1));
#12164=CARTESIAN_POINT('',(5.299042121745E1,2.146302442699E2,9.522716193506E1));
#12165=CARTESIAN_POINT('',(5.297533950484E1,2.146284292954E2,9.532351295329E1));
#12166=CARTESIAN_POINT('',(5.291477788036E1,2.146221043273E2,9.544473593618E1));
#12167=CARTESIAN_POINT('',(5.285231716302E1,2.146157843411E2,9.552454423562E1));
#12168=CARTESIAN_POINT('',(5.277507394039E1,2.146081545602E2,9.559002479789E1));
#12169=CARTESIAN_POINT('',(5.265655349513E1,2.145966943195E2,9.565504580495E1));
#12170=CARTESIAN_POINT('',(5.256118642223E1,2.145877657195E2,9.567356477427E1));
#12171=CARTESIAN_POINT('',(5.250139097209E1,2.145823008364E2,9.567470034345E1));
#12172=CARTESIAN_POINT('',(5.303374924121E1,2.140086181875E2,9.516562816173E1));
#12173=CARTESIAN_POINT('',(5.303470931032E1,2.140085809931E2,9.522565331295E1));
#12174=CARTESIAN_POINT('',(5.301956014676E1,2.140076790531E2,9.532198617094E1));
#12175=CARTESIAN_POINT('',(5.295879594055E1,2.140045375648E2,9.544320008416E1));
#12176=CARTESIAN_POINT('',(5.289613794390E1,2.140014018376E2,9.552300893319E1));
#12177=CARTESIAN_POINT('',(5.281865883727E1,2.139976214765E2,9.558849635775E1));
#12178=CARTESIAN_POINT('',(5.269978395166E1,2.139919525714E2,9.565353256315E1));
#12179=CARTESIAN_POINT('',(5.260413713361E1,2.139875494320E2,9.567206511892E1));
#12180=CARTESIAN_POINT('',(5.254416702079E1,2.139848620472E2,9.567320655642E1));
#12181=CARTESIAN_POINT('',(5.304332031396E1,2.135893174530E2,9.516532226816E1));
#12182=CARTESIAN_POINT('',(5.304428018003E1,2.135893067676E2,9.522538215540E1));
#12183=CARTESIAN_POINT('',(5.302908172604E1,2.135890269445E2,9.532174566677E1));
#12184=CARTESIAN_POINT('',(5.296816378555E1,2.135880496995E2,9.544296230372E1));
#12185=CARTESIAN_POINT('',(5.290536165798E1,2.135870739036E2,9.552275972109E1));
#12186=CARTESIAN_POINT('',(5.282772120934E1,2.135858974016E2,9.558822830580E1));
#12187=CARTESIAN_POINT('',(5.270862501449E1,2.135841332479E2,9.565323808224E1));
#12188=CARTESIAN_POINT('',(5.261283487657E1,2.135827633318E2,9.567176051479E1));
#12189=CARTESIAN_POINT('',(5.255279293538E1,2.135819275159E2,9.567290539155E1));
#12190=CARTESIAN_POINT('',(5.304291554841E1,2.133754118473E2,9.516532384219E1));
#12191=CARTESIAN_POINT('',(5.304387394184E1,2.133754132422E2,9.522535602439E1));
#12192=CARTESIAN_POINT('',(5.302870124217E1,2.133754495908E2,9.532169451817E1));
#12193=CARTESIAN_POINT('',(5.296786470965E1,2.133755765126E2,9.544290785326E1));
#12194=CARTESIAN_POINT('',(5.290513791039E1,2.133757032436E2,9.552271369963E1));
#12195=CARTESIAN_POINT('',(5.282757974244E1,2.133758560405E2,9.558819703733E1));
#12196=CARTESIAN_POINT('',(5.270859221132E1,2.133760851588E2,9.565322831565E1));
#12197=CARTESIAN_POINT('',(5.261286561221E1,2.133762630788E2,9.567176010859E1));
#12198=CARTESIAN_POINT('',(5.255285082475E1,2.133763716342E2,9.567290332512E1));
#12199=B_SPLINE_SURFACE_WITH_KNOTS('',3,3,((#12127,#12128,#12129,#12130,#12131,
#12132,#12133,#12134,#12135),(#12136,#12137,#12138,#12139,#12140,#12141,#12142,
#12143,#12144),(#12145,#12146,#12147,#12148,#12149,#12150,#12151,#12152,#12153),
(#12154,#12155,#12156,#12157,#12158,#12159,#12160,#12161,#12162),(#12163,#12164,
#12165,#12166,#12167,#12168,#12169,#12170,#12171),(#12172,#12173,#12174,#12175,
#12176,#12177,#12178,#12179,#12180),(#12181,#12182,#12183,#12184,#12185,#12186,
#12187,#12188,#12189),(#12190,#12191,#12192,#12193,#12194,#12195,#12196,#12197,
#12198)),.UNSPECIFIED.,.F.,.F.,.F.,(4,1,1,1,1,4),(4,1,1,1,1,1,4),(
-2.403850580896E-2,3.012020128156E-1,6.024040256311E-1,1.204808051262E0,
1.807212076893E0,2.433618322250E0),(-1.109205497943E-2,2.5E-1,3.75E-1,5.E-1,
6.25E-1,7.5E-1,1.011017640595E0),.UNSPECIFIED.);
#12200=ORIENTED_EDGE('',*,*,#12114,.F.);
#12201=ORIENTED_EDGE('',*,*,#12103,.F.);
#12202=ORIENTED_EDGE('',*,*,#8163,.T.);
#12204=ORIENTED_EDGE('',*,*,#12203,.T.);
#12205=EDGE_LOOP('',(#12200,#12201,#12202,#12204));
#12206=FACE_OUTER_BOUND('',#12205,.F.);
#12207=ADVANCED_FACE('',(#12206),#12199,.F.);
#12208=CARTESIAN_POINT('',(5.254300000001E1,2.105785113409E2,9.517300296973E1));
#12209=DIRECTION('',(0.E0,1.E0,0.E0));
#12210=DIRECTION('',(0.E0,0.E0,1.E0));
#12211=AXIS2_PLACEMENT_3D('',#12208,#12209,#12210);
#12212=CYLINDRICAL_SURFACE('',#12211,5.E-1);
#12213=ORIENTED_EDGE('',*,*,#12116,.F.);
#12214=ORIENTED_EDGE('',*,*,#12203,.F.);
#12215=ORIENTED_EDGE('',*,*,#8188,.T.);
#12217=ORIENTED_EDGE('',*,*,#12216,.T.);
#12218=EDGE_LOOP('',(#12213,#12214,#12215,#12217));
#12219=FACE_OUTER_BOUND('',#12218,.F.);
#12220=ADVANCED_FACE('',(#12219),#12212,.T.);
#12221=CARTESIAN_POINT('',(5.304293933764E1,1.981125507955E2,8.824861079734E1));
#12222=CARTESIAN_POINT('',(5.304388932681E1,1.980663462E2,8.828684881957E1));
#12223=CARTESIAN_POINT('',(5.302399611121E1,1.979681454825E2,8.836811704729E1));
#12224=CARTESIAN_POINT('',(5.293098671421E1,1.978544026629E2,8.846224608176E1));
#12225=CARTESIAN_POINT('',(5.282741668305E1,1.977873435869E2,8.851774106135E1));
#12226=CARTESIAN_POINT('',(5.270843932464E1,1.977373624940E2,8.855910289127E1));
#12227=CARTESIAN_POINT('',(5.261273596836E1,1.977231347599E2,8.857087694936E1));
#12228=CARTESIAN_POINT('',(5.255277165066E1,1.977222551346E2,8.857160494625E1));
#12229=CARTESIAN_POINT('',(5.304293963309E1,1.983371219812E2,8.851619113810E1));
#12230=CARTESIAN_POINT('',(5.304388496612E1,1.982914090634E2,8.855528416615E1));
#12231=CARTESIAN_POINT('',(5.302409128685E1,1.981941266909E2,8.863847785927E1));
#12232=CARTESIAN_POINT('',(5.293131189101E1,1.980812154371E2,8.873503556847E1));
#12233=CARTESIAN_POINT('',(5.282783713650E1,1.980145731645E2,8.879202521748E1));
#12234=CARTESIAN_POINT('',(5.270885637236E1,1.979648689828E2,8.883452991086E1));
#12235=CARTESIAN_POINT('',(5.261299628401E1,1.979507036219E2,8.884664334965E1));
#12236=CARTESIAN_POINT('',(5.255285180665E1,1.979498386606E2,8.884738307079E1));
#12237=CARTESIAN_POINT('',(5.304293935889E1,1.987624809112E2,8.900743556825E1));
#12238=CARTESIAN_POINT('',(5.304388901323E1,1.987182284963E2,8.904797341165E1));
#12239=CARTESIAN_POINT('',(5.302400295520E1,1.986241694752E2,8.913413934943E1));
#12240=CARTESIAN_POINT('',(5.293101011774E1,1.985152104072E2,8.923395920330E1));
#12241=CARTESIAN_POINT('',(5.282744699768E1,1.984509674655E2,8.929281498430E1));
#12242=CARTESIAN_POINT('',(5.270846949747E1,1.984030834154E2,8.933668432694E1));
#12243=CARTESIAN_POINT('',(5.261275500734E1,1.983894517618E2,8.934917345519E1));
#12244=CARTESIAN_POINT('',(5.255277785070E1,1.983886096928E2,8.934994483454E1));
#12245=CARTESIAN_POINT('',(5.304293947608E1,1.996323492281E2,8.990804111806E1));
#12246=CARTESIAN_POINT('',(5.304388728340E1,1.995907077870E2,8.995137922108E1));
#12247=CARTESIAN_POINT('',(5.302404071010E1,1.995021499379E2,9.004354185758E1));
#12248=CARTESIAN_POINT('',(5.293113911550E1,1.993994746226E2,9.015039028611E1));
#12249=CARTESIAN_POINT('',(5.282761380338E1,1.993389084920E2,9.021341606108E1));
#12250=CARTESIAN_POINT('',(5.270863497439E1,1.992937520601E2,9.026040542834E1));
#12251=CARTESIAN_POINT('',(5.261285834008E1,1.992808905907E2,9.027378852766E1));
#12252=CARTESIAN_POINT('',(5.255280974142E1,1.992801002159E2,9.027461127329E1));
#12253=CARTESIAN_POINT('',(5.304293942072E1,2.007497770684E2,9.091770601949E1));
#12254=CARTESIAN_POINT('',(5.304388810058E1,2.007116049608E2,9.096413728577E1));
#12255=CARTESIAN_POINT('',(5.302402287457E1,2.006304475652E2,9.106285658755E1));
#12256=CARTESIAN_POINT('',(5.293107817818E1,2.005363932906E2,9.117726753260E1));
#12257=CARTESIAN_POINT('',(5.282753501022E1,2.004809254383E2,9.124474182254E1));
#12258=CARTESIAN_POINT('',(5.270855681712E1,2.004395760518E2,9.129504214798E1));
#12259=CARTESIAN_POINT('',(5.261280955072E1,2.004278017636E2,9.130936546158E1));
#12260=CARTESIAN_POINT('',(5.255279471068E1,2.004270762696E2,9.131024778724E1));
#12261=CARTESIAN_POINT('',(5.304293943885E1,2.021970555447E2,9.200028798157E1));
#12262=CARTESIAN_POINT('',(5.304388783303E1,2.021633268986E2,9.205005460024E1));
#12263=CARTESIAN_POINT('',(5.302402871405E1,2.020916096454E2,9.215587231118E1));
#12264=CARTESIAN_POINT('',(5.293109812412E1,2.020084827453E2,9.227852280641E1));
#12265=CARTESIAN_POINT('',(5.282756078659E1,2.019594551702E2,9.235086048891E1));
#12266=CARTESIAN_POINT('',(5.270858235830E1,2.019229049386E2,9.240478824244E1));
#12267=CARTESIAN_POINT('',(5.261282544093E1,2.019124963469E2,9.242014545145E1));
#12268=CARTESIAN_POINT('',(5.255279951773E1,2.019118556512E2,9.242109092271E1));
#12269=CARTESIAN_POINT('',(5.304293943359E1,2.037387218803E2,9.294354731469E1));
#12270=CARTESIAN_POINT('',(5.304388791066E1,2.037097394509E2,9.299621539126E1));
#12271=CARTESIAN_POINT('',(5.302402701959E1,2.036481161204E2,9.310820041036E1));
#12272=CARTESIAN_POINT('',(5.293109234256E1,2.035766927451E2,9.323799558768E1));
#12273=CARTESIAN_POINT('',(5.282755333138E1,2.035345690024E2,9.331454593242E1));
#12274=CARTESIAN_POINT('',(5.270857500260E1,2.035031661514E2,9.337161367511E1));
#12275=CARTESIAN_POINT('',(5.261282092705E1,2.034942236788E2,9.338786478261E1));
#12276=CARTESIAN_POINT('',(5.255279825505E1,2.034936730631E2,9.338886543350E1));
#12277=CARTESIAN_POINT('',(5.304293943479E1,2.050905796551E2,9.360750666885E1));
#12278=CARTESIAN_POINT('',(5.304388789293E1,2.050657563404E2,9.366221806343E1));
#12279=CARTESIAN_POINT('',(5.302402740666E1,2.050129757630E2,9.377854810872E1));
#12280=CARTESIAN_POINT('',(5.293109366433E1,2.049518005107E2,9.391338014530E1));
#12281=CARTESIAN_POINT('',(5.282755503859E1,2.049157205553E2,9.399290136414E1));
#12282=CARTESIAN_POINT('',(5.270857669245E1,2.048888231395E2,9.405218397978E1));
#12283=CARTESIAN_POINT('',(5.261282197484E1,2.048811635643E2,9.406906585456E1));
#12284=CARTESIAN_POINT('',(5.255279856618E1,2.048806919480E2,9.407010529138E1));
#12285=CARTESIAN_POINT('',(5.304293943482E1,2.062052406796E2,9.406246129830E1));
#12286=CARTESIAN_POINT('',(5.304388789240E1,2.061838474832E2,9.411857247656E1));
#12287=CARTESIAN_POINT('',(5.302402741823E1,2.061383601938E2,9.423787884687E1));
#12288=CARTESIAN_POINT('',(5.293109370067E1,2.060856381937E2,9.437616065110E1));
#12289=CARTESIAN_POINT('',(5.282755507724E1,2.060545437743E2,9.445771649402E1));
#12290=CARTESIAN_POINT('',(5.270857671478E1,2.060313630250E2,9.451851591906E1));
#12291=CARTESIAN_POINT('',(5.261282195709E1,2.060247618056E2,9.453582973679E1));
#12292=CARTESIAN_POINT('',(5.255279850868E1,2.060243553185E2,9.453689576179E1));
#12293=CARTESIAN_POINT('',(5.304293943513E1,2.070560692965E2,9.436477074530E1));
#12294=CARTESIAN_POINT('',(5.304388788793E1,2.070372939129E2,9.442181196353E1));
#12295=CARTESIAN_POINT('',(5.302402751579E1,2.069973726763E2,9.454309598619E1));
#12296=CARTESIAN_POINT('',(5.293109402943E1,2.069511018585E2,9.468367027432E1));
#12297=CARTESIAN_POINT('',(5.282755549011E1,2.069238121636E2,9.476657827595E1));
#12298=CARTESIAN_POINT('',(5.270857710074E1,2.069034677836E2,9.482838577587E1));
#12299=CARTESIAN_POINT('',(5.261282215129E1,2.068976742461E2,9.484598669216E1));
#12300=CARTESIAN_POINT('',(5.255279849174E1,2.068973174760E2,9.484707038767E1));
#12301=CARTESIAN_POINT('',(5.304293943547E1,2.079199510748E2,9.462741945524E1));
#12302=CARTESIAN_POINT('',(5.304388788285E1,2.079038349773E2,9.468526870910E1));
#12303=CARTESIAN_POINT('',(5.302402762669E1,2.078695679982E2,9.480827101099E1));
#12304=CARTESIAN_POINT('',(5.293109440224E1,2.078298506448E2,9.495083723195E1));
#12305=CARTESIAN_POINT('',(5.282755595689E1,2.078064260209E2,9.503492016084E1));
#12306=CARTESIAN_POINT('',(5.270857753459E1,2.077889630140E2,9.509760362593E1));
#12307=CARTESIAN_POINT('',(5.261282236461E1,2.077839899929E2,9.511545403304E1));
#12308=CARTESIAN_POINT('',(5.255279846307E1,2.077836837435E2,9.511655308753E1));
#12309=CARTESIAN_POINT('',(5.304293943603E1,2.086492992691E2,9.481255240584E1));
#12310=CARTESIAN_POINT('',(5.304388787460E1,2.086354242022E2,9.487097067917E1));
#12311=CARTESIAN_POINT('',(5.302402780698E1,2.086059221943E2,9.499518318918E1));
#12312=CARTESIAN_POINT('',(5.293109500909E1,2.085717276514E2,9.513915272894E1));
#12313=CARTESIAN_POINT('',(5.282755671544E1,2.085515602786E2,9.522406352950E1));
#12314=CARTESIAN_POINT('',(5.270857823614E1,2.085365255483E2,9.528736428510E1));
#12315=CARTESIAN_POINT('',(5.261282270115E1,2.085322440559E2,9.530539056379E1));
#12316=CARTESIAN_POINT('',(5.255279839999E1,2.085319804174E2,9.530650045440E1));
#12317=CARTESIAN_POINT('',(5.304293943577E1,2.092374309779E2,9.494015237131E1));
#12318=CARTESIAN_POINT('',(5.304388787839E1,2.092253720897E2,9.499896396375E1));
#12319=CARTESIAN_POINT('',(5.302402772406E1,2.091997317585E2,9.512401262566E1));
#12320=CARTESIAN_POINT('',(5.293109472954E1,2.091700131492E2,9.526895103447E1));
#12321=CARTESIAN_POINT('',(5.282755636809E1,2.091524856264E2,9.535443315887E1));
#12322=CARTESIAN_POINT('',(5.270857792E1,2.091394189145E2,9.541815978344E1));
#12323=CARTESIAN_POINT('',(5.261282256143E1,2.091356978859E2,9.543630730147E1));
#12324=CARTESIAN_POINT('',(5.255279845206E1,2.091354687799E2,9.543742465682E1));
#12325=CARTESIAN_POINT('',(5.304293943595E1,2.096068310723E2,9.501135708116E1));
#12326=CARTESIAN_POINT('',(5.304388787577E1,2.095958921731E2,9.507038629334E1));
#12327=CARTESIAN_POINT('',(5.302402778127E1,2.095726332767E2,9.519589778240E1));
#12328=CARTESIAN_POINT('',(5.293109492357E1,2.095456749739E2,9.534137285733E1));
#12329=CARTESIAN_POINT('',(5.282755660426E1,2.095297754613E2,9.542717158830E1));
#12330=CARTESIAN_POINT('',(5.270857812280E1,2.095179224400E2,9.549113429550E1));
#12331=CARTESIAN_POINT('',(5.261282262217E1,2.095145470447E2,9.550934909262E1));
#12332=CARTESIAN_POINT('',(5.255279836142E1,2.095143392180E2,9.551047060883E1));
#12333=CARTESIAN_POINT('',(5.304293943523E1,2.099031251322E2,9.506318684907E1));
#12334=CARTESIAN_POINT('',(5.304388788636E1,2.098931320784E2,9.512237879867E1));
#12335=CARTESIAN_POINT('',(5.302402755019E1,2.098718842276E2,9.524823588341E1));
#12336=CARTESIAN_POINT('',(5.293109414300E1,2.098472567196E2,9.539411069272E1));
#12337=CARTESIAN_POINT('',(5.282755564089E1,2.098327318322E2,9.548014486773E1));
#12338=CARTESIAN_POINT('',(5.270857726200E1,2.098219035736E2,9.554428292386E1));
#12339=CARTESIAN_POINT('',(5.261282227980E1,2.098188199958E2,9.556254751175E1));
#12340=CARTESIAN_POINT('',(5.255279857861E1,2.098186301446E2,9.556367205996E1));
#12341=CARTESIAN_POINT('',(5.304293943682E1,2.100890273658E2,9.509342624047E1));
#12342=CARTESIAN_POINT('',(5.304388786293E1,2.100795193879E2,9.515270309810E1));
#12343=CARTESIAN_POINT('',(5.302402806170E1,2.100593031121E2,9.527874166993E1));
#12344=CARTESIAN_POINT('',(5.293109587191E1,2.100358715774E2,9.542482869364E1));
#12345=CARTESIAN_POINT('',(5.282755777010E1,2.100220521497E2,9.551098873670E1));
#12346=CARTESIAN_POINT('',(5.270857915311E1,2.100117498488E2,9.557522102485E1));
#12347=CARTESIAN_POINT('',(5.261282300432E1,2.100088160601E2,9.559351278253E1));
#12348=CARTESIAN_POINT('',(5.255279804666E1,2.100086354059E2,9.559463909032E1));
#12349=CARTESIAN_POINT('',(5.304293943351E1,2.102371362514E2,9.511635668446E1));
#12350=CARTESIAN_POINT('',(5.304388791186E1,2.102282624908E2,9.517572084217E1));
#12351=CARTESIAN_POINT('',(5.302402699345E1,2.102093943509E2,9.530194305325E1));
#12352=CARTESIAN_POINT('',(5.293109226154E1,2.101875247062E2,9.544823904534E1));
#12353=CARTESIAN_POINT('',(5.282755332257E1,2.101746262502E2,9.553452086048E1));
#12354=CARTESIAN_POINT('',(5.270857519981E1,2.101650104435E2,9.559884310181E1));
#12355=CARTESIAN_POINT('',(5.261282148213E1,2.101622721202E2,9.561715977980E1));
#12356=CARTESIAN_POINT('',(5.255279914361E1,2.101621035505E2,9.561828744373E1));
#12357=CARTESIAN_POINT('',(5.304293944365E1,2.103505479267E2,9.513283958120E1));
#12358=CARTESIAN_POINT('',(5.304388776218E1,2.103414778593E2,9.519220329603E1));
#12359=CARTESIAN_POINT('',(5.302403026126E1,2.103221934428E2,9.531843063230E1));
#12360=CARTESIAN_POINT('',(5.293110330571E1,2.102998433340E2,9.546474443240E1));
#12361=CARTESIAN_POINT('',(5.282756692795E1,2.102866621176E2,9.555104125780E1));
#12362=CARTESIAN_POINT('',(5.270858729403E1,2.102768357725E2,9.561537721965E1));
#12363=CARTESIAN_POINT('',(5.261282614062E1,2.102740375760E2,9.563369993192E1));
#12364=CARTESIAN_POINT('',(5.255279579114E1,2.102738651675E2,9.563482851145E1));
#12365=CARTESIAN_POINT('',(5.304293928185E1,2.104841949074E2,9.515487648394E1));
#12366=CARTESIAN_POINT('',(5.304389015052E1,2.104809540252E2,9.521487028340E1));
#12367=CARTESIAN_POINT('',(5.302397811349E1,2.104740676923E2,9.534234313910E1));
#12368=CARTESIAN_POINT('',(5.293092749681E1,2.104660956681E2,9.548991838269E1));
#12369=CARTESIAN_POINT('',(5.282734950296E1,2.104613980802E2,9.557689193178E1));
#12370=CARTESIAN_POINT('',(5.270839173294E1,2.104578986820E2,9.564169561831E1));
#12371=CARTESIAN_POINT('',(5.261274508733E1,2.104569048764E2,9.566012218116E1));
#12372=CARTESIAN_POINT('',(5.255283860948E1,2.104568450664E2,9.566125162531E1));
#12373=CARTESIAN_POINT('',(5.304293949734E1,2.105813841254E2,9.517143506230E1));
#12374=CARTESIAN_POINT('',(5.304388696947E1,2.105835182109E2,9.523158306550E1));
#12375=CARTESIAN_POINT('',(5.302404757578E1,2.105880368959E2,9.535950893135E1));
#12376=CARTESIAN_POINT('',(5.293116096793E1,2.105932381348E2,9.550784797573E1));
#12377=CARTESIAN_POINT('',(5.282763920662E1,2.105962928615E2,9.559535702360E1));
#12378=CARTESIAN_POINT('',(5.270865508526E1,2.105985633088E2,9.566060476769E1));
#12379=CARTESIAN_POINT('',(5.261286128267E1,2.105992046639E2,9.567919088731E1));
#12380=CARTESIAN_POINT('',(5.255279502306E1,2.105992434329E2,9.568033281500E1));
#12381=CARTESIAN_POINT('',(5.304293962048E1,2.106533377572E2,9.518279839937E1));
#12382=CARTESIAN_POINT('',(5.304388515224E1,2.106572768409E2,9.524269309569E1));
#12383=CARTESIAN_POINT('',(5.302408722204E1,2.106657224358E2,9.537015268718E1));
#12384=CARTESIAN_POINT('',(5.293129830174E1,2.106756429218E2,9.551810783916E1));
#12385=CARTESIAN_POINT('',(5.282780423607E1,2.106815384855E2,9.560546416667E1));
#12386=CARTESIAN_POINT('',(5.270878957496E1,2.106859560989E2,9.567064674964E1));
#12387=CARTESIAN_POINT('',(5.261288160790E1,2.106872291197E2,9.568926692801E1));
#12388=CARTESIAN_POINT('',(5.255269478831E1,2.106873066464E2,9.569043919717E1));
#12389=B_SPLINE_SURFACE_WITH_KNOTS('',3,3,((#12221,#12222,#12223,#12224,#12225,
#12226,#12227,#12228),(#12229,#12230,#12231,#12232,#12233,#12234,#12235,#12236),
(#12237,#12238,#12239,#12240,#12241,#12242,#12243,#12244),(#12245,#12246,#12247,
#12248,#12249,#12250,#12251,#12252),(#12253,#12254,#12255,#12256,#12257,#12258,
#12259,#12260),(#12261,#12262,#12263,#12264,#12265,#12266,#12267,#12268),
(#12269,#12270,#12271,#12272,#12273,#12274,#12275,#12276),(#12277,#12278,#12279,
#12280,#12281,#12282,#12283,#12284),(#12285,#12286,#12287,#12288,#12289,#12290,
#12291,#12292),(#12293,#12294,#12295,#12296,#12297,#12298,#12299,#12300),
(#12301,#12302,#12303,#12304,#12305,#12306,#12307,#12308),(#12309,#12310,#12311,
#12312,#12313,#12314,#12315,#12316),(#12317,#12318,#12319,#12320,#12321,#12322,
#12323,#12324),(#12325,#12326,#12327,#12328,#12329,#12330,#12331,#12332),
(#12333,#12334,#12335,#12336,#12337,#12338,#12339,#12340),(#12341,#12342,#12343,
#12344,#12345,#12346,#12347,#12348),(#12349,#12350,#12351,#12352,#12353,#12354,
#12355,#12356),(#12357,#12358,#12359,#12360,#12361,#12362,#12363,#12364),
(#12365,#12366,#12367,#12368,#12369,#12370,#12371,#12372),(#12373,#12374,#12375,
#12376,#12377,#12378,#12379,#12380),(#12381,#12382,#12383,#12384,#12385,#12386,
#12387,#12388)),.UNSPECIFIED.,.F.,.F.,.F.,(4,1,1,1,1,1,1,1,1,1,1,1,1,1,1,1,1,1,
4),(4,1,1,1,1,4),(-7.383215283978E-3,4.627063319722E-2,9.254126639444E-2,
1.850825327889E-1,2.776237991833E-1,3.701650655778E-1,4.627063319722E-1,
5.089769651694E-1,5.552475983666E-1,6.015182315639E-1,6.477888647611E-1,
6.709241813597E-1,6.940594979583E-1,7.056271562576E-1,7.171948145569E-1,
7.229786437066E-1,7.287624728562E-1,7.345463020059E-1,7.465062637572E-1),(
-1.109238041150E-2,2.5E-1,5.E-1,6.25E-1,7.5E-1,1.011056282047E0),.UNSPECIFIED.);
#12390=ORIENTED_EDGE('',*,*,#8186,.F.);
#12391=ORIENTED_EDGE('',*,*,#9214,.T.);
#12393=ORIENTED_EDGE('',*,*,#12392,.T.);
#12394=ORIENTED_EDGE('',*,*,#12216,.F.);
#12395=EDGE_LOOP('',(#12390,#12391,#12393,#12394));
#12396=FACE_OUTER_BOUND('',#12395,.F.);
#12397=ADVANCED_FACE('',(#12396),#12389,.T.);
#12398=CARTESIAN_POINT('',(3.664245185045E1,2.131578179854E2,7.582698698570E1));
#12399=DIRECTION('',(-1.E0,0.E0,0.E0));
#12400=DIRECTION('',(0.E0,1.E0,0.E0));
#12401=AXIS2_PLACEMENT_3D('',#12398,#12399,#12400);
#12402=CONICAL_SURFACE('',#12401,2.057271976147E1,2.E0);
#12403=ORIENTED_EDGE('',*,*,#12392,.F.);
#12404=ORIENTED_EDGE('',*,*,#9254,.F.);
#12405=ORIENTED_EDGE('',*,*,#9267,.T.);
#12407=ORIENTED_EDGE('',*,*,#12406,.T.);
#12409=ORIENTED_EDGE('',*,*,#12408,.F.);
#12411=ORIENTED_EDGE('',*,*,#12410,.F.);
#12413=ORIENTED_EDGE('',*,*,#12412,.T.);
#12414=ORIENTED_EDGE('',*,*,#12118,.F.);
#12415=EDGE_LOOP('',(#12403,#12404,#12405,#12407,#12409,#12411,#12413,#12414));
#12416=FACE_OUTER_BOUND('',#12415,.F.);
#12417=ADVANCED_FACE('',(#12416),#12402,.T.);
#12418=CARTESIAN_POINT('',(2.056572715285E1,2.044443442240E2,9.508114017602E1));
#12419=CARTESIAN_POINT('',(2.055599770991E1,2.045114375778E2,9.511356434546E1));
#12420=CARTESIAN_POINT('',(2.053559002497E1,2.046781031036E2,9.515684436323E1));
#12421=CARTESIAN_POINT('',(2.052034964716E1,2.049181050072E2,9.507891965093E1));
#12422=CARTESIAN_POINT('',(2.052041986193E1,2.050576772315E2,9.494500596498E1));
#12423=CARTESIAN_POINT('',(2.052788170738E1,2.051526442402E2,9.478034631570E1));
#12424=CARTESIAN_POINT('',(2.053979219715E1,2.051647228046E2,9.465066040188E1));
#12425=CARTESIAN_POINT('',(2.054805410403E1,2.051566205269E2,9.457642203321E1));
#12426=CARTESIAN_POINT('',(2.128449961170E1,2.044415254061E2,9.505231349494E1));
#12427=CARTESIAN_POINT('',(2.127475162229E1,2.045086080094E2,9.508478989479E1));
#12428=CARTESIAN_POINT('',(2.125430218083E1,2.046752915408E2,9.512819553086E1));
#12429=CARTESIAN_POINT('',(2.123903307229E1,2.049154321154E2,9.505035083222E1));
#12430=CARTESIAN_POINT('',(2.123911229328E1,2.050550998864E2,9.491642086709E1));
#12431=CARTESIAN_POINT('',(2.124660128953E1,2.051501310030E2,9.475171569955E1));
#12432=CARTESIAN_POINT('',(2.125854461344E1,2.051622153189E2,9.462199293805E1));
#12433=CARTESIAN_POINT('',(2.126682682208E1,2.051541112520E2,9.454774139272E1));
#12434=CARTESIAN_POINT('',(2.233657992213E1,2.044373932453E2,9.501009279363E1));
#12435=CARTESIAN_POINT('',(2.232678006794E1,2.045044777157E2,9.504265496430E1));
#12436=CARTESIAN_POINT('',(2.230622098760E1,2.046712127523E2,9.508625823834E1));
#12437=CARTESIAN_POINT('',(2.229088348928E1,2.049115453061E2,9.500854744941E1));
#12438=CARTESIAN_POINT('',(2.229098619398E1,2.050513390940E2,9.487460068529E1));
#12439=CARTESIAN_POINT('',(2.229854342717E1,2.051464537699E2,9.470982438661E1));
#12440=CARTESIAN_POINT('',(2.231057095433E1,2.051585445030E2,9.458002553335E1));
#12441=CARTESIAN_POINT('',(2.231890738667E1,2.051504360455E2,9.450573431396E1));
#12442=CARTESIAN_POINT('',(2.372194970367E1,2.044319526449E2,9.495445088056E1));
#12443=CARTESIAN_POINT('',(2.371218884409E1,2.044989802246E2,9.498709560213E1));
#12444=CARTESIAN_POINT('',(2.369169653468E1,2.046656989151E2,9.503091583419E1));
#12445=CARTESIAN_POINT('',(2.367638365282E1,2.049063251513E2,9.495332834431E1));
#12446=CARTESIAN_POINT('',(2.367647171775E1,2.050463342445E2,9.481933649423E1));
#12447=CARTESIAN_POINT('',(2.368399405812E1,2.051415954096E2,9.465448147715E1));
#12448=CARTESIAN_POINT('',(2.369597556544E1,2.051537015167E2,9.452465646290E1));
#12449=CARTESIAN_POINT('',(2.370427780956E1,2.051455932024E2,9.445038136934E1));
#12450=CARTESIAN_POINT('',(2.472186579110E1,2.044280246250E2,9.491426847244E1));
#12451=CARTESIAN_POINT('',(2.471205744095E1,2.044949948871E2,9.494696840888E1));
#12452=CARTESIAN_POINT('',(2.469145898774E1,2.046616790352E2,9.499094262409E1));
#12453=CARTESIAN_POINT('',(2.467607381846E1,2.049025302105E2,9.491343541207E1));
#12454=CARTESIAN_POINT('',(2.467618478081E1,2.050427086328E2,9.477940248089E1));
#12455=CARTESIAN_POINT('',(2.468377580123E1,2.051380849642E2,9.461448899012E1));
#12456=CARTESIAN_POINT('',(2.469584043347E1,2.051502030204E2,9.448465890281E1));
#12457=CARTESIAN_POINT('',(2.470419424077E1,2.051420961079E2,9.441041011115E1));
#12458=CARTESIAN_POINT('',(2.572181876593E1,2.044240997637E2,9.487406474699E1));
#12459=CARTESIAN_POINT('',(2.571169005591E1,2.044909643697E2,9.490680823407E1));
#12460=CARTESIAN_POINT('',(2.569042866426E1,2.046575458560E2,9.495092907290E1));
#12461=CARTESIAN_POINT('',(2.567464709920E1,2.048986579904E2,9.487347467933E1));
#12462=CARTESIAN_POINT('',(2.567490240207E1,2.050390463178E2,9.473937480071E1));
#12463=CARTESIAN_POINT('',(2.568290102238E1,2.051345661011E2,9.457439747658E1));
#12464=CARTESIAN_POINT('',(2.569546771370E1,2.051466993864E2,9.444460254991E1));
#12465=CARTESIAN_POINT('',(2.570414715288E1,2.051385976191E2,9.437042292680E1));
#12466=CARTESIAN_POINT('',(2.655502472459E1,2.044208208809E2,9.484054327294E1));
#12467=CARTESIAN_POINT('',(2.654526114741E1,2.044876362242E2,9.487331719493E1));
#12468=CARTESIAN_POINT('',(2.652472971198E1,2.046541858050E2,9.491753518871E1));
#12469=CARTESIAN_POINT('',(2.650935677604E1,2.048954849161E2,9.484013041123E1));
#12470=CARTESIAN_POINT('',(2.650945358704E1,2.050360160228E2,9.470600343174E1));
#12471=CARTESIAN_POINT('',(2.651701514300E1,2.051316341965E2,9.454099668735E1));
#12472=CARTESIAN_POINT('',(2.652903671724E1,2.051437796220E2,9.441122145098E1));
#12473=CARTESIAN_POINT('',(2.653735399513E1,2.051356803874E2,9.433707941674E1));
#12474=CARTESIAN_POINT('',(2.722154862626E1,2.044181929355E2,9.481371454611E1));
#12475=CARTESIAN_POINT('',(2.721236926819E1,2.044849916023E2,9.484651240686E1));
#12476=CARTESIAN_POINT('',(2.719301580636E1,2.046515474290E2,9.489079960235E1));
#12477=CARTESIAN_POINT('',(2.717831329852E1,2.048929787323E2,9.481344116315E1));
#12478=CARTESIAN_POINT('',(2.717815393876E1,2.050336052350E2,9.467930787180E1));
#12479=CARTESIAN_POINT('',(2.718500536176E1,2.051292895105E2,9.451428776837E1));
#12480=CARTESIAN_POINT('',(2.719614441174E1,2.051414439534E2,9.438451818558E1));
#12481=CARTESIAN_POINT('',(2.720387900844E1,2.051333454690E2,9.431039165762E1));
#12482=CARTESIAN_POINT('',(2.763815759996E1,2.044165523511E2,9.479694172270E1));
#12483=CARTESIAN_POINT('',(2.762911408678E1,2.044833214473E2,9.482975442975E1));
#12484=CARTESIAN_POINT('',(2.761003131212E1,2.046498544342E2,9.487409126889E1));
#12485=CARTESIAN_POINT('',(2.759547917712E1,2.048913833681E2,9.479675601135E1));
#12486=CARTESIAN_POINT('',(2.759526097704E1,2.050320856448E2,9.466260619763E1));
#12487=CARTESIAN_POINT('',(2.760195075425E1,2.051278220677E2,9.449756984106E1));
#12488=CARTESIAN_POINT('',(2.761288805801E1,2.051399827919E2,9.436781301916E1));
#12489=CARTESIAN_POINT('',(2.762048831475E1,2.051318858900E2,9.429370889365E1));
#12490=CARTESIAN_POINT('',(2.797147993832E1,2.044152426707E2,9.478352068262E1));
#12491=CARTESIAN_POINT('',(2.796229016963E1,2.044819644547E2,9.481634399035E1));
#12492=CARTESIAN_POINT('',(2.794290567934E1,2.046484459940E2,9.486072609799E1));
#12493=CARTESIAN_POINT('',(2.792817417370E1,2.048900713030E2,9.478340091122E1));
#12494=CARTESIAN_POINT('',(2.792802175161E1,2.050308540889E2,9.464922286086E1));
#12495=CARTESIAN_POINT('',(2.793489669192E1,2.051266456596E2,9.448416513740E1));
#12496=CARTESIAN_POINT('',(2.794606211868E1,2.051388123475E2,9.435443159343E1));
#12497=CARTESIAN_POINT('',(2.795381053550E1,2.051307181794E2,9.428036214169E1));
#12498=CARTESIAN_POINT('',(2.817982169081E1,2.044144254997E2,9.477513145362E1));
#12499=CARTESIAN_POINT('',(2.817042965558E1,2.044811062427E2,9.480796027521E1));
#12500=CARTESIAN_POINT('',(2.815063096421E1,2.046475394897E2,9.485237235311E1));
#12501=CARTESIAN_POINT('',(2.813565665016E1,2.048892338017E2,9.477504878566E1));
#12502=CARTESIAN_POINT('',(2.813559451590E1,2.050300765432E2,9.464084604492E1));
#12503=CARTESIAN_POINT('',(2.814272222792E1,2.051259091301E2,9.447577153331E1));
#12504=CARTESIAN_POINT('',(2.815419983831E1,2.051380800669E2,9.434605960787E1));
#12505=CARTESIAN_POINT('',(2.816215205065E1,2.051299883591E2,9.427202040935E1));
#12506=CARTESIAN_POINT('',(2.832567545772E1,2.044138547704E2,9.476925843081E1));
#12507=CARTESIAN_POINT('',(2.831603658613E1,2.044804966373E2,9.480209039749E1));
#12508=CARTESIAN_POINT('',(2.829573357152E1,2.046468817969E2,9.484652549876E1));
#12509=CARTESIAN_POINT('',(2.828046499164E1,2.048886322098E2,9.476919923145E1));
#12510=CARTESIAN_POINT('',(2.828051284136E1,2.050295254580E2,9.463497282784E1));
#12511=CARTESIAN_POINT('',(2.828794779743E1,2.051253925290E2,9.446988317840E1));
#12512=CARTESIAN_POINT('',(2.829980507102E1,2.051375668594E2,9.434019224901E1));
#12513=CARTESIAN_POINT('',(2.830800549929E1,2.051294775173E2,9.426618156681E1));
#12514=CARTESIAN_POINT('',(2.840901704637E1,2.044135284856E2,9.476590231781E1));
#12515=CARTESIAN_POINT('',(2.839926178646E1,2.044801490284E2,9.479873555615E1));
#12516=CARTESIAN_POINT('',(2.837872060710E1,2.046465079199E2,9.484318241823E1));
#12517=CARTESIAN_POINT('',(2.836331266989E1,2.048882896056E2,9.476585427374E1));
#12518=CARTESIAN_POINT('',(2.836341248214E1,2.050292109575E2,9.463161520680E1));
#12519=CARTESIAN_POINT('',(2.837099271216E1,2.051250972749E2,9.446651795516E1));
#12520=CARTESIAN_POINT('',(2.838302937315E1,2.051372735906E2,9.433683938190E1));
#12521=CARTESIAN_POINT('',(2.839134694231E1,2.051291855914E2,9.426284490011E1));
#12522=CARTESIAN_POINT('',(2.847154328368E1,2.044132852224E2,9.476338502181E1));
#12523=CARTESIAN_POINT('',(2.846155587372E1,2.044798791324E2,9.479621977870E1));
#12524=CARTESIAN_POINT('',(2.844054137323E1,2.046462034305E2,9.484068032369E1));
#12525=CARTESIAN_POINT('',(2.842485842764E1,2.048880169735E2,9.476334824953E1));
#12526=CARTESIAN_POINT('',(2.842506148378E1,2.050289683797E2,9.462909232396E1));
#12527=CARTESIAN_POINT('',(2.843292960526E1,2.051248750805E2,9.446398414148E1));
#12528=CARTESIAN_POINT('',(2.844532223201E1,2.051370531384E2,9.433431903697E1));
#12529=CARTESIAN_POINT('',(2.845387286006E1,2.051289667146E2,9.426034317228E1));
#12530=CARTESIAN_POINT('',(2.853393567884E1,2.044130309722E2,9.476086776984E1));
#12531=CARTESIAN_POINT('',(2.852468323251E1,2.044796783587E2,9.479370450295E1));
#12532=CARTESIAN_POINT('',(2.850516316888E1,2.046460803707E2,9.483815195162E1));
#12533=CARTESIAN_POINT('',(2.849034409392E1,2.048878634410E2,9.476084040506E1));
#12534=CARTESIAN_POINT('',(2.849022135306E1,2.050287775407E2,9.462662060869E1));
#12535=CARTESIAN_POINT('',(2.849718246573E1,2.051246595195E2,9.446153483660E1));
#12536=CARTESIAN_POINT('',(2.850845231537E1,2.051368367178E2,9.433184463150E1));
#12537=CARTESIAN_POINT('',(2.851626634067E1,2.051287472114E2,9.425783428460E1));
#12538=CARTESIAN_POINT('',(2.859669937721E1,2.044128063689E2,9.475834954821E1));
#12539=CARTESIAN_POINT('',(2.858549899549E1,2.044792910984E2,9.479118986537E1));
#12540=CARTESIAN_POINT('',(2.856201481501E1,2.046454679523E2,9.483570239048E1));
#12541=CARTESIAN_POINT('',(2.854490071144E1,2.048873892533E2,9.475834869689E1));
#12542=CARTESIAN_POINT('',(2.854564235189E1,2.050284478946E2,9.462402062777E1));
#12543=CARTESIAN_POINT('',(2.855501097741E1,2.051244266448E2,9.445886369328E1));
#12544=CARTESIAN_POINT('',(2.856925996788E1,2.051366095901E2,9.432924825789E1));
#12545=CARTESIAN_POINT('',(2.857902725841E1,2.051285293385E2,9.425534402835E1));
#12546=CARTESIAN_POINT('',(2.864893420117E1,2.044126139344E2,9.475625056266E1));
#12547=CARTESIAN_POINT('',(2.863664171472E1,2.044790028675E2,9.478909215429E1));
#12548=CARTESIAN_POINT('',(2.861093017179E1,2.046450473516E2,9.483364181472E1));
#12549=CARTESIAN_POINT('',(2.859252256093E1,2.048870526152E2,9.475626312654E1));
#12550=CARTESIAN_POINT('',(2.859375117743E1,2.050281983700E2,9.462187203525E1));
#12551=CARTESIAN_POINT('',(2.860447521362E1,2.051242355203E2,9.445667480146E1));
#12552=CARTESIAN_POINT('',(2.862039824120E1,2.051364221496E2,9.432710554278E1));
#12553=CARTESIAN_POINT('',(2.863126083049E1,2.051283474635E2,9.425326521866E1));
#12554=CARTESIAN_POINT('',(2.869037096122E1,2.044124309779E2,9.475457164571E1));
#12555=CARTESIAN_POINT('',(2.867981391168E1,2.044789549327E2,9.478741332827E1));
#12556=CARTESIAN_POINT('',(2.865763811490E1,2.046451908509E2,9.483191726249E1));
#12557=CARTESIAN_POINT('',(2.864128035682E1,2.048870980057E2,9.475458073856E1));
#12558=CARTESIAN_POINT('',(2.864173662711E1,2.050281349431E2,9.462028071728E1));
#12559=CARTESIAN_POINT('',(2.865031115759E1,2.051240996042E2,9.445514224656E1));
#12560=CARTESIAN_POINT('',(2.866357756650E1,2.051362826973E2,9.432551091896E1));
#12561=CARTESIAN_POINT('',(2.867270043706E1,2.051282003212E2,9.425158340737E1));
#12562=CARTESIAN_POINT('',(2.872116987991E1,2.044122713173E2,9.475331288054E1));
#12563=CARTESIAN_POINT('',(2.871392067773E1,2.044790595408E2,9.478615404353E1));
#12564=CARTESIAN_POINT('',(2.869847229001E1,2.046456670838E2,9.483056627046E1));
#12565=CARTESIAN_POINT('',(2.868600558110E1,2.048873737379E2,9.475330945216E1));
#12566=CARTESIAN_POINT('',(2.868499574384E1,2.050281922199E2,9.461918603808E1));
#12567=CARTESIAN_POINT('',(2.868948678073E1,2.051240109207E2,9.445416121244E1));
#12568=CARTESIAN_POINT('',(2.869769788920E1,2.051361861972E2,9.432440717070E1));
#12569=CARTESIAN_POINT('',(2.870350447103E1,2.051280887019E2,9.425030761501E1));
#12570=CARTESIAN_POINT('',(2.875184703336E1,2.044121034124E2,9.475205485905E1));
#12571=CARTESIAN_POINT('',(2.874864573420E1,2.044792142120E2,9.478489445476E1));
#12572=CARTESIAN_POINT('',(2.874140289602E1,2.046462731566E2,9.482919356805E1));
#12573=CARTESIAN_POINT('',(2.873366106406E1,2.048877344834E2,9.475203288500E1));
#12574=CARTESIAN_POINT('',(2.873087034338E1,2.050282867141E2,9.461812408443E1));
#12575=CARTESIAN_POINT('',(2.873039497115E1,2.051239271244E2,9.445323812560E1));
#12576=CARTESIAN_POINT('',(2.873243946312E1,2.051360925187E2,9.432333584027E1));
#12577=CARTESIAN_POINT('',(2.873418789362E1,2.051279766478E2,9.424902683286E1));
#12578=CARTESIAN_POINT('',(2.879294926115E1,2.044118961916E2,9.475037761936E1));
#12579=CARTESIAN_POINT('',(2.879367433900E1,2.044793180561E2,9.478321577346E1));
#12580=CARTESIAN_POINT('',(2.879436517492E1,2.046468109600E2,9.482740684967E1));
#12581=CARTESIAN_POINT('',(2.879117177124E1,2.048880380772E2,9.475033951619E1));
#12582=CARTESIAN_POINT('',(2.878666601955E1,2.050283360194E2,9.461663707953E1));
#12583=CARTESIAN_POINT('',(2.878140220077E1,2.051238059280E2,9.445188503074E1));
#12584=CARTESIAN_POINT('',(2.877748389227E1,2.051359617775E2,9.432184097176E1));
#12585=CARTESIAN_POINT('',(2.877529612891E1,2.051278282322E2,9.424733043287E1));
#12586=CARTESIAN_POINT('',(2.884528382619E1,2.044117118202E2,9.474827920970E1));
#12587=CARTESIAN_POINT('',(2.884415033977E1,2.044789771537E2,9.478111961976E1));
#12588=CARTESIAN_POINT('',(2.884108558867E1,2.046462549026E2,9.482536974330E1));
#12589=CARTESIAN_POINT('',(2.883573855281E1,2.048876127949E2,9.474825981448E1));
#12590=CARTESIAN_POINT('',(2.883204438152E1,2.050280476199E2,9.461445464756E1));
#12591=CARTESIAN_POINT('',(2.882904729491E1,2.051236096606E2,9.444963596630E1));
#12592=CARTESIAN_POINT('',(2.882795201802E1,2.051357714181E2,9.431966466959E1));
#12593=CARTESIAN_POINT('',(2.882762789559E1,2.051276468348E2,9.424525710540E1));
#12594=CARTESIAN_POINT('',(2.890775300203E1,2.044114640886E2,9.474576139966E1));
#12595=CARTESIAN_POINT('',(2.890680035348E1,2.044787344645E2,9.477860239294E1));
#12596=CARTESIAN_POINT('',(2.890410087774E1,2.046460219272E2,9.482285332735E1));
#12597=CARTESIAN_POINT('',(2.889896276740E1,2.048873868651E2,9.474574784520E1));
#12598=CARTESIAN_POINT('',(2.889518937620E1,2.050278251133E2,9.461194729114E1));
#12599=CARTESIAN_POINT('',(2.889197182898E1,2.051233897967E2,9.444713226182E1));
#12600=CARTESIAN_POINT('',(2.889060240367E1,2.051355524188E2,9.431716087279E1));
#12601=CARTESIAN_POINT('',(2.889009739940E1,2.051274276628E2,9.424275200410E1));
#12602=CARTESIAN_POINT('',(2.897017866121E1,2.044112128860E2,9.474324354673E1));
#12603=CARTESIAN_POINT('',(2.896971909137E1,2.044785140436E2,9.477608521625E1));
#12604=CARTESIAN_POINT('',(2.896801572507E1,2.046458470047E2,9.482032842532E1));
#12605=CARTESIAN_POINT('',(2.896344817846E1,2.048871990618E2,9.474323527716E1));
#12606=CARTESIAN_POINT('',(2.895945924778E1,2.050276192595E2,9.460945622148E1));
#12607=CARTESIAN_POINT('',(2.895564053814E1,2.051231721259E2,9.444465552641E1));
#12608=CARTESIAN_POINT('',(2.895352279562E1,2.051353347097E2,9.431467183445E1));
#12609=CARTESIAN_POINT('',(2.895252384241E1,2.051272082950E2,9.424024466042E1));
#12610=CARTESIAN_POINT('',(2.903269161562E1,2.044109684130E2,9.474072540719E1));
#12611=CARTESIAN_POINT('',(2.903209461618E1,2.044782507687E2,9.477356870742E1));
#12612=CARTESIAN_POINT('',(2.903011347413E1,2.046455603733E2,9.481782300895E1));
#12613=CARTESIAN_POINT('',(2.902538626312E1,2.048869381523E2,9.474072833602E1));
#12614=CARTESIAN_POINT('',(2.902145714136E1,2.050273816824E2,9.460693769039E1));
#12615=CARTESIAN_POINT('',(2.901780607437E1,2.051229504779E2,9.444212932111E1));
#12616=CARTESIAN_POINT('',(2.901589744569E1,2.051351145853E2,9.431215519037E1));
#12617=CARTESIAN_POINT('',(2.901503662677E1,2.051269892856E2,9.423774141862E1));
#12618=CARTESIAN_POINT('',(2.911604070061E1,2.044106421319E2,9.473736768409E1));
#12619=CARTESIAN_POINT('',(2.911527120508E1,2.044779016438E2,9.477021378382E1));
#12620=CARTESIAN_POINT('',(2.911294136719E1,2.046451832268E2,9.481448341774E1));
#12621=CARTESIAN_POINT('',(2.910801370895E1,2.048865937016E2,9.473738810001E1));
#12622=CARTESIAN_POINT('',(2.910415968834E1,2.050270665147E2,9.460358314298E1));
#12623=CARTESIAN_POINT('',(2.910071908952E1,2.051226552597E2,9.443876467814E1));
#12624=CARTESIAN_POINT('',(2.909907294795E1,2.051348212315E2,9.430880133213E1));
#12625=CARTESIAN_POINT('',(2.909838549406E1,2.051266972398E2,9.423440338204E1));
#12626=CARTESIAN_POINT('',(2.922021996954E1,2.044102338279E2,9.473317037477E1));
#12627=CARTESIAN_POINT('',(2.921928610601E1,2.044774678435E2,9.476601944928E1));
#12628=CARTESIAN_POINT('',(2.921662383959E1,2.046447186068E2,9.481030613003E1));
#12629=CARTESIAN_POINT('',(2.921150480608E1,2.048861674928E2,9.473321033503E1));
#12630=CARTESIAN_POINT('',(2.920772231416E1,2.050266743547E2,9.459938976281E1));
#12631=CARTESIAN_POINT('',(2.920448242755E1,2.051222863644E2,9.443456062746E1));
#12632=CARTESIAN_POINT('',(2.920308667394E1,2.051344546353E2,9.430461010661E1));
#12633=CARTESIAN_POINT('',(2.920256457182E1,2.051263321456E2,9.423023041434E1));
#12634=CARTESIAN_POINT('',(2.934522588238E1,2.044097431431E2,9.472813327548E1));
#12635=CARTESIAN_POINT('',(2.934416122745E1,2.044769514478E2,9.476098566721E1));
#12636=CARTESIAN_POINT('',(2.934123425805E1,2.046441719904E2,9.480529062849E1));
#12637=CARTESIAN_POINT('',(2.933596246522E1,2.048856631512E2,9.472819545264E1));
#12638=CARTESIAN_POINT('',(2.933223680660E1,2.050262068048E2,9.459435948071E1));
#12639=CARTESIAN_POINT('',(2.932915680108E1,2.051218440179E2,9.442951991143E1));
#12640=CARTESIAN_POINT('',(2.932796064727E1,2.051340149153E2,9.429958286724E1));
#12641=CARTESIAN_POINT('',(2.932757035564E1,2.051258939676E2,9.422522211030E1));
#12642=CARTESIAN_POINT('',(2.951188932724E1,2.044090880403E2,9.472141670851E1));
#12643=CARTESIAN_POINT('',(2.951073044750E1,2.044762678070E2,9.475427315033E1));
#12644=CARTESIAN_POINT('',(2.950761252398E1,2.046434560088E2,9.479859976760E1));
#12645=CARTESIAN_POINT('',(2.950222990720E1,2.048849990315E2,9.472150673096E1));
#12646=CARTESIAN_POINT('',(2.949854500064E1,2.050255869541E2,9.458765419387E1));
#12647=CARTESIAN_POINT('',(2.949558040092E1,2.051212545854E2,9.442280359925E1));
#12648=CARTESIAN_POINT('',(2.949452864855E1,2.051334288410E2,9.429288238508E1));
#12649=CARTESIAN_POINT('',(2.949423375010E1,2.051253096497E2,9.421854345027E1));
#12650=CARTESIAN_POINT('',(2.972020073208E1,2.044082677036E2,9.471302014120E1));
#12651=CARTESIAN_POINT('',(2.971905322190E1,2.044754214847E2,9.474588124912E1));
#12652=CARTESIAN_POINT('',(2.971595769889E1,2.046425827014E2,9.479023082818E1));
#12653=CARTESIAN_POINT('',(2.971058633129E1,2.048841829961E2,9.471314294558E1));
#12654=CARTESIAN_POINT('',(2.970689588501E1,2.050248181836E2,9.457927628315E1));
#12655=CARTESIAN_POINT('',(2.970391788991E1,2.051205184463E2,9.441441648468E1));
#12656=CARTESIAN_POINT('',(2.970285041535E1,2.051326966267E2,9.428451110509E1));
#12657=CARTESIAN_POINT('',(2.970254528705E1,2.051245791063E2,9.421019345392E1));
#12658=CARTESIAN_POINT('',(2.997015397568E1,2.044072814690E2,9.470294280508E1));
#12659=CARTESIAN_POINT('',(2.996916749825E1,2.044744158824E2,9.473580941918E1));
#12660=CARTESIAN_POINT('',(2.996639701330E1,2.046415611536E2,9.478018234117E1));
#12661=CARTESIAN_POINT('',(2.996121035817E1,2.048832210327E2,9.470310411318E1));
#12662=CARTESIAN_POINT('',(2.995744872954E1,2.050239031020E2,9.456922834271E1));
#12663=CARTESIAN_POINT('',(2.995427452657E1,2.051196359215E2,9.440436259710E1));
#12664=CARTESIAN_POINT('',(2.995296408529E1,2.051318184292E2,9.427447081932E1));
#12665=CARTESIAN_POINT('',(2.995249890102E1,2.051237022422E2,9.420017103424E1));
#12666=CARTESIAN_POINT('',(3.030340799168E1,2.044059647326E2,9.468950433933E1));
#12667=CARTESIAN_POINT('',(3.030275829618E1,2.044730840069E2,9.472237864311E1));
#12668=CARTESIAN_POINT('',(3.030066825445E1,2.046402229199E2,9.476677977155E1));
#12669=CARTESIAN_POINT('',(3.029586987961E1,2.048819540704E2,9.468971805450E1));
#12670=CARTESIAN_POINT('',(3.029195986495E1,2.050226897758E2,9.455583702677E1));
#12671=CARTESIAN_POINT('',(3.028837474121E1,2.051184600160E2,9.439096742392E1));
#12672=CARTESIAN_POINT('',(3.028655462842E1,2.051306478925E2,9.426108826223E1));
#12673=CARTESIAN_POINT('',(3.028575361080E1,2.051225328405E2,9.418680495498E1));
#12674=CARTESIAN_POINT('',(3.071996001634E1,2.044043167073E2,9.467270239726E1));
#12675=CARTESIAN_POINT('',(3.071984292693E1,2.044714286834E2,9.470558751016E1));
#12676=CARTESIAN_POINT('',(3.071882947615E1,2.046385759235E2,9.475002240895E1));
#12677=CARTESIAN_POINT('',(3.071464646739E1,2.048803874336E2,9.467298623555E1));
#12678=CARTESIAN_POINT('',(3.071050199177E1,2.050211805706E2,9.453910573855E1));
#12679=CARTESIAN_POINT('',(3.070626649261E1,2.051169910313E2,9.437423472821E1));
#12680=CARTESIAN_POINT('',(3.070363929240E1,2.051291850778E2,9.424436413025E1));
#12681=CARTESIAN_POINT('',(3.070230646890E1,2.051210706782E2,9.417009266625E1));
#12682=CARTESIAN_POINT('',(3.121985192138E1,2.044023401826E2,9.465253389408E1));
#12683=CARTESIAN_POINT('',(3.122015621154E1,2.044694275547E2,9.468543288509E1));
#12684=CARTESIAN_POINT('',(3.121999475368E1,2.046365627843E2,9.472991564815E1));
#12685=CARTESIAN_POINT('',(3.121629824822E1,2.048784834117E2,9.465290656026E1));
#12686=CARTESIAN_POINT('',(3.121196778837E1,2.050193589204E2,9.451901588326E1));
#12687=CARTESIAN_POINT('',(3.120721759629E1,2.051152266061E2,9.435413543165E1));
#12688=CARTESIAN_POINT('',(3.120395259554E1,2.051274284806E2,9.422428123078E1));
#12689=CARTESIAN_POINT('',(3.120219985262E1,2.051193156988E2,9.415003352640E1));
#12690=CARTESIAN_POINT('',(3.188642558397E1,2.043997076353E2,9.462563444828E1));
#12691=CARTESIAN_POINT('',(3.188693442514E1,2.044667385426E2,9.465855448431E1));
#12692=CARTESIAN_POINT('',(3.188718638384E1,2.046338248113E2,9.470311443315E1));
#12693=CARTESIAN_POINT('',(3.188372303205E1,2.048759096990E2,9.462613735250E1));
#12694=CARTESIAN_POINT('',(3.187929977326E1,2.050169149022E2,9.449221624235E1));
#12695=CARTESIAN_POINT('',(3.187429846343E1,2.051128719708E2,9.432731004450E1));
#12696=CARTESIAN_POINT('',(3.187072545796E1,2.051250846890E2,9.419748508439E1));
#12697=CARTESIAN_POINT('',(3.186877088296E1,2.051169752180E2,9.412328219460E1));
#12698=CARTESIAN_POINT('',(3.305294534862E1,2.043950923065E2,9.457853647069E1));
#12699=CARTESIAN_POINT('',(3.305354945451E1,2.044620061719E2,9.461149488899E1));
#12700=CARTESIAN_POINT('',(3.305399735019E1,2.046289819679E2,9.465620004220E1));
#12701=CARTESIAN_POINT('',(3.305065089679E1,2.048713722695E2,9.457927681804E1));
#12702=CARTESIAN_POINT('',(3.304619096260E1,2.050126224629E2,9.444529033468E1));
#12703=CARTESIAN_POINT('',(3.304107985526E1,2.051087480656E2,9.428032992063E1));
#12704=CARTESIAN_POINT('',(3.303736957945E1,2.051209805160E2,9.415056258386E1));
#12705=CARTESIAN_POINT('',(3.303532499161E1,2.051128777313E2,9.407644857974E1));
#12706=CARTESIAN_POINT('',(3.438618730579E1,2.043898506999E2,9.452467601348E1));
#12707=CARTESIAN_POINT('',(3.438726473005E1,2.044567057563E2,9.455769922923E1));
#12708=CARTESIAN_POINT('',(3.438865151148E1,2.046236562061E2,9.460258514792E1));
#12709=CARTESIAN_POINT('',(3.438577612158E1,2.048663233526E2,9.452576391610E1));
#12710=CARTESIAN_POINT('',(3.438104444421E1,2.050077786876E2,9.439173869400E1));
#12711=CARTESIAN_POINT('',(3.437530279798E1,2.051040436923E2,9.422671957807E1));
#12712=CARTESIAN_POINT('',(3.437086206770E1,2.051162911942E2,9.409695175695E1));
#12713=CARTESIAN_POINT('',(3.436834839993E1,2.051081901896E2,9.402287060174E1));
#12714=CARTESIAN_POINT('',(3.577232451239E1,2.043842373219E2,9.446855821060E1));
#12715=CARTESIAN_POINT('',(3.577380748216E1,2.044510774077E2,9.450167564447E1));
#12716=CARTESIAN_POINT('',(3.577606497687E1,2.046180821394E2,9.454679762986E1));
#12717=CARTESIAN_POINT('',(3.577384223435E1,2.048610625865E2,9.447014692194E1));
#12718=CARTESIAN_POINT('',(3.576907408812E1,2.050027351124E2,9.433610929477E1));
#12719=CARTESIAN_POINT('',(3.576295369918E1,2.050991492917E2,9.417102203993E1));
#12720=CARTESIAN_POINT('',(3.575793386245E1,2.051114145573E2,9.404119434774E1));
#12721=CARTESIAN_POINT('',(3.575501631158E1,2.051033100877E2,9.396709205537E1));
#12722=CARTESIAN_POINT('',(3.649281513110E1,2.043816151579E2,9.443950121490E1));
#12723=CARTESIAN_POINT('',(3.649415324774E1,2.044484357159E2,9.447267378880E1));
#12724=CARTESIAN_POINT('',(3.649600579807E1,2.046154244409E2,9.451791830714E1));
#12725=CARTESIAN_POINT('',(3.649319114857E1,2.048584686516E2,9.444132093779E1));
#12726=CARTESIAN_POINT('',(3.648815050814E1,2.050001837285E2,9.430724561724E1));
#12727=CARTESIAN_POINT('',(3.648193010984E1,2.050966203142E2,9.414209690206E1));
#12728=CARTESIAN_POINT('',(3.647705019054E1,2.051088805965E2,9.401223201277E1));
#12729=CARTESIAN_POINT('',(3.647428163796E1,2.051007754888E2,9.393812139267E1));
#12730=CARTESIAN_POINT('',(3.687846717362E1,2.043800377946E2,9.442386566373E1));
#12731=CARTESIAN_POINT('',(3.688024638195E1,2.044468515620E2,9.445705242205E1));
#12732=CARTESIAN_POINT('',(3.688314868728E1,2.046138519047E2,9.450233407588E1));
#12733=CARTESIAN_POINT('',(3.688143404499E1,2.048569870215E2,9.442575042001E1));
#12734=CARTESIAN_POINT('',(3.687666297869E1,2.049987668374E2,9.429166029417E1));
#12735=CARTESIAN_POINT('',(3.687028478184E1,2.050952488108E2,9.412649403250E1));
#12736=CARTESIAN_POINT('',(3.686484652494E1,2.051075159236E2,9.399662858362E1));
#12737=CARTESIAN_POINT('',(3.686163294158E1,2.050994110452E2,9.392252611221E1));
#12738=B_SPLINE_SURFACE_WITH_KNOTS('',3,3,((#12418,#12419,#12420,#12421,#12422,
#12423,#12424,#12425),(#12426,#12427,#12428,#12429,#12430,#12431,#12432,#12433),
(#12434,#12435,#12436,#12437,#12438,#12439,#12440,#12441),(#12442,#12443,#12444,
#12445,#12446,#12447,#12448,#12449),(#12450,#12451,#12452,#12453,#12454,#12455,
#12456,#12457),(#12458,#12459,#12460,#12461,#12462,#12463,#12464,#12465),
(#12466,#12467,#12468,#12469,#12470,#12471,#12472,#12473),(#12474,#12475,#12476,
#12477,#12478,#12479,#12480,#12481),(#12482,#12483,#12484,#12485,#12486,#12487,
#12488,#12489),(#12490,#12491,#12492,#12493,#12494,#12495,#12496,#12497),
(#12498,#12499,#12500,#12501,#12502,#12503,#12504,#12505),(#12506,#12507,#12508,
#12509,#12510,#12511,#12512,#12513),(#12514,#12515,#12516,#12517,#12518,#12519,
#12520,#12521),(#12522,#12523,#12524,#12525,#12526,#12527,#12528,#12529),
(#12530,#12531,#12532,#12533,#12534,#12535,#12536,#12537),(#12538,#12539,#12540,
#12541,#12542,#12543,#12544,#12545),(#12546,#12547,#12548,#12549,#12550,#12551,
#12552,#12553),(#12554,#12555,#12556,#12557,#12558,#12559,#12560,#12561),
(#12562,#12563,#12564,#12565,#12566,#12567,#12568,#12569),(#12570,#12571,#12572,
#12573,#12574,#12575,#12576,#12577),(#12578,#12579,#12580,#12581,#12582,#12583,
#12584,#12585),(#12586,#12587,#12588,#12589,#12590,#12591,#12592,#12593),
(#12594,#12595,#12596,#12597,#12598,#12599,#12600,#12601),(#12602,#12603,#12604,
#12605,#12606,#12607,#12608,#12609),(#12610,#12611,#12612,#12613,#12614,#12615,
#12616,#12617),(#12618,#12619,#12620,#12621,#12622,#12623,#12624,#12625),
(#12626,#12627,#12628,#12629,#12630,#12631,#12632,#12633),(#12634,#12635,#12636,
#12637,#12638,#12639,#12640,#12641),(#12642,#12643,#12644,#12645,#12646,#12647,
#12648,#12649),(#12650,#12651,#12652,#12653,#12654,#12655,#12656,#12657),
(#12658,#12659,#12660,#12661,#12662,#12663,#12664,#12665),(#12666,#12667,#12668,
#12669,#12670,#12671,#12672,#12673),(#12674,#12675,#12676,#12677,#12678,#12679,
#12680,#12681),(#12682,#12683,#12684,#12685,#12686,#12687,#12688,#12689),
(#12690,#12691,#12692,#12693,#12694,#12695,#12696,#12697),(#12698,#12699,#12700,
#12701,#12702,#12703,#12704,#12705),(#12706,#12707,#12708,#12709,#12710,#12711,
#12712,#12713),(#12714,#12715,#12716,#12717,#12718,#12719,#12720,#12721),
(#12722,#12723,#12724,#12725,#12726,#12727,#12728,#12729),(#12730,#12731,#12732,
#12733,#12734,#12735,#12736,#12737)),.UNSPECIFIED.,.F.,.F.,.F.,(4,1,1,1,1,1,1,1,
1,1,1,1,1,1,1,1,1,1,1,1,1,1,1,1,1,1,1,1,1,1,1,1,1,1,1,1,1,4),(4,1,1,1,1,4),(
3.357451394641E1,3.573256269532E1,3.673328178642E1,3.773400087751E1,
3.873471996860E1,3.973543905969E1,4.023579860524E1,4.073615815079E1,
4.098633792356E1,4.123651769633E1,4.136160758272E1,4.142415252591E1,
4.148669746911E1,4.154924241230E1,4.161178735549E1,4.167433229869E1,
4.170560477028E1,4.173687724188E1,4.176814971348E1,4.179942218507E1,
4.186196712827E1,4.192451207146E1,4.198705701465E1,4.204960195785E1,
4.211214690104E1,4.223723678743E1,4.236232667381E1,4.248741656020E1,
4.273759633297E1,4.298777610575E1,4.323795587852E1,4.373831542407E1,
4.423867496961E1,4.473903451516E1,4.573975360625E1,4.774119178844E1,
4.874191087953E1,4.990254722148E1),(-1.206688237301E-2,2.5E-1,5.E-1,6.25E-1,
7.5E-1,1.011901961502E0),.UNSPECIFIED.);
#12740=ORIENTED_EDGE('',*,*,#12739,.T.);
#12742=ORIENTED_EDGE('',*,*,#12741,.T.);
#12743=ORIENTED_EDGE('',*,*,#12406,.F.);
#12744=ORIENTED_EDGE('',*,*,#9360,.T.);
#12746=ORIENTED_EDGE('',*,*,#12745,.T.);
#12747=EDGE_LOOP('',(#12740,#12742,#12743,#12744,#12746));
#12748=FACE_OUTER_BOUND('',#12747,.F.);
#12749=ADVANCED_FACE('',(#12748),#12738,.T.);
#12750=CARTESIAN_POINT('',(3.720200000001E1,2.050590796486E2,9.346026720678E1));
#12751=DIRECTION('',(0.E0,9.961946980928E-1,-8.715574273603E-2));
#12752=DIRECTION('',(0.E0,8.715574273603E-2,9.961946980928E-1));
#12753=AXIS2_PLACEMENT_3D('',#12750,#12751,#12752);
#12754=PLANE('',#12753);
#12755=ORIENTED_EDGE('',*,*,#12739,.F.);
#12756=ORIENTED_EDGE('',*,*,#9481,.T.);
#12757=ORIENTED_EDGE('',*,*,#9506,.T.);
#12759=ORIENTED_EDGE('',*,*,#12758,.T.);
#12760=EDGE_LOOP('',(#12755,#12756,#12757,#12759));
#12761=FACE_OUTER_BOUND('',#12760,.F.);
#12762=ADVANCED_FACE('',(#12761),#12754,.T.);
#12763=CARTESIAN_POINT('',(3.670200000001E1,1.931543954562E2,
-4.834775240272E1));
#12764=DIRECTION('',(0.E0,-8.715574273603E-2,-9.961946980928E-1));
#12765=DIRECTION('',(0.E0,9.961946980928E-1,-8.715574273603E-2));
#12766=AXIS2_PLACEMENT_3D('',#12763,#12764,#12765);
#12767=CYLINDRICAL_SURFACE('',#12766,5.E-1);
#12769=ORIENTED_EDGE('',*,*,#12768,.T.);
#12770=ORIENTED_EDGE('',*,*,#12758,.F.);
#12771=ORIENTED_EDGE('',*,*,#9504,.F.);
#12773=ORIENTED_EDGE('',*,*,#12772,.T.);
#12775=ORIENTED_EDGE('',*,*,#12774,.T.);
#12776=EDGE_LOOP('',(#12769,#12770,#12771,#12773,#12775));
#12777=FACE_OUTER_BOUND('',#12776,.F.);
#12778=ADVANCED_FACE('',(#12777),#12767,.F.);
#12779=CARTESIAN_POINT('',(3.713943020920E1,2.053788286082E2,9.415933237564E1));
#12780=CARTESIAN_POINT('',(3.713153708082E1,2.053690891149E2,9.419295223098E1));
#12781=CARTESIAN_POINT('',(3.712202757724E1,2.053456896441E2,9.426145476387E1));
#12782=CARTESIAN_POINT('',(3.713079302271E1,2.052966083924E2,9.436787067270E1));
#12783=CARTESIAN_POINT('',(3.716468969388E1,2.052368035131E2,9.446739580817E1));
#12784=CARTESIAN_POINT('',(3.722444876102E1,2.051687184137E2,9.455321181573E1));
#12785=CARTESIAN_POINT('',(3.730569707292E1,2.050983486147E2,9.461660242079E1));
#12786=CARTESIAN_POINT('',(3.740017044644E1,2.050321033364E2,9.465291189082E1));
#12787=CARTESIAN_POINT('',(3.750137359218E1,2.049731951654E2,9.466286112024E1));
#12788=CARTESIAN_POINT('',(3.756662510537E1,2.049418477333E2,9.465334475170E1));
#12789=CARTESIAN_POINT('',(3.759867116715E1,2.049278623392E2,9.464528477491E1));
#12790=CARTESIAN_POINT('',(3.711993251985E1,2.053405937070E2,9.412582317718E1));
#12791=CARTESIAN_POINT('',(3.711123955023E1,2.053319083380E2,9.416008094071E1));
#12792=CARTESIAN_POINT('',(3.709992451182E1,2.053099702090E2,9.423004507833E1));
#12793=CARTESIAN_POINT('',(3.710557477506E1,2.052606615757E2,9.433904605483E1));
#12794=CARTESIAN_POINT('',(3.713642486812E1,2.051979775978E2,9.444096850637E1));
#12795=CARTESIAN_POINT('',(3.719343669890E1,2.051244267694E2,9.452838397747E1));
#12796=CARTESIAN_POINT('',(3.727232738323E1,2.050466703544E2,9.459200856317E1));
#12797=CARTESIAN_POINT('',(3.736468422908E1,2.049721487870E2,9.462704168332E1));
#12798=CARTESIAN_POINT('',(3.746372472136E1,2.049048262947E2,9.463445702448E1));
#12799=CARTESIAN_POINT('',(3.752743511498E1,2.048683718961E2,9.462279004083E1));
#12800=CARTESIAN_POINT('',(3.755865841625E1,2.048519488860E2,9.461360949469E1));
#12801=CARTESIAN_POINT('',(3.708404372250E1,2.052861575731E2,9.407804662505E1));
#12802=CARTESIAN_POINT('',(3.707452181627E1,2.052794859069E2,9.411326292721E1));
#12803=CARTESIAN_POINT('',(3.706113503584E1,2.052606722209E2,9.418546921856E1));
#12804=CARTESIAN_POINT('',(3.706263545965E1,2.052124489330E2,9.429855742890E1));
#12805=CARTESIAN_POINT('',(3.708889703341E1,2.051466085211E2,9.440434886987E1));
#12806=CARTESIAN_POINT('',(3.714118420336E1,2.050655952917E2,9.449439223310E1));
#12807=CARTESIAN_POINT('',(3.721537805192E1,2.049770296383E2,9.455844657741E1));
#12808=CARTESIAN_POINT('',(3.730295100914E1,2.048900164717E2,9.459147187741E1));
#12809=CARTESIAN_POINT('',(3.739679843547E1,2.048098085788E2,9.459487915578E1));
#12810=CARTESIAN_POINT('',(3.745680888803E1,2.047654747089E2,9.457983016917E1));
#12811=CARTESIAN_POINT('',(3.748608800420E1,2.047452816606E2,9.456889410078E1));
#12812=CARTESIAN_POINT('',(3.702964615865E1,2.052304813784E2,9.402973599223E1));
#12813=CARTESIAN_POINT('',(3.702013126416E1,2.052264654182E2,9.406598172554E1));
#12814=CARTESIAN_POINT('',(3.700601643471E1,2.052120508482E2,9.414062531723E1));
#12815=CARTESIAN_POINT('',(3.700408337608E1,2.051664981676E2,9.425826011026E1));
#12816=CARTESIAN_POINT('',(3.702491361008E1,2.050983292914E2,9.436841667345E1));
#12817=CARTESIAN_POINT('',(3.707000871638E1,2.050097082710E2,9.446142061580E1));
#12818=CARTESIAN_POINT('',(3.713568065589E1,2.049093289821E2,9.452589060273E1));
#12819=CARTESIAN_POINT('',(3.721383395837E1,2.048083948500E2,9.455654849091E1));
#12820=CARTESIAN_POINT('',(3.729753013941E1,2.047138743345E2,9.455540323302E1));
#12821=CARTESIAN_POINT('',(3.735074466379E1,2.046609322149E2,9.453662877219E1));
#12822=CARTESIAN_POINT('',(3.737660160428E1,2.046366682931E2,9.452378964355E1));
#12823=CARTESIAN_POINT('',(3.699563175590E1,2.052018623084E2,9.400516363288E1));
#12824=CARTESIAN_POINT('',(3.698639228944E1,2.051993582140E2,9.404195853063E1));
#12825=CARTESIAN_POINT('',(3.697233355799E1,2.051874875738E2,9.411789635892E1));
#12826=CARTESIAN_POINT('',(3.696882991547E1,2.051436374981E2,9.423793992604E1));
#12827=CARTESIAN_POINT('',(3.698652202363E1,2.050744166095E2,9.435040312070E1));
#12828=CARTESIAN_POINT('',(3.702701956583E1,2.049818046604E2,9.444495048005E1));
#12829=CARTESIAN_POINT('',(3.708697905949E1,2.048750923922E2,9.450958960352E1));
#12830=CARTESIAN_POINT('',(3.715875519525E1,2.047666830723E2,9.453893466232E1));
#12831=CARTESIAN_POINT('',(3.723568958695E1,2.046645386307E2,9.453534504365E1));
#12832=CARTESIAN_POINT('',(3.728451991126E1,2.046070800374E2,9.451461171959E1));
#12833=CARTESIAN_POINT('',(3.730821160206E1,2.045807009903E2,9.450078225148E1));
#12834=CARTESIAN_POINT('',(3.695934232075E1,2.051752401355E2,9.398254569473E1));
#12835=CARTESIAN_POINT('',(3.695074669188E1,2.051742936725E2,9.401988071454E1));
#12836=CARTESIAN_POINT('',(3.693742530192E1,2.051650892508E2,9.409708478439E1));
#12837=CARTESIAN_POINT('',(3.693309178872E1,2.051232092164E2,9.421947242858E1));
#12838=CARTESIAN_POINT('',(3.694793860176E1,2.050532388083E2,9.433417037921E1));
#12839=CARTESIAN_POINT('',(3.698359336791E1,2.049569311111E2,9.443019563404E1));
#12840=CARTESIAN_POINT('',(3.703708029726E1,2.048441389538E2,9.449496102524E1));
#12841=CARTESIAN_POINT('',(3.710136109150E1,2.047284589192E2,9.452298787913E1));
#12842=CARTESIAN_POINT('',(3.717023120965E1,2.046188603566E2,9.451699330375E1));
#12843=CARTESIAN_POINT('',(3.721382138315E1,2.045569772562E2,9.449435362551E1));
#12844=CARTESIAN_POINT('',(3.723493085798E1,2.045285257878E2,9.447956446946E1));
#12845=CARTESIAN_POINT('',(3.690998403198E1,2.051463021134E2,9.395853936445E1));
#12846=CARTESIAN_POINT('',(3.690289886734E1,2.051473045994E2,9.399650298017E1));
#12847=CARTESIAN_POINT('',(3.689183767801E1,2.051415206775E2,9.407517858430E1));
#12848=CARTESIAN_POINT('',(3.688802185031E1,2.051024972411E2,9.420029090942E1));
#12849=CARTESIAN_POINT('',(3.690005030996E1,2.050321794898E2,9.431758461432E1));
#12850=CARTESIAN_POINT('',(3.692935147013E1,2.049319557140E2,9.441531122422E1));
#12851=CARTESIAN_POINT('',(3.697340966579E1,2.048122767260E2,9.448018386296E1));
#12852=CARTESIAN_POINT('',(3.702623077590E1,2.046881549784E2,9.450662931265E1));
#12853=CARTESIAN_POINT('',(3.708251838489E1,2.045697950754E2,9.449780543274E1));
#12854=CARTESIAN_POINT('',(3.711788177504E1,2.045026679260E2,9.447294928071E1));
#12855=CARTESIAN_POINT('',(3.713493911799E1,2.044717513694E2,9.445704934620E1));
#12856=CARTESIAN_POINT('',(3.685562786183E1,2.051242907880E2,9.394138186096E1));
#12857=CARTESIAN_POINT('',(3.685058077134E1,2.051269035465E2,9.397981934383E1));
#12858=CARTESIAN_POINT('',(3.684279310843E1,2.051239933130E2,9.405961214739E1));
#12859=CARTESIAN_POINT('',(3.684065639649E1,2.050875377071E2,9.418682090088E1));
#12860=CARTESIAN_POINT('',(3.685033165617E1,2.050172229321E2,9.430613017108E1));
#12861=CARTESIAN_POINT('',(3.687284378556E1,2.049140787008E2,9.440518302668E1));
#12862=CARTESIAN_POINT('',(3.690618168989E1,2.047890043943E2,9.447013609985E1));
#12863=CARTESIAN_POINT('',(3.694572396961E1,2.046581740563E2,9.449535036547E1));
#12864=CARTESIAN_POINT('',(3.698744198060E1,2.045328284334E2,9.448434843631E1));
#12865=CARTESIAN_POINT('',(3.701337995923E1,2.044615256624E2,9.445780895343E1));
#12866=CARTESIAN_POINT('',(3.702582852788E1,2.044286492957E2,9.444107197779E1));
#12867=CARTESIAN_POINT('',(3.681506232813E1,2.051131232831E2,9.393358898400E1));
#12868=CARTESIAN_POINT('',(3.681150928725E1,2.051165109948E2,9.397222400408E1));
#12869=CARTESIAN_POINT('',(3.680614676941E1,2.051149827943E2,9.405249761130E1));
#12870=CARTESIAN_POINT('',(3.680531815256E1,2.050797437640E2,9.418065248212E1));
#12871=CARTESIAN_POINT('',(3.681333353860E1,2.050093798159E2,9.430090172090E1));
#12872=CARTESIAN_POINT('',(3.683089251111E1,2.049047437217E2,9.440059622036E1));
#12873=CARTESIAN_POINT('',(3.685637387182E1,2.047769711836E2,9.446562111221E1));
#12874=CARTESIAN_POINT('',(3.688622641592E1,2.046428311273E2,9.449030315477E1));
#12875=CARTESIAN_POINT('',(3.691741113037E1,2.045140887271E2,9.447834279988E1));
#12876=CARTESIAN_POINT('',(3.693661808157E1,2.044407907287E2,9.445107119525E1));
#12877=CARTESIAN_POINT('',(3.694579643751E1,2.044069865448E2,9.443397520278E1));
#12878=CARTESIAN_POINT('',(3.679128602748E1,2.051080662835E2,9.393044707226E1));
#12879=CARTESIAN_POINT('',(3.678862605709E1,2.051117755488E2,9.396915559599E1));
#12880=CARTESIAN_POINT('',(3.678472422700E1,2.051108173333E2,9.404961255853E1));
#12881=CARTESIAN_POINT('',(3.678472414815E1,2.050760633991E2,9.417814060321E1));
#12882=CARTESIAN_POINT('',(3.679181342293E1,2.050056432257E2,9.429876972598E1));
#12883=CARTESIAN_POINT('',(3.680649037774E1,2.049003359042E2,9.439873275101E1));
#12884=CARTESIAN_POINT('',(3.682736547229E1,2.047713808983E2,9.446380324685E1));
#12885=CARTESIAN_POINT('',(3.685153240444E1,2.046358032690E2,9.448829160681E1));
#12886=CARTESIAN_POINT('',(3.687655070710E1,2.045055924429E2,9.447596869794E1));
#12887=CARTESIAN_POINT('',(3.689183279478E1,2.044314350750E2,9.444841855131E1));
#12888=CARTESIAN_POINT('',(3.689910861099E1,2.043972319351E2,9.443118633159E1));
#12889=CARTESIAN_POINT('',(3.677344065275E1,2.051050027078E2,9.392879096834E1));
#12890=CARTESIAN_POINT('',(3.677155470497E1,2.051089068760E2,9.396754713542E1));
#12891=CARTESIAN_POINT('',(3.676894250494E1,2.051082948072E2,9.404811739180E1));
#12892=CARTESIAN_POINT('',(3.676978565148E1,2.050738440332E2,9.417686114752E1));
#12893=CARTESIAN_POINT('',(3.677628688854E1,2.050034096434E2,9.429770212127E1));
#12894=CARTESIAN_POINT('',(3.678876647092E1,2.048977213811E2,9.439781289857E1));
#12895=CARTESIAN_POINT('',(3.680601116844E1,2.047680661068E2,9.446291016418E1));
#12896=CARTESIAN_POINT('',(3.682563936206E1,2.046316064333E2,9.448729454797E1));
#12897=CARTESIAN_POINT('',(3.684570726434E1,2.045004582745E2,9.447476966275E1));
#12898=CARTESIAN_POINT('',(3.685783069299E1,2.044257259885E2,9.444705647296E1));
#12899=CARTESIAN_POINT('',(3.686357499586E1,2.043912493877E2,9.442974142780E1));
#12900=CARTESIAN_POINT('',(3.675552700051E1,2.051026501178E2,9.392782355230E1));
#12901=CARTESIAN_POINT('',(3.675448250608E1,2.051066894129E2,9.396660817339E1));
#12902=CARTESIAN_POINT('',(3.675328875461E1,2.051063138443E2,9.404724554937E1));
#12903=CARTESIAN_POINT('',(3.675513228400E1,2.050720591468E2,9.417611575465E1));
#12904=CARTESIAN_POINT('',(3.676113340429E1,2.050015947547E2,9.429708133956E1));
#12905=CARTESIAN_POINT('',(3.677141191895E1,2.048956163749E2,9.439728230437E1));
#12906=CARTESIAN_POINT('',(3.678492572569E1,2.047654415534E2,9.446240381190E1));
#12907=CARTESIAN_POINT('',(3.679983869468E1,2.046283255632E2,9.448673942534E1));
#12908=CARTESIAN_POINT('',(3.681473191155E1,2.044964709136E2,9.447410834742E1));
#12909=CARTESIAN_POINT('',(3.682353878588E1,2.044212976593E2,9.444630473692E1));
#12910=CARTESIAN_POINT('',(3.682767217283E1,2.043866095134E2,9.442894255077E1));
#12911=CARTESIAN_POINT('',(3.672967687413E1,2.051002975733E2,9.392743224699E1));
#12912=CARTESIAN_POINT('',(3.672978483306E1,2.051044888358E2,9.396623054891E1));
#12913=CARTESIAN_POINT('',(3.673048889064E1,2.051043793413E2,9.404690630523E1));
#12914=CARTESIAN_POINT('',(3.673349822807E1,2.050703465784E2,9.417586590014E1));
#12915=CARTESIAN_POINT('',(3.673850660311E1,2.049998525768E2,9.429693059394E1));
#12916=CARTESIAN_POINT('',(3.674540798419E1,2.048935578730E2,9.439721000584E1));
#12917=CARTESIAN_POINT('',(3.675347468525E1,2.047628187124E2,9.446235887546E1));
#12918=CARTESIAN_POINT('',(3.676169235694E1,2.046249975593E2,9.448666386080E1));
#12919=CARTESIAN_POINT('',(3.676939934946E1,2.044923951905E2,9.447396038924E1));
#12920=CARTESIAN_POINT('',(3.677370180812E1,2.044167640152E2,9.444609869023E1));
#12921=CARTESIAN_POINT('',(3.677567237806E1,2.043818584781E2,9.442870815344E1));
#12922=CARTESIAN_POINT('',(3.670974392928E1,2.050998022073E2,9.392840335322E1));
#12923=CARTESIAN_POINT('',(3.671080572498E1,2.051040237471E2,9.396717325486E1));
#12924=CARTESIAN_POINT('',(3.671311089001E1,2.051039635268E2,9.404779105133E1));
#12925=CARTESIAN_POINT('',(3.671722653680E1,2.050699596570E2,9.417666703246E1));
#12926=CARTESIAN_POINT('',(3.672163121019E1,2.049994381974E2,9.429766802152E1));
#12927=CARTESIAN_POINT('',(3.672600422198E1,2.048930548566E2,9.439791785993E1));
#12928=CARTESIAN_POINT('',(3.672982995913E1,2.047621747753E2,9.446308199236E1));
#12929=CARTESIAN_POINT('',(3.673272777842E1,2.046241819349E2,9.448744639754E1));
#12930=CARTESIAN_POINT('',(3.673463852895E1,2.044913967278E2,9.447483863545E1));
#12931=CARTESIAN_POINT('',(3.673525563936E1,2.044156520506E2,9.444705545982E1));
#12932=CARTESIAN_POINT('',(3.673544390026E1,2.043806923655E2,9.442970691966E1));
#12933=CARTESIAN_POINT('',(3.669577377274E1,2.051000859332E2,9.392969502346E1));
#12934=CARTESIAN_POINT('',(3.669773308554E1,2.051042390177E2,9.396841900114E1));
#12935=CARTESIAN_POINT('',(3.670166770273E1,2.051040476593E2,9.404893255634E1));
#12936=CARTESIAN_POINT('',(3.670739502074E1,2.050698943358E2,9.417762447013E1));
#12937=CARTESIAN_POINT('',(3.671210858165E1,2.049993106977E2,9.429845769798E1));
#12938=CARTESIAN_POINT('',(3.671516500546E1,2.048929683901E2,9.439860768620E1));
#12939=CARTESIAN_POINT('',(3.671603514573E1,2.047622117426E2,9.446378521243E1));
#12940=CARTESIAN_POINT('',(3.671472613668E1,2.046243732731E2,9.448827887225E1));
#12941=CARTESIAN_POINT('',(3.671163368737E1,2.044917289256E2,9.447588364342E1));
#12942=CARTESIAN_POINT('',(3.670880859913E1,2.044160494448E2,9.444826274551E1));
#12943=CARTESIAN_POINT('',(3.670726782107E1,2.043811154328E2,9.443099550426E1));
#12944=B_SPLINE_SURFACE_WITH_KNOTS('',3,3,((#12779,#12780,#12781,#12782,#12783,
#12784,#12785,#12786,#12787,#12788,#12789),(#12790,#12791,#12792,#12793,#12794,
#12795,#12796,#12797,#12798,#12799,#12800),(#12801,#12802,#12803,#12804,#12805,
#12806,#12807,#12808,#12809,#12810,#12811),(#12812,#12813,#12814,#12815,#12816,
#12817,#12818,#12819,#12820,#12821,#12822),(#12823,#12824,#12825,#12826,#12827,
#12828,#12829,#12830,#12831,#12832,#12833),(#12834,#12835,#12836,#12837,#12838,
#12839,#12840,#12841,#12842,#12843,#12844),(#12845,#12846,#12847,#12848,#12849,
#12850,#12851,#12852,#12853,#12854,#12855),(#12856,#12857,#12858,#12859,#12860,
#12861,#12862,#12863,#12864,#12865,#12866),(#12867,#12868,#12869,#12870,#12871,
#12872,#12873,#12874,#12875,#12876,#12877),(#12878,#12879,#12880,#12881,#12882,
#12883,#12884,#12885,#12886,#12887,#12888),(#12889,#12890,#12891,#12892,#12893,
#12894,#12895,#12896,#12897,#12898,#12899),(#12900,#12901,#12902,#12903,#12904,
#12905,#12906,#12907,#12908,#12909,#12910),(#12911,#12912,#12913,#12914,#12915,
#12916,#12917,#12918,#12919,#12920,#12921),(#12922,#12923,#12924,#12925,#12926,
#12927,#12928,#12929,#12930,#12931,#12932),(#12933,#12934,#12935,#12936,#12937,
#12938,#12939,#12940,#12941,#12942,#12943)),.UNSPECIFIED.,.F.,.F.,.F.,(4,1,1,1,
1,1,1,1,1,1,1,1,4),(4,1,1,1,1,1,1,1,4),(4.746653055589E-1,6.923489884811E-1,
7.972396210613E-1,8.496849373513E-1,9.021302536414E-1,1.007020886222E0,
1.111911518802E0,1.164356835092E0,1.190579493237E0,1.216802151382E0,
1.243024809527E0,1.269247467672E0,1.330146257847E0),(-1.163042598663E-2,1.25E-1,
2.5E-1,3.75E-1,5.E-1,6.25E-1,7.5E-1,8.75E-1,1.011623635595E0),.UNSPECIFIED.);
#12945=ORIENTED_EDGE('',*,*,#12768,.F.);
#12947=ORIENTED_EDGE('',*,*,#12946,.T.);
#12948=ORIENTED_EDGE('',*,*,#12408,.T.);
#12949=ORIENTED_EDGE('',*,*,#12741,.F.);
#12950=EDGE_LOOP('',(#12945,#12947,#12948,#12949));
#12951=FACE_OUTER_BOUND('',#12950,.F.);
#12952=ADVANCED_FACE('',(#12951),#12944,.T.);
#12953=CARTESIAN_POINT('',(3.720201520330E1,2.056507919748E2,9.439627518488E1));
#12954=CARTESIAN_POINT('',(3.720162084838E1,2.056386335437E2,9.442626984861E1));
#12955=CARTESIAN_POINT('',(3.720690849285E1,2.056143167833E2,9.448638417384E1));
#12956=CARTESIAN_POINT('',(3.723560202869E1,2.055775457561E2,9.457773096029E1));
#12957=CARTESIAN_POINT('',(3.728432246668E1,2.055433844377E2,9.466308283849E1));
#12958=CARTESIAN_POINT('',(3.735273067391E1,2.055132888475E2,9.473885566722E1));
#12959=CARTESIAN_POINT('',(3.743684329120E1,2.054894580342E2,9.479955097942E1));
#12960=CARTESIAN_POINT('',(3.753059028751E1,2.054732586128E2,9.484167367434E1));
#12961=CARTESIAN_POINT('',(3.763007613707E1,2.054647366151E2,9.486503236803E1));
#12962=CARTESIAN_POINT('',(3.769506131808E1,2.054642395839E2,9.486781866272E1));
#12963=CARTESIAN_POINT('',(3.772737237306E1,2.054651321850E2,9.486640264140E1));
#12964=CARTESIAN_POINT('',(3.720220845389E1,2.056376162112E2,9.438495144198E1));
#12965=CARTESIAN_POINT('',(3.720144187590E1,2.056254430406E2,9.441511941717E1));
#12966=CARTESIAN_POINT('',(3.720605185112E1,2.056009471376E2,9.447563307713E1));
#12967=CARTESIAN_POINT('',(3.723400439136E1,2.055633942205E2,9.456767621883E1));
#12968=CARTESIAN_POINT('',(3.728236050753E1,2.055279699063E2,9.465367428297E1));
#12969=CARTESIAN_POINT('',(3.735080109628E1,2.054961536639E2,9.472990468776E1));
#12970=CARTESIAN_POINT('',(3.743528813705E1,2.054702526412E2,9.479073323323E1));
#12971=CARTESIAN_POINT('',(3.752961882610E1,2.054517751100E2,9.483260359902E1));
#12972=CARTESIAN_POINT('',(3.762975860632E1,2.054408374399E2,9.485533790385E1));
#12973=CARTESIAN_POINT('',(3.769513003672E1,2.054387391812E2,9.485751800907E1));
#12974=CARTESIAN_POINT('',(3.772761179937E1,2.054388221736E2,9.485576291158E1));
#12975=CARTESIAN_POINT('',(3.720174690427E1,2.056129059366E2,9.436365473107E1));
#12976=CARTESIAN_POINT('',(3.720028585639E1,2.056006528999E2,9.439411454272E1));
#12977=CARTESIAN_POINT('',(3.720361411397E1,2.055756305710E2,9.445528113439E1));
#12978=CARTESIAN_POINT('',(3.723011269709E1,2.055361418134E2,9.454843048257E1));
#12979=CARTESIAN_POINT('',(3.727768688934E1,2.054978217569E2,9.463543457763E1));
#12980=CARTESIAN_POINT('',(3.734606605053E1,2.054623199820E2,9.471235532979E1));
#12981=CARTESIAN_POINT('',(3.743112226984E1,2.054322955865E2,9.477335421612E1));
#12982=CARTESIAN_POINT('',(3.752641392797E1,2.054096454894E2,9.481480168572E1));
#12983=CARTESIAN_POINT('',(3.762765019762E1,2.053947020446E2,9.483657631177E1));
#12984=CARTESIAN_POINT('',(3.769366896896E1,2.053902587761E2,9.483787840300E1));
#12985=CARTESIAN_POINT('',(3.772643499152E1,2.053892398703E2,9.483565086860E1));
#12986=CARTESIAN_POINT('',(3.719876600790E1,2.055764834358E2,9.433215308413E1));
#12987=CARTESIAN_POINT('',(3.719628726732E1,2.055643398356E2,9.436311934388E1));
#12988=CARTESIAN_POINT('',(3.719769641880E1,2.055390470543E2,9.442542950220E1));
#12989=CARTESIAN_POINT('',(3.722189636544E1,2.054975106817E2,9.452053711345E1));
#12990=CARTESIAN_POINT('',(3.726808362662E1,2.054556140526E2,9.460933660832E1));
#12991=CARTESIAN_POINT('',(3.733607874252E1,2.054151425382E2,9.468750294543E1));
#12992=CARTESIAN_POINT('',(3.742163745638E1,2.053791738503E2,9.474882689657E1));
#12993=CARTESIAN_POINT('',(3.751797261311E1,2.053501314537E2,9.478953751931E1));
#12994=CARTESIAN_POINT('',(3.762040966041E1,2.053286513074E2,9.480959826424E1));
#12995=CARTESIAN_POINT('',(3.768708967969E1,2.053200809943E2,9.480930365825E1));
#12996=CARTESIAN_POINT('',(3.772012329283E1,2.053170342466E2,9.480620482488E1));
#12997=CARTESIAN_POINT('',(3.719383482291E1,2.055417848990E2,9.430204658024E1));
#12998=CARTESIAN_POINT('',(3.719037444012E1,2.055297970725E2,9.433346442832E1));
#12999=CARTESIAN_POINT('',(3.718990144284E1,2.055043401504E2,9.439681991914E1));
#13000=CARTESIAN_POINT('',(3.721174509048E1,2.054609429203E2,9.449377889618E1));
#13001=CARTESIAN_POINT('',(3.725638282763E1,2.054156629135E2,9.458431489591E1));
#13002=CARTESIAN_POINT('',(3.732373705683E1,2.053704243499E2,9.466371255303E1));
#13003=CARTESIAN_POINT('',(3.740946755943E1,2.053287386606E2,9.472538689647E1));
#13004=CARTESIAN_POINT('',(3.750646548203E1,2.052935797535E2,9.476542296007E1));
#13005=CARTESIAN_POINT('',(3.760968708698E1,2.052659149440E2,9.478387295657E1));
#13006=CARTESIAN_POINT('',(3.767675002936E1,2.052535049273E2,9.478207811867E1));
#13007=CARTESIAN_POINT('',(3.770991221894E1,2.052485906893E2,9.477816383666E1));
#13008=CARTESIAN_POINT('',(3.718447297196E1,2.054958647710E2,9.426209556603E1));
#13009=CARTESIAN_POINT('',(3.717971928655E1,2.054842141635E2,9.429410678182E1));
#13010=CARTESIAN_POINT('',(3.717671772507E1,2.054587955638E2,9.435885737102E1));
#13011=CARTESIAN_POINT('',(3.719524390303E1,2.054132484535E2,9.445833956593E1));
#13012=CARTESIAN_POINT('',(3.723752299386E1,2.053636742951E2,9.455127386513E1));
#13013=CARTESIAN_POINT('',(3.730363774274E1,2.053121643839E2,9.463238883379E1));
#13014=CARTESIAN_POINT('',(3.738914931776E1,2.052628255996E2,9.469456294003E1));
#13015=CARTESIAN_POINT('',(3.748654301680E1,2.052194151204E2,9.473367731090E1));
#13016=CARTESIAN_POINT('',(3.759029002586E1,2.051833917787E2,9.474991656781E1));
#13017=CARTESIAN_POINT('',(3.765751771396E1,2.051658017766E2,9.474607068167E1));
#13018=CARTESIAN_POINT('',(3.769067860702E1,2.051583727366E2,9.474104510318E1));
#13019=CARTESIAN_POINT('',(3.716707355712E1,2.054379443197E2,9.421152598800E1));
#13020=CARTESIAN_POINT('',(3.716072107545E1,2.054269762577E2,9.424427373103E1));
#13021=CARTESIAN_POINT('',(3.715449072803E1,2.054020849192E2,9.431079021129E1));
#13022=CARTESIAN_POINT('',(3.716846431479E1,2.053543490517E2,9.441355296128E1));
#13023=CARTESIAN_POINT('',(3.720715471660E1,2.052995900055E2,9.450965464107E1));
#13024=CARTESIAN_POINT('',(3.727090228150E1,2.052400993519E2,9.459305376572E1));
#13025=CARTESIAN_POINT('',(3.735521226858E1,2.051808130033E2,9.465588577855E1));
#13026=CARTESIAN_POINT('',(3.745211357908E1,2.051266212448E2,9.469376003667E1));
#13027=CARTESIAN_POINT('',(3.755548666290E1,2.050797341406E2,9.470706755561E1));
#13028=CARTESIAN_POINT('',(3.762225052240E1,2.050554989188E2,9.470054038429E1));
#13029=CARTESIAN_POINT('',(3.765507905106E1,2.050448726709E2,9.469407481914E1));
#13030=CARTESIAN_POINT('',(3.714701543575E1,2.053930019412E2,9.417215757319E1));
#13031=CARTESIAN_POINT('',(3.713951550972E1,2.053829260015E2,9.420549787620E1));
#13032=CARTESIAN_POINT('',(3.713082707760E1,2.053590964913E2,9.427344143035E1));
#13033=CARTESIAN_POINT('',(3.714090880585E1,2.053103131037E2,9.437888432964E1));
#13034=CARTESIAN_POINT('',(3.717608818624E1,2.052517328332E2,9.447758154564E1));
#13035=CARTESIAN_POINT('',(3.723698031012E1,2.051857980396E2,9.456282031737E1));
#13036=CARTESIAN_POINT('',(3.731915902395E1,2.051182180024E2,9.462609577552E1));
#13037=CARTESIAN_POINT('',(3.741440737296E1,2.050549903108E2,9.466281235232E1));
#13038=CARTESIAN_POINT('',(3.751620868564E1,2.049991065659E2,9.467359007394E1));
#13039=CARTESIAN_POINT('',(3.758182819723E1,2.049695080695E2,9.466483970900E1));
#13040=CARTESIAN_POINT('',(3.761402616580E1,2.049563466130E2,9.465720332149E1));
#13041=CARTESIAN_POINT('',(3.713504118263E1,2.053704481452E2,9.415238458062E1));
#13042=CARTESIAN_POINT('',(3.712700698118E1,2.053609421987E2,9.418603875603E1));
#13043=CARTESIAN_POINT('',(3.711712455817E1,2.053378608207E2,9.425473019750E1));
#13044=CARTESIAN_POINT('',(3.712517068022E1,2.052887511824E2,9.436156379757E1));
#13045=CARTESIAN_POINT('',(3.715837621465E1,2.052282908790E2,9.446159481679E1));
#13046=CARTESIAN_POINT('',(3.721751719375E1,2.051589985984E2,9.454775439069E1));
#13047=CARTESIAN_POINT('',(3.729824390484E1,2.050870220270E2,9.461120296596E1));
#13048=CARTESIAN_POINT('',(3.739226149149E1,2.050189994482E2,9.464725179256E1));
#13049=CARTESIAN_POINT('',(3.749288323580E1,2.049583863374E2,9.465666279477E1));
#13050=CARTESIAN_POINT('',(3.755770237587E1,2.049260197832E2,9.464674807086E1));
#13051=CARTESIAN_POINT('',(3.758948025741E1,2.049115661911E2,9.463850710199E1));
#13052=B_SPLINE_SURFACE_WITH_KNOTS('',3,3,((#12953,#12954,#12955,#12956,#12957,
#12958,#12959,#12960,#12961,#12962,#12963),(#12964,#12965,#12966,#12967,#12968,
#12969,#12970,#12971,#12972,#12973,#12974),(#12975,#12976,#12977,#12978,#12979,
#12980,#12981,#12982,#12983,#12984,#12985),(#12986,#12987,#12988,#12989,#12990,
#12991,#12992,#12993,#12994,#12995,#12996),(#12997,#12998,#12999,#13000,#13001,
#13002,#13003,#13004,#13005,#13006,#13007),(#13008,#13009,#13010,#13011,#13012,
#13013,#13014,#13015,#13016,#13017,#13018),(#13019,#13020,#13021,#13022,#13023,
#13024,#13025,#13026,#13027,#13028,#13029),(#13030,#13031,#13032,#13033,#13034,
#13035,#13036,#13037,#13038,#13039,#13040),(#13041,#13042,#13043,#13044,#13045,
#13046,#13047,#13048,#13049,#13050,#13051)),.UNSPECIFIED.,.F.,.F.,.F.,(4,1,1,1,
1,1,4),(4,1,1,1,1,1,1,1,4),(-7.938840460191E-3,6.032096541510E-2,
1.206419308302E-1,1.809628962453E-1,2.412838616604E-1,3.619257924906E-1,
4.903992234414E-1),(-1.120015633020E-2,1.25E-1,2.5E-1,3.75E-1,5.E-1,6.25E-1,
7.5E-1,8.75E-1,1.011129839542E0),.UNSPECIFIED.);
#13053=ORIENTED_EDGE('',*,*,#12946,.F.);
#13054=ORIENTED_EDGE('',*,*,#12774,.F.);
#13056=ORIENTED_EDGE('',*,*,#13055,.T.);
#13057=ORIENTED_EDGE('',*,*,#12410,.T.);
#13058=EDGE_LOOP('',(#13053,#13054,#13056,#13057));
#13059=FACE_OUTER_BOUND('',#13058,.F.);
#13060=ADVANCED_FACE('',(#13059),#13052,.T.);
#13061=CARTESIAN_POINT('',(3.720206467268E1,2.055993872516E2,9.437332990455E1));
#13062=CARTESIAN_POINT('',(3.720154131327E1,2.055872382606E2,9.440338723338E1));
#13063=CARTESIAN_POINT('',(3.720659289365E1,2.055628481035E2,9.446363217607E1));
#13064=CARTESIAN_POINT('',(3.723502553316E1,2.055256852349E2,9.455516938613E1));
#13065=CARTESIAN_POINT('',(3.728361674925E1,2.054908898038E2,9.464066847442E1));
#13066=CARTESIAN_POINT('',(3.735203357062E1,2.054599569558E2,9.471650538215E1));
#13067=CARTESIAN_POINT('',(3.743627386295E1,2.054351657225E2,9.477715117809E1));
#13068=CARTESIAN_POINT('',(3.753022152841E1,2.054179746362E2,9.481910641339E1));
#13069=CARTESIAN_POINT('',(3.762993142908E1,2.054084844049E2,9.484219619146E1));
#13070=CARTESIAN_POINT('',(3.769504855618E1,2.054074123474E2,9.484476444723E1));
#13071=CARTESIAN_POINT('',(3.772741738106E1,2.054080336263E2,9.484323482332E1));
#13072=CARTESIAN_POINT('',(3.720206467287E1,2.056636779343E2,9.439952323629E1));
#13073=CARTESIAN_POINT('',(3.720154131187E1,2.056514597154E2,9.442955269099E1));
#13074=CARTESIAN_POINT('',(3.720659290778E1,2.056270029173E2,9.448977090127E1));
#13075=CARTESIAN_POINT('',(3.723502562765E1,2.055899285159E2,9.458134414813E1));
#13076=CARTESIAN_POINT('',(3.728361696600E1,2.055553686460E2,9.466693867843E1));
#13077=CARTESIAN_POINT('',(3.735203392570E1,2.055247713232E2,9.474291136957E1));
#13078=CARTESIAN_POINT('',(3.743627432765E1,2.055003474298E2,9.480370573299E1));
#13079=CARTESIAN_POINT('',(3.753022202465E1,2.054834830955E2,9.484579306268E1));
#13080=CARTESIAN_POINT('',(3.762993183834E1,2.054742246223E2,9.486897649816E1));
#13081=CARTESIAN_POINT('',(3.769504881095E1,2.054732067088E2,9.487156662446E1));
#13082=CARTESIAN_POINT('',(3.772741753084E1,2.054738249314E2,9.487003576490E1));
#13083=CARTESIAN_POINT('',(3.720206467257E1,2.057767184099E2,9.444493472814E1));
#13084=CARTESIAN_POINT('',(3.720154131402E1,2.057647732203E2,9.447507431445E1));
#13085=CARTESIAN_POINT('',(3.720659288601E1,2.057408240263E2,9.453549721662E1));
#13086=CARTESIAN_POINT('',(3.723502548859E1,2.057044166891E2,9.462733928771E1));
#13087=CARTESIAN_POINT('',(3.728361665082E1,2.056703959834E2,9.471315094506E1));
#13088=CARTESIAN_POINT('',(3.735203340454E1,2.056402075733E2,9.478928817048E1));
#13089=CARTESIAN_POINT('',(3.743627361766E1,2.056160566243E2,9.485019224007E1));
#13090=CARTESIAN_POINT('',(3.753022119308E1,2.055993417156E2,9.489233953223E1));
#13091=CARTESIAN_POINT('',(3.762993099101E1,2.055901376991E2,9.491554473644E1));
#13092=CARTESIAN_POINT('',(3.769504804374E1,2.055891111589E2,9.491813134568E1));
#13093=CARTESIAN_POINT('',(3.772741682959E1,2.055897196818E2,9.491659657862E1));
#13094=CARTESIAN_POINT('',(3.720206467268E1,2.059880627473E2,9.452755294125E1));
#13095=CARTESIAN_POINT('',(3.720154131328E1,2.059764316421E2,9.455781482213E1));
#13096=CARTESIAN_POINT('',(3.720659289347E1,2.059531245652E2,9.461848795169E1));
#13097=CARTESIAN_POINT('',(3.723502553694E1,2.059177259575E2,9.471072365010E1));
#13098=CARTESIAN_POINT('',(3.728361676139E1,2.058846740805E2,9.479691377886E1));
#13099=CARTESIAN_POINT('',(3.735203358902E1,2.058553670207E2,9.487339563216E1));
#13100=CARTESIAN_POINT('',(3.743627387143E1,2.058319380360E2,9.493458225340E1));
#13101=CARTESIAN_POINT('',(3.753022149383E1,2.058157350906E2,9.497693008337E1));
#13102=CARTESIAN_POINT('',(3.762993130272E1,2.058068216386E2,9.500024922028E1));
#13103=CARTESIAN_POINT('',(3.769504833147E1,2.058058320660E2,9.500285038497E1));
#13104=CARTESIAN_POINT('',(3.772741709640E1,2.058064232638E2,9.500130884977E1));
#13105=CARTESIAN_POINT('',(3.720206467260E1,2.063321908818E2,9.465743673444E1));
#13106=CARTESIAN_POINT('',(3.720154131384E1,2.063211422951E2,9.468791917758E1));
#13107=CARTESIAN_POINT('',(3.720659288786E1,2.062989918653E2,9.474902997544E1));
#13108=CARTESIAN_POINT('',(3.723502550190E1,2.062653219946E2,9.484191907538E1));
#13109=CARTESIAN_POINT('',(3.728361668303E1,2.062338617169E2,9.492871016591E1));
#13110=CARTESIAN_POINT('',(3.735203346119E1,2.062059473002E2,9.500571735137E1));
#13111=CARTESIAN_POINT('',(3.743627369986E1,2.061836171046E2,9.506731805814E1));
#13112=CARTESIAN_POINT('',(3.753022129656E1,2.061681634553E2,9.510994797107E1));
#13113=CARTESIAN_POINT('',(3.762993110721E1,2.061596547152E2,9.513341925709E1));
#13114=CARTESIAN_POINT('',(3.769504816018E1,2.061587061045E2,9.513603570662E1));
#13115=CARTESIAN_POINT('',(3.772741694382E1,2.061592688062E2,9.513448341004E1));
#13116=CARTESIAN_POINT('',(3.720206467262E1,2.068285879622E2,9.483150382430E1));
#13117=CARTESIAN_POINT('',(3.720154131366E1,2.068183375064E2,9.486226579682E1));
#13118=CARTESIAN_POINT('',(3.720659288960E1,2.067977896163E2,9.492393799907E1));
#13119=CARTESIAN_POINT('',(3.723502551384E1,2.067665620805E2,9.501768308715E1));
#13120=CARTESIAN_POINT('',(3.728361671128E1,2.067373889974E2,9.510527610082E1));
#13121=CARTESIAN_POINT('',(3.735203350983E1,2.067115082291E2,9.518299656554E1));
#13122=CARTESIAN_POINT('',(3.743627376900E1,2.066908081580E2,9.524516921551E1));
#13123=CARTESIAN_POINT('',(3.753022138167E1,2.066764850406E2,9.528819592609E1));
#13124=CARTESIAN_POINT('',(3.762993120011E1,2.066686004530E2,9.531188637683E1));
#13125=CARTESIAN_POINT('',(3.769504825073E1,2.066677223064E2,9.531452761961E1));
#13126=CARTESIAN_POINT('',(3.772741703107E1,2.066682440902E2,9.531296097564E1));
#13127=CARTESIAN_POINT('',(3.720206467261E1,2.074314958574E2,9.502179258999E1));
#13128=CARTESIAN_POINT('',(3.720154131376E1,2.074222269918E2,9.505286486146E1));
#13129=CARTESIAN_POINT('',(3.720659288861E1,2.074036445222E2,9.511515815947E1));
#13130=CARTESIAN_POINT('',(3.723502550771E1,2.073753979855E2,9.520984472460E1));
#13131=CARTESIAN_POINT('',(3.728361669761E1,2.073490050018E2,9.529831531976E1));
#13132=CARTESIAN_POINT('',(3.735203348753E1,2.073255866363E2,9.537681271097E1));
#13133=CARTESIAN_POINT('',(3.743627373903E1,2.073068529742E2,9.543960550556E1));
#13134=CARTESIAN_POINT('',(3.753022134709E1,2.072938882386E2,9.548306039743E1));
#13135=CARTESIAN_POINT('',(3.762993116555E1,2.072867498261E2,9.550698590438E1));
#13136=CARTESIAN_POINT('',(3.769504822009E1,2.072859539426E2,9.550965298191E1));
#13137=CARTESIAN_POINT('',(3.772741700350E1,2.072864259949E2,9.550807063845E1));
#13138=CARTESIAN_POINT('',(3.720206467262E1,2.080412315957E2,9.519325000464E1));
#13139=CARTESIAN_POINT('',(3.720154131367E1,2.080329487188E2,9.522459943567E1));
#13140=CARTESIAN_POINT('',(3.720659288957E1,2.080163434165E2,9.528744855286E1));
#13141=CARTESIAN_POINT('',(3.723502551290E1,2.079911034321E2,9.538298042495E1));
#13142=CARTESIAN_POINT('',(3.728361670812E1,2.079675206201E2,9.547224120077E1));
#13143=CARTESIAN_POINT('',(3.735203350307E1,2.079465964580E2,9.555143999890E1));
#13144=CARTESIAN_POINT('',(3.743627375777E1,2.079298586344E2,9.561479410912E1));
#13145=CARTESIAN_POINT('',(3.753022136603E1,2.079182755557E2,9.565863762349E1));
#13146=CARTESIAN_POINT('',(3.762993118092E1,2.079118981851E2,9.568277721995E1));
#13147=CARTESIAN_POINT('',(3.769504823026E1,2.079111873084E2,9.568546822629E1));
#13148=CARTESIAN_POINT('',(3.772741701026E1,2.079116090977E2,9.568387174976E1));
#13149=CARTESIAN_POINT('',(3.720206467266E1,2.086573808813E2,9.534564014199E1));
#13150=CARTESIAN_POINT('',(3.720154131341E1,2.086500961656E2,9.537723648319E1));
#13151=CARTESIAN_POINT('',(3.720659289215E1,2.086354916019E2,9.544058050380E1));
#13152=CARTESIAN_POINT('',(3.723502552757E1,2.086132918122E2,9.553686437547E1));
#13153=CARTESIAN_POINT('',(3.728361673872E1,2.085925488477E2,9.562682757498E1));
#13154=CARTESIAN_POINT('',(3.735203354895E1,2.085741437694E2,9.570664944101E1));
#13155=CARTESIAN_POINT('',(3.743627381257E1,2.085594205593E2,9.577050183105E1));
#13156=CARTESIAN_POINT('',(3.753022141812E1,2.085492313126E2,9.581469007650E1));
#13157=CARTESIAN_POINT('',(3.762993121470E1,2.085436211171E2,9.583901940978E1));
#13158=CARTESIAN_POINT('',(3.769504823996E1,2.085429956373E2,9.584173153474E1));
#13159=CARTESIAN_POINT('',(3.772741700448E1,2.085433666407E2,9.584012249805E1));
#13160=CARTESIAN_POINT('',(3.720206467266E1,2.091758560220E2,9.545654860079E1));
#13161=CARTESIAN_POINT('',(3.720154131342E1,2.091694089257E2,9.548832409854E1));
#13162=CARTESIAN_POINT('',(3.720659289212E1,2.091564844529E2,9.555202745909E1));
#13163=CARTESIAN_POINT('',(3.723502552484E1,2.091368406326E2,9.564885797531E1));
#13164=CARTESIAN_POINT('',(3.728361672972E1,2.091184876190E2,9.573933229021E1));
#13165=CARTESIAN_POINT('',(3.735203353104E1,2.091022045367E2,9.581960794931E1));
#13166=CARTESIAN_POINT('',(3.743627378662E1,2.090891799178E2,9.588382357434E1));
#13167=CARTESIAN_POINT('',(3.753022138985E1,2.090801669741E2,9.592826335780E1));
#13168=CARTESIAN_POINT('',(3.762993119423E1,2.090752049912E2,9.595273129641E1));
#13169=CARTESIAN_POINT('',(3.769504823333E1,2.090746520485E2,9.595545892543E1));
#13170=CARTESIAN_POINT('',(3.772741700723E1,2.090749802865E2,9.595384074001E1));
#13171=CARTESIAN_POINT('',(3.720206467271E1,2.095412186781E2,9.552563207803E1));
#13172=CARTESIAN_POINT('',(3.720154131307E1,2.095353659048E2,9.555752006011E1));
#13173=CARTESIAN_POINT('',(3.720659289567E1,2.095236314733E2,9.562144863719E1));
#13174=CARTESIAN_POINT('',(3.723502554856E1,2.095057927239E2,9.571862072335E1));
#13175=CARTESIAN_POINT('',(3.728361678380E1,2.094891232255E2,9.580941357200E1));
#13176=CARTESIAN_POINT('',(3.735203361836E1,2.094743313613E2,9.588997135029E1));
#13177=CARTESIAN_POINT('',(3.743627389751E1,2.094624976702E2,9.595441225785E1));
#13178=CARTESIAN_POINT('',(3.753022150088E1,2.094543074879E2,9.599900766082E1));
#13179=CARTESIAN_POINT('',(3.762993127056E1,2.094497975399E2,9.602356108901E1));
#13180=CARTESIAN_POINT('',(3.769504825870E1,2.094492945111E2,9.602629815912E1));
#13181=CARTESIAN_POINT('',(3.772741699910E1,2.094495926744E2,9.602467429050E1));
#13182=CARTESIAN_POINT('',(3.720206467264E1,2.097507030121E2,9.556265814836E1));
#13183=CARTESIAN_POINT('',(3.720154131355E1,2.097451847345E2,9.559460502834E1));
#13184=CARTESIAN_POINT('',(3.720659289088E1,2.097341232196E2,9.565865214577E1));
#13185=CARTESIAN_POINT('',(3.723502551535E1,2.097173134109E2,9.575600562731E1));
#13186=CARTESIAN_POINT('',(3.728361670681E1,2.097016102041E2,9.584696893861E1));
#13187=CARTESIAN_POINT('',(3.735203349250E1,2.096876797344E2,9.592767876986E1));
#13188=CARTESIAN_POINT('',(3.743627373617E1,2.096765382271E2,9.599224193791E1));
#13189=CARTESIAN_POINT('',(3.753022133824E1,2.096688293109E2,9.603692240218E1));
#13190=CARTESIAN_POINT('',(3.762993115816E1,2.096645858835E2,9.606152296931E1));
#13191=CARTESIAN_POINT('',(3.769504822122E1,2.096641133287E2,9.606426543588E1));
#13192=CARTESIAN_POINT('',(3.772741701101E1,2.096643941522E2,9.606263849643E1));
#13193=CARTESIAN_POINT('',(3.720206467302E1,2.099079202853E2,9.558915214755E1));
#13194=CARTESIAN_POINT('',(3.720154131086E1,2.099026775347E2,9.562114642699E1));
#13195=CARTESIAN_POINT('',(3.720659291803E1,2.098921582710E2,9.568528657643E1));
#13196=CARTESIAN_POINT('',(3.723502569467E1,2.098761461285E2,9.578277624127E1));
#13197=CARTESIAN_POINT('',(3.728361711316E1,2.098611668914E2,9.587386259093E1));
#13198=CARTESIAN_POINT('',(3.735203414545E1,2.098478612247E2,9.595467811399E1));
#13199=CARTESIAN_POINT('',(3.743627456239E1,2.098372059215E2,9.601932312033E1));
#13200=CARTESIAN_POINT('',(3.753022216335E1,2.098298236919E2,9.606405826739E1));
#13201=CARTESIAN_POINT('',(3.762993172442E1,2.098257534298E2,9.608868762306E1));
#13202=CARTESIAN_POINT('',(3.769504840956E1,2.098252968770E2,9.609143268750E1));
#13203=CARTESIAN_POINT('',(3.772741695119E1,2.098255650166E2,9.608980364228E1));
#13204=CARTESIAN_POINT('',(3.720206467715E1,2.100651458576E2,9.561438103569E1));
#13205=CARTESIAN_POINT('',(3.720154128142E1,2.100603006742E2,9.564644194122E1));
#13206=CARTESIAN_POINT('',(3.720659321728E1,2.100505198763E2,9.571070460224E1));
#13207=CARTESIAN_POINT('',(3.723502751535E1,2.100354765060E2,9.580835148673E1));
#13208=CARTESIAN_POINT('',(3.728362106585E1,2.100212790099E2,9.589956138692E1));
#13209=CARTESIAN_POINT('',(3.735204028440E1,2.100085653857E2,9.598046720229E1));
#13210=CARTESIAN_POINT('',(3.743628212594E1,2.099983050082E2,9.604516934574E1));
#13211=CARTESIAN_POINT('',(3.753022956684E1,2.099911394862E2,9.608993311866E1));
#13212=CARTESIAN_POINT('',(3.762993672783E1,2.099871497942E2,9.611457081332E1));
#13213=CARTESIAN_POINT('',(3.769505006385E1,2.099866831691E2,9.611731331069E1));
#13214=CARTESIAN_POINT('',(3.772741642539E1,2.099869388919E2,9.611568252327E1));
#13215=CARTESIAN_POINT('',(3.720206468103E1,2.101832773912E2,9.563232276916E1));
#13216=CARTESIAN_POINT('',(3.720154125380E1,2.101788413318E2,9.566445951033E1));
#13217=CARTESIAN_POINT('',(3.720659349605E1,2.101697760063E2,9.572885357011E1));
#13218=CARTESIAN_POINT('',(3.723502935820E1,2.101555451403E2,9.582664606161E1));
#13219=CARTESIAN_POINT('',(3.728362524375E1,2.101418857497E2,9.591794843755E1));
#13220=CARTESIAN_POINT('',(3.735204700011E1,2.101294673934E2,9.599890023747E1));
#13221=CARTESIAN_POINT('',(3.743629062581E1,2.101193017484E2,9.606361101479E1));
#13222=CARTESIAN_POINT('',(3.753023805683E1,2.101120994908E2,9.610836039102E1));
#13223=CARTESIAN_POINT('',(3.762994255507E1,2.101080186857E2,9.613297626638E1));
#13224=CARTESIAN_POINT('',(3.769505200216E1,2.101075059415E2,9.613570971825E1));
#13225=CARTESIAN_POINT('',(3.772741580980E1,2.101077536273E2,9.613407807497E1));
#13226=CARTESIAN_POINT('',(3.720206468985E1,2.102617582236E2,9.564391991015E1));
#13227=CARTESIAN_POINT('',(3.720154119094E1,2.102577215148E2,9.567612142192E1));
#13228=CARTESIAN_POINT('',(3.720659413582E1,2.102493518918E2,9.574062587964E1));
#13229=CARTESIAN_POINT('',(3.723503319081E1,2.102359030861E2,9.583853514474E1));
#13230=CARTESIAN_POINT('',(3.728363349213E1,2.102227531265E2,9.592990551052E1));
#13231=CARTESIAN_POINT('',(3.735205971810E1,2.102106045347E2,9.601088355258E1));
#13232=CARTESIAN_POINT('',(3.743630620290E1,2.102005133594E2,9.607558866346E1));
#13233=CARTESIAN_POINT('',(3.753025323467E1,2.101932607186E2,9.612031477192E1));
#13234=CARTESIAN_POINT('',(3.762995277572E1,2.101890819933E2,9.614490458466E1));
#13235=CARTESIAN_POINT('',(3.769505537662E1,2.101885232954E2,9.614762876492E1));
#13236=CARTESIAN_POINT('',(3.772741473708E1,2.101887640950E2,9.614599659750E1));
#13237=CARTESIAN_POINT('',(3.720206468636E1,2.103147448598E2,9.565146036404E1));
#13238=CARTESIAN_POINT('',(3.720154121598E1,2.103108924837E2,9.568371167742E1));
#13239=CARTESIAN_POINT('',(3.720659387597E1,2.103028109886E2,9.574829833401E1));
#13240=CARTESIAN_POINT('',(3.723503199713E1,2.102895860883E2,9.584628626275E1));
#13241=CARTESIAN_POINT('',(3.728363136795E1,2.102764730024E2,9.593769288549E1));
#13242=CARTESIAN_POINT('',(3.735205701798E1,2.102642147370E2,9.601867230552E1));
#13243=CARTESIAN_POINT('',(3.743630347181E1,2.102539247598E2,9.608335452221E1));
#13244=CARTESIAN_POINT('',(3.753025100994E1,2.102464535009E2,9.612804744346E1));
#13245=CARTESIAN_POINT('',(3.762995150854E1,2.102420970767E2,9.615260714945E1));
#13246=CARTESIAN_POINT('',(3.769505498834E1,2.102414879896E2,9.615532230580E1));
#13247=CARTESIAN_POINT('',(3.772741486174E1,2.102417276834E2,9.615369013261E1));
#13248=CARTESIAN_POINT('',(3.720206481672E1,2.104127693698E2,9.566751564730E1));
#13249=CARTESIAN_POINT('',(3.720154028519E1,2.104107966644E2,9.569985092205E1));
#13250=CARTESIAN_POINT('',(3.720660340595E1,2.104063024115E2,9.576460068518E1));
#13251=CARTESIAN_POINT('',(3.723508504330E1,2.103980578308E2,9.586282276906E1));
#13252=CARTESIAN_POINT('',(3.728374057597E1,2.103892221729E2,9.595443652719E1));
#13253=CARTESIAN_POINT('',(3.735221899599E1,2.103804543821E2,9.603558914406E1));
#13254=CARTESIAN_POINT('',(3.743649544629E1,2.103727269435E2,9.610040058785E1));
#13255=CARTESIAN_POINT('',(3.753043320249E1,2.103668732436E2,9.614517529969E1));
#13256=CARTESIAN_POINT('',(3.763007162279E1,2.103633160463E2,9.616977415661E1));
#13257=CARTESIAN_POINT('',(3.769509431003E1,2.103627707990E2,9.617249046631E1));
#13258=CARTESIAN_POINT('',(3.772740234788E1,2.103629604438E2,9.617085439978E1));
#13259=CARTESIAN_POINT('',(3.720206489795E1,2.104879080096E2,9.568130379659E1));
#13260=CARTESIAN_POINT('',(3.720153970484E1,2.104886399502E2,9.571369507617E1));
#13261=CARTESIAN_POINT('',(3.720660935975E1,2.104897362624E2,9.577861373145E1));
#13262=CARTESIAN_POINT('',(3.723511732846E1,2.104904386234E2,9.587724096002E1));
#13263=CARTESIAN_POINT('',(3.728380591906E1,2.104903315091E2,9.596935233064E1));
#13264=CARTESIAN_POINT('',(3.735231440049E1,2.104896226800E2,9.605104426578E1));
#13265=CARTESIAN_POINT('',(3.743660695088E1,2.104886001657E2,9.611636258692E1));
#13266=CARTESIAN_POINT('',(3.753053780586E1,2.104875939421E2,9.616154186457E1));
#13267=CARTESIAN_POINT('',(3.763013992863E1,2.104868832754E2,9.618639940185E1));
#13268=CARTESIAN_POINT('',(3.769511658607E1,2.104867887688E2,9.618916103075E1));
#13269=CARTESIAN_POINT('',(3.772739525516E1,2.104868684456E2,9.618751324548E1));
#13270=CARTESIAN_POINT('',(3.720206445211E1,2.105516305802E2,9.568783539986E1));
#13271=CARTESIAN_POINT('',(3.720154288802E1,2.105513567839E2,9.572029560851E1));
#13272=CARTESIAN_POINT('',(3.720657677417E1,2.105511836830E2,9.578540144184E1));
#13273=CARTESIAN_POINT('',(3.723493553808E1,2.105519194015E2,9.588444196759E1));
#13274=CARTESIAN_POINT('',(3.728343111060E1,2.105534233428E2,9.597704516238E1));
#13275=CARTESIAN_POINT('',(3.735175772759E1,2.105554490213E2,9.605926428994E1));
#13276=CARTESIAN_POINT('',(3.743594638863E1,2.105576315351E2,9.612507902202E1));
#13277=CARTESIAN_POINT('',(3.752991026103E1,2.105595850149E2,9.617065927286E1));
#13278=CARTESIAN_POINT('',(3.762972584566E1,2.105610270651E2,9.619577958586E1));
#13279=CARTESIAN_POINT('',(3.769498097591E1,2.105614493762E2,9.619859260139E1));
#13280=CARTESIAN_POINT('',(3.772743841004E1,2.105615017718E2,9.619693620140E1));
#13281=B_SPLINE_SURFACE_WITH_KNOTS('',3,3,((#13061,#13062,#13063,#13064,#13065,
#13066,#13067,#13068,#13069,#13070,#13071),(#13072,#13073,#13074,#13075,#13076,
#13077,#13078,#13079,#13080,#13081,#13082),(#13083,#13084,#13085,#13086,#13087,
#13088,#13089,#13090,#13091,#13092,#13093),(#13094,#13095,#13096,#13097,#13098,
#13099,#13100,#13101,#13102,#13103,#13104),(#13105,#13106,#13107,#13108,#13109,
#13110,#13111,#13112,#13113,#13114,#13115),(#13116,#13117,#13118,#13119,#13120,
#13121,#13122,#13123,#13124,#13125,#13126),(#13127,#13128,#13129,#13130,#13131,
#13132,#13133,#13134,#13135,#13136,#13137),(#13138,#13139,#13140,#13141,#13142,
#13143,#13144,#13145,#13146,#13147,#13148),(#13149,#13150,#13151,#13152,#13153,
#13154,#13155,#13156,#13157,#13158,#13159),(#13160,#13161,#13162,#13163,#13164,
#13165,#13166,#13167,#13168,#13169,#13170),(#13171,#13172,#13173,#13174,#13175,
#13176,#13177,#13178,#13179,#13180,#13181),(#13182,#13183,#13184,#13185,#13186,
#13187,#13188,#13189,#13190,#13191,#13192),(#13193,#13194,#13195,#13196,#13197,
#13198,#13199,#13200,#13201,#13202,#13203),(#13204,#13205,#13206,#13207,#13208,
#13209,#13210,#13211,#13212,#13213,#13214),(#13215,#13216,#13217,#13218,#13219,
#13220,#13221,#13222,#13223,#13224,#13225),(#13226,#13227,#13228,#13229,#13230,
#13231,#13232,#13233,#13234,#13235,#13236),(#13237,#13238,#13239,#13240,#13241,
#13242,#13243,#13244,#13245,#13246,#13247),(#13248,#13249,#13250,#13251,#13252,
#13253,#13254,#13255,#13256,#13257,#13258),(#13259,#13260,#13261,#13262,#13263,
#13264,#13265,#13266,#13267,#13268,#13269),(#13270,#13271,#13272,#13273,#13274,
#13275,#13276,#13277,#13278,#13279,#13280)),.UNSPECIFIED.,.F.,.F.,.F.,(4,1,1,1,
1,1,1,1,1,1,1,1,1,1,1,1,1,4),(4,1,1,1,1,1,1,1,4),(-5.176540361962E-2,
1.615776644597E-1,3.231553289195E-1,6.463106578389E-1,1.292621315678E0,
1.938931973517E0,2.585242631356E0,3.231553289195E0,3.877863947034E0,
4.201019275953E0,4.362596940413E0,4.524174604873E0,4.685752269332E0,
4.847329933792E0,4.887724349907E0,4.928118766022E0,5.008907598252E0,
5.214113408323E0),(-1.118566030923E-2,1.25E-1,2.5E-1,3.75E-1,5.E-1,6.25E-1,
7.5E-1,8.75E-1,1.011125051246E0),.UNSPECIFIED.);
#13282=ORIENTED_EDGE('',*,*,#12412,.F.);
#13283=ORIENTED_EDGE('',*,*,#13055,.F.);
#13285=ORIENTED_EDGE('',*,*,#13284,.T.);
#13287=ORIENTED_EDGE('',*,*,#13286,.F.);
#13288=EDGE_LOOP('',(#13282,#13283,#13285,#13287));
#13289=FACE_OUTER_BOUND('',#13288,.F.);
#13290=ADVANCED_FACE('',(#13289),#13281,.F.);
#13291=CARTESIAN_POINT('',(3.720200000001E1,2.266441781020E2,1.674135878118E1));
#13292=DIRECTION('',(-1.E0,0.E0,0.E0));
#13293=DIRECTION('',(0.E0,-1.E0,0.E0));
#13294=AXIS2_PLACEMENT_3D('',#13291,#13292,#13293);
#13295=PLANE('',#13294);
#13297=ORIENTED_EDGE('',*,*,#13296,.F.);
#13299=ORIENTED_EDGE('',*,*,#13298,.T.);
#13301=ORIENTED_EDGE('',*,*,#13300,.F.);
#13302=ORIENTED_EDGE('',*,*,#13284,.F.);
#13303=ORIENTED_EDGE('',*,*,#12772,.F.);
#13304=ORIENTED_EDGE('',*,*,#9502,.T.);
#13306=ORIENTED_EDGE('',*,*,#13305,.T.);
#13307=ORIENTED_EDGE('',*,*,#11559,.F.);
#13309=ORIENTED_EDGE('',*,*,#13308,.F.);
#13310=EDGE_LOOP('',(#13297,#13299,#13301,#13302,#13303,#13304,#13306,#13307,
#13309));
#13311=FACE_OUTER_BOUND('',#13310,.F.);
#13312=ADVANCED_FACE('',(#13311),#13295,.T.);
#13313=CARTESIAN_POINT('',(3.770200000001E1,2.166E2,9.470811295021E1));
#13314=DIRECTION('',(0.E0,0.E0,-1.E0));
#13315=DIRECTION('',(0.E0,1.E0,0.E0));
#13316=AXIS2_PLACEMENT_3D('',#13313,#13314,#13315);
#13317=CYLINDRICAL_SURFACE('',#13316,5.E-1);
#13318=ORIENTED_EDGE('',*,*,#13296,.T.);
#13320=ORIENTED_EDGE('',*,*,#13319,.T.);
#13321=ORIENTED_EDGE('',*,*,#11595,.F.);
#13323=ORIENTED_EDGE('',*,*,#13322,.F.);
#13324=EDGE_LOOP('',(#13318,#13320,#13321,#13323));
#13325=FACE_OUTER_BOUND('',#13324,.F.);
#13326=ADVANCED_FACE('',(#13325),#13317,.T.);
#13327=CARTESIAN_POINT('',(2.013720100662E1,-2.06E1,9.480372409013E1));
#13328=DIRECTION('',(-3.489949670264E-2,0.E0,-9.993908270191E-1));
#13329=DIRECTION('',(-9.993908270191E-1,0.E0,3.489949670264E-2));
#13330=AXIS2_PLACEMENT_3D('',#13327,#13328,#13329);
#13331=PLANE('',#13330);
#13332=ORIENTED_EDGE('',*,*,#11597,.F.);
#13333=ORIENTED_EDGE('',*,*,#13319,.F.);
#13334=ORIENTED_EDGE('',*,*,#13308,.T.);
#13335=ORIENTED_EDGE('',*,*,#11557,.F.);
#13337=ORIENTED_EDGE('',*,*,#13336,.F.);
#13338=EDGE_LOOP('',(#13332,#13333,#13334,#13335,#13337));
#13339=FACE_OUTER_BOUND('',#13338,.F.);
#13340=ADVANCED_FACE('',(#13339),#13331,.T.);
#13341=CARTESIAN_POINT('',(3.954300000001E1,2.236393920142E2,4.950250574417E1));
#13342=DIRECTION('',(1.E0,0.E0,0.E0));
#13343=DIRECTION('',(0.E0,1.E0,0.E0));
#13344=AXIS2_PLACEMENT_3D('',#13341,#13342,#13343);
#13345=PLANE('',#13344);
#13346=ORIENTED_EDGE('',*,*,#11599,.F.);
#13347=ORIENTED_EDGE('',*,*,#13336,.T.);
#13348=ORIENTED_EDGE('',*,*,#11555,.F.);
#13350=ORIENTED_EDGE('',*,*,#13349,.F.);
#13351=EDGE_LOOP('',(#13346,#13347,#13348,#13350));
#13352=FACE_OUTER_BOUND('',#13351,.F.);
#13353=ADVANCED_FACE('',(#13352),#13345,.F.);
#13354=CARTESIAN_POINT('',(4.220200000001E1,2.2605E2,8.650250574417E1));
#13355=DIRECTION('',(0.E0,0.E0,-1.E0));
#13356=DIRECTION('',(1.E0,0.E0,0.E0));
#13357=AXIS2_PLACEMENT_3D('',#13354,#13355,#13356);
#13358=PLANE('',#13357);
#13359=ORIENTED_EDGE('',*,*,#11601,.T.);
#13360=ORIENTED_EDGE('',*,*,#13349,.T.);
#13361=ORIENTED_EDGE('',*,*,#11553,.T.);
#13362=ORIENTED_EDGE('',*,*,#11582,.T.);
#13363=EDGE_LOOP('',(#13359,#13360,#13361,#13362));
#13364=FACE_OUTER_BOUND('',#13363,.F.);
#13365=ADVANCED_FACE('',(#13364),#13358,.T.);
#13366=CARTESIAN_POINT('',(3.770200000001E1,2.166E2,9.498372431567E1));
#13367=DIRECTION('',(-5.371739378679E-1,8.233624914345E-1,1.830802233293E-1));
#13368=DIRECTION('',(8.375182442993E-1,5.464093616199E-1,0.E0));
#13369=AXIS2_PLACEMENT_3D('',#13366,#13367,#13368);
#13370=SPHERICAL_SURFACE('',#13369,5.E-1);
#13372=ORIENTED_EDGE('',*,*,#13371,.T.);
#13374=ORIENTED_EDGE('',*,*,#13373,.T.);
#13375=ORIENTED_EDGE('',*,*,#13322,.T.);
#13376=ORIENTED_EDGE('',*,*,#11626,.T.);
#13378=ORIENTED_EDGE('',*,*,#13377,.F.);
#13379=EDGE_LOOP('',(#13372,#13374,#13375,#13376,#13378));
#13380=FACE_OUTER_BOUND('',#13379,.F.);
#13381=ADVANCED_FACE('',(#13380),#13370,.T.);
#13382=CARTESIAN_POINT('',(3.770200000001E1,2.166E2,9.498372431567E1));
#13383=DIRECTION('',(-5.371739378679E-1,8.233624914345E-1,1.830802233293E-1));
#13384=DIRECTION('',(8.375182442993E-1,5.464093616199E-1,0.E0));
#13385=AXIS2_PLACEMENT_3D('',#13382,#13383,#13384);
#13386=SPHERICAL_SURFACE('',#13385,5.E-1);
#13387=ORIENTED_EDGE('',*,*,#11624,.T.);
#13389=ORIENTED_EDGE('',*,*,#13388,.T.);
#13390=ORIENTED_EDGE('',*,*,#13371,.F.);
#13391=ORIENTED_EDGE('',*,*,#13377,.T.);
#13392=EDGE_LOOP('',(#13387,#13389,#13390,#13391));
#13393=FACE_OUTER_BOUND('',#13392,.F.);
#13394=ADVANCED_FACE('',(#13393),#13386,.T.);
#13395=CARTESIAN_POINT('',(3.770200000001E1,2.162375009779E2,9.534644429700E1));
#13396=DIRECTION('',(0.E0,-7.068913075832E-1,7.073221891496E-1));
#13397=DIRECTION('',(0.E0,-7.073221891496E-1,-7.068913075832E-1));
#13398=AXIS2_PLACEMENT_3D('',#13395,#13396,#13397);
#13399=CYLINDRICAL_SURFACE('',#13398,5.E-1);
#13401=ORIENTED_EDGE('',*,*,#13400,.T.);
#13402=ORIENTED_EDGE('',*,*,#13298,.F.);
#13403=ORIENTED_EDGE('',*,*,#13373,.F.);
#13404=ORIENTED_EDGE('',*,*,#13388,.F.);
#13406=ORIENTED_EDGE('',*,*,#13405,.T.);
#13408=ORIENTED_EDGE('',*,*,#13407,.T.);
#13409=EDGE_LOOP('',(#13401,#13402,#13403,#13404,#13406,#13408));
#13410=FACE_OUTER_BOUND('',#13409,.F.);
#13411=ADVANCED_FACE('',(#13410),#13399,.T.);
#13412=CARTESIAN_POINT('',(3.770200000001E1,2.158928932188E2,9.569126210976E1));
#13413=DIRECTION('',(-3.879535137862E-1,4.094514372045E-1,8.257369991178E-1));
#13414=DIRECTION('',(0.E0,8.959052463593E-1,-4.442451907966E-1));
#13415=AXIS2_PLACEMENT_3D('',#13412,#13413,#13414);
#13416=SPHERICAL_SURFACE('',#13415,5.E-1);
#13417=ORIENTED_EDGE('',*,*,#13400,.F.);
#13419=ORIENTED_EDGE('',*,*,#13418,.F.);
#13421=ORIENTED_EDGE('',*,*,#13420,.T.);
#13423=ORIENTED_EDGE('',*,*,#13422,.F.);
#13424=EDGE_LOOP('',(#13417,#13419,#13421,#13423));
#13425=FACE_OUTER_BOUND('',#13424,.F.);
#13426=ADVANCED_FACE('',(#13425),#13416,.T.);
#13427=CARTESIAN_POINT('',(3.770200000001E1,2.158928932188E2,9.569126210976E1));
#13428=DIRECTION('',(-3.879535137862E-1,4.094514372045E-1,8.257369991178E-1));
#13429=DIRECTION('',(0.E0,8.959052463593E-1,-4.442451907966E-1));
#13430=AXIS2_PLACEMENT_3D('',#13427,#13428,#13429);
#13431=SPHERICAL_SURFACE('',#13430,5.E-1);
#13432=ORIENTED_EDGE('',*,*,#13420,.F.);
#13433=ORIENTED_EDGE('',*,*,#13418,.T.);
#13434=ORIENTED_EDGE('',*,*,#13407,.F.);
#13436=ORIENTED_EDGE('',*,*,#13435,.F.);
#13438=ORIENTED_EDGE('',*,*,#13437,.F.);
#13439=EDGE_LOOP('',(#13432,#13433,#13434,#13436,#13438));
#13440=FACE_OUTER_BOUND('',#13439,.F.);
#13441=ADVANCED_FACE('',(#13440),#13431,.T.);
#13442=CARTESIAN_POINT('',(4.496464806071E1,2.158928932188E2,9.543764485093E1));
#13443=DIRECTION('',(-9.993908270191E-1,0.E0,3.489949670264E-2));
#13444=DIRECTION('',(3.489949670264E-2,0.E0,9.993908270191E-1));
#13445=AXIS2_PLACEMENT_3D('',#13442,#13443,#13444);
#13446=CYLINDRICAL_SURFACE('',#13445,5.E-1);
#13448=ORIENTED_EDGE('',*,*,#13447,.T.);
#13449=ORIENTED_EDGE('',*,*,#12098,.F.);
#13450=ORIENTED_EDGE('',*,*,#12122,.F.);
#13451=ORIENTED_EDGE('',*,*,#13435,.T.);
#13453=ORIENTED_EDGE('',*,*,#13452,.T.);
#13454=EDGE_LOOP('',(#13448,#13449,#13450,#13451,#13453));
#13455=FACE_OUTER_BOUND('',#13454,.F.);
#13456=ADVANCED_FACE('',(#13455),#13446,.T.);
#13457=CARTESIAN_POINT('',(5.216115729817E1,2.169612971661E2,9.482474741197E1));
#13458=CARTESIAN_POINT('',(5.221678062541E1,2.169662414984E2,9.481900986261E1));
#13459=CARTESIAN_POINT('',(5.233306700507E1,2.169631270905E2,9.479348165948E1));
#13460=CARTESIAN_POINT('',(5.249449740443E1,2.169094230562E2,9.470836067862E1));
#13461=CARTESIAN_POINT('',(5.260866237077E1,2.168137149333E2,9.459008139263E1));
#13462=CARTESIAN_POINT('',(5.264119979685E1,2.167361556711E2,9.450578194172E1));
#13463=CARTESIAN_POINT('',(5.264777464678E1,2.166975007254E2,9.446562453187E1));
#13464=CARTESIAN_POINT('',(5.216409230370E1,2.169459638069E2,9.483998762487E1));
#13465=CARTESIAN_POINT('',(5.221971563088E1,2.169509081395E2,9.483425007520E1));
#13466=CARTESIAN_POINT('',(5.233600201034E1,2.169477937326E2,9.480872187106E1));
#13467=CARTESIAN_POINT('',(5.249743240932E1,2.168940897003E2,9.472360088824E1));
#13468=CARTESIAN_POINT('',(5.261159737541E1,2.167983815788E2,9.460532160092E1));
#13469=CARTESIAN_POINT('',(5.264413480151E1,2.167208223164E2,9.452102215012E1));
#13470=CARTESIAN_POINT('',(5.265070965150E1,2.166821673704E2,9.448086474062E1));
#13471=CARTESIAN_POINT('',(5.217742032059E1,2.168763342037E2,9.490919424578E1));
#13472=CARTESIAN_POINT('',(5.223304364710E1,2.168812785397E2,9.490345669277E1));
#13473=CARTESIAN_POINT('',(5.234933002441E1,2.168781641439E2,9.487792847754E1));
#13474=CARTESIAN_POINT('',(5.251076041922E1,2.168244601334E2,9.479280747306E1));
#13475=CARTESIAN_POINT('',(5.262492538252E1,2.167287520266E2,9.467452817106E1));
#13476=CARTESIAN_POINT('',(5.265746280887E1,2.166511927631E2,9.459022872151E1));
#13477=CARTESIAN_POINT('',(5.266403765961E1,2.166125378131E2,9.455007131589E1));
#13478=CARTESIAN_POINT('',(5.220114007654E1,2.167524150034E2,9.503236066822E1));
#13479=CARTESIAN_POINT('',(5.225676339709E1,2.167573593696E2,9.502662308516E1));
#13480=CARTESIAN_POINT('',(5.237304975504E1,2.167542450737E2,9.500109477048E1));
#13481=CARTESIAN_POINT('',(5.253448011252E1,2.167005412580E2,9.491597357189E1));
#13482=CARTESIAN_POINT('',(5.264864505075E1,2.166048332837E2,9.479769413827E1));
#13483=CARTESIAN_POINT('',(5.268118247937E1,2.165272740093E2,9.471339469992E1));
#13484=CARTESIAN_POINT('',(5.268775733673E1,2.164886190247E2,9.467323732899E1));
#13485=CARTESIAN_POINT('',(5.223232757139E1,2.165894820702E2,9.519430382492E1));
#13486=CARTESIAN_POINT('',(5.228795091299E1,2.165944263307E2,9.518856634682E1));
#13487=CARTESIAN_POINT('',(5.240423735216E1,2.165913116168E2,9.516303844875E1));
#13488=CARTESIAN_POINT('',(5.256566788568E1,2.165376068822E2,9.507791816543E1));
#13489=CARTESIAN_POINT('',(5.267983295547E1,2.164418982131E2,9.495963942208E1));
#13490=CARTESIAN_POINT('',(5.271237038711E1,2.163643389185E2,9.487534000214E1));
#13491=CARTESIAN_POINT('',(5.271894522009E1,2.163256840614E2,9.483518250326E1));
#13492=CARTESIAN_POINT('',(5.226347733463E1,2.164267462565E2,9.535605105965E1));
#13493=CARTESIAN_POINT('',(5.231910068860E1,2.164316904363E2,9.535031366206E1));
#13494=CARTESIAN_POINT('',(5.243538697983E1,2.164285764716E2,9.532478501509E1));
#13495=CARTESIAN_POINT('',(5.259681694375E1,2.163748747100E2,9.523966176974E1));
#13496=CARTESIAN_POINT('',(5.271098143484E1,2.162791690924E2,9.512137999440E1));
#13497=CARTESIAN_POINT('',(5.274351869992E1,2.162016106844E2,9.503707969944E1));
#13498=CARTESIAN_POINT('',(5.275009353299E1,2.161629558262E2,9.499692220607E1));
#13499=CARTESIAN_POINT('',(5.228683345929E1,2.163047267808E2,9.547732929777E1));
#13500=CARTESIAN_POINT('',(5.234245677272E1,2.163096712174E2,9.547159164414E1));
#13501=CARTESIAN_POINT('',(5.245874346794E1,2.163065552081E2,9.544606504098E1));
#13502=CARTESIAN_POINT('',(5.262017502054E1,2.162528451545E2,9.536095005709E1));
#13503=CARTESIAN_POINT('',(5.273434113717E1,2.161571309658E2,9.524267679818E1));
#13504=CARTESIAN_POINT('',(5.276687887855E1,2.160795700232E2,9.515837900492E1));
#13505=CARTESIAN_POINT('',(5.277345371727E1,2.160409151375E2,9.511822152684E1));
#13506=CARTESIAN_POINT('',(5.230240910244E1,2.162233548934E2,9.555820687145E1));
#13507=CARTESIAN_POINT('',(5.235803243479E1,2.162282991489E2,9.555246939935E1));
#13508=CARTESIAN_POINT('',(5.247431854646E1,2.162251860671E2,9.552693986528E1));
#13509=CARTESIAN_POINT('',(5.263574799742E1,2.161714869771E2,9.544181394816E1));
#13510=CARTESIAN_POINT('',(5.274991202837E1,2.160757838265E2,9.532352972294E1));
#13511=CARTESIAN_POINT('',(5.278244920193E1,2.159982259343E2,9.523922892983E1));
#13512=CARTESIAN_POINT('',(5.278902406184E1,2.159595709341E2,9.519907158742E1));
#13513=CARTESIAN_POINT('',(5.230889252626E1,2.161894835757E2,9.559187242888E1));
#13514=CARTESIAN_POINT('',(5.236451575079E1,2.161944281443E2,9.558613465032E1));
#13515=CARTESIAN_POINT('',(5.248080283507E1,2.161913096067E2,9.556061047507E1));
#13516=CARTESIAN_POINT('',(5.264223613891E1,2.161375903165E2,9.547550452558E1));
#13517=CARTESIAN_POINT('',(5.275640411072E1,2.160418669828E2,9.535724037458E1));
#13518=CARTESIAN_POINT('',(5.278894237680E1,2.159643036296E2,9.527294510664E1));
#13519=CARTESIAN_POINT('',(5.279551717897E1,2.159256489199E2,9.523278754216E1));
#13520=CARTESIAN_POINT('',(5.231409421160E1,2.161623083526E2,9.561888256957E1));
#13521=CARTESIAN_POINT('',(5.236971754514E1,2.161672522839E2,9.561314542565E1));
#13522=CARTESIAN_POINT('',(5.248600247055E1,2.161641449289E2,9.558761011813E1));
#13523=CARTESIAN_POINT('',(5.264742782271E1,2.161104671813E2,9.550246284819E1));
#13524=CARTESIAN_POINT('',(5.276158784533E1,2.160147855095E2,9.538415729253E1));
#13525=CARTESIAN_POINT('',(5.279412394527E1,2.159372335473E2,9.529985072926E1));
#13526=CARTESIAN_POINT('',(5.280069884585E1,2.158985783201E2,9.525969369713E1));
#13527=CARTESIAN_POINT('',(5.231861943402E1,2.161386675022E2,9.564237980523E1));
#13528=CARTESIAN_POINT('',(5.237424215922E1,2.161436137476E2,9.563664037745E1));
#13529=CARTESIAN_POINT('',(5.249053452636E1,2.161404662122E2,9.561114478663E1));
#13530=CARTESIAN_POINT('',(5.265198836094E1,2.160866393828E2,9.552614531417E1));
#13531=CARTESIAN_POINT('',(5.276617721115E1,2.159908084672E2,9.540798814274E1));
#13532=CARTESIAN_POINT('',(5.279872124351E1,2.159132159024E2,9.532372227117E1));
#13533=CARTESIAN_POINT('',(5.280529575499E1,2.158745626700E2,9.528356348671E1));
#13534=CARTESIAN_POINT('',(5.232208911821E1,2.161205395439E2,9.566039765122E1));
#13535=CARTESIAN_POINT('',(5.237771467723E1,2.161254736424E2,9.565467024700E1));
#13536=CARTESIAN_POINT('',(5.249396724465E1,2.161225380771E2,9.562896464559E1));
#13537=CARTESIAN_POINT('',(5.265527068647E1,2.160694979534E2,9.554318440845E1));
#13538=CARTESIAN_POINT('',(5.276930793701E1,2.159744550229E2,9.542424389700E1));
#13539=CARTESIAN_POINT('',(5.280181038941E1,2.158970771599E2,9.533976359620E1));
#13540=CARTESIAN_POINT('',(5.280838689545E1,2.158584136217E2,9.529961434602E1));
#13541=CARTESIAN_POINT('',(5.232416099817E1,2.161097146115E2,9.567115683306E1));
#13542=CARTESIAN_POINT('',(5.237978846329E1,2.161146424242E2,9.566543560737E1));
#13543=CARTESIAN_POINT('',(5.249602140507E1,2.161118148893E2,9.563962356959E1));
#13544=CARTESIAN_POINT('',(5.265724833693E1,2.160591755306E2,9.555344661542E1));
#13545=CARTESIAN_POINT('',(5.277120770764E1,2.159645335154E2,9.543410742031E1));
#13546=CARTESIAN_POINT('',(5.280368863314E1,2.158872644908E2,9.534951751338E1));
#13547=CARTESIAN_POINT('',(5.281026622703E1,2.158485954336E2,9.530937277027E1));
#13548=B_SPLINE_SURFACE_WITH_KNOTS('',3,3,((#13457,#13458,#13459,#13460,#13461,
#13462,#13463),(#13464,#13465,#13466,#13467,#13468,#13469,#13470),(#13471,
#13472,#13473,#13474,#13475,#13476,#13477),(#13478,#13479,#13480,#13481,#13482,
#13483,#13484),(#13485,#13486,#13487,#13488,#13489,#13490,#13491),(#13492,
#13493,#13494,#13495,#13496,#13497,#13498),(#13499,#13500,#13501,#13502,#13503,
#13504,#13505),(#13506,#13507,#13508,#13509,#13510,#13511,#13512),(#13513,
#13514,#13515,#13516,#13517,#13518,#13519),(#13520,#13521,#13522,#13523,#13524,
#13525,#13526),(#13527,#13528,#13529,#13530,#13531,#13532,#13533),(#13534,
#13535,#13536,#13537,#13538,#13539,#13540),(#13541,#13542,#13543,#13544,#13545,
#13546,#13547)),.UNSPECIFIED.,.F.,.F.,.F.,(4,1,1,1,1,1,1,1,1,1,4),(4,1,1,1,4),(
-3.375138945148E2,-3.374484425475E2,-3.372166712713E2,-3.369848999951E2,
-3.367531287189E2,-3.365213574427E2,-3.364634146236E2,-3.364054718045E2,
-3.363765003950E2,-3.363475289855E2,-3.363035867118E2),(-1.091299314928E-2,
2.5E-1,5.E-1,7.5E-1,1.010851966591E0),.UNSPECIFIED.);
#13550=ORIENTED_EDGE('',*,*,#13549,.F.);
#13551=ORIENTED_EDGE('',*,*,#11644,.F.);
#13552=ORIENTED_EDGE('',*,*,#11658,.F.);
#13553=ORIENTED_EDGE('',*,*,#11689,.T.);
#13554=ORIENTED_EDGE('',*,*,#12100,.T.);
#13555=ORIENTED_EDGE('',*,*,#13447,.F.);
#13556=EDGE_LOOP('',(#13550,#13551,#13552,#13553,#13554,#13555));
#13557=FACE_OUTER_BOUND('',#13556,.F.);
#13558=ADVANCED_FACE('',(#13557),#13548,.T.);
#13559=CARTESIAN_POINT('',(4.490550501056E1,2.166E2,9.543971017176E1));
#13560=DIRECTION('',(-2.467767077843E-2,-7.071067811866E-1,-7.066760308408E-1));
#13561=DIRECTION('',(-2.467767077842E-2,7.071067811865E-1,-7.066760308408E-1));
#13562=AXIS2_PLACEMENT_3D('',#13559,#13560,#13561);
#13563=PLANE('',#13562);
#13564=ORIENTED_EDGE('',*,*,#13549,.T.);
#13565=ORIENTED_EDGE('',*,*,#13452,.F.);
#13566=ORIENTED_EDGE('',*,*,#13405,.F.);
#13567=ORIENTED_EDGE('',*,*,#11622,.T.);
#13568=EDGE_LOOP('',(#13564,#13565,#13566,#13567));
#13569=FACE_OUTER_BOUND('',#13568,.F.);
#13570=ADVANCED_FACE('',(#13569),#13563,.F.);
#13571=CARTESIAN_POINT('',(3.772746964083E1,2.104586441975E2,9.619061040228E1));
#13572=CARTESIAN_POINT('',(3.766539759101E1,2.104583363156E2,9.619381835298E1));
#13573=CARTESIAN_POINT('',(3.756439441870E1,2.104580480781E2,9.618105884353E1));
#13574=CARTESIAN_POINT('',(3.743628610185E1,2.104579989806E2,9.611915807673E1));
#13575=CARTESIAN_POINT('',(3.732383816961E1,2.104581168002E2,9.603188611371E1));
#13576=CARTESIAN_POINT('',(3.722232601772E1,2.104584591309E2,9.587853715421E1));
#13577=CARTESIAN_POINT('',(3.720104565618E1,2.104586119032E2,9.574542043569E1));
#13578=CARTESIAN_POINT('',(3.720206527036E1,2.104586047554E2,9.568329495811E1));
#13579=CARTESIAN_POINT('',(3.772746977976E1,2.105598102522E2,9.619061039663E1));
#13580=CARTESIAN_POINT('',(3.766539662992E1,2.105598788646E2,9.619381839820E1));
#13581=CARTESIAN_POINT('',(3.756439252687E1,2.105599431052E2,9.618105871930E1));
#13582=CARTESIAN_POINT('',(3.743628423691E1,2.105599540583E2,9.611915777156E1));
#13583=CARTESIAN_POINT('',(3.732383685687E1,2.105599278117E2,9.603188576553E1));
#13584=CARTESIAN_POINT('',(3.722232576246E1,2.105598515250E2,9.587853704213E1));
#13585=CARTESIAN_POINT('',(3.720104566808E1,2.105598174614E2,9.574542044083E1));
#13586=CARTESIAN_POINT('',(3.720206526955E1,2.105598190402E2,9.568329495777E1));
#13587=CARTESIAN_POINT('',(3.772746969856E1,2.107443945155E2,9.619061039993E1));
#13588=CARTESIAN_POINT('',(3.766539719166E1,2.107443706065E2,9.619381837177E1));
#13589=CARTESIAN_POINT('',(3.756439363261E1,2.107443482201E2,9.618105879191E1));
#13590=CARTESIAN_POINT('',(3.743628532694E1,2.107443444017E2,9.611915794993E1));
#13591=CARTESIAN_POINT('',(3.732383762414E1,2.107443535463E2,9.603188596904E1));
#13592=CARTESIAN_POINT('',(3.722232591165E1,2.107443801291E2,9.587853710764E1));
#13593=CARTESIAN_POINT('',(3.720104566112E1,2.107443920015E2,9.574542043783E1));
#13594=CARTESIAN_POINT('',(3.720206527002E1,2.107443914534E2,9.568329495797E1));
#13595=CARTESIAN_POINT('',(3.772746973127E1,2.110956799488E2,9.619061039860E1));
#13596=CARTESIAN_POINT('',(3.766539696537E1,2.110956935005E2,9.619381838242E1));
#13597=CARTESIAN_POINT('',(3.756439318718E1,2.110957061875E2,9.618105876266E1));
#13598=CARTESIAN_POINT('',(3.743628488783E1,2.110957083486E2,9.611915787807E1));
#13599=CARTESIAN_POINT('',(3.732383731505E1,2.110957031627E2,9.603188588705E1));
#13600=CARTESIAN_POINT('',(3.722232585155E1,2.110956880947E2,9.587853708125E1));
#13601=CARTESIAN_POINT('',(3.720104566392E1,2.110956813703E2,9.574542043904E1));
#13602=CARTESIAN_POINT('',(3.720206526983E1,2.110956816849E2,9.568329495789E1));
#13603=CARTESIAN_POINT('',(3.772746971177E1,2.116791945452E2,9.619061039940E1));
#13604=CARTESIAN_POINT('',(3.766539710026E1,2.116791852723E2,9.619381837607E1));
#13605=CARTESIAN_POINT('',(3.756439345269E1,2.116791765896E2,9.618105878009E1));
#13606=CARTESIAN_POINT('',(3.743628514957E1,2.116791751077E2,9.611915792090E1));
#13607=CARTESIAN_POINT('',(3.732383749929E1,2.116791786535E2,9.603188593592E1));
#13608=CARTESIAN_POINT('',(3.722232588738E1,2.116791889631E2,9.587853709698E1));
#13609=CARTESIAN_POINT('',(3.720104566225E1,2.116791935692E2,9.574542043832E1));
#13610=CARTESIAN_POINT('',(3.720206526994E1,2.116791933577E2,9.568329495794E1));
#13611=CARTESIAN_POINT('',(3.772746972255E1,2.125127811225E2,9.619061039896E1));
#13612=CARTESIAN_POINT('',(3.766539702572E1,2.125127842802E2,9.619381837958E1));
#13613=CARTESIAN_POINT('',(3.756439330597E1,2.125127872368E2,9.618105877046E1));
#13614=CARTESIAN_POINT('',(3.743628500493E1,2.125127877411E2,9.611915789724E1));
#13615=CARTESIAN_POINT('',(3.732383739748E1,2.125127865333E2,9.603188590892E1));
#13616=CARTESIAN_POINT('',(3.722232586758E1,2.125127830226E2,9.587853708829E1));
#13617=CARTESIAN_POINT('',(3.720104566318E1,2.125127814545E2,9.574542043871E1));
#13618=CARTESIAN_POINT('',(3.720206526988E1,2.125127815269E2,9.568329495791E1));
#13619=CARTESIAN_POINT('',(3.772746971883E1,2.135130874089E2,9.619061039911E1));
#13620=CARTESIAN_POINT('',(3.766539705141E1,2.135130865814E2,9.619381837837E1));
#13621=CARTESIAN_POINT('',(3.756439335653E1,2.135130858065E2,9.618105877378E1));
#13622=CARTESIAN_POINT('',(3.743628505478E1,2.135130856743E2,9.611915790539E1));
#13623=CARTESIAN_POINT('',(3.732383743257E1,2.135130859908E2,9.603188591822E1));
#13624=CARTESIAN_POINT('',(3.722232587440E1,2.135130869109E2,9.587853709128E1));
#13625=CARTESIAN_POINT('',(3.720104566286E1,2.135130873219E2,9.574542043858E1));
#13626=CARTESIAN_POINT('',(3.720206526990E1,2.135130873029E2,9.568329495792E1));
#13627=CARTESIAN_POINT('',(3.772746971958E1,2.146577273534E2,9.619061039908E1));
#13628=CARTESIAN_POINT('',(3.766539704627E1,2.146577276472E2,9.619381837861E1));
#13629=CARTESIAN_POINT('',(3.756439334642E1,2.146577279223E2,9.618105877312E1));
#13630=CARTESIAN_POINT('',(3.743628504481E1,2.146577279691E2,9.611915790376E1));
#13631=CARTESIAN_POINT('',(3.732383742555E1,2.146577278567E2,9.603188591636E1));
#13632=CARTESIAN_POINT('',(3.722232587304E1,2.146577275301E2,9.587853709069E1));
#13633=CARTESIAN_POINT('',(3.720104566292E1,2.146577273842E2,9.574542043860E1));
#13634=CARTESIAN_POINT('',(3.720206526990E1,2.146577273910E2,9.568329495792E1));
#13635=CARTESIAN_POINT('',(3.772746971947E1,2.154689321929E2,9.619061039908E1));
#13636=CARTESIAN_POINT('',(3.766539704703E1,2.154689323791E2,9.619381837857E1));
#13637=CARTESIAN_POINT('',(3.756439334792E1,2.154689325535E2,9.618105877321E1));
#13638=CARTESIAN_POINT('',(3.743628504629E1,2.154689325833E2,9.611915790400E1));
#13639=CARTESIAN_POINT('',(3.732383742659E1,2.154689325120E2,9.603188591664E1));
#13640=CARTESIAN_POINT('',(3.722232587324E1,2.154689323049E2,9.587853709077E1));
#13641=CARTESIAN_POINT('',(3.720104566291E1,2.154689322124E2,9.574542043860E1));
#13642=CARTESIAN_POINT('',(3.720206526990E1,2.154689322167E2,9.568329495792E1));
#13643=CARTESIAN_POINT('',(3.772746971939E1,2.159467017693E2,9.619061039909E1));
#13644=CARTESIAN_POINT('',(3.766539704755E1,2.159467018676E2,9.619381837855E1));
#13645=CARTESIAN_POINT('',(3.756439334895E1,2.159467019595E2,9.618105877328E1));
#13646=CARTESIAN_POINT('',(3.743628504730E1,2.159467019752E2,9.611915790417E1));
#13647=CARTESIAN_POINT('',(3.732383742730E1,2.159467019376E2,9.603188591683E1));
#13648=CARTESIAN_POINT('',(3.722232587338E1,2.159467018284E2,9.587853709084E1));
#13649=CARTESIAN_POINT('',(3.720104566291E1,2.159467017796E2,9.574542043860E1));
#13650=CARTESIAN_POINT('',(3.720206526990E1,2.159467017819E2,9.568329495792E1));
#13651=B_SPLINE_SURFACE_WITH_KNOTS('',3,3,((#13571,#13572,#13573,#13574,#13575,
#13576,#13577,#13578),(#13579,#13580,#13581,#13582,#13583,#13584,#13585,#13586),
(#13587,#13588,#13589,#13590,#13591,#13592,#13593,#13594),(#13595,#13596,#13597,
#13598,#13599,#13600,#13601,#13602),(#13603,#13604,#13605,#13606,#13607,#13608,
#13609,#13610),(#13611,#13612,#13613,#13614,#13615,#13616,#13617,#13618),
(#13619,#13620,#13621,#13622,#13623,#13624,#13625,#13626),(#13627,#13628,#13629,
#13630,#13631,#13632,#13633,#13634),(#13635,#13636,#13637,#13638,#13639,#13640,
#13641,#13642),(#13643,#13644,#13645,#13646,#13647,#13648,#13649,#13650)),
.UNSPECIFIED.,.F.,.F.,.F.,(4,1,1,1,1,1,1,4),(4,1,1,1,1,4),(-5.356474972948E-2,
2.500764454340E-1,5.001528908681E-1,1.000305781736E0,2.000611563472E0,
3.000917345208E0,4.001223126945E0,5.434531822852E0),(-1.120196511136E-2,2.5E-1,
3.75E-1,5.E-1,7.5E-1,1.011118292356E0),.UNSPECIFIED.);
#13652=ORIENTED_EDGE('',*,*,#12120,.F.);
#13653=ORIENTED_EDGE('',*,*,#13286,.T.);
#13654=ORIENTED_EDGE('',*,*,#13300,.T.);
#13655=ORIENTED_EDGE('',*,*,#13422,.T.);
#13656=ORIENTED_EDGE('',*,*,#13437,.T.);
#13657=EDGE_LOOP('',(#13652,#13653,#13654,#13655,#13656));
#13658=FACE_OUTER_BOUND('',#13657,.F.);
#13659=ADVANCED_FACE('',(#13658),#13651,.T.);
#13660=CARTESIAN_POINT('',(2.020700000002E1,-2.06E1,9.480240881855E1));
#13661=DIRECTION('',(3.489949670264E-2,5.191291654232E-14,9.993908270191E-1));
#13662=DIRECTION('',(9.993908270191E-1,0.E0,-3.489949670264E-2));
#13663=AXIS2_PLACEMENT_3D('',#13660,#13661,#13662);
#13664=PLANE('',#13663);
#13665=ORIENTED_EDGE('',*,*,#11561,.T.);
#13666=ORIENTED_EDGE('',*,*,#13305,.F.);
#13667=ORIENTED_EDGE('',*,*,#9500,.T.);
#13668=ORIENTED_EDGE('',*,*,#9546,.F.);
#13669=EDGE_LOOP('',(#13665,#13666,#13667,#13668));
#13670=FACE_OUTER_BOUND('',#13669,.F.);
#13671=ADVANCED_FACE('',(#13670),#13664,.F.);
#13672=CARTESIAN_POINT('',(2.037906784962E1,2.048744524815E2,9.494164287936E1));
#13673=CARTESIAN_POINT('',(2.036768488092E1,2.048963908026E2,9.491451555793E1));
#13674=CARTESIAN_POINT('',(2.034909008786E1,2.049350713662E2,9.485618415886E1));
#13675=CARTESIAN_POINT('',(2.033385676369E1,2.049737809455E2,9.476896811083E1));
#13676=CARTESIAN_POINT('',(2.033234379823E1,2.049948460856E2,9.468423619396E1));
#13677=CARTESIAN_POINT('',(2.034182555123E1,2.050021135505E2,9.462349083781E1));
#13678=CARTESIAN_POINT('',(2.034970896136E1,2.050068920377E2,9.458757738092E1));
#13679=CARTESIAN_POINT('',(2.039085211132E1,2.048805809618E2,9.495015131351E1));
#13680=CARTESIAN_POINT('',(2.037889404234E1,2.049023548070E2,9.492336519553E1));
#13681=CARTESIAN_POINT('',(2.035992091326E1,2.049421136883E2,9.486410938097E1));
#13682=CARTESIAN_POINT('',(2.034538249915E1,2.049842406168E2,9.477319028169E1));
#13683=CARTESIAN_POINT('',(2.034496713740E1,2.050084018870E2,9.468451504250E1));
#13684=CARTESIAN_POINT('',(2.035489520209E1,2.050160588366E2,9.462233642852E1));
#13685=CARTESIAN_POINT('',(2.036277027971E1,2.050201794241E2,9.458639520166E1));
#13686=CARTESIAN_POINT('',(2.041416746346E1,2.048914885920E2,9.496544867231E1));
#13687=CARTESIAN_POINT('',(2.040195939014E1,2.049140952724E2,9.493945909758E1));
#13688=CARTESIAN_POINT('',(2.038311311292E1,2.049568779385E2,9.487889070937E1));
#13689=CARTESIAN_POINT('',(2.036971183661E1,2.050046513054E2,9.478133358728E1));
#13690=CARTESIAN_POINT('',(2.037055751184E1,2.050329959307E2,9.468522495320E1));
#13691=CARTESIAN_POINT('',(2.038085409218E1,2.050407391924E2,9.462028788478E1));
#13692=CARTESIAN_POINT('',(2.038863948821E1,2.050437050012E2,9.458430166852E1));
#13693=CARTESIAN_POINT('',(2.044978366223E1,2.049055687596E2,9.498550728294E1));
#13694=CARTESIAN_POINT('',(2.043892911525E1,2.049314015639E2,9.496060973032E1));
#13695=CARTESIAN_POINT('',(2.042223277845E1,2.049802363616E2,9.489875364670E1));
#13696=CARTESIAN_POINT('',(2.041079921314E1,2.050345618622E2,9.479269272153E1));
#13697=CARTESIAN_POINT('',(2.041246189432E1,2.050658561450E2,9.468647534903E1));
#13698=CARTESIAN_POINT('',(2.042250800148E1,2.050725678985E2,9.461766316860E1));
#13699=CARTESIAN_POINT('',(2.042997579952E1,2.050740467444E2,9.458159615655E1));
#13700=CARTESIAN_POINT('',(2.048421828809E1,2.049170983437E2,9.500213898182E1));
#13701=CARTESIAN_POINT('',(2.047539809239E1,2.049469138685E2,9.497782968710E1));
#13702=CARTESIAN_POINT('',(2.046180320954E1,2.050020779485E2,9.491490897982E1));
#13703=CARTESIAN_POINT('',(2.045294538380E1,2.050613891628E2,9.480211055039E1));
#13704=CARTESIAN_POINT('',(2.045546733746E1,2.050936343244E2,9.468762547238E1));
#13705=CARTESIAN_POINT('',(2.046504105126E1,2.050987894082E2,9.461554296008E1));
#13706=CARTESIAN_POINT('',(2.047205813568E1,2.050990151168E2,9.457936122364E1));
#13707=CARTESIAN_POINT('',(2.051896125720E1,2.049265797703E2,9.501594103208E1));
#13708=CARTESIAN_POINT('',(2.051225799762E1,2.049604949720E2,9.499150941511E1));
#13709=CARTESIAN_POINT('',(2.050214481198E1,2.050217469541E2,9.492739642838E1));
#13710=CARTESIAN_POINT('',(2.049667905188E1,2.050850181421E2,9.480943748272E1));
#13711=CARTESIAN_POINT('',(2.050074429569E1,2.051172207740E2,9.468856510326E1));
#13712=CARTESIAN_POINT('',(2.050994547834E1,2.051206526527E2,9.461384466705E1));
#13713=CARTESIAN_POINT('',(2.051639683530E1,2.051197677744E2,9.457749099223E1));
#13714=CARTESIAN_POINT('',(2.055448082067E1,2.049339079303E2,9.502663569521E1));
#13715=CARTESIAN_POINT('',(2.054965150808E1,2.049714012244E2,9.500132603219E1));
#13716=CARTESIAN_POINT('',(2.054295738208E1,2.050378411890E2,9.493579338152E1));
#13717=CARTESIAN_POINT('',(2.054143586654E1,2.051042220970E2,9.481434888212E1));
#13718=CARTESIAN_POINT('',(2.054772445858E1,2.051360930102E2,9.468922432379E1));
#13719=CARTESIAN_POINT('',(2.055675118598E1,2.051379713385E2,9.461259740782E1));
#13720=CARTESIAN_POINT('',(2.056257206506E1,2.051361018500E2,9.457600154447E1));
#13721=CARTESIAN_POINT('',(2.059187071877E1,2.049390147203E2,9.503398857874E1));
#13722=CARTESIAN_POINT('',(2.058867041417E1,2.049791169002E2,9.500726908238E1));
#13723=CARTESIAN_POINT('',(2.058510905953E1,2.050493596723E2,9.494023608097E1));
#13724=CARTESIAN_POINT('',(2.058744817252E1,2.051180879487E2,9.481695474487E1));
#13725=CARTESIAN_POINT('',(2.059604313300E1,2.051498322201E2,9.468965753308E1));
#13726=CARTESIAN_POINT('',(2.060495825951E1,2.051505856196E2,9.461181994853E1));
#13727=CARTESIAN_POINT('',(2.061014705261E1,2.051478597425E2,9.457490571736E1));
#13728=CARTESIAN_POINT('',(2.063448510887E1,2.049419775818E2,9.503795328610E1));
#13729=CARTESIAN_POINT('',(2.063279584602E1,2.049835349978E2,9.500975725461E1));
#13730=CARTESIAN_POINT('',(2.063194069757E1,2.050559759854E2,9.494151793077E1));
#13731=CARTESIAN_POINT('',(2.063725422006E1,2.051263302089E2,9.481787630587E1));
#13732=CARTESIAN_POINT('',(2.064736863445E1,2.051584282069E2,9.469007305253E1));
#13733=CARTESIAN_POINT('',(2.065596504282E1,2.051586535604E2,9.461150926982E1));
#13734=CARTESIAN_POINT('',(2.066056180029E1,2.051552088336E2,9.457418581226E1));
#13735=CARTESIAN_POINT('',(2.066799356261E1,2.049423066646E2,9.503788810853E1));
#13736=CARTESIAN_POINT('',(2.066695590812E1,2.049839244740E2,9.500929086890E1));
#13737=CARTESIAN_POINT('',(2.066701744619E1,2.050565011937E2,9.494100380013E1));
#13738=CARTESIAN_POINT('',(2.067284157044E1,2.051272680158E2,9.481801411355E1));
#13739=CARTESIAN_POINT('',(2.068278431160E1,2.051599766354E2,9.469057960088E1));
#13740=CARTESIAN_POINT('',(2.069089076607E1,2.051604053738E2,9.461165533041E1));
#13741=CARTESIAN_POINT('',(2.069516598215E1,2.051566606611E2,9.457400183074E1));
#13742=CARTESIAN_POINT('',(2.068771708609E1,2.049420211992E2,9.503706008751E1));
#13743=CARTESIAN_POINT('',(2.068657525261E1,2.049834453474E2,9.500866958739E1));
#13744=CARTESIAN_POINT('',(2.068642561205E1,2.050557166366E2,9.494078978164E1));
#13745=CARTESIAN_POINT('',(2.069189839012E1,2.051264438758E2,9.481829906992E1));
#13746=CARTESIAN_POINT('',(2.070145664973E1,2.051595358652E2,9.469101702083E1));
#13747=CARTESIAN_POINT('',(2.070928783015E1,2.051602557347E2,9.461183016267E1));
#13748=CARTESIAN_POINT('',(2.071341561964E1,2.051564421842E2,9.457398988543E1));
#13749=B_SPLINE_SURFACE_WITH_KNOTS('',3,3,((#13672,#13673,#13674,#13675,#13676,
#13677,#13678),(#13679,#13680,#13681,#13682,#13683,#13684,#13685),(#13686,
#13687,#13688,#13689,#13690,#13691,#13692),(#13693,#13694,#13695,#13696,#13697,
#13698,#13699),(#13700,#13701,#13702,#13703,#13704,#13705,#13706),(#13707,
#13708,#13709,#13710,#13711,#13712,#13713),(#13714,#13715,#13716,#13717,#13718,
#13719,#13720),(#13721,#13722,#13723,#13724,#13725,#13726,#13727),(#13728,
#13729,#13730,#13731,#13732,#13733,#13734),(#13735,#13736,#13737,#13738,#13739,
#13740,#13741),(#13742,#13743,#13744,#13745,#13746,#13747,#13748)),
.UNSPECIFIED.,.F.,.F.,.F.,(4,1,1,1,1,1,1,1,4),(4,1,1,1,4),(-1.816415500468E-2,
1.25E-1,2.5E-1,3.75E-1,5.E-1,6.25E-1,7.5E-1,8.75E-1,1.014610563718E0),(
-1.320864304001E-2,2.5E-1,5.E-1,7.5E-1,1.014506377446E0),.UNSPECIFIED.);
#13750=ORIENTED_EDGE('',*,*,#12745,.F.);
#13751=ORIENTED_EDGE('',*,*,#9358,.F.);
#13752=ORIENTED_EDGE('',*,*,#9467,.T.);
#13753=ORIENTED_EDGE('',*,*,#9483,.F.);
#13754=EDGE_LOOP('',(#13750,#13751,#13752,#13753));
#13755=FACE_OUTER_BOUND('',#13754,.F.);
#13756=ADVANCED_FACE('',(#13755),#13749,.T.);
#13757=CARTESIAN_POINT('',(2.020700000002E1,1.974471960965E2,8.6888813E1));
#13758=DIRECTION('',(1.359797690222E-13,5.194455976463E-14,1.E0));
#13759=DIRECTION('',(0.E0,-1.E0,5.194455976463E-14));
#13760=AXIS2_PLACEMENT_3D('',#13757,#13758,#13759);
#13761=PLANE('',#13760);
#13763=ORIENTED_EDGE('',*,*,#13762,.F.);
#13764=ORIENTED_EDGE('',*,*,#11564,.T.);
#13765=ORIENTED_EDGE('',*,*,#9542,.F.);
#13766=EDGE_LOOP('',(#13763,#13764,#13765));
#13767=FACE_OUTER_BOUND('',#13766,.F.);
#13768=ADVANCED_FACE('',(#13767),#13761,.T.);
#13769=CARTESIAN_POINT('',(4.104300000001E1,2.141E2,-4.634775240272E1));
#13770=DIRECTION('',(0.E0,0.E0,-1.E0));
#13771=DIRECTION('',(0.E0,1.E0,0.E0));
#13772=AXIS2_PLACEMENT_3D('',#13769,#13770,#13771);
#13773=CYLINDRICAL_SURFACE('',#13772,1.E1);
#13774=ORIENTED_EDGE('',*,*,#11566,.F.);
#13775=ORIENTED_EDGE('',*,*,#13762,.T.);
#13776=ORIENTED_EDGE('',*,*,#9540,.T.);
#13778=ORIENTED_EDGE('',*,*,#13777,.F.);
#13780=ORIENTED_EDGE('',*,*,#13779,.F.);
#13782=ORIENTED_EDGE('',*,*,#13781,.T.);
#13784=ORIENTED_EDGE('',*,*,#13783,.F.);
#13786=ORIENTED_EDGE('',*,*,#13785,.T.);
#13787=EDGE_LOOP('',(#13774,#13775,#13776,#13778,#13780,#13782,#13784,#13786));
#13788=FACE_OUTER_BOUND('',#13787,.F.);
#13789=ADVANCED_FACE('',(#13788),#13773,.F.);
#13790=CARTESIAN_POINT('',(5.584300000001E1,2.284E2,4.950250574417E1));
#13791=DIRECTION('',(0.E0,0.E0,1.E0));
#13792=DIRECTION('',(0.E0,1.E0,0.E0));
#13793=AXIS2_PLACEMENT_3D('',#13790,#13791,#13792);
#13794=PLANE('',#13793);
#13795=ORIENTED_EDGE('',*,*,#9726,.T.);
#13797=ORIENTED_EDGE('',*,*,#13796,.T.);
#13799=ORIENTED_EDGE('',*,*,#13798,.T.);
#13800=ORIENTED_EDGE('',*,*,#13777,.T.);
#13801=ORIENTED_EDGE('',*,*,#9538,.T.);
#13803=ORIENTED_EDGE('',*,*,#13802,.T.);
#13805=ORIENTED_EDGE('',*,*,#13804,.T.);
#13807=ORIENTED_EDGE('',*,*,#13806,.T.);
#13808=ORIENTED_EDGE('',*,*,#9522,.T.);
#13809=ORIENTED_EDGE('',*,*,#9637,.F.);
#13810=EDGE_LOOP('',(#13795,#13797,#13799,#13800,#13801,#13803,#13805,#13807,
#13808,#13809));
#13811=FACE_OUTER_BOUND('',#13810,.F.);
#13812=ADVANCED_FACE('',(#13811),#13794,.F.);
#13813=CARTESIAN_POINT('',(4.084300000001E1,2.144E2,-4.634775240272E1));
#13814=DIRECTION('',(0.E0,0.E0,1.E0));
#13815=DIRECTION('',(0.E0,-1.E0,0.E0));
#13816=AXIS2_PLACEMENT_3D('',#13813,#13814,#13815);
#13817=CYLINDRICAL_SURFACE('',#13816,1.3E1);
#13819=ORIENTED_EDGE('',*,*,#13818,.F.);
#13821=ORIENTED_EDGE('',*,*,#13820,.F.);
#13823=ORIENTED_EDGE('',*,*,#13822,.T.);
#13824=ORIENTED_EDGE('',*,*,#13796,.F.);
#13825=ORIENTED_EDGE('',*,*,#9724,.F.);
#13826=ORIENTED_EDGE('',*,*,#10800,.T.);
#13827=ORIENTED_EDGE('',*,*,#10842,.T.);
#13828=EDGE_LOOP('',(#13819,#13821,#13823,#13824,#13825,#13826,#13827));
#13829=FACE_OUTER_BOUND('',#13828,.F.);
#13830=ADVANCED_FACE('',(#13829),#13817,.F.);
#13831=CARTESIAN_POINT('',(4.430895221118E1,2.276766628802E2,4.700250574417E1));
#13832=DIRECTION('',(0.E0,0.E0,1.E0));
#13833=DIRECTION('',(0.E0,-1.E0,0.E0));
#13834=AXIS2_PLACEMENT_3D('',#13831,#13832,#13833);
#13835=PLANE('',#13834);
#13837=ORIENTED_EDGE('',*,*,#13836,.F.);
#13839=ORIENTED_EDGE('',*,*,#13838,.F.);
#13840=ORIENTED_EDGE('',*,*,#13818,.T.);
#13841=ORIENTED_EDGE('',*,*,#10840,.T.);
#13842=EDGE_LOOP('',(#13837,#13839,#13840,#13841));
#13843=FACE_OUTER_BOUND('',#13842,.F.);
#13844=ADVANCED_FACE('',(#13843),#13835,.F.);
#13845=CARTESIAN_POINT('',(3.770200000001E1,-2.06E1,4.750250574417E1));
#13846=DIRECTION('',(0.E0,-1.E0,0.E0));
#13847=DIRECTION('',(0.E0,0.E0,-1.E0));
#13848=AXIS2_PLACEMENT_3D('',#13845,#13846,#13847);
#13849=CYLINDRICAL_SURFACE('',#13848,5.E-1);
#13850=ORIENTED_EDGE('',*,*,#13836,.T.);
#13851=ORIENTED_EDGE('',*,*,#10838,.F.);
#13852=ORIENTED_EDGE('',*,*,#10874,.F.);
#13854=ORIENTED_EDGE('',*,*,#13853,.T.);
#13855=EDGE_LOOP('',(#13850,#13851,#13852,#13854));
#13856=FACE_OUTER_BOUND('',#13855,.F.);
#13857=ADVANCED_FACE('',(#13856),#13849,.T.);
#13858=CARTESIAN_POINT('',(3.770200000001E1,2.201014740196E2,4.900250574417E1));
#13859=DIRECTION('',(-1.E0,0.E0,0.E0));
#13860=DIRECTION('',(0.E0,-1.E0,0.E0));
#13861=AXIS2_PLACEMENT_3D('',#13858,#13859,#13860);
#13862=TOROIDAL_SURFACE('',#13861,1.5E0,5.E-1);
#13864=ORIENTED_EDGE('',*,*,#13863,.F.);
#13865=ORIENTED_EDGE('',*,*,#13853,.F.);
#13866=ORIENTED_EDGE('',*,*,#10872,.T.);
#13868=ORIENTED_EDGE('',*,*,#13867,.F.);
#13869=EDGE_LOOP('',(#13864,#13865,#13866,#13868));
#13870=FACE_OUTER_BOUND('',#13869,.F.);
#13871=ADVANCED_FACE('',(#13870),#13862,.T.);
#13872=CARTESIAN_POINT('',(3.720200000001E1,2.201014740196E2,4.900250574417E1));
#13873=DIRECTION('',(-1.E0,0.E0,0.E0));
#13874=DIRECTION('',(0.E0,-1.E0,0.E0));
#13875=AXIS2_PLACEMENT_3D('',#13872,#13873,#13874);
#13876=CYLINDRICAL_SURFACE('',#13875,2.E0);
#13877=ORIENTED_EDGE('',*,*,#13863,.T.);
#13879=ORIENTED_EDGE('',*,*,#13878,.F.);
#13880=ORIENTED_EDGE('',*,*,#13820,.T.);
#13881=ORIENTED_EDGE('',*,*,#13838,.T.);
#13882=EDGE_LOOP('',(#13877,#13879,#13880,#13881));
#13883=FACE_OUTER_BOUND('',#13882,.F.);
#13884=ADVANCED_FACE('',(#13883),#13876,.T.);
#13885=CARTESIAN_POINT('',(3.720200000001E1,2.045606365214E2,4.211176051204E1));
#13886=DIRECTION('',(-1.E0,0.E0,0.E0));
#13887=DIRECTION('',(0.E0,-1.E0,0.E0));
#13888=AXIS2_PLACEMENT_3D('',#13885,#13886,#13887);
#13889=CYLINDRICAL_SURFACE('',#13888,1.5E1);
#13891=ORIENTED_EDGE('',*,*,#13890,.F.);
#13893=ORIENTED_EDGE('',*,*,#13892,.F.);
#13894=ORIENTED_EDGE('',*,*,#13779,.T.);
#13895=ORIENTED_EDGE('',*,*,#13798,.F.);
#13896=ORIENTED_EDGE('',*,*,#13822,.F.);
#13897=ORIENTED_EDGE('',*,*,#13878,.T.);
#13899=ORIENTED_EDGE('',*,*,#13898,.F.);
#13901=ORIENTED_EDGE('',*,*,#13900,.F.);
#13903=ORIENTED_EDGE('',*,*,#13902,.F.);
#13904=EDGE_LOOP('',(#13891,#13893,#13894,#13895,#13896,#13897,#13899,#13901,
#13903));
#13905=FACE_OUTER_BOUND('',#13904,.F.);
#13906=ADVANCED_FACE('',(#13905),#13889,.F.);
#13907=CARTESIAN_POINT('',(4.429300000001E1,2.045606365214E2,4.211176051204E1));
#13908=DIRECTION('',(-1.E0,0.E0,0.E0));
#13909=DIRECTION('',(0.E0,-1.E0,0.E0));
#13910=AXIS2_PLACEMENT_3D('',#13907,#13908,#13909);
#13911=CONICAL_SURFACE('',#13910,1.525E1,4.5E1);
#13912=ORIENTED_EDGE('',*,*,#11518,.F.);
#13914=ORIENTED_EDGE('',*,*,#13913,.T.);
#13915=ORIENTED_EDGE('',*,*,#13890,.T.);
#13917=ORIENTED_EDGE('',*,*,#13916,.F.);
#13918=EDGE_LOOP('',(#13912,#13914,#13915,#13917));
#13919=FACE_OUTER_BOUND('',#13918,.F.);
#13920=ADVANCED_FACE('',(#13919),#13911,.F.);
#13921=CARTESIAN_POINT('',(4.429300000001E1,2.1725E2,5.459455084545E1));
#13922=DIRECTION('',(1.E0,0.E0,0.E0));
#13923=DIRECTION('',(0.E0,1.E0,0.E0));
#13924=AXIS2_PLACEMENT_3D('',#13921,#13922,#13923);
#13925=CONICAL_SURFACE('',#13924,2.55E0,4.5E1);
#13926=ORIENTED_EDGE('',*,*,#11516,.F.);
#13928=ORIENTED_EDGE('',*,*,#13927,.T.);
#13930=ORIENTED_EDGE('',*,*,#13929,.F.);
#13931=ORIENTED_EDGE('',*,*,#13913,.F.);
#13932=EDGE_LOOP('',(#13926,#13928,#13930,#13931));
#13933=FACE_OUTER_BOUND('',#13932,.F.);
#13934=ADVANCED_FACE('',(#13933),#13925,.T.);
#13935=CARTESIAN_POINT('',(4.429300000001E1,2.147E2,5.589852829481E1));
#13936=DIRECTION('',(-7.071067811865E-1,-7.071067811865E-1,0.E0));
#13937=DIRECTION('',(7.071067811865E-1,-7.071067811865E-1,0.E0));
#13938=AXIS2_PLACEMENT_3D('',#13935,#13936,#13937);
#13939=PLANE('',#13938);
#13940=ORIENTED_EDGE('',*,*,#11514,.F.);
#13942=ORIENTED_EDGE('',*,*,#13941,.T.);
#13944=ORIENTED_EDGE('',*,*,#13943,.F.);
#13945=ORIENTED_EDGE('',*,*,#13927,.F.);
#13946=EDGE_LOOP('',(#13940,#13942,#13944,#13945));
#13947=FACE_OUTER_BOUND('',#13946,.F.);
#13948=ADVANCED_FACE('',(#13947),#13939,.T.);
#13949=CARTESIAN_POINT('',(4.429300000001E1,2.214E2,5.720250574417E1));
#13950=DIRECTION('',(1.E0,0.E0,0.E0));
#13951=DIRECTION('',(0.E0,1.E0,0.E0));
#13952=AXIS2_PLACEMENT_3D('',#13949,#13950,#13951);
#13953=CONICAL_SURFACE('',#13952,6.7E0,4.5E1);
#13955=ORIENTED_EDGE('',*,*,#13954,.F.);
#13956=ORIENTED_EDGE('',*,*,#13941,.F.);
#13957=ORIENTED_EDGE('',*,*,#11512,.F.);
#13958=ORIENTED_EDGE('',*,*,#11540,.T.);
#13959=EDGE_LOOP('',(#13955,#13956,#13957,#13958));
#13960=FACE_OUTER_BOUND('',#13959,.F.);
#13961=ADVANCED_FACE('',(#13960),#13953,.T.);
#13962=CARTESIAN_POINT('',(4.354300000001E1,2.214E2,5.720250574417E1));
#13963=DIRECTION('',(-1.E0,0.E0,0.E0));
#13964=DIRECTION('',(0.E0,-1.E0,0.E0));
#13965=AXIS2_PLACEMENT_3D('',#13962,#13963,#13964);
#13966=CYLINDRICAL_SURFACE('',#13965,6.95E0);
#13967=ORIENTED_EDGE('',*,*,#13954,.T.);
#13968=ORIENTED_EDGE('',*,*,#11568,.F.);
#13969=ORIENTED_EDGE('',*,*,#13785,.F.);
#13971=ORIENTED_EDGE('',*,*,#13970,.F.);
#13972=EDGE_LOOP('',(#13967,#13968,#13969,#13971));
#13973=FACE_OUTER_BOUND('',#13972,.F.);
#13974=ADVANCED_FACE('',(#13973),#13966,.T.);
#13975=CARTESIAN_POINT('',(4.354300000001E1,2.1445E2,5.339007997853E1));
#13976=DIRECTION('',(0.E0,-1.E0,0.E0));
#13977=DIRECTION('',(0.E0,0.E0,-1.E0));
#13978=AXIS2_PLACEMENT_3D('',#13975,#13976,#13977);
#13979=PLANE('',#13978);
#13980=ORIENTED_EDGE('',*,*,#13943,.T.);
#13981=ORIENTED_EDGE('',*,*,#13970,.T.);
#13982=ORIENTED_EDGE('',*,*,#13783,.T.);
#13984=ORIENTED_EDGE('',*,*,#13983,.T.);
#13985=EDGE_LOOP('',(#13980,#13981,#13982,#13984));
#13986=FACE_OUTER_BOUND('',#13985,.F.);
#13987=ADVANCED_FACE('',(#13986),#13979,.T.);
#13988=CARTESIAN_POINT('',(3.720200000001E1,2.1725E2,5.459455084545E1));
#13989=DIRECTION('',(-1.E0,0.E0,0.E0));
#13990=DIRECTION('',(0.E0,-1.E0,0.E0));
#13991=AXIS2_PLACEMENT_3D('',#13988,#13989,#13990);
#13992=CYLINDRICAL_SURFACE('',#13991,2.8E0);
#13993=ORIENTED_EDGE('',*,*,#13929,.T.);
#13994=ORIENTED_EDGE('',*,*,#13983,.F.);
#13995=ORIENTED_EDGE('',*,*,#13781,.F.);
#13996=ORIENTED_EDGE('',*,*,#13892,.T.);
#13997=EDGE_LOOP('',(#13993,#13994,#13995,#13996));
#13998=FACE_OUTER_BOUND('',#13997,.F.);
#13999=ADVANCED_FACE('',(#13998),#13992,.T.);
#14000=CARTESIAN_POINT('',(3.720200000001E1,2.161E2,5.072178106879E1));
#14001=DIRECTION('',(0.E0,-1.E0,0.E0));
#14002=DIRECTION('',(0.E0,0.E0,-1.E0));
#14003=AXIS2_PLACEMENT_3D('',#14000,#14001,#14002);
#14004=PLANE('',#14003);
#14005=ORIENTED_EDGE('',*,*,#13902,.T.);
#14006=ORIENTED_EDGE('',*,*,#13900,.T.);
#14008=ORIENTED_EDGE('',*,*,#14007,.T.);
#14009=ORIENTED_EDGE('',*,*,#10868,.F.);
#14011=ORIENTED_EDGE('',*,*,#14010,.T.);
#14012=ORIENTED_EDGE('',*,*,#11520,.T.);
#14013=ORIENTED_EDGE('',*,*,#13916,.T.);
#14014=EDGE_LOOP('',(#14005,#14006,#14008,#14009,#14011,#14012,#14013));
#14015=FACE_OUTER_BOUND('',#14014,.F.);
#14016=ADVANCED_FACE('',(#14015),#14004,.T.);
#14017=CARTESIAN_POINT('',(3.770200000001E1,2.045606365214E2,4.211176051204E1));
#14018=DIRECTION('',(-1.E0,0.E0,0.E0));
#14019=DIRECTION('',(0.E0,-1.E0,0.E0));
#14020=AXIS2_PLACEMENT_3D('',#14017,#14018,#14019);
#14021=TOROIDAL_SURFACE('',#14020,1.55E1,5.E-1);
#14022=ORIENTED_EDGE('',*,*,#10870,.F.);
#14023=ORIENTED_EDGE('',*,*,#14007,.F.);
#14024=ORIENTED_EDGE('',*,*,#13898,.T.);
#14025=ORIENTED_EDGE('',*,*,#13867,.T.);
#14026=EDGE_LOOP('',(#14022,#14023,#14024,#14025));
#14027=FACE_OUTER_BOUND('',#14026,.F.);
#14028=ADVANCED_FACE('',(#14027),#14021,.T.);
#14029=CARTESIAN_POINT('',(4.404299999997E1,2.160999999963E2,5.410250574386E1));
#14030=DIRECTION('',(-7.677482743076E-13,0.E0,-1.E0));
#14031=DIRECTION('',(9.068617644656E-12,1.E0,0.E0));
#14032=AXIS2_PLACEMENT_3D('',#14029,#14030,#14031);
#14033=PLANE('',#14032);
#14034=ORIENTED_EDGE('',*,*,#11344,.T.);
#14036=ORIENTED_EDGE('',*,*,#14035,.F.);
#14037=ORIENTED_EDGE('',*,*,#11522,.T.);
#14038=ORIENTED_EDGE('',*,*,#14010,.F.);
#14039=ORIENTED_EDGE('',*,*,#10866,.F.);
#14040=EDGE_LOOP('',(#14034,#14036,#14037,#14038,#14039));
#14041=FACE_OUTER_BOUND('',#14040,.F.);
#14042=ADVANCED_FACE('',(#14041),#14033,.F.);
#14043=CARTESIAN_POINT('',(4.404300000002E1,2.213999999963E2,5.720250574386E1));
#14044=DIRECTION('',(1.E0,-9.068617644656E-12,-7.677482743076E-13));
#14045=DIRECTION('',(9.068617644656E-12,1.E0,0.E0));
#14046=AXIS2_PLACEMENT_3D('',#14043,#14044,#14045);
#14047=CYLINDRICAL_SURFACE('',#14046,5.1E0);
#14048=ORIENTED_EDGE('',*,*,#14035,.T.);
#14049=ORIENTED_EDGE('',*,*,#11368,.F.);
#14051=ORIENTED_EDGE('',*,*,#14050,.F.);
#14052=ORIENTED_EDGE('',*,*,#11524,.F.);
#14053=EDGE_LOOP('',(#14048,#14049,#14051,#14052));
#14054=FACE_OUTER_BOUND('',#14053,.F.);
#14055=ADVANCED_FACE('',(#14054),#14047,.T.);
#14056=CARTESIAN_POINT('',(3.720200000001E1,2.245E2,6.011255919288E1));
#14057=DIRECTION('',(0.E0,-1.E0,0.E0));
#14058=DIRECTION('',(0.E0,0.E0,-1.E0));
#14059=AXIS2_PLACEMENT_3D('',#14056,#14057,#14058);
#14060=PLANE('',#14059);
#14061=ORIENTED_EDGE('',*,*,#11481,.T.);
#14062=ORIENTED_EDGE('',*,*,#11526,.T.);
#14063=ORIENTED_EDGE('',*,*,#14050,.T.);
#14064=ORIENTED_EDGE('',*,*,#11366,.F.);
#14065=EDGE_LOOP('',(#14061,#14062,#14063,#14064));
#14066=FACE_OUTER_BOUND('',#14065,.F.);
#14067=ADVANCED_FACE('',(#14066),#14060,.T.);
#14068=CARTESIAN_POINT('',(5.104300000001E1,2.091106364812E2,4.950250574417E1));
#14069=DIRECTION('',(0.E0,-1.E0,1.449564482784E-11));
#14070=DIRECTION('',(0.E0,-1.449564482784E-11,-1.E0));
#14071=AXIS2_PLACEMENT_3D('',#14068,#14069,#14070);
#14072=PLANE('',#14071);
#14073=ORIENTED_EDGE('',*,*,#9536,.F.);
#14075=ORIENTED_EDGE('',*,*,#14074,.T.);
#14077=ORIENTED_EDGE('',*,*,#14076,.T.);
#14078=ORIENTED_EDGE('',*,*,#13802,.F.);
#14079=EDGE_LOOP('',(#14073,#14075,#14077,#14078));
#14080=FACE_OUTER_BOUND('',#14079,.F.);
#14081=ADVANCED_FACE('',(#14080),#14072,.T.);
#14082=CARTESIAN_POINT('',(5.104300000001E1,2.091106364814E2,5.967176048918E1));
#14083=DIRECTION('',(0.E0,1.449568967275E-11,1.E0));
#14084=DIRECTION('',(0.E0,-1.E0,1.449568967275E-11));
#14085=AXIS2_PLACEMENT_3D('',#14082,#14083,#14084);
#14086=PLANE('',#14085);
#14087=ORIENTED_EDGE('',*,*,#9534,.F.);
#14089=ORIENTED_EDGE('',*,*,#14088,.T.);
#14091=ORIENTED_EDGE('',*,*,#14090,.F.);
#14092=ORIENTED_EDGE('',*,*,#14074,.F.);
#14093=EDGE_LOOP('',(#14087,#14089,#14091,#14092));
#14094=FACE_OUTER_BOUND('',#14093,.F.);
#14095=ADVANCED_FACE('',(#14094),#14086,.T.);
#14096=CARTESIAN_POINT('',(5.104300000001E1,2.139106364814E2,5.967176048911E1));
#14097=DIRECTION('',(0.E0,-1.E0,1.449572406553E-11));
#14098=DIRECTION('',(0.E0,-1.449572406553E-11,-1.E0));
#14099=AXIS2_PLACEMENT_3D('',#14096,#14097,#14098);
#14100=PLANE('',#14099);
#14101=ORIENTED_EDGE('',*,*,#9532,.F.);
#14103=ORIENTED_EDGE('',*,*,#14102,.T.);
#14105=ORIENTED_EDGE('',*,*,#14104,.T.);
#14106=ORIENTED_EDGE('',*,*,#14088,.F.);
#14107=EDGE_LOOP('',(#14101,#14103,#14105,#14106));
#14108=FACE_OUTER_BOUND('',#14107,.F.);
#14109=ADVANCED_FACE('',(#14108),#14100,.T.);
#14110=CARTESIAN_POINT('',(5.104300000001E1,2.139106364814E2,6.267176048896E1));
#14111=DIRECTION('',(0.E0,-1.449576690566E-11,-1.E0));
#14112=DIRECTION('',(0.E0,1.E0,-1.449576690566E-11));
#14113=AXIS2_PLACEMENT_3D('',#14110,#14111,#14112);
#14114=PLANE('',#14113);
#14116=ORIENTED_EDGE('',*,*,#14115,.T.);
#14117=ORIENTED_EDGE('',*,*,#14102,.F.);
#14118=ORIENTED_EDGE('',*,*,#9530,.F.);
#14120=ORIENTED_EDGE('',*,*,#14119,.T.);
#14121=EDGE_LOOP('',(#14116,#14117,#14118,#14120));
#14122=FACE_OUTER_BOUND('',#14121,.F.);
#14123=ADVANCED_FACE('',(#14122),#14114,.T.);
#14124=CARTESIAN_POINT('',(5.154300000001E1,2.023568356133E2,7.706970555846E1));
#14125=DIRECTION('',(-1.E0,0.E0,0.E0));
#14126=DIRECTION('',(0.E0,-1.E0,0.E0));
#14127=AXIS2_PLACEMENT_3D('',#14124,#14125,#14126);
#14128=PLANE('',#14127);
#14129=ORIENTED_EDGE('',*,*,#14090,.T.);
#14130=ORIENTED_EDGE('',*,*,#14104,.F.);
#14131=ORIENTED_EDGE('',*,*,#14115,.F.);
#14133=ORIENTED_EDGE('',*,*,#14132,.F.);
#14135=ORIENTED_EDGE('',*,*,#14134,.T.);
#14137=ORIENTED_EDGE('',*,*,#14136,.F.);
#14138=ORIENTED_EDGE('',*,*,#13804,.F.);
#14139=ORIENTED_EDGE('',*,*,#14076,.F.);
#14140=EDGE_LOOP('',(#14129,#14130,#14131,#14133,#14135,#14137,#14138,#14139));
#14141=FACE_OUTER_BOUND('',#14140,.F.);
#14142=ADVANCED_FACE('',(#14141),#14128,.T.);
#14143=CARTESIAN_POINT('',(5.104300000001E1,1.879106364814E2,6.267176048933E1));
#14144=DIRECTION('',(0.E0,1.E0,-1.449507180951E-11));
#14145=DIRECTION('',(0.E0,1.449507180951E-11,1.E0));
#14146=AXIS2_PLACEMENT_3D('',#14143,#14144,#14145);
#14147=PLANE('',#14146);
#14148=ORIENTED_EDGE('',*,*,#9528,.F.);
#14150=ORIENTED_EDGE('',*,*,#14149,.T.);
#14151=ORIENTED_EDGE('',*,*,#14132,.T.);
#14152=ORIENTED_EDGE('',*,*,#14119,.F.);
#14153=EDGE_LOOP('',(#14148,#14150,#14151,#14152));
#14154=FACE_OUTER_BOUND('',#14153,.F.);
#14155=ADVANCED_FACE('',(#14154),#14147,.T.);
#14156=CARTESIAN_POINT('',(5.104300000001E1,1.879106364813E2,5.667176048931E1));
#14157=DIRECTION('',(0.E0,-7.257225123823E-12,1.E0));
#14158=DIRECTION('',(0.E0,-1.E0,-7.257225123823E-12));
#14159=AXIS2_PLACEMENT_3D('',#14156,#14157,#14158);
#14160=PLANE('',#14159);
#14161=ORIENTED_EDGE('',*,*,#9526,.F.);
#14163=ORIENTED_EDGE('',*,*,#14162,.T.);
#14164=ORIENTED_EDGE('',*,*,#14134,.F.);
#14165=ORIENTED_EDGE('',*,*,#14149,.F.);
#14166=EDGE_LOOP('',(#14161,#14163,#14164,#14165));
#14167=FACE_OUTER_BOUND('',#14166,.F.);
#14168=ADVANCED_FACE('',(#14167),#14160,.T.);
#14169=CARTESIAN_POINT('',(5.104300000001E1,1.998106364813E2,5.667176048940E1));
#14170=DIRECTION('',(0.E0,1.E0,-1.449574213284E-11));
#14171=DIRECTION('',(0.E0,1.449574213284E-11,1.E0));
#14172=AXIS2_PLACEMENT_3D('',#14169,#14170,#14171);
#14173=PLANE('',#14172);
#14174=ORIENTED_EDGE('',*,*,#9524,.F.);
#14175=ORIENTED_EDGE('',*,*,#13806,.F.);
#14176=ORIENTED_EDGE('',*,*,#14136,.T.);
#14177=ORIENTED_EDGE('',*,*,#14162,.F.);
#14178=EDGE_LOOP('',(#14174,#14175,#14176,#14177));
#14179=FACE_OUTER_BOUND('',#14178,.F.);
#14180=ADVANCED_FACE('',(#14179),#14173,.T.);
#14181=CARTESIAN_POINT('',(4.305200000001E1,2.265E2,5.720250574417E1));
#14182=DIRECTION('',(0.E0,-1.E0,0.E0));
#14183=DIRECTION('',(0.E0,0.E0,-1.E0));
#14184=AXIS2_PLACEMENT_3D('',#14181,#14182,#14183);
#14185=PLANE('',#14184);
#14187=ORIENTED_EDGE('',*,*,#14186,.T.);
#14188=ORIENTED_EDGE('',*,*,#11484,.T.);
#14189=ORIENTED_EDGE('',*,*,#11362,.T.);
#14191=ORIENTED_EDGE('',*,*,#14190,.T.);
#14192=EDGE_LOOP('',(#14187,#14188,#14189,#14191));
#14193=FACE_OUTER_BOUND('',#14192,.F.);
#14194=ADVANCED_FACE('',(#14193),#14185,.F.);
#14195=CARTESIAN_POINT('',(4.483589321882E1,2.26E2,-4.634775240272E1));
#14196=DIRECTION('',(0.E0,0.E0,-1.E0));
#14197=DIRECTION('',(0.E0,1.E0,0.E0));
#14198=AXIS2_PLACEMENT_3D('',#14195,#14196,#14197);
#14199=CYLINDRICAL_SURFACE('',#14198,5.E-1);
#14201=ORIENTED_EDGE('',*,*,#14200,.T.);
#14202=ORIENTED_EDGE('',*,*,#11486,.F.);
#14203=ORIENTED_EDGE('',*,*,#14186,.F.);
#14205=ORIENTED_EDGE('',*,*,#14204,.T.);
#14206=EDGE_LOOP('',(#14201,#14202,#14203,#14205));
#14207=FACE_OUTER_BOUND('',#14206,.F.);
#14208=ADVANCED_FACE('',(#14207),#14199,.T.);
#14209=CARTESIAN_POINT('',(4.604300000001E1,2.255E2,1.015025057442E2));
#14210=DIRECTION('',(7.071067811865E-1,7.071067811865E-1,0.E0));
#14211=DIRECTION('',(7.071067811865E-1,-7.071067811865E-1,0.E0));
#14212=AXIS2_PLACEMENT_3D('',#14209,#14210,#14211);
#14213=PLANE('',#14212);
#14214=ORIENTED_EDGE('',*,*,#14200,.F.);
#14216=ORIENTED_EDGE('',*,*,#14215,.F.);
#14218=ORIENTED_EDGE('',*,*,#14217,.T.);
#14219=ORIENTED_EDGE('',*,*,#11488,.F.);
#14220=EDGE_LOOP('',(#14214,#14216,#14218,#14219));
#14221=FACE_OUTER_BOUND('',#14220,.F.);
#14222=ADVANCED_FACE('',(#14221),#14213,.T.);
#14223=CARTESIAN_POINT('',(4.642070923558E1,2.251222013475E2,5.407975175847E1));
#14224=CARTESIAN_POINT('',(4.640149514614E1,2.251423976859E2,5.404662216650E1));
#14225=CARTESIAN_POINT('',(4.635542578827E1,2.251747148341E2,5.397924742777E1));
#14226=CARTESIAN_POINT('',(4.626536604396E1,2.251939671525E2,5.388053810444E1));
#14227=CARTESIAN_POINT('',(4.616258164106E1,2.251818291945E2,5.379361089786E1));
#14228=CARTESIAN_POINT('',(4.609204640601E1,2.251538128650E2,5.374887417829E1));
#14229=CARTESIAN_POINT('',(4.605726112989E1,2.251356085031E2,5.373015393706E1));
#14230=CARTESIAN_POINT('',(4.640347202407E1,2.251394390558E2,5.409832446214E1));
#14231=CARTESIAN_POINT('',(4.638419053371E1,2.251596973459E2,5.406542715163E1));
#14232=CARTESIAN_POINT('',(4.633803206526E1,2.251921795335E2,5.399853732697E1));
#14233=CARTESIAN_POINT('',(4.624797196119E1,2.252118579109E2,5.390050875874E1));
#14234=CARTESIAN_POINT('',(4.614526923072E1,2.252003091741E2,5.381408034532E1));
#14235=CARTESIAN_POINT('',(4.607479139881E1,2.251727438563E2,5.376948922082E1));
#14236=CARTESIAN_POINT('',(4.604002400220E1,2.251547636808E2,5.375079270182E1));
#14237=CARTESIAN_POINT('',(4.628930189202E1,2.252536124781E2,5.422339676699E1));
#14238=CARTESIAN_POINT('',(4.626957193439E1,2.252742831409E2,5.419204983382E1));
#14239=CARTESIAN_POINT('',(4.622281762847E1,2.253078641631E2,5.412839987692E1));
#14240=CARTESIAN_POINT('',(4.613274509182E1,2.253303702184E2,5.403493634118E1));
#14241=CARTESIAN_POINT('',(4.603057904794E1,2.253227239842E2,5.395188038068E1));
#14242=CARTESIAN_POINT('',(4.596048861449E1,2.252981435314E2,5.390830260149E1));
#14243=CARTESIAN_POINT('',(4.592584680836E1,2.252816470228E2,5.388978615576E1));
#14244=CARTESIAN_POINT('',(4.608681557363E1,2.254561046378E2,5.447107387393E1));
#14245=CARTESIAN_POINT('',(4.606624146843E1,2.254775553554E2,5.444262247043E1));
#14246=CARTESIAN_POINT('',(4.601831433202E1,2.255132029886E2,5.438507617141E1));
#14247=CARTESIAN_POINT('',(4.592805252708E1,2.255408417492E2,5.430043449667E1));
#14248=CARTESIAN_POINT('',(4.582679035527E1,2.255401136259E2,5.422423486176E1));
#14249=CARTESIAN_POINT('',(4.575752037979E1,2.255207503505E2,5.418306103433E1));
#14250=CARTESIAN_POINT('',(4.572322408806E1,2.255068328494E2,5.416514237436E1));
#14251=CARTESIAN_POINT('',(4.583463969947E1,2.257082877642E2,5.484890786348E1));
#14252=CARTESIAN_POINT('',(4.581315376899E1,2.257305707133E2,5.482474173105E1));
#14253=CARTESIAN_POINT('',(4.576405624040E1,2.257684996216E2,5.477601900763E1));
#14254=CARTESIAN_POINT('',(4.567377975441E1,2.258022068639E2,5.470414015622E1));
#14255=CARTESIAN_POINT('',(4.557350245462E1,2.258101334164E2,5.463851183970E1));
#14256=CARTESIAN_POINT('',(4.550487905288E1,2.257977471015E2,5.460198761871E1));
#14257=CARTESIAN_POINT('',(4.547074830237E1,2.257874413068E2,5.458572679440E1));
#14258=CARTESIAN_POINT('',(4.561537109937E1,2.259275626396E2,5.526197132166E1));
#14259=CARTESIAN_POINT('',(4.559320052593E1,2.259504613466E2,5.524225179192E1));
#14260=CARTESIAN_POINT('',(4.554330640132E1,2.259901489165E2,5.520257861430E1));
#14261=CARTESIAN_POINT('',(4.545320223372E1,2.260288648733E2,5.514392990889E1));
#14262=CARTESIAN_POINT('',(4.535372942079E1,2.260442854569E2,5.508987090096E1));
#14263=CARTESIAN_POINT('',(4.528544463355E1,2.260382632421E2,5.505920240306E1));
#14264=CARTESIAN_POINT('',(4.525128933246E1,2.260313685786E2,5.504535509721E1));
#14265=CARTESIAN_POINT('',(4.546453784676E1,2.260784001867E2,5.563486604236E1));
#14266=CARTESIAN_POINT('',(4.544188474668E1,2.261017342712E2,5.561897220353E1));
#14267=CARTESIAN_POINT('',(4.539143277488E1,2.261426385342E2,5.558706125398E1));
#14268=CARTESIAN_POINT('',(4.530145587151E1,2.261847418896E2,5.553988152671E1));
#14269=CARTESIAN_POINT('',(4.520258379379E1,2.262052195713E2,5.549617959470E1));
#14270=CARTESIAN_POINT('',(4.513460675613E1,2.262035394873E2,5.547111527989E1));
#14271=CARTESIAN_POINT('',(4.510048388336E1,2.261989998998E2,5.545970475350E1));
#14272=CARTESIAN_POINT('',(4.536573013166E1,2.261772106994E2,5.595020611067E1));
#14273=CARTESIAN_POINT('',(4.534269427578E1,2.262008968236E2,5.593750973399E1));
#14274=CARTESIAN_POINT('',(4.529175840966E1,2.262427142952E2,5.591207356889E1));
#14275=CARTESIAN_POINT('',(4.520179035441E1,2.262870894067E2,5.587442175720E1));
#14276=CARTESIAN_POINT('',(4.510340426875E1,2.263107641935E2,5.583929666300E1));
#14277=CARTESIAN_POINT('',(4.503584408330E1,2.263117239756E2,5.581884559171E1));
#14278=CARTESIAN_POINT('',(4.500189761775E1,2.263085916119E2,5.580942228929E1));
#14279=CARTESIAN_POINT('',(4.528364856525E1,2.262592946008E2,5.627288232982E1));
#14280=CARTESIAN_POINT('',(4.526032825053E1,2.262832395447E2,5.626346785794E1));
#14281=CARTESIAN_POINT('',(4.520904639038E1,2.263257614724E2,5.624464423294E1));
#14282=CARTESIAN_POINT('',(4.511910049645E1,2.263720084576E2,5.621681357891E1));
#14283=CARTESIAN_POINT('',(4.502103947117E1,2.263984180863E2,5.619080253795E1));
#14284=CARTESIAN_POINT('',(4.495369962935E1,2.264017082437E2,5.617557640709E1));
#14285=CARTESIAN_POINT('',(4.491981562537E1,2.263998408006E2,5.616852989617E1));
#14286=CARTESIAN_POINT('',(4.522727896908E1,2.263156657854E2,5.660573438327E1));
#14287=CARTESIAN_POINT('',(4.520376693912E1,2.263397850021E2,5.659965998265E1));
#14288=CARTESIAN_POINT('',(4.515225432415E1,2.263827815531E2,5.658755652367E1));
#14289=CARTESIAN_POINT('',(4.506231201004E1,2.264303130162E2,5.656977977359E1));
#14290=CARTESIAN_POINT('',(4.496442803791E1,2.264586357285E2,5.655327231336E1));
#14291=CARTESIAN_POINT('',(4.489717966264E1,2.264635936598E2,5.654368158784E1));
#14292=CARTESIAN_POINT('',(4.486329939618E1,2.264626456379E2,5.653926359228E1));
#14293=CARTESIAN_POINT('',(4.519759263069E1,2.263453529859E2,5.695726575414E1));
#14294=CARTESIAN_POINT('',(4.517396701460E1,2.263695763220E2,5.695477496015E1));
#14295=CARTESIAN_POINT('',(4.512231516929E1,2.264128445041E2,5.694980213583E1));
#14296=CARTESIAN_POINT('',(4.503237066032E1,2.264610733202E2,5.694253942353E1));
#14297=CARTESIAN_POINT('',(4.493459644632E1,2.264904096151E2,5.693590050319E1));
#14298=CARTESIAN_POINT('',(4.486741894858E1,2.264962375613E2,5.693216357394E1));
#14299=CARTESIAN_POINT('',(4.483355433094E1,2.264957657530E2,5.693048816941E1));
#14300=CARTESIAN_POINT('',(4.519309161711E1,2.263498540309E2,5.714165565954E1));
#14301=CARTESIAN_POINT('',(4.516944626968E1,2.263740967596E2,5.714090564209E1));
#14302=CARTESIAN_POINT('',(4.511776431401E1,2.264173994521E2,5.713948501956E1));
#14303=CARTESIAN_POINT('',(4.502780663701E1,2.264656968871E2,5.713747304090E1));
#14304=CARTESIAN_POINT('',(4.493004849223E1,2.264951381980E2,5.713554274261E1));
#14305=CARTESIAN_POINT('',(4.486289688887E1,2.265010681E2,5.713428387690E1));
#14306=CARTESIAN_POINT('',(4.482904793405E1,2.265006564277E2,5.713364061690E1));
#14307=CARTESIAN_POINT('',(4.519394759224E1,2.263489981207E2,5.723827651818E1));
#14308=CARTESIAN_POINT('',(4.517030466243E1,2.263732377127E2,5.723869918221E1));
#14309=CARTESIAN_POINT('',(4.511862978263E1,2.264165436783E2,5.723950849140E1));
#14310=CARTESIAN_POINT('',(4.502868320756E1,2.264648564251E2,5.724066226785E1));
#14311=CARTESIAN_POINT('',(4.493093133216E1,2.264943063503E2,5.724175802816E1));
#14312=CARTESIAN_POINT('',(4.486377752592E1,2.265002269738E2,5.724245242602E1));
#14313=CARTESIAN_POINT('',(4.482992510631E1,2.264998044613E2,5.724279926034E1));
#14314=B_SPLINE_SURFACE_WITH_KNOTS('',3,3,((#14223,#14224,#14225,#14226,#14227,
#14228,#14229),(#14230,#14231,#14232,#14233,#14234,#14235,#14236),(#14237,
#14238,#14239,#14240,#14241,#14242,#14243),(#14244,#14245,#14246,#14247,#14248,
#14249,#14250),(#14251,#14252,#14253,#14254,#14255,#14256,#14257),(#14258,
#14259,#14260,#14261,#14262,#14263,#14264),(#14265,#14266,#14267,#14268,#14269,
#14270,#14271),(#14272,#14273,#14274,#14275,#14276,#14277,#14278),(#14279,
#14280,#14281,#14282,#14283,#14284,#14285),(#14286,#14287,#14288,#14289,#14290,
#14291,#14292),(#14293,#14294,#14295,#14296,#14297,#14298,#14299),(#14300,
#14301,#14302,#14303,#14304,#14305,#14306),(#14307,#14308,#14309,#14310,#14311,
#14312,#14313)),.UNSPECIFIED.,.F.,.F.,.F.,(4,1,1,1,1,1,1,1,1,1,4),(4,1,1,1,4),(
4.876788749469E0,4.972516960903E0,5.514693028771E0,6.056869096639E0,
6.599045164508E0,7.141221232376E0,7.412309266310E0,7.683397300244E0,
8.225573368112E0,8.496661402046E0,8.805828385221E0),(-1.613199771946E-2,2.5E-1,
5.E-1,7.5E-1,1.016074234813E0),.UNSPECIFIED.);
#14315=ORIENTED_EDGE('',*,*,#14215,.T.);
#14316=ORIENTED_EDGE('',*,*,#14204,.F.);
#14318=ORIENTED_EDGE('',*,*,#14317,.F.);
#14319=ORIENTED_EDGE('',*,*,#11449,.T.);
#14321=ORIENTED_EDGE('',*,*,#14320,.T.);
#14322=EDGE_LOOP('',(#14315,#14316,#14318,#14319,#14321));
#14323=FACE_OUTER_BOUND('',#14322,.F.);
#14324=ADVANCED_FACE('',(#14323),#14314,.F.);
#14325=CARTESIAN_POINT('',(4.305200000001E1,2.214E2,5.720250574417E1));
#14326=DIRECTION('',(-1.E0,0.E0,0.E0));
#14327=DIRECTION('',(0.E0,-1.E0,0.E0));
#14328=AXIS2_PLACEMENT_3D('',#14325,#14326,#14327);
#14329=CYLINDRICAL_SURFACE('',#14328,5.1E0);
#14330=ORIENTED_EDGE('',*,*,#14317,.T.);
#14331=ORIENTED_EDGE('',*,*,#14190,.F.);
#14332=ORIENTED_EDGE('',*,*,#11360,.T.);
#14334=ORIENTED_EDGE('',*,*,#14333,.T.);
#14335=ORIENTED_EDGE('',*,*,#11451,.F.);
#14336=EDGE_LOOP('',(#14330,#14331,#14332,#14334,#14335));
#14337=FACE_OUTER_BOUND('',#14336,.F.);
#14338=ADVANCED_FACE('',(#14337),#14329,.T.);
#14339=CARTESIAN_POINT('',(4.305200000001E1,2.181E2,5.210250574417E1));
#14340=DIRECTION('',(0.E0,0.E0,1.E0));
#14341=DIRECTION('',(0.E0,-1.E0,0.E0));
#14342=AXIS2_PLACEMENT_3D('',#14339,#14340,#14341);
#14343=PLANE('',#14342);
#14344=ORIENTED_EDGE('',*,*,#14333,.F.);
#14345=ORIENTED_EDGE('',*,*,#11358,.T.);
#14346=ORIENTED_EDGE('',*,*,#11330,.T.);
#14347=ORIENTED_EDGE('',*,*,#11453,.T.);
#14348=EDGE_LOOP('',(#14344,#14345,#14346,#14347));
#14349=FACE_OUTER_BOUND('',#14348,.F.);
#14350=ADVANCED_FACE('',(#14349),#14343,.F.);
#14351=CARTESIAN_POINT('',(4.554300000001E1,2.252928932188E2,
-4.634775240272E1));
#14352=DIRECTION('',(0.E0,0.E0,-1.E0));
#14353=DIRECTION('',(0.E0,1.E0,0.E0));
#14354=AXIS2_PLACEMENT_3D('',#14351,#14352,#14353);
#14355=CYLINDRICAL_SURFACE('',#14354,5.E-1);
#14356=ORIENTED_EDGE('',*,*,#11447,.T.);
#14357=ORIENTED_EDGE('',*,*,#11490,.F.);
#14358=ORIENTED_EDGE('',*,*,#14217,.F.);
#14359=ORIENTED_EDGE('',*,*,#14320,.F.);
#14360=EDGE_LOOP('',(#14356,#14357,#14358,#14359));
#14361=FACE_OUTER_BOUND('',#14360,.F.);
#14362=ADVANCED_FACE('',(#14361),#14355,.T.);
#14363=CARTESIAN_POINT('',(4.784299999993E1,2.168941042908E2,2.189185396374E1));
#14364=DIRECTION('',(0.E0,-7.660444431190E-1,6.427876096865E-1));
#14365=DIRECTION('',(0.E0,6.427876096865E-1,7.660444431190E-1));
#14366=AXIS2_PLACEMENT_3D('',#14363,#14364,#14365);
#14367=PLANE('',#14366);
#14369=ORIENTED_EDGE('',*,*,#14368,.F.);
#14371=ORIENTED_EDGE('',*,*,#14370,.T.);
#14372=ORIENTED_EDGE('',*,*,#10803,.T.);
#14373=ORIENTED_EDGE('',*,*,#10065,.F.);
#14375=ORIENTED_EDGE('',*,*,#14374,.F.);
#14376=EDGE_LOOP('',(#14369,#14371,#14372,#14373,#14375));
#14377=FACE_OUTER_BOUND('',#14376,.F.);
#14378=ADVANCED_FACE('',(#14377),#14367,.T.);
#14379=CARTESIAN_POINT('',(4.774299999993E1,1.600258979438E2,
-4.634775240272E1));
#14380=DIRECTION('',(0.E0,-6.427876096865E-1,-7.660444431190E-1));
#14381=DIRECTION('',(0.E0,7.660444431190E-1,-6.427876096865E-1));
#14382=AXIS2_PLACEMENT_3D('',#14379,#14380,#14381);
#14383=CYLINDRICAL_SURFACE('',#14382,3.E-1);
#14385=ORIENTED_EDGE('',*,*,#14384,.F.);
#14387=ORIENTED_EDGE('',*,*,#14386,.F.);
#14389=ORIENTED_EDGE('',*,*,#14388,.F.);
#14390=ORIENTED_EDGE('',*,*,#14368,.T.);
#14392=ORIENTED_EDGE('',*,*,#14391,.T.);
#14393=EDGE_LOOP('',(#14385,#14387,#14389,#14390,#14392));
#14394=FACE_OUTER_BOUND('',#14393,.F.);
#14395=ADVANCED_FACE('',(#14394),#14383,.T.);
#14396=CARTESIAN_POINT('',(4.744299999993E1,2.160194674318E2,2.281590317310E1));
#14397=DIRECTION('',(1.E0,0.E0,0.E0));
#14398=DIRECTION('',(0.E0,1.E0,0.E0));
#14399=AXIS2_PLACEMENT_3D('',#14396,#14397,#14398);
#14400=PLANE('',#14399);
#14402=ORIENTED_EDGE('',*,*,#14401,.T.);
#14404=ORIENTED_EDGE('',*,*,#14403,.T.);
#14405=ORIENTED_EDGE('',*,*,#14384,.T.);
#14407=ORIENTED_EDGE('',*,*,#14406,.F.);
#14408=EDGE_LOOP('',(#14402,#14404,#14405,#14407));
#14409=FACE_OUTER_BOUND('',#14408,.F.);
#14410=ADVANCED_FACE('',(#14409),#14400,.F.);
#14411=CARTESIAN_POINT('',(4.774299999993E1,1.605480608595E2,
-4.634775240272E1));
#14412=DIRECTION('',(0.E0,6.427876096865E-1,7.660444431190E-1));
#14413=DIRECTION('',(0.E0,-7.660444431190E-1,6.427876096865E-1));
#14414=AXIS2_PLACEMENT_3D('',#14411,#14412,#14413);
#14415=CYLINDRICAL_SURFACE('',#14414,3.E-1);
#14416=ORIENTED_EDGE('',*,*,#14401,.F.);
#14418=ORIENTED_EDGE('',*,*,#14417,.T.);
#14420=ORIENTED_EDGE('',*,*,#14419,.T.);
#14422=ORIENTED_EDGE('',*,*,#14421,.T.);
#14423=EDGE_LOOP('',(#14416,#14418,#14420,#14422));
#14424=FACE_OUTER_BOUND('',#14423,.F.);
#14425=ADVANCED_FACE('',(#14424),#14415,.T.);
#14426=CARTESIAN_POINT('',(5.384300000001E1,2.158999999996E2,1.992926468981E1));
#14427=DIRECTION('',(1.E0,0.E0,0.E0));
#14428=DIRECTION('',(0.E0,1.E0,0.E0));
#14429=AXIS2_PLACEMENT_3D('',#14426,#14427,#14428);
#14430=CYLINDRICAL_SURFACE('',#14429,2.2E0);
#14432=ORIENTED_EDGE('',*,*,#14431,.F.);
#14434=ORIENTED_EDGE('',*,*,#14433,.T.);
#14435=ORIENTED_EDGE('',*,*,#10027,.T.);
#14437=ORIENTED_EDGE('',*,*,#14436,.F.);
#14438=ORIENTED_EDGE('',*,*,#14417,.F.);
#14439=ORIENTED_EDGE('',*,*,#14406,.T.);
#14440=ORIENTED_EDGE('',*,*,#14391,.F.);
#14441=ORIENTED_EDGE('',*,*,#14374,.T.);
#14442=ORIENTED_EDGE('',*,*,#10063,.T.);
#14444=ORIENTED_EDGE('',*,*,#14443,.F.);
#14446=ORIENTED_EDGE('',*,*,#14445,.F.);
#14448=ORIENTED_EDGE('',*,*,#14447,.T.);
#14450=ORIENTED_EDGE('',*,*,#14449,.F.);
#14452=ORIENTED_EDGE('',*,*,#14451,.T.);
#14453=ORIENTED_EDGE('',*,*,#10051,.T.);
#14455=ORIENTED_EDGE('',*,*,#14454,.F.);
#14457=ORIENTED_EDGE('',*,*,#14456,.F.);
#14458=EDGE_LOOP('',(#14432,#14434,#14435,#14437,#14438,#14439,#14440,#14441,
#14442,#14444,#14446,#14448,#14450,#14452,#14453,#14455,#14457));
#14459=FACE_OUTER_BOUND('',#14458,.F.);
#14460=ADVANCED_FACE('',(#14459),#14430,.T.);
#14461=CARTESIAN_POINT('',(4.409300000001E1,2.158999999996E2,1.992926468981E1));
#14462=DIRECTION('',(1.E0,0.E0,0.E0));
#14463=DIRECTION('',(0.E0,1.E0,0.E0));
#14464=AXIS2_PLACEMENT_3D('',#14461,#14462,#14463);
#14465=CONICAL_SURFACE('',#14464,1.95E0,4.5E1);
#14467=ORIENTED_EDGE('',*,*,#14466,.F.);
#14469=ORIENTED_EDGE('',*,*,#14468,.T.);
#14470=ORIENTED_EDGE('',*,*,#14431,.T.);
#14471=ORIENTED_EDGE('',*,*,#14456,.T.);
#14473=ORIENTED_EDGE('',*,*,#14472,.F.);
#14475=ORIENTED_EDGE('',*,*,#14474,.F.);
#14476=EDGE_LOOP('',(#14467,#14469,#14470,#14471,#14473,#14475));
#14477=FACE_OUTER_BOUND('',#14476,.F.);
#14478=ADVANCED_FACE('',(#14477),#14465,.T.);
#14479=CARTESIAN_POINT('',(4.384300000001E1,1.9565E2,3.149572426420E1));
#14480=DIRECTION('',(-1.E0,0.E0,0.E0));
#14481=DIRECTION('',(0.E0,-1.E0,0.E0));
#14482=AXIS2_PLACEMENT_3D('',#14479,#14480,#14481);
#14483=PLANE('',#14482);
#14484=ORIENTED_EDGE('',*,*,#14466,.T.);
#14485=ORIENTED_EDGE('',*,*,#14474,.T.);
#14487=ORIENTED_EDGE('',*,*,#14486,.T.);
#14488=EDGE_LOOP('',(#14484,#14485,#14487));
#14489=FACE_OUTER_BOUND('',#14488,.F.);
#14491=ORIENTED_EDGE('',*,*,#14490,.T.);
#14493=ORIENTED_EDGE('',*,*,#14492,.T.);
#14494=EDGE_LOOP('',(#14491,#14493));
#14495=FACE_BOUND('',#14494,.F.);
#14496=ADVANCED_FACE('',(#14489,#14495),#14483,.T.);
#14497=CARTESIAN_POINT('',(5.384300000001E1,2.159000000038E2,1.992926468540E1));
#14498=DIRECTION('',(-1.E0,0.E0,0.E0));
#14499=DIRECTION('',(0.E0,7.660444431190E-1,-6.427876096865E-1));
#14500=AXIS2_PLACEMENT_3D('',#14497,#14498,#14499);
#14501=CYLINDRICAL_SURFACE('',#14500,1.E0);
#14502=ORIENTED_EDGE('',*,*,#14490,.F.);
#14504=ORIENTED_EDGE('',*,*,#14503,.F.);
#14506=ORIENTED_EDGE('',*,*,#14505,.T.);
#14508=ORIENTED_EDGE('',*,*,#14507,.T.);
#14509=EDGE_LOOP('',(#14502,#14504,#14506,#14508));
#14510=FACE_OUTER_BOUND('',#14509,.F.);
#14511=ADVANCED_FACE('',(#14510),#14501,.F.);
#14512=CARTESIAN_POINT('',(5.384300000001E1,2.159000000038E2,1.992926468540E1));
#14513=DIRECTION('',(-1.E0,0.E0,0.E0));
#14514=DIRECTION('',(0.E0,7.660444431190E-1,-6.427876096865E-1));
#14515=AXIS2_PLACEMENT_3D('',#14512,#14513,#14514);
#14516=CYLINDRICAL_SURFACE('',#14515,1.E0);
#14517=ORIENTED_EDGE('',*,*,#14503,.T.);
#14518=ORIENTED_EDGE('',*,*,#14492,.F.);
#14519=ORIENTED_EDGE('',*,*,#14507,.F.);
#14521=ORIENTED_EDGE('',*,*,#14520,.T.);
#14522=EDGE_LOOP('',(#14517,#14518,#14519,#14521));
#14523=FACE_OUTER_BOUND('',#14522,.F.);
#14524=ADVANCED_FACE('',(#14523),#14516,.F.);
#14525=CARTESIAN_POINT('',(4.084300000001E1,1.525208187149E2,
-4.634775240272E1));
#14526=DIRECTION('',(0.E0,6.427876096865E-1,7.660444431190E-1));
#14527=DIRECTION('',(0.E0,-7.660444431190E-1,6.427876096865E-1));
#14528=AXIS2_PLACEMENT_3D('',#14525,#14526,#14527);
#14529=CYLINDRICAL_SURFACE('',#14528,1.3E1);
#14530=ORIENTED_EDGE('',*,*,#14505,.F.);
#14531=ORIENTED_EDGE('',*,*,#14520,.F.);
#14532=EDGE_LOOP('',(#14530,#14531));
#14533=FACE_OUTER_BOUND('',#14532,.F.);
#14534=ADVANCED_FACE('',(#14533),#14529,.F.);
#14535=CARTESIAN_POINT('',(4.409300000001E1,2.158999999996E2,1.992926468981E1));
#14536=DIRECTION('',(1.E0,0.E0,0.E0));
#14537=DIRECTION('',(0.E0,1.E0,0.E0));
#14538=AXIS2_PLACEMENT_3D('',#14535,#14536,#14537);
#14539=CONICAL_SURFACE('',#14538,1.95E0,4.5E1);
#14540=ORIENTED_EDGE('',*,*,#14472,.T.);
#14542=ORIENTED_EDGE('',*,*,#14541,.T.);
#14543=ORIENTED_EDGE('',*,*,#14468,.F.);
#14544=ORIENTED_EDGE('',*,*,#14486,.F.);
#14545=EDGE_LOOP('',(#14540,#14542,#14543,#14544));
#14546=FACE_OUTER_BOUND('',#14545,.F.);
#14547=ADVANCED_FACE('',(#14546),#14539,.T.);
#14548=CARTESIAN_POINT('',(5.384300000001E1,2.158999999996E2,1.992926468981E1));
#14549=DIRECTION('',(1.E0,0.E0,0.E0));
#14550=DIRECTION('',(0.E0,1.E0,0.E0));
#14551=AXIS2_PLACEMENT_3D('',#14548,#14549,#14550);
#14552=CYLINDRICAL_SURFACE('',#14551,2.2E0);
#14553=ORIENTED_EDGE('',*,*,#14454,.T.);
#14554=ORIENTED_EDGE('',*,*,#10049,.T.);
#14556=ORIENTED_EDGE('',*,*,#14555,.F.);
#14558=ORIENTED_EDGE('',*,*,#14557,.F.);
#14560=ORIENTED_EDGE('',*,*,#14559,.T.);
#14562=ORIENTED_EDGE('',*,*,#14561,.F.);
#14564=ORIENTED_EDGE('',*,*,#14563,.T.);
#14565=ORIENTED_EDGE('',*,*,#10037,.T.);
#14567=ORIENTED_EDGE('',*,*,#14566,.F.);
#14569=ORIENTED_EDGE('',*,*,#14568,.F.);
#14571=ORIENTED_EDGE('',*,*,#14570,.T.);
#14573=ORIENTED_EDGE('',*,*,#14572,.F.);
#14575=ORIENTED_EDGE('',*,*,#14574,.T.);
#14576=ORIENTED_EDGE('',*,*,#10029,.T.);
#14577=ORIENTED_EDGE('',*,*,#14433,.F.);
#14578=ORIENTED_EDGE('',*,*,#14541,.F.);
#14579=EDGE_LOOP('',(#14553,#14554,#14556,#14558,#14560,#14562,#14564,#14565,
#14567,#14569,#14571,#14573,#14575,#14576,#14577,#14578));
#14580=FACE_OUTER_BOUND('',#14579,.F.);
#14581=ADVANCED_FACE('',(#14580),#14552,.T.);
#14582=CARTESIAN_POINT('',(4.784299999993E1,2.123030397296E2,1.642043627906E1));
#14583=DIRECTION('',(0.E0,-7.660444431190E-1,6.427876096865E-1));
#14584=DIRECTION('',(0.E0,6.427876096865E-1,7.660444431190E-1));
#14585=AXIS2_PLACEMENT_3D('',#14582,#14583,#14584);
#14586=PLANE('',#14585);
#14588=ORIENTED_EDGE('',*,*,#14587,.T.);
#14589=ORIENTED_EDGE('',*,*,#14555,.T.);
#14590=ORIENTED_EDGE('',*,*,#10047,.F.);
#14592=ORIENTED_EDGE('',*,*,#14591,.T.);
#14593=EDGE_LOOP('',(#14588,#14589,#14590,#14592));
#14594=FACE_OUTER_BOUND('',#14593,.F.);
#14595=ADVANCED_FACE('',(#14594),#14586,.T.);
#14596=CARTESIAN_POINT('',(4.774299999993E1,1.600258979438E2,
-4.634775240272E1));
#14597=DIRECTION('',(0.E0,-6.427876096865E-1,-7.660444431190E-1));
#14598=DIRECTION('',(0.E0,7.660444431190E-1,-6.427876096865E-1));
#14599=AXIS2_PLACEMENT_3D('',#14596,#14597,#14598);
#14600=CYLINDRICAL_SURFACE('',#14599,3.E-1);
#14602=ORIENTED_EDGE('',*,*,#14601,.T.);
#14603=ORIENTED_EDGE('',*,*,#14557,.T.);
#14604=ORIENTED_EDGE('',*,*,#14587,.F.);
#14606=ORIENTED_EDGE('',*,*,#14605,.T.);
#14607=EDGE_LOOP('',(#14602,#14603,#14604,#14606));
#14608=FACE_OUTER_BOUND('',#14607,.F.);
#14609=ADVANCED_FACE('',(#14608),#14600,.T.);
#14610=CARTESIAN_POINT('',(4.744299999993E1,2.160194674318E2,2.281590317310E1));
#14611=DIRECTION('',(1.E0,0.E0,0.E0));
#14612=DIRECTION('',(0.E0,1.E0,0.E0));
#14613=AXIS2_PLACEMENT_3D('',#14610,#14611,#14612);
#14614=PLANE('',#14613);
#14616=ORIENTED_EDGE('',*,*,#14615,.F.);
#14617=ORIENTED_EDGE('',*,*,#14559,.F.);
#14618=ORIENTED_EDGE('',*,*,#14601,.F.);
#14620=ORIENTED_EDGE('',*,*,#14619,.F.);
#14621=EDGE_LOOP('',(#14616,#14617,#14618,#14620));
#14622=FACE_OUTER_BOUND('',#14621,.F.);
#14623=ADVANCED_FACE('',(#14622),#14614,.F.);
#14624=CARTESIAN_POINT('',(4.774299999993E1,1.605480608595E2,
-4.634775240272E1));
#14625=DIRECTION('',(0.E0,6.427876096865E-1,7.660444431190E-1));
#14626=DIRECTION('',(0.E0,-7.660444431190E-1,6.427876096865E-1));
#14627=AXIS2_PLACEMENT_3D('',#14624,#14625,#14626);
#14628=CYLINDRICAL_SURFACE('',#14627,3.E-1);
#14630=ORIENTED_EDGE('',*,*,#14629,.F.);
#14632=ORIENTED_EDGE('',*,*,#14631,.F.);
#14634=ORIENTED_EDGE('',*,*,#14633,.F.);
#14635=ORIENTED_EDGE('',*,*,#14561,.T.);
#14636=ORIENTED_EDGE('',*,*,#14615,.T.);
#14637=EDGE_LOOP('',(#14630,#14632,#14634,#14635,#14636));
#14638=FACE_OUTER_BOUND('',#14637,.F.);
#14639=ADVANCED_FACE('',(#14638),#14628,.T.);
#14640=CARTESIAN_POINT('',(4.774299999993E1,2.130321071226E2,1.620029828521E1));
#14641=DIRECTION('',(-7.071067811865E-1,6.162841671615E-2,-7.044160264028E-1));
#14642=DIRECTION('',(-7.057575568080E-1,0.E0,7.084534360199E-1));
#14643=AXIS2_PLACEMENT_3D('',#14640,#14641,#14642);
#14644=SPHERICAL_SURFACE('',#14643,3.E-1);
#14645=ORIENTED_EDGE('',*,*,#14629,.T.);
#14647=ORIENTED_EDGE('',*,*,#14646,.F.);
#14649=ORIENTED_EDGE('',*,*,#14648,.T.);
#14651=ORIENTED_EDGE('',*,*,#14650,.F.);
#14653=ORIENTED_EDGE('',*,*,#14652,.T.);
#14654=EDGE_LOOP('',(#14645,#14647,#14649,#14651,#14653));
#14655=FACE_OUTER_BOUND('',#14654,.F.);
#14656=ADVANCED_FACE('',(#14655),#14644,.T.);
#14657=CARTESIAN_POINT('',(4.774299999993E1,-2.06E1,2.122409132030E2));
#14658=DIRECTION('',(0.E0,7.660444431190E-1,-6.427876096865E-1));
#14659=DIRECTION('',(0.E0,6.427876096865E-1,7.660444431190E-1));
#14660=AXIS2_PLACEMENT_3D('',#14657,#14658,#14659);
#14661=CYLINDRICAL_SURFACE('',#14660,3.E-1);
#14663=ORIENTED_EDGE('',*,*,#14662,.F.);
#14665=ORIENTED_EDGE('',*,*,#14664,.F.);
#14667=ORIENTED_EDGE('',*,*,#14666,.F.);
#14668=ORIENTED_EDGE('',*,*,#14646,.T.);
#14669=ORIENTED_EDGE('',*,*,#14619,.T.);
#14670=EDGE_LOOP('',(#14663,#14665,#14667,#14668,#14669));
#14671=FACE_OUTER_BOUND('',#14670,.F.);
#14672=ADVANCED_FACE('',(#14671),#14661,.T.);
#14673=CARTESIAN_POINT('',(4.774299999993E1,2.127256893454E2,1.645741332909E1));
#14674=DIRECTION('',(-7.071067811865E-1,-7.044160264028E-1,-6.162841671610E-2));
#14675=DIRECTION('',(-7.057575568080E-1,7.084534360199E-1,0.E0));
#14676=AXIS2_PLACEMENT_3D('',#14673,#14674,#14675);
#14677=SPHERICAL_SURFACE('',#14676,3.E-1);
#14678=ORIENTED_EDGE('',*,*,#14662,.T.);
#14679=ORIENTED_EDGE('',*,*,#14605,.F.);
#14681=ORIENTED_EDGE('',*,*,#14680,.F.);
#14683=ORIENTED_EDGE('',*,*,#14682,.F.);
#14685=ORIENTED_EDGE('',*,*,#14684,.T.);
#14686=EDGE_LOOP('',(#14678,#14679,#14681,#14683,#14685));
#14687=FACE_OUTER_BOUND('',#14686,.F.);
#14688=ADVANCED_FACE('',(#14687),#14677,.T.);
#14689=CARTESIAN_POINT('',(-4.19842E2,2.127256893454E2,1.645741332909E1));
#14690=DIRECTION('',(-1.E0,0.E0,0.E0));
#14691=DIRECTION('',(0.E0,-1.E0,0.E0));
#14692=AXIS2_PLACEMENT_3D('',#14689,#14690,#14691);
#14693=CYLINDRICAL_SURFACE('',#14692,3.E-1);
#14695=ORIENTED_EDGE('',*,*,#14694,.T.);
#14697=ORIENTED_EDGE('',*,*,#14696,.T.);
#14698=ORIENTED_EDGE('',*,*,#14680,.T.);
#14699=ORIENTED_EDGE('',*,*,#14591,.F.);
#14700=ORIENTED_EDGE('',*,*,#10045,.F.);
#14701=EDGE_LOOP('',(#14695,#14697,#14698,#14699,#14700));
#14702=FACE_OUTER_BOUND('',#14701,.F.);
#14703=ADVANCED_FACE('',(#14702),#14693,.T.);
#14704=CARTESIAN_POINT('',(4.784299999993E1,2.130690841727E2,1.577764866937E1));
#14705=DIRECTION('',(0.E0,-6.427876096865E-1,-7.660444431190E-1));
#14706=DIRECTION('',(0.E0,-7.660444431190E-1,6.427876096865E-1));
#14707=AXIS2_PLACEMENT_3D('',#14704,#14705,#14706);
#14708=PLANE('',#14707);
#14709=ORIENTED_EDGE('',*,*,#14694,.F.);
#14710=ORIENTED_EDGE('',*,*,#10043,.T.);
#14712=ORIENTED_EDGE('',*,*,#14711,.F.);
#14713=ORIENTED_EDGE('',*,*,#14666,.T.);
#14714=EDGE_LOOP('',(#14709,#14710,#14712,#14713));
#14715=FACE_OUTER_BOUND('',#14714,.F.);
#14716=ADVANCED_FACE('',(#14715),#14708,.T.);
#14717=CARTESIAN_POINT('',(-4.19842E2,2.130321071226E2,1.620029828521E1));
#14718=DIRECTION('',(1.E0,0.E0,0.E0));
#14719=DIRECTION('',(0.E0,1.E0,0.E0));
#14720=AXIS2_PLACEMENT_3D('',#14717,#14718,#14719);
#14721=CYLINDRICAL_SURFACE('',#14720,3.E-1);
#14722=ORIENTED_EDGE('',*,*,#14711,.T.);
#14723=ORIENTED_EDGE('',*,*,#10041,.F.);
#14725=ORIENTED_EDGE('',*,*,#14724,.F.);
#14727=ORIENTED_EDGE('',*,*,#14726,.F.);
#14728=ORIENTED_EDGE('',*,*,#14648,.F.);
#14729=EDGE_LOOP('',(#14722,#14723,#14725,#14727,#14728));
#14730=FACE_OUTER_BOUND('',#14729,.F.);
#14731=ADVANCED_FACE('',(#14730),#14721,.T.);
#14732=CARTESIAN_POINT('',(4.784299999993E1,2.149058957083E2,1.796667541588E1));
#14733=DIRECTION('',(0.E0,7.660444431190E-1,-6.427876096865E-1));
#14734=DIRECTION('',(0.E0,-6.427876096865E-1,-7.660444431190E-1));
#14735=AXIS2_PLACEMENT_3D('',#14732,#14733,#14734);
#14736=PLANE('',#14735);
#14737=ORIENTED_EDGE('',*,*,#14633,.T.);
#14738=ORIENTED_EDGE('',*,*,#14724,.T.);
#14739=ORIENTED_EDGE('',*,*,#10039,.T.);
#14740=ORIENTED_EDGE('',*,*,#14563,.F.);
#14741=EDGE_LOOP('',(#14737,#14738,#14739,#14740));
#14742=FACE_OUTER_BOUND('',#14741,.F.);
#14743=ADVANCED_FACE('',(#14742),#14736,.T.);
#14744=CARTESIAN_POINT('',(4.774299999993E1,2.130321071226E2,1.620029828521E1));
#14745=DIRECTION('',(-7.071067811865E-1,6.162841671615E-2,-7.044160264028E-1));
#14746=DIRECTION('',(-7.057575568080E-1,0.E0,7.084534360199E-1));
#14747=AXIS2_PLACEMENT_3D('',#14744,#14745,#14746);
#14748=SPHERICAL_SURFACE('',#14747,3.E-1);
#14749=ORIENTED_EDGE('',*,*,#14650,.T.);
#14750=ORIENTED_EDGE('',*,*,#14726,.T.);
#14751=ORIENTED_EDGE('',*,*,#14631,.T.);
#14752=ORIENTED_EDGE('',*,*,#14652,.F.);
#14753=EDGE_LOOP('',(#14749,#14750,#14751,#14752));
#14754=FACE_OUTER_BOUND('',#14753,.F.);
#14755=ADVANCED_FACE('',(#14754),#14748,.T.);
#14756=CARTESIAN_POINT('',(4.774299999993E1,2.127256893454E2,1.645741332909E1));
#14757=DIRECTION('',(-7.071067811865E-1,-7.044160264028E-1,-6.162841671610E-2));
#14758=DIRECTION('',(-7.057575568080E-1,7.084534360199E-1,0.E0));
#14759=AXIS2_PLACEMENT_3D('',#14756,#14757,#14758);
#14760=SPHERICAL_SURFACE('',#14759,3.E-1);
#14761=ORIENTED_EDGE('',*,*,#14682,.T.);
#14762=ORIENTED_EDGE('',*,*,#14696,.F.);
#14763=ORIENTED_EDGE('',*,*,#14664,.T.);
#14764=ORIENTED_EDGE('',*,*,#14684,.F.);
#14765=EDGE_LOOP('',(#14761,#14762,#14763,#14764));
#14766=FACE_OUTER_BOUND('',#14765,.F.);
#14767=ADVANCED_FACE('',(#14766),#14760,.T.);
#14768=CARTESIAN_POINT('',(4.784299999993E1,2.194088284103E2,1.633230441982E1));
#14769=DIRECTION('',(0.E0,-6.427876096865E-1,-7.660444431190E-1));
#14770=DIRECTION('',(0.E0,-7.660444431190E-1,6.427876096865E-1));
#14771=AXIS2_PLACEMENT_3D('',#14768,#14769,#14770);
#14772=PLANE('',#14771);
#14773=ORIENTED_EDGE('',*,*,#10035,.T.);
#14775=ORIENTED_EDGE('',*,*,#14774,.F.);
#14777=ORIENTED_EDGE('',*,*,#14776,.T.);
#14778=ORIENTED_EDGE('',*,*,#14566,.T.);
#14779=EDGE_LOOP('',(#14773,#14775,#14777,#14778));
#14780=FACE_OUTER_BOUND('',#14779,.F.);
#14781=ADVANCED_FACE('',(#14780),#14772,.T.);
#14782=CARTESIAN_POINT('',(4.784299999993E1,2.200516160200E2,1.709834886293E1));
#14783=DIRECTION('',(0.E0,7.660444431190E-1,-6.427876096865E-1));
#14784=DIRECTION('',(0.E0,-6.427876096865E-1,-7.660444431190E-1));
#14785=AXIS2_PLACEMENT_3D('',#14782,#14783,#14784);
#14786=PLANE('',#14785);
#14787=ORIENTED_EDGE('',*,*,#14774,.T.);
#14788=ORIENTED_EDGE('',*,*,#10033,.T.);
#14790=ORIENTED_EDGE('',*,*,#14789,.T.);
#14792=ORIENTED_EDGE('',*,*,#14791,.T.);
#14794=ORIENTED_EDGE('',*,*,#14793,.T.);
#14796=ORIENTED_EDGE('',*,*,#14795,.F.);
#14797=EDGE_LOOP('',(#14787,#14788,#14790,#14792,#14794,#14796));
#14798=FACE_OUTER_BOUND('',#14797,.F.);
#14799=ADVANCED_FACE('',(#14798),#14786,.T.);
#14800=CARTESIAN_POINT('',(4.784299999993E1,2.178625892735E2,1.893516039857E1));
#14801=DIRECTION('',(0.E0,6.427876096865E-1,7.660444431190E-1));
#14802=DIRECTION('',(0.E0,7.660444431190E-1,-6.427876096865E-1));
#14803=AXIS2_PLACEMENT_3D('',#14800,#14801,#14802);
#14804=PLANE('',#14803);
#14806=ORIENTED_EDGE('',*,*,#14805,.T.);
#14807=ORIENTED_EDGE('',*,*,#14789,.F.);
#14808=ORIENTED_EDGE('',*,*,#10031,.F.);
#14809=ORIENTED_EDGE('',*,*,#14574,.F.);
#14810=EDGE_LOOP('',(#14806,#14807,#14808,#14809));
#14811=FACE_OUTER_BOUND('',#14810,.F.);
#14812=ADVANCED_FACE('',(#14811),#14804,.T.);
#14813=CARTESIAN_POINT('',(4.774299999993E1,-2.06E1,2.186374089207E2));
#14814=DIRECTION('',(0.E0,-7.660444431190E-1,6.427876096865E-1));
#14815=DIRECTION('',(0.E0,-6.427876096865E-1,-7.660444431190E-1));
#14816=AXIS2_PLACEMENT_3D('',#14813,#14814,#14815);
#14817=CYLINDRICAL_SURFACE('',#14816,3.E-1);
#14819=ORIENTED_EDGE('',*,*,#14818,.T.);
#14820=ORIENTED_EDGE('',*,*,#14791,.F.);
#14821=ORIENTED_EDGE('',*,*,#14805,.F.);
#14822=ORIENTED_EDGE('',*,*,#14572,.T.);
#14823=EDGE_LOOP('',(#14819,#14820,#14821,#14822));
#14824=FACE_OUTER_BOUND('',#14823,.F.);
#14825=ADVANCED_FACE('',(#14824),#14817,.T.);
#14826=CARTESIAN_POINT('',(4.744299999993E1,2.160194674318E2,2.281590317310E1));
#14827=DIRECTION('',(1.E0,0.E0,0.E0));
#14828=DIRECTION('',(0.E0,1.E0,0.E0));
#14829=AXIS2_PLACEMENT_3D('',#14826,#14827,#14828);
#14830=PLANE('',#14829);
#14831=ORIENTED_EDGE('',*,*,#14818,.F.);
#14832=ORIENTED_EDGE('',*,*,#14570,.F.);
#14834=ORIENTED_EDGE('',*,*,#14833,.F.);
#14835=ORIENTED_EDGE('',*,*,#14793,.F.);
#14836=EDGE_LOOP('',(#14831,#14832,#14834,#14835));
#14837=FACE_OUTER_BOUND('',#14836,.F.);
#14838=ADVANCED_FACE('',(#14837),#14830,.F.);
#14839=CARTESIAN_POINT('',(4.774299999993E1,-2.06E1,2.181152460050E2));
#14840=DIRECTION('',(0.E0,7.660444431190E-1,-6.427876096865E-1));
#14841=DIRECTION('',(0.E0,6.427876096865E-1,7.660444431190E-1));
#14842=AXIS2_PLACEMENT_3D('',#14839,#14840,#14841);
#14843=CYLINDRICAL_SURFACE('',#14842,3.E-1);
#14844=ORIENTED_EDGE('',*,*,#14833,.T.);
#14845=ORIENTED_EDGE('',*,*,#14568,.T.);
#14846=ORIENTED_EDGE('',*,*,#14776,.F.);
#14847=ORIENTED_EDGE('',*,*,#14795,.T.);
#14848=EDGE_LOOP('',(#14844,#14845,#14846,#14847));
#14849=FACE_OUTER_BOUND('',#14848,.F.);
#14850=ADVANCED_FACE('',(#14849),#14843,.T.);
#14851=CARTESIAN_POINT('',(4.784299999993E1,2.194969602695E2,2.343809310056E1));
#14852=DIRECTION('',(0.E0,7.660444431190E-1,-6.427876096865E-1));
#14853=DIRECTION('',(0.E0,-6.427876096865E-1,-7.660444431190E-1));
#14854=AXIS2_PLACEMENT_3D('',#14851,#14852,#14853);
#14855=PLANE('',#14854);
#14857=ORIENTED_EDGE('',*,*,#14856,.F.);
#14858=ORIENTED_EDGE('',*,*,#14419,.F.);
#14859=ORIENTED_EDGE('',*,*,#14436,.T.);
#14860=ORIENTED_EDGE('',*,*,#10025,.T.);
#14861=ORIENTED_EDGE('',*,*,#10811,.T.);
#14862=EDGE_LOOP('',(#14857,#14858,#14859,#14860,#14861));
#14863=FACE_OUTER_BOUND('',#14862,.F.);
#14864=ADVANCED_FACE('',(#14863),#14855,.T.);
#14865=CARTESIAN_POINT('',(-4.19842E2,2.190743106537E2,2.340111605053E1));
#14866=DIRECTION('',(1.E0,0.E0,0.E0));
#14867=DIRECTION('',(0.E0,1.E0,0.E0));
#14868=AXIS2_PLACEMENT_3D('',#14865,#14866,#14867);
#14869=CYLINDRICAL_SURFACE('',#14868,3.E-1);
#14870=ORIENTED_EDGE('',*,*,#14856,.T.);
#14871=ORIENTED_EDGE('',*,*,#10809,.T.);
#14873=ORIENTED_EDGE('',*,*,#14872,.F.);
#14875=ORIENTED_EDGE('',*,*,#14874,.F.);
#14877=ORIENTED_EDGE('',*,*,#14876,.F.);
#14878=EDGE_LOOP('',(#14870,#14871,#14873,#14875,#14877));
#14879=FACE_OUTER_BOUND('',#14878,.F.);
#14880=ADVANCED_FACE('',(#14879),#14869,.T.);
#14881=CARTESIAN_POINT('',(4.784299999993E1,2.187309158264E2,2.408088071025E1));
#14882=DIRECTION('',(0.E0,6.427876096865E-1,7.660444431190E-1));
#14883=DIRECTION('',(0.E0,7.660444431190E-1,-6.427876096865E-1));
#14884=AXIS2_PLACEMENT_3D('',#14881,#14882,#14883);
#14885=PLANE('',#14884);
#14887=ORIENTED_EDGE('',*,*,#14886,.F.);
#14889=ORIENTED_EDGE('',*,*,#14888,.F.);
#14890=ORIENTED_EDGE('',*,*,#14872,.T.);
#14891=ORIENTED_EDGE('',*,*,#10807,.T.);
#14892=EDGE_LOOP('',(#14887,#14889,#14890,#14891));
#14893=FACE_OUTER_BOUND('',#14892,.F.);
#14894=ADVANCED_FACE('',(#14893),#14885,.T.);
#14895=CARTESIAN_POINT('',(-4.19842E2,2.187678928765E2,2.365823109440E1));
#14896=DIRECTION('',(1.E0,0.E0,0.E0));
#14897=DIRECTION('',(0.E0,1.E0,0.E0));
#14898=AXIS2_PLACEMENT_3D('',#14895,#14896,#14897);
#14899=CYLINDRICAL_SURFACE('',#14898,3.E-1);
#14900=ORIENTED_EDGE('',*,*,#14886,.T.);
#14901=ORIENTED_EDGE('',*,*,#10805,.T.);
#14902=ORIENTED_EDGE('',*,*,#14370,.F.);
#14904=ORIENTED_EDGE('',*,*,#14903,.F.);
#14906=ORIENTED_EDGE('',*,*,#14905,.F.);
#14907=EDGE_LOOP('',(#14900,#14901,#14902,#14904,#14906));
#14908=FACE_OUTER_BOUND('',#14907,.F.);
#14909=ADVANCED_FACE('',(#14908),#14899,.T.);
#14910=CARTESIAN_POINT('',(4.774299999993E1,2.187678928765E2,2.365823109440E1));
#14911=DIRECTION('',(-5.E-1,-2.202814155764E-1,8.375416992315E-1));
#14912=DIRECTION('',(8.586328448865E-1,0.E0,5.125911018367E-1));
#14913=AXIS2_PLACEMENT_3D('',#14910,#14911,#14912);
#14914=SPHERICAL_SURFACE('',#14913,3.E-1);
#14915=ORIENTED_EDGE('',*,*,#14903,.T.);
#14916=ORIENTED_EDGE('',*,*,#14388,.T.);
#14918=ORIENTED_EDGE('',*,*,#14917,.F.);
#14920=ORIENTED_EDGE('',*,*,#14919,.T.);
#14921=EDGE_LOOP('',(#14915,#14916,#14918,#14920));
#14922=FACE_OUTER_BOUND('',#14921,.F.);
#14923=ADVANCED_FACE('',(#14922),#14914,.T.);
#14924=CARTESIAN_POINT('',(4.774299999993E1,2.187678928765E2,2.365823109440E1));
#14925=DIRECTION('',(-5.E-1,-2.202814155764E-1,8.375416992315E-1));
#14926=DIRECTION('',(8.586328448865E-1,0.E0,5.125911018367E-1));
#14927=AXIS2_PLACEMENT_3D('',#14924,#14925,#14926);
#14928=SPHERICAL_SURFACE('',#14927,3.E-1);
#14929=ORIENTED_EDGE('',*,*,#14917,.T.);
#14930=ORIENTED_EDGE('',*,*,#14386,.T.);
#14932=ORIENTED_EDGE('',*,*,#14931,.F.);
#14933=ORIENTED_EDGE('',*,*,#14905,.T.);
#14934=ORIENTED_EDGE('',*,*,#14919,.F.);
#14935=EDGE_LOOP('',(#14929,#14930,#14932,#14933,#14934));
#14936=FACE_OUTER_BOUND('',#14935,.F.);
#14937=ADVANCED_FACE('',(#14936),#14928,.T.);
#14938=CARTESIAN_POINT('',(4.774299999993E1,-2.06E1,2.245117417227E2));
#14939=DIRECTION('',(0.E0,-7.660444431190E-1,6.427876096865E-1));
#14940=DIRECTION('',(0.E0,-6.427876096865E-1,-7.660444431190E-1));
#14941=AXIS2_PLACEMENT_3D('',#14938,#14939,#14940);
#14942=CYLINDRICAL_SURFACE('',#14941,3.E-1);
#14944=ORIENTED_EDGE('',*,*,#14943,.F.);
#14946=ORIENTED_EDGE('',*,*,#14945,.F.);
#14947=ORIENTED_EDGE('',*,*,#14888,.T.);
#14948=ORIENTED_EDGE('',*,*,#14931,.T.);
#14949=ORIENTED_EDGE('',*,*,#14403,.F.);
#14950=EDGE_LOOP('',(#14944,#14946,#14947,#14948,#14949));
#14951=FACE_OUTER_BOUND('',#14950,.F.);
#14952=ADVANCED_FACE('',(#14951),#14942,.T.);
#14953=CARTESIAN_POINT('',(4.774299999993E1,2.190743106537E2,2.340111605053E1));
#14954=DIRECTION('',(-7.071067811866E-1,7.044160264027E-1,6.162841671615E-2));
#14955=DIRECTION('',(7.057575568079E-1,7.084534360200E-1,0.E0));
#14956=AXIS2_PLACEMENT_3D('',#14953,#14954,#14955);
#14957=SPHERICAL_SURFACE('',#14956,3.E-1);
#14958=ORIENTED_EDGE('',*,*,#14943,.T.);
#14959=ORIENTED_EDGE('',*,*,#14421,.F.);
#14960=ORIENTED_EDGE('',*,*,#14876,.T.);
#14962=ORIENTED_EDGE('',*,*,#14961,.F.);
#14964=ORIENTED_EDGE('',*,*,#14963,.T.);
#14965=EDGE_LOOP('',(#14958,#14959,#14960,#14962,#14964));
#14966=FACE_OUTER_BOUND('',#14965,.F.);
#14967=ADVANCED_FACE('',(#14966),#14957,.T.);
#14968=CARTESIAN_POINT('',(4.774299999993E1,2.190743106537E2,2.340111605053E1));
#14969=DIRECTION('',(-7.071067811866E-1,7.044160264027E-1,6.162841671615E-2));
#14970=DIRECTION('',(7.057575568079E-1,7.084534360200E-1,0.E0));
#14971=AXIS2_PLACEMENT_3D('',#14968,#14969,#14970);
#14972=SPHERICAL_SURFACE('',#14971,3.E-1);
#14973=ORIENTED_EDGE('',*,*,#14963,.F.);
#14974=ORIENTED_EDGE('',*,*,#14961,.T.);
#14975=ORIENTED_EDGE('',*,*,#14874,.T.);
#14976=ORIENTED_EDGE('',*,*,#14945,.T.);
#14977=EDGE_LOOP('',(#14973,#14974,#14975,#14976));
#14978=FACE_OUTER_BOUND('',#14977,.F.);
#14979=ADVANCED_FACE('',(#14978),#14972,.T.);
#14980=CARTESIAN_POINT('',(4.784299999993E1,2.123911715888E2,2.352622495980E1));
#14981=DIRECTION('',(0.E0,6.427876096865E-1,7.660444431190E-1));
#14982=DIRECTION('',(0.E0,7.660444431190E-1,-6.427876096865E-1));
#14983=AXIS2_PLACEMENT_3D('',#14980,#14981,#14982);
#14984=PLANE('',#14983);
#14986=ORIENTED_EDGE('',*,*,#14985,.F.);
#14988=ORIENTED_EDGE('',*,*,#14987,.T.);
#14989=ORIENTED_EDGE('',*,*,#14443,.T.);
#14990=ORIENTED_EDGE('',*,*,#10061,.F.);
#14991=EDGE_LOOP('',(#14986,#14988,#14989,#14990));
#14992=FACE_OUTER_BOUND('',#14991,.F.);
#14993=ADVANCED_FACE('',(#14992),#14984,.T.);
#14994=CARTESIAN_POINT('',(-4.19842E2,2.124281486388E2,2.310357534396E1));
#14995=DIRECTION('',(1.E0,0.E0,0.E0));
#14996=DIRECTION('',(0.E0,1.E0,0.E0));
#14997=AXIS2_PLACEMENT_3D('',#14994,#14995,#14996);
#14998=CYLINDRICAL_SURFACE('',#14997,3.E-1);
#14999=ORIENTED_EDGE('',*,*,#14985,.T.);
#15000=ORIENTED_EDGE('',*,*,#10059,.T.);
#15002=ORIENTED_EDGE('',*,*,#15001,.F.);
#15004=ORIENTED_EDGE('',*,*,#15003,.F.);
#15006=ORIENTED_EDGE('',*,*,#15005,.F.);
#15007=EDGE_LOOP('',(#14999,#15000,#15002,#15004,#15006));
#15008=FACE_OUTER_BOUND('',#15007,.F.);
#15009=ADVANCED_FACE('',(#15008),#14998,.T.);
#15010=CARTESIAN_POINT('',(4.784299999993E1,2.117483839791E2,2.276018051668E1));
#15011=DIRECTION('',(0.E0,-7.660444431190E-1,6.427876096865E-1));
#15012=DIRECTION('',(0.E0,6.427876096865E-1,7.660444431190E-1));
#15013=AXIS2_PLACEMENT_3D('',#15010,#15011,#15012);
#15014=PLANE('',#15013);
#15016=ORIENTED_EDGE('',*,*,#15015,.T.);
#15017=ORIENTED_EDGE('',*,*,#15001,.T.);
#15018=ORIENTED_EDGE('',*,*,#10057,.F.);
#15020=ORIENTED_EDGE('',*,*,#15019,.T.);
#15021=EDGE_LOOP('',(#15016,#15017,#15018,#15020));
#15022=FACE_OUTER_BOUND('',#15021,.F.);
#15023=ADVANCED_FACE('',(#15022),#15014,.T.);
#15024=CARTESIAN_POINT('',(4.774299999993E1,1.541515651418E2,
-4.634775240272E1));
#15025=DIRECTION('',(0.E0,-6.427876096865E-1,-7.660444431190E-1));
#15026=DIRECTION('',(0.E0,7.660444431190E-1,-6.427876096865E-1));
#15027=AXIS2_PLACEMENT_3D('',#15024,#15025,#15026);
#15028=CYLINDRICAL_SURFACE('',#15027,3.E-1);
#15030=ORIENTED_EDGE('',*,*,#15029,.F.);
#15032=ORIENTED_EDGE('',*,*,#15031,.F.);
#15033=ORIENTED_EDGE('',*,*,#15015,.F.);
#15035=ORIENTED_EDGE('',*,*,#15034,.T.);
#15037=ORIENTED_EDGE('',*,*,#15036,.T.);
#15038=EDGE_LOOP('',(#15030,#15032,#15033,#15035,#15037));
#15039=FACE_OUTER_BOUND('',#15038,.F.);
#15040=ADVANCED_FACE('',(#15039),#15028,.T.);
#15041=CARTESIAN_POINT('',(4.774299999993E1,2.124281486388E2,2.310357534396E1));
#15042=DIRECTION('',(-7.071067811865E-1,-6.162841671615E-2,7.044160264028E-1));
#15043=DIRECTION('',(7.057575568080E-1,0.E0,7.084534360199E-1));
#15044=AXIS2_PLACEMENT_3D('',#15041,#15042,#15043);
#15045=SPHERICAL_SURFACE('',#15044,3.E-1);
#15046=ORIENTED_EDGE('',*,*,#15029,.T.);
#15048=ORIENTED_EDGE('',*,*,#15047,.F.);
#15049=ORIENTED_EDGE('',*,*,#15005,.T.);
#15051=ORIENTED_EDGE('',*,*,#15050,.F.);
#15053=ORIENTED_EDGE('',*,*,#15052,.T.);
#15054=EDGE_LOOP('',(#15046,#15048,#15049,#15051,#15053));
#15055=FACE_OUTER_BOUND('',#15054,.F.);
#15056=ADVANCED_FACE('',(#15055),#15045,.T.);
#15057=CARTESIAN_POINT('',(4.774299999993E1,-2.06E1,2.186374089207E2));
#15058=DIRECTION('',(0.E0,-7.660444431190E-1,6.427876096865E-1));
#15059=DIRECTION('',(0.E0,-6.427876096865E-1,-7.660444431190E-1));
#15060=AXIS2_PLACEMENT_3D('',#15057,#15058,#15059);
#15061=CYLINDRICAL_SURFACE('',#15060,3.E-1);
#15063=ORIENTED_EDGE('',*,*,#15062,.T.);
#15064=ORIENTED_EDGE('',*,*,#14445,.T.);
#15065=ORIENTED_EDGE('',*,*,#14987,.F.);
#15066=ORIENTED_EDGE('',*,*,#15047,.T.);
#15067=EDGE_LOOP('',(#15063,#15064,#15065,#15066));
#15068=FACE_OUTER_BOUND('',#15067,.F.);
#15069=ADVANCED_FACE('',(#15068),#15061,.T.);
#15070=CARTESIAN_POINT('',(4.744299999993E1,2.160194674318E2,2.281590317310E1));
#15071=DIRECTION('',(1.E0,0.E0,0.E0));
#15072=DIRECTION('',(0.E0,1.E0,0.E0));
#15073=AXIS2_PLACEMENT_3D('',#15070,#15071,#15072);
#15074=PLANE('',#15073);
#15076=ORIENTED_EDGE('',*,*,#15075,.F.);
#15077=ORIENTED_EDGE('',*,*,#14447,.F.);
#15078=ORIENTED_EDGE('',*,*,#15062,.F.);
#15079=ORIENTED_EDGE('',*,*,#15036,.F.);
#15080=EDGE_LOOP('',(#15076,#15077,#15078,#15079));
#15081=FACE_OUTER_BOUND('',#15080,.F.);
#15082=ADVANCED_FACE('',(#15081),#15074,.F.);
#15083=CARTESIAN_POINT('',(4.774299999993E1,-2.06E1,2.181152460050E2));
#15084=DIRECTION('',(0.E0,7.660444431190E-1,-6.427876096865E-1));
#15085=DIRECTION('',(0.E0,6.427876096865E-1,7.660444431190E-1));
#15086=AXIS2_PLACEMENT_3D('',#15083,#15084,#15085);
#15087=CYLINDRICAL_SURFACE('',#15086,3.E-1);
#15089=ORIENTED_EDGE('',*,*,#15088,.F.);
#15091=ORIENTED_EDGE('',*,*,#15090,.F.);
#15093=ORIENTED_EDGE('',*,*,#15092,.F.);
#15094=ORIENTED_EDGE('',*,*,#14449,.T.);
#15095=ORIENTED_EDGE('',*,*,#15075,.T.);
#15096=EDGE_LOOP('',(#15089,#15091,#15093,#15094,#15095));
#15097=FACE_OUTER_BOUND('',#15096,.F.);
#15098=ADVANCED_FACE('',(#15097),#15087,.T.);
#15099=CARTESIAN_POINT('',(4.774299999993E1,2.121710335950E2,2.279715756671E1));
#15100=DIRECTION('',(-7.071067811868E-1,-7.044160264025E-1,-6.162841671618E-2));
#15101=DIRECTION('',(-7.057575568077E-1,7.084534360202E-1,0.E0));
#15102=AXIS2_PLACEMENT_3D('',#15099,#15100,#15101);
#15103=SPHERICAL_SURFACE('',#15102,3.E-1);
#15104=ORIENTED_EDGE('',*,*,#15088,.T.);
#15105=ORIENTED_EDGE('',*,*,#15034,.F.);
#15107=ORIENTED_EDGE('',*,*,#15106,.F.);
#15109=ORIENTED_EDGE('',*,*,#15108,.F.);
#15111=ORIENTED_EDGE('',*,*,#15110,.T.);
#15112=EDGE_LOOP('',(#15104,#15105,#15107,#15109,#15111));
#15113=FACE_OUTER_BOUND('',#15112,.F.);
#15114=ADVANCED_FACE('',(#15113),#15103,.T.);
#15115=CARTESIAN_POINT('',(-4.19842E2,2.121710335950E2,2.279715756671E1));
#15116=DIRECTION('',(-1.E0,0.E0,0.E0));
#15117=DIRECTION('',(0.E0,-1.E0,0.E0));
#15118=AXIS2_PLACEMENT_3D('',#15115,#15116,#15117);
#15119=CYLINDRICAL_SURFACE('',#15118,3.E-1);
#15121=ORIENTED_EDGE('',*,*,#15120,.T.);
#15123=ORIENTED_EDGE('',*,*,#15122,.T.);
#15124=ORIENTED_EDGE('',*,*,#15106,.T.);
#15125=ORIENTED_EDGE('',*,*,#15019,.F.);
#15126=ORIENTED_EDGE('',*,*,#10055,.F.);
#15127=EDGE_LOOP('',(#15121,#15123,#15124,#15125,#15126));
#15128=FACE_OUTER_BOUND('',#15127,.F.);
#15129=ADVANCED_FACE('',(#15128),#15119,.T.);
#15130=CARTESIAN_POINT('',(4.784299999993E1,2.139374107256E2,2.092336898105E1));
#15131=DIRECTION('',(0.E0,-6.427876096865E-1,-7.660444431190E-1));
#15132=DIRECTION('',(0.E0,-7.660444431190E-1,6.427876096865E-1));
#15133=AXIS2_PLACEMENT_3D('',#15130,#15131,#15132);
#15134=PLANE('',#15133);
#15135=ORIENTED_EDGE('',*,*,#15120,.F.);
#15136=ORIENTED_EDGE('',*,*,#10053,.T.);
#15137=ORIENTED_EDGE('',*,*,#14451,.F.);
#15138=ORIENTED_EDGE('',*,*,#15092,.T.);
#15139=EDGE_LOOP('',(#15135,#15136,#15137,#15138));
#15140=FACE_OUTER_BOUND('',#15139,.F.);
#15141=ADVANCED_FACE('',(#15140),#15134,.T.);
#15142=CARTESIAN_POINT('',(4.774299999993E1,2.121710335950E2,2.279715756671E1));
#15143=DIRECTION('',(-7.071067811868E-1,-7.044160264025E-1,-6.162841671618E-2));
#15144=DIRECTION('',(-7.057575568077E-1,7.084534360202E-1,0.E0));
#15145=AXIS2_PLACEMENT_3D('',#15142,#15143,#15144);
#15146=SPHERICAL_SURFACE('',#15145,3.E-1);
#15147=ORIENTED_EDGE('',*,*,#15108,.T.);
#15148=ORIENTED_EDGE('',*,*,#15122,.F.);
#15149=ORIENTED_EDGE('',*,*,#15090,.T.);
#15150=ORIENTED_EDGE('',*,*,#15110,.F.);
#15151=EDGE_LOOP('',(#15147,#15148,#15149,#15150));
#15152=FACE_OUTER_BOUND('',#15151,.F.);
#15153=ADVANCED_FACE('',(#15152),#15146,.T.);
#15154=CARTESIAN_POINT('',(4.774299999993E1,2.124281486388E2,2.310357534396E1));
#15155=DIRECTION('',(-7.071067811865E-1,-6.162841671615E-2,7.044160264028E-1));
#15156=DIRECTION('',(7.057575568080E-1,0.E0,7.084534360199E-1));
#15157=AXIS2_PLACEMENT_3D('',#15154,#15155,#15156);
#15158=SPHERICAL_SURFACE('',#15157,3.E-1);
#15159=ORIENTED_EDGE('',*,*,#15052,.F.);
#15160=ORIENTED_EDGE('',*,*,#15050,.T.);
#15161=ORIENTED_EDGE('',*,*,#15003,.T.);
#15162=ORIENTED_EDGE('',*,*,#15031,.T.);
#15163=EDGE_LOOP('',(#15159,#15160,#15161,#15162));
#15164=FACE_OUTER_BOUND('',#15163,.F.);
#15165=ADVANCED_FACE('',(#15164),#15158,.T.);
#15166=CARTESIAN_POINT('',(3.163504410808E1,2.049973861262E2,1.348894277615E1));
#15167=DIRECTION('',(3.639706545671E-10,0.E0,-1.E0));
#15168=DIRECTION('',(-1.E0,0.E0,-3.639706545671E-10));
#15169=AXIS2_PLACEMENT_3D('',#15166,#15167,#15168);
#15170=PLANE('',#15169);
#15171=ORIENTED_EDGE('',*,*,#9729,.F.);
#15172=ORIENTED_EDGE('',*,*,#9633,.T.);
#15174=ORIENTED_EDGE('',*,*,#15173,.T.);
#15176=ORIENTED_EDGE('',*,*,#15175,.F.);
#15178=ORIENTED_EDGE('',*,*,#15177,.T.);
#15180=ORIENTED_EDGE('',*,*,#15179,.T.);
#15181=EDGE_LOOP('',(#15171,#15172,#15174,#15176,#15178,#15180));
#15182=FACE_OUTER_BOUND('',#15181,.F.);
#15183=ADVANCED_FACE('',(#15182),#15170,.F.);
#15184=CARTESIAN_POINT('',(4.739813074976E1,1.774E2,1.198894278189E1));
#15185=DIRECTION('',(3.639706545671E-10,0.E0,-1.E0));
#15186=DIRECTION('',(-1.E0,0.E0,-3.639706545671E-10));
#15187=AXIS2_PLACEMENT_3D('',#15184,#15185,#15186);
#15188=CYLINDRICAL_SURFACE('',#15187,5.E-1);
#15189=ORIENTED_EDGE('',*,*,#9631,.T.);
#15191=ORIENTED_EDGE('',*,*,#15190,.T.);
#15193=ORIENTED_EDGE('',*,*,#15192,.F.);
#15194=ORIENTED_EDGE('',*,*,#15173,.F.);
#15195=EDGE_LOOP('',(#15189,#15191,#15193,#15194));
#15196=FACE_OUTER_BOUND('',#15195,.F.);
#15197=ADVANCED_FACE('',(#15196),#15188,.T.);
#15198=CARTESIAN_POINT('',(3.163504410862E1,2.049973861262E2,1.198894277615E1));
#15199=DIRECTION('',(3.639706545671E-10,0.E0,-1.E0));
#15200=DIRECTION('',(-1.E0,0.E0,-3.639706545671E-10));
#15201=AXIS2_PLACEMENT_3D('',#15198,#15199,#15200);
#15202=PLANE('',#15201);
#15204=ORIENTED_EDGE('',*,*,#15203,.T.);
#15205=ORIENTED_EDGE('',*,*,#15190,.F.);
#15206=ORIENTED_EDGE('',*,*,#9629,.F.);
#15208=ORIENTED_EDGE('',*,*,#15207,.F.);
#15210=ORIENTED_EDGE('',*,*,#15209,.T.);
#15212=ORIENTED_EDGE('',*,*,#15211,.T.);
#15213=EDGE_LOOP('',(#15204,#15205,#15206,#15208,#15210,#15212));
#15214=FACE_OUTER_BOUND('',#15213,.F.);
#15215=ADVANCED_FACE('',(#15214),#15202,.T.);
#15216=CARTESIAN_POINT('',(3.734399913562E1,1.874276835553E2,1.198894277823E1));
#15217=DIRECTION('',(3.639706545671E-10,0.E0,-1.E0));
#15218=DIRECTION('',(-1.E0,0.E0,-3.639706545671E-10));
#15219=AXIS2_PLACEMENT_3D('',#15216,#15217,#15218);
#15220=CYLINDRICAL_SURFACE('',#15219,1.37E1);
#15222=ORIENTED_EDGE('',*,*,#15221,.F.);
#15224=ORIENTED_EDGE('',*,*,#15223,.T.);
#15226=ORIENTED_EDGE('',*,*,#15225,.F.);
#15228=ORIENTED_EDGE('',*,*,#15227,.F.);
#15230=ORIENTED_EDGE('',*,*,#15229,.F.);
#15231=ORIENTED_EDGE('',*,*,#15175,.T.);
#15232=ORIENTED_EDGE('',*,*,#15192,.T.);
#15233=ORIENTED_EDGE('',*,*,#15203,.F.);
#15235=ORIENTED_EDGE('',*,*,#15234,.T.);
#15237=ORIENTED_EDGE('',*,*,#15236,.T.);
#15238=ORIENTED_EDGE('',*,*,#9692,.T.);
#15239=ORIENTED_EDGE('',*,*,#9710,.F.);
#15240=EDGE_LOOP('',(#15222,#15224,#15226,#15228,#15230,#15231,#15232,#15233,
#15235,#15237,#15238,#15239));
#15241=FACE_OUTER_BOUND('',#15240,.F.);
#15242=ADVANCED_FACE('',(#15241),#15220,.F.);
#15243=CARTESIAN_POINT('',(5.043559949321E1,1.929276835623E2,1.198894278299E1));
#15244=DIRECTION('',(3.639706545671E-10,0.E0,-1.E0));
#15245=DIRECTION('',(-1.E0,0.E0,-3.639706545671E-10));
#15246=AXIS2_PLACEMENT_3D('',#15243,#15244,#15245);
#15247=CYLINDRICAL_SURFACE('',#15246,5.E-1);
#15248=ORIENTED_EDGE('',*,*,#15229,.T.);
#15250=ORIENTED_EDGE('',*,*,#15249,.T.);
#15252=ORIENTED_EDGE('',*,*,#15251,.T.);
#15254=ORIENTED_EDGE('',*,*,#15253,.F.);
#15255=ORIENTED_EDGE('',*,*,#15221,.T.);
#15256=ORIENTED_EDGE('',*,*,#9708,.T.);
#15258=ORIENTED_EDGE('',*,*,#15257,.F.);
#15259=ORIENTED_EDGE('',*,*,#15177,.F.);
#15260=EDGE_LOOP('',(#15248,#15250,#15252,#15254,#15255,#15256,#15258,#15259));
#15261=FACE_OUTER_BOUND('',#15260,.F.);
#15262=ADVANCED_FACE('',(#15261),#15247,.T.);
#15263=CARTESIAN_POINT('',(3.163504410862E1,2.049973861262E2,1.198894277615E1));
#15264=DIRECTION('',(3.639706545671E-10,0.E0,-1.E0));
#15265=DIRECTION('',(-1.E0,0.E0,-3.639706545671E-10));
#15266=AXIS2_PLACEMENT_3D('',#15263,#15264,#15265);
#15267=PLANE('',#15266);
#15269=ORIENTED_EDGE('',*,*,#15268,.T.);
#15270=ORIENTED_EDGE('',*,*,#15249,.F.);
#15271=ORIENTED_EDGE('',*,*,#15227,.T.);
#15273=ORIENTED_EDGE('',*,*,#15272,.T.);
#15275=ORIENTED_EDGE('',*,*,#15274,.T.);
#15277=ORIENTED_EDGE('',*,*,#15276,.T.);
#15278=EDGE_LOOP('',(#15269,#15270,#15271,#15273,#15275,#15277));
#15279=FACE_OUTER_BOUND('',#15278,.F.);
#15280=ADVANCED_FACE('',(#15279),#15267,.T.);
#15281=CARTESIAN_POINT('',(5.034300000001E1,1.922276835623E2,4.988942782960E0));
#15282=DIRECTION('',(-1.E0,0.E0,-3.639706545671E-10));
#15283=DIRECTION('',(0.E0,1.E0,0.E0));
#15284=AXIS2_PLACEMENT_3D('',#15281,#15282,#15283);
#15285=PLANE('',#15284);
#15287=ORIENTED_EDGE('',*,*,#15286,.T.);
#15288=ORIENTED_EDGE('',*,*,#15251,.F.);
#15289=ORIENTED_EDGE('',*,*,#15268,.F.);
#15291=ORIENTED_EDGE('',*,*,#15290,.F.);
#15292=EDGE_LOOP('',(#15287,#15288,#15289,#15291));
#15293=FACE_OUTER_BOUND('',#15292,.F.);
#15294=ADVANCED_FACE('',(#15293),#15285,.T.);
#15295=CARTESIAN_POINT('',(3.163504411117E1,2.049973861262E2,4.988942776151E0));
#15296=DIRECTION('',(3.639706545671E-10,0.E0,-1.E0));
#15297=DIRECTION('',(-1.E0,0.E0,-3.639706545671E-10));
#15298=AXIS2_PLACEMENT_3D('',#15295,#15296,#15297);
#15299=PLANE('',#15298);
#15300=ORIENTED_EDGE('',*,*,#15223,.F.);
#15301=ORIENTED_EDGE('',*,*,#15253,.T.);
#15302=ORIENTED_EDGE('',*,*,#15286,.F.);
#15304=ORIENTED_EDGE('',*,*,#15303,.F.);
#15306=ORIENTED_EDGE('',*,*,#15305,.F.);
#15308=ORIENTED_EDGE('',*,*,#15307,.F.);
#15309=EDGE_LOOP('',(#15300,#15301,#15302,#15304,#15306,#15308));
#15310=FACE_OUTER_BOUND('',#15309,.F.);
#15311=ADVANCED_FACE('',(#15310),#15299,.F.);
#15312=CARTESIAN_POINT('',(5.384300000001E1,1.922276835623E2,4.988942784234E0));
#15313=DIRECTION('',(0.E0,-1.E0,0.E0));
#15314=DIRECTION('',(-1.E0,0.E0,-3.639706545671E-10));
#15315=AXIS2_PLACEMENT_3D('',#15312,#15313,#15314);
#15316=PLANE('',#15315);
#15317=ORIENTED_EDGE('',*,*,#15303,.T.);
#15318=ORIENTED_EDGE('',*,*,#15290,.T.);
#15319=ORIENTED_EDGE('',*,*,#15276,.F.);
#15321=ORIENTED_EDGE('',*,*,#15320,.F.);
#15322=EDGE_LOOP('',(#15317,#15318,#15319,#15321));
#15323=FACE_OUTER_BOUND('',#15322,.F.);
#15324=ADVANCED_FACE('',(#15323),#15316,.T.);
#15325=CARTESIAN_POINT('',(5.384300000001E1,2.011504013776E2,5.680535444414E1));
#15326=DIRECTION('',(-1.E0,0.E0,0.E0));
#15327=DIRECTION('',(0.E0,-1.E0,0.E0));
#15328=AXIS2_PLACEMENT_3D('',#15325,#15326,#15327);
#15329=PLANE('',#15328);
#15330=ORIENTED_EDGE('',*,*,#15320,.T.);
#15331=ORIENTED_EDGE('',*,*,#15274,.F.);
#15333=ORIENTED_EDGE('',*,*,#15332,.T.);
#15334=ORIENTED_EDGE('',*,*,#15305,.T.);
#15335=EDGE_LOOP('',(#15330,#15331,#15333,#15334));
#15336=FACE_OUTER_BOUND('',#15335,.F.);
#15337=ADVANCED_FACE('',(#15336),#15329,.T.);
#15338=CARTESIAN_POINT('',(4.962797469553E1,1.816E2,4.988942782699E0));
#15339=DIRECTION('',(0.E0,1.E0,0.E0));
#15340=DIRECTION('',(1.E0,0.E0,3.639706545671E-10));
#15341=AXIS2_PLACEMENT_3D('',#15338,#15339,#15340);
#15342=PLANE('',#15341);
#15343=ORIENTED_EDGE('',*,*,#15307,.T.);
#15344=ORIENTED_EDGE('',*,*,#15332,.F.);
#15345=ORIENTED_EDGE('',*,*,#15272,.F.);
#15346=ORIENTED_EDGE('',*,*,#15225,.T.);
#15347=EDGE_LOOP('',(#15343,#15344,#15345,#15346));
#15348=FACE_OUTER_BOUND('',#15347,.F.);
#15349=ADVANCED_FACE('',(#15348),#15342,.T.);
#15350=CARTESIAN_POINT('',(4.034399913817E1,1.934276835623E2,4.988942779320E0));
#15351=DIRECTION('',(0.E0,1.E0,0.E0));
#15352=DIRECTION('',(1.E0,0.E0,3.639706545671E-10));
#15353=AXIS2_PLACEMENT_3D('',#15350,#15351,#15352);
#15354=PLANE('',#15353);
#15355=ORIENTED_EDGE('',*,*,#15257,.T.);
#15356=ORIENTED_EDGE('',*,*,#9706,.T.);
#15357=ORIENTED_EDGE('',*,*,#9731,.F.);
#15358=ORIENTED_EDGE('',*,*,#15179,.F.);
#15359=EDGE_LOOP('',(#15355,#15356,#15357,#15358));
#15360=FACE_OUTER_BOUND('',#15359,.F.);
#15361=ADVANCED_FACE('',(#15360),#15354,.T.);
#15362=CARTESIAN_POINT('',(4.962797469553E1,1.804E2,4.988942782699E0));
#15363=DIRECTION('',(-1.E0,0.E0,-3.639706545671E-10));
#15364=DIRECTION('',(0.E0,1.E0,0.E0));
#15365=AXIS2_PLACEMENT_3D('',#15362,#15363,#15364);
#15366=PLANE('',#15365);
#15367=ORIENTED_EDGE('',*,*,#15234,.F.);
#15368=ORIENTED_EDGE('',*,*,#15211,.F.);
#15370=ORIENTED_EDGE('',*,*,#15369,.F.);
#15372=ORIENTED_EDGE('',*,*,#15371,.T.);
#15373=EDGE_LOOP('',(#15367,#15368,#15370,#15372));
#15374=FACE_OUTER_BOUND('',#15373,.F.);
#15375=ADVANCED_FACE('',(#15374),#15366,.T.);
#15376=CARTESIAN_POINT('',(5.384300000001E1,1.804E2,4.988942784234E0));
#15377=DIRECTION('',(0.E0,-1.E0,0.E0));
#15378=DIRECTION('',(-1.E0,0.E0,-3.639706545671E-10));
#15379=AXIS2_PLACEMENT_3D('',#15376,#15377,#15378);
#15380=PLANE('',#15379);
#15382=ORIENTED_EDGE('',*,*,#15381,.T.);
#15383=ORIENTED_EDGE('',*,*,#15369,.T.);
#15384=ORIENTED_EDGE('',*,*,#15209,.F.);
#15386=ORIENTED_EDGE('',*,*,#15385,.F.);
#15387=EDGE_LOOP('',(#15382,#15383,#15384,#15386));
#15388=FACE_OUTER_BOUND('',#15387,.F.);
#15389=ADVANCED_FACE('',(#15388),#15380,.T.);
#15390=CARTESIAN_POINT('',(3.163504411117E1,2.049973861262E2,4.988942776151E0));
#15391=DIRECTION('',(3.639706545671E-10,0.E0,-1.E0));
#15392=DIRECTION('',(-1.E0,0.E0,-3.639706545671E-10));
#15393=AXIS2_PLACEMENT_3D('',#15390,#15391,#15392);
#15394=PLANE('',#15393);
#15396=ORIENTED_EDGE('',*,*,#15395,.T.);
#15397=ORIENTED_EDGE('',*,*,#9625,.T.);
#15398=ORIENTED_EDGE('',*,*,#9694,.T.);
#15399=ORIENTED_EDGE('',*,*,#15236,.F.);
#15400=ORIENTED_EDGE('',*,*,#15371,.F.);
#15401=ORIENTED_EDGE('',*,*,#15381,.F.);
#15402=EDGE_LOOP('',(#15396,#15397,#15398,#15399,#15400,#15401));
#15403=FACE_OUTER_BOUND('',#15402,.F.);
#15404=ADVANCED_FACE('',(#15403),#15394,.F.);
#15405=CARTESIAN_POINT('',(5.384300000001E1,2.011504013776E2,5.680535444414E1));
#15406=DIRECTION('',(-1.E0,0.E0,0.E0));
#15407=DIRECTION('',(0.E0,-1.E0,0.E0));
#15408=AXIS2_PLACEMENT_3D('',#15405,#15406,#15407);
#15409=PLANE('',#15408);
#15410=ORIENTED_EDGE('',*,*,#15395,.F.);
#15411=ORIENTED_EDGE('',*,*,#15385,.T.);
#15412=ORIENTED_EDGE('',*,*,#15207,.T.);
#15413=ORIENTED_EDGE('',*,*,#9627,.T.);
#15414=EDGE_LOOP('',(#15410,#15411,#15412,#15413));
#15415=FACE_OUTER_BOUND('',#15414,.F.);
#15416=ADVANCED_FACE('',(#15415),#15409,.T.);
#15417=CARTESIAN_POINT('',(-4.19842E2,1.774E2,8.921806901681E1));
#15418=DIRECTION('',(9.993908270191E-1,0.E0,-3.489949670264E-2));
#15419=DIRECTION('',(-3.489949670264E-2,0.E0,-9.993908270191E-1));
#15420=AXIS2_PLACEMENT_3D('',#15417,#15418,#15419);
#15421=CYLINDRICAL_SURFACE('',#15420,5.E-1);
#15422=ORIENTED_EDGE('',*,*,#9595,.T.);
#15423=ORIENTED_EDGE('',*,*,#9640,.F.);
#15424=ORIENTED_EDGE('',*,*,#9518,.T.);
#15425=ORIENTED_EDGE('',*,*,#9576,.T.);
#15426=EDGE_LOOP('',(#15422,#15423,#15424,#15425));
#15427=FACE_OUTER_BOUND('',#15426,.F.);
#15428=ADVANCED_FACE('',(#15427),#15421,.T.);
#15429=CARTESIAN_POINT('',(2.200700000002E1,1.797743030451E2,8.306140950642E1));
#15430=DIRECTION('',(-1.E0,0.E0,1.359797690222E-13));
#15431=DIRECTION('',(0.E0,-1.E0,0.E0));
#15432=AXIS2_PLACEMENT_3D('',#15429,#15430,#15431);
#15433=PLANE('',#15432);
#15435=ORIENTED_EDGE('',*,*,#15434,.T.);
#15437=ORIENTED_EDGE('',*,*,#15436,.F.);
#15439=ORIENTED_EDGE('',*,*,#15438,.T.);
#15441=ORIENTED_EDGE('',*,*,#15440,.F.);
#15443=ORIENTED_EDGE('',*,*,#15442,.T.);
#15445=ORIENTED_EDGE('',*,*,#15444,.F.);
#15446=ORIENTED_EDGE('',*,*,#9644,.T.);
#15447=ORIENTED_EDGE('',*,*,#9613,.T.);
#15448=EDGE_LOOP('',(#15435,#15437,#15439,#15441,#15443,#15445,#15446,#15447));
#15449=FACE_OUTER_BOUND('',#15448,.F.);
#15450=ADVANCED_FACE('',(#15449),#15433,.T.);
#15451=CARTESIAN_POINT('',(3.021328277351E1,1.809E2,7.300148745632E1));
#15452=DIRECTION('',(0.E0,-1.E0,0.E0));
#15453=DIRECTION('',(9.993908270191E-1,0.E0,-3.489949670264E-2));
#15454=AXIS2_PLACEMENT_3D('',#15451,#15452,#15453);
#15455=PLANE('',#15454);
#15456=ORIENTED_EDGE('',*,*,#8780,.F.);
#15458=ORIENTED_EDGE('',*,*,#15457,.F.);
#15459=ORIENTED_EDGE('',*,*,#15434,.F.);
#15460=ORIENTED_EDGE('',*,*,#9611,.F.);
#15461=ORIENTED_EDGE('',*,*,#9598,.F.);
#15462=ORIENTED_EDGE('',*,*,#9581,.F.);
#15463=EDGE_LOOP('',(#15456,#15458,#15459,#15460,#15461,#15462));
#15464=FACE_OUTER_BOUND('',#15463,.F.);
#15465=ADVANCED_FACE('',(#15464),#15455,.T.);
#15466=CARTESIAN_POINT('',(-4.19842E2,1.794E2,8.510684328716E1));
#15467=DIRECTION('',(-1.E0,0.E0,1.359797690222E-13));
#15468=DIRECTION('',(1.359797690222E-13,0.E0,1.E0));
#15469=AXIS2_PLACEMENT_3D('',#15466,#15467,#15468);
#15470=CYLINDRICAL_SURFACE('',#15469,1.5E0);
#15472=ORIENTED_EDGE('',*,*,#15471,.F.);
#15473=ORIENTED_EDGE('',*,*,#15436,.T.);
#15474=ORIENTED_EDGE('',*,*,#15457,.T.);
#15475=ORIENTED_EDGE('',*,*,#8778,.F.);
#15476=EDGE_LOOP('',(#15472,#15473,#15474,#15475));
#15477=FACE_OUTER_BOUND('',#15476,.F.);
#15478=ADVANCED_FACE('',(#15477),#15470,.F.);
#15479=CARTESIAN_POINT('',(2.120700000002E1,1.748471185361E2,8.660684328710E1));
#15480=DIRECTION('',(-1.359797690222E-13,0.E0,-1.E0));
#15481=DIRECTION('',(0.E0,1.E0,0.E0));
#15482=AXIS2_PLACEMENT_3D('',#15479,#15480,#15481);
#15483=PLANE('',#15482);
#15484=ORIENTED_EDGE('',*,*,#15471,.T.);
#15485=ORIENTED_EDGE('',*,*,#8776,.T.);
#15487=ORIENTED_EDGE('',*,*,#15486,.T.);
#15488=ORIENTED_EDGE('',*,*,#15438,.F.);
#15489=EDGE_LOOP('',(#15484,#15485,#15487,#15488));
#15490=FACE_OUTER_BOUND('',#15489,.F.);
#15491=ADVANCED_FACE('',(#15490),#15483,.T.);
#15492=CARTESIAN_POINT('',(2.170699998829E1,1.747613320985E2,7.279822862455E1));
#15493=DIRECTION('',(0.E0,1.E0,0.E0));
#15494=DIRECTION('',(0.E0,0.E0,-1.E0));
#15495=AXIS2_PLACEMENT_3D('',#15492,#15493,#15494);
#15496=PLANE('',#15495);
#15498=ORIENTED_EDGE('',*,*,#15497,.F.);
#15499=ORIENTED_EDGE('',*,*,#15440,.T.);
#15500=ORIENTED_EDGE('',*,*,#15486,.F.);
#15501=ORIENTED_EDGE('',*,*,#8774,.F.);
#15503=ORIENTED_EDGE('',*,*,#15502,.T.);
#15505=ORIENTED_EDGE('',*,*,#15504,.F.);
#15506=EDGE_LOOP('',(#15498,#15499,#15500,#15501,#15503,#15505));
#15507=FACE_OUTER_BOUND('',#15506,.F.);
#15508=ADVANCED_FACE('',(#15507),#15496,.F.);
#15509=CARTESIAN_POINT('',(2.170699998829E1,1.752613320985E2,8.083642924651E1));
#15510=DIRECTION('',(1.E0,0.E0,0.E0));
#15511=DIRECTION('',(0.E0,0.E0,-1.E0));
#15512=AXIS2_PLACEMENT_3D('',#15509,#15510,#15511);
#15513=CYLINDRICAL_SURFACE('',#15512,5.E-1);
#15515=ORIENTED_EDGE('',*,*,#15514,.T.);
#15517=ORIENTED_EDGE('',*,*,#15516,.F.);
#15518=ORIENTED_EDGE('',*,*,#15442,.F.);
#15519=ORIENTED_EDGE('',*,*,#15497,.T.);
#15521=ORIENTED_EDGE('',*,*,#15520,.T.);
#15522=EDGE_LOOP('',(#15515,#15517,#15518,#15519,#15521));
#15523=FACE_OUTER_BOUND('',#15522,.F.);
#15524=ADVANCED_FACE('',(#15523),#15513,.T.);
#15525=CARTESIAN_POINT('',(2.300699998829E1,1.752613320985E2,8.083642924651E1));
#15526=DIRECTION('',(4.171135840985E-1,-8.476189797498E-1,-3.279608560919E-1));
#15527=DIRECTION('',(-8.972443888062E-1,-4.415342645320E-1,0.E0));
#15528=AXIS2_PLACEMENT_3D('',#15525,#15526,#15527);
#15529=SPHERICAL_SURFACE('',#15528,5.E-1);
#15530=ORIENTED_EDGE('',*,*,#15514,.F.);
#15532=ORIENTED_EDGE('',*,*,#15531,.F.);
#15534=ORIENTED_EDGE('',*,*,#15533,.T.);
#15536=ORIENTED_EDGE('',*,*,#15535,.T.);
#15537=EDGE_LOOP('',(#15530,#15532,#15534,#15536));
#15538=FACE_OUTER_BOUND('',#15537,.F.);
#15539=ADVANCED_FACE('',(#15538),#15529,.T.);
#15540=CARTESIAN_POINT('',(2.300699998829E1,1.752613320985E2,8.083642924651E1));
#15541=DIRECTION('',(4.171135840985E-1,-8.476189797498E-1,-3.279608560919E-1));
#15542=DIRECTION('',(-8.972443888062E-1,-4.415342645320E-1,0.E0));
#15543=AXIS2_PLACEMENT_3D('',#15540,#15541,#15542);
#15544=SPHERICAL_SURFACE('',#15543,5.E-1);
#15545=ORIENTED_EDGE('',*,*,#15533,.F.);
#15546=ORIENTED_EDGE('',*,*,#15531,.T.);
#15547=ORIENTED_EDGE('',*,*,#15520,.F.);
#15549=ORIENTED_EDGE('',*,*,#15548,.T.);
#15551=ORIENTED_EDGE('',*,*,#15550,.T.);
#15552=EDGE_LOOP('',(#15545,#15546,#15547,#15549,#15551));
#15553=FACE_OUTER_BOUND('',#15552,.F.);
#15554=ADVANCED_FACE('',(#15553),#15544,.T.);
#15555=CARTESIAN_POINT('',(2.300699998829E1,1.752613320985E2,
-4.634775240272E1));
#15556=DIRECTION('',(0.E0,0.E0,1.E0));
#15557=DIRECTION('',(1.E0,0.E0,0.E0));
#15558=AXIS2_PLACEMENT_3D('',#15555,#15556,#15557);
#15559=CYLINDRICAL_SURFACE('',#15558,5.E-1);
#15561=ORIENTED_EDGE('',*,*,#15560,.T.);
#15563=ORIENTED_EDGE('',*,*,#15562,.F.);
#15564=ORIENTED_EDGE('',*,*,#15548,.F.);
#15565=ORIENTED_EDGE('',*,*,#15504,.T.);
#15566=EDGE_LOOP('',(#15561,#15563,#15564,#15565));
#15567=FACE_OUTER_BOUND('',#15566,.F.);
#15568=ADVANCED_FACE('',(#15567),#15559,.T.);
#15569=CARTESIAN_POINT('',(2.300699998829E1,1.752613320985E2,8.760684328710E1));
#15570=DIRECTION('',(5.E-1,-7.071067811865E-1,5.E-1));
#15571=DIRECTION('',(-8.164965809277E-1,-5.773502691896E-1,0.E0));
#15572=AXIS2_PLACEMENT_3D('',#15569,#15570,#15571);
#15573=SPHERICAL_SURFACE('',#15572,5.E-1);
#15574=ORIENTED_EDGE('',*,*,#15560,.F.);
#15576=ORIENTED_EDGE('',*,*,#15575,.F.);
#15578=ORIENTED_EDGE('',*,*,#15577,.F.);
#15580=ORIENTED_EDGE('',*,*,#15579,.T.);
#15582=ORIENTED_EDGE('',*,*,#15581,.F.);
#15583=EDGE_LOOP('',(#15574,#15576,#15578,#15580,#15582));
#15584=FACE_OUTER_BOUND('',#15583,.F.);
#15585=ADVANCED_FACE('',(#15584),#15573,.T.);
#15586=CARTESIAN_POINT('',(-4.19842E2,1.752613320985E2,8.760684328710E1));
#15587=DIRECTION('',(1.E0,0.E0,0.E0));
#15588=DIRECTION('',(0.E0,0.E0,-1.E0));
#15589=AXIS2_PLACEMENT_3D('',#15586,#15587,#15588);
#15590=CYLINDRICAL_SURFACE('',#15589,5.E-1);
#15591=ORIENTED_EDGE('',*,*,#15502,.F.);
#15592=ORIENTED_EDGE('',*,*,#8772,.F.);
#15594=ORIENTED_EDGE('',*,*,#15593,.T.);
#15596=ORIENTED_EDGE('',*,*,#15595,.T.);
#15597=ORIENTED_EDGE('',*,*,#15575,.T.);
#15598=EDGE_LOOP('',(#15591,#15592,#15594,#15596,#15597));
#15599=FACE_OUTER_BOUND('',#15598,.F.);
#15600=ADVANCED_FACE('',(#15599),#15590,.T.);
#15601=CARTESIAN_POINT('',(1.970699998829E1,1.732613320985E2,8.810684328710E1));
#15602=DIRECTION('',(0.E0,0.E0,1.E0));
#15603=DIRECTION('',(0.E0,1.E0,0.E0));
#15604=AXIS2_PLACEMENT_3D('',#15601,#15602,#15603);
#15605=PLANE('',#15604);
#15607=ORIENTED_EDGE('',*,*,#15606,.T.);
#15609=ORIENTED_EDGE('',*,*,#15608,.T.);
#15610=ORIENTED_EDGE('',*,*,#15593,.F.);
#15611=ORIENTED_EDGE('',*,*,#8770,.F.);
#15612=EDGE_LOOP('',(#15607,#15609,#15610,#15611));
#15613=FACE_OUTER_BOUND('',#15612,.F.);
#15614=ADVANCED_FACE('',(#15613),#15605,.T.);
#15615=CARTESIAN_POINT('',(-4.19842E2,1.792613320985E2,8.510684328710E1));
#15616=DIRECTION('',(1.E0,0.E0,0.E0));
#15617=DIRECTION('',(0.E0,0.E0,-1.E0));
#15618=AXIS2_PLACEMENT_3D('',#15615,#15616,#15617);
#15619=CYLINDRICAL_SURFACE('',#15618,3.E0);
#15621=ORIENTED_EDGE('',*,*,#15620,.T.);
#15622=ORIENTED_EDGE('',*,*,#15606,.F.);
#15623=ORIENTED_EDGE('',*,*,#8768,.F.);
#15625=ORIENTED_EDGE('',*,*,#15624,.T.);
#15626=EDGE_LOOP('',(#15621,#15622,#15623,#15625));
#15627=FACE_OUTER_BOUND('',#15626,.F.);
#15628=ADVANCED_FACE('',(#15627),#15619,.T.);
#15629=CARTESIAN_POINT('',(2.300699998829E1,1.792613320985E2,8.510684328710E1));
#15630=DIRECTION('',(1.E0,0.E0,0.E0));
#15631=DIRECTION('',(0.E0,0.E0,-1.E0));
#15632=AXIS2_PLACEMENT_3D('',#15629,#15630,#15631);
#15633=TOROIDAL_SURFACE('',#15632,2.5E0,5.E-1);
#15634=ORIENTED_EDGE('',*,*,#15620,.F.);
#15636=ORIENTED_EDGE('',*,*,#15635,.F.);
#15638=ORIENTED_EDGE('',*,*,#15637,.T.);
#15640=ORIENTED_EDGE('',*,*,#15639,.T.);
#15641=EDGE_LOOP('',(#15634,#15636,#15638,#15640));
#15642=FACE_OUTER_BOUND('',#15641,.F.);
#15643=ADVANCED_FACE('',(#15642),#15633,.T.);
#15644=CARTESIAN_POINT('',(2.300699998829E1,1.817613320985E2,
-4.634775240272E1));
#15645=DIRECTION('',(0.E0,0.E0,-1.E0));
#15646=DIRECTION('',(-1.E0,0.E0,0.E0));
#15647=AXIS2_PLACEMENT_3D('',#15644,#15645,#15646);
#15648=CYLINDRICAL_SURFACE('',#15647,5.E-1);
#15650=ORIENTED_EDGE('',*,*,#15649,.F.);
#15651=ORIENTED_EDGE('',*,*,#15635,.T.);
#15653=ORIENTED_EDGE('',*,*,#15652,.T.);
#15655=ORIENTED_EDGE('',*,*,#15654,.T.);
#15656=EDGE_LOOP('',(#15650,#15651,#15653,#15655));
#15657=FACE_OUTER_BOUND('',#15656,.F.);
#15658=ADVANCED_FACE('',(#15657),#15648,.T.);
#15659=CARTESIAN_POINT('',(2.350699998829E1,1.900056092762E2,9.227796029676E1));
#15660=DIRECTION('',(1.E0,0.E0,0.E0));
#15661=DIRECTION('',(0.E0,1.E0,0.E0));
#15662=AXIS2_PLACEMENT_3D('',#15659,#15660,#15661);
#15663=PLANE('',#15662);
#15664=ORIENTED_EDGE('',*,*,#15649,.T.);
#15666=ORIENTED_EDGE('',*,*,#15665,.T.);
#15668=ORIENTED_EDGE('',*,*,#15667,.T.);
#15670=ORIENTED_EDGE('',*,*,#15669,.F.);
#15672=ORIENTED_EDGE('',*,*,#15671,.F.);
#15673=ORIENTED_EDGE('',*,*,#9650,.F.);
#15675=ORIENTED_EDGE('',*,*,#15674,.T.);
#15676=ORIENTED_EDGE('',*,*,#15562,.T.);
#15678=ORIENTED_EDGE('',*,*,#15677,.F.);
#15679=ORIENTED_EDGE('',*,*,#15637,.F.);
#15680=EDGE_LOOP('',(#15664,#15666,#15668,#15670,#15672,#15673,#15675,#15676,
#15678,#15679));
#15681=FACE_OUTER_BOUND('',#15680,.F.);
#15682=ADVANCED_FACE('',(#15681),#15663,.T.);
#15683=CARTESIAN_POINT('',(2.032914823848E1,-2.06E1,7.534786812865E1));
#15684=DIRECTION('',(-3.489949670264E-2,0.E0,-9.993908270191E-1));
#15685=DIRECTION('',(-9.993908270191E-1,0.E0,3.489949670264E-2));
#15686=AXIS2_PLACEMENT_3D('',#15683,#15684,#15685);
#15687=PLANE('',#15686);
#15689=ORIENTED_EDGE('',*,*,#15688,.F.);
#15691=ORIENTED_EDGE('',*,*,#15690,.F.);
#15692=ORIENTED_EDGE('',*,*,#15665,.F.);
#15693=ORIENTED_EDGE('',*,*,#15654,.F.);
#15695=ORIENTED_EDGE('',*,*,#15694,.F.);
#15696=ORIENTED_EDGE('',*,*,#8811,.T.);
#15697=ORIENTED_EDGE('',*,*,#9043,.F.);
#15698=EDGE_LOOP('',(#15689,#15691,#15692,#15693,#15695,#15696,#15697));
#15699=FACE_OUTER_BOUND('',#15698,.F.);
#15700=ADVANCED_FACE('',(#15699),#15687,.F.);
#15701=CARTESIAN_POINT('',(5.254300000001E1,1.852151803040E2,7.372263086469E1));
#15702=DIRECTION('',(0.E0,1.E0,0.E0));
#15703=DIRECTION('',(0.E0,0.E0,1.E0));
#15704=AXIS2_PLACEMENT_3D('',#15701,#15702,#15703);
#15705=CYLINDRICAL_SURFACE('',#15704,5.E-1);
#15706=ORIENTED_EDGE('',*,*,#8180,.F.);
#15708=ORIENTED_EDGE('',*,*,#15707,.F.);
#15709=ORIENTED_EDGE('',*,*,#15688,.T.);
#15710=ORIENTED_EDGE('',*,*,#9200,.F.);
#15711=EDGE_LOOP('',(#15706,#15708,#15709,#15710));
#15712=FACE_OUTER_BOUND('',#15711,.F.);
#15713=ADVANCED_FACE('',(#15712),#15705,.T.);
#15714=CARTESIAN_POINT('',(2.020700000002E1,1.794E2,7.284999948804E1));
#15715=DIRECTION('',(0.E0,-1.E0,0.E0));
#15716=DIRECTION('',(-1.359797690222E-13,0.E0,-1.E0));
#15717=AXIS2_PLACEMENT_3D('',#15714,#15715,#15716);
#15718=PLANE('',#15717);
#15719=ORIENTED_EDGE('',*,*,#8192,.F.);
#15720=ORIENTED_EDGE('',*,*,#7714,.F.);
#15722=ORIENTED_EDGE('',*,*,#15721,.T.);
#15724=ORIENTED_EDGE('',*,*,#15723,.T.);
#15725=ORIENTED_EDGE('',*,*,#15667,.F.);
#15726=ORIENTED_EDGE('',*,*,#15690,.T.);
#15727=ORIENTED_EDGE('',*,*,#15707,.T.);
#15728=EDGE_LOOP('',(#15719,#15720,#15722,#15724,#15725,#15726,#15727));
#15729=FACE_OUTER_BOUND('',#15728,.F.);
#15730=ADVANCED_FACE('',(#15729),#15718,.F.);
#15731=CARTESIAN_POINT('',(5.534300000001E1,1.789E2,-4.634775240272E1));
#15732=DIRECTION('',(0.E0,0.E0,1.E0));
#15733=DIRECTION('',(0.E0,-1.E0,0.E0));
#15734=AXIS2_PLACEMENT_3D('',#15731,#15732,#15733);
#15735=CYLINDRICAL_SURFACE('',#15734,5.E-1);
#15736=ORIENTED_EDGE('',*,*,#15721,.F.);
#15737=ORIENTED_EDGE('',*,*,#7695,.F.);
#15738=ORIENTED_EDGE('',*,*,#7680,.T.);
#15740=ORIENTED_EDGE('',*,*,#15739,.T.);
#15741=EDGE_LOOP('',(#15736,#15737,#15738,#15740));
#15742=FACE_OUTER_BOUND('',#15741,.F.);
#15743=ADVANCED_FACE('',(#15742),#15735,.T.);
#15744=CARTESIAN_POINT('',(5.534300000001E1,1.789E2,8.080380927240E1));
#15745=DIRECTION('',(5.E-1,7.136221619279E-1,4.906561015674E-1));
#15746=DIRECTION('',(8.189814098817E-1,-5.738200504236E-1,0.E0));
#15747=AXIS2_PLACEMENT_3D('',#15744,#15745,#15746);
#15748=SPHERICAL_SURFACE('',#15747,5.E-1);
#15750=ORIENTED_EDGE('',*,*,#15749,.F.);
#15752=ORIENTED_EDGE('',*,*,#15751,.F.);
#15754=ORIENTED_EDGE('',*,*,#15753,.T.);
#15756=ORIENTED_EDGE('',*,*,#15755,.T.);
#15757=ORIENTED_EDGE('',*,*,#15739,.F.);
#15758=EDGE_LOOP('',(#15750,#15752,#15754,#15756,#15757));
#15759=FACE_OUTER_BOUND('',#15758,.F.);
#15760=ADVANCED_FACE('',(#15759),#15748,.T.);
#15761=CARTESIAN_POINT('',(5.534300000001E1,-2.06E1,1.543038092724E2));
#15762=DIRECTION('',(0.E0,9.383431168171E-1,-3.457053588274E-1));
#15763=DIRECTION('',(0.E0,3.457053588274E-1,9.383431168171E-1));
#15764=AXIS2_PLACEMENT_3D('',#15761,#15762,#15763);
#15765=CYLINDRICAL_SURFACE('',#15764,5.E-1);
#15766=ORIENTED_EDGE('',*,*,#15749,.T.);
#15767=ORIENTED_EDGE('',*,*,#7678,.F.);
#15768=ORIENTED_EDGE('',*,*,#9654,.T.);
#15770=ORIENTED_EDGE('',*,*,#15769,.T.);
#15772=ORIENTED_EDGE('',*,*,#15771,.T.);
#15773=EDGE_LOOP('',(#15766,#15767,#15768,#15770,#15772));
#15774=FACE_OUTER_BOUND('',#15773,.F.);
#15775=ADVANCED_FACE('',(#15774),#15765,.T.);
#15776=CARTESIAN_POINT('',(1.07146E2,1.86626876E2,7.848991960744E1));
#15777=DIRECTION('',(0.E0,3.457053588274E-1,9.383431168171E-1));
#15778=DIRECTION('',(0.E0,9.383431168171E-1,-3.457053588274E-1));
#15779=AXIS2_PLACEMENT_3D('',#15776,#15777,#15778);
#15780=PLANE('',#15779);
#15781=ORIENTED_EDGE('',*,*,#15769,.F.);
#15782=ORIENTED_EDGE('',*,*,#9652,.T.);
#15783=ORIENTED_EDGE('',*,*,#15671,.T.);
#15785=ORIENTED_EDGE('',*,*,#15784,.F.);
#15786=EDGE_LOOP('',(#15781,#15782,#15783,#15785));
#15787=FACE_OUTER_BOUND('',#15786,.F.);
#15788=ADVANCED_FACE('',(#15787),#15780,.T.);
#15789=CARTESIAN_POINT('',(-4.19842E2,1.789E2,8.080380927240E1));
#15790=DIRECTION('',(-1.E0,0.E0,0.E0));
#15791=DIRECTION('',(0.E0,-1.E0,0.E0));
#15792=AXIS2_PLACEMENT_3D('',#15789,#15790,#15791);
#15793=CYLINDRICAL_SURFACE('',#15792,5.E-1);
#15794=ORIENTED_EDGE('',*,*,#15669,.T.);
#15795=ORIENTED_EDGE('',*,*,#15723,.F.);
#15796=ORIENTED_EDGE('',*,*,#15755,.F.);
#15798=ORIENTED_EDGE('',*,*,#15797,.F.);
#15799=ORIENTED_EDGE('',*,*,#15784,.T.);
#15800=EDGE_LOOP('',(#15794,#15795,#15796,#15798,#15799));
#15801=FACE_OUTER_BOUND('',#15800,.F.);
#15802=ADVANCED_FACE('',(#15801),#15793,.T.);
#15803=CARTESIAN_POINT('',(5.534300000001E1,1.789E2,8.080380927240E1));
#15804=DIRECTION('',(5.E-1,7.136221619279E-1,4.906561015674E-1));
#15805=DIRECTION('',(8.189814098817E-1,-5.738200504236E-1,0.E0));
#15806=AXIS2_PLACEMENT_3D('',#15803,#15804,#15805);
#15807=SPHERICAL_SURFACE('',#15806,5.E-1);
#15808=ORIENTED_EDGE('',*,*,#15753,.F.);
#15809=ORIENTED_EDGE('',*,*,#15751,.T.);
#15810=ORIENTED_EDGE('',*,*,#15771,.F.);
#15811=ORIENTED_EDGE('',*,*,#15797,.T.);
#15812=EDGE_LOOP('',(#15808,#15809,#15810,#15811));
#15813=FACE_OUTER_BOUND('',#15812,.F.);
#15814=ADVANCED_FACE('',(#15813),#15807,.T.);
#15815=CARTESIAN_POINT('',(2.170699998829E1,1.822613320985E2,8.910684328710E1));
#15816=DIRECTION('',(0.E0,-1.E0,0.E0));
#15817=DIRECTION('',(0.E0,0.E0,1.E0));
#15818=AXIS2_PLACEMENT_3D('',#15815,#15816,#15817);
#15819=PLANE('',#15818);
#15820=ORIENTED_EDGE('',*,*,#15652,.F.);
#15821=ORIENTED_EDGE('',*,*,#15624,.F.);
#15822=ORIENTED_EDGE('',*,*,#8766,.F.);
#15823=ORIENTED_EDGE('',*,*,#8813,.T.);
#15824=ORIENTED_EDGE('',*,*,#15694,.T.);
#15825=EDGE_LOOP('',(#15820,#15821,#15822,#15823,#15824));
#15826=FACE_OUTER_BOUND('',#15825,.F.);
#15827=ADVANCED_FACE('',(#15826),#15819,.F.);
#15828=CARTESIAN_POINT('',(2.300699998829E1,1.709978748939E2,7.541121656271E1));
#15829=DIRECTION('',(1.E0,0.E0,0.E0));
#15830=DIRECTION('',(0.E0,0.E0,-1.E0));
#15831=AXIS2_PLACEMENT_3D('',#15828,#15829,#15830);
#15832=TOROIDAL_SURFACE('',#15831,6.9E0,5.E-1);
#15834=ORIENTED_EDGE('',*,*,#15833,.T.);
#15835=ORIENTED_EDGE('',*,*,#15535,.F.);
#15836=ORIENTED_EDGE('',*,*,#15550,.F.);
#15837=ORIENTED_EDGE('',*,*,#15674,.F.);
#15838=ORIENTED_EDGE('',*,*,#9648,.T.);
#15839=EDGE_LOOP('',(#15834,#15835,#15836,#15837,#15838));
#15840=FACE_OUTER_BOUND('',#15839,.F.);
#15841=ADVANCED_FACE('',(#15840),#15832,.T.);
#15842=CARTESIAN_POINT('',(2.170699998829E1,1.709978748939E2,7.541121656271E1));
#15843=DIRECTION('',(1.E0,0.E0,0.E0));
#15844=DIRECTION('',(0.E0,1.E0,0.E0));
#15845=AXIS2_PLACEMENT_3D('',#15842,#15843,#15844);
#15846=CYLINDRICAL_SURFACE('',#15845,6.4E0);
#15847=ORIENTED_EDGE('',*,*,#15833,.F.);
#15848=ORIENTED_EDGE('',*,*,#9646,.T.);
#15849=ORIENTED_EDGE('',*,*,#15444,.T.);
#15850=ORIENTED_EDGE('',*,*,#15516,.T.);
#15851=EDGE_LOOP('',(#15847,#15848,#15849,#15850));
#15852=FACE_OUTER_BOUND('',#15851,.F.);
#15853=ADVANCED_FACE('',(#15852),#15846,.F.);
#15854=CARTESIAN_POINT('',(2.300699998829E1,-2.06E1,8.760684328710E1));
#15855=DIRECTION('',(0.E0,-1.E0,0.E0));
#15856=DIRECTION('',(1.E0,0.E0,0.E0));
#15857=AXIS2_PLACEMENT_3D('',#15854,#15855,#15856);
#15858=CYLINDRICAL_SURFACE('',#15857,5.E-1);
#15859=ORIENTED_EDGE('',*,*,#15677,.T.);
#15860=ORIENTED_EDGE('',*,*,#15581,.T.);
#15862=ORIENTED_EDGE('',*,*,#15861,.T.);
#15863=ORIENTED_EDGE('',*,*,#15608,.F.);
#15864=ORIENTED_EDGE('',*,*,#15639,.F.);
#15865=EDGE_LOOP('',(#15859,#15860,#15862,#15863,#15864));
#15866=FACE_OUTER_BOUND('',#15865,.F.);
#15867=ADVANCED_FACE('',(#15866),#15858,.T.);
#15868=CARTESIAN_POINT('',(2.300699998829E1,1.752613320985E2,8.760684328710E1));
#15869=DIRECTION('',(5.E-1,-7.071067811865E-1,5.E-1));
#15870=DIRECTION('',(-8.164965809277E-1,-5.773502691896E-1,0.E0));
#15871=AXIS2_PLACEMENT_3D('',#15868,#15869,#15870);
#15872=SPHERICAL_SURFACE('',#15871,5.E-1);
#15873=ORIENTED_EDGE('',*,*,#15579,.F.);
#15874=ORIENTED_EDGE('',*,*,#15577,.T.);
#15875=ORIENTED_EDGE('',*,*,#15595,.F.);
#15876=ORIENTED_EDGE('',*,*,#15861,.F.);
#15877=EDGE_LOOP('',(#15873,#15874,#15875,#15876));
#15878=FACE_OUTER_BOUND('',#15877,.F.);
#15879=ADVANCED_FACE('',(#15878),#15872,.T.);
#15880=CARTESIAN_POINT('',(4.684300000001E1,1.954E2,7.700250574417E1));
#15881=DIRECTION('',(-1.E0,0.E0,0.E0));
#15882=DIRECTION('',(0.E0,-1.E0,0.E0));
#15883=AXIS2_PLACEMENT_3D('',#15880,#15881,#15882);
#15884=CYLINDRICAL_SURFACE('',#15883,6.5E0);
#15886=ORIENTED_EDGE('',*,*,#15885,.T.);
#15887=ORIENTED_EDGE('',*,*,#9550,.F.);
#15888=ORIENTED_EDGE('',*,*,#8733,.F.);
#15890=ORIENTED_EDGE('',*,*,#15889,.T.);
#15891=EDGE_LOOP('',(#15886,#15887,#15888,#15890));
#15892=FACE_OUTER_BOUND('',#15891,.F.);
#15893=ADVANCED_FACE('',(#15892),#15884,.T.);
#15894=CARTESIAN_POINT('',(4.684300000001E1,1.993311014762E2,8.084911999364E1));
#15895=DIRECTION('',(-1.E0,0.E0,0.E0));
#15896=DIRECTION('',(0.E0,-1.E0,0.E0));
#15897=AXIS2_PLACEMENT_3D('',#15894,#15895,#15896);
#15898=CYLINDRICAL_SURFACE('',#15897,1.E0);
#15899=ORIENTED_EDGE('',*,*,#15885,.F.);
#15901=ORIENTED_EDGE('',*,*,#15900,.T.);
#15903=ORIENTED_EDGE('',*,*,#15902,.T.);
#15904=ORIENTED_EDGE('',*,*,#9552,.F.);
#15905=EDGE_LOOP('',(#15899,#15901,#15903,#15904));
#15906=FACE_OUTER_BOUND('',#15905,.F.);
#15907=ADVANCED_FACE('',(#15906),#15898,.T.);
#15908=CARTESIAN_POINT('',(4.684300000001E1,1.939872302644E2,6.531348777585E1));
#15909=DIRECTION('',(-1.E0,0.E0,0.E0));
#15910=DIRECTION('',(0.E0,-1.E0,0.E0));
#15911=AXIS2_PLACEMENT_3D('',#15908,#15909,#15910);
#15912=PLANE('',#15911);
#15913=ORIENTED_EDGE('',*,*,#8731,.F.);
#15915=ORIENTED_EDGE('',*,*,#15914,.T.);
#15917=ORIENTED_EDGE('',*,*,#15916,.T.);
#15919=ORIENTED_EDGE('',*,*,#15918,.T.);
#15921=ORIENTED_EDGE('',*,*,#15920,.T.);
#15923=ORIENTED_EDGE('',*,*,#15922,.T.);
#15925=ORIENTED_EDGE('',*,*,#15924,.T.);
#15927=ORIENTED_EDGE('',*,*,#15926,.T.);
#15928=ORIENTED_EDGE('',*,*,#8724,.F.);
#15930=ORIENTED_EDGE('',*,*,#15929,.T.);
#15932=ORIENTED_EDGE('',*,*,#15931,.F.);
#15934=ORIENTED_EDGE('',*,*,#15933,.F.);
#15936=ORIENTED_EDGE('',*,*,#15935,.F.);
#15938=ORIENTED_EDGE('',*,*,#15937,.F.);
#15939=ORIENTED_EDGE('',*,*,#15900,.F.);
#15940=ORIENTED_EDGE('',*,*,#15889,.F.);
#15941=EDGE_LOOP('',(#15913,#15915,#15917,#15919,#15921,#15923,#15925,#15927,
#15928,#15930,#15932,#15934,#15936,#15938,#15939,#15940));
#15942=FACE_OUTER_BOUND('',#15941,.F.);
#15943=ADVANCED_FACE('',(#15942),#15912,.T.);
#15944=CARTESIAN_POINT('',(4.484300000001E1,1.954E2,7.700250574417E1));
#15945=DIRECTION('',(-1.E0,0.E0,0.E0));
#15946=DIRECTION('',(0.E0,-1.E0,0.E0));
#15947=AXIS2_PLACEMENT_3D('',#15944,#15945,#15946);
#15948=CYLINDRICAL_SURFACE('',#15947,5.05E0);
#15950=ORIENTED_EDGE('',*,*,#15949,.T.);
#15951=ORIENTED_EDGE('',*,*,#15914,.F.);
#15952=ORIENTED_EDGE('',*,*,#8729,.F.);
#15953=ORIENTED_EDGE('',*,*,#8615,.T.);
#15954=EDGE_LOOP('',(#15950,#15951,#15952,#15953));
#15955=FACE_OUTER_BOUND('',#15954,.F.);
#15956=ADVANCED_FACE('',(#15955),#15948,.T.);
#15957=CARTESIAN_POINT('',(4.484300000001E1,1.980820482936E2,8.003715843444E1));
#15958=DIRECTION('',(-1.E0,0.E0,0.E0));
#15959=DIRECTION('',(0.E0,-1.E0,0.E0));
#15960=AXIS2_PLACEMENT_3D('',#15957,#15958,#15959);
#15961=CYLINDRICAL_SURFACE('',#15960,1.E0);
#15962=ORIENTED_EDGE('',*,*,#15949,.F.);
#15963=ORIENTED_EDGE('',*,*,#8613,.T.);
#15965=ORIENTED_EDGE('',*,*,#15964,.T.);
#15966=ORIENTED_EDGE('',*,*,#15916,.F.);
#15967=EDGE_LOOP('',(#15962,#15963,#15965,#15966));
#15968=FACE_OUTER_BOUND('',#15967,.F.);
#15969=ADVANCED_FACE('',(#15968),#15961,.T.);
#15970=CARTESIAN_POINT('',(4.484300000001E1,1.998511665748E2,7.807003378759E1));
#15971=DIRECTION('',(0.E0,-9.411308384958E-1,-3.380425192668E-1));
#15972=DIRECTION('',(0.E0,3.380425192668E-1,-9.411308384958E-1));
#15973=AXIS2_PLACEMENT_3D('',#15970,#15971,#15972);
#15974=PLANE('',#15973);
#15975=ORIENTED_EDGE('',*,*,#15918,.F.);
#15976=ORIENTED_EDGE('',*,*,#15964,.F.);
#15977=ORIENTED_EDGE('',*,*,#8611,.T.);
#15979=ORIENTED_EDGE('',*,*,#15978,.T.);
#15980=EDGE_LOOP('',(#15975,#15976,#15977,#15979));
#15981=FACE_OUTER_BOUND('',#15980,.F.);
#15982=ADVANCED_FACE('',(#15981),#15974,.F.);
#15983=CARTESIAN_POINT('',(4.484300000001E1,1.993999806597E2,7.636795494069E1));
#15984=DIRECTION('',(-1.E0,0.E0,0.E0));
#15985=DIRECTION('',(0.E0,-1.E0,0.E0));
#15986=AXIS2_PLACEMENT_3D('',#15983,#15984,#15985);
#15987=CYLINDRICAL_SURFACE('',#15986,1.E0);
#15989=ORIENTED_EDGE('',*,*,#15988,.T.);
#15990=ORIENTED_EDGE('',*,*,#15920,.F.);
#15991=ORIENTED_EDGE('',*,*,#15978,.F.);
#15992=ORIENTED_EDGE('',*,*,#8609,.T.);
#15993=EDGE_LOOP('',(#15989,#15990,#15991,#15992));
#15994=FACE_OUTER_BOUND('',#15993,.F.);
#15995=ADVANCED_FACE('',(#15994),#15987,.T.);
#15996=CARTESIAN_POINT('',(4.484300000001E1,1.954E2,7.700250574417E1));
#15997=DIRECTION('',(-1.E0,0.E0,0.E0));
#15998=DIRECTION('',(0.E0,-1.E0,0.E0));
#15999=AXIS2_PLACEMENT_3D('',#15996,#15997,#15998);
#16000=CYLINDRICAL_SURFACE('',#15999,5.05E0);
#16002=ORIENTED_EDGE('',*,*,#16001,.T.);
#16003=ORIENTED_EDGE('',*,*,#15922,.F.);
#16004=ORIENTED_EDGE('',*,*,#15988,.F.);
#16005=ORIENTED_EDGE('',*,*,#8607,.T.);
#16006=EDGE_LOOP('',(#16002,#16003,#16004,#16005));
#16007=FACE_OUTER_BOUND('',#16006,.F.);
#16008=ADVANCED_FACE('',(#16007),#16000,.T.);
#16009=CARTESIAN_POINT('',(4.484300000001E1,1.927179517064E2,7.396785305390E1));
#16010=DIRECTION('',(-1.E0,0.E0,0.E0));
#16011=DIRECTION('',(0.E0,-1.E0,0.E0));
#16012=AXIS2_PLACEMENT_3D('',#16009,#16010,#16011);
#16013=CYLINDRICAL_SURFACE('',#16012,1.E0);
#16014=ORIENTED_EDGE('',*,*,#16001,.F.);
#16015=ORIENTED_EDGE('',*,*,#8605,.T.);
#16017=ORIENTED_EDGE('',*,*,#16016,.T.);
#16018=ORIENTED_EDGE('',*,*,#15924,.F.);
#16019=EDGE_LOOP('',(#16014,#16015,#16017,#16018));
#16020=FACE_OUTER_BOUND('',#16019,.F.);
#16021=ADVANCED_FACE('',(#16020),#16013,.T.);
#16022=CARTESIAN_POINT('',(4.484300000001E1,1.909488334252E2,7.593497770076E1));
#16023=DIRECTION('',(0.E0,9.411308384958E-1,3.380425192668E-1));
#16024=DIRECTION('',(0.E0,-3.380425192668E-1,9.411308384958E-1));
#16025=AXIS2_PLACEMENT_3D('',#16022,#16023,#16024);
#16026=PLANE('',#16025);
#16027=ORIENTED_EDGE('',*,*,#15926,.F.);
#16028=ORIENTED_EDGE('',*,*,#16016,.F.);
#16029=ORIENTED_EDGE('',*,*,#8603,.F.);
#16030=ORIENTED_EDGE('',*,*,#8726,.T.);
#16031=EDGE_LOOP('',(#16027,#16028,#16029,#16030));
#16032=FACE_OUTER_BOUND('',#16031,.F.);
#16033=ADVANCED_FACE('',(#16032),#16026,.F.);
#16034=CARTESIAN_POINT('',(4.684300000001E1,1.895841937094E2,7.544481604782E1));
#16035=DIRECTION('',(0.E0,9.411308384958E-1,3.380425192668E-1));
#16036=DIRECTION('',(0.E0,-3.380425192668E-1,9.411308384958E-1));
#16037=AXIS2_PLACEMENT_3D('',#16034,#16035,#16036);
#16038=PLANE('',#16037);
#16039=ORIENTED_EDGE('',*,*,#9562,.T.);
#16041=ORIENTED_EDGE('',*,*,#16040,.F.);
#16042=ORIENTED_EDGE('',*,*,#15929,.F.);
#16043=ORIENTED_EDGE('',*,*,#8722,.T.);
#16044=EDGE_LOOP('',(#16039,#16041,#16042,#16043));
#16045=FACE_OUTER_BOUND('',#16044,.F.);
#16046=ADVANCED_FACE('',(#16045),#16038,.F.);
#16047=CARTESIAN_POINT('',(4.684300000001E1,1.914688985238E2,7.315589149471E1));
#16048=DIRECTION('',(-1.E0,0.E0,0.E0));
#16049=DIRECTION('',(0.E0,-1.E0,0.E0));
#16050=AXIS2_PLACEMENT_3D('',#16047,#16048,#16049);
#16051=CYLINDRICAL_SURFACE('',#16050,1.E0);
#16053=ORIENTED_EDGE('',*,*,#16052,.F.);
#16054=ORIENTED_EDGE('',*,*,#15931,.T.);
#16055=ORIENTED_EDGE('',*,*,#16040,.T.);
#16056=ORIENTED_EDGE('',*,*,#9560,.F.);
#16057=EDGE_LOOP('',(#16053,#16054,#16055,#16056));
#16058=FACE_OUTER_BOUND('',#16057,.F.);
#16059=ADVANCED_FACE('',(#16058),#16051,.T.);
#16060=CARTESIAN_POINT('',(4.684300000001E1,1.954E2,7.700250574417E1));
#16061=DIRECTION('',(-1.E0,0.E0,0.E0));
#16062=DIRECTION('',(0.E0,-1.E0,0.E0));
#16063=AXIS2_PLACEMENT_3D('',#16060,#16061,#16062);
#16064=CYLINDRICAL_SURFACE('',#16063,6.5E0);
#16065=ORIENTED_EDGE('',*,*,#16052,.T.);
#16066=ORIENTED_EDGE('',*,*,#9558,.F.);
#16068=ORIENTED_EDGE('',*,*,#16067,.F.);
#16069=ORIENTED_EDGE('',*,*,#15933,.T.);
#16070=EDGE_LOOP('',(#16065,#16066,#16068,#16069));
#16071=FACE_OUTER_BOUND('',#16070,.F.);
#16072=ADVANCED_FACE('',(#16071),#16064,.T.);
#16073=CARTESIAN_POINT('',(4.684300000001E1,2.008802069088E2,7.653631668737E1));
#16074=DIRECTION('',(-1.E0,0.E0,0.E0));
#16075=DIRECTION('',(0.E0,-1.E0,0.E0));
#16076=AXIS2_PLACEMENT_3D('',#16073,#16074,#16075);
#16077=CYLINDRICAL_SURFACE('',#16076,1.E0);
#16078=ORIENTED_EDGE('',*,*,#16067,.T.);
#16079=ORIENTED_EDGE('',*,*,#9556,.F.);
#16081=ORIENTED_EDGE('',*,*,#16080,.F.);
#16082=ORIENTED_EDGE('',*,*,#15935,.T.);
#16083=EDGE_LOOP('',(#16078,#16079,#16081,#16082));
#16084=FACE_OUTER_BOUND('',#16083,.F.);
#16085=ADVANCED_FACE('',(#16084),#16077,.T.);
#16086=CARTESIAN_POINT('',(4.684300000001E1,2.012158062906E2,7.856019544053E1));
#16087=DIRECTION('',(0.E0,-9.411308384958E-1,-3.380425192668E-1));
#16088=DIRECTION('',(0.E0,3.380425192668E-1,-9.411308384958E-1));
#16089=AXIS2_PLACEMENT_3D('',#16086,#16087,#16088);
#16090=PLANE('',#16089);
#16091=ORIENTED_EDGE('',*,*,#9554,.T.);
#16092=ORIENTED_EDGE('',*,*,#15902,.F.);
#16093=ORIENTED_EDGE('',*,*,#15937,.T.);
#16094=ORIENTED_EDGE('',*,*,#16080,.T.);
#16095=EDGE_LOOP('',(#16091,#16092,#16093,#16094));
#16096=FACE_OUTER_BOUND('',#16095,.F.);
#16097=ADVANCED_FACE('',(#16096),#16090,.F.);
#16098=CARTESIAN_POINT('',(5.304300000001E1,1.913028349222E2,7.822784672221E1));
#16099=DIRECTION('',(0.E0,7.660444431190E-1,-6.427876096865E-1));
#16100=DIRECTION('',(0.E0,-6.427876096865E-1,-7.660444431190E-1));
#16101=AXIS2_PLACEMENT_3D('',#16098,#16099,#16100);
#16102=PLANE('',#16101);
#16103=ORIENTED_EDGE('',*,*,#8468,.T.);
#16104=ORIENTED_EDGE('',*,*,#8493,.T.);
#16105=ORIENTED_EDGE('',*,*,#8397,.T.);
#16106=ORIENTED_EDGE('',*,*,#8439,.T.);
#16107=EDGE_LOOP('',(#16103,#16104,#16105,#16106));
#16108=FACE_OUTER_BOUND('',#16107,.F.);
#16109=ADVANCED_FACE('',(#16108),#16102,.T.);
#16110=CARTESIAN_POINT('',(1.335814399981E1,2.074275132669E2,
-1.136911662154E0));
#16111=DIRECTION('',(3.737071913877E-10,-6.427876096865E-1,-7.660444431190E-1));
#16112=DIRECTION('',(-1.E0,-2.402143522748E-10,-2.862763173161E-10));
#16113=AXIS2_PLACEMENT_3D('',#16110,#16111,#16112);
#16114=PLANE('',#16113);
#16115=ORIENTED_EDGE('',*,*,#7502,.F.);
#16116=ORIENTED_EDGE('',*,*,#7183,.T.);
#16118=ORIENTED_EDGE('',*,*,#16117,.T.);
#16120=ORIENTED_EDGE('',*,*,#16119,.T.);
#16121=EDGE_LOOP('',(#16115,#16116,#16118,#16120));
#16122=FACE_OUTER_BOUND('',#16121,.F.);
#16123=ADVANCED_FACE('',(#16122),#16114,.T.);
#16124=CARTESIAN_POINT('',(2.509399982148E1,2.074275132697E2,
-1.136911658794E0));
#16125=DIRECTION('',(-1.E0,-1.261300228997E-10,-1.503159079247E-10));
#16126=DIRECTION('',(-1.962234819075E-10,6.427876096865E-1,7.660444431190E-1));
#16127=AXIS2_PLACEMENT_3D('',#16124,#16125,#16126);
#16128=PLANE('',#16127);
#16129=ORIENTED_EDGE('',*,*,#7181,.T.);
#16131=ORIENTED_EDGE('',*,*,#16130,.T.);
#16133=ORIENTED_EDGE('',*,*,#16132,.T.);
#16134=ORIENTED_EDGE('',*,*,#16117,.F.);
#16135=EDGE_LOOP('',(#16129,#16131,#16133,#16134));
#16136=FACE_OUTER_BOUND('',#16135,.F.);
#16137=ADVANCED_FACE('',(#16136),#16128,.T.);
#16138=CARTESIAN_POINT('',(2.509399982246E1,2.042135752213E2,
-4.967133874389E0));
#16139=DIRECTION('',(-3.737071913470E-10,6.427876096865E-1,7.660444431190E-1));
#16140=DIRECTION('',(1.E0,2.402143522486E-10,2.862763172850E-10));
#16141=AXIS2_PLACEMENT_3D('',#16138,#16139,#16140);
#16142=PLANE('',#16141);
#16143=ORIENTED_EDGE('',*,*,#7506,.F.);
#16145=ORIENTED_EDGE('',*,*,#16144,.T.);
#16146=ORIENTED_EDGE('',*,*,#16130,.F.);
#16147=ORIENTED_EDGE('',*,*,#7179,.T.);
#16148=EDGE_LOOP('',(#16143,#16145,#16146,#16147));
#16149=FACE_OUTER_BOUND('',#16148,.F.);
#16150=ADVANCED_FACE('',(#16149),#16142,.T.);
#16151=CARTESIAN_POINT('',(3.822150040001E1,1.889184611273E2,
-2.366185819310E1));
#16152=DIRECTION('',(0.E0,-7.660444431190E-1,6.427876096865E-1));
#16153=DIRECTION('',(-1.E0,0.E0,0.E0));
#16154=AXIS2_PLACEMENT_3D('',#16151,#16152,#16153);
#16155=PLANE('',#16154);
#16156=ORIENTED_EDGE('',*,*,#16132,.F.);
#16157=ORIENTED_EDGE('',*,*,#16144,.F.);
#16158=ORIENTED_EDGE('',*,*,#7504,.F.);
#16159=ORIENTED_EDGE('',*,*,#16119,.F.);
#16160=EDGE_LOOP('',(#16156,#16157,#16158,#16159));
#16161=FACE_OUTER_BOUND('',#16160,.F.);
#16162=ADVANCED_FACE('',(#16161),#16155,.T.);
#16163=CARTESIAN_POINT('',(2.26000008E1,1.855727345398E2,-2.718242272555E1));
#16164=DIRECTION('',(3.737074141256E-10,-6.427876096865E-1,-7.660444431190E-1));
#16165=DIRECTION('',(-1.E0,-2.402144954480E-10,-2.862764879433E-10));
#16166=AXIS2_PLACEMENT_3D('',#16163,#16164,#16165);
#16167=PLANE('',#16166);
#16168=ORIENTED_EDGE('',*,*,#7175,.T.);
#16169=ORIENTED_EDGE('',*,*,#7134,.T.);
#16170=ORIENTED_EDGE('',*,*,#7119,.T.);
#16171=ORIENTED_EDGE('',*,*,#7509,.F.);
#16172=EDGE_LOOP('',(#16168,#16169,#16170,#16171));
#16173=FACE_OUTER_BOUND('',#16172,.F.);
#16174=ADVANCED_FACE('',(#16173),#16167,.T.);
#16175=CARTESIAN_POINT('',(2.509399983306E1,1.823587964919E2,
-3.101264494043E1));
#16176=DIRECTION('',(-3.737112206046E-10,6.427876096865E-1,7.660444431190E-1));
#16177=DIRECTION('',(1.E0,2.402169422055E-10,2.862794038753E-10));
#16178=AXIS2_PLACEMENT_3D('',#16175,#16176,#16177);
#16179=PLANE('',#16178);
#16180=ORIENTED_EDGE('',*,*,#7172,.T.);
#16181=ORIENTED_EDGE('',*,*,#7512,.F.);
#16182=ORIENTED_EDGE('',*,*,#7115,.T.);
#16183=ORIENTED_EDGE('',*,*,#7131,.F.);
#16184=EDGE_LOOP('',(#16180,#16181,#16182,#16183));
#16185=FACE_OUTER_BOUND('',#16184,.F.);
#16186=ADVANCED_FACE('',(#16185),#16179,.T.);
#16187=CLOSED_SHELL('',(#7123,#7138,#7225,#7240,#7254,#7266,#7280,#7292,#7306,
#7322,#7335,#7347,#7362,#7376,#7388,#7402,#7419,#7433,#7444,#7457,#7469,#7486,
#7527,#7615,#7629,#7659,#7684,#7699,#7732,#7749,#7763,#7781,#7805,#7820,#7928,
#7945,#8081,#8141,#8153,#8174,#8218,#8233,#8247,#8262,#8277,#8290,#8304,#8318,
#8333,#8346,#8360,#8374,#8389,#8404,#8418,#8430,#8444,#8457,#8472,#8485,#8510,
#8525,#8554,#8566,#8581,#8595,#8635,#8648,#8661,#8674,#8687,#8700,#8712,#8743,
#8758,#8802,#8817,#8926,#9035,#9051,#9204,#9218,#9232,#9245,#9259,#9276,#9364,
#9473,#9489,#9510,#9568,#9585,#9602,#9617,#9683,#9698,#9716,#9755,#9770,#9787,
#9799,#9814,#9827,#9837,#9852,#9869,#9881,#9896,#9909,#9919,#9934,#9951,#9963,
#9978,#9991,#10001,#10071,#10087,#10110,#10133,#10151,#10167,#10181,#10209,
#10224,#10243,#10256,#10267,#10287,#10306,#10322,#10336,#10347,#10359,#10372,
#10385,#10398,#10410,#10423,#10437,#10451,#10465,#10480,#10492,#10505,#10519,
#10544,#10557,#10570,#10583,#10595,#10609,#10623,#10636,#10648,#10815,#10829,
#10846,#10890,#10905,#10922,#10936,#10951,#10965,#10978,#10992,#11004,#11030,
#11048,#11061,#11078,#11095,#11108,#11122,#11134,#11147,#11160,#11174,#11188,
#11240,#11253,#11265,#11279,#11292,#11306,#11318,#11336,#11350,#11378,#11395,
#11408,#11423,#11439,#11473,#11503,#11530,#11544,#11573,#11587,#11614,#11633,
#11648,#11663,#11677,#11693,#11847,#12052,#12065,#12078,#12090,#12107,#12126,
#12207,#12220,#12397,#12417,#12749,#12762,#12778,#12952,#13060,#13290,#13312,
#13326,#13340,#13353,#13365,#13381,#13394,#13411,#13426,#13441,#13456,#13558,
#13570,#13659,#13671,#13756,#13768,#13789,#13812,#13830,#13844,#13857,#13871,
#13884,#13906,#13920,#13934,#13948,#13961,#13974,#13987,#13999,#14016,#14028,
#14042,#14055,#14067,#14081,#14095,#14109,#14123,#14142,#14155,#14168,#14180,
#14194,#14208,#14222,#14324,#14338,#14350,#14362,#14378,#14395,#14410,#14425,
#14460,#14478,#14496,#14511,#14524,#14534,#14547,#14581,#14595,#14609,#14623,
#14639,#14656,#14672,#14688,#14703,#14716,#14731,#14743,#14755,#14767,#14781,
#14799,#14812,#14825,#14838,#14850,#14864,#14880,#14894,#14909,#14923,#14937,
#14952,#14967,#14979,#14993,#15009,#15023,#15040,#15056,#15069,#15082,#15098,
#15114,#15129,#15141,#15153,#15165,#15183,#15197,#15215,#15242,#15262,#15280,
#15294,#15311,#15324,#15337,#15349,#15361,#15375,#15389,#15404,#15416,#15428,
#15450,#15465,#15478,#15491,#15508,#15524,#15539,#15554,#15568,#15585,#15600,
#15614,#15628,#15643,#15658,#15682,#15700,#15713,#15730,#15743,#15760,#15775,
#15788,#15802,#15814,#15827,#15841,#15853,#15867,#15879,#15893,#15907,#15943,
#15956,#15969,#15982,#15995,#16008,#16021,#16033,#16046,#16059,#16072,#16085,
#16097,#16109,#16123,#16137,#16150,#16162,#16174,#16186));
#16188=MANIFOLD_SOLID_BREP('',#16187);
#16190=DIMENSIONAL_EXPONENTS(0.E0,0.E0,0.E0,0.E0,0.E0,0.E0,0.E0);
#16192=PLANE_ANGLE_MEASURE_WITH_UNIT(PLANE_ANGLE_MEASURE(1.745329251994E-2),
#16191);
#16193=(CONVERSION_BASED_UNIT('DEGREE',#16192)NAMED_UNIT(*)PLANE_ANGLE_UNIT());
#16195=UNCERTAINTY_MEASURE_WITH_UNIT(LENGTH_MEASURE(1.E-3),#16189,'closure',
'Maximum model space distance between geometric entities at asserted connectivities');
#16196=(GEOMETRIC_REPRESENTATION_CONTEXT(3)GLOBAL_UNCERTAINTY_ASSIGNED_CONTEXT((
#16195))GLOBAL_UNIT_ASSIGNED_CONTEXT((#16189,#16193,#16194))REPRESENTATION_CONTEXT('ID1','3'));
#16197=CARTESIAN_POINT('',(0.E0,0.E0,0.E0));
#16198=DIRECTION('',(0.E0,0.E0,1.E0));
#16199=DIRECTION('',(1.E0,0.E0,0.E0));
#16202=APPLICATION_CONTEXT(
'CONFIGURATION CONTROLLED 3D DESIGNS OF MECHANICAL PARTS AND ASSEMBLIES');
#16203=APPLICATION_PROTOCOL_DEFINITION('international standard',
'config_control_design',1994,#16202);
#16204=DESIGN_CONTEXT('',#16202,'design');
#16205=MECHANICAL_CONTEXT('',#16202,'mechanical');
#16206=PRODUCT('H3360-607-HOUSING-ASF-REAR_HOM',
'H3360-607-HOUSING-ASF-REAR_HOM','NOT SPECIFIED',(#16205));
#16207=PRODUCT_DEFINITION_FORMATION_WITH_SPECIFIED_SOURCE('1','LAST_VERSION',
#16206,.MADE.);
#16216=CARTESIAN_POINT('',(1.456E0,-1.785324035121E-14,4.1E0));
#16217=DIRECTION('',(0.E0,0.E0,1.E0));
#16218=DIRECTION('',(1.E0,0.E0,0.E0));
#16219=AXIS2_PLACEMENT_3D('',#16216,#16217,#16218);
#16220=ITEM_DEFINED_TRANSFORMATION('','',#16200,#16219);
#16221=(REPRESENTATION_RELATIONSHIP('','',#16201,#16213)REPRESENTATION_RELATIONSHIP_WITH_TRANSFORMATION(#16220)SHAPE_REPRESENTATION_RELATIONSHIP());
#16222=CONTEXT_DEPENDENT_SHAPE_REPRESENTATION(#16221,#16215);
#16224=DIMENSIONAL_EXPONENTS(0.E0,0.E0,0.E0,0.E0,0.E0,0.E0,0.E0);
#16226=PLANE_ANGLE_MEASURE_WITH_UNIT(PLANE_ANGLE_MEASURE(1.745329251994E-2),
#16225);
#16227=(CONVERSION_BASED_UNIT('DEGREE',#16226)NAMED_UNIT(*)PLANE_ANGLE_UNIT());
#16229=UNCERTAINTY_MEASURE_WITH_UNIT(LENGTH_MEASURE(1.E-3),#16223,'closure',
'Maximum model space distance between geometric entities at asserted connectivities');
#16230=(GEOMETRIC_REPRESENTATION_CONTEXT(3)GLOBAL_UNCERTAINTY_ASSIGNED_CONTEXT((
#16229))GLOBAL_UNIT_ASSIGNED_CONTEXT((#16223,#16227,#16228))REPRESENTATION_CONTEXT('ID2','3'));
#16231=CARTESIAN_POINT('',(0.E0,0.E0,0.E0));
#16232=DIRECTION('',(0.E0,0.E0,1.E0));
#16233=DIRECTION('',(1.E0,0.E0,0.E0));
#16235=MECHANICAL_CONTEXT('',#16202,'mechanical');
#16236=PRODUCT('D1798404-00_ASM','D1798404-00_ASM','NOT SPECIFIED',(#16235));
#16237=PRODUCT_DEFINITION_FORMATION_WITH_SPECIFIED_SOURCE('1','LAST_VERSION',
#16236,.MADE.);
#16239=PRODUCT_CATEGORY('part','');
#16240=PRODUCT_RELATED_PRODUCT_CATEGORY('assembly','',(#16236));
#16241=PRODUCT_CATEGORY_RELATIONSHIP('','',#16239,#16240);
#16242=PRODUCT_CATEGORY('part','');
#16243=PRODUCT_RELATED_PRODUCT_CATEGORY('detail','',(#16206));
#16244=PRODUCT_CATEGORY_RELATIONSHIP('','',#16242,#16243);
#16245=SECURITY_CLASSIFICATION_LEVEL('unclassified');
#16246=SECURITY_CLASSIFICATION('','',#16245);
#16247=CC_DESIGN_SECURITY_CLASSIFICATION(#16246,(#16207,#16237,#16214));
#16248=APPROVAL_STATUS('approved');
#16249=APPROVAL(#16248,'');
#16250=CC_DESIGN_APPROVAL(#16249,(#16246,#16207,#16237,#16208,#16238));
#16251=CALENDAR_DATE(119,25,4);
#16252=COORDINATED_UNIVERSAL_TIME_OFFSET(7,0,.AHEAD.);
#16253=LOCAL_TIME(14,58,2.E0,#16252);
#16254=DATE_AND_TIME(#16251,#16253);
#16255=APPROVAL_DATE_TIME(#16254,#16249);
#16256=DATE_TIME_ROLE('creation_date');
#16257=CC_DESIGN_DATE_AND_TIME_ASSIGNMENT(#16254,#16256,(#16208,#16238));
#16258=DATE_TIME_ROLE('classification_date');
#16259=CC_DESIGN_DATE_AND_TIME_ASSIGNMENT(#16254,#16258,(#16246));
#16260=PERSON('UNSPECIFIED','UNSPECIFIED',$,$,$,$);
#16261=ORGANIZATION('UNSPECIFIED','UNSPECIFIED','UNSPECIFIED');
#16262=PERSON_AND_ORGANIZATION(#16260,#16261);
#16263=APPROVAL_ROLE('approver');
#16264=APPROVAL_PERSON_ORGANIZATION(#16262,#16249,#16263);
#16265=PERSON_AND_ORGANIZATION_ROLE('creator');
#16266=CC_DESIGN_PERSON_AND_ORGANIZATION_ASSIGNMENT(#16262,#16265,(#16207,
#16237,#16208,#16238));
#16267=PERSON_AND_ORGANIZATION_ROLE('design_supplier');
#16268=CC_DESIGN_PERSON_AND_ORGANIZATION_ASSIGNMENT(#16262,#16267,(#16207,
#16237));
#16269=PERSON_AND_ORGANIZATION_ROLE('classification_officer');
#16270=CC_DESIGN_PERSON_AND_ORGANIZATION_ASSIGNMENT(#16262,#16269,(#16246));
#16271=PERSON_AND_ORGANIZATION_ROLE('design_owner');
#16272=CC_DESIGN_PERSON_AND_ORGANIZATION_ASSIGNMENT(#16262,#16271,(#16236,
#16206));
#237=B_SPLINE_CURVE_WITH_KNOTS('',3,(#226,#227,#228,#229,#230,#231,#232,#233,
#234,#235,#236),.UNSPECIFIED.,.F.,.F.,(4,1,1,1,1,1,1,1,4),(0.E0,1.25E-1,2.5E-1,
3.75E-1,5.E-1,6.25E-1,7.5E-1,8.75E-1,1.E0),.UNSPECIFIED.);
#246=CIRCLE('',#245,1.95E1);
#295=CIRCLE('',#294,5.E-1);
#300=CIRCLE('',#299,1.E0);
#305=CIRCLE('',#304,5.E-1);
#318=CIRCLE('',#317,5.E-1);
#327=CIRCLE('',#326,5.E-1);
#332=CIRCLE('',#331,1.5E1);
#341=CIRCLE('',#340,5.E-1);
#346=CIRCLE('',#345,5.E0);
#371=CIRCLE('',#370,1.45E1);
#376=CIRCLE('',#375,1.3E1);
#385=CIRCLE('',#384,1.4E1);
#402=B_SPLINE_CURVE_WITH_KNOTS('',3,(#394,#395,#396,#397,#398,#399,#400,#401),
.UNSPECIFIED.,.F.,.F.,(4,1,1,1,1,4),(0.E0,1.25E-1,2.5E-1,5.E-1,7.5E-1,1.E0),
.UNSPECIFIED.);
#407=CIRCLE('',#406,1.3E1);
#420=CIRCLE('',#419,1.68E1);
#425=CIRCLE('',#424,1.E0);
#432=B_SPLINE_CURVE_WITH_KNOTS('',3,(#426,#427,#428,#429,#430,#431),
.UNSPECIFIED.,.F.,.F.,(4,1,1,4),(0.E0,3.333333333333E-1,6.666666666667E-1,1.E0),
.UNSPECIFIED.);
#448=B_SPLINE_CURVE_WITH_KNOTS('',3,(#441,#442,#443,#444,#445,#446,#447),
.UNSPECIFIED.,.F.,.F.,(4,1,1,1,4),(0.E0,3.965948288549E-1,6.614568295849E-1,
9.263188303149E-1,1.E0),.UNSPECIFIED.);
#469=B_SPLINE_CURVE_WITH_KNOTS('',3,(#457,#458,#459,#460,#461,#462,#463,#464,
#465,#466,#467,#468),.UNSPECIFIED.,.F.,.F.,(4,1,1,1,1,1,1,1,1,4),(0.E0,
1.111111111111E-1,2.222222222222E-1,3.333333333333E-1,4.444444444444E-1,
5.555555555556E-1,6.666666666667E-1,7.777777777778E-1,8.888888888889E-1,1.E0),
.UNSPECIFIED.);
#474=CIRCLE('',#473,5.E-1);
#494=B_SPLINE_CURVE_WITH_KNOTS('',3,(#475,#476,#477,#478,#479,#480,#481,#482,
#483,#484,#485,#486,#487,#488,#489,#490,#491,#492,#493),.UNSPECIFIED.,.F.,.F.,
(4,1,1,1,1,1,1,1,1,1,1,1,1,1,1,1,4),(0.E0,6.25E-2,1.25E-1,1.875E-1,2.5E-1,
3.125E-1,3.75E-1,4.375E-1,5.E-1,5.625E-1,6.25E-1,6.875E-1,7.5E-1,8.125E-1,
8.75E-1,9.375E-1,1.E0),.UNSPECIFIED.);
#507=B_SPLINE_CURVE_WITH_KNOTS('',3,(#495,#496,#497,#498,#499,#500,#501,#502,
#503,#504,#505,#506),.UNSPECIFIED.,.F.,.F.,(4,1,1,1,1,1,1,1,1,4),(0.E0,
1.111111111111E-1,2.222222222222E-1,3.333333333333E-1,4.444444444444E-1,
5.555555555556E-1,6.666666666667E-1,7.777777777778E-1,8.888888888889E-1,1.E0),
.UNSPECIFIED.);
#534=B_SPLINE_CURVE_WITH_KNOTS('',3,(#512,#513,#514,#515,#516,#517,#518,#519,
#520,#521,#522,#523,#524,#525,#526,#527,#528,#529,#530,#531,#532,#533),
.UNSPECIFIED.,.F.,.F.,(4,1,1,1,1,1,1,1,1,1,1,1,1,1,1,1,1,1,1,4),(0.E0,
5.263157894737E-2,1.052631578947E-1,1.578947368421E-1,2.105263157895E-1,
2.631578947368E-1,3.157894736842E-1,3.684210526316E-1,4.210526315789E-1,
4.736842105263E-1,5.263157894737E-1,5.789473684211E-1,6.315789473684E-1,
6.842105263158E-1,7.368421052632E-1,7.894736842105E-1,8.421052631579E-1,
8.947368421053E-1,9.473684210526E-1,1.E0),.UNSPECIFIED.);
#545=B_SPLINE_CURVE_WITH_KNOTS('',3,(#535,#536,#537,#538,#539,#540,#541,#542,
#543,#544),.UNSPECIFIED.,.F.,.F.,(4,1,1,1,1,1,1,4),(0.E0,1.428571428571E-1,
2.857142857143E-1,4.285714285714E-1,5.714285714286E-1,7.142857142857E-1,
8.571428571429E-1,1.E0),.UNSPECIFIED.);
#560=B_SPLINE_CURVE_WITH_KNOTS('',3,(#546,#547,#548,#549,#550,#551,#552,#553,
#554,#555,#556,#557,#558,#559),.UNSPECIFIED.,.F.,.F.,(4,1,1,1,1,1,1,1,1,1,1,4),(
0.E0,9.090909090909E-2,1.818181818182E-1,2.727272727273E-1,3.636363636364E-1,
4.545454545455E-1,5.454545454545E-1,6.363636363636E-1,7.272727272727E-1,
8.181818181818E-1,9.090909090909E-1,1.E0),.UNSPECIFIED.);
#577=B_SPLINE_CURVE_WITH_KNOTS('',3,(#561,#562,#563,#564,#565,#566,#567,#568,
#569,#570,#571,#572,#573,#574,#575,#576),.UNSPECIFIED.,.F.,.F.,(4,1,1,1,1,1,1,1,
1,1,1,1,1,4),(0.E0,7.692307692308E-2,1.538461538462E-1,2.307692307692E-1,
3.076923076923E-1,3.846153846154E-1,4.615384615385E-1,5.384615384615E-1,
6.153846153846E-1,6.923076923077E-1,7.692307692308E-1,8.461538461538E-1,
9.230769230769E-1,1.E0),.UNSPECIFIED.);
#585=B_SPLINE_CURVE_WITH_KNOTS('',3,(#578,#579,#580,#581,#582,#583,#584),
.UNSPECIFIED.,.F.,.F.,(4,1,1,1,4),(0.E0,3.369224870671E-1,6.313979351774E-1,
9.258733832877E-1,1.E0),.UNSPECIFIED.);
#602=B_SPLINE_CURVE_WITH_KNOTS('',3,(#594,#595,#596,#597,#598,#599,#600,#601),
.UNSPECIFIED.,.F.,.F.,(4,1,1,1,1,4),(0.E0,1.250000009480E-1,2.500000006294E-1,
4.999999999922E-1,7.499999993549E-1,1.E0),.UNSPECIFIED.);
#619=B_SPLINE_CURVE_WITH_KNOTS('',3,(#607,#608,#609,#610,#611,#612,#613,#614,
#615,#616,#617,#618),.UNSPECIFIED.,.F.,.F.,(4,1,1,1,1,1,1,1,1,4),(0.E0,
1.111111111111E-1,2.222222222222E-1,3.333333333333E-1,4.444444444444E-1,
5.555555555556E-1,6.666666666667E-1,7.777777777778E-1,8.888888888889E-1,1.E0),
.UNSPECIFIED.);
#630=B_SPLINE_CURVE_WITH_KNOTS('',3,(#624,#625,#626,#627,#628,#629),
.UNSPECIFIED.,.F.,.F.,(4,1,1,4),(0.E0,3.333333333333E-1,6.666666666667E-1,1.E0),
.UNSPECIFIED.);
#635=CIRCLE('',#634,5.E0);
#640=CIRCLE('',#639,1.5E0);
#649=CIRCLE('',#648,1.5E0);
#658=CIRCLE('',#657,1.5E0);
#663=CIRCLE('',#662,5.E0);
#668=CIRCLE('',#667,1.5E0);
#677=CIRCLE('',#676,1.5E0);
#691=B_SPLINE_CURVE_WITH_KNOTS('',3,(#678,#679,#680,#681,#682,#683,#684,#685,
#686,#687,#688,#689,#690),.UNSPECIFIED.,.F.,.F.,(4,1,1,1,1,1,1,1,1,1,4),(0.E0,
1.E-1,2.E-1,3.E-1,4.E-1,5.E-1,6.E-1,7.E-1,8.E-1,9.E-1,1.E0),.UNSPECIFIED.);
#717=B_SPLINE_CURVE_WITH_KNOTS('',3,(#696,#697,#698,#699,#700,#701,#702,#703,
#704,#705,#706,#707,#708,#709,#710,#711,#712,#713,#714,#715,#716),.UNSPECIFIED.,
.F.,.F.,(4,1,1,1,1,1,1,1,1,1,1,1,1,1,1,1,1,1,4),(0.E0,6.250000124680E-2,
1.250000011637E-1,2.500000009974E-1,3.750000008312E-1,5.000000006650E-1,
6.250000004987E-1,6.875000004156E-1,7.500000003325E-1,8.125000002494E-1,
8.750000001662E-1,9.062500001247E-1,9.375000000831E-1,9.531250000623E-1,
9.687500000416E-1,9.765625000312E-1,9.843750000208E-1,9.921875000104E-1,1.E0),
.UNSPECIFIED.);
#726=CIRCLE('',#725,4.5E0);
#731=CIRCLE('',#730,1.E0);
#736=CIRCLE('',#735,5.E-1);
#741=CIRCLE('',#740,5.E-1);
#758=CIRCLE('',#757,1.E0);
#763=CIRCLE('',#762,5.E-1);
#780=CIRCLE('',#779,5.E-1);
#785=CIRCLE('',#784,4.5E0);
#790=CIRCLE('',#789,5.E-1);
#795=CIRCLE('',#794,1.E0);
#800=CIRCLE('',#799,5.E-1);
#817=CIRCLE('',#816,1.E0);
#822=CIRCLE('',#821,5.E-1);
#827=CIRCLE('',#826,5.E-1);
#840=CIRCLE('',#839,1.E0);
#845=CIRCLE('',#844,5.E-1);
#850=CIRCLE('',#849,5.E-1);
#863=CIRCLE('',#862,2.E0);
#868=CIRCLE('',#867,2.E0);
#877=CIRCLE('',#876,1.E0);
#886=CIRCLE('',#885,1.E0);
#891=CIRCLE('',#890,4.5E0);
#896=CIRCLE('',#895,1.E0);
#905=CIRCLE('',#904,1.E0);
#910=CIRCLE('',#909,4.5E0);
#915=CIRCLE('',#914,1.E0);
#928=CIRCLE('',#927,2.E0);
#933=CIRCLE('',#932,2.E0);
#942=CIRCLE('',#941,1.E0);
#947=CIRCLE('',#946,3.55E0);
#952=CIRCLE('',#951,1.E0);
#961=CIRCLE('',#960,1.E0);
#966=CIRCLE('',#965,3.55E0);
#971=CIRCLE('',#970,1.E0);
#988=CIRCLE('',#987,1.E0);
#993=CIRCLE('',#992,3.55E0);
#998=CIRCLE('',#997,1.E0);
#1007=CIRCLE('',#1006,1.E0);
#1012=CIRCLE('',#1011,3.55E0);
#1017=CIRCLE('',#1016,1.E0);
#1030=CIRCLE('',#1029,1.E0);
#1035=CIRCLE('',#1034,5.05E0);
#1040=CIRCLE('',#1039,1.E0);
#1049=CIRCLE('',#1048,1.E0);
#1054=CIRCLE('',#1053,5.05E0);
#1088=B_SPLINE_CURVE_WITH_KNOTS('',3,(#1083,#1084,#1085,#1086,#1087),
.UNSPECIFIED.,.F.,.F.,(4,1,4),(0.E0,5.E-1,1.E0),.UNSPECIFIED.);
#1094=B_SPLINE_CURVE_WITH_KNOTS('',3,(#1089,#1090,#1091,#1092,#1093),
.UNSPECIFIED.,.F.,.F.,(4,1,4),(0.E0,5.E-1,1.E0),.UNSPECIFIED.);
#1099=CIRCLE('',#1098,3.E0);
#1104=CIRCLE('',#1103,5.E-1);
#1113=CIRCLE('',#1112,1.5E0);
#1122=CIRCLE('',#1121,1.914665838703E1);
#1131=CIRCLE('',#1130,2.062889323014E1);
#1145=B_SPLINE_CURVE_WITH_KNOTS('',3,(#1136,#1137,#1138,#1139,#1140,#1141,#1142,
#1143,#1144),.UNSPECIFIED.,.F.,.F.,(4,1,1,1,1,1,4),(0.E0,2.499999989521E-1,
4.999999991642E-1,6.249999992703E-1,7.499999993764E-1,8.749999994825E-1,1.E0),
.UNSPECIFIED.);
#1155=B_SPLINE_CURVE_WITH_KNOTS('',3,(#1146,#1147,#1148,#1149,#1150,#1151,#1152,
#1153,#1154),.UNSPECIFIED.,.F.,.F.,(4,1,1,1,1,1,4),(0.E0,1.250000003428E-1,
2.500000005070E-1,3.750000006711E-1,5.000000008353E-1,7.500000011637E-1,1.E0),
.UNSPECIFIED.);
#1168=CIRCLE('',#1167,5.E-1);
#1180=B_SPLINE_CURVE_WITH_KNOTS('',3,(#1169,#1170,#1171,#1172,#1173,#1174,#1175,
#1176,#1177,#1178,#1179),.UNSPECIFIED.,.F.,.F.,(4,1,1,1,1,1,1,1,4),(0.E0,
1.25E-1,2.5E-1,3.75E-1,5.E-1,6.25E-1,7.5E-1,8.75E-1,1.E0),.UNSPECIFIED.);
#1185=CIRCLE('',#1184,5.E-1);
#1199=B_SPLINE_CURVE_WITH_KNOTS('',3,(#1186,#1187,#1188,#1189,#1190,#1191,#1192,
#1193,#1194,#1195,#1196,#1197,#1198),.UNSPECIFIED.,.F.,.F.,(4,1,1,1,1,1,1,1,1,1,
4),(0.E0,6.249999641704E-2,1.249999969305E-1,2.499999979575E-1,
3.749999989845E-1,5.000000000115E-1,6.250000010385E-1,7.500000020655E-1,
8.750000030925E-1,9.375000036061E-1,1.E0),.UNSPECIFIED.);
#1209=B_SPLINE_CURVE_WITH_KNOTS('',3,(#1200,#1201,#1202,#1203,#1204,#1205,#1206,
#1207,#1208),.UNSPECIFIED.,.F.,.F.,(4,1,1,1,1,1,4),(0.E0,1.250000003428E-1,
2.500000005070E-1,3.750000006711E-1,5.000000008353E-1,7.500000011637E-1,1.E0),
.UNSPECIFIED.);
#1219=B_SPLINE_CURVE_WITH_KNOTS('',3,(#1210,#1211,#1212,#1213,#1214,#1215,#1216,
#1217,#1218),.UNSPECIFIED.,.F.,.F.,(4,1,1,1,1,1,4),(0.E0,2.499999989521E-1,
4.999999991642E-1,6.249999992703E-1,7.499999993764E-1,8.749999994825E-1,1.E0),
.UNSPECIFIED.);
#1224=CIRCLE('',#1223,5.E-1);
#1229=CIRCLE('',#1228,5.E-1);
#1256=B_SPLINE_CURVE_WITH_KNOTS('',3,(#1238,#1239,#1240,#1241,#1242,#1243,#1244,
#1245,#1246,#1247,#1248,#1249,#1250,#1251,#1252,#1253,#1254,#1255),
.UNSPECIFIED.,.F.,.F.,(4,1,1,1,1,1,1,1,1,1,1,1,1,1,1,4),(0.E0,6.666666666667E-2,
1.333333333333E-1,2.E-1,2.666666666667E-1,3.333333333333E-1,4.E-1,
4.666666666667E-1,5.333333333333E-1,6.E-1,6.666666666667E-1,7.333333333333E-1,
8.E-1,8.666666666667E-1,9.333333333333E-1,1.E0),.UNSPECIFIED.);
#1267=B_SPLINE_CURVE_WITH_KNOTS('',3,(#1261,#1262,#1263,#1264,#1265,#1266),
.UNSPECIFIED.,.F.,.F.,(4,1,1,4),(0.E0,3.333333333333E-1,6.666666666667E-1,1.E0),
.UNSPECIFIED.);
#1276=CIRCLE('',#1275,2.112858864365E1);
#1295=B_SPLINE_CURVE_WITH_KNOTS('',3,(#1277,#1278,#1279,#1280,#1281,#1282,#1283,
#1284,#1285,#1286,#1287,#1288,#1289,#1290,#1291,#1292,#1293,#1294),
.UNSPECIFIED.,.F.,.F.,(4,1,1,1,1,1,1,1,1,1,1,1,1,1,1,4),(0.E0,6.666666666667E-2,
1.333333333333E-1,2.E-1,2.666666666667E-1,3.333333333333E-1,4.E-1,
4.666666666667E-1,5.333333333333E-1,6.E-1,6.666666666667E-1,7.333333333333E-1,
8.E-1,8.666666666667E-1,9.333333333333E-1,1.E0),.UNSPECIFIED.);
#1302=B_SPLINE_CURVE_WITH_KNOTS('',3,(#1296,#1297,#1298,#1299,#1300,#1301),
.UNSPECIFIED.,.F.,.F.,(4,1,1,4),(0.E0,3.333333333333E-1,6.666666666667E-1,1.E0),
.UNSPECIFIED.);
#1307=CIRCLE('',#1306,5.E-1);
#1312=CIRCLE('',#1311,5.E-1);
#1323=B_SPLINE_CURVE_WITH_KNOTS('',3,(#1313,#1314,#1315,#1316,#1317,#1318,#1319,
#1320,#1321,#1322),.UNSPECIFIED.,.F.,.F.,(4,1,1,1,1,1,1,4),(0.E0,
1.428571428571E-1,2.857142857143E-1,4.285714285714E-1,5.714285714286E-1,
7.142857142857E-1,8.571428571429E-1,1.E0),.UNSPECIFIED.);
#1328=CIRCLE('',#1327,5.E-1);
#1347=B_SPLINE_CURVE_WITH_KNOTS('',3,(#1329,#1330,#1331,#1332,#1333,#1334,#1335,
#1336,#1337,#1338,#1339,#1340,#1341,#1342,#1343,#1344,#1345,#1346),
.UNSPECIFIED.,.F.,.F.,(4,1,1,1,1,1,1,1,1,1,1,1,1,1,1,4),(0.E0,6.666666666667E-2,
1.333333333333E-1,2.E-1,2.666666666667E-1,3.333333333333E-1,4.E-1,
4.666666666667E-1,5.333333333333E-1,6.E-1,6.666666666667E-1,7.333333333333E-1,
8.E-1,8.666666666667E-1,9.333333333333E-1,1.E0),.UNSPECIFIED.);
#1358=B_SPLINE_CURVE_WITH_KNOTS('',3,(#1352,#1353,#1354,#1355,#1356,#1357),
.UNSPECIFIED.,.F.,.F.,(4,1,1,4),(0.E0,3.333333333333E-1,6.666666666667E-1,1.E0),
.UNSPECIFIED.);
#1365=B_SPLINE_CURVE_WITH_KNOTS('',3,(#1359,#1360,#1361,#1362,#1363,#1364),
.UNSPECIFIED.,.F.,.F.,(4,1,1,4),(0.E0,3.333333333333E-1,6.666666666667E-1,1.E0),
.UNSPECIFIED.);
#1372=B_SPLINE_CURVE_WITH_KNOTS('',3,(#1366,#1367,#1368,#1369,#1370,#1371),
.UNSPECIFIED.,.F.,.F.,(4,1,1,4),(0.E0,3.333333333333E-1,6.666666666667E-1,1.E0),
.UNSPECIFIED.);
#1381=CIRCLE('',#1380,1.806984153898E1);
#1390=CIRCLE('',#1389,6.5E0);
#1395=CIRCLE('',#1394,1.E0);
#1404=CIRCLE('',#1403,1.E0);
#1409=CIRCLE('',#1408,6.5E0);
#1414=CIRCLE('',#1413,1.E0);
#1511=B_SPLINE_CURVE_WITH_KNOTS('',3,(#1491,#1492,#1493,#1494,#1495,#1496,#1497,
#1498,#1499,#1500,#1501,#1502,#1503,#1504,#1505,#1506,#1507,#1508,#1509,#1510),
.UNSPECIFIED.,.F.,.F.,(4,1,1,1,1,1,1,1,1,1,1,1,1,1,1,1,1,4),(0.E0,
5.882352941176E-2,1.176470588235E-1,1.764705882353E-1,2.352941176471E-1,
2.941176470588E-1,3.529411764706E-1,4.117647058824E-1,4.705882352941E-1,
5.294117647059E-1,5.882352941176E-1,6.470588235294E-1,7.058823529412E-1,
7.647058823529E-1,8.235294117647E-1,8.823529411765E-1,9.411764705882E-1,1.E0),
.UNSPECIFIED.);
#1529=B_SPLINE_CURVE_WITH_KNOTS('',3,(#1520,#1521,#1522,#1523,#1524,#1525,#1526,
#1527,#1528),.UNSPECIFIED.,.F.,.F.,(4,1,1,1,1,1,4),(0.E0,1.25E-1,2.5E-1,5.E-1,
7.5E-1,8.75E-1,1.E0),.UNSPECIFIED.);
#1542=CIRCLE('',#1541,5.E-1);
#1551=CIRCLE('',#1550,1.5E1);
#1572=B_SPLINE_CURVE_WITH_KNOTS('',3,(#1560,#1561,#1562,#1563,#1564,#1565,#1566,
#1567,#1568,#1569,#1570,#1571),.UNSPECIFIED.,.F.,.F.,(4,1,1,1,1,1,1,1,1,4),
(0.E0,6.25E-2,1.25E-1,2.5E-1,3.75E-1,5.E-1,6.25E-1,7.5E-1,8.75E-1,1.E0),
.UNSPECIFIED.);
#1589=CIRCLE('',#1588,5.E-1);
#1594=CIRCLE('',#1593,1.37E1);
#1599=CIRCLE('',#1598,5.E-1);
#1604=CIRCLE('',#1603,2.E0);
#1609=CIRCLE('',#1608,2.E0);
#1614=CIRCLE('',#1613,2.E0);
#1619=CIRCLE('',#1618,2.E0);
#1624=CIRCLE('',#1623,2.E0);
#1629=CIRCLE('',#1628,2.E0);
#1662=CIRCLE('',#1661,2.E0);
#1667=CIRCLE('',#1666,2.E0);
#1672=CIRCLE('',#1671,1.E0);
#1677=CIRCLE('',#1676,1.E0);
#1698=CIRCLE('',#1697,1.E0);
#1703=CIRCLE('',#1702,1.E0);
#1708=CIRCLE('',#1707,2.E0);
#1713=CIRCLE('',#1712,2.E0);
#1718=CIRCLE('',#1717,1.E0);
#1723=CIRCLE('',#1722,1.E0);
#1744=CIRCLE('',#1743,1.E0);
#1749=CIRCLE('',#1748,1.E0);
#1762=CIRCLE('',#1761,2.E0);
#1767=CIRCLE('',#1766,2.E0);
#1772=CIRCLE('',#1771,1.E0);
#1777=CIRCLE('',#1776,1.E0);
#1790=CIRCLE('',#1789,1.E0);
#1795=CIRCLE('',#1794,1.E0);
#1801=B_SPLINE_CURVE_WITH_KNOTS('',3,(#1796,#1797,#1798,#1799,#1800),
.UNSPECIFIED.,.F.,.F.,(4,1,4),(0.E0,5.E-1,1.E0),.UNSPECIFIED.);
#1828=B_SPLINE_CURVE_WITH_KNOTS('',3,(#1810,#1811,#1812,#1813,#1814,#1815,#1816,
#1817,#1818,#1819,#1820,#1821,#1822,#1823,#1824,#1825,#1826,#1827),
.UNSPECIFIED.,.F.,.F.,(4,1,1,1,1,1,1,1,1,1,1,1,1,1,1,4),(0.E0,6.666666666667E-2,
1.333333333333E-1,2.E-1,2.666666666667E-1,3.333333333333E-1,4.E-1,
4.666666666667E-1,5.333333333333E-1,6.E-1,6.666666666667E-1,7.333333333333E-1,
8.E-1,8.666666666667E-1,9.333333333333E-1,1.E0),.UNSPECIFIED.);
#1848=B_SPLINE_CURVE_WITH_KNOTS('',3,(#1833,#1834,#1835,#1836,#1837,#1838,#1839,
#1840,#1841,#1842,#1843,#1844,#1845,#1846,#1847),.UNSPECIFIED.,.F.,.F.,(4,1,1,1,
1,1,1,1,1,1,1,1,4),(0.E0,1.864526820579E-2,6.537644590223E-2,1.588388012951E-1,
2.523011566880E-1,4.392258674738E-1,5.326882228667E-1,6.261505782596E-1,
8.130752890453E-1,8.598064667418E-1,9.065376444382E-1,9.532688221347E-1,1.E0),
.UNSPECIFIED.);
#1877=B_SPLINE_CURVE_WITH_KNOTS('',3,(#1861,#1862,#1863,#1864,#1865,#1866,#1867,
#1868,#1869,#1870,#1871,#1872,#1873,#1874,#1875,#1876),.UNSPECIFIED.,.F.,.F.,(4,
1,1,1,1,1,1,1,1,1,1,1,1,4),(0.E0,7.692307692308E-2,1.538461538462E-1,
2.307692307692E-1,3.076923076923E-1,3.846153846154E-1,4.615384615385E-1,
5.384615384615E-1,6.153846153846E-1,6.923076923077E-1,7.692307692308E-1,
8.461538461538E-1,9.230769230769E-1,1.E0),.UNSPECIFIED.);
#1898=B_SPLINE_CURVE_WITH_KNOTS('',3,(#1882,#1883,#1884,#1885,#1886,#1887,#1888,
#1889,#1890,#1891,#1892,#1893,#1894,#1895,#1896,#1897),.UNSPECIFIED.,.F.,.F.,(4,
1,1,1,1,1,1,1,1,1,1,1,1,4),(0.E0,7.692307692308E-2,1.538461538462E-1,
2.307692307692E-1,3.076923076923E-1,3.846153846154E-1,4.615384615385E-1,
5.384615384615E-1,6.153846153846E-1,6.923076923077E-1,7.692307692308E-1,
8.461538461538E-1,9.230769230769E-1,1.E0),.UNSPECIFIED.);
#1919=B_SPLINE_CURVE_WITH_KNOTS('',3,(#1903,#1904,#1905,#1906,#1907,#1908,#1909,
#1910,#1911,#1912,#1913,#1914,#1915,#1916,#1917,#1918),.UNSPECIFIED.,.F.,.F.,(4,
1,1,1,1,1,1,1,1,1,1,1,1,4),(0.E0,7.692307692308E-2,1.538461538462E-1,
2.307692307692E-1,3.076923076923E-1,3.846153846154E-1,4.615384615385E-1,
5.384615384615E-1,6.153846153846E-1,6.923076923077E-1,7.692307692308E-1,
8.461538461538E-1,9.230769230769E-1,1.E0),.UNSPECIFIED.);
#1936=B_SPLINE_CURVE_WITH_KNOTS('',3,(#1924,#1925,#1926,#1927,#1928,#1929,#1930,
#1931,#1932,#1933,#1934,#1935),.UNSPECIFIED.,.F.,.F.,(4,1,1,1,1,1,1,1,1,4),
(0.E0,1.111111111111E-1,2.222222222222E-1,3.333333333333E-1,4.444444444444E-1,
5.555555555556E-1,6.666666666667E-1,7.777777777778E-1,8.888888888889E-1,1.E0),
.UNSPECIFIED.);
#1961=CIRCLE('',#1960,2.E0);
#1987=B_SPLINE_CURVE_WITH_KNOTS('',3,(#1978,#1979,#1980,#1981,#1982,#1983,#1984,
#1985,#1986),.UNSPECIFIED.,.F.,.F.,(4,1,1,1,1,1,4),(0.E0,2.5E-1,5.E-1,6.25E-1,
7.5E-1,8.75E-1,1.E0),.UNSPECIFIED.);
#1996=CIRCLE('',#1995,5.E-1);
#2005=CIRCLE('',#2004,2.E0);
#2010=CIRCLE('',#2009,5.E-1);
#2019=CIRCLE('',#2018,1.E0);
#2052=CIRCLE('',#2051,5.E-1);
#2097=CIRCLE('',#2096,5.E-1);
#2126=CIRCLE('',#2125,5.E-1);
#2202=B_SPLINE_CURVE_WITH_KNOTS('',3,(#2191,#2192,#2193,#2194,#2195,#2196,#2197,
#2198,#2199,#2200,#2201),.UNSPECIFIED.,.F.,.F.,(4,1,1,1,1,1,1,1,4),(0.E0,
1.25E-1,2.5E-1,5.E-1,6.25E-1,7.5E-1,8.75E-1,9.375E-1,1.E0),.UNSPECIFIED.);
#2248=B_SPLINE_CURVE_WITH_KNOTS('',3,(#2239,#2240,#2241,#2242,#2243,#2244,#2245,
#2246,#2247),.UNSPECIFIED.,.F.,.F.,(4,1,1,1,1,1,4),(0.E0,1.25E-1,2.5E-1,3.75E-1,
5.E-1,7.5E-1,1.E0),.UNSPECIFIED.);
#2253=CIRCLE('',#2252,1.3E1);
#2266=CIRCLE('',#2265,5.E-1);
#2275=CIRCLE('',#2274,5.E-1);
#2300=CIRCLE('',#2299,1.3E1);
#2331=B_SPLINE_CURVE_WITH_KNOTS('',3,(#2313,#2314,#2315,#2316,#2317,#2318,#2319,
#2320,#2321,#2322,#2323,#2324,#2325,#2326,#2327,#2328,#2329,#2330),
.UNSPECIFIED.,.F.,.F.,(4,1,1,1,1,1,1,1,1,1,1,1,1,1,1,4),(0.E0,6.666666666667E-2,
1.333333333333E-1,2.E-1,2.666666666667E-1,3.333333333333E-1,4.E-1,
4.666666666667E-1,5.333333333333E-1,6.E-1,6.666666666667E-1,7.333333333333E-1,
8.E-1,8.666666666667E-1,9.333333333333E-1,1.E0),.UNSPECIFIED.);
#2344=CIRCLE('',#2343,1.3E1);
#2369=CIRCLE('',#2368,1.3E1);
#2374=CIRCLE('',#2373,1.8E1);
#2392=B_SPLINE_CURVE_WITH_KNOTS('',3,(#2375,#2376,#2377,#2378,#2379,#2380,#2381,
#2382,#2383,#2384,#2385,#2386,#2387,#2388,#2389,#2390,#2391),.UNSPECIFIED.,.F.,
.F.,(4,1,1,1,1,1,1,1,1,1,1,1,1,1,4),(0.E0,7.142857142857E-2,1.428571428571E-1,
2.142857142857E-1,2.857142857143E-1,3.571428571429E-1,4.285714285714E-1,5.E-1,
5.714285714286E-1,6.428571428571E-1,7.142857142857E-1,7.857142857143E-1,
8.571428571429E-1,9.285714285714E-1,1.E0),.UNSPECIFIED.);
#2405=CIRCLE('',#2404,5.E-1);
#2418=CIRCLE('',#2417,1.E0);
#2423=CIRCLE('',#2422,1.68E1);
#2428=CIRCLE('',#2427,5.1E0);
#2437=CIRCLE('',#2436,1.55E1);
#2442=CIRCLE('',#2441,1.5E0);
#2451=CIRCLE('',#2450,1.8E1);
#2468=CIRCLE('',#2467,5.E-1);
#2473=CIRCLE('',#2472,1.95E1);
#2486=CIRCLE('',#2485,5.E-1);
#2491=CIRCLE('',#2490,5.E-1);
#2496=CIRCLE('',#2495,5.E-1);
#2517=CIRCLE('',#2516,5.E-1);
#2522=CIRCLE('',#2521,1.5E1);
#2527=CIRCLE('',#2526,5.E-1);
#2540=CIRCLE('',#2539,5.E-1);
#2545=CIRCLE('',#2544,5.E-1);
#2550=CIRCLE('',#2549,5.E-1);
#2555=CIRCLE('',#2554,5.E-1);
#2560=CIRCLE('',#2559,2.E1);
#2565=CIRCLE('',#2564,1.5E1);
#2570=CIRCLE('',#2569,1.5E1);
#2597=B_SPLINE_CURVE_WITH_KNOTS('',3,(#2579,#2580,#2581,#2582,#2583,#2584,#2585,
#2586,#2587,#2588,#2589,#2590,#2591,#2592,#2593,#2594,#2595,#2596),
.UNSPECIFIED.,.F.,.F.,(4,1,1,1,1,1,1,1,1,1,1,1,1,1,1,4),(0.E0,6.666666666667E-2,
1.333333333333E-1,2.E-1,2.666666666667E-1,3.333333333333E-1,4.E-1,
4.666666666667E-1,5.333333333333E-1,6.E-1,6.666666666667E-1,7.333333333333E-1,
8.E-1,8.666666666667E-1,9.333333333333E-1,1.E0),.UNSPECIFIED.);
#2602=CIRCLE('',#2601,2.E1);
#2607=CIRCLE('',#2606,5.E-1);
#2620=CIRCLE('',#2619,5.E-1);
#2625=CIRCLE('',#2624,5.E-1);
#2630=CIRCLE('',#2629,5.E-1);
#2635=CIRCLE('',#2634,5.E-1);
#2640=CIRCLE('',#2639,5.E-1);
#2645=CIRCLE('',#2644,5.E-1);
#2650=CIRCLE('',#2649,5.E-1);
#2670=B_SPLINE_CURVE_WITH_KNOTS('',3,(#2659,#2660,#2661,#2662,#2663,#2664,#2665,
#2666,#2667,#2668,#2669),.UNSPECIFIED.,.F.,.F.,(4,1,1,1,1,1,1,1,4),(0.E0,2.5E-1,
3.75E-1,5.E-1,6.25E-1,7.5E-1,8.75E-1,9.375E-1,1.E0),.UNSPECIFIED.);
#2675=CIRCLE('',#2674,5.E-1);
#2680=CIRCLE('',#2679,2.E1);
#2691=B_SPLINE_CURVE_WITH_KNOTS('',3,(#2685,#2686,#2687,#2688,#2689,#2690),
.UNSPECIFIED.,.F.,.F.,(4,1,1,4),(0.E0,4.175827037708E-1,7.087913518869E-1,1.E0),
.UNSPECIFIED.);
#2719=B_SPLINE_CURVE_WITH_KNOTS('',3,(#2692,#2693,#2694,#2695,#2696,#2697,#2698,
#2699,#2700,#2701,#2702,#2703,#2704,#2705,#2706,#2707,#2708,#2709,#2710,#2711,
#2712,#2713,#2714,#2715,#2716,#2717,#2718),.UNSPECIFIED.,.F.,.F.,(4,1,1,1,1,1,1,
1,1,1,1,1,1,1,1,1,1,1,1,1,1,1,1,1,4),(0.E0,4.166666666667E-2,8.333333333333E-2,
1.25E-1,1.666666666667E-1,2.083333333333E-1,2.5E-1,2.916666666667E-1,
3.333333333333E-1,3.75E-1,4.166666666667E-1,4.583333333333E-1,5.E-1,
5.416666666667E-1,5.833333333333E-1,6.25E-1,6.666666666667E-1,7.083333333333E-1,
7.5E-1,7.916666666667E-1,8.333333333333E-1,8.75E-1,9.166666666667E-1,
9.583333333333E-1,1.E0),.UNSPECIFIED.);
#2728=CIRCLE('',#2727,1.E0);
#2740=B_SPLINE_CURVE_WITH_KNOTS('',3,(#2729,#2730,#2731,#2732,#2733,#2734,#2735,
#2736,#2737,#2738,#2739),.UNSPECIFIED.,.F.,.F.,(4,1,1,1,1,1,1,1,4),(0.E0,
1.25E-1,2.5E-1,3.75E-1,5.E-1,6.25E-1,7.5E-1,8.75E-1,1.E0),.UNSPECIFIED.);
#2753=B_SPLINE_CURVE_WITH_KNOTS('',3,(#2741,#2742,#2743,#2744,#2745,#2746,#2747,
#2748,#2749,#2750,#2751,#2752),.UNSPECIFIED.,.F.,.F.,(4,1,1,1,1,1,1,1,1,4),
(0.E0,1.111111111111E-1,2.222222222222E-1,3.333333333333E-1,4.444444444444E-1,
5.555555555556E-1,6.666666666667E-1,7.777777777778E-1,8.888888888889E-1,1.E0),
.UNSPECIFIED.);
#2786=CIRCLE('',#2785,1.3E1);
#2823=CIRCLE('',#2822,3.1E0);
#2828=CIRCLE('',#2827,3.1E0);
#2833=CIRCLE('',#2832,5.1E0);
#2846=CIRCLE('',#2845,5.1E0);
#2863=CIRCLE('',#2862,5.1E0);
#2884=CIRCLE('',#2883,3.1E0);
#2889=CIRCLE('',#2888,3.1E0);
#2894=CIRCLE('',#2893,3.1E0);
#2899=CIRCLE('',#2898,3.4E0);
#2904=CIRCLE('',#2903,3.4E0);
#2909=CIRCLE('',#2908,3.4E0);
#2916=B_SPLINE_CURVE_WITH_KNOTS('',3,(#2910,#2911,#2912,#2913,#2914,#2915),
.UNSPECIFIED.,.F.,.F.,(4,1,1,4),(0.E0,3.333333333333E-1,6.666666666667E-1,1.E0),
.UNSPECIFIED.);
#2921=CIRCLE('',#2920,5.1E0);
#2926=CIRCLE('',#2925,1.68E1);
#2931=CIRCLE('',#2930,5.E-1);
#2940=CIRCLE('',#2939,5.15E0);
#2945=CIRCLE('',#2944,5.E-1);
#2962=CIRCLE('',#2961,5.E-1);
#2971=CIRCLE('',#2970,5.E-1);
#2992=CIRCLE('',#2991,6.45E0);
#3001=CIRCLE('',#3000,2.3E0);
#3006=CIRCLE('',#3005,1.55E1);
#3019=CIRCLE('',#3018,5.1E0);
#3034=B_SPLINE_CURVE_WITH_KNOTS('',3,(#3028,#3029,#3030,#3031,#3032,#3033),
.UNSPECIFIED.,.F.,.F.,(4,1,1,4),(0.E0,3.333333333333E-1,6.666666666667E-1,1.E0),
.UNSPECIFIED.);
#3095=CIRCLE('',#3094,5.E-1);
#3103=B_SPLINE_CURVE_WITH_KNOTS('',3,(#3096,#3097,#3098,#3099,#3100,#3101,
#3102),.UNSPECIFIED.,.F.,.F.,(4,1,1,1,4),(0.E0,7.125210315755E-2,
3.808347354824E-1,6.904173678072E-1,1.E0),.UNSPECIFIED.);
#3108=CIRCLE('',#3107,5.E-1);
#3113=CIRCLE('',#3112,5.E-1);
#3118=CIRCLE('',#3117,5.E-1);
#3123=B_SPLINE_CURVE_WITH_KNOTS('',3,(#3119,#3120,#3121,#3122),.UNSPECIFIED.,
.F.,.F.,(4,4),(0.E0,1.E0),.UNSPECIFIED.);
#3128=CIRCLE('',#3127,5.E-1);
#3141=CIRCLE('',#3140,5.E-1);
#3149=B_SPLINE_CURVE_WITH_KNOTS('',3,(#3142,#3143,#3144,#3145,#3146,#3147,
#3148),.UNSPECIFIED.,.F.,.F.,(4,1,1,1,4),(0.E0,2.5E-1,5.E-1,7.5E-1,1.E0),
.UNSPECIFIED.);
#3158=CIRCLE('',#3157,2.E0);
#3199=B_SPLINE_CURVE_WITH_KNOTS('',3,(#3159,#3160,#3161,#3162,#3163,#3164,#3165,
#3166,#3167,#3168,#3169,#3170,#3171,#3172,#3173,#3174,#3175,#3176,#3177,#3178,
#3179,#3180,#3181,#3182,#3183,#3184,#3185,#3186,#3187,#3188,#3189,#3190,#3191,
#3192,#3193,#3194,#3195,#3196,#3197,#3198),.UNSPECIFIED.,.F.,.F.,(4,1,1,1,1,1,1,
1,1,1,1,1,1,1,1,1,1,1,1,1,1,1,1,1,1,1,1,1,1,1,1,1,1,1,1,1,1,4),(0.E0,
2.702702702703E-2,5.405405405405E-2,8.108108108108E-2,1.081081081081E-1,
1.351351351351E-1,1.621621621622E-1,1.891891891892E-1,2.162162162162E-1,
2.432432432432E-1,2.702702702703E-1,2.972972972973E-1,3.243243243243E-1,
3.513513513514E-1,3.783783783784E-1,4.054054054054E-1,4.324324324324E-1,
4.594594594595E-1,4.864864864865E-1,5.135135135135E-1,5.405405405405E-1,
5.675675675676E-1,5.945945945946E-1,6.216216216216E-1,6.486486486486E-1,
6.756756756757E-1,7.027027027027E-1,7.297297297297E-1,7.567567567568E-1,
7.837837837838E-1,8.108108108108E-1,8.378378378378E-1,8.648648648649E-1,
8.918918918919E-1,9.189189189189E-1,9.459459459459E-1,9.729729729730E-1,1.E0),
.UNSPECIFIED.);
#3222=B_SPLINE_CURVE_WITH_KNOTS('',3,(#3200,#3201,#3202,#3203,#3204,#3205,#3206,
#3207,#3208,#3209,#3210,#3211,#3212,#3213,#3214,#3215,#3216,#3217,#3218,#3219,
#3220,#3221),.UNSPECIFIED.,.F.,.F.,(4,1,1,1,1,1,1,1,1,1,1,1,1,1,1,1,1,1,1,4),(
0.E0,5.263157894737E-2,1.052631578947E-1,1.578947368421E-1,2.105263157895E-1,
2.631578947368E-1,3.157894736842E-1,3.684210526316E-1,4.210526315789E-1,
4.736842105263E-1,5.263157894737E-1,5.789473684211E-1,6.315789473684E-1,
6.842105263158E-1,7.368421052632E-1,7.894736842105E-1,8.421052631579E-1,
8.947368421053E-1,9.473684210526E-1,1.E0),.UNSPECIFIED.);
#3227=CIRCLE('',#3226,5.E-1);
#3250=B_SPLINE_CURVE_WITH_KNOTS('',3,(#3240,#3241,#3242,#3243,#3244,#3245,#3246,
#3247,#3248,#3249),.UNSPECIFIED.,.F.,.F.,(4,1,1,1,1,1,1,4),(0.E0,
2.300637652768E-1,4.867091769037E-1,6.150318827172E-1,7.433545885307E-1,
8.716772943442E-1,9.358386472509E-1,1.E0),.UNSPECIFIED.);
#3258=B_SPLINE_CURVE_WITH_KNOTS('',3,(#3251,#3252,#3253,#3254,#3255,#3256,
#3257),.UNSPECIFIED.,.F.,.F.,(4,1,1,1,4),(0.E0,2.5E-1,5.E-1,7.5E-1,1.E0),
.UNSPECIFIED.);
#3272=B_SPLINE_CURVE_WITH_KNOTS('',3,(#3259,#3260,#3261,#3262,#3263,#3264,#3265,
#3266,#3267,#3268,#3269,#3270,#3271),.UNSPECIFIED.,.F.,.F.,(4,1,1,1,1,1,1,1,1,1,
4),(0.E0,1.E-1,2.E-1,3.E-1,4.E-1,5.E-1,6.E-1,7.E-1,8.E-1,9.E-1,1.E0),
.UNSPECIFIED.);
#3288=B_SPLINE_CURVE_WITH_KNOTS('',3,(#3281,#3282,#3283,#3284,#3285,#3286,
#3287),.UNSPECIFIED.,.F.,.F.,(4,1,1,1,4),(0.E0,2.5E-1,5.E-1,7.5E-1,1.E0),
.UNSPECIFIED.);
#3293=CIRCLE('',#3292,5.E-1);
#3298=CIRCLE('',#3297,5.E-1);
#3311=CIRCLE('',#3310,5.E-1);
#3316=CIRCLE('',#3315,2.001685087929E1);
#3321=CIRCLE('',#3320,5.E-1);
#3362=B_SPLINE_CURVE_WITH_KNOTS('',3,(#3322,#3323,#3324,#3325,#3326,#3327,#3328,
#3329,#3330,#3331,#3332,#3333,#3334,#3335,#3336,#3337,#3338,#3339,#3340,#3341,
#3342,#3343,#3344,#3345,#3346,#3347,#3348,#3349,#3350,#3351,#3352,#3353,#3354,
#3355,#3356,#3357,#3358,#3359,#3360,#3361),.UNSPECIFIED.,.F.,.F.,(4,1,1,1,1,1,1,
1,1,1,1,1,1,1,1,1,1,1,1,1,1,1,1,1,1,1,1,1,1,1,1,1,1,1,1,1,1,4),(0.E0,
1.248038011357E-1,1.873178153403E-1,2.498318295449E-1,3.123458437495E-1,
3.748598579541E-1,4.061168650564E-1,4.373738721587E-1,4.530023757098E-1,
4.686308792610E-1,4.764451310366E-1,4.803522569243E-1,4.842593828121E-1,
4.881665086999E-1,4.920736345877E-1,4.959807604755E-1,4.979343234194E-1,
4.998878863633E-1,5.018414493072E-1,5.037950122511E-1,5.077021381388E-1,
5.116092640266E-1,5.155163899144E-1,5.194235158022E-1,5.233306416900E-1,
5.311448934656E-1,5.389591452411E-1,5.467733970167E-1,5.624019005679E-1,
5.780304041190E-1,5.936589076702E-1,6.249159147725E-1,6.561729218748E-1,
6.874299289771E-1,7.499439431817E-1,8.749719715908E-1,9.374859857954E-1,1.E0),
.UNSPECIFIED.);
#3372=B_SPLINE_CURVE_WITH_KNOTS('',3,(#3363,#3364,#3365,#3366,#3367,#3368,#3369,
#3370,#3371),.UNSPECIFIED.,.F.,.F.,(4,1,1,1,1,1,4),(0.E0,1.666666666667E-1,
3.333333333333E-1,5.E-1,6.666666666667E-1,8.333333333333E-1,1.E0),
.UNSPECIFIED.);
#3379=B_SPLINE_CURVE_WITH_KNOTS('',3,(#3373,#3374,#3375,#3376,#3377,#3378),
.UNSPECIFIED.,.F.,.F.,(4,1,1,4),(0.E0,3.333333333333E-1,6.666666666667E-1,1.E0),
.UNSPECIFIED.);
#3391=B_SPLINE_CURVE_WITH_KNOTS('',3,(#3380,#3381,#3382,#3383,#3384,#3385,#3386,
#3387,#3388,#3389,#3390),.UNSPECIFIED.,.F.,.F.,(4,1,1,1,1,1,1,1,4),(0.E0,
1.25E-1,2.5E-1,3.75E-1,5.E-1,6.25E-1,7.5E-1,8.75E-1,1.E0),.UNSPECIFIED.);
#3399=B_SPLINE_CURVE_WITH_KNOTS('',3,(#3392,#3393,#3394,#3395,#3396,#3397,
#3398),.UNSPECIFIED.,.F.,.F.,(4,1,1,1,4),(0.E0,2.5E-1,5.E-1,7.5E-1,1.E0),
.UNSPECIFIED.);
#3440=B_SPLINE_CURVE_WITH_KNOTS('',3,(#3400,#3401,#3402,#3403,#3404,#3405,#3406,
#3407,#3408,#3409,#3410,#3411,#3412,#3413,#3414,#3415,#3416,#3417,#3418,#3419,
#3420,#3421,#3422,#3423,#3424,#3425,#3426,#3427,#3428,#3429,#3430,#3431,#3432,
#3433,#3434,#3435,#3436,#3437,#3438,#3439),.UNSPECIFIED.,.F.,.F.,(4,1,1,1,1,1,1,
1,1,1,1,1,1,1,1,1,1,1,1,1,1,1,1,1,1,1,1,1,1,1,1,1,1,1,1,1,1,4),(0.E0,
1.248038065604E-1,1.873178203775E-1,2.498318341946E-1,3.123458480117E-1,
3.748598618288E-1,4.061168687374E-1,4.373738756460E-1,4.530023791002E-1,
4.686308825545E-1,4.764451342817E-1,4.803522601452E-1,4.842593860088E-1,
4.881665118724E-1,4.920736377359E-1,4.959807635995E-1,4.979343265313E-1,
4.998878894631E-1,5.018414523949E-1,5.037950153266E-1,5.077021411902E-1,
5.116092670538E-1,5.155163929173E-1,5.194235187809E-1,5.233306446445E-1,
5.311448963716E-1,5.389591480988E-1,5.467733998259E-1,5.624019032802E-1,
5.780304067345E-1,5.936589101887E-1,6.249159170973E-1,6.561729240059E-1,
6.874299309144E-1,7.499439447315E-1,8.749719723658E-1,9.374859861829E-1,1.E0),
.UNSPECIFIED.);
#3463=B_SPLINE_CURVE_WITH_KNOTS('',3,(#3445,#3446,#3447,#3448,#3449,#3450,#3451,
#3452,#3453,#3454,#3455,#3456,#3457,#3458,#3459,#3460,#3461,#3462),
.UNSPECIFIED.,.F.,.F.,(4,1,1,1,1,1,1,1,1,1,1,1,1,1,1,4),(0.E0,6.666666666667E-2,
1.333333333333E-1,2.E-1,2.666666666667E-1,3.333333333333E-1,4.E-1,
4.666666666667E-1,5.333333333333E-1,6.E-1,6.666666666667E-1,7.333333333333E-1,
8.E-1,8.666666666667E-1,9.333333333333E-1,1.E0),.UNSPECIFIED.);
#3473=B_SPLINE_CURVE_WITH_KNOTS('',3,(#3464,#3465,#3466,#3467,#3468,#3469,#3470,
#3471,#3472),.UNSPECIFIED.,.F.,.F.,(4,1,1,1,1,1,4),(0.E0,1.249999988031E-1,
2.499999976064E-1,3.749999964096E-1,4.999999952128E-1,7.499999928193E-1,1.E0),
.UNSPECIFIED.);
#3489=B_SPLINE_CURVE_WITH_KNOTS('',3,(#3474,#3475,#3476,#3477,#3478,#3479,#3480,
#3481,#3482,#3483,#3484,#3485,#3486,#3487,#3488),.UNSPECIFIED.,.F.,.F.,(4,1,1,1,
1,1,1,1,1,1,1,1,4),(0.E0,8.333333333333E-2,1.666666666667E-1,2.5E-1,
3.333333333333E-1,4.166666666667E-1,5.E-1,5.833333333333E-1,6.666666666667E-1,
7.5E-1,8.333333333333E-1,9.166666666667E-1,1.E0),.UNSPECIFIED.);
#3506=B_SPLINE_CURVE_WITH_KNOTS('',3,(#3490,#3491,#3492,#3493,#3494,#3495,#3496,
#3497,#3498,#3499,#3500,#3501,#3502,#3503,#3504,#3505),.UNSPECIFIED.,.F.,.F.,(4,
1,1,1,1,1,1,1,1,1,1,1,1,4),(0.E0,7.692307692308E-2,1.538461538462E-1,
2.307692307692E-1,3.076923076923E-1,3.846153846154E-1,4.615384615385E-1,
5.384615384615E-1,6.153846153846E-1,6.923076923077E-1,7.692307692308E-1,
8.461538461538E-1,9.230769230769E-1,1.E0),.UNSPECIFIED.);
#3529=B_SPLINE_CURVE_WITH_KNOTS('',3,(#3507,#3508,#3509,#3510,#3511,#3512,#3513,
#3514,#3515,#3516,#3517,#3518,#3519,#3520,#3521,#3522,#3523,#3524,#3525,#3526,
#3527,#3528),.UNSPECIFIED.,.F.,.F.,(4,1,1,1,1,1,1,1,1,1,1,1,1,1,1,1,1,1,1,4),(
0.E0,5.263157894737E-2,1.052631578947E-1,1.578947368421E-1,2.105263157895E-1,
2.631578947368E-1,3.157894736842E-1,3.684210526316E-1,4.210526315789E-1,
4.736842105263E-1,5.263157894737E-1,5.789473684211E-1,6.315789473684E-1,
6.842105263158E-1,7.368421052632E-1,7.894736842105E-1,8.421052631579E-1,
8.947368421053E-1,9.473684210526E-1,1.E0),.UNSPECIFIED.);
#3541=B_SPLINE_CURVE_WITH_KNOTS('',3,(#3530,#3531,#3532,#3533,#3534,#3535,#3536,
#3537,#3538,#3539,#3540),.UNSPECIFIED.,.F.,.F.,(4,1,1,1,1,1,1,1,4),(0.E0,
1.25E-1,2.5E-1,3.75E-1,5.E-1,6.25E-1,7.5E-1,8.75E-1,1.E0),.UNSPECIFIED.);
#3560=B_SPLINE_CURVE_WITH_KNOTS('',3,(#3542,#3543,#3544,#3545,#3546,#3547,#3548,
#3549,#3550,#3551,#3552,#3553,#3554,#3555,#3556,#3557,#3558,#3559),
.UNSPECIFIED.,.F.,.F.,(4,1,1,1,1,1,1,1,1,1,1,1,1,1,1,4),(0.E0,6.666666666667E-2,
1.333333333333E-1,2.E-1,2.666666666667E-1,3.333333333333E-1,4.E-1,
4.666666666667E-1,5.333333333333E-1,6.E-1,6.666666666667E-1,7.333333333333E-1,
8.E-1,8.666666666667E-1,9.333333333333E-1,1.E0),.UNSPECIFIED.);
#3565=CIRCLE('',#3564,2.053511016595E1);
#3590=B_SPLINE_CURVE_WITH_KNOTS('',3,(#3570,#3571,#3572,#3573,#3574,#3575,#3576,
#3577,#3578,#3579,#3580,#3581,#3582,#3583,#3584,#3585,#3586,#3587,#3588,#3589),
.UNSPECIFIED.,.F.,.F.,(4,1,1,1,1,1,1,1,1,1,1,1,1,1,1,1,1,4),(0.E0,3.125E-2,
6.25E-2,1.25E-1,2.5E-1,3.75E-1,5.E-1,6.25E-1,7.5E-1,8.125E-1,8.4375E-1,8.75E-1,
9.0625E-1,9.375E-1,9.453125E-1,9.53125E-1,9.6875E-1,1.E0),.UNSPECIFIED.);
#3599=CIRCLE('',#3598,1.855317990952E1);
#3617=B_SPLINE_CURVE_WITH_KNOTS('',3,(#3608,#3609,#3610,#3611,#3612,#3613,#3614,
#3615,#3616),.UNSPECIFIED.,.F.,.F.,(4,1,1,1,1,1,4),(0.E0,1.25E-1,2.5E-1,5.E-1,
7.5E-1,8.75E-1,1.E0),.UNSPECIFIED.);
#3646=CIRCLE('',#3645,5.E-1);
#3651=CIRCLE('',#3650,5.E-1);
#3656=CIRCLE('',#3655,5.E-1);
#3661=CIRCLE('',#3660,5.E-1);
#3666=CIRCLE('',#3665,5.E-1);
#3671=CIRCLE('',#3670,5.E-1);
#3676=CIRCLE('',#3675,5.E-1);
#3681=CIRCLE('',#3680,5.E-1);
#3689=B_SPLINE_CURVE_WITH_KNOTS('',3,(#3682,#3683,#3684,#3685,#3686,#3687,
#3688),.UNSPECIFIED.,.F.,.F.,(4,1,1,1,4),(0.E0,3.363521636127E-1,
6.727043272253E-1,8.408804090317E-1,1.E0),.UNSPECIFIED.);
#3694=CIRCLE('',#3693,5.E-1);
#3699=CIRCLE('',#3698,5.E-1);
#3704=CIRCLE('',#3703,5.E-1);
#3709=CIRCLE('',#3708,5.E-1);
#3715=B_SPLINE_CURVE_WITH_KNOTS('',3,(#3710,#3711,#3712,#3713,#3714),
.UNSPECIFIED.,.F.,.F.,(4,1,4),(0.E0,2.621964076882E-2,1.E0),.UNSPECIFIED.);
#3722=B_SPLINE_CURVE_WITH_KNOTS('',3,(#3716,#3717,#3718,#3719,#3720,#3721),
.UNSPECIFIED.,.F.,.F.,(4,1,1,4),(0.E0,3.333333333333E-1,6.666666666667E-1,1.E0),
.UNSPECIFIED.);
#3740=B_SPLINE_CURVE_WITH_KNOTS('',3,(#3731,#3732,#3733,#3734,#3735,#3736,#3737,
#3738,#3739),.UNSPECIFIED.,.F.,.F.,(4,1,1,1,1,1,4),(0.E0,5.324965489037E-2,
2.835065522799E-1,5.137634496694E-1,7.440203470590E-1,9.742772444485E-1,1.E0),
.UNSPECIFIED.);
#3767=B_SPLINE_CURVE_WITH_KNOTS('',3,(#3749,#3750,#3751,#3752,#3753,#3754,#3755,
#3756,#3757,#3758,#3759,#3760,#3761,#3762,#3763,#3764,#3765,#3766),
.UNSPECIFIED.,.F.,.F.,(4,1,1,1,1,1,1,1,1,1,1,1,1,1,1,4),(0.E0,6.666666666667E-2,
1.333333333333E-1,2.E-1,2.666666666667E-1,3.333333333333E-1,4.E-1,
4.666666666667E-1,5.333333333333E-1,6.E-1,6.666666666667E-1,7.333333333333E-1,
8.E-1,8.666666666667E-1,9.333333333333E-1,1.E0),.UNSPECIFIED.);
#3791=B_SPLINE_CURVE_WITH_KNOTS('',3,(#3780,#3781,#3782,#3783,#3784,#3785,#3786,
#3787,#3788,#3789,#3790),.UNSPECIFIED.,.F.,.F.,(4,1,1,1,1,1,1,1,4),(0.E0,
1.25E-1,2.5E-1,3.75E-1,5.E-1,6.25E-1,7.5E-1,8.75E-1,1.E0),.UNSPECIFIED.);
#3799=B_SPLINE_CURVE_WITH_KNOTS('',3,(#3792,#3793,#3794,#3795,#3796,#3797,
#3798),.UNSPECIFIED.,.F.,.F.,(4,1,1,1,4),(0.E0,2.5E-1,5.E-1,7.5E-1,1.E0),
.UNSPECIFIED.);
#3804=CIRCLE('',#3803,5.E-1);
#3809=CIRCLE('',#3808,1.E1);
#3826=CIRCLE('',#3825,1.3E1);
#3831=CIRCLE('',#3830,1.E1);
#3873=B_SPLINE_CURVE_WITH_KNOTS('',3,(#3852,#3853,#3854,#3855,#3856,#3857,#3858,
#3859,#3860,#3861,#3862,#3863,#3864,#3865,#3866,#3867,#3868,#3869,#3870,#3871,
#3872),.UNSPECIFIED.,.F.,.F.,(4,1,1,1,1,1,1,1,1,1,1,1,1,1,1,1,1,1,4),(0.E0,
6.25E-2,1.25E-1,1.5625E-1,1.875E-1,2.5E-1,3.125E-1,3.4375E-1,3.75E-1,4.375E-1,
5.E-1,6.25E-1,6.875E-1,7.5E-1,8.75E-1,9.0625E-1,9.375E-1,9.6875E-1,1.E0),
.UNSPECIFIED.);
#3882=CIRCLE('',#3881,1.3E1);
#3899=CIRCLE('',#3898,2.E0);
#3904=CIRCLE('',#3903,5.E-1);
#3909=CIRCLE('',#3908,5.E-1);
#3932=B_SPLINE_CURVE_WITH_KNOTS('',3,(#3914,#3915,#3916,#3917,#3918,#3919,#3920,
#3921,#3922,#3923,#3924,#3925,#3926,#3927,#3928,#3929,#3930,#3931),
.UNSPECIFIED.,.F.,.F.,(4,1,1,1,1,1,1,1,1,1,1,1,1,1,1,4),(0.E0,6.666666666667E-2,
1.333333333333E-1,2.E-1,2.666666666667E-1,3.333333333333E-1,4.E-1,
4.666666666667E-1,5.333333333333E-1,6.E-1,6.666666666667E-1,7.333333333333E-1,
8.E-1,8.666666666667E-1,9.333333333333E-1,1.E0),.UNSPECIFIED.);
#3950=B_SPLINE_CURVE_WITH_KNOTS('',3,(#3941,#3942,#3943,#3944,#3945,#3946,#3947,
#3948,#3949),.UNSPECIFIED.,.F.,.F.,(4,1,1,1,1,1,4),(0.E0,1.666666666667E-1,
3.333333333333E-1,5.E-1,6.666666666667E-1,8.333333333333E-1,1.E0),
.UNSPECIFIED.);
#3961=B_SPLINE_CURVE_WITH_KNOTS('',3,(#3955,#3956,#3957,#3958,#3959,#3960),
.UNSPECIFIED.,.F.,.F.,(4,1,1,4),(0.E0,3.333333333333E-1,6.666666666667E-1,1.E0),
.UNSPECIFIED.);
#3978=CIRCLE('',#3977,1.5E1);
#3985=B_SPLINE_CURVE_WITH_KNOTS('',3,(#3979,#3980,#3981,#3982,#3983,#3984),
.UNSPECIFIED.,.F.,.F.,(4,1,1,4),(0.E0,3.333333333333E-1,6.666666666667E-1,1.E0),
.UNSPECIFIED.);
#3994=CIRCLE('',#3993,2.8E0);
#3999=CIRCLE('',#3998,6.95E0);
#4019=B_SPLINE_CURVE_WITH_KNOTS('',3,(#4008,#4009,#4010,#4011,#4012,#4013,#4014,
#4015,#4016,#4017,#4018),.UNSPECIFIED.,.F.,.F.,(4,1,1,1,1,1,1,1,4),(0.E0,
1.25E-1,2.5E-1,3.75E-1,5.E-1,6.25E-1,7.5E-1,8.75E-1,1.E0),.UNSPECIFIED.);
#4046=B_SPLINE_CURVE_WITH_KNOTS('',3,(#4032,#4033,#4034,#4035,#4036,#4037,#4038,
#4039,#4040,#4041,#4042,#4043,#4044,#4045),.UNSPECIFIED.,.F.,.F.,(4,1,1,1,1,1,1,
1,1,1,1,4),(0.E0,9.090909090909E-2,1.818181818182E-1,2.727272727273E-1,
3.636363636364E-1,4.545454545455E-1,5.454545454545E-1,6.363636363636E-1,
7.272727272727E-1,8.181818181818E-1,9.090909090909E-1,1.E0),.UNSPECIFIED.);
#4065=B_SPLINE_CURVE_WITH_KNOTS('',3,(#4047,#4048,#4049,#4050,#4051,#4052,#4053,
#4054,#4055,#4056,#4057,#4058,#4059,#4060,#4061,#4062,#4063,#4064),
.UNSPECIFIED.,.F.,.F.,(4,1,1,1,1,1,1,1,1,1,1,1,1,1,1,4),(0.E0,6.666666666667E-2,
1.333333333333E-1,2.E-1,2.666666666667E-1,3.333333333333E-1,4.E-1,
4.666666666667E-1,5.333333333333E-1,6.E-1,6.666666666667E-1,7.333333333333E-1,
8.E-1,8.666666666667E-1,9.333333333333E-1,1.E0),.UNSPECIFIED.);
#4070=CIRCLE('',#4069,1.5E1);
#4197=B_SPLINE_CURVE_WITH_KNOTS('',3,(#4183,#4184,#4185,#4186,#4187,#4188,#4189,
#4190,#4191,#4192,#4193,#4194,#4195,#4196),.UNSPECIFIED.,.F.,.F.,(4,1,1,1,1,1,1,
1,1,1,1,4),(0.E0,9.090909090909E-2,1.818181818182E-1,2.727272727273E-1,
3.636363636364E-1,4.545454545455E-1,5.454545454545E-1,6.363636363636E-1,
7.272727272727E-1,8.181818181818E-1,9.090909090909E-1,1.E0),.UNSPECIFIED.);
#4202=CIRCLE('',#4201,5.E-1);
#4212=B_SPLINE_CURVE_WITH_KNOTS('',3,(#4203,#4204,#4205,#4206,#4207,#4208,#4209,
#4210,#4211),.UNSPECIFIED.,.F.,.F.,(4,1,1,1,1,1,4),(0.E0,1.666666666667E-1,
3.333333333333E-1,5.E-1,6.666666666667E-1,8.333333333333E-1,1.E0),
.UNSPECIFIED.);
#4226=B_SPLINE_CURVE_WITH_KNOTS('',3,(#4213,#4214,#4215,#4216,#4217,#4218,#4219,
#4220,#4221,#4222,#4223,#4224,#4225),.UNSPECIFIED.,.F.,.F.,(4,1,1,1,1,1,1,1,1,1,
4),(0.E0,1.493606653528E-2,1.556594856030E-1,2.963829046706E-1,
4.371063237383E-1,5.778297428060E-1,6.481914523398E-1,7.185531618736E-1,
8.592765809413E-1,9.296382904751E-1,1.E0),.UNSPECIFIED.);
#4253=B_SPLINE_CURVE_WITH_KNOTS('',3,(#4247,#4248,#4249,#4250,#4251,#4252),
.UNSPECIFIED.,.F.,.F.,(4,1,1,4),(0.E0,3.333333333333E-1,6.666666666667E-1,1.E0),
.UNSPECIFIED.);
#4274=CIRCLE('',#4273,2.2E0);
#4294=B_SPLINE_CURVE_WITH_KNOTS('',3,(#4283,#4284,#4285,#4286,#4287,#4288,#4289,
#4290,#4291,#4292,#4293),.UNSPECIFIED.,.F.,.F.,(4,1,1,1,1,1,1,1,4),(0.E0,
1.25E-1,2.5E-1,3.75E-1,5.E-1,6.25E-1,7.5E-1,8.75E-1,1.E0),.UNSPECIFIED.);
#4315=B_SPLINE_CURVE_WITH_KNOTS('',3,(#4299,#4300,#4301,#4302,#4303,#4304,#4305,
#4306,#4307,#4308,#4309,#4310,#4311,#4312,#4313,#4314),.UNSPECIFIED.,.F.,.F.,(4,
1,1,1,1,1,1,1,1,1,1,1,1,4),(0.E0,7.692307692308E-2,1.538461538462E-1,
2.307692307692E-1,3.076923076923E-1,3.846153846154E-1,4.615384615385E-1,
5.384615384615E-1,6.153846153846E-1,6.923076923077E-1,7.692307692308E-1,
8.461538461538E-1,9.230769230769E-1,1.E0),.UNSPECIFIED.);
#4332=B_SPLINE_CURVE_WITH_KNOTS('',3,(#4316,#4317,#4318,#4319,#4320,#4321,#4322,
#4323,#4324,#4325,#4326,#4327,#4328,#4329,#4330,#4331),.UNSPECIFIED.,.F.,.F.,(4,
1,1,1,1,1,1,1,1,1,1,1,1,4),(0.E0,7.692307692308E-2,1.538461538462E-1,
2.307692307692E-1,3.076923076923E-1,3.846153846154E-1,4.615384615385E-1,
5.384615384615E-1,6.153846153846E-1,6.923076923077E-1,7.692307692308E-1,
8.461538461538E-1,9.230769230769E-1,1.E0),.UNSPECIFIED.);
#4355=B_SPLINE_CURVE_WITH_KNOTS('',3,(#4337,#4338,#4339,#4340,#4341,#4342,#4343,
#4344,#4345,#4346,#4347,#4348,#4349,#4350,#4351,#4352,#4353,#4354),
.UNSPECIFIED.,.F.,.F.,(4,1,1,1,1,1,1,1,1,1,1,1,1,1,1,4),(0.E0,6.666666666667E-2,
1.333333333333E-1,2.E-1,2.666666666667E-1,3.333333333333E-1,4.E-1,
4.666666666667E-1,5.333333333333E-1,6.E-1,6.666666666667E-1,7.333333333333E-1,
8.E-1,8.666666666667E-1,9.333333333333E-1,1.E0),.UNSPECIFIED.);
#4376=B_SPLINE_CURVE_WITH_KNOTS('',3,(#4360,#4361,#4362,#4363,#4364,#4365,#4366,
#4367,#4368,#4369,#4370,#4371,#4372,#4373,#4374,#4375),.UNSPECIFIED.,.F.,.F.,(4,
1,1,1,1,1,1,1,1,1,1,1,1,4),(0.E0,7.692307692308E-2,1.538461538462E-1,
2.307692307692E-1,3.076923076923E-1,3.846153846154E-1,4.615384615385E-1,
5.384615384615E-1,6.153846153846E-1,6.923076923077E-1,7.692307692308E-1,
8.461538461538E-1,9.230769230769E-1,1.E0),.UNSPECIFIED.);
#4393=B_SPLINE_CURVE_WITH_KNOTS('',3,(#4377,#4378,#4379,#4380,#4381,#4382,#4383,
#4384,#4385,#4386,#4387,#4388,#4389,#4390,#4391,#4392),.UNSPECIFIED.,.F.,.F.,(4,
1,1,1,1,1,1,1,1,1,1,1,1,4),(0.E0,7.692307692308E-2,1.538461538462E-1,
2.307692307692E-1,3.076923076923E-1,3.846153846154E-1,4.615384615385E-1,
5.384615384615E-1,6.153846153846E-1,6.923076923077E-1,7.692307692308E-1,
8.461538461538E-1,9.230769230769E-1,1.E0),.UNSPECIFIED.);
#4408=B_SPLINE_CURVE_WITH_KNOTS('',3,(#4398,#4399,#4400,#4401,#4402,#4403,#4404,
#4405,#4406,#4407),.UNSPECIFIED.,.F.,.F.,(4,1,1,1,1,1,1,4),(0.E0,
1.428571428571E-1,2.857142857143E-1,4.285714285714E-1,5.714285714286E-1,
7.142857142857E-1,8.571428571429E-1,1.E0),.UNSPECIFIED.);
#4421=CIRCLE('',#4420,2.2E0);
#4426=CIRCLE('',#4425,2.2E0);
#4435=CIRCLE('',#4434,1.E0);
#4440=CIRCLE('',#4439,1.E0);
#4445=CIRCLE('',#4444,1.7E0);
#4450=CIRCLE('',#4449,1.7E0);
#4455=CIRCLE('',#4454,1.7E0);
#4497=B_SPLINE_CURVE_WITH_KNOTS('',3,(#4460,#4461,#4462,#4463,#4464,#4465,#4466,
#4467,#4468,#4469,#4470,#4471,#4472,#4473,#4474,#4475,#4476,#4477,#4478,#4479,
#4480,#4481,#4482,#4483,#4484,#4485,#4486,#4487,#4488,#4489,#4490,#4491,#4492,
#4493,#4494,#4495,#4496),.UNSPECIFIED.,.F.,.F.,(4,1,1,1,1,1,1,1,1,1,1,1,1,1,1,1,
1,1,1,1,1,1,1,1,1,1,1,1,1,1,1,1,1,1,4),(0.E0,2.941176470588E-2,
5.882352941176E-2,8.823529411765E-2,1.176470588235E-1,1.470588235294E-1,
1.764705882353E-1,2.058823529412E-1,2.352941176471E-1,2.647058823529E-1,
2.941176470588E-1,3.235294117647E-1,3.529411764706E-1,3.823529411765E-1,
4.117647058824E-1,4.411764705882E-1,4.705882352941E-1,5.E-1,5.294117647059E-1,
5.588235294118E-1,5.882352941176E-1,6.176470588235E-1,6.470588235294E-1,
6.764705882353E-1,7.058823529412E-1,7.352941176471E-1,7.647058823529E-1,
7.941176470588E-1,8.235294117647E-1,8.529411764706E-1,8.823529411765E-1,
9.117647058824E-1,9.411764705882E-1,9.705882352941E-1,1.E0),.UNSPECIFIED.);
#4539=B_SPLINE_CURVE_WITH_KNOTS('',3,(#4502,#4503,#4504,#4505,#4506,#4507,#4508,
#4509,#4510,#4511,#4512,#4513,#4514,#4515,#4516,#4517,#4518,#4519,#4520,#4521,
#4522,#4523,#4524,#4525,#4526,#4527,#4528,#4529,#4530,#4531,#4532,#4533,#4534,
#4535,#4536,#4537,#4538),.UNSPECIFIED.,.F.,.F.,(4,1,1,1,1,1,1,1,1,1,1,1,1,1,1,1,
1,1,1,1,1,1,1,1,1,1,1,1,1,1,1,1,1,1,4),(0.E0,2.941176470588E-2,
5.882352941176E-2,8.823529411765E-2,1.176470588235E-1,1.470588235294E-1,
1.764705882353E-1,2.058823529412E-1,2.352941176471E-1,2.647058823529E-1,
2.941176470588E-1,3.235294117647E-1,3.529411764706E-1,3.823529411765E-1,
4.117647058824E-1,4.411764705882E-1,4.705882352941E-1,5.E-1,5.294117647059E-1,
5.588235294118E-1,5.882352941176E-1,6.176470588235E-1,6.470588235294E-1,
6.764705882353E-1,7.058823529412E-1,7.352941176471E-1,7.647058823529E-1,
7.941176470588E-1,8.235294117647E-1,8.529411764706E-1,8.823529411765E-1,
9.117647058824E-1,9.411764705882E-1,9.705882352941E-1,1.E0),.UNSPECIFIED.);
#4544=CIRCLE('',#4543,2.2E0);
#4557=B_SPLINE_CURVE_WITH_KNOTS('',3,(#4545,#4546,#4547,#4548,#4549,#4550,#4551,
#4552,#4553,#4554,#4555,#4556),.UNSPECIFIED.,.F.,.F.,(4,1,1,1,1,1,1,1,1,4),
(0.E0,1.111111111111E-1,2.222222222222E-1,3.333333333333E-1,4.444444444444E-1,
5.555555555556E-1,6.666666666667E-1,7.777777777778E-1,8.888888888889E-1,1.E0),
.UNSPECIFIED.);
#4578=B_SPLINE_CURVE_WITH_KNOTS('',3,(#4562,#4563,#4564,#4565,#4566,#4567,#4568,
#4569,#4570,#4571,#4572,#4573,#4574,#4575,#4576,#4577),.UNSPECIFIED.,.F.,.F.,(4,
1,1,1,1,1,1,1,1,1,1,1,1,4),(0.E0,7.692307692308E-2,1.538461538462E-1,
2.307692307692E-1,3.076923076923E-1,3.846153846154E-1,4.615384615385E-1,
5.384615384615E-1,6.153846153846E-1,6.923076923077E-1,7.692307692308E-1,
8.461538461538E-1,9.230769230769E-1,1.E0),.UNSPECIFIED.);
#4601=B_SPLINE_CURVE_WITH_KNOTS('',3,(#4583,#4584,#4585,#4586,#4587,#4588,#4589,
#4590,#4591,#4592,#4593,#4594,#4595,#4596,#4597,#4598,#4599,#4600),
.UNSPECIFIED.,.F.,.F.,(4,1,1,1,1,1,1,1,1,1,1,1,1,1,1,4),(0.E0,6.666666666667E-2,
1.333333333333E-1,2.E-1,2.666666666667E-1,3.333333333333E-1,4.E-1,
4.666666666667E-1,5.333333333333E-1,6.E-1,6.666666666667E-1,7.333333333333E-1,
8.E-1,8.666666666667E-1,9.333333333333E-1,1.E0),.UNSPECIFIED.);
#4620=B_SPLINE_CURVE_WITH_KNOTS('',3,(#4610,#4611,#4612,#4613,#4614,#4615,#4616,
#4617,#4618,#4619),.UNSPECIFIED.,.F.,.F.,(4,1,1,1,1,1,1,4),(0.E0,
1.428571428571E-1,2.857142857143E-1,4.285714285714E-1,5.714285714286E-1,
7.142857142857E-1,8.571428571429E-1,1.E0),.UNSPECIFIED.);
#4633=CIRCLE('',#4632,2.2E0);
#4662=B_SPLINE_CURVE_WITH_KNOTS('',3,(#4646,#4647,#4648,#4649,#4650,#4651,#4652,
#4653,#4654,#4655,#4656,#4657,#4658,#4659,#4660,#4661),.UNSPECIFIED.,.F.,.F.,(4,
1,1,1,1,1,1,1,1,1,1,1,1,4),(0.E0,7.692307692308E-2,1.538461538462E-1,
2.307692307692E-1,3.076923076923E-1,3.846153846154E-1,4.615384615385E-1,
5.384615384615E-1,6.153846153846E-1,6.923076923077E-1,7.692307692308E-1,
8.461538461538E-1,9.230769230769E-1,1.E0),.UNSPECIFIED.);
#4667=CIRCLE('',#4666,3.E-1);
#4672=CIRCLE('',#4671,3.E-1);
#4677=CIRCLE('',#4676,3.E-1);
#4686=CIRCLE('',#4685,3.E-1);
#4691=CIRCLE('',#4690,3.E-1);
#4696=CIRCLE('',#4695,3.E-1);
#4709=CIRCLE('',#4708,1.3E1);
#4730=B_SPLINE_CURVE_WITH_KNOTS('',3,(#4714,#4715,#4716,#4717,#4718,#4719,#4720,
#4721,#4722,#4723,#4724,#4725,#4726,#4727,#4728,#4729),.UNSPECIFIED.,.F.,.F.,(4,
1,1,1,1,1,1,1,1,1,1,1,1,4),(0.E0,7.692307692308E-2,1.538461538462E-1,
2.307692307692E-1,3.076923076923E-1,3.846153846154E-1,4.615384615385E-1,
5.384615384615E-1,6.153846153846E-1,6.923076923077E-1,7.692307692308E-1,
8.461538461538E-1,9.230769230769E-1,1.E0),.UNSPECIFIED.);
#4739=CIRCLE('',#4738,3.E-1);
#4744=CIRCLE('',#4743,3.E-1);
#4749=CIRCLE('',#4748,3.E-1);
#4754=CIRCLE('',#4753,3.E-1);
#4759=CIRCLE('',#4758,3.E-1);
#4764=CIRCLE('',#4763,3.E-1);
#4769=CIRCLE('',#4768,3.E-1);
#4774=CIRCLE('',#4773,3.E-1);
#4779=CIRCLE('',#4778,1.3E1);
#4788=CIRCLE('',#4787,3.E-1);
#4793=CIRCLE('',#4792,3.E-1);
#4802=CIRCLE('',#4801,1.3E1);
#4823=B_SPLINE_CURVE_WITH_KNOTS('',3,(#4807,#4808,#4809,#4810,#4811,#4812,#4813,
#4814,#4815,#4816,#4817,#4818,#4819,#4820,#4821,#4822),.UNSPECIFIED.,.F.,.F.,(4,
1,1,1,1,1,1,1,1,1,1,1,1,4),(0.E0,7.692307692308E-2,1.538461538462E-1,
2.307692307692E-1,3.076923076923E-1,3.846153846154E-1,4.615384615385E-1,
5.384615384615E-1,6.153846153846E-1,6.923076923077E-1,7.692307692308E-1,
8.461538461538E-1,9.230769230769E-1,1.E0),.UNSPECIFIED.);
#4832=CIRCLE('',#4831,2.2E0);
#4857=B_SPLINE_CURVE_WITH_KNOTS('',3,(#4841,#4842,#4843,#4844,#4845,#4846,#4847,
#4848,#4849,#4850,#4851,#4852,#4853,#4854,#4855,#4856),.UNSPECIFIED.,.F.,.F.,(4,
1,1,1,1,1,1,1,1,1,1,1,1,4),(0.E0,7.692307692308E-2,1.538461538462E-1,
2.307692307692E-1,3.076923076923E-1,3.846153846154E-1,4.615384615385E-1,
5.384615384615E-1,6.153846153846E-1,6.923076923077E-1,7.692307692308E-1,
8.461538461538E-1,9.230769230769E-1,1.E0),.UNSPECIFIED.);
#4868=B_SPLINE_CURVE_WITH_KNOTS('',3,(#4862,#4863,#4864,#4865,#4866,#4867),
.UNSPECIFIED.,.F.,.F.,(4,1,1,4),(0.E0,3.333333333333E-1,6.666666666667E-1,1.E0),
.UNSPECIFIED.);
#4883=B_SPLINE_CURVE_WITH_KNOTS('',3,(#4877,#4878,#4879,#4880,#4881,#4882),
.UNSPECIFIED.,.F.,.F.,(4,1,1,4),(0.E0,3.333333333333E-1,6.666666666667E-1,1.E0),
.UNSPECIFIED.);
#4904=B_SPLINE_CURVE_WITH_KNOTS('',3,(#4888,#4889,#4890,#4891,#4892,#4893,#4894,
#4895,#4896,#4897,#4898,#4899,#4900,#4901,#4902,#4903),.UNSPECIFIED.,.F.,.F.,(4,
1,1,1,1,1,1,1,1,1,1,1,1,4),(0.E0,7.692307692308E-2,1.538461538462E-1,
2.307692307692E-1,3.076923076923E-1,3.846153846154E-1,4.615384615385E-1,
5.384615384615E-1,6.153846153846E-1,6.923076923077E-1,7.692307692308E-1,
8.461538461538E-1,9.230769230769E-1,1.E0),.UNSPECIFIED.);
#4913=CIRCLE('',#4912,3.E-1);
#4918=CIRCLE('',#4917,3.E-1);
#4923=CIRCLE('',#4922,3.E-1);
#4928=CIRCLE('',#4927,3.E-1);
#4933=CIRCLE('',#4932,3.E-1);
#4938=CIRCLE('',#4937,3.E-1);
#4943=CIRCLE('',#4942,3.E-1);
#4952=CIRCLE('',#4951,3.E-1);
#4957=CIRCLE('',#4956,3.E-1);
#4962=CIRCLE('',#4961,3.E-1);
#4967=CIRCLE('',#4966,3.E-1);
#4972=CIRCLE('',#4971,3.E-1);
#4977=CIRCLE('',#4976,3.E-1);
#4982=CIRCLE('',#4981,3.E-1);
#4987=CIRCLE('',#4986,1.3E1);
#5004=CIRCLE('',#5003,3.E-1);
#5009=CIRCLE('',#5008,3.E-1);
#5014=CIRCLE('',#5013,3.E-1);
#5027=CIRCLE('',#5026,2.2E0);
#5044=CIRCLE('',#5043,3.E-1);
#5049=CIRCLE('',#5048,3.E-1);
#5054=CIRCLE('',#5053,3.E-1);
#5067=CIRCLE('',#5066,1.3E1);
#5072=CIRCLE('',#5071,3.E-1);
#5077=CIRCLE('',#5076,3.E-1);
#5082=CIRCLE('',#5081,3.E-1);
#5087=CIRCLE('',#5086,3.E-1);
#5092=CIRCLE('',#5091,3.E-1);
#5097=CIRCLE('',#5096,3.E-1);
#5102=CIRCLE('',#5101,3.E-1);
#5107=CIRCLE('',#5106,3.E-1);
#5112=CIRCLE('',#5111,5.E-1);
#5117=CIRCLE('',#5116,1.37E1);
#5122=CIRCLE('',#5121,5.E-1);
#5135=CIRCLE('',#5134,1.37E1);
#5140=CIRCLE('',#5139,5.E-1);
#5177=CIRCLE('',#5176,5.E-1);
#5182=CIRCLE('',#5181,1.37E1);
#5195=CIRCLE('',#5194,1.37E1);
#5200=CIRCLE('',#5199,5.E-1);
#5261=CIRCLE('',#5260,5.E-1);
#5266=CIRCLE('',#5265,1.37E1);
#5288=B_SPLINE_CURVE_WITH_KNOTS('',3,(#5279,#5280,#5281,#5282,#5283,#5284,#5285,
#5286,#5287),.UNSPECIFIED.,.F.,.F.,(4,1,1,1,1,1,4),(0.E0,1.25E-1,2.5E-1,5.E-1,
7.5E-1,8.75E-1,1.E0),.UNSPECIFIED.);
#5298=B_SPLINE_CURVE_WITH_KNOTS('',3,(#5289,#5290,#5291,#5292,#5293,#5294,#5295,
#5296,#5297),.UNSPECIFIED.,.F.,.F.,(4,1,1,1,1,1,4),(0.E0,1.25E-1,2.5E-1,5.E-1,
7.5E-1,8.75E-1,1.E0),.UNSPECIFIED.);
#5307=CIRCLE('',#5306,1.5E0);
#5316=CIRCLE('',#5315,5.E-1);
#5321=CIRCLE('',#5320,6.4E0);
#5370=CIRCLE('',#5369,5.E-1);
#5375=CIRCLE('',#5374,5.E-1);
#5380=CIRCLE('',#5379,5.E-1);
#5385=CIRCLE('',#5384,5.E-1);
#5390=CIRCLE('',#5389,5.E-1);
#5395=CIRCLE('',#5394,5.E-1);
#5400=CIRCLE('',#5399,5.E-1);
#5413=CIRCLE('',#5412,5.E-1);
#5418=CIRCLE('',#5417,5.E-1);
#5423=CIRCLE('',#5422,5.E-1);
#5428=CIRCLE('',#5427,5.E-1);
#5433=CIRCLE('',#5432,5.E-1);
#5458=CIRCLE('',#5457,3.E0);
#5463=CIRCLE('',#5462,5.E-1);
#5468=CIRCLE('',#5467,5.E-1);
#5486=B_SPLINE_CURVE_WITH_KNOTS('',3,(#5477,#5478,#5479,#5480,#5481,#5482,#5483,
#5484,#5485),.UNSPECIFIED.,.F.,.F.,(4,1,1,1,1,1,4),(0.E0,1.25E-1,2.5E-1,5.E-1,
7.5E-1,8.75E-1,1.E0),.UNSPECIFIED.);
#5495=CIRCLE('',#5494,5.E-1);
#5504=CIRCLE('',#5503,6.9E0);
#5509=CIRCLE('',#5508,2.5E0);
#5542=CIRCLE('',#5541,5.E-1);
#5566=B_SPLINE_CURVE_WITH_KNOTS('',3,(#5547,#5548,#5549,#5550,#5551,#5552,#5553,
#5554,#5555,#5556,#5557,#5558,#5559,#5560,#5561,#5562,#5563,#5564,#5565),
.UNSPECIFIED.,.F.,.F.,(4,1,1,1,1,1,1,1,1,1,1,1,1,1,1,1,4),(0.E0,6.25E-2,1.25E-1,
1.875E-1,2.5E-1,3.125E-1,3.75E-1,4.375E-1,5.E-1,5.625E-1,6.25E-1,6.875E-1,
7.5E-1,8.125E-1,8.75E-1,9.375E-1,1.E0),.UNSPECIFIED.);
#5575=CIRCLE('',#5574,5.E-1);
#5580=CIRCLE('',#5579,5.E-1);
#5585=CIRCLE('',#5584,5.E-1);
#5590=CIRCLE('',#5589,5.E-1);
#5595=CIRCLE('',#5594,5.E-1);
#5612=CIRCLE('',#5611,5.E-1);
#5617=CIRCLE('',#5616,5.E-1);
#5626=CIRCLE('',#5625,5.E-1);
#5635=CIRCLE('',#5634,6.4E0);
#5652=CIRCLE('',#5651,5.E-1);
#5657=CIRCLE('',#5656,5.E-1);
#5666=B_SPLINE_CURVE_WITH_KNOTS('',3,(#5662,#5663,#5664,#5665),.UNSPECIFIED.,
.F.,.F.,(4,4),(0.E0,1.E0),.UNSPECIFIED.);
#5679=CIRCLE('',#5678,5.05E0);
#5684=CIRCLE('',#5683,1.E0);
#5693=CIRCLE('',#5692,1.E0);
#5698=CIRCLE('',#5697,5.05E0);
#5703=CIRCLE('',#5702,1.E0);
#5720=CIRCLE('',#5719,1.E0);
#5725=CIRCLE('',#5724,6.5E0);
#5730=CIRCLE('',#5729,1.E0);
#5739=CIRCLE('',#5738,1.E0);
#5744=CIRCLE('',#5743,6.5E0);
#5749=B_SPLINE_CURVE_WITH_KNOTS('',3,(#5745,#5746,#5747,#5748),.UNSPECIFIED.,
.F.,.F.,(4,4),(0.E0,1.E0),.UNSPECIFIED.);
#7113=EDGE_CURVE('',#5836,#5837,#5,.T.);
#7115=EDGE_CURVE('',#5841,#5837,#5829,.T.);
#7117=EDGE_CURVE('',#5839,#5841,#278,.T.);
#7119=EDGE_CURVE('',#5836,#5839,#5825,.T.);
#7129=EDGE_CURVE('',#5847,#5849,#93,.T.);
#7131=EDGE_CURVE('',#5849,#5837,#5833,.T.);
#7134=EDGE_CURVE('',#5847,#5836,#5821,.T.);
#7144=EDGE_CURVE('',#5915,#5913,#73,.T.);
#7146=EDGE_CURVE('',#5915,#5919,#2455,.T.);
#7148=EDGE_CURVE('',#6008,#5919,#2400,.T.);
#7150=EDGE_CURVE('',#6008,#6011,#1832,.T.);
#7152=EDGE_CURVE('',#6015,#6011,#2304,.T.);
#7154=EDGE_CURVE('',#6015,#6019,#2257,.T.);
#7156=EDGE_CURVE('',#6049,#6019,#77,.T.);
#7158=EDGE_CURVE('',#6049,#6043,#2360,.T.);
#7160=EDGE_CURVE('',#6025,#6043,#2352,.T.);
#7162=EDGE_CURVE('',#6025,#6027,#2283,.T.);
#7164=EDGE_CURVE('',#6041,#6027,#81,.T.);
#7166=EDGE_CURVE('',#6041,#6051,#1805,.T.);
#7168=EDGE_CURVE('',#5851,#6051,#85,.T.);
#7170=EDGE_CURVE('',#5843,#5851,#286,.T.);
#7172=EDGE_CURVE('',#5849,#5843,#89,.T.);
#7175=EDGE_CURVE('',#5845,#5847,#97,.T.);
#7177=EDGE_CURVE('',#5927,#5845,#270,.T.);
#7179=EDGE_CURVE('',#5925,#5927,#101,.T.);
#7181=EDGE_CURVE('',#5923,#5925,#105,.T.);
#7183=EDGE_CURVE('',#5921,#5923,#109,.T.);
#7185=EDGE_CURVE('',#5913,#5921,#254,.T.);
#7189=EDGE_CURVE('',#5966,#5967,#41,.T.);
#7191=EDGE_CURVE('',#5967,#5979,#45,.T.);
#7193=EDGE_CURVE('',#5979,#5977,#49,.T.);
#7195=EDGE_CURVE('',#5977,#5975,#53,.T.);
#7197=EDGE_CURVE('',#5973,#5975,#57,.T.);
#7199=EDGE_CURVE('',#5971,#5973,#61,.T.);
#7201=EDGE_CURVE('',#5969,#5971,#65,.T.);
#7203=EDGE_CURVE('',#5969,#5966,#69,.T.);
#7207=EDGE_CURVE('',#5938,#5939,#9,.T.);
#7209=EDGE_CURVE('',#5949,#5939,#13,.T.);
#7211=EDGE_CURVE('',#5951,#5949,#17,.T.);
#7213=EDGE_CURVE('',#5961,#5951,#21,.T.);
#7215=EDGE_CURVE('',#5957,#5961,#25,.T.);
#7217=EDGE_CURVE('',#5959,#5957,#29,.T.);
#7219=EDGE_CURVE('',#5959,#5963,#33,.T.);
#7221=EDGE_CURVE('',#5938,#5963,#37,.T.);
#7232=EDGE_CURVE('',#5943,#5938,#113,.T.);
#7234=EDGE_CURVE('',#5943,#5941,#141,.T.);
#7236=EDGE_CURVE('',#5941,#5939,#157,.T.);
#7246=EDGE_CURVE('',#5945,#5963,#121,.T.);
#7248=EDGE_CURVE('',#5943,#5945,#117,.T.);
#7262=EDGE_CURVE('',#5959,#5945,#125,.T.);
#7274=EDGE_CURVE('',#5957,#5955,#129,.T.);
#7276=EDGE_CURVE('',#5945,#5955,#145,.T.);
#7288=EDGE_CURVE('',#5961,#5955,#133,.T.);
#7298=EDGE_CURVE('',#5955,#5953,#149,.T.);
#7302=EDGE_CURVE('',#5953,#5951,#165,.T.);
#7312=EDGE_CURVE('',#5941,#5947,#137,.T.);
#7318=EDGE_CURVE('',#5953,#5947,#153,.T.);
#7331=EDGE_CURVE('',#5947,#5949,#161,.T.);
#7354=EDGE_CURVE('',#5966,#5991,#169,.T.);
#7356=EDGE_CURVE('',#5983,#5991,#185,.T.);
#7358=EDGE_CURVE('',#5967,#5983,#213,.T.);
#7368=EDGE_CURVE('',#5989,#5969,#173,.T.);
#7370=EDGE_CURVE('',#5991,#5989,#189,.T.);
#7384=EDGE_CURVE('',#5989,#5971,#177,.T.);
#7394=EDGE_CURVE('',#5989,#5987,#193,.T.);
#7398=EDGE_CURVE('',#5987,#5973,#201,.T.);
#7408=EDGE_CURVE('',#5987,#5985,#181,.T.);
#7410=EDGE_CURVE('',#5985,#5981,#205,.T.);
#7412=EDGE_CURVE('',#5983,#5981,#217,.T.);
#7426=EDGE_CURVE('',#5975,#5987,#197,.T.);
#7429=EDGE_CURVE('',#5985,#5977,#209,.T.);
#7451=EDGE_CURVE('',#5981,#5979,#221,.T.);
#7476=EDGE_CURVE('',#5911,#5913,#250,.T.);
#7478=EDGE_CURVE('',#5911,#5909,#2670,.T.);
#7480=EDGE_CURVE('',#5917,#5909,#225,.T.);
#7482=EDGE_CURVE('',#5915,#5917,#2459,.T.);
#7492=EDGE_CURVE('',#5852,#5853,#237,.T.);
#7494=EDGE_CURVE('',#5891,#5853,#241,.T.);
#7496=EDGE_CURVE('',#5899,#5891,#246,.T.);
#7498=EDGE_CURVE('',#5899,#5911,#2654,.T.);
#7502=EDGE_CURVE('',#5921,#5935,#258,.T.);
#7504=EDGE_CURVE('',#5935,#5929,#262,.T.);
#7506=EDGE_CURVE('',#5929,#5927,#266,.T.);
#7509=EDGE_CURVE('',#5845,#5839,#274,.T.);
#7512=EDGE_CURVE('',#5841,#5843,#282,.T.);
#7515=EDGE_CURVE('',#5851,#5861,#290,.T.);
#7517=EDGE_CURVE('',#5861,#5859,#2101,.T.);
#7519=EDGE_CURVE('',#5859,#5857,#2150,.T.);
#7521=EDGE_CURVE('',#5857,#5855,#322,.T.);
#7523=EDGE_CURVE('',#5852,#5855,#309,.T.);
#7607=EDGE_CURVE('',#5887,#5852,#295,.T.);
#7609=EDGE_CURVE('',#5889,#5887,#300,.T.);
#7611=EDGE_CURVE('',#5853,#5889,#305,.T.);
#7622=EDGE_CURVE('',#5855,#5885,#318,.T.);
#7624=EDGE_CURVE('',#5887,#5885,#313,.T.);
#7635=EDGE_CURVE('',#5883,#6536,#354,.T.);
#7637=EDGE_CURVE('',#6536,#6539,#2719,.T.);
#7639=EDGE_CURVE('',#6539,#6543,#2753,.T.);
#7641=EDGE_CURVE('',#6543,#5885,#2765,.T.);
#7645=EDGE_CURVE('',#5857,#5865,#327,.T.);
#7647=EDGE_CURVE('',#5867,#5865,#2088,.T.);
#7649=EDGE_CURVE('',#5867,#5871,#332,.T.);
#7651=EDGE_CURVE('',#5871,#5875,#336,.T.);
#7653=EDGE_CURVE('',#5875,#5881,#341,.T.);
#7655=EDGE_CURVE('',#5881,#5883,#2178,.T.);
#7665=EDGE_CURVE('',#6523,#6551,#366,.T.);
#7667=EDGE_CURVE('',#6547,#6551,#2508,.T.);
#7669=EDGE_CURVE('',#6547,#6538,#346,.T.);
#7671=EDGE_CURVE('',#6538,#6536,#350,.T.);
#7674=EDGE_CURVE('',#5883,#6527,#2174,.T.);
#7676=EDGE_CURVE('',#6525,#6527,#1533,.T.);
#7678=EDGE_CURVE('',#6525,#6521,#358,.T.);
#7680=EDGE_CURVE('',#6523,#6521,#5570,.T.);
#7690=EDGE_CURVE('',#6519,#6555,#362,.T.);
#7692=EDGE_CURVE('',#6555,#6551,#2527,.T.);
#7695=EDGE_CURVE('',#6523,#6519,#5566,.T.);
#7705=EDGE_CURVE('',#6559,#6561,#389,.T.);
#7707=EDGE_CURVE('',#6557,#6559,#2481,.T.);
#7709=EDGE_CURVE('',#6557,#6553,#2531,.T.);
#7711=EDGE_CURVE('',#6555,#6553,#371,.T.);
#7714=EDGE_CURVE('',#6519,#6592,#5529,.T.);
#7716=EDGE_CURVE('',#6592,#6582,#721,.T.);
#7718=EDGE_CURVE('',#6582,#6573,#376,.T.);
#7720=EDGE_CURVE('',#6568,#6573,#380,.T.);
#7722=EDGE_CURVE('',#6568,#6567,#577,.T.);
#7724=EDGE_CURVE('',#6565,#6567,#440,.T.);
#7726=EDGE_CURVE('',#6565,#6563,#415,.T.);
#7728=EDGE_CURVE('',#6561,#6563,#385,.T.);
#7739=EDGE_CURVE('',#6561,#6684,#411,.T.);
#7741=EDGE_CURVE('',#6682,#6684,#393,.T.);
#7743=EDGE_CURVE('',#6685,#6682,#2409,.T.);
#7745=EDGE_CURVE('',#6559,#6685,#402,.T.);
#7756=EDGE_CURVE('',#6563,#6670,#432,.T.);
#7758=EDGE_CURVE('',#6684,#6670,#407,.T.);
#7770=EDGE_CURVE('',#6669,#6565,#420,.T.);
#7772=EDGE_CURVE('',#6669,#6674,#425,.T.);
#7774=EDGE_CURVE('',#6674,#6672,#2790,.T.);
#7776=EDGE_CURVE('',#6670,#6672,#2769,.T.);
#7787=EDGE_CURVE('',#6666,#6664,#452,.T.);
#7789=EDGE_CURVE('',#6706,#6666,#2926,.T.);
#7791=EDGE_CURVE('',#6704,#6706,#436,.T.);
#7793=EDGE_CURVE('',#6702,#6704,#2423,.T.);
#7795=EDGE_CURVE('',#6702,#6669,#2798,.T.);
#7799=EDGE_CURVE('',#6567,#6569,#448,.T.);
#7801=EDGE_CURVE('',#6664,#6569,#494,.T.);
#7812=EDGE_CURVE('',#6660,#6664,#474,.T.);
#7814=EDGE_CURVE('',#6662,#6660,#456,.T.);
#7816=EDGE_CURVE('',#6662,#6666,#2931,.T.);
#7920=EDGE_CURVE('',#6660,#6667,#469,.T.);
#7924=EDGE_CURVE('',#6667,#6569,#507,.T.);
#7935=EDGE_CURVE('',#6574,#6667,#560,.T.);
#7937=EDGE_CURVE('',#6574,#6576,#623,.T.);
#7939=EDGE_CURVE('',#6576,#6656,#3158,.T.);
#7941=EDGE_CURVE('',#6656,#6660,#511,.T.);
#8073=EDGE_CURVE('',#6570,#6569,#534,.T.);
#8075=EDGE_CURVE('',#6570,#6574,#545,.T.);
#8135=EDGE_CURVE('',#6568,#6571,#585,.T.);
#8137=EDGE_CURVE('',#6570,#6571,#630,.T.);
#8147=EDGE_CURVE('',#6571,#6573,#589,.T.);
#8161=EDGE_CURVE('',#6580,#6582,#593,.T.);
#8163=EDGE_CURVE('',#6579,#6580,#602,.T.);
#8165=EDGE_CURVE('',#6579,#6577,#606,.T.);
#8167=EDGE_CURVE('',#6576,#6577,#619,.T.);
#8180=EDGE_CURVE('',#6590,#6588,#5517,.T.);
#8182=EDGE_CURVE('',#6588,#6587,#691,.T.);
#8184=EDGE_CURVE('',#6585,#6587,#695,.T.);
#8186=EDGE_CURVE('',#6585,#6584,#717,.T.);
#8188=EDGE_CURVE('',#6580,#6584,#3306,.T.);
#8192=EDGE_CURVE('',#6592,#6590,#5525,.T.);
#8196=EDGE_CURVE('',#6889,#6890,#635,.T.);
#8198=EDGE_CURVE('',#6902,#6889,#640,.T.);
#8200=EDGE_CURVE('',#6906,#6902,#644,.T.);
#8202=EDGE_CURVE('',#6910,#6906,#649,.T.);
#8204=EDGE_CURVE('',#6914,#6910,#653,.T.);
#8206=EDGE_CURVE('',#6926,#6914,#658,.T.);
#8208=EDGE_CURVE('',#6928,#6926,#663,.T.);
#8210=EDGE_CURVE('',#6930,#6928,#668,.T.);
#8212=EDGE_CURVE('',#6892,#6930,#672,.T.);
#8214=EDGE_CURVE('',#6890,#6892,#677,.T.);
#8225=EDGE_CURVE('',#6890,#6894,#736,.T.);
#8227=EDGE_CURVE('',#6900,#6894,#726,.T.);
#8229=EDGE_CURVE('',#6889,#6900,#850,.T.);
#8239=EDGE_CURVE('',#6894,#6896,#731,.T.);
#8243=EDGE_CURVE('',#6892,#6896,#741,.T.);
#8254=EDGE_CURVE('',#6934,#6896,#745,.T.);
#8256=EDGE_CURVE('',#6898,#6934,#896,.T.);
#8258=EDGE_CURVE('',#6898,#6894,#749,.T.);
#8268=EDGE_CURVE('',#6896,#6932,#753,.T.);
#8270=EDGE_CURVE('',#6936,#6932,#767,.T.);
#8272=EDGE_CURVE('',#6936,#6934,#900,.T.);
#8284=EDGE_CURVE('',#6930,#6932,#763,.T.);
#8296=EDGE_CURVE('',#6932,#6924,#758,.T.);
#8300=EDGE_CURVE('',#6928,#6924,#790,.T.);
#8311=EDGE_CURVE('',#6946,#6924,#771,.T.);
#8313=EDGE_CURVE('',#6936,#6946,#905,.T.);
#8325=EDGE_CURVE('',#6924,#6920,#785,.T.);
#8327=EDGE_CURVE('',#6922,#6920,#775,.T.);
#8329=EDGE_CURVE('',#6946,#6922,#910,.T.);
#8340=EDGE_CURVE('',#6926,#6920,#780,.T.);
#8352=EDGE_CURVE('',#6920,#6916,#795,.T.);
#8356=EDGE_CURVE('',#6914,#6916,#800,.T.);
#8367=EDGE_CURVE('',#6918,#6916,#804,.T.);
#8369=EDGE_CURVE('',#6922,#6918,#915,.T.);
#8380=EDGE_CURVE('',#6944,#6912,#812,.T.);
#8382=EDGE_CURVE('',#6918,#6944,#872,.T.);
#8385=EDGE_CURVE('',#6916,#6912,#831,.T.);
#8395=EDGE_CURVE('',#6912,#6908,#817,.T.);
#8397=EDGE_CURVE('',#6942,#6908,#808,.T.);
#8399=EDGE_CURVE('',#6944,#6942,#877,.T.);
#8411=EDGE_CURVE('',#6910,#6912,#822,.T.);
#8414=EDGE_CURVE('',#6906,#6908,#827,.T.);
#8437=EDGE_CURVE('',#6902,#6904,#845,.T.);
#8439=EDGE_CURVE('',#6908,#6904,#835,.T.);
#8450=EDGE_CURVE('',#6904,#6900,#840,.T.);
#8464=EDGE_CURVE('',#6900,#6938,#854,.T.);
#8466=EDGE_CURVE('',#6940,#6938,#886,.T.);
#8468=EDGE_CURVE('',#6904,#6940,#858,.T.);
#8479=EDGE_CURVE('',#6938,#6898,#891,.T.);
#8493=EDGE_CURVE('',#6940,#6942,#881,.T.);
#8504=EDGE_CURVE('',#6950,#6949,#863,.T.);
#8506=EDGE_CURVE('',#6949,#6950,#868,.T.);
#8516=EDGE_CURVE('',#6954,#6953,#928,.T.);
#8518=EDGE_CURVE('',#6953,#6949,#919,.T.);
#8521=EDGE_CURVE('',#6954,#6950,#923,.T.);
#8531=EDGE_CURVE('',#6957,#6958,#937,.T.);
#8533=EDGE_CURVE('',#6986,#6957,#942,.T.);
#8535=EDGE_CURVE('',#6982,#6986,#947,.T.);
#8537=EDGE_CURVE('',#6978,#6982,#952,.T.);
#8539=EDGE_CURVE('',#6974,#6978,#956,.T.);
#8541=EDGE_CURVE('',#6970,#6974,#961,.T.);
#8543=EDGE_CURVE('',#6966,#6970,#966,.T.);
#8545=EDGE_CURVE('',#6958,#6966,#971,.T.);
#8550=EDGE_CURVE('',#6953,#6954,#933,.T.);
#8572=EDGE_CURVE('',#6957,#6960,#975,.T.);
#8575=EDGE_CURVE('',#6958,#6962,#1062,.T.);
#8577=EDGE_CURVE('',#6960,#6962,#983,.T.);
#8588=EDGE_CURVE('',#6984,#6960,#1017,.T.);
#8590=EDGE_CURVE('',#6986,#6984,#979,.T.);
#8601=EDGE_CURVE('',#6989,#6990,#1021,.T.);
#8603=EDGE_CURVE('',#6989,#7005,#1025,.T.);
#8605=EDGE_CURVE('',#7007,#7005,#1030,.T.);
#8607=EDGE_CURVE('',#7011,#7007,#1035,.T.);
#8609=EDGE_CURVE('',#7017,#7011,#1040,.T.);
#8611=EDGE_CURVE('',#6994,#7017,#1044,.T.);
#8613=EDGE_CURVE('',#6992,#6994,#1049,.T.);
#8615=EDGE_CURVE('',#6990,#6992,#1054,.T.);
#8620=EDGE_CURVE('',#6962,#6964,#988,.T.);
#8622=EDGE_CURVE('',#6964,#6968,#993,.T.);
#8624=EDGE_CURVE('',#6968,#6972,#998,.T.);
#8626=EDGE_CURVE('',#6972,#6976,#1002,.T.);
#8628=EDGE_CURVE('',#6976,#6980,#1007,.T.);
#8630=EDGE_CURVE('',#6980,#6984,#1012,.T.);
#8641=EDGE_CURVE('',#6966,#6964,#1058,.T.);
#8656=EDGE_CURVE('',#6970,#6968,#1070,.T.);
#8667=EDGE_CURVE('',#6974,#6972,#1066,.T.);
#8682=EDGE_CURVE('',#6978,#6976,#1074,.T.);
#8693=EDGE_CURVE('',#6982,#6980,#1078,.T.);
#8718=EDGE_CURVE('',#6390,#6387,#1082,.T.);
#8720=EDGE_CURVE('',#7021,#6387,#1422,.T.);
#8722=EDGE_CURVE('',#7001,#7021,#5781,.T.);
#8724=EDGE_CURVE('',#7001,#6999,#5711,.T.);
#8726=EDGE_CURVE('',#6989,#6999,#5777,.T.);
#8729=EDGE_CURVE('',#6990,#6997,#5749,.T.);
#8731=EDGE_CURVE('',#6997,#6396,#5674,.T.);
#8733=EDGE_CURVE('',#6396,#6395,#5666,.T.);
#8735=EDGE_CURVE('',#6393,#6395,#1385,.T.);
#8737=EDGE_CURVE('',#6392,#6393,#1358,.T.);
#8739=EDGE_CURVE('',#6392,#6390,#1117,.T.);
#8750=EDGE_CURVE('',#6389,#6390,#1088,.T.);
#8752=EDGE_CURVE('',#6389,#6386,#1434,.T.);
#8754=EDGE_CURVE('',#6386,#6387,#1094,.T.);
#8764=EDGE_CURVE('',#6846,#6847,#1159,.T.);
#8766=EDGE_CURVE('',#6846,#6855,#5621,.T.);
#8768=EDGE_CURVE('',#6855,#6859,#1099,.T.);
#8770=EDGE_CURVE('',#6859,#6863,#5445,.T.);
#8772=EDGE_CURVE('',#6863,#6867,#1104,.T.);
#8774=EDGE_CURVE('',#6867,#6869,#5357,.T.);
#8776=EDGE_CURVE('',#6466,#6869,#1108,.T.);
#8778=EDGE_CURVE('',#6466,#6464,#1113,.T.);
#8780=EDGE_CURVE('',#6464,#6462,#5325,.T.);
#8782=EDGE_CURVE('',#6389,#6462,#1438,.T.);
#8786=EDGE_CURVE('',#6392,#6460,#1122,.T.);
#8788=EDGE_CURVE('',#6839,#6460,#1126,.T.);
#8790=EDGE_CURVE('',#6843,#6839,#1131,.T.);
#8792=EDGE_CURVE('',#6604,#6843,#1302,.T.);
#8794=EDGE_CURVE('',#6886,#6604,#1135,.T.);
#8796=EDGE_CURVE('',#6848,#6886,#1145,.T.);
#8798=EDGE_CURVE('',#6847,#6848,#1155,.T.);
#8809=EDGE_CURVE('',#6847,#6850,#1168,.T.);
#8811=EDGE_CURVE('',#6853,#6850,#1163,.T.);
#8813=EDGE_CURVE('',#6846,#6853,#5626,.T.);
#8918=EDGE_CURVE('',#6851,#6848,#1180,.T.);
#8920=EDGE_CURVE('',#6850,#6851,#1209,.T.);
#9027=EDGE_CURVE('',#6851,#6884,#1219,.T.);
#9031=EDGE_CURVE('',#6886,#6884,#1185,.T.);
#9041=EDGE_CURVE('',#6596,#6598,#1199,.T.);
#9043=EDGE_CURVE('',#6596,#6850,#5513,.T.);
#9047=EDGE_CURVE('',#6598,#6884,#1237,.T.);
#9197=EDGE_CURVE('',#6587,#6598,#1224,.T.);
#9200=EDGE_CURVE('',#6588,#6596,#1229,.T.);
#9212=EDGE_CURVE('',#6600,#6598,#1233,.T.);
#9214=EDGE_CURVE('',#6585,#6600,#3311,.T.);
#9226=EDGE_CURVE('',#6884,#6602,#1260,.T.);
#9228=EDGE_CURVE('',#6600,#6602,#1271,.T.);
#9239=EDGE_CURVE('',#6604,#6602,#1256,.T.);
#9252=EDGE_CURVE('',#6603,#6604,#1295,.T.);
#9254=EDGE_CURVE('',#6603,#6600,#1267,.T.);
#9265=EDGE_CURVE('',#6841,#6606,#1307,.T.);
#9267=EDGE_CURVE('',#6603,#6606,#1276,.T.);
#9272=EDGE_CURVE('',#6839,#6841,#1328,.T.);
#9356=EDGE_CURVE('',#6835,#6841,#1323,.T.);
#9358=EDGE_CURVE('',#6835,#6834,#3791,.T.);
#9360=EDGE_CURVE('',#6606,#6834,#3391,.T.);
#9465=EDGE_CURVE('',#6837,#6839,#1312,.T.);
#9467=EDGE_CURVE('',#6835,#6837,#3799,.T.);
#9479=EDGE_CURVE('',#6831,#6460,#1347,.T.);
#9481=EDGE_CURVE('',#6833,#6831,#1351,.T.);
#9483=EDGE_CURVE('',#6833,#6837,#3804,.T.);
#9498=EDGE_CURVE('',#6393,#6400,#1381,.T.);
#9500=EDGE_CURVE('',#6456,#6400,#1365,.T.);
#9502=EDGE_CURVE('',#6458,#6456,#3599,.T.);
#9504=EDGE_CURVE('',#6458,#6830,#3463,.T.);
#9506=EDGE_CURVE('',#6831,#6830,#1372,.T.);
#9516=EDGE_CURVE('',#6386,#6384,#1430,.T.);
#9518=EDGE_CURVE('',#6383,#6384,#5298,.T.);
#9520=EDGE_CURVE('',#6379,#6383,#1474,.T.);
#9522=EDGE_CURVE('',#6381,#6379,#3847,.T.);
#9524=EDGE_CURVE('',#6381,#6422,#4166,.T.);
#9526=EDGE_CURVE('',#6422,#6420,#4162,.T.);
#9528=EDGE_CURVE('',#6420,#6418,#4150,.T.);
#9530=EDGE_CURVE('',#6418,#6416,#4138,.T.);
#9532=EDGE_CURVE('',#6416,#6414,#4118,.T.);
#9534=EDGE_CURVE('',#6414,#6412,#4106,.T.);
#9536=EDGE_CURVE('',#6412,#6410,#4094,.T.);
#9538=EDGE_CURVE('',#6408,#6410,#3835,.T.);
#9540=EDGE_CURVE('',#6406,#6408,#3817,.T.);
#9542=EDGE_CURVE('',#6406,#6404,#1376,.T.);
#9544=EDGE_CURVE('',#6404,#6402,#3054,.T.);
#9546=EDGE_CURVE('',#6402,#6400,#3779,.T.);
#9550=EDGE_CURVE('',#6395,#6398,#1390,.T.);
#9552=EDGE_CURVE('',#6398,#7041,#1395,.T.);
#9554=EDGE_CURVE('',#7035,#7041,#1399,.T.);
#9556=EDGE_CURVE('',#7035,#7033,#1404,.T.);
#9558=EDGE_CURVE('',#7033,#7029,#1409,.T.);
#9560=EDGE_CURVE('',#7029,#7023,#1414,.T.);
#9562=EDGE_CURVE('',#7021,#7023,#1418,.T.);
#9574=EDGE_CURVE('',#6484,#6486,#1426,.T.);
#9576=EDGE_CURVE('',#6384,#6486,#5302,.T.);
#9581=EDGE_CURVE('',#6462,#6484,#1442,.T.);
#9591=EDGE_CURVE('',#6478,#6480,#1446,.T.);
#9593=EDGE_CURVE('',#6482,#6480,#1482,.T.);
#9595=EDGE_CURVE('',#6486,#6482,#5288,.T.);
#9598=EDGE_CURVE('',#6484,#6478,#5341,.T.);
#9608=EDGE_CURVE('',#6476,#6480,#1486,.T.);
#9611=EDGE_CURVE('',#6478,#6474,#5337,.T.);
#9613=EDGE_CURVE('',#6476,#6474,#1450,.T.);
#9623=EDGE_CURVE('',#6095,#6096,#1580,.T.);
#9625=EDGE_CURVE('',#6106,#6095,#1454,.T.);
#9627=EDGE_CURVE('',#6118,#6106,#1458,.T.);
#9629=EDGE_CURVE('',#6118,#6120,#1462,.T.);
#9631=EDGE_CURVE('',#6124,#6120,#5126,.T.);
#9633=EDGE_CURVE('',#6130,#6124,#1466,.T.);
#9635=EDGE_CURVE('',#6138,#6130,#1641,.T.);
#9637=EDGE_CURVE('',#6138,#6379,#1470,.T.);
#9640=EDGE_CURVE('',#6383,#6482,#1478,.T.);
#9644=EDGE_CURVE('',#6488,#6476,#1490,.T.);
#9646=EDGE_CURVE('',#6504,#6488,#5639,.T.);
#9648=EDGE_CURVE('',#6505,#6504,#1511,.T.);
#9650=EDGE_CURVE('',#6505,#6509,#1515,.T.);
#9652=EDGE_CURVE('',#6528,#6509,#1519,.T.);
#9654=EDGE_CURVE('',#6525,#6528,#1529,.T.);
#9657=EDGE_CURVE('',#6527,#5879,#1537,.T.);
#9659=EDGE_CURVE('',#5877,#5879,#1542,.T.);
#9661=EDGE_CURVE('',#5877,#5873,#1546,.T.);
#9663=EDGE_CURVE('',#5869,#5873,#1551,.T.);
#9665=EDGE_CURVE('',#5869,#6090,#1555,.T.);
#9667=EDGE_CURVE('',#6090,#6092,#2043,.T.);
#9669=EDGE_CURVE('',#6146,#6092,#2076,.T.);
#9671=EDGE_CURVE('',#6144,#6146,#2084,.T.);
#9673=EDGE_CURVE('',#6144,#6052,#1559,.T.);
#9675=EDGE_CURVE('',#6052,#6142,#1572,.T.);
#9677=EDGE_CURVE('',#6098,#6142,#1657,.T.);
#9679=EDGE_CURVE('',#6098,#6096,#1576,.T.);
#9690=EDGE_CURVE('',#6096,#6100,#1599,.T.);
#9692=EDGE_CURVE('',#6102,#6100,#1584,.T.);
#9694=EDGE_CURVE('',#6095,#6102,#5261,.T.);
#9704=EDGE_CURVE('',#6098,#6136,#1653,.T.);
#9706=EDGE_CURVE('',#7045,#6136,#5240,.T.);
#9708=EDGE_CURVE('',#7047,#7045,#1589,.T.);
#9710=EDGE_CURVE('',#7047,#6100,#1594,.T.);
#9722=EDGE_CURVE('',#6006,#6142,#1633,.T.);
#9724=EDGE_CURVE('',#6006,#6140,#3851,.T.);
#9726=EDGE_CURVE('',#6138,#6140,#1637,.T.);
#9729=EDGE_CURVE('',#6130,#6132,#1645,.T.);
#9731=EDGE_CURVE('',#6132,#6136,#1649,.T.);
#9737=EDGE_CURVE('',#6346,#6347,#1614,.T.);
#9739=EDGE_CURVE('',#6347,#6346,#1619,.T.);
#9743=EDGE_CURVE('',#6363,#6362,#1624,.T.);
#9745=EDGE_CURVE('',#6362,#6363,#1629,.T.);
#9749=EDGE_CURVE('',#6330,#6331,#1604,.T.);
#9751=EDGE_CURVE('',#6331,#6330,#1609,.T.);
#9761=EDGE_CURVE('',#6334,#6335,#1662,.T.);
#9763=EDGE_CURVE('',#6331,#6335,#1685,.T.);
#9766=EDGE_CURVE('',#6330,#6334,#1681,.T.);
#9777=EDGE_CURVE('',#6335,#6334,#1667,.T.);
#9781=EDGE_CURVE('',#6338,#6339,#1672,.T.);
#9783=EDGE_CURVE('',#6339,#6338,#1677,.T.);
#9806=EDGE_CURVE('',#6342,#6338,#1689,.T.);
#9808=EDGE_CURVE('',#6342,#6343,#1698,.T.);
#9810=EDGE_CURVE('',#6343,#6339,#1693,.T.);
#9823=EDGE_CURVE('',#6343,#6342,#1703,.T.);
#9843=EDGE_CURVE('',#6350,#6351,#1708,.T.);
#9845=EDGE_CURVE('',#6347,#6351,#1731,.T.);
#9848=EDGE_CURVE('',#6346,#6350,#1727,.T.);
#9859=EDGE_CURVE('',#6351,#6350,#1713,.T.);
#9863=EDGE_CURVE('',#6354,#6355,#1718,.T.);
#9865=EDGE_CURVE('',#6355,#6354,#1723,.T.);
#9888=EDGE_CURVE('',#6358,#6354,#1735,.T.);
#9890=EDGE_CURVE('',#6358,#6359,#1744,.T.);
#9892=EDGE_CURVE('',#6359,#6355,#1739,.T.);
#9905=EDGE_CURVE('',#6359,#6358,#1749,.T.);
#9925=EDGE_CURVE('',#6367,#6366,#1762,.T.);
#9927=EDGE_CURVE('',#6362,#6366,#1753,.T.);
#9930=EDGE_CURVE('',#6363,#6367,#1757,.T.);
#9941=EDGE_CURVE('',#6366,#6367,#1767,.T.);
#9945=EDGE_CURVE('',#6370,#6371,#1772,.T.);
#9947=EDGE_CURVE('',#6371,#6370,#1777,.T.);
#9970=EDGE_CURVE('',#6374,#6370,#1781,.T.);
#9972=EDGE_CURVE('',#6374,#6375,#1790,.T.);
#9974=EDGE_CURVE('',#6375,#6371,#1785,.T.);
#9987=EDGE_CURVE('',#6375,#6374,#1795,.T.);
#10009=EDGE_CURVE('',#6051,#6052,#1801,.T.);
#10012=EDGE_CURVE('',#6039,#6041,#2253,.T.);
#10014=EDGE_CURVE('',#6037,#6039,#2331,.T.);
#10016=EDGE_CURVE('',#6037,#6035,#1809,.T.);
#10018=EDGE_CURVE('',#6013,#6035,#1828,.T.);
#10020=EDGE_CURVE('',#6011,#6013,#2300,.T.);
#10023=EDGE_CURVE('',#6009,#6008,#1848,.T.);
#10025=EDGE_CURVE('',#6195,#6009,#1852,.T.);
#10027=EDGE_CURVE('',#6199,#6195,#4294,.T.);
#10029=EDGE_CURVE('',#6198,#6199,#4620,.T.);
#10031=EDGE_CURVE('',#6198,#6203,#4802,.T.);
#10033=EDGE_CURVE('',#6220,#6203,#1856,.T.);
#10035=EDGE_CURVE('',#6216,#6220,#4779,.T.);
#10037=EDGE_CURVE('',#6221,#6216,#4601,.T.);
#10039=EDGE_CURVE('',#6225,#6221,#1860,.T.);
#10041=EDGE_CURVE('',#6225,#6228,#4730,.T.);
#10043=EDGE_CURVE('',#6232,#6228,#4709,.T.);
#10045=EDGE_CURVE('',#6232,#6254,#1877,.T.);
#10047=EDGE_CURVE('',#6254,#6251,#1881,.T.);
#10049=EDGE_CURVE('',#6252,#6251,#4557,.T.);
#10051=EDGE_CURVE('',#6262,#6252,#4408,.T.);
#10053=EDGE_CURVE('',#6264,#6262,#5067,.T.);
#10055=EDGE_CURVE('',#6264,#6290,#1898,.T.);
#10057=EDGE_CURVE('',#6290,#6292,#1902,.T.);
#10059=EDGE_CURVE('',#6281,#6292,#1919,.T.);
#10061=EDGE_CURVE('',#6281,#6279,#4987,.T.);
#10063=EDGE_CURVE('',#6181,#6279,#4355,.T.);
#10065=EDGE_CURVE('',#6181,#6179,#1923,.T.);
#10067=EDGE_CURVE('',#6006,#6179,#1936,.T.);
#10078=EDGE_CURVE('',#6144,#6054,#1952,.T.);
#10080=EDGE_CURVE('',#5861,#6054,#2105,.T.);
#10093=EDGE_CURVE('',#6084,#6086,#1940,.T.);
#10095=EDGE_CURVE('',#6086,#6150,#1944,.T.);
#10097=EDGE_CURVE('',#6062,#6150,#1948,.T.);
#10099=EDGE_CURVE('',#6062,#6054,#2142,.T.);
#10102=EDGE_CURVE('',#6144,#6148,#2080,.T.);
#10104=EDGE_CURVE('',#6088,#6148,#2068,.T.);
#10106=EDGE_CURVE('',#6088,#6084,#2039,.T.);
#10116=EDGE_CURVE('',#6155,#6086,#1956,.T.);
#10119=EDGE_CURVE('',#6082,#6084,#2060,.T.);
#10121=EDGE_CURVE('',#6080,#6082,#2182,.T.);
#10123=EDGE_CURVE('',#6080,#6173,#2238,.T.);
#10125=EDGE_CURVE('',#6173,#6167,#2222,.T.);
#10127=EDGE_CURVE('',#6167,#6157,#1961,.T.);
#10129=EDGE_CURVE('',#6157,#6155,#1969,.T.);
#10140=EDGE_CURVE('',#6153,#6155,#1965,.T.);
#10142=EDGE_CURVE('',#6153,#6152,#1987,.T.);
#10144=EDGE_CURVE('',#6152,#6064,#2121,.T.);
#10146=EDGE_CURVE('',#6150,#6064,#2138,.T.);
#10157=EDGE_CURVE('',#6153,#6159,#1973,.T.);
#10161=EDGE_CURVE('',#6161,#6157,#2230,.T.);
#10163=EDGE_CURVE('',#6161,#6159,#2000,.T.);
#10174=EDGE_CURVE('',#6163,#6159,#1996,.T.);
#10176=EDGE_CURVE('',#6152,#6163,#1977,.T.);
#10187=EDGE_CURVE('',#6068,#6072,#2031,.T.);
#10189=EDGE_CURVE('',#6163,#6068,#1991,.T.);
#10193=EDGE_CURVE('',#6165,#6161,#2005,.T.);
#10195=EDGE_CURVE('',#6169,#6165,#2218,.T.);
#10197=EDGE_CURVE('',#6176,#6169,#2010,.T.);
#10199=EDGE_CURVE('',#6078,#6176,#2014,.T.);
#10201=EDGE_CURVE('',#6076,#6078,#2019,.T.);
#10203=EDGE_CURVE('',#6076,#6074,#2023,.T.);
#10205=EDGE_CURVE('',#6074,#6072,#2027,.T.);
#10216=EDGE_CURVE('',#6070,#6072,#2052,.T.);
#10218=EDGE_CURVE('',#6066,#6070,#2035,.T.);
#10220=EDGE_CURVE('',#6066,#6068,#2126,.T.);
#10231=EDGE_CURVE('',#6092,#6088,#2064,.T.);
#10234=EDGE_CURVE('',#6070,#6090,#2047,.T.);
#10238=EDGE_CURVE('',#6074,#6082,#2056,.T.);
#10251=EDGE_CURVE('',#6146,#6148,#2072,.T.);
#10273=EDGE_CURVE('',#6058,#5863,#2092,.T.);
#10275=EDGE_CURVE('',#6066,#6058,#2130,.T.);
#10280=EDGE_CURVE('',#5867,#5869,#2162,.T.);
#10283=EDGE_CURVE('',#5863,#5865,#2154,.T.);
#10293=EDGE_CURVE('',#6057,#6058,#2134,.T.);
#10296=EDGE_CURVE('',#5859,#5863,#2097,.T.);
#10300=EDGE_CURVE('',#6060,#6054,#2109,.T.);
#10302=EDGE_CURVE('',#6057,#6060,#2113,.T.);
#10312=EDGE_CURVE('',#6057,#6064,#2117,.T.);
#10328=EDGE_CURVE('',#6060,#6062,#2146,.T.);
#10365=EDGE_CURVE('',#5871,#5873,#2158,.T.);
#10380=EDGE_CURVE('',#5877,#5875,#2166,.T.);
#10393=EDGE_CURVE('',#5879,#5881,#2170,.T.);
#10416=EDGE_CURVE('',#6076,#6080,#2186,.T.);
#10431=EDGE_CURVE('',#6078,#6178,#2190,.T.);
#10433=EDGE_CURVE('',#6080,#6178,#2202,.T.);
#10443=EDGE_CURVE('',#6176,#6174,#2214,.T.);
#10445=EDGE_CURVE('',#6178,#6174,#2206,.T.);
#10457=EDGE_CURVE('',#6169,#6171,#2210,.T.);
#10459=EDGE_CURVE('',#6174,#6171,#2248,.T.);
#10473=EDGE_CURVE('',#6165,#6167,#2234,.T.);
#10476=EDGE_CURVE('',#6173,#6171,#2226,.T.);
#10513=EDGE_CURVE('',#6029,#6027,#2279,.T.);
#10515=EDGE_CURVE('',#6029,#6039,#2335,.T.);
#10526=EDGE_CURVE('',#6017,#6015,#2261,.T.);
#10528=EDGE_CURVE('',#6017,#6033,#2266,.T.);
#10530=EDGE_CURVE('',#6033,#6031,#2270,.T.);
#10532=EDGE_CURVE('',#6029,#6031,#2275,.T.);
#10536=EDGE_CURVE('',#6023,#6025,#2287,.T.);
#10538=EDGE_CURVE('',#6023,#6021,#2291,.T.);
#10540=EDGE_CURVE('',#6021,#6019,#2295,.T.);
#10551=EDGE_CURVE('',#6017,#6013,#2312,.T.);
#10564=EDGE_CURVE('',#6033,#6035,#2308,.T.);
#10577=EDGE_CURVE('',#6031,#6037,#2339,.T.);
#10601=EDGE_CURVE('',#6043,#6045,#2344,.T.);
#10603=EDGE_CURVE('',#6023,#6045,#2348,.T.);
#10615=EDGE_CURVE('',#6045,#6047,#2356,.T.);
#10619=EDGE_CURVE('',#6047,#6049,#2369,.T.);
#10630=EDGE_CURVE('',#6021,#6047,#2364,.T.);
#10798=EDGE_CURVE('',#6005,#6008,#2374,.T.);
#10800=EDGE_CURVE('',#6006,#6005,#3873,.T.);
#10803=EDGE_CURVE('',#6182,#6179,#4253,.T.);
#10805=EDGE_CURVE('',#6185,#6182,#4904,.T.);
#10807=EDGE_CURVE('',#6188,#6185,#4883,.T.);
#10809=EDGE_CURVE('',#6191,#6188,#2392,.T.);
#10811=EDGE_CURVE('',#6009,#6191,#4868,.T.);
#10821=EDGE_CURVE('',#6005,#5993,#2396,.T.);
#10825=EDGE_CURVE('',#5993,#5919,#2451,.T.);
#10836=EDGE_CURVE('',#5993,#5995,#2446,.T.);
#10838=EDGE_CURVE('',#5995,#5999,#2405,.T.);
#10840=EDGE_CURVE('',#6003,#5999,#3886,.T.);
#10842=EDGE_CURVE('',#6005,#6003,#3877,.T.);
#10852=EDGE_CURVE('',#6687,#6685,#2477,.T.);
#10855=EDGE_CURVE('',#6678,#6682,#2413,.T.);
#10857=EDGE_CURVE('',#6680,#6678,#2777,.T.);
#10859=EDGE_CURVE('',#6702,#6680,#2418,.T.);
#10862=EDGE_CURVE('',#6757,#6704,#2802,.T.);
#10864=EDGE_CURVE('',#6759,#6757,#2428,.T.);
#10866=EDGE_CURVE('',#6759,#6743,#4078,.T.);
#10868=EDGE_CURVE('',#6743,#6816,#2432,.T.);
#10870=EDGE_CURVE('',#6816,#6818,#2437,.T.);
#10872=EDGE_CURVE('',#5997,#6818,#2442,.T.);
#10874=EDGE_CURVE('',#5997,#5995,#3894,.T.);
#10880=EDGE_CURVE('',#5917,#5907,#2463,.T.);
#10882=EDGE_CURVE('',#5907,#6700,#2468,.T.);
#10884=EDGE_CURVE('',#6697,#6700,#2473,.T.);
#10886=EDGE_CURVE('',#6697,#6687,#2504,.T.);
#10897=EDGE_CURVE('',#6689,#6687,#2496,.T.);
#10899=EDGE_CURVE('',#6557,#6689,#2555,.T.);
#10911=EDGE_CURVE('',#6693,#6687,#2486,.T.);
#10913=EDGE_CURVE('',#6693,#6691,#2491,.T.);
#10915=EDGE_CURVE('',#7087,#6691,#2545,.T.);
#10917=EDGE_CURVE('',#7087,#6689,#2540,.T.);
#10928=EDGE_CURVE('',#6695,#6693,#2500,.T.);
#10932=EDGE_CURVE('',#6697,#6695,#2607,.T.);
#10942=EDGE_CURVE('',#6545,#6549,#2512,.T.);
#10944=EDGE_CURVE('',#6693,#6549,#2535,.T.);
#10947=EDGE_CURVE('',#6545,#6695,#2574,.T.);
#10958=EDGE_CURVE('',#6551,#6549,#2522,.T.);
#10961=EDGE_CURVE('',#6547,#6545,#2570,.T.);
#10972=EDGE_CURVE('',#6553,#6549,#2517,.T.);
#10985=EDGE_CURVE('',#6691,#6557,#2550,.T.);
#11022=EDGE_CURVE('',#6545,#5895,#2560,.T.);
#11024=EDGE_CURVE('',#5895,#6538,#2565,.T.);
#11038=EDGE_CURVE('',#6695,#6699,#2602,.T.);
#11040=EDGE_CURVE('',#6699,#5897,#2611,.T.);
#11042=EDGE_CURVE('',#5897,#5893,#2680,.T.);
#11044=EDGE_CURVE('',#5895,#5893,#2578,.T.);
#11055=EDGE_CURVE('',#6699,#6700,#2597,.T.);
#11067=EDGE_CURVE('',#5905,#5897,#2620,.T.);
#11072=EDGE_CURVE('',#5907,#5904,#2615,.T.);
#11074=EDGE_CURVE('',#5904,#5905,#2645,.T.);
#11085=EDGE_CURVE('',#7081,#5905,#2640,.T.);
#11087=EDGE_CURVE('',#7081,#5901,#2635,.T.);
#11089=EDGE_CURVE('',#5901,#5899,#2625,.T.);
#11091=EDGE_CURVE('',#5897,#5899,#2630,.T.);
#11104=EDGE_CURVE('',#5904,#5901,#2650,.T.);
#11117=EDGE_CURVE('',#5904,#5909,#2658,.T.);
#11141=EDGE_CURVE('',#5891,#5893,#2675,.T.);
#11155=EDGE_CURVE('',#5893,#5889,#2684,.T.);
#11166=EDGE_CURVE('',#5895,#6540,#2723,.T.);
#11170=EDGE_CURVE('',#5889,#6540,#2761,.T.);
#11180=EDGE_CURVE('',#6539,#6540,#2691,.T.);
#11233=EDGE_CURVE('',#6542,#6540,#2728,.T.);
#11235=EDGE_CURVE('',#6543,#6542,#2740,.T.);
#11246=EDGE_CURVE('',#5887,#6542,#2757,.T.);
#11272=EDGE_CURVE('',#6684,#6676,#2773,.T.);
#11274=EDGE_CURVE('',#6676,#6678,#2781,.T.);
#11286=EDGE_CURVE('',#6676,#6672,#2786,.T.);
#11298=EDGE_CURVE('',#6680,#6674,#2794,.T.);
#11324=EDGE_CURVE('',#6755,#6757,#2818,.T.);
#11328=EDGE_CURVE('',#6708,#6706,#2806,.T.);
#11330=EDGE_CURVE('',#6753,#6708,#2810,.T.);
#11332=EDGE_CURVE('',#6753,#6755,#2837,.T.);
#11342=EDGE_CURVE('',#6755,#6745,#2833,.T.);
#11344=EDGE_CURVE('',#6759,#6745,#2814,.T.);
#11358=EDGE_CURVE('',#6751,#6753,#2841,.T.);
#11360=EDGE_CURVE('',#6749,#6751,#2846,.T.);
#11362=EDGE_CURVE('',#6727,#6749,#2850,.T.);
#11364=EDGE_CURVE('',#6727,#6729,#2854,.T.);
#11366=EDGE_CURVE('',#6729,#6747,#2858,.T.);
#11368=EDGE_CURVE('',#6747,#6745,#2863,.T.);
#11372=EDGE_CURVE('',#6762,#6763,#2823,.T.);
#11374=EDGE_CURVE('',#6763,#6762,#2828,.T.);
#11385=EDGE_CURVE('',#7077,#6762,#2867,.T.);
#11387=EDGE_CURVE('',#7077,#6766,#2889,.T.);
#11389=EDGE_CURVE('',#6766,#6767,#2894,.T.);
#11391=EDGE_CURVE('',#6767,#6763,#2871,.T.);
#11404=EDGE_CURVE('',#6767,#7077,#2884,.T.);
#11414=EDGE_CURVE('',#6767,#6771,#2875,.T.);
#11416=EDGE_CURVE('',#6771,#7079,#2904,.T.);
#11418=EDGE_CURVE('',#7077,#7079,#2879,.T.);
#11431=EDGE_CURVE('',#7079,#6770,#2899,.T.);
#11433=EDGE_CURVE('',#6770,#6771,#2909,.T.);
#11445=EDGE_CURVE('',#6773,#6723,#2975,.T.);
#11447=EDGE_CURVE('',#6713,#6723,#4242,.T.);
#11449=EDGE_CURVE('',#6712,#6713,#2916,.T.);
#11451=EDGE_CURVE('',#6712,#6710,#2921,.T.);
#11453=EDGE_CURVE('',#6708,#6710,#4238,.T.);
#11458=EDGE_CURVE('',#6658,#6662,#2935,.T.);
#11460=EDGE_CURVE('',#6658,#6777,#2940,.T.);
#11462=EDGE_CURVE('',#6775,#6777,#2945,.T.);
#11464=EDGE_CURVE('',#6773,#6775,#3086,.T.);
#11479=EDGE_CURVE('',#6731,#6733,#2949,.T.);
#11481=EDGE_CURVE('',#6729,#6731,#2953,.T.);
#11484=EDGE_CURVE('',#6725,#6727,#2957,.T.);
#11486=EDGE_CURVE('',#6725,#6719,#2962,.T.);
#11488=EDGE_CURVE('',#6719,#6721,#2966,.T.);
#11490=EDGE_CURVE('',#6721,#6723,#2971,.T.);
#11493=EDGE_CURVE('',#6781,#6773,#3082,.T.);
#11495=EDGE_CURVE('',#6781,#6793,#2979,.T.);
#11497=EDGE_CURVE('',#6795,#6793,#2983,.T.);
#11499=EDGE_CURVE('',#6733,#6795,#2987,.T.);
#11510=EDGE_CURVE('',#6733,#6799,#3023,.T.);
#11512=EDGE_CURVE('',#6799,#6801,#2992,.T.);
#11514=EDGE_CURVE('',#6801,#6806,#2996,.T.);
#11516=EDGE_CURVE('',#6806,#6808,#3001,.T.);
#11518=EDGE_CURVE('',#6808,#6741,#3006,.T.);
#11520=EDGE_CURVE('',#6739,#6741,#3010,.T.);
#11522=EDGE_CURVE('',#6737,#6739,#3014,.T.);
#11524=EDGE_CURVE('',#6737,#6735,#3019,.T.);
#11526=EDGE_CURVE('',#6731,#6735,#4090,.T.);
#11538=EDGE_CURVE('',#6795,#6797,#3027,.T.);
#11540=EDGE_CURVE('',#6799,#6797,#3034,.T.);
#11551=EDGE_CURVE('',#6791,#6793,#3038,.T.);
#11553=EDGE_CURVE('',#6789,#6791,#3042,.T.);
#11555=EDGE_CURVE('',#6789,#6823,#3633,.T.);
#11557=EDGE_CURVE('',#6823,#6454,#3046,.T.);
#11559=EDGE_CURVE('',#6454,#6452,#3603,.T.);
#11561=EDGE_CURVE('',#6402,#6452,#3050,.T.);
#11564=EDGE_CURVE('',#6450,#6404,#3058,.T.);
#11566=EDGE_CURVE('',#6450,#6804,#3813,.T.);
#11568=EDGE_CURVE('',#6804,#6797,#4007,.T.);
#11580=EDGE_CURVE('',#6781,#6783,#3078,.T.);
#11582=EDGE_CURVE('',#6791,#6783,#3641,.T.);
#11593=EDGE_CURVE('',#6646,#6650,#3062,.T.);
#11595=EDGE_CURVE('',#6646,#6826,#3621,.T.);
#11597=EDGE_CURVE('',#6826,#6787,#3066,.T.);
#11599=EDGE_CURVE('',#6787,#6785,#3070,.T.);
#11601=EDGE_CURVE('',#6783,#6785,#3074,.T.);
#11606=EDGE_CURVE('',#6779,#6775,#3235,.T.);
#11608=EDGE_CURVE('',#6779,#6653,#3222,.T.);
#11610=EDGE_CURVE('',#6653,#6650,#3136,.T.);
#11620=EDGE_CURVE('',#6651,#6632,#3095,.T.);
#11622=EDGE_CURVE('',#6635,#6632,#3090,.T.);
#11624=EDGE_CURVE('',#6647,#6635,#3671,.T.);
#11626=EDGE_CURVE('',#6646,#6647,#3661,.T.);
#11629=EDGE_CURVE('',#6650,#6651,#3113,.T.);
#11640=EDGE_CURVE('',#7103,#6651,#3108,.T.);
#11642=EDGE_CURVE('',#7103,#6631,#3128,.T.);
#11644=EDGE_CURVE('',#6631,#6632,#3103,.T.);
#11656=EDGE_CURVE('',#6630,#6650,#3118,.T.);
#11658=EDGE_CURVE('',#6630,#6631,#3123,.T.);
#11669=EDGE_CURVE('',#6628,#6630,#3132,.T.);
#11673=EDGE_CURVE('',#6653,#6628,#3141,.T.);
#11684=EDGE_CURVE('',#6628,#6577,#3149,.T.);
#11687=EDGE_CURVE('',#6627,#6579,#3276,.T.);
#11689=EDGE_CURVE('',#6630,#6627,#3153,.T.);
#11838=EDGE_CURVE('',#6654,#6628,#3199,.T.);
#11840=EDGE_CURVE('',#6654,#6656,#3250,.T.);
#12048=EDGE_CURVE('',#6654,#6779,#3227,.T.);
#12058=EDGE_CURVE('',#6654,#6777,#3231,.T.);
#12073=EDGE_CURVE('',#6658,#6656,#3239,.T.);
#12096=EDGE_CURVE('',#6624,#6622,#3280,.T.);
#12098=EDGE_CURVE('',#6624,#6625,#3258,.T.);
#12100=EDGE_CURVE('',#6627,#6625,#3272,.T.);
#12103=EDGE_CURVE('',#6579,#6622,#3293,.T.);
#12114=EDGE_CURVE('',#6622,#6621,#3288,.T.);
#12116=EDGE_CURVE('',#6621,#6608,#3302,.T.);
#12118=EDGE_CURVE('',#6608,#6609,#3379,.T.);
#12120=EDGE_CURVE('',#6609,#6619,#3748,.T.);
#12122=EDGE_CURVE('',#6619,#6624,#3726,.T.);
#12203=EDGE_CURVE('',#6580,#6621,#3298,.T.);
#12216=EDGE_CURVE('',#6584,#6608,#3321,.T.);
#12392=EDGE_CURVE('',#6600,#6608,#3316,.T.);
#12406=EDGE_CURVE('',#6606,#6613,#3362,.T.);
#12408=EDGE_CURVE('',#6612,#6613,#3506,.T.);
#12410=EDGE_CURVE('',#6611,#6612,#3372,.T.);
#12412=EDGE_CURVE('',#6611,#6609,#3565,.T.);
#12739=EDGE_CURVE('',#6833,#6829,#3440,.T.);
#12741=EDGE_CURVE('',#6829,#6613,#3529,.T.);
#12745=EDGE_CURVE('',#6834,#6833,#3399,.T.);
#12758=EDGE_CURVE('',#6830,#6829,#3444,.T.);
#12768=EDGE_CURVE('',#6828,#6829,#3489,.T.);
#12772=EDGE_CURVE('',#6458,#6614,#3594,.T.);
#12774=EDGE_CURVE('',#6614,#6828,#3473,.T.);
#12946=EDGE_CURVE('',#6828,#6612,#3541,.T.);
#13055=EDGE_CURVE('',#6614,#6611,#3560,.T.);
#13284=EDGE_CURVE('',#6614,#6615,#3590,.T.);
#13286=EDGE_CURVE('',#6609,#6615,#3767,.T.);
#13296=EDGE_CURVE('',#6643,#6825,#3607,.T.);
#13298=EDGE_CURVE('',#6643,#6617,#3569,.T.);
#13300=EDGE_CURVE('',#6615,#6617,#3771,.T.);
#13305=EDGE_CURVE('',#6456,#6452,#3775,.T.);
#13308=EDGE_CURVE('',#6825,#6454,#3625,.T.);
#13319=EDGE_CURVE('',#6825,#6826,#3617,.T.);
#13322=EDGE_CURVE('',#6643,#6646,#3656,.T.);
#13336=EDGE_CURVE('',#6787,#6823,#3629,.T.);
#13349=EDGE_CURVE('',#6785,#6789,#3637,.T.);
#13371=EDGE_CURVE('',#7105,#6642,#3646,.T.);
#13373=EDGE_CURVE('',#6642,#6643,#3651,.T.);
#13377=EDGE_CURVE('',#7105,#6647,#3666,.T.);
#13388=EDGE_CURVE('',#6635,#6642,#3676,.T.);
#13400=EDGE_CURVE('',#6639,#6617,#3681,.T.);
#13405=EDGE_CURVE('',#6635,#6637,#3744,.T.);
#13407=EDGE_CURVE('',#6637,#6639,#3704,.T.);
#13418=EDGE_CURVE('',#7107,#6639,#3699,.T.);
#13420=EDGE_CURVE('',#7107,#6827,#3694,.T.);
#13422=EDGE_CURVE('',#6617,#6827,#3689,.T.);
#13435=EDGE_CURVE('',#6619,#6637,#3709,.T.);
#13437=EDGE_CURVE('',#6827,#6619,#3715,.T.);
#13447=EDGE_CURVE('',#6633,#6625,#3722,.T.);
#13452=EDGE_CURVE('',#6637,#6633,#3730,.T.);
#13549=EDGE_CURVE('',#6632,#6633,#3740,.T.);
#13762=EDGE_CURVE('',#6450,#6406,#3809,.T.);
#13777=EDGE_CURVE('',#6440,#6408,#3831,.T.);
#13779=EDGE_CURVE('',#6441,#6440,#3950,.T.);
#13781=EDGE_CURVE('',#6441,#6444,#4046,.T.);
#13783=EDGE_CURVE('',#6448,#6444,#3821,.T.);
#13785=EDGE_CURVE('',#6448,#6804,#4019,.T.);
#13796=EDGE_CURVE('',#6140,#6377,#3826,.T.);
#13798=EDGE_CURVE('',#6377,#6440,#3954,.T.);
#13802=EDGE_CURVE('',#6410,#6438,#4102,.T.);
#13804=EDGE_CURVE('',#6438,#6426,#3839,.T.);
#13806=EDGE_CURVE('',#6426,#6381,#3843,.T.);
#13818=EDGE_CURVE('',#6820,#6003,#3882,.T.);
#13820=EDGE_CURVE('',#6821,#6820,#3932,.T.);
#13822=EDGE_CURVE('',#6821,#6377,#3961,.T.);
#13836=EDGE_CURVE('',#6001,#5999,#3890,.T.);
#13838=EDGE_CURVE('',#6820,#6001,#3936,.T.);
#13853=EDGE_CURVE('',#5997,#6001,#3904,.T.);
#13863=EDGE_CURVE('',#6001,#6815,#3899,.T.);
#13867=EDGE_CURVE('',#6815,#6818,#3909,.T.);
#13878=EDGE_CURVE('',#6821,#6815,#3913,.T.);
#13890=EDGE_CURVE('',#6443,#6809,#3978,.T.);
#13892=EDGE_CURVE('',#6441,#6443,#3940,.T.);
#13898=EDGE_CURVE('',#6813,#6815,#4070,.T.);
#13900=EDGE_CURVE('',#6811,#6813,#3965,.T.);
#13902=EDGE_CURVE('',#6809,#6811,#3969,.T.);
#13913=EDGE_CURVE('',#6808,#6443,#3973,.T.);
#13916=EDGE_CURVE('',#6741,#6809,#3985,.T.);
#13927=EDGE_CURVE('',#6806,#6446,#3989,.T.);
#13929=EDGE_CURVE('',#6443,#6446,#3994,.T.);
#13941=EDGE_CURVE('',#6801,#6803,#4003,.T.);
#13943=EDGE_CURVE('',#6446,#6803,#4027,.T.);
#13954=EDGE_CURVE('',#6803,#6797,#3999,.T.);
#13970=EDGE_CURVE('',#6803,#6448,#4023,.T.);
#13983=EDGE_CURVE('',#6444,#6446,#4031,.T.);
#14007=EDGE_CURVE('',#6813,#6816,#4065,.T.);
#14010=EDGE_CURVE('',#6743,#6739,#4074,.T.);
#14035=EDGE_CURVE('',#6737,#6745,#4082,.T.);
#14050=EDGE_CURVE('',#6735,#6747,#4086,.T.);
#14074=EDGE_CURVE('',#6412,#6436,#4114,.T.);
#14076=EDGE_CURVE('',#6436,#6438,#4098,.T.);
#14088=EDGE_CURVE('',#6414,#6434,#4130,.T.);
#14090=EDGE_CURVE('',#6436,#6434,#4110,.T.);
#14102=EDGE_CURVE('',#6416,#6432,#4122,.T.);
#14104=EDGE_CURVE('',#6432,#6434,#4126,.T.);
#14115=EDGE_CURVE('',#6430,#6432,#4134,.T.);
#14119=EDGE_CURVE('',#6418,#6430,#4142,.T.);
#14132=EDGE_CURVE('',#6428,#6430,#4158,.T.);
#14134=EDGE_CURVE('',#6428,#6424,#4146,.T.);
#14136=EDGE_CURVE('',#6426,#6424,#4170,.T.);
#14149=EDGE_CURVE('',#6420,#6428,#4154,.T.);
#14162=EDGE_CURVE('',#6422,#6424,#4174,.T.);
#14186=EDGE_CURVE('',#6714,#6725,#4182,.T.);
#14190=EDGE_CURVE('',#6749,#6714,#4230,.T.);
#14200=EDGE_CURVE('',#6716,#6719,#4178,.T.);
#14204=EDGE_CURVE('',#6714,#6716,#4202,.T.);
#14215=EDGE_CURVE('',#6717,#6716,#4197,.T.);
#14217=EDGE_CURVE('',#6717,#6721,#4246,.T.);
#14317=EDGE_CURVE('',#6712,#6714,#4226,.T.);
#14320=EDGE_CURVE('',#6713,#6717,#4212,.T.);
#14333=EDGE_CURVE('',#6751,#6710,#4234,.T.);
#14368=EDGE_CURVE('',#6184,#6298,#4257,.T.);
#14370=EDGE_CURVE('',#6184,#6182,#4908,.T.);
#14374=EDGE_CURVE('',#6298,#6181,#4336,.T.);
#14384=EDGE_CURVE('',#6303,#6299,#4269,.T.);
#14386=EDGE_CURVE('',#6302,#6303,#4933,.T.);
#14388=EDGE_CURVE('',#6184,#6302,#4918,.T.);
#14391=EDGE_CURVE('',#6298,#6299,#4332,.T.);
#14401=EDGE_CURVE('',#6311,#6309,#4261,.T.);
#14403=EDGE_CURVE('',#6309,#6303,#4265,.T.);
#14406=EDGE_CURVE('',#6311,#6299,#4274,.T.);
#14417=EDGE_CURVE('',#6311,#6197,#4315,.T.);
#14419=EDGE_CURVE('',#6197,#6193,#4278,.T.);
#14421=EDGE_CURVE('',#6193,#6309,#4957,.T.);
#14431=EDGE_CURVE('',#7073,#6316,#4421,.T.);
#14433=EDGE_CURVE('',#7073,#6199,#4282,.T.);
#14436=EDGE_CURVE('',#6197,#6195,#4298,.T.);
#14443=EDGE_CURVE('',#6277,#6279,#4359,.T.);
#14445=EDGE_CURVE('',#6276,#6277,#4376,.T.);
#14447=EDGE_CURVE('',#6276,#6272,#5027,.T.);
#14449=EDGE_CURVE('',#6261,#6272,#4393,.T.);
#14451=EDGE_CURVE('',#6261,#6262,#4397,.T.);
#14454=EDGE_CURVE('',#6317,#6252,#4412,.T.);
#14456=EDGE_CURVE('',#6316,#6317,#4426,.T.);
#14466=EDGE_CURVE('',#7075,#6320,#4445,.T.);
#14468=EDGE_CURVE('',#7075,#7073,#4416,.T.);
#14472=EDGE_CURVE('',#6321,#6317,#4430,.T.);
#14474=EDGE_CURVE('',#6320,#6321,#4450,.T.);
#14486=EDGE_CURVE('',#6321,#7075,#4455,.T.);
#14490=EDGE_CURVE('',#6325,#6324,#4435,.T.);
#14492=EDGE_CURVE('',#6324,#6325,#4440,.T.);
#14503=EDGE_CURVE('',#6327,#6325,#4459,.T.);
#14505=EDGE_CURVE('',#6327,#6326,#4497,.T.);
#14507=EDGE_CURVE('',#6326,#6324,#4501,.T.);
#14520=EDGE_CURVE('',#6326,#6327,#4539,.T.);
#14541=EDGE_CURVE('',#6317,#7073,#4544,.T.);
#14555=EDGE_CURVE('',#6249,#6251,#4561,.T.);
#14557=EDGE_CURVE('',#6242,#6249,#4578,.T.);
#14559=EDGE_CURVE('',#6242,#6244,#4633,.T.);
#14561=EDGE_CURVE('',#6223,#6244,#4662,.T.);
#14563=EDGE_CURVE('',#6223,#6221,#4582,.T.);
#14566=EDGE_CURVE('',#6214,#6216,#4605,.T.);
#14568=EDGE_CURVE('',#6213,#6214,#4857,.T.);
#14570=EDGE_CURVE('',#6213,#6209,#4832,.T.);
#14572=EDGE_CURVE('',#6201,#6209,#4823,.T.);
#14574=EDGE_CURVE('',#6201,#6198,#4609,.T.);
#14587=EDGE_CURVE('',#6256,#6249,#4624,.T.);
#14591=EDGE_CURVE('',#6254,#6256,#4704,.T.);
#14601=EDGE_CURVE('',#6238,#6242,#4637,.T.);
#14605=EDGE_CURVE('',#6256,#6238,#4691,.T.);
#14615=EDGE_CURVE('',#6244,#6240,#4628,.T.);
#14619=EDGE_CURVE('',#6240,#6238,#4641,.T.);
#14629=EDGE_CURVE('',#6246,#6240,#4667,.T.);
#14631=EDGE_CURVE('',#6227,#6246,#4749,.T.);
#14633=EDGE_CURVE('',#6223,#6227,#4645,.T.);
#14646=EDGE_CURVE('',#6230,#6240,#4672,.T.);
#14648=EDGE_CURVE('',#6230,#6248,#4677,.T.);
#14650=EDGE_CURVE('',#7085,#6248,#4739,.T.);
#14652=EDGE_CURVE('',#7085,#6246,#4754,.T.);
#14662=EDGE_CURVE('',#6237,#6238,#4686,.T.);
#14664=EDGE_CURVE('',#6234,#6237,#4769,.T.);
#14666=EDGE_CURVE('',#6230,#6234,#4681,.T.);
#14680=EDGE_CURVE('',#6258,#6256,#4696,.T.);
#14682=EDGE_CURVE('',#7093,#6258,#4759,.T.);
#14684=EDGE_CURVE('',#7093,#6237,#4774,.T.);
#14694=EDGE_CURVE('',#6232,#6234,#4700,.T.);
#14696=EDGE_CURVE('',#6234,#6258,#4764,.T.);
#14711=EDGE_CURVE('',#6230,#6228,#4713,.T.);
#14724=EDGE_CURVE('',#6227,#6225,#4734,.T.);
#14726=EDGE_CURVE('',#6248,#6227,#4744,.T.);
#14774=EDGE_CURVE('',#6218,#6220,#4783,.T.);
#14776=EDGE_CURVE('',#6218,#6214,#4861,.T.);
#14789=EDGE_CURVE('',#6203,#6205,#4797,.T.);
#14791=EDGE_CURVE('',#6205,#6207,#4788,.T.);
#14793=EDGE_CURVE('',#6207,#6211,#4840,.T.);
#14795=EDGE_CURVE('',#6218,#6211,#4793,.T.);
#14805=EDGE_CURVE('',#6201,#6205,#4806,.T.);
#14818=EDGE_CURVE('',#6209,#6207,#4827,.T.);
#14833=EDGE_CURVE('',#6211,#6213,#4836,.T.);
#14856=EDGE_CURVE('',#6193,#6191,#4872,.T.);
#14872=EDGE_CURVE('',#6190,#6188,#4876,.T.);
#14874=EDGE_CURVE('',#6313,#6190,#4977,.T.);
#14876=EDGE_CURVE('',#6193,#6313,#4962,.T.);
#14886=EDGE_CURVE('',#6187,#6185,#4887,.T.);
#14888=EDGE_CURVE('',#6190,#6187,#4947,.T.);
#14903=EDGE_CURVE('',#6305,#6184,#4913,.T.);
#14905=EDGE_CURVE('',#6187,#6305,#4943,.T.);
#14917=EDGE_CURVE('',#7089,#6302,#4923,.T.);
#14919=EDGE_CURVE('',#7089,#6305,#4928,.T.);
#14931=EDGE_CURVE('',#6187,#6303,#4938,.T.);
#14943=EDGE_CURVE('',#6308,#6309,#4952,.T.);
#14945=EDGE_CURVE('',#6190,#6308,#4982,.T.);
#14961=EDGE_CURVE('',#7097,#6313,#4972,.T.);
#14963=EDGE_CURVE('',#7097,#6308,#4967,.T.);
#14985=EDGE_CURVE('',#6283,#6281,#4991,.T.);
#14987=EDGE_CURVE('',#6283,#6277,#5018,.T.);
#15001=EDGE_CURVE('',#6294,#6292,#4995,.T.);
#15003=EDGE_CURVE('',#6296,#6294,#5102,.T.);
#15005=EDGE_CURVE('',#6283,#6296,#5014,.T.);
#15015=EDGE_CURVE('',#6287,#6294,#4999,.T.);
#15019=EDGE_CURVE('',#6290,#6287,#5062,.T.);
#15029=EDGE_CURVE('',#6285,#6274,#5004,.T.);
#15031=EDGE_CURVE('',#6294,#6285,#5107,.T.);
#15034=EDGE_CURVE('',#6287,#6270,#5049,.T.);
#15036=EDGE_CURVE('',#6270,#6274,#5035,.T.);
#15047=EDGE_CURVE('',#6283,#6274,#5009,.T.);
#15050=EDGE_CURVE('',#7091,#6296,#5097,.T.);
#15052=EDGE_CURVE('',#7091,#6285,#5092,.T.);
#15062=EDGE_CURVE('',#6274,#6276,#5031,.T.);
#15075=EDGE_CURVE('',#6272,#6270,#5022,.T.);
#15088=EDGE_CURVE('',#6269,#6270,#5044,.T.);
#15090=EDGE_CURVE('',#6266,#6269,#5082,.T.);
#15092=EDGE_CURVE('',#6261,#6266,#5039,.T.);
#15106=EDGE_CURVE('',#6289,#6287,#5054,.T.);
#15108=EDGE_CURVE('',#7095,#6289,#5072,.T.);
#15110=EDGE_CURVE('',#7095,#6269,#5087,.T.);
#15120=EDGE_CURVE('',#6264,#6266,#5058,.T.);
#15122=EDGE_CURVE('',#6266,#6289,#5077,.T.);
#15173=EDGE_CURVE('',#6124,#6126,#5112,.T.);
#15175=EDGE_CURVE('',#6128,#6126,#5117,.T.);
#15177=EDGE_CURVE('',#6128,#6134,#5122,.T.);
#15179=EDGE_CURVE('',#6134,#6132,#5244,.T.);
#15190=EDGE_CURVE('',#6120,#6122,#5140,.T.);
#15192=EDGE_CURVE('',#6126,#6122,#5130,.T.);
#15203=EDGE_CURVE('',#6114,#6122,#5135,.T.);
#15207=EDGE_CURVE('',#6116,#6118,#5144,.T.);
#15209=EDGE_CURVE('',#6116,#6112,#5148,.T.);
#15211=EDGE_CURVE('',#6112,#6114,#5248,.T.);
#15221=EDGE_CURVE('',#7049,#7047,#5168,.T.);
#15223=EDGE_CURVE('',#7049,#7057,#5195,.T.);
#15225=EDGE_CURVE('',#7069,#7057,#5152,.T.);
#15227=EDGE_CURVE('',#7071,#7069,#5182,.T.);
#15229=EDGE_CURVE('',#6128,#7071,#5160,.T.);
#15234=EDGE_CURVE('',#6114,#6104,#5156,.T.);
#15236=EDGE_CURVE('',#6104,#6102,#5266,.T.);
#15249=EDGE_CURVE('',#7071,#7053,#5177,.T.);
#15251=EDGE_CURVE('',#7053,#7051,#5164,.T.);
#15253=EDGE_CURVE('',#7049,#7051,#5200,.T.);
#15257=EDGE_CURVE('',#6134,#7045,#5172,.T.);
#15268=EDGE_CURVE('',#7065,#7053,#5190,.T.);
#15272=EDGE_CURVE('',#7069,#7067,#5236,.T.);
#15274=EDGE_CURVE('',#7067,#7063,#5220,.T.);
#15276=EDGE_CURVE('',#7063,#7065,#5212,.T.);
#15286=EDGE_CURVE('',#7055,#7051,#5186,.T.);
#15290=EDGE_CURVE('',#7055,#7065,#5208,.T.);
#15303=EDGE_CURVE('',#7061,#7055,#5204,.T.);
#15305=EDGE_CURVE('',#7059,#7061,#5228,.T.);
#15307=EDGE_CURVE('',#7057,#7059,#5232,.T.);
#15320=EDGE_CURVE('',#7061,#7063,#5216,.T.);
#15332=EDGE_CURVE('',#7067,#7059,#5224,.T.);
#15369=EDGE_CURVE('',#6110,#6112,#5252,.T.);
#15371=EDGE_CURVE('',#6110,#6104,#5270,.T.);
#15381=EDGE_CURVE('',#6108,#6110,#5274,.T.);
#15385=EDGE_CURVE('',#6108,#6116,#5278,.T.);
#15395=EDGE_CURVE('',#6108,#6106,#5256,.T.);
#15434=EDGE_CURVE('',#6474,#6468,#5333,.T.);
#15436=EDGE_CURVE('',#6470,#6468,#5307,.T.);
#15438=EDGE_CURVE('',#6470,#6472,#5311,.T.);
#15440=EDGE_CURVE('',#6492,#6472,#5349,.T.);
#15442=EDGE_CURVE('',#6492,#6490,#5316,.T.);
#15444=EDGE_CURVE('',#6488,#6490,#5321,.T.);
#15457=EDGE_CURVE('',#6468,#6464,#5329,.T.);
#15471=EDGE_CURVE('',#6470,#6466,#5345,.T.);
#15486=EDGE_CURVE('',#6869,#6472,#5353,.T.);
#15497=EDGE_CURVE('',#6492,#6494,#5365,.T.);
#15502=EDGE_CURVE('',#6867,#6496,#5437,.T.);
#15504=EDGE_CURVE('',#6494,#6496,#5408,.T.);
#15514=EDGE_CURVE('',#6500,#6502,#5370,.T.);
#15516=EDGE_CURVE('',#6490,#6502,#5361,.T.);
#15520=EDGE_CURVE('',#6494,#6500,#5390,.T.);
#15531=EDGE_CURVE('',#7099,#6500,#5385,.T.);
#15533=EDGE_CURVE('',#7099,#6507,#5380,.T.);
#15535=EDGE_CURVE('',#6507,#6502,#5375,.T.);
#15548=EDGE_CURVE('',#6494,#6498,#5395,.T.);
#15550=EDGE_CURVE('',#6498,#6507,#5400,.T.);
#15560=EDGE_CURVE('',#6496,#6873,#5413,.T.);
#15562=EDGE_CURVE('',#6498,#6873,#5404,.T.);
#15575=EDGE_CURVE('',#6871,#6496,#5418,.T.);
#15577=EDGE_CURVE('',#7101,#6871,#5423,.T.);
#15579=EDGE_CURVE('',#7101,#6875,#5428,.T.);
#15581=EDGE_CURVE('',#6873,#6875,#5433,.T.);
#15593=EDGE_CURVE('',#6863,#6865,#5441,.T.);
#15595=EDGE_CURVE('',#6865,#6871,#5652,.T.);
#15606=EDGE_CURVE('',#6859,#6861,#5449,.T.);
#15608=EDGE_CURVE('',#6861,#6865,#5647,.T.);
#15620=EDGE_CURVE('',#6857,#6861,#5458,.T.);
#15624=EDGE_CURVE('',#6855,#6857,#5453,.T.);
#15635=EDGE_CURVE('',#6880,#6857,#5463,.T.);
#15637=EDGE_CURVE('',#6880,#6877,#5509,.T.);
#15639=EDGE_CURVE('',#6877,#6861,#5468,.T.);
#15649=EDGE_CURVE('',#6880,#6881,#5472,.T.);
#15652=EDGE_CURVE('',#6857,#6882,#5476,.T.);
#15654=EDGE_CURVE('',#6882,#6881,#5486,.T.);
#15665=EDGE_CURVE('',#6881,#6515,#5490,.T.);
#15667=EDGE_CURVE('',#6515,#6513,#5533,.T.);
#15669=EDGE_CURVE('',#6511,#6513,#5495,.T.);
#15671=EDGE_CURVE('',#6509,#6511,#5499,.T.);
#15674=EDGE_CURVE('',#6505,#6498,#5504,.T.);
#15677=EDGE_CURVE('',#6877,#6873,#5643,.T.);
#15688=EDGE_CURVE('',#6594,#6596,#5521,.T.);
#15690=EDGE_CURVE('',#6515,#6594,#5537,.T.);
#15694=EDGE_CURVE('',#6853,#6882,#5630,.T.);
#15707=EDGE_CURVE('',#6594,#6590,#5542,.T.);
#15721=EDGE_CURVE('',#6519,#6517,#5546,.T.);
#15723=EDGE_CURVE('',#6517,#6513,#5603,.T.);
#15739=EDGE_CURVE('',#6521,#6517,#5595,.T.);
#15749=EDGE_CURVE('',#6532,#6521,#5575,.T.);
#15751=EDGE_CURVE('',#7083,#6532,#5580,.T.);
#15753=EDGE_CURVE('',#7083,#6534,#5585,.T.);
#15755=EDGE_CURVE('',#6534,#6517,#5590,.T.);
#15769=EDGE_CURVE('',#6528,#6530,#5599,.T.);
#15771=EDGE_CURVE('',#6530,#6532,#5612,.T.);
#15784=EDGE_CURVE('',#6530,#6511,#5607,.T.);
#15797=EDGE_CURVE('',#6530,#6534,#5617,.T.);
#15833=EDGE_CURVE('',#6504,#6502,#5635,.T.);
#15861=EDGE_CURVE('',#6875,#6865,#5657,.T.);
#15885=EDGE_CURVE('',#7043,#6398,#5661,.T.);
#15889=EDGE_CURVE('',#6396,#7043,#5744,.T.);
#15900=EDGE_CURVE('',#7043,#7039,#5739,.T.);
#15902=EDGE_CURVE('',#7039,#7041,#5670,.T.);
#15914=EDGE_CURVE('',#6997,#6996,#5679,.T.);
#15916=EDGE_CURVE('',#6996,#7019,#5684,.T.);
#15918=EDGE_CURVE('',#7019,#7015,#5688,.T.);
#15920=EDGE_CURVE('',#7015,#7013,#5693,.T.);
#15922=EDGE_CURVE('',#7013,#7009,#5698,.T.);
#15924=EDGE_CURVE('',#7009,#7003,#5703,.T.);
#15926=EDGE_CURVE('',#7003,#6999,#5707,.T.);
#15929=EDGE_CURVE('',#7001,#7025,#5715,.T.);
#15931=EDGE_CURVE('',#7027,#7025,#5720,.T.);
#15933=EDGE_CURVE('',#7031,#7027,#5725,.T.);
#15935=EDGE_CURVE('',#7037,#7031,#5730,.T.);
#15937=EDGE_CURVE('',#7039,#7037,#5734,.T.);
#15949=EDGE_CURVE('',#6992,#6996,#5753,.T.);
#15964=EDGE_CURVE('',#6994,#7019,#5757,.T.);
#15978=EDGE_CURVE('',#7017,#7015,#5765,.T.);
#15988=EDGE_CURVE('',#7011,#7013,#5761,.T.);
#16001=EDGE_CURVE('',#7007,#7009,#5769,.T.);
#16016=EDGE_CURVE('',#7005,#7003,#5773,.T.);
#16040=EDGE_CURVE('',#7025,#7023,#5785,.T.);
#16052=EDGE_CURVE('',#7027,#7029,#5789,.T.);
#16067=EDGE_CURVE('',#7031,#7033,#5793,.T.);
#16080=EDGE_CURVE('',#7037,#7035,#5797,.T.);
#16117=EDGE_CURVE('',#5923,#5933,#5801,.T.);
#16119=EDGE_CURVE('',#5933,#5935,#5817,.T.);
#16130=EDGE_CURVE('',#5925,#5931,#5805,.T.);
#16132=EDGE_CURVE('',#5931,#5933,#5809,.T.);
#16144=EDGE_CURVE('',#5929,#5931,#5813,.T.);
#16189=(LENGTH_UNIT()NAMED_UNIT(*)SI_UNIT(.MILLI.,.METRE.));
#16191=(NAMED_UNIT(*)PLANE_ANGLE_UNIT()SI_UNIT($,.RADIAN.));
#16194=(NAMED_UNIT(*)SI_UNIT($,.STERADIAN.)SOLID_ANGLE_UNIT());
#16200=AXIS2_PLACEMENT_3D('',#16197,#16198,#16199);
#16201=ADVANCED_BREP_SHAPE_REPRESENTATION('',(#16200,#16188),#16196);
#16208=PRODUCT_DEFINITION('design','',#16207,#16204);
#16209=PRODUCT_DEFINITION_SHAPE('','SHAPE FOR H3360-607-HOUSING-ASF-REAR_HOM.',
#16208);
#16210=SHAPE_DEFINITION_REPRESENTATION(#16209,#16201);
#16211=SHAPE_DEFINITION_REPRESENTATION(#16212,#16213);
#16212=PRODUCT_DEFINITION_SHAPE('','SHAPE FOR D1798404-00_ASM.',#16238);
#16213=SHAPE_REPRESENTATION('',(#16219,#16234),#16230);
#16214=NEXT_ASSEMBLY_USAGE_OCCURRENCE('17','Next assembly relationship',
'H3360-607-HOUSING-ASF-REAR_HOM',#16238,#16208,$);
#16215=PRODUCT_DEFINITION_SHAPE('Placement #17',
'Placement of H3360-607-HOUSING-ASF-REAR_HOM with respect to D1798404-00_ASM',
#16214);
#16223=(LENGTH_UNIT()NAMED_UNIT(*)SI_UNIT(.MILLI.,.METRE.));
#16225=(NAMED_UNIT(*)PLANE_ANGLE_UNIT()SI_UNIT($,.RADIAN.));
#16228=(NAMED_UNIT(*)SI_UNIT($,.STERADIAN.)SOLID_ANGLE_UNIT());
#16234=AXIS2_PLACEMENT_3D('',#16231,#16232,#16233);
#16238=PRODUCT_DEFINITION('design','',#16237,#16204);
ENDSEC;
END-ISO-10303-21;
