ISO-10303-21;
HEADER;
FILE_DESCRIPTION((''),'2;1');
FILE_NAME('CL86-610-STP-CST','2026-05-26T08:52:11',('iei96381'),(''),
'CREO PARAMETRIC BY PTC INC, 2025123','CREO PARAMETRIC BY PTC INC, 2025123','');
FILE_SCHEMA(('AUTOMOTIVE_DESIGN { 1 0 10303 214 1 1 1 1 }'));
ENDSEC;
DATA;
#131=CARTESIAN_POINT('',(-1.064499992E2,1.329723575258E2,-7.028628513239E1));
#132=DIRECTION('',(-1.E0,0.E0,0.E0));
#133=DIRECTION('',(0.E0,-8.571673007021E-1,5.150380749101E-1));
#134=AXIS2_PLACEMENT_3D('',#131,#132,#133);
#136=DRAUGHTING_PRE_DEFINED_CURVE_FONT('continuous');
#137=CURVE_STYLE('',#136,POSITIVE_LENGTH_MEASURE(2.E-2),#78);
#138=PRESENTATION_STYLE_ASSIGNMENT((#137));
#139=STYLED_ITEM('',(#138),#135);
#140=CARTESIAN_POINT('',(-1.064499992E2,1.357219938631E2,-6.870954207066E1));
#141=DIRECTION('',(-1.E0,0.E0,0.E0));
#142=DIRECTION('',(0.E0,-9.540403871653E-1,-2.996780600202E-1));
#143=AXIS2_PLACEMENT_3D('',#140,#141,#142);
#145=CURVE_STYLE('',#136,POSITIVE_LENGTH_MEASURE(2.E-2),#78);
#146=PRESENTATION_STYLE_ASSIGNMENT((#145));
#147=STYLED_ITEM('',(#146),#144);
#148=DIRECTION('',(5.007279676376E-14,2.419218955998E-1,-9.702957262760E-1));
#149=VECTOR('',#148,1.419019471016E0);
#150=CARTESIAN_POINT('',(-1.064499992E2,1.321786666766E2,-6.813053195435E1));
#151=LINE('',#150,#149);
#152=CURVE_STYLE('',#136,POSITIVE_LENGTH_MEASURE(2.E-2),#78);
#153=PRESENTATION_STYLE_ASSIGNMENT((#152));
#154=STYLED_ITEM('',(#153),#151);
#155=CARTESIAN_POINT('',(-1.064499992E2,1.353787019818E2,-6.733267354266E1));
#156=DIRECTION('',(-1.E0,0.E0,0.E0));
#157=DIRECTION('',(0.E0,-9.702957262758E-1,-2.419218956005E-1));
#158=AXIS2_PLACEMENT_3D('',#155,#156,#157);
#160=CURVE_STYLE('',#136,POSITIVE_LENGTH_MEASURE(2.E-2),#78);
#161=PRESENTATION_STYLE_ASSIGNMENT((#160));
#162=STYLED_ITEM('',(#161),#159);
#163=DIRECTION('',(2.909930162074E-14,-5.150380749101E-1,-8.571673007021E-1));
#164=VECTOR('',#163,7.813715889360E0);
#165=CARTESIAN_POINT('',(-1.064499992E2,1.365761254137E2,-5.893641621423E1));
#166=LINE('',#165,#164);
#167=CURVE_STYLE('',#136,POSITIVE_LENGTH_MEASURE(2.E-2),#78);
#168=PRESENTATION_STYLE_ASSIGNMENT((#167));
#169=STYLED_ITEM('',(#168),#166);
#170=CARTESIAN_POINT('',(-1.064499992E2,1.381768254457E2,-5.832386980069E1));
#171=CARTESIAN_POINT('',(-1.064499992E2,1.381265417258E2,-5.840755596395E1));
#172=CARTESIAN_POINT('',(-1.064499992E2,1.380024833338E2,-5.854318209050E1));
#173=CARTESIAN_POINT('',(-1.064499992E2,1.378365122604E2,-5.862216647892E1));
#174=CARTESIAN_POINT('',(-1.064499992E2,1.377417812476E2,-5.864578557316E1));
#176=CURVE_STYLE('',#136,POSITIVE_LENGTH_MEASURE(2.E-2),#78);
#177=PRESENTATION_STYLE_ASSIGNMENT((#176));
#178=STYLED_ITEM('',(#177),#175);
#179=DIRECTION('',(0.E0,-5.150380749101E-1,-8.571673007021E-1));
#180=VECTOR('',#179,1.483334350797E1);
#181=CARTESIAN_POINT('',(-1.064499992E2,1.458165621305E2,-4.560921278558E1));
#182=LINE('',#181,#180);
#183=CURVE_STYLE('',#136,POSITIVE_LENGTH_MEASURE(2.E-2),#78);
#184=PRESENTATION_STYLE_ASSIGNMENT((#183));
#185=STYLED_ITEM('',(#184),#182);
#186=CARTESIAN_POINT('',(-1.064499992E2,1.452254838883E2,-4.426300734480E1));
#187=DIRECTION('',(1.E0,-9.192280166688E-14,2.298070041672E-14));
#188=DIRECTION('',(-8.364290914233E-14,-8.571673007021E-1,5.150380749101E-1));
#189=AXIS2_PLACEMENT_3D('',#186,#187,#188);
#191=CURVE_STYLE('',#136,POSITIVE_LENGTH_MEASURE(2.E-2),#78);
#192=PRESENTATION_STYLE_ASSIGNMENT((#191));
#193=STYLED_ITEM('',(#192),#190);
#194=DIRECTION('',(-6.216136605370E-8,-8.571674607806E-1,5.150378084946E-1));
#195=VECTOR('',#194,1.607076094582E0);
#196=CARTESIAN_POINT('',(-1.064499992E2,1.452183774423E2,-4.262545060517E1));
#197=LINE('',#196,#195);
#198=CURVE_STYLE('',#136,POSITIVE_LENGTH_MEASURE(2.E-2),#78);
#199=PRESENTATION_STYLE_ASSIGNMENT((#198));
#200=STYLED_ITEM('',(#199),#197);
#201=CARTESIAN_POINT('',(-1.064499992E2,1.437378269591E2,-4.196917280478E1));
#202=DIRECTION('',(-1.E0,2.506052603533E-13,4.172310983541E-13));
#203=DIRECTION('',(0.E0,-8.571673007029E-1,5.150380749087E-1));
#204=AXIS2_PLACEMENT_3D('',#201,#202,#203);
#206=CURVE_STYLE('',#136,POSITIVE_LENGTH_MEASURE(2.E-2),#78);
#207=PRESENTATION_STYLE_ASSIGNMENT((#206));
#208=STYLED_ITEM('',(#207),#205);
#209=DIRECTION('',(0.E0,5.150380749101E-1,8.571673007021E-1));
#210=VECTOR('',#209,2.903875751275E1);
#211=CARTESIAN_POINT('',(-1.064499992E2,1.286103277319E2,-6.675723858274E1));
#212=LINE('',#211,#210);
#213=CURVE_STYLE('',#136,POSITIVE_LENGTH_MEASURE(2.E-2),#78);
#214=PRESENTATION_STYLE_ASSIGNMENT((#213));
#215=STYLED_ITEM('',(#214),#212);
#216=CARTESIAN_POINT('',(-1.064499992E2,1.266388429402E2,-6.557265101045E1));
#217=DIRECTION('',(1.E0,0.E0,0.E0));
#218=DIRECTION('',(0.E0,1.322563902572E-1,-9.912155402515E-1));
#219=AXIS2_PLACEMENT_3D('',#216,#217,#218);
#221=CURVE_STYLE('',#136,POSITIVE_LENGTH_MEASURE(2.E-2),#78);
#222=PRESENTATION_STYLE_ASSIGNMENT((#221));
#223=STYLED_ITEM('',(#222),#220);
#224=DIRECTION('',(0.E0,9.912155402515E-1,1.322563902572E-1));
#225=VECTOR('',#224,2.125822915986E0);
#226=CARTESIAN_POINT('',(-1.064499992E2,1.248358839277E2,-6.813360041822E1));
#227=LINE('',#226,#225);
#228=CURVE_STYLE('',#136,POSITIVE_LENGTH_MEASURE(2.E-2),#78);
#229=PRESENTATION_STYLE_ASSIGNMENT((#228));
#230=STYLED_ITEM('',(#229),#227);
#231=CARTESIAN_POINT('',(-1.064499992E2,1.257222662552E2,-7.477672696899E1));
#232=DIRECTION('',(-1.E0,0.E0,0.E0));
#233=DIRECTION('',(0.E0,-5.137288077592E-1,8.579526281085E-1));
#234=AXIS2_PLACEMENT_3D('',#231,#232,#233);
#236=CURVE_STYLE('',#136,POSITIVE_LENGTH_MEASURE(2.E-2),#78);
#237=PRESENTATION_STYLE_ASSIGNMENT((#236));
#238=STYLED_ITEM('',(#237),#235);
#239=CARTESIAN_POINT('',(-1.064499992E2,1.226912662894E2,-6.971480646315E1));
#240=DIRECTION('',(-1.E0,0.E0,0.E0));
#241=DIRECTION('',(0.E0,-8.571673006837E-1,5.150380749408E-1));
#242=AXIS2_PLACEMENT_3D('',#239,#240,#241);
#244=CURVE_STYLE('',#136,POSITIVE_LENGTH_MEASURE(2.E-2),#78);
#245=PRESENTATION_STYLE_ASSIGNMENT((#244));
#246=STYLED_ITEM('',(#245),#243);
#247=DIRECTION('',(0.E0,-8.571673007021E-1,5.150380749102E-1));
#248=VECTOR('',#247,2.207155851711E0);
#249=CARTESIAN_POINT('',(-1.064499992E2,1.238957199379E2,-7.043851522797E1));
#250=LINE('',#249,#248);
#251=CURVE_STYLE('',#136,POSITIVE_LENGTH_MEASURE(2.E-2),#78);
#252=PRESENTATION_STYLE_ASSIGNMENT((#251));
#253=STYLED_ITEM('',(#252),#250);
#254=DIRECTION('',(0.E0,5.150380749101E-1,8.571673007021E-1));
#255=VECTOR('',#254,1.562805928117E0);
#256=CARTESIAN_POINT('',(-1.064499992E2,1.238957199379E2,-7.043851522797E1));
#257=LINE('',#256,#255);
#258=CURVE_STYLE('',#136,POSITIVE_LENGTH_MEASURE(2.E-2),#78);
#259=PRESENTATION_STYLE_ASSIGNMENT((#258));
#260=STYLED_ITEM('',(#259),#257);
#261=DIRECTION('',(1.015061051086E-14,8.571673007021E-1,-5.150380749101E-1));
#262=VECTOR('',#261,1.4E0);
#263=CARTESIAN_POINT('',(-1.064499992E2,1.247006244946E2,-6.909892908904E1));
#264=LINE('',#263,#262);
#265=CURVE_STYLE('',#136,POSITIVE_LENGTH_MEASURE(2.E-2),#78);
#266=PRESENTATION_STYLE_ASSIGNMENT((#265));
#267=STYLED_ITEM('',(#266),#264);
#268=DIRECTION('',(0.E0,-5.150380749101E-1,-8.571673007021E-1));
#269=VECTOR('',#268,1.862805928117E0);
#270=CARTESIAN_POINT('',(-1.064499992E2,1.259006587156E2,-6.981998239392E1));
#271=LINE('',#270,#269);
#272=CURVE_STYLE('',#136,POSITIVE_LENGTH_MEASURE(2.E-2),#78);
#273=PRESENTATION_STYLE_ASSIGNMENT((#272));
#274=STYLED_ITEM('',(#273),#271);
#275=CARTESIAN_POINT('',(-1.064499992E2,1.262823681370E2,-7.204755315184E1));
#276=DIRECTION('',(-1.E0,0.E0,0.E0));
#277=DIRECTION('',(0.E0,5.937471082683E-1,-8.046517081465E-1));
#278=AXIS2_PLACEMENT_3D('',#275,#276,#277);
#280=CURVE_STYLE('',#136,POSITIVE_LENGTH_MEASURE(2.E-2),#78);
#281=PRESENTATION_STYLE_ASSIGNMENT((#280));
#282=STYLED_ITEM('',(#281),#279);
#283=DIRECTION('',(0.E0,-8.046517081464E-1,-5.937471082684E-1));
#284=VECTOR('',#283,7.312586883237E-2);
#285=CARTESIAN_POINT('',(-1.064499992E2,1.264302710585E2,-7.212483263490E1));
#286=LINE('',#285,#284);
#287=CURVE_STYLE('',#136,POSITIVE_LENGTH_MEASURE(2.E-2),#78);
#288=PRESENTATION_STYLE_ASSIGNMENT((#287));
#289=STYLED_ITEM('',(#288),#286);
#290=CARTESIAN_POINT('',(-1.064499992E2,1.263412089923E2,-7.200413487868E1));
#291=DIRECTION('',(-1.E0,0.E0,0.E0));
#292=DIRECTION('',(0.E0,9.697229247476E-1,2.442077992592E-1));
#293=AXIS2_PLACEMENT_3D('',#290,#291,#292);
#295=CURVE_STYLE('',#136,POSITIVE_LENGTH_MEASURE(2.E-2),#78);
#296=PRESENTATION_STYLE_ASSIGNMENT((#295));
#297=STYLED_ITEM('',(#296),#294);
#298=CARTESIAN_POINT('',(-1.064499992E2,1.279897379643E2,-7.158898161994E1));
#299=DIRECTION('',(1.E0,0.E0,0.E0));
#300=DIRECTION('',(0.E0,7.819258417538E-1,-6.233714606858E-1));
#301=AXIS2_PLACEMENT_3D('',#298,#299,#300);
#303=CURVE_STYLE('',#136,POSITIVE_LENGTH_MEASURE(2.E-2),#78);
#304=PRESENTATION_STYLE_ASSIGNMENT((#303));
#305=STYLED_ITEM('',(#304),#302);
#306=CARTESIAN_POINT('',(-1.064499992E2,1.293190118953E2,-7.264871310310E1));
#307=DIRECTION('',(-1.E0,0.E0,0.E0));
#308=DIRECTION('',(0.E0,-8.689827265906E-1,-4.948424202583E-1));
#309=AXIS2_PLACEMENT_3D('',#306,#307,#308);
#311=CURVE_STYLE('',#136,POSITIVE_LENGTH_MEASURE(2.E-2),#78);
#312=PRESENTATION_STYLE_ASSIGNMENT((#311));
#313=STYLED_ITEM('',(#312),#310);
#314=CARTESIAN_POINT('',(-1.064499992E2,1.293547166339E2,-7.271141346945E1));
#315=DIRECTION('',(-1.E0,1.868992135012E-14,-3.308621211980E-14));
#316=DIRECTION('',(0.E0,1.322563902678E-1,-9.912155402501E-1));
#317=AXIS2_PLACEMENT_3D('',#314,#315,#316);
#319=CURVE_STYLE('',#136,POSITIVE_LENGTH_MEASURE(2.E-2),#78);
#320=PRESENTATION_STYLE_ASSIGNMENT((#319));
#321=STYLED_ITEM('',(#320),#318);
#322=DIRECTION('',(0.E0,9.912155402500E-1,1.322563902686E-1));
#323=VECTOR('',#322,2.744549871283E0);
#324=CARTESIAN_POINT('',(-1.064499992E2,1.293745550924E2,-7.286009580049E1));
#325=LINE('',#324,#323);
#326=CURVE_STYLE('',#136,POSITIVE_LENGTH_MEASURE(2.E-2),#78);
#327=PRESENTATION_STYLE_ASSIGNMENT((#326));
#328=STYLED_ITEM('',(#327),#325);
#329=DIRECTION('',(0.E0,5.150380749101E-1,8.571673007021E-1));
#330=VECTOR('',#329,8.794667809467E-2);
#331=CARTESIAN_POINT('',(-1.073999992E2,1.326699114478E2,-7.020715872659E1));
#332=LINE('',#331,#330);
#333=CURVE_STYLE('',#136,POSITIVE_LENGTH_MEASURE(2.E-2),#78);
#334=PRESENTATION_STYLE_ASSIGNMENT((#333));
#335=STYLED_ITEM('',(#334),#332);
#336=DIRECTION('',(1.E0,0.E0,1.495879443702E-14));
#337=VECTOR('',#336,9.500000000023E-1);
#338=CARTESIAN_POINT('',(-1.073999992E2,1.327152073356E2,-7.013177370992E1));
#339=LINE('',#338,#337);
#340=CURVE_STYLE('',#136,POSITIVE_LENGTH_MEASURE(2.E-2),#78);
#341=PRESENTATION_STYLE_ASSIGNMENT((#340));
#342=STYLED_ITEM('',(#341),#339);
#343=DIRECTION('',(0.E0,-5.150380749102E-1,-8.571673007020E-1));
#344=VECTOR('',#343,2.346922915225E0);
#345=CARTESIAN_POINT('',(-1.064499992E2,1.327152073356E2,-7.013177370992E1));
#346=LINE('',#345,#344);
#347=CURVE_STYLE('',#136,POSITIVE_LENGTH_MEASURE(2.E-2),#78);
#348=PRESENTATION_STYLE_ASSIGNMENT((#347));
#349=STYLED_ITEM('',(#348),#346);
#350=DIRECTION('',(4.226182617410E-1,-4.667830179114E-1,-7.768573994193E-1));
#351=VECTOR('',#350,2.026196841356E0);
#352=CARTESIAN_POINT('',(-1.073063069870E2,1.324522469518E2,-7.056941328123E1));
#353=LINE('',#352,#351);
#354=CURVE_STYLE('',#136,POSITIVE_LENGTH_MEASURE(2.E-2),#78);
#355=PRESENTATION_STYLE_ASSIGNMENT((#354));
#356=STYLED_ITEM('',(#355),#353);
#357=DIRECTION('',(2.069701285626E-14,8.571673007021E-1,-5.150380749101E-1));
#358=VECTOR('',#357,6.866138033491E-1);
#359=CARTESIAN_POINT('',(-1.064499992E2,1.315064526754E2,-7.214347929012E1));
#360=LINE('',#359,#358);
#361=CURVE_STYLE('',#136,POSITIVE_LENGTH_MEASURE(2.E-2),#78);
#362=PRESENTATION_STYLE_ASSIGNMENT((#361));
#363=STYLED_ITEM('',(#362),#360);
#364=DIRECTION('',(-2.793390511396E-1,9.517577572857E-1,1.269915979699E-1));
#365=VECTOR('',#364,1.249004736083E0);
#366=CARTESIAN_POINT('',(-1.064499992E2,1.320949955758E2,-7.249711154160E1));
#367=LINE('',#366,#365);
#368=CURVE_STYLE('',#136,POSITIVE_LENGTH_MEASURE(2.E-2),#78);
#369=PRESENTATION_STYLE_ASSIGNMENT((#368));
#370=STYLED_ITEM('',(#369),#367);
#371=CARTESIAN_POINT('',(-1.067988949978E2,1.332837455223E2,-7.233849843430E1));
#372=CARTESIAN_POINT('',(-1.068229237366E2,1.333656157025E2,-7.232757461998E1));
#373=CARTESIAN_POINT('',(-1.068749986401E2,1.335157577878E2,-7.228750531224E1));
#374=CARTESIAN_POINT('',(-1.069913608678E2,1.337747050782E2,-7.215197530708E1));
#375=CARTESIAN_POINT('',(-1.070906167529E2,1.339283511039E2,-7.199597148004E1));
#376=CARTESIAN_POINT('',(-1.071633239791E2,1.340086564327E2,-7.186232096896E1));
#378=CURVE_STYLE('',#136,POSITIVE_LENGTH_MEASURE(2.E-2),#78);
#379=PRESENTATION_STYLE_ASSIGNMENT((#378));
#380=STYLED_ITEM('',(#379),#377);
#381=DIRECTION('',(4.226182617410E-1,-4.667830179113E-1,-7.768573994194E-1));
#382=VECTOR('',#381,3.383266196602E-1);
#383=CARTESIAN_POINT('',(-1.073063069870E2,1.341665815533E2,-7.159948943105E1));
#384=LINE('',#383,#382);
#385=CURVE_STYLE('',#136,POSITIVE_LENGTH_MEASURE(2.E-2),#78);
#386=PRESENTATION_STYLE_ASSIGNMENT((#385));
#387=STYLED_ITEM('',(#386),#384);
#388=DIRECTION('',(-1.E0,-1.100979528896E-13,-5.504897644480E-14));
#389=VECTOR('',#388,1.548895797848E0);
#390=CARTESIAN_POINT('',(-9.920110340215E1,1.332837455223E2,-7.233849843430E1));
#391=LINE('',#390,#389);
#392=CURVE_STYLE('',#136,POSITIVE_LENGTH_MEASURE(2.E-2),#78);
#393=PRESENTATION_STYLE_ASSIGNMENT((#392));
#394=STYLED_ITEM('',(#393),#391);
#395=DIRECTION('',(-4.684301359239E-14,-9.912155402500E-1,-1.322563902686E-1));
#396=VECTOR('',#395,3.943834888702E0);
#397=CARTESIAN_POINT('',(-1.007499992E2,1.332837455223E2,-7.233849843430E1));
#398=LINE('',#397,#396);
#399=CURVE_STYLE('',#136,POSITIVE_LENGTH_MEASURE(2.E-2),#78);
#400=PRESENTATION_STYLE_ASSIGNMENT((#399));
#401=STYLED_ITEM('',(#400),#398);
#402=DIRECTION('',(-1.E0,7.105427357590E-14,-3.552713678795E-14));
#403=VECTOR('',#402,1.200000000002E0);
#404=CARTESIAN_POINT('',(-9.95499992E1,1.293745550924E2,-7.286009580049E1));
#405=LINE('',#404,#403);
#406=CURVE_STYLE('',#136,POSITIVE_LENGTH_MEASURE(2.E-2),#78);
#407=PRESENTATION_STYLE_ASSIGNMENT((#406));
#408=STYLED_ITEM('',(#407),#405);
#409=DIRECTION('',(-1.E0,4.736951571734E-14,-3.552713678800E-14));
#410=VECTOR('',#409,1.2E0);
#411=CARTESIAN_POINT('',(-1.052499992E2,1.293745550924E2,-7.286009580049E1));
#412=LINE('',#411,#410);
#413=CURVE_STYLE('',#136,POSITIVE_LENGTH_MEASURE(2.E-2),#78);
#414=PRESENTATION_STYLE_ASSIGNMENT((#413));
#415=STYLED_ITEM('',(#414),#412);
#416=DIRECTION('',(0.E0,9.912155402500E-1,1.322563902687E-1));
#417=VECTOR('',#416,3.943834888702E0);
#418=CARTESIAN_POINT('',(-1.052499992E2,1.293745550924E2,-7.286009580049E1));
#419=LINE('',#418,#417);
#420=CURVE_STYLE('',#136,POSITIVE_LENGTH_MEASURE(2.E-2),#78);
#421=PRESENTATION_STYLE_ASSIGNMENT((#420));
#422=STYLED_ITEM('',(#421),#419);
#423=DIRECTION('',(1.E0,3.669931762992E-14,1.834965881496E-14));
#424=VECTOR('',#423,1.548895797846E0);
#425=CARTESIAN_POINT('',(-1.067988949978E2,1.332837455223E2,-7.233849843430E1));
#426=LINE('',#425,#424);
#427=CURVE_STYLE('',#136,POSITIVE_LENGTH_MEASURE(2.E-2),#78);
#428=PRESENTATION_STYLE_ASSIGNMENT((#427));
#429=STYLED_ITEM('',(#428),#426);
#430=CARTESIAN_POINT('',(-9.95499992E1,1.329723575258E2,-7.028628513239E1));
#431=DIRECTION('',(1.E0,0.E0,0.E0));
#432=DIRECTION('',(0.E0,5.150380749100E-1,8.571673007021E-1));
#433=AXIS2_PLACEMENT_3D('',#430,#431,#432);
#435=CURVE_STYLE('',#136,POSITIVE_LENGTH_MEASURE(2.E-2),#78);
#436=PRESENTATION_STYLE_ASSIGNMENT((#435));
#437=STYLED_ITEM('',(#436),#434);
#438=DIRECTION('',(1.241820771376E-13,8.571673007021E-1,-5.150380749100E-1));
#439=VECTOR('',#438,6.866138033488E-1);
#440=CARTESIAN_POINT('',(-9.95499992E1,1.315064526754E2,-7.214347929012E1));
#441=LINE('',#440,#439);
#442=CURVE_STYLE('',#136,POSITIVE_LENGTH_MEASURE(2.E-2),#78);
#443=PRESENTATION_STYLE_ASSIGNMENT((#442));
#444=STYLED_ITEM('',(#443),#441);
#445=DIRECTION('',(-4.660060790843E-14,-9.912155402500E-1,-1.322563902686E-1));
#446=VECTOR('',#445,2.744549871283E0);
#447=CARTESIAN_POINT('',(-9.95499992E1,1.320949955758E2,-7.249711154160E1));
#448=LINE('',#447,#446);
#449=CURVE_STYLE('',#136,POSITIVE_LENGTH_MEASURE(2.E-2),#78);
#450=PRESENTATION_STYLE_ASSIGNMENT((#449));
#451=STYLED_ITEM('',(#450),#448);
#452=CARTESIAN_POINT('',(-9.95499992E1,1.293547166338E2,-7.271141346945E1));
#453=DIRECTION('',(1.E0,-1.868992135012E-14,3.308621211980E-14));
#454=DIRECTION('',(0.E0,-8.689827265906E-1,-4.948424202583E-1));
#455=AXIS2_PLACEMENT_3D('',#452,#453,#454);
#457=CURVE_STYLE('',#136,POSITIVE_LENGTH_MEASURE(2.E-2),#78);
#458=PRESENTATION_STYLE_ASSIGNMENT((#457));
#459=STYLED_ITEM('',(#458),#456);
#460=DIRECTION('',(0.E0,-4.948424202581E-1,8.689827265907E-1));
#461=VECTOR('',#460,7.215375453618E-2);
#462=CARTESIAN_POINT('',(-9.95499992E1,1.292243692249E2,-7.278563983249E1));
#463=LINE('',#462,#461);
#464=CURVE_STYLE('',#136,POSITIVE_LENGTH_MEASURE(2.E-2),#78);
#465=PRESENTATION_STYLE_ASSIGNMENT((#464));
#466=STYLED_ITEM('',(#465),#463);
#467=CARTESIAN_POINT('',(-9.95499992E1,1.293190118953E2,-7.264871310310E1));
#468=DIRECTION('',(1.E0,0.E0,0.E0));
#469=DIRECTION('',(0.E0,-7.819258417533E-1,6.233714606865E-1));
#470=AXIS2_PLACEMENT_3D('',#467,#468,#469);
#472=CURVE_STYLE('',#136,POSITIVE_LENGTH_MEASURE(2.E-2),#78);
#473=PRESENTATION_STYLE_ASSIGNMENT((#472));
#474=STYLED_ITEM('',(#473),#471);
#475=CARTESIAN_POINT('',(-9.95499992E1,1.279897379643E2,-7.158898161994E1));
#476=DIRECTION('',(1.E0,0.E0,0.E0));
#477=DIRECTION('',(0.E0,7.819258417537E-1,-6.233714606860E-1));
#478=AXIS2_PLACEMENT_3D('',#475,#476,#477);
#480=CURVE_STYLE('',#136,POSITIVE_LENGTH_MEASURE(2.E-2),#78);
#481=PRESENTATION_STYLE_ASSIGNMENT((#480));
#482=STYLED_ITEM('',(#481),#479);
#483=CARTESIAN_POINT('',(-9.95499992E1,1.263412089923E2,-7.200413487868E1));
#484=DIRECTION('',(1.E0,0.E0,0.E0));
#485=DIRECTION('',(0.E0,5.937471082682E-1,-8.046517081466E-1));
#486=AXIS2_PLACEMENT_3D('',#483,#484,#485);
#488=CURVE_STYLE('',#136,POSITIVE_LENGTH_MEASURE(2.E-2),#78);
#489=PRESENTATION_STYLE_ASSIGNMENT((#488));
#490=STYLED_ITEM('',(#489),#487);
#491=DIRECTION('',(0.E0,-8.046517081464E-1,-5.937471082683E-1));
#492=VECTOR('',#491,7.312586883233E-2);
#493=CARTESIAN_POINT('',(-9.95499992E1,1.264302710585E2,-7.212483263490E1));
#494=LINE('',#493,#492);
#495=CURVE_STYLE('',#136,POSITIVE_LENGTH_MEASURE(2.E-2),#78);
#496=PRESENTATION_STYLE_ASSIGNMENT((#495));
#497=STYLED_ITEM('',(#496),#494);
#498=CARTESIAN_POINT('',(-9.95499992E1,1.262823681370E2,-7.204755315184E1));
#499=DIRECTION('',(1.E0,0.E0,0.E0));
#500=DIRECTION('',(0.E0,-5.150380749103E-1,-8.571673007020E-1));
#501=AXIS2_PLACEMENT_3D('',#498,#499,#500);
#503=CURVE_STYLE('',#136,POSITIVE_LENGTH_MEASURE(2.E-2),#78);
#504=PRESENTATION_STYLE_ASSIGNMENT((#503));
#505=STYLED_ITEM('',(#504),#502);
#506=DIRECTION('',(-5.782754383574E-14,-8.571673007021E-1,5.150380749101E-1));
#507=VECTOR('',#506,1.474472589280E0);
#508=CARTESIAN_POINT('',(-9.95499992E1,1.262051124258E2,-7.217612824694E1));
#509=LINE('',#508,#507);
#510=CURVE_STYLE('',#136,POSITIVE_LENGTH_MEASURE(2.E-2),#78);
#511=PRESENTATION_STYLE_ASSIGNMENT((#510));
#512=STYLED_ITEM('',(#511),#509);
#513=DIRECTION('',(-2.593770252843E-13,5.150380749103E-1,8.571673007020E-1));
#514=VECTOR('',#513,1.862805928116E0);
#515=CARTESIAN_POINT('',(-9.95499992E1,1.249412427365E2,-7.141671872305E1));
#516=LINE('',#515,#514);
#517=CURVE_STYLE('',#136,POSITIVE_LENGTH_MEASURE(2.E-2),#78);
#518=PRESENTATION_STYLE_ASSIGNMENT((#517));
#519=STYLED_ITEM('',(#518),#516);
#520=DIRECTION('',(-3.045183153262E-14,-8.571673007021E-1,5.150380749101E-1));
#521=VECTOR('',#520,1.399999999998E0);
#522=CARTESIAN_POINT('',(-9.95499992E1,1.259006587156E2,-6.981998239392E1));
#523=LINE('',#522,#521);
#524=CURVE_STYLE('',#136,POSITIVE_LENGTH_MEASURE(2.E-2),#78);
#525=PRESENTATION_STYLE_ASSIGNMENT((#524));
#526=STYLED_ITEM('',(#525),#523);
#527=DIRECTION('',(2.909813321700E-13,-5.150380749098E-1,-8.571673007022E-1));
#528=VECTOR('',#527,1.562805928116E0);
#529=CARTESIAN_POINT('',(-9.95499992E1,1.247006244946E2,-6.909892908904E1));
#530=LINE('',#529,#528);
#531=CURVE_STYLE('',#136,POSITIVE_LENGTH_MEASURE(2.E-2),#78);
#532=PRESENTATION_STYLE_ASSIGNMENT((#531));
#533=STYLED_ITEM('',(#532),#530);
#534=DIRECTION('',(5.150829635951E-14,8.571673007021E-1,-5.150380749101E-1));
#535=VECTOR('',#534,2.207155851712E0);
#536=CARTESIAN_POINT('',(-9.95499992E1,1.220038181143E2,-6.930174592707E1));
#537=LINE('',#536,#535);
#538=CURVE_STYLE('',#136,POSITIVE_LENGTH_MEASURE(2.E-2),#78);
#539=PRESENTATION_STYLE_ASSIGNMENT((#538));
#540=STYLED_ITEM('',(#539),#537);
#541=CARTESIAN_POINT('',(-9.95499992E1,1.226912662894E2,-6.971480646315E1));
#542=DIRECTION('',(1.E0,0.E0,0.E0));
#543=DIRECTION('',(0.E0,-5.137288077593E-1,8.579526281084E-1));
#544=AXIS2_PLACEMENT_3D('',#541,#542,#543);
#546=CURVE_STYLE('',#136,POSITIVE_LENGTH_MEASURE(2.E-2),#78);
#547=PRESENTATION_STYLE_ASSIGNMENT((#546));
#548=STYLED_ITEM('',(#547),#545);
#549=CARTESIAN_POINT('',(-9.95499992E1,1.257222662552E2,-7.477672696899E1));
#550=DIRECTION('',(1.E0,0.E0,0.E0));
#551=DIRECTION('',(0.E0,-1.322563902572E-1,9.912155402515E-1));
#552=AXIS2_PLACEMENT_3D('',#549,#550,#551);
#554=CURVE_STYLE('',#136,POSITIVE_LENGTH_MEASURE(2.E-2),#78);
#555=PRESENTATION_STYLE_ASSIGNMENT((#554));
#556=STYLED_ITEM('',(#555),#553);
#557=DIRECTION('',(-5.347897836020E-14,-9.912155402515E-1,-1.322563902572E-1));
#558=VECTOR('',#557,2.125822915985E0);
#559=CARTESIAN_POINT('',(-9.95499992E1,1.269430326378E2,-6.785244675303E1));
#560=LINE('',#559,#558);
#561=CURVE_STYLE('',#136,POSITIVE_LENGTH_MEASURE(2.E-2),#78);
#562=PRESENTATION_STYLE_ASSIGNMENT((#561));
#563=STYLED_ITEM('',(#562),#560);
#564=CARTESIAN_POINT('',(-9.95499992E1,1.266388429402E2,-6.557265101045E1));
#565=DIRECTION('',(-1.E0,0.E0,0.E0));
#566=DIRECTION('',(0.E0,8.571673007021E-1,-5.150380749100E-1));
#567=AXIS2_PLACEMENT_3D('',#564,#565,#566);
#569=CURVE_STYLE('',#136,POSITIVE_LENGTH_MEASURE(2.E-2),#78);
#570=PRESENTATION_STYLE_ASSIGNMENT((#569));
#571=STYLED_ITEM('',(#570),#568);
#572=DIRECTION('',(0.E0,-5.150380749101E-1,-8.571673007021E-1));
#573=VECTOR('',#572,2.903875751274E1);
#574=CARTESIAN_POINT('',(-9.95499992E1,1.435663934990E2,-4.186616518980E1));
#575=LINE('',#574,#573);
#576=CURVE_STYLE('',#136,POSITIVE_LENGTH_MEASURE(2.E-2),#78);
#577=PRESENTATION_STYLE_ASSIGNMENT((#576));
#578=STYLED_ITEM('',(#577),#575);
#579=CARTESIAN_POINT('',(-9.95499992E1,1.437378269591E2,-4.196917280478E1));
#580=DIRECTION('',(1.E0,-2.505333016260E-13,-4.172876581943E-13));
#581=DIRECTION('',(4.973799153960E-13,5.151521000102E-1,8.570987771868E-1));
#582=AXIS2_PLACEMENT_3D('',#579,#580,#581);
#584=CURVE_STYLE('',#136,POSITIVE_LENGTH_MEASURE(2.E-2),#78);
#585=PRESENTATION_STYLE_ASSIGNMENT((#584));
#586=STYLED_ITEM('',(#585),#583);
#587=DIRECTION('',(6.216165940180E-8,-8.571674607810E-1,5.150378084940E-1));
#588=VECTOR('',#587,1.607076054774E0);
#589=CARTESIAN_POINT('',(-9.954999919999E1,1.452183774423E2,-4.262545060517E1));
#590=LINE('',#589,#588);
#591=CURVE_STYLE('',#136,POSITIVE_LENGTH_MEASURE(2.E-2),#78);
#592=PRESENTATION_STYLE_ASSIGNMENT((#591));
#593=STYLED_ITEM('',(#592),#590);
#594=CARTESIAN_POINT('',(-9.95499992E1,1.452254838883E2,-4.426300734480E1));
#595=DIRECTION('',(-1.E0,0.E0,-4.596140083344E-14));
#596=DIRECTION('',(3.345716365703E-14,-5.150380749101E-1,-8.571673007021E-1));
#597=AXIS2_PLACEMENT_3D('',#594,#595,#596);
#599=CURVE_STYLE('',#136,POSITIVE_LENGTH_MEASURE(2.E-2),#78);
#600=PRESENTATION_STYLE_ASSIGNMENT((#599));
#601=STYLED_ITEM('',(#600),#598);
#602=DIRECTION('',(0.E0,-5.150380749101E-1,-8.571673007021E-1));
#603=VECTOR('',#602,1.483334350797E1);
#604=CARTESIAN_POINT('',(-9.95499992E1,1.458165621305E2,-4.560921278558E1));
#605=LINE('',#604,#603);
#606=CURVE_STYLE('',#136,POSITIVE_LENGTH_MEASURE(2.E-2),#78);
#607=PRESENTATION_STYLE_ASSIGNMENT((#606));
#608=STYLED_ITEM('',(#607),#605);
#609=CARTESIAN_POINT('',(-9.95499992E1,1.377417812476E2,-5.864578557316E1));
#610=CARTESIAN_POINT('',(-9.95499992E1,1.378365122604E2,-5.862216647892E1));
#611=CARTESIAN_POINT('',(-9.95499992E1,1.380024833338E2,-5.854318209050E1));
#612=CARTESIAN_POINT('',(-9.95499992E1,1.381265417258E2,-5.840755596395E1));
#613=CARTESIAN_POINT('',(-9.95499992E1,1.381768254457E2,-5.832386980069E1));
#615=CURVE_STYLE('',#136,POSITIVE_LENGTH_MEASURE(2.E-2),#78);
#616=PRESENTATION_STYLE_ASSIGNMENT((#615));
#617=STYLED_ITEM('',(#616),#614);
#618=DIRECTION('',(-2.000576986423E-14,-5.150380749101E-1,-8.571673007021E-1));
#619=VECTOR('',#618,7.813715889368E0);
#620=CARTESIAN_POINT('',(-9.95499992E1,1.365761254137E2,-5.893641621423E1));
#621=LINE('',#620,#619);
#622=CURVE_STYLE('',#136,POSITIVE_LENGTH_MEASURE(2.E-2),#78);
#623=PRESENTATION_STYLE_ASSIGNMENT((#622));
#624=STYLED_ITEM('',(#623),#621);
#625=DIRECTION('',(2.968427299840E-7,2.419216076224E-1,-9.702957980767E-1));
#626=VECTOR('',#625,1.419007385395E0);
#627=CARTESIAN_POINT('',(-9.95499992E1,1.321786666022E2,-6.813053165595E1));
#628=LINE('',#627,#626);
#629=CURVE_STYLE('',#136,POSITIVE_LENGTH_MEASURE(2.E-2),#78);
#630=PRESENTATION_STYLE_ASSIGNMENT((#629));
#631=STYLED_ITEM('',(#630),#628);
#632=CARTESIAN_POINT('',(-9.95499992E1,1.357219938631E2,-6.870954207066E1));
#633=DIRECTION('',(-1.E0,4.851019936113E-14,-2.914786841728E-14));
#634=DIRECTION('',(-3.878037974507E-14,-9.540403871653E-1,-2.996780600203E-1));
#635=AXIS2_PLACEMENT_3D('',#632,#633,#634);
#637=CURVE_STYLE('',#136,POSITIVE_LENGTH_MEASURE(2.E-2),#78);
#638=PRESENTATION_STYLE_ASSIGNMENT((#637));
#639=STYLED_ITEM('',(#638),#636);
#640=DIRECTION('',(7.071067810436E-1,-6.861087628032E-1,-1.710402461611E-1));
#641=VECTOR('',#640,4.242642577843E-1);
#642=CARTESIAN_POINT('',(-9.984999891241E1,1.328130465751E2,-6.943482229635E1));
#643=LINE('',#642,#641);
#644=CURVE_STYLE('',#136,POSITIVE_LENGTH_MEASURE(2.E-2),#78);
#645=PRESENTATION_STYLE_ASSIGNMENT((#644));
#646=STYLED_ITEM('',(#645),#643);
#647=DIRECTION('',(-7.071067811865E-1,6.861028631695E-1,1.710639095507E-1));
#648=VECTOR('',#647,4.242640687123E-1);
#649=CARTESIAN_POINT('',(-9.95499992E1,1.321786666022E2,-6.813053165595E1));
#650=LINE('',#649,#648);
#651=CURVE_STYLE('',#136,POSITIVE_LENGTH_MEASURE(2.E-2),#78);
#652=PRESENTATION_STYLE_ASSIGNMENT((#651));
#653=STYLED_ITEM('',(#652),#650);
#654=CARTESIAN_POINT('',(-9.95499992E1,1.353787019818E2,-6.733267354266E1));
#655=DIRECTION('',(-1.E0,4.851019936113E-14,-2.914786841728E-14));
#656=DIRECTION('',(-3.878037975646E-14,-9.702957262759E-1,-2.419218955999E-1));
#657=AXIS2_PLACEMENT_3D('',#654,#655,#656);
#659=CURVE_STYLE('',#136,POSITIVE_LENGTH_MEASURE(2.E-2),#78);
#660=PRESENTATION_STYLE_ASSIGNMENT((#659));
#661=STYLED_ITEM('',(#660),#658);
#662=DIRECTION('',(7.071067811865E-1,-6.061088109206E-1,3.641869153669E-1));
#663=VECTOR('',#662,4.242640687119E-1);
#664=CARTESIAN_POINT('',(-9.98499992E1,1.328089144144E2,-6.578858939406E1));
#665=LINE('',#664,#663);
#666=CURVE_STYLE('',#136,POSITIVE_LENGTH_MEASURE(2.E-2),#78);
#667=PRESENTATION_STYLE_ASSIGNMENT((#666));
#668=STYLED_ITEM('',(#667),#665);
#669=DIRECTION('',(-6.785983445458E-1,4.369030205599E-1,-5.904405451909E-1));
#670=VECTOR('',#669,4.420877274624E-1);
#671=CARTESIAN_POINT('',(-9.95499992E1,1.365761254137E2,-5.893641621423E1));
#672=LINE('',#671,#670);
#673=CURVE_STYLE('',#136,POSITIVE_LENGTH_MEASURE(2.E-2),#78);
#674=PRESENTATION_STYLE_ASSIGNMENT((#673));
#675=STYLED_ITEM('',(#674),#672);
#676=DIRECTION('',(-1.108858346209E-14,-5.150380749101E-1,-8.571673007021E-1));
#677=VECTOR('',#676,7.689451820671E0);
#678=CARTESIAN_POINT('',(-9.98499992E1,1.367692748772E2,-5.919744273306E1));
#679=LINE('',#678,#677);
#680=CURVE_STYLE('',#136,POSITIVE_LENGTH_MEASURE(2.E-2),#78);
#681=PRESENTATION_STYLE_ASSIGNMENT((#680));
#682=STYLED_ITEM('',(#681),#679);
#683=DIRECTION('',(-1.E0,0.E0,0.E0));
#684=VECTOR('',#683,4.000000000019E-1);
#685=CARTESIAN_POINT('',(-9.98499992E1,1.367692748772E2,-5.919744273306E1));
#686=LINE('',#685,#684);
#687=CURVE_STYLE('',#136,POSITIVE_LENGTH_MEASURE(2.E-2),#78);
#688=PRESENTATION_STYLE_ASSIGNMENT((#687));
#689=STYLED_ITEM('',(#688),#686);
#690=DIRECTION('',(0.E0,5.150380749101E-1,8.571673007021E-1));
#691=VECTOR('',#690,7.689451820671E0);
#692=CARTESIAN_POINT('',(-1.002499992E2,1.328089144144E2,-6.578858939406E1));
#693=LINE('',#692,#691);
#694=CURVE_STYLE('',#136,POSITIVE_LENGTH_MEASURE(2.E-2),#78);
#695=PRESENTATION_STYLE_ASSIGNMENT((#694));
#696=STYLED_ITEM('',(#695),#693);
#697=DIRECTION('',(-1.E0,7.105427357569E-14,-3.552713678785E-14));
#698=VECTOR('',#697,4.000000000018E-1);
#699=CARTESIAN_POINT('',(-9.98499992E1,1.328089144144E2,-6.578858939406E1));
#700=LINE('',#699,#698);
#701=CURVE_STYLE('',#136,POSITIVE_LENGTH_MEASURE(2.E-2),#78);
#702=PRESENTATION_STYLE_ASSIGNMENT((#701));
#703=STYLED_ITEM('',(#702),#700);
#704=DIRECTION('',(-1.E0,-7.105427357567E-14,0.E0));
#705=VECTOR('',#704,4.000000000019E-1);
#706=CARTESIAN_POINT('',(-9.98499992E1,1.378172141002E2,-5.893616213947E1));
#707=LINE('',#706,#705);
#708=CURVE_STYLE('',#136,POSITIVE_LENGTH_MEASURE(2.E-2),#78);
#709=PRESENTATION_STYLE_ASSIGNMENT((#708));
#710=STYLED_ITEM('',(#709),#707);
#711=DIRECTION('',(-1.E0,1.421085471520E-13,1.776356839400E-14));
#712=VECTOR('',#711,4.E-1);
#713=CARTESIAN_POINT('',(-1.057499992E2,1.378172141002E2,-5.893616213947E1));
#714=LINE('',#713,#712);
#715=CURVE_STYLE('',#136,POSITIVE_LENGTH_MEASURE(2.E-2),#78);
#716=PRESENTATION_STYLE_ASSIGNMENT((#715));
#717=STYLED_ITEM('',(#716),#714);
#718=DIRECTION('',(-5.263179884360E-14,-9.702957262760E-1,-2.419218955997E-1));
#719=VECTOR('',#718,1.080020445999E0);
#720=CARTESIAN_POINT('',(-9.98499992E1,1.378172141002E2,-5.893616213947E1));
#721=LINE('',#720,#719);
#722=CURVE_STYLE('',#136,POSITIVE_LENGTH_MEASURE(2.E-2),#78);
#723=PRESENTATION_STYLE_ASSIGNMENT((#722));
#724=STYLED_ITEM('',(#723),#721);
#725=DIRECTION('',(4.731664766139E-14,9.702957262760E-1,2.419218955997E-1));
#726=VECTOR('',#725,1.201340789559E0);
#727=CARTESIAN_POINT('',(-9.95499992E1,1.365761254137E2,-5.893641621423E1));
#728=LINE('',#727,#726);
#729=CURVE_STYLE('',#136,POSITIVE_LENGTH_MEASURE(2.E-2),#78);
#730=PRESENTATION_STYLE_ASSIGNMENT((#729));
#731=STYLED_ITEM('',(#730),#728);
#732=DIRECTION('',(-6.785983445458E-1,4.369030205601E-1,-5.904405451908E-1));
#733=VECTOR('',#732,4.317210847624E-1);
#734=CARTESIAN_POINT('',(-9.95499992E1,1.377417812476E2,-5.864578557316E1));
#735=LINE('',#734,#733);
#736=CURVE_STYLE('',#136,POSITIVE_LENGTH_MEASURE(2.E-2),#78);
#737=PRESENTATION_STYLE_ASSIGNMENT((#736));
#738=STYLED_ITEM('',(#737),#735);
#739=CARTESIAN_POINT('',(-9.98499992E1,1.378172141002E2,-5.893616213947E1));
#740=CARTESIAN_POINT('',(-9.98499992E1,1.378557799347E2,-5.892654659697E1));
#741=CARTESIAN_POINT('',(-9.984763800394E1,1.378935032615E2,-5.891470763442E1));
#742=CARTESIAN_POINT('',(-9.984296441342E1,1.379304014936E2,-5.890069120582E1));
#744=CURVE_STYLE('',#136,POSITIVE_LENGTH_MEASURE(2.E-2),#78);
#745=PRESENTATION_STYLE_ASSIGNMENT((#744));
#746=STYLED_ITEM('',(#745),#743);
#747=DIRECTION('',(-6.785983445458E-1,4.369030205599E-1,-5.904405451909E-1));
#748=VECTOR('',#747,4.317210847623E-1);
#749=CARTESIAN_POINT('',(-9.95499992E1,1.381768254457E2,-5.832386980069E1));
#750=LINE('',#749,#748);
#751=CURVE_STYLE('',#136,POSITIVE_LENGTH_MEASURE(2.E-2),#78);
#752=PRESENTATION_STYLE_ASSIGNMENT((#751));
#753=STYLED_ITEM('',(#752),#750);
#754=DIRECTION('',(5.030150757626E-14,-5.150380749101E-1,-8.571673007021E-1));
#755=VECTOR('',#754,1.638578271699E1);
#756=CARTESIAN_POINT('',(-9.98499992E1,1.468717614918E2,-4.443554734669E1));
#757=LINE('',#756,#755);
#758=CURVE_STYLE('',#136,POSITIVE_LENGTH_MEASURE(2.E-2),#78);
#759=PRESENTATION_STYLE_ASSIGNMENT((#758));
#760=STYLED_ITEM('',(#759),#757);
#761=CARTESIAN_POINT('',(-9.984296441342E1,1.383654456916E2,-5.857877543335E1));
#762=CARTESIAN_POINT('',(-9.984763800394E1,1.383896376680E2,-5.854758748565E1));
#763=CARTESIAN_POINT('',(-9.98499992E1,1.384119885575E2,-5.851497386652E1));
#764=CARTESIAN_POINT('',(-9.98499992E1,1.384324595053E2,-5.848090448811E1));
#766=CURVE_STYLE('',#136,POSITIVE_LENGTH_MEASURE(2.E-2),#78);
#767=PRESENTATION_STYLE_ASSIGNMENT((#766));
#768=STYLED_ITEM('',(#767),#765);
#769=DIRECTION('',(3.236155771180E-1,1.805413054259E-1,9.288044978798E-1));
#770=VECTOR('',#769,6.180172221007E-1);
#771=CARTESIAN_POINT('',(-9.95499992E1,1.458165621305E2,-4.560921278558E1));
#772=LINE('',#771,#770);
#773=CURVE_STYLE('',#136,POSITIVE_LENGTH_MEASURE(2.E-2),#78);
#774=PRESENTATION_STYLE_ASSIGNMENT((#773));
#775=STYLED_ITEM('',(#774),#772);
#776=DIRECTION('',(-5.921189464667E-14,-8.571673007020E-1,5.150380749102E-1));
#777=VECTOR('',#776,1.2E0);
#778=CARTESIAN_POINT('',(-9.95499992E1,1.458165621305E2,-4.560921278558E1));
#779=LINE('',#778,#777);
#780=CURVE_STYLE('',#136,POSITIVE_LENGTH_MEASURE(2.E-2),#78);
#781=PRESENTATION_STYLE_ASSIGNMENT((#780));
#782=STYLED_ITEM('',(#781),#779);
#783=DIRECTION('',(-3.420201433257E-1,-8.054737872488E-1,4.839774784167E-1));
#784=VECTOR('',#783,5.847608800294E-1);
#785=CARTESIAN_POINT('',(-9.93499992E1,1.449683336981E2,-4.410849592233E1));
#786=LINE('',#785,#784);
#787=CURVE_STYLE('',#136,POSITIVE_LENGTH_MEASURE(2.E-2),#78);
#788=PRESENTATION_STYLE_ASSIGNMENT((#787));
#789=STYLED_ITEM('',(#788),#786);
#790=DIRECTION('',(3.420201433256E-1,4.839774784169E-1,8.054737872487E-1));
#791=VECTOR('',#790,5.847608800294E-1);
#792=CARTESIAN_POINT('',(-9.95499992E1,1.447879613696E2,-4.499116709569E1));
#793=LINE('',#792,#791);
#794=CURVE_STYLE('',#136,POSITIVE_LENGTH_MEASURE(2.E-2),#78);
#795=PRESENTATION_STYLE_ASSIGNMENT((#794));
#796=STYLED_ITEM('',(#795),#793);
#797=DIRECTION('',(-3.236155771199E-1,-5.954558101917E-1,7.353266868231E-1));
#798=VECTOR('',#797,6.180172220806E-1);
#799=CARTESIAN_POINT('',(-9.93499992E1,1.455863793880E2,-4.307989516148E1));
#800=LINE('',#799,#798);
#801=CURVE_STYLE('',#136,POSITIVE_LENGTH_MEASURE(2.E-2),#78);
#802=PRESENTATION_STYLE_ASSIGNMENT((#801));
#803=STYLED_ITEM('',(#802),#800);
#804=DIRECTION('',(4.736951571733E-14,-5.150380749100E-1,-8.571673007021E-1));
#805=VECTOR('',#804,1.2E0);
#806=CARTESIAN_POINT('',(-9.93499992E1,1.455863793880E2,-4.307989516148E1));
#807=LINE('',#806,#805);
#808=CURVE_STYLE('',#136,POSITIVE_LENGTH_MEASURE(2.E-2),#78);
#809=PRESENTATION_STYLE_ASSIGNMENT((#808));
#810=STYLED_ITEM('',(#809),#807);
#811=DIRECTION('',(3.684671615485E-12,5.150380749188E-1,8.571673006968E-1));
#812=VECTOR('',#811,1.399999999984E0);
#813=CARTESIAN_POINT('',(-9.95499992E1,1.444973241374E2,-4.382548482613E1));
#814=LINE('',#813,#812);
#815=CURVE_STYLE('',#136,POSITIVE_LENGTH_MEASURE(2.E-2),#78);
#816=PRESENTATION_STYLE_ASSIGNMENT((#815));
#817=STYLED_ITEM('',(#816),#814);
#818=CARTESIAN_POINT('',(-9.954999910009E1,1.438408441411E2,-4.179774567584E1));
#819=CARTESIAN_POINT('',(-9.954999910009E1,1.438280768867E2,-4.179007433540E1));
#820=CARTESIAN_POINT('',(-9.954997896504E1,1.438039509030E2,-4.177560078959E1));
#821=CARTESIAN_POINT('',(-9.955026664915E1,1.437722103809E2,-4.175619381227E1));
#822=CARTESIAN_POINT('',(-9.955136971591E1,1.437452193031E2,-4.173868898857E1));
#823=CARTESIAN_POINT('',(-9.955351817138E1,1.437224669134E2,-4.172251153335E1));
#824=CARTESIAN_POINT('',(-9.955671493211E1,1.437034468532E2,-4.170735367513E1));
#825=CARTESIAN_POINT('',(-9.956095374433E1,1.436872766253E2,-4.169269248350E1));
#826=CARTESIAN_POINT('',(-9.956631055361E1,1.436732953488E2,-4.167804225202E1));
#827=CARTESIAN_POINT('',(-9.957298904180E1,1.436610728763E2,-4.166290690240E1));
#828=CARTESIAN_POINT('',(-9.958124525960E1,1.436505148966E2,-4.164693104871E1));
#829=CARTESIAN_POINT('',(-9.959174308103E1,1.436415409364E2,-4.162929184040E1));
#830=CARTESIAN_POINT('',(-9.960510420534E1,1.436349095099E2,-4.160971974351E1));
#831=CARTESIAN_POINT('',(-9.962070094274E1,1.436318514940E2,-4.158968662745E1));
#832=CARTESIAN_POINT('',(-9.963772421638E1,1.436326400189E2,-4.157030050145E1));
#833=CARTESIAN_POINT('',(-9.965636017576E1,1.436374086272E2,-4.155142443779E1));
#834=CARTESIAN_POINT('',(-9.967628459531E1,1.436463846271E2,-4.153357326938E1));
#835=CARTESIAN_POINT('',(-9.969724512048E1,1.436597554229E2,-4.151715400531E1));
#836=CARTESIAN_POINT('',(-9.971884479693E1,1.436776396614E2,-4.150270103599E1));
#837=CARTESIAN_POINT('',(-9.974062202051E1,1.437000576161E2,-4.149076506583E1));
#838=CARTESIAN_POINT('',(-9.976203743060E1,1.437269018155E2,-4.148191075548E1));
#839=CARTESIAN_POINT('',(-9.978249806198E1,1.437579196176E2,-4.147667807534E1));
#840=CARTESIAN_POINT('',(-9.980137306626E1,1.437926965071E2,-4.147555392832E1));
#841=CARTESIAN_POINT('',(-9.981801654899E1,1.438306370689E2,-4.147893407499E1));
#842=CARTESIAN_POINT('',(-9.983179647722E1,1.438709678929E2,-4.148709115438E1));
#843=CARTESIAN_POINT('',(-9.984213271697E1,1.439126821048E2,-4.150009697907E1));
#844=CARTESIAN_POINT('',(-9.984854814202E1,1.439547573962E2,-4.151789391554E1));
#845=CARTESIAN_POINT('',(-9.984999897611E1,1.439819147506E2,-4.153251910892E1));
#846=CARTESIAN_POINT('',(-9.984999920001E1,1.439953429341E2,-4.154058731433E1));
#848=CURVE_STYLE('',#136,POSITIVE_LENGTH_MEASURE(2.E-2),#78);
#849=PRESENTATION_STYLE_ASSIGNMENT((#848));
#850=STYLED_ITEM('',(#849),#847);
#851=DIRECTION('',(3.883657835537E-12,8.571673007100E-1,-5.150380748970E-1));
#852=VECTOR('',#851,2.956586572796E0);
#853=CARTESIAN_POINT('',(-9.984999920001E1,1.439953429341E2,-4.154058731433E1));
#854=LINE('',#853,#852);
#855=CURVE_STYLE('',#136,POSITIVE_LENGTH_MEASURE(2.E-2),#78);
#856=PRESENTATION_STYLE_ASSIGNMENT((#855));
#857=STYLED_ITEM('',(#856),#854);
#858=DIRECTION('',(-7.071067811864E-1,3.641869153316E-1,6.061088109419E-1));
#859=VECTOR('',#858,7.071067811862E-1);
#860=CARTESIAN_POINT('',(-9.93499992E1,1.462721132285E2,-4.349192562141E1));
#861=LINE('',#860,#859);
#862=CURVE_STYLE('',#136,POSITIVE_LENGTH_MEASURE(2.E-2),#78);
#863=PRESENTATION_STYLE_ASSIGNMENT((#862));
#864=STYLED_ITEM('',(#863),#861);
#865=CARTESIAN_POINT('',(-9.98499992E1,1.435663934990E2,-4.186616518980E1));
#866=DIRECTION('',(0.E0,-5.150380749101E-1,-8.571673007021E-1));
#867=DIRECTION('',(1.E0,-9.473903143468E-14,4.736951571734E-14));
#868=AXIS2_PLACEMENT_3D('',#865,#866,#867);
#870=CURVE_STYLE('',#136,POSITIVE_LENGTH_MEASURE(2.E-2),#78);
#871=PRESENTATION_STYLE_ASSIGNMENT((#870));
#872=STYLED_ITEM('',(#871),#869);
#873=CARTESIAN_POINT('',(-9.98499992E1,1.286103277319E2,-6.675723858274E1));
#874=DIRECTION('',(0.E0,-5.150380749101E-1,-8.571673007021E-1));
#875=DIRECTION('',(1.E0,9.473903143468E-14,-4.736951571734E-14));
#876=AXIS2_PLACEMENT_3D('',#873,#874,#875);
#878=CURVE_STYLE('',#136,POSITIVE_LENGTH_MEASURE(2.E-2),#78);
#879=PRESENTATION_STYLE_ASSIGNMENT((#878));
#880=STYLED_ITEM('',(#879),#877);
#881=CARTESIAN_POINT('',(-9.98499992E1,1.269430326378E2,-6.785244675303E1));
#882=DIRECTION('',(-4.580716439704E-14,-9.912155402515E-1,-1.322563902572E-1));
#883=DIRECTION('',(1.E0,-4.736951571734E-14,4.736951571734E-14));
#884=AXIS2_PLACEMENT_3D('',#881,#882,#883);
#886=CURVE_STYLE('',#136,POSITIVE_LENGTH_MEASURE(2.E-2),#78);
#887=PRESENTATION_STYLE_ASSIGNMENT((#886));
#888=STYLED_ITEM('',(#887),#885);
#889=CARTESIAN_POINT('',(-9.98499992E1,1.248358839277E2,-6.813360041822E1));
#890=DIRECTION('',(0.E0,-9.912155402515E-1,-1.322563902572E-1));
#891=DIRECTION('',(1.E0,0.E0,4.736951571734E-14));
#892=AXIS2_PLACEMENT_3D('',#889,#890,#891);
#894=CURVE_STYLE('',#136,POSITIVE_LENGTH_MEASURE(2.E-2),#78);
#895=PRESENTATION_STYLE_ASSIGNMENT((#894));
#896=STYLED_ITEM('',(#895),#893);
#897=CARTESIAN_POINT('',(-9.98499992E1,1.222792557856E2,-6.902672845548E1));
#898=DIRECTION('',(0.E0,-8.579526281085E-1,-5.137288077592E-1));
#899=DIRECTION('',(1.E0,-1.570773141187E-10,2.623323780426E-10));
#900=AXIS2_PLACEMENT_3D('',#897,#898,#899);
#902=CURVE_STYLE('',#136,POSITIVE_LENGTH_MEASURE(2.E-2),#78);
#903=PRESENTATION_STYLE_ASSIGNMENT((#902));
#904=STYLED_ITEM('',(#903),#901);
#905=CARTESIAN_POINT('',(-9.98499992E1,1.216278325097E2,-6.942582100310E1));
#906=CARTESIAN_POINT('',(-9.983943566278E1,1.216278325097E2,-6.942582100310E1));
#907=CARTESIAN_POINT('',(-9.981821941224E1,1.216291350912E2,-6.942529697605E1));
#908=CARTESIAN_POINT('',(-9.978659838411E1,1.216350346069E2,-6.942293144534E1));
#909=CARTESIAN_POINT('',(-9.975522333617E1,1.216450200962E2,-6.941895474826E1));
#910=CARTESIAN_POINT('',(-9.972453535872E1,1.216591865296E2,-6.941337215610E1));
#911=CARTESIAN_POINT('',(-9.969474889310E1,1.216777292187E2,-6.940617097342E1));
#912=CARTESIAN_POINT('',(-9.966620542077E1,1.217008890260E2,-6.939734830065E1));
#913=CARTESIAN_POINT('',(-9.963938755121E1,1.217288568646E2,-6.938695332447E1));
#914=CARTESIAN_POINT('',(-9.961480608431E1,1.217618444612E2,-6.937506595364E1));
#915=CARTESIAN_POINT('',(-9.959307392141E1,1.218000201033E2,-6.936182943228E1));
#916=CARTESIAN_POINT('',(-9.957490357385E1,1.218433638872E2,-6.934750018773E1));
#917=CARTESIAN_POINT('',(-9.956097482594E1,1.218919888145E2,-6.933234855432E1));
#918=CARTESIAN_POINT('',(-9.955211171664E1,1.219453394453E2,-6.931690127898E1));
#919=CARTESIAN_POINT('',(-9.95499992E1,1.219838848415E2,-6.930671585018E1));
#920=CARTESIAN_POINT('',(-9.95499992E1,1.220038181143E2,-6.930174592707E1));
#922=CURVE_STYLE('',#136,POSITIVE_LENGTH_MEASURE(2.E-2),#78);
#923=PRESENTATION_STYLE_ASSIGNMENT((#922));
#924=STYLED_ITEM('',(#923),#921);
#925=CARTESIAN_POINT('',(-9.98499992E1,1.226912662894E2,-6.971480646315E1));
#926=DIRECTION('',(1.E0,0.E0,0.E0));
#927=DIRECTION('',(0.E0,-5.137288077592E-1,8.579526281085E-1));
#928=AXIS2_PLACEMENT_3D('',#925,#926,#927);
#930=CURVE_STYLE('',#136,POSITIVE_LENGTH_MEASURE(2.E-2),#78);
#931=PRESENTATION_STYLE_ASSIGNMENT((#930));
#932=STYLED_ITEM('',(#931),#929);
#933=CARTESIAN_POINT('',(-1.061499992E2,1.226912662894E2,-6.971480646315E1));
#934=DIRECTION('',(-1.E0,0.E0,0.E0));
#935=DIRECTION('',(0.E0,-9.650034298863E-1,2.622372595716E-1));
#936=AXIS2_PLACEMENT_3D('',#933,#934,#935);
#938=CURVE_STYLE('',#136,POSITIVE_LENGTH_MEASURE(2.E-2),#78);
#939=PRESENTATION_STYLE_ASSIGNMENT((#938));
#940=STYLED_ITEM('',(#939),#937);
#941=DIRECTION('',(-1.E0,0.E0,0.E0));
#942=VECTOR('',#941,6.300000000001E0);
#943=CARTESIAN_POINT('',(-9.98499992E1,1.221251371433E2,-6.876934266699E1));
#944=LINE('',#943,#942);
#945=CURVE_STYLE('',#136,POSITIVE_LENGTH_MEASURE(2.E-2),#78);
#946=PRESENTATION_STYLE_ASSIGNMENT((#945));
#947=STYLED_ITEM('',(#946),#944);
#948=DIRECTION('',(5.906055118522E-14,8.571673007010E-1,-5.150380749119E-1));
#949=VECTOR('',#948,2.165535029223E0);
#950=CARTESIAN_POINT('',(-9.98499992E1,1.216278325097E2,-6.942582100310E1));
#951=LINE('',#950,#949);
#952=CURVE_STYLE('',#136,POSITIVE_LENGTH_MEASURE(2.E-2),#78);
#953=PRESENTATION_STYLE_ASSIGNMENT((#952));
#954=STYLED_ITEM('',(#953),#951);
#955=DIRECTION('',(1.E0,1.184237892932E-14,0.E0));
#956=VECTOR('',#955,1.200000000002E0);
#957=CARTESIAN_POINT('',(-1.007499992E2,1.262051124258E2,-7.217612824694E1));
#958=LINE('',#957,#956);
#959=CURVE_STYLE('',#136,POSITIVE_LENGTH_MEASURE(2.E-2),#78);
#960=PRESENTATION_STYLE_ASSIGNMENT((#959));
#961=STYLED_ITEM('',(#960),#958);
#962=DIRECTION('',(1.E0,0.E0,0.E0));
#963=VECTOR('',#962,4.499999999999E0);
#964=CARTESIAN_POINT('',(-1.052499992E2,1.225014966666E2,-6.995077138926E1));
#965=LINE('',#964,#963);
#966=CURVE_STYLE('',#136,POSITIVE_LENGTH_MEASURE(2.E-2),#78);
#967=PRESENTATION_STYLE_ASSIGNMENT((#966));
#968=STYLED_ITEM('',(#967),#965);
#969=DIRECTION('',(1.E0,1.184237892933E-14,0.E0));
#970=VECTOR('',#969,1.2E0);
#971=CARTESIAN_POINT('',(-1.064499992E2,1.262051124258E2,-7.217612824694E1));
#972=LINE('',#971,#970);
#973=CURVE_STYLE('',#136,POSITIVE_LENGTH_MEASURE(2.E-2),#78);
#974=PRESENTATION_STYLE_ASSIGNMENT((#973));
#975=STYLED_ITEM('',(#974),#972);
#976=DIRECTION('',(0.E0,-8.571673007021E-1,5.150380749101E-1));
#977=VECTOR('',#976,1.474472589279E0);
#978=CARTESIAN_POINT('',(-1.064499992E2,1.262051124258E2,-7.217612824694E1));
#979=LINE('',#978,#977);
#980=CURVE_STYLE('',#136,POSITIVE_LENGTH_MEASURE(2.E-2),#78);
#981=PRESENTATION_STYLE_ASSIGNMENT((#980));
#982=STYLED_ITEM('',(#981),#979);
#983=DIRECTION('',(0.E0,-8.571673007010E-1,5.150380749120E-1));
#984=VECTOR('',#983,2.165535029222E0);
#985=CARTESIAN_POINT('',(-1.061499992E2,1.234840583253E2,-7.054115399570E1));
#986=LINE('',#985,#984);
#987=CURVE_STYLE('',#136,POSITIVE_LENGTH_MEASURE(2.E-2),#78);
#988=PRESENTATION_STYLE_ASSIGNMENT((#987));
#989=STYLED_ITEM('',(#988),#986);
#990=DIRECTION('',(-1.E0,0.E0,0.E0));
#991=VECTOR('',#990,6.300000000001E0);
#992=CARTESIAN_POINT('',(-9.98499992E1,1.216278325097E2,-6.942582100310E1));
#993=LINE('',#992,#991);
#994=CURVE_STYLE('',#136,POSITIVE_LENGTH_MEASURE(2.E-2),#78);
#995=PRESENTATION_STYLE_ASSIGNMENT((#994));
#996=STYLED_ITEM('',(#995),#993);
#997=CARTESIAN_POINT('',(-9.95499992E1,1.238957199379E2,-7.043851522797E1));
#998=CARTESIAN_POINT('',(-9.95499992E1,1.238801772891E2,-7.046438253950E1));
#999=CARTESIAN_POINT('',(-9.955812675158E1,1.238480452159E2,-7.050207880279E1));
#1000=CARTESIAN_POINT('',(-9.958871410998E1,1.237819351686E2,
-7.055271585987E1));
#1001=CARTESIAN_POINT('',(-9.964531141251E1,1.236969325615E2,
-7.058429440432E1));
#1002=CARTESIAN_POINT('',(-9.973384455526E1,1.235922741779E2,
-7.058657889834E1));
#1003=CARTESIAN_POINT('',(-9.980732153047E1,1.235206402281E2,
-7.056313462046E1));
#1004=CARTESIAN_POINT('',(-9.98499992E1,1.234840583253E2,-7.054115399570E1));
#1006=CURVE_STYLE('',#136,POSITIVE_LENGTH_MEASURE(2.E-2),#78);
#1007=PRESENTATION_STYLE_ASSIGNMENT((#1006));
#1008=STYLED_ITEM('',(#1007),#1005);
#1009=DIRECTION('',(-7.071067811866E-1,-6.061088109378E-1,3.641869153382E-1));
#1010=VECTOR('',#1009,7.071067811846E-1);
#1011=CARTESIAN_POINT('',(-9.93499992E1,1.239126419756E2,-7.079867303316E1));
#1012=LINE('',#1011,#1010);
#1013=CURVE_STYLE('',#136,POSITIVE_LENGTH_MEASURE(2.E-2),#78);
#1014=PRESENTATION_STYLE_ASSIGNMENT((#1013));
#1015=STYLED_ITEM('',(#1014),#1012);
#1016=DIRECTION('',(-5.773502691892E-1,-1.975284006078E-1,7.922431429937E-1));
#1017=VECTOR('',#1016,3.464101615124E-1);
#1018=CARTESIAN_POINT('',(-9.93499992E1,1.247690503398E2,-6.937337016416E1));
#1019=LINE('',#1018,#1017);
#1020=CURVE_STYLE('',#136,POSITIVE_LENGTH_MEASURE(2.E-2),#78);
#1021=PRESENTATION_STYLE_ASSIGNMENT((#1020));
#1022=STYLED_ITEM('',(#1021),#1019);
#1023=DIRECTION('',(5.773502691891E-1,-7.922431429933E-1,-1.975284006097E-1));
#1024=VECTOR('',#1023,3.464101615124E-1);
#1025=CARTESIAN_POINT('',(-9.95499992E1,1.259006587156E2,-6.981998239392E1));
#1026=LINE('',#1025,#1024);
#1027=CURVE_STYLE('',#136,POSITIVE_LENGTH_MEASURE(2.E-2),#78);
#1028=PRESENTATION_STYLE_ASSIGNMENT((#1027));
#1029=STYLED_ITEM('',(#1028),#1026);
#1030=DIRECTION('',(-7.071067811865E-1,6.061088109378E-1,-3.641869153382E-1));
#1031=VECTOR('',#1030,2.828427124726E-1);
#1032=CARTESIAN_POINT('',(-9.93499992E1,1.247698092763E2,-7.131371110807E1));
#1033=LINE('',#1032,#1031);
#1034=CURVE_STYLE('',#136,POSITIVE_LENGTH_MEASURE(2.E-2),#78);
#1035=PRESENTATION_STYLE_ASSIGNMENT((#1034));
#1036=STYLED_ITEM('',(#1035),#1033);
#1037=DIRECTION('',(0.E0,-8.571673007021E-1,5.150380749101E-1));
#1038=VECTOR('',#1037,1.E0);
#1039=CARTESIAN_POINT('',(-9.93499992E1,1.256262176405E2,-6.988840823907E1));
#1040=LINE('',#1039,#1038);
#1041=CURVE_STYLE('',#136,POSITIVE_LENGTH_MEASURE(2.E-2),#78);
#1042=PRESENTATION_STYLE_ASSIGNMENT((#1041));
#1043=STYLED_ITEM('',(#1042),#1040);
#1044=DIRECTION('',(-1.709261973981E-14,5.150380749101E-1,8.571673007021E-1));
#1045=VECTOR('',#1044,1.662805928117E0);
#1046=CARTESIAN_POINT('',(-9.93499992E1,1.247698092763E2,-7.131371110807E1));
#1047=LINE('',#1046,#1045);
#1048=CURVE_STYLE('',#136,POSITIVE_LENGTH_MEASURE(2.E-2),#78);
#1049=PRESENTATION_STYLE_ASSIGNMENT((#1048));
#1050=STYLED_ITEM('',(#1049),#1047);
#1051=DIRECTION('',(0.E0,-8.571673007021E-1,5.150380749101E-1));
#1052=VECTOR('',#1051,1.E0);
#1053=CARTESIAN_POINT('',(-9.93499992E1,1.247698092763E2,-7.131371110807E1));
#1054=LINE('',#1053,#1052);
#1055=CURVE_STYLE('',#136,POSITIVE_LENGTH_MEASURE(2.E-2),#78);
#1056=PRESENTATION_STYLE_ASSIGNMENT((#1055));
#1057=STYLED_ITEM('',(#1056),#1054);
#1058=DIRECTION('',(0.E0,-5.150380749101E-1,-8.571673007021E-1));
#1059=VECTOR('',#1058,1.662805928117E0);
#1060=CARTESIAN_POINT('',(-9.93499992E1,1.247690503398E2,-6.937337016416E1));
#1061=LINE('',#1060,#1059);
#1062=CURVE_STYLE('',#136,POSITIVE_LENGTH_MEASURE(2.E-2),#78);
#1063=PRESENTATION_STYLE_ASSIGNMENT((#1062));
#1064=STYLED_ITEM('',(#1063),#1061);
#1065=DIRECTION('',(-1.E0,2.368475785867E-14,0.E0));
#1066=VECTOR('',#1065,1.2E0);
#1067=CARTESIAN_POINT('',(-1.052499992E2,1.264302710585E2,-7.212483263490E1));
#1068=LINE('',#1067,#1066);
#1069=CURVE_STYLE('',#136,POSITIVE_LENGTH_MEASURE(2.E-2),#78);
#1070=PRESENTATION_STYLE_ASSIGNMENT((#1069));
#1071=STYLED_ITEM('',(#1070),#1068);
#1072=DIRECTION('',(1.E0,2.368475785867E-14,0.E0));
#1073=VECTOR('',#1072,1.2E0);
#1074=CARTESIAN_POINT('',(-1.064499992E2,1.263714302032E2,-7.216825090806E1));
#1075=LINE('',#1074,#1073);
#1076=CURVE_STYLE('',#136,POSITIVE_LENGTH_MEASURE(2.E-2),#78);
#1077=PRESENTATION_STYLE_ASSIGNMENT((#1076));
#1078=STYLED_ITEM('',(#1077),#1075);
#1079=DIRECTION('',(-1.E0,2.368475785863E-14,2.368475785863E-14));
#1080=VECTOR('',#1079,1.200000000002E0);
#1081=CARTESIAN_POINT('',(-9.95499992E1,1.264302710585E2,-7.212483263490E1));
#1082=LINE('',#1081,#1080);
#1083=CURVE_STYLE('',#136,POSITIVE_LENGTH_MEASURE(2.E-2),#78);
#1084=PRESENTATION_STYLE_ASSIGNMENT((#1083));
#1085=STYLED_ITEM('',(#1084),#1082);
#1086=DIRECTION('',(1.E0,1.184237892932E-14,0.E0));
#1087=VECTOR('',#1086,1.200000000002E0);
#1088=CARTESIAN_POINT('',(-1.007499992E2,1.263714302032E2,-7.216825090806E1));
#1089=LINE('',#1088,#1087);
#1090=CURVE_STYLE('',#136,POSITIVE_LENGTH_MEASURE(2.E-2),#78);
#1091=PRESENTATION_STYLE_ASSIGNMENT((#1090));
#1092=STYLED_ITEM('',(#1091),#1089);
#1093=CARTESIAN_POINT('',(-1.052499992E2,1.331514891320E2,-7.134728289405E1));
#1094=DIRECTION('',(1.E0,0.E0,0.E0));
#1095=DIRECTION('',(0.E0,1.322563902670E-1,-9.912155402502E-1));
#1096=AXIS2_PLACEMENT_3D('',#1093,#1094,#1095);
#1098=CURVE_STYLE('',#136,POSITIVE_LENGTH_MEASURE(2.E-2),#78);
#1099=PRESENTATION_STYLE_ASSIGNMENT((#1098));
#1100=STYLED_ITEM('',(#1099),#1097);
#1101=CARTESIAN_POINT('',(-1.052499992E2,1.293547166339E2,-7.271141346945E1));
#1102=DIRECTION('',(1.E0,-1.868992135012E-14,3.308621211980E-14));
#1103=DIRECTION('',(0.E0,-8.689827265904E-1,-4.948424202587E-1));
#1104=AXIS2_PLACEMENT_3D('',#1101,#1102,#1103);
#1106=CURVE_STYLE('',#136,POSITIVE_LENGTH_MEASURE(2.E-2),#78);
#1107=PRESENTATION_STYLE_ASSIGNMENT((#1106));
#1108=STYLED_ITEM('',(#1107),#1105);
#1109=DIRECTION('',(0.E0,-4.948424202580E-1,8.689827265908E-1));
#1110=VECTOR('',#1109,7.215375453644E-2);
#1111=CARTESIAN_POINT('',(-1.052499992E2,1.292243692249E2,-7.278563983249E1));
#1112=LINE('',#1111,#1110);
#1113=CURVE_STYLE('',#136,POSITIVE_LENGTH_MEASURE(2.E-2),#78);
#1114=PRESENTATION_STYLE_ASSIGNMENT((#1113));
#1115=STYLED_ITEM('',(#1114),#1112);
#1116=CARTESIAN_POINT('',(-1.052499992E2,1.293190118953E2,-7.264871310310E1));
#1117=DIRECTION('',(1.E0,0.E0,0.E0));
#1118=DIRECTION('',(0.E0,-7.819258417522E-1,6.233714606879E-1));
#1119=AXIS2_PLACEMENT_3D('',#1116,#1117,#1118);
#1121=CURVE_STYLE('',#136,POSITIVE_LENGTH_MEASURE(2.E-2),#78);
#1122=PRESENTATION_STYLE_ASSIGNMENT((#1121));
#1123=STYLED_ITEM('',(#1122),#1120);
#1124=CARTESIAN_POINT('',(-1.052499992E2,1.279897379643E2,-7.158898161994E1));
#1125=DIRECTION('',(1.E0,0.E0,0.E0));
#1126=DIRECTION('',(0.E0,7.819258417538E-1,-6.233714606858E-1));
#1127=AXIS2_PLACEMENT_3D('',#1124,#1125,#1126);
#1129=CURVE_STYLE('',#136,POSITIVE_LENGTH_MEASURE(2.E-2),#78);
#1130=PRESENTATION_STYLE_ASSIGNMENT((#1129));
#1131=STYLED_ITEM('',(#1130),#1128);
#1132=CARTESIAN_POINT('',(-1.052499992E2,1.263412089923E2,-7.200413487868E1));
#1133=DIRECTION('',(1.E0,0.E0,0.E0));
#1134=DIRECTION('',(0.E0,5.937471082682E-1,-8.046517081466E-1));
#1135=AXIS2_PLACEMENT_3D('',#1132,#1133,#1134);
#1137=CURVE_STYLE('',#136,POSITIVE_LENGTH_MEASURE(2.E-2),#78);
#1138=PRESENTATION_STYLE_ASSIGNMENT((#1137));
#1139=STYLED_ITEM('',(#1138),#1136);
#1140=DIRECTION('',(0.E0,-8.046517081464E-1,-5.937471082683E-1));
#1141=VECTOR('',#1140,7.312586883233E-2);
#1142=CARTESIAN_POINT('',(-1.052499992E2,1.264302710585E2,-7.212483263490E1));
#1143=LINE('',#1142,#1141);
#1144=CURVE_STYLE('',#136,POSITIVE_LENGTH_MEASURE(2.E-2),#78);
#1145=PRESENTATION_STYLE_ASSIGNMENT((#1144));
#1146=STYLED_ITEM('',(#1145),#1143);
#1147=CARTESIAN_POINT('',(-1.052499992E2,1.262823681370E2,-7.204755315184E1));
#1148=DIRECTION('',(1.E0,0.E0,0.E0));
#1149=DIRECTION('',(0.E0,-5.150380749101E-1,-8.571673007021E-1));
#1150=AXIS2_PLACEMENT_3D('',#1147,#1148,#1149);
#1152=CURVE_STYLE('',#136,POSITIVE_LENGTH_MEASURE(2.E-2),#78);
#1153=PRESENTATION_STYLE_ASSIGNMENT((#1152));
#1154=STYLED_ITEM('',(#1153),#1151);
#1155=DIRECTION('',(0.E0,-8.571673007021E-1,5.150380749101E-1));
#1156=VECTOR('',#1155,4.320761835065E0);
#1157=CARTESIAN_POINT('',(-1.052499992E2,1.262051124258E2,-7.217612824694E1));
#1158=LINE('',#1157,#1156);
#1159=CURVE_STYLE('',#136,POSITIVE_LENGTH_MEASURE(2.E-2),#78);
#1160=PRESENTATION_STYLE_ASSIGNMENT((#1159));
#1161=STYLED_ITEM('',(#1160),#1158);
#1162=CARTESIAN_POINT('',(-1.052499992E2,1.257222662552E2,-7.477672696899E1));
#1163=DIRECTION('',(1.E0,0.E0,0.E0));
#1164=DIRECTION('',(0.E0,-1.322563902572E-1,9.912155402515E-1));
#1165=AXIS2_PLACEMENT_3D('',#1162,#1163,#1164);
#1167=CURVE_STYLE('',#136,POSITIVE_LENGTH_MEASURE(2.E-2),#78);
#1168=PRESENTATION_STYLE_ASSIGNMENT((#1167));
#1169=STYLED_ITEM('',(#1168),#1166);
#1170=CARTESIAN_POINT('',(-1.052499992E2,1.283832684156E2,-6.685318842336E1));
#1171=DIRECTION('',(1.E0,0.E0,0.E0));
#1172=DIRECTION('',(0.E0,1.322563902575E-1,-9.912155402515E-1));
#1173=AXIS2_PLACEMENT_3D('',#1170,#1171,#1172);
#1175=CURVE_STYLE('',#136,POSITIVE_LENGTH_MEASURE(2.E-2),#78);
#1176=PRESENTATION_STYLE_ASSIGNMENT((#1175));
#1177=STYLED_ITEM('',(#1176),#1174);
#1178=DIRECTION('',(0.E0,-9.912155402515E-1,-1.322563902572E-1));
#1179=VECTOR('',#1178,4.239607150199E-1);
#1180=CARTESIAN_POINT('',(-1.052499992E2,1.284493966107E2,-6.734879619349E1));
#1181=LINE('',#1180,#1179);
#1182=CURVE_STYLE('',#136,POSITIVE_LENGTH_MEASURE(2.E-2),#78);
#1183=PRESENTATION_STYLE_ASSIGNMENT((#1182));
#1184=STYLED_ITEM('',(#1183),#1181);
#1185=CARTESIAN_POINT('',(-1.052499992E2,1.266388429402E2,-6.557265101045E1));
#1186=DIRECTION('',(1.E0,0.E0,0.E0));
#1187=DIRECTION('',(0.E0,6.044857483994E-1,-7.966159551390E-1));
#1188=AXIS2_PLACEMENT_3D('',#1185,#1186,#1187);
#1190=CURVE_STYLE('',#136,POSITIVE_LENGTH_MEASURE(2.E-2),#78);
#1191=PRESENTATION_STYLE_ASSIGNMENT((#1190));
#1192=STYLED_ITEM('',(#1191),#1189);
#1193=DIRECTION('',(0.E0,5.150380749101E-1,8.571673007021E-1));
#1194=VECTOR('',#1193,2.903875751275E1);
#1195=CARTESIAN_POINT('',(-1.052499992E2,1.286103277319E2,-6.675723858274E1));
#1196=LINE('',#1195,#1194);
#1197=CURVE_STYLE('',#136,POSITIVE_LENGTH_MEASURE(2.E-2),#78);
#1198=PRESENTATION_STYLE_ASSIGNMENT((#1197));
#1199=STYLED_ITEM('',(#1198),#1196);
#1200=CARTESIAN_POINT('',(-1.052499992E2,1.437378269591E2,-4.196917280478E1));
#1201=DIRECTION('',(-1.E0,2.506052603533E-13,4.172310983541E-13));
#1202=DIRECTION('',(0.E0,-8.571673007018E-1,5.150380749106E-1));
#1203=AXIS2_PLACEMENT_3D('',#1200,#1201,#1202);
#1205=CURVE_STYLE('',#136,POSITIVE_LENGTH_MEASURE(2.E-2),#78);
#1206=PRESENTATION_STYLE_ASSIGNMENT((#1205));
#1207=STYLED_ITEM('',(#1206),#1204);
#1208=DIRECTION('',(-1.619318800979E-13,8.571673007021E-1,-5.150380749102E-1));
#1209=VECTOR('',#1208,2.632746814267E-1);
#1210=CARTESIAN_POINT('',(-1.052499992E2,1.438408345741E2,-4.179773934464E1));
#1211=LINE('',#1210,#1209);
#1212=CURVE_STYLE('',#136,POSITIVE_LENGTH_MEASURE(2.E-2),#78);
#1213=PRESENTATION_STYLE_ASSIGNMENT((#1212));
#1214=STYLED_ITEM('',(#1213),#1211);
#1215=DIRECTION('',(0.E0,-7.771459614570E-1,-6.293203910498E-1));
#1216=VECTOR('',#1215,4.826954760153E0);
#1217=CARTESIAN_POINT('',(-1.052499992E2,1.402506539102E2,-5.208168676608E1));
#1218=LINE('',#1217,#1216);
#1219=CURVE_STYLE('',#136,POSITIVE_LENGTH_MEASURE(2.E-2),#78);
#1220=PRESENTATION_STYLE_ASSIGNMENT((#1219));
#1221=STYLED_ITEM('',(#1220),#1218);
#1222=DIRECTION('',(0.E0,-8.571673007020E-1,5.150380749102E-1));
#1223=VECTOR('',#1222,5.683232548297E-1);
#1224=CARTESIAN_POINT('',(-1.052499992E2,1.364994055122E2,-5.511938782332E1));
#1225=LINE('',#1224,#1223);
#1226=CURVE_STYLE('',#136,POSITIVE_LENGTH_MEASURE(2.E-2),#78);
#1227=PRESENTATION_STYLE_ASSIGNMENT((#1226));
#1228=STYLED_ITEM('',(#1227),#1225);
#1229=DIRECTION('',(0.E0,-5.150380749101E-1,-8.571673007021E-1));
#1230=VECTOR('',#1229,1.200002756160E0);
#1231=CARTESIAN_POINT('',(-1.052499992E2,1.360122574020E2,-5.482667970822E1));
#1232=LINE('',#1231,#1230);
#1233=CURVE_STYLE('',#136,POSITIVE_LENGTH_MEASURE(2.E-2),#78);
#1234=PRESENTATION_STYLE_ASSIGNMENT((#1233));
#1235=STYLED_ITEM('',(#1234),#1232);
#1236=DIRECTION('',(0.E0,7.771459614570E-1,6.293203910498E-1));
#1237=VECTOR('',#1236,5.879328061992E0);
#1238=CARTESIAN_POINT('',(-1.052499992E2,1.366014364792E2,-5.658065750535E1));
#1239=LINE('',#1238,#1237);
#1240=CURVE_STYLE('',#136,POSITIVE_LENGTH_MEASURE(2.E-2),#78);
#1241=PRESENTATION_STYLE_ASSIGNMENT((#1240));
#1242=STYLED_ITEM('',(#1241),#1239);
#1243=DIRECTION('',(0.E0,1.908089953765E-1,9.816271834477E-1));
#1244=VECTOR('',#1243,5.279952435568E0);
#1245=CARTESIAN_POINT('',(-1.052499992E2,1.441133087691E2,-4.798307436883E1));
#1246=LINE('',#1245,#1244);
#1247=CURVE_STYLE('',#136,POSITIVE_LENGTH_MEASURE(2.E-2),#78);
#1248=PRESENTATION_STYLE_ASSIGNMENT((#1247));
#1249=STYLED_ITEM('',(#1248),#1246);
#1250=DIRECTION('',(8.463917451323E-14,8.571673007020E-1,-5.150380749102E-1));
#1251=VECTOR('',#1250,1.343194075030E0);
#1252=CARTESIAN_POINT('',(-1.052499992E2,1.451207711889E2,-4.280012953077E1));
#1253=LINE('',#1252,#1251);
#1254=CURVE_STYLE('',#136,POSITIVE_LENGTH_MEASURE(2.E-2),#78);
#1255=PRESENTATION_STYLE_ASSIGNMENT((#1254));
#1256=STYLED_ITEM('',(#1255),#1253);
#1257=CARTESIAN_POINT('',(-1.052499992E2,1.460145941911E2,-4.392050927176E1));
#1258=DIRECTION('',(-1.E0,0.E0,0.E0));
#1259=DIRECTION('',(0.E0,5.150380749097E-1,8.571673007023E-1));
#1260=AXIS2_PLACEMENT_3D('',#1257,#1258,#1259);
#1262=CURVE_STYLE('',#136,POSITIVE_LENGTH_MEASURE(2.E-2),#78);
#1263=PRESENTATION_STYLE_ASSIGNMENT((#1262));
#1264=STYLED_ITEM('',(#1263),#1261);
#1265=DIRECTION('',(0.E0,-5.150380749101E-1,-8.571673007021E-1));
#1266=VECTOR('',#1265,1.629999627937E1);
#1267=CARTESIAN_POINT('',(-1.052499992E2,1.464431778414E2,-4.417802830923E1));
#1268=LINE('',#1267,#1266);
#1269=CURVE_STYLE('',#136,POSITIVE_LENGTH_MEASURE(2.E-2),#78);
#1270=PRESENTATION_STYLE_ASSIGNMENT((#1269));
#1271=STYLED_ITEM('',(#1270),#1268);
#1272=CARTESIAN_POINT('',(-1.052499992E2,1.376130149386E2,-5.847176789394E1));
#1273=CARTESIAN_POINT('',(-1.052499992E2,1.377077459514E2,-5.844814879971E1));
#1274=CARTESIAN_POINT('',(-1.052499992E2,1.378737170248E2,-5.836916441128E1));
#1275=CARTESIAN_POINT('',(-1.052499992E2,1.379977754168E2,-5.823353828473E1));
#1276=CARTESIAN_POINT('',(-1.052499992E2,1.380480591367E2,-5.814985212147E1));
#1278=CURVE_STYLE('',#136,POSITIVE_LENGTH_MEASURE(2.E-2),#78);
#1279=PRESENTATION_STYLE_ASSIGNMENT((#1278));
#1280=STYLED_ITEM('',(#1279),#1277);
#1281=DIRECTION('',(3.239327380086E-14,5.150380749101E-1,8.571673007021E-1));
#1282=VECTOR('',#1281,7.896558601831E0);
#1283=CARTESIAN_POINT('',(-1.052499992E2,1.323803307640E2,-6.553107035658E1));
#1284=LINE('',#1283,#1282);
#1285=CURVE_STYLE('',#136,POSITIVE_LENGTH_MEASURE(2.E-2),#78);
#1286=PRESENTATION_STYLE_ASSIGNMENT((#1285));
#1287=STYLED_ITEM('',(#1286),#1284);
#1288=CARTESIAN_POINT('',(-1.052499992E2,1.353787019818E2,-6.733267354266E1));
#1289=DIRECTION('',(-1.E0,0.E0,0.E0));
#1290=DIRECTION('',(0.E0,-9.702957262760E-1,-2.419218955997E-1));
#1291=AXIS2_PLACEMENT_3D('',#1288,#1289,#1290);
#1293=CURVE_STYLE('',#136,POSITIVE_LENGTH_MEASURE(2.E-2),#78);
#1294=PRESENTATION_STYLE_ASSIGNMENT((#1293));
#1295=STYLED_ITEM('',(#1294),#1292);
#1296=DIRECTION('',(-9.013103417780E-14,-2.419218955997E-1,9.702957262760E-1));
#1297=VECTOR('',#1296,1.419019470968E0);
#1298=CARTESIAN_POINT('',(-1.052499992E2,1.323278994116E2,-6.955578486170E1));
#1299=LINE('',#1298,#1297);
#1300=CURVE_STYLE('',#136,POSITIVE_LENGTH_MEASURE(2.E-2),#78);
#1301=PRESENTATION_STYLE_ASSIGNMENT((#1300));
#1302=STYLED_ITEM('',(#1301),#1299);
#1303=CARTESIAN_POINT('',(-1.052499992E2,1.357219938631E2,-6.870954207066E1));
#1304=DIRECTION('',(-1.E0,0.E0,0.E0));
#1305=DIRECTION('',(0.E0,-9.327261703975E-1,-3.605854837007E-1));
#1306=AXIS2_PLACEMENT_3D('',#1303,#1304,#1305);
#1308=CURVE_STYLE('',#136,POSITIVE_LENGTH_MEASURE(2.E-2),#78);
#1309=PRESENTATION_STYLE_ASSIGNMENT((#1308));
#1310=STYLED_ITEM('',(#1309),#1307);
#1311=DIRECTION('',(0.E0,-3.605854837006E-1,9.327261703975E-1));
#1312=VECTOR('',#1311,3.358304796389E-1);
#1313=CARTESIAN_POINT('',(-1.052499992E2,1.325804133141E2,-7.028410797017E1));
#1314=LINE('',#1313,#1312);
#1315=CURVE_STYLE('',#136,POSITIVE_LENGTH_MEASURE(2.E-2),#78);
#1316=PRESENTATION_STYLE_ASSIGNMENT((#1315));
#1317=STYLED_ITEM('',(#1316),#1314);
#1318=DIRECTION('',(1.E0,-2.651647182335E-14,-4.640382569087E-14));
#1319=VECTOR('',#1318,2.143702195356E0);
#1320=CARTESIAN_POINT('',(-1.073937013954E2,1.343265343220E2,
-7.133328331988E1));
#1321=LINE('',#1320,#1319);
#1322=CURVE_STYLE('',#136,POSITIVE_LENGTH_MEASURE(2.E-2),#78);
#1323=PRESENTATION_STYLE_ASSIGNMENT((#1322));
#1324=STYLED_ITEM('',(#1323),#1321);
#1325=DIRECTION('',(0.E0,5.150380749101E-1,8.571673007021E-1));
#1326=VECTOR('',#1325,6.171929897956E-1);
#1327=CARTESIAN_POINT('',(-1.052499992E2,1.340086564327E2,-7.186232096896E1));
#1328=LINE('',#1327,#1326);
#1329=CURVE_STYLE('',#136,POSITIVE_LENGTH_MEASURE(2.E-2),#78);
#1330=PRESENTATION_STYLE_ASSIGNMENT((#1329));
#1331=STYLED_ITEM('',(#1330),#1328);
#1332=DIRECTION('',(-1.E0,-5.941847351853E-14,-8.912771027779E-14));
#1333=VECTOR('',#1332,1.913324779139E0);
#1334=CARTESIAN_POINT('',(-9.883667442086E1,1.340086564327E2,
-7.186232096896E1));
#1335=LINE('',#1334,#1333);
#1336=CURVE_STYLE('',#136,POSITIVE_LENGTH_MEASURE(2.E-2),#78);
#1337=PRESENTATION_STYLE_ASSIGNMENT((#1336));
#1338=STYLED_ITEM('',(#1337),#1335);
#1339=DIRECTION('',(4.226182617410E-1,4.667830179114E-1,7.768573994193E-1));
#1340=VECTOR('',#1339,3.383266196607E-1);
#1341=CARTESIAN_POINT('',(-9.883667442086E1,1.340086564327E2,
-7.186232096896E1));
#1342=LINE('',#1341,#1340);
#1343=CURVE_STYLE('',#136,POSITIVE_LENGTH_MEASURE(2.E-2),#78);
#1344=PRESENTATION_STYLE_ASSIGNMENT((#1343));
#1345=STYLED_ITEM('',(#1344),#1342);
#1346=DIRECTION('',(1.E0,2.651647182333E-14,3.314558977916E-14));
#1347=VECTOR('',#1346,2.143702195357E0);
#1348=CARTESIAN_POINT('',(-1.007499992E2,1.343265343220E2,-7.133328331988E1));
#1349=LINE('',#1348,#1347);
#1350=CURVE_STYLE('',#136,POSITIVE_LENGTH_MEASURE(2.E-2),#78);
#1351=PRESENTATION_STYLE_ASSIGNMENT((#1350));
#1352=STYLED_ITEM('',(#1351),#1349);
#1353=CARTESIAN_POINT('',(-1.052499992E2,1.343265343220E2,-7.133328331988E1));
#1354=CARTESIAN_POINT('',(-1.053211286492E2,1.343631686966E2,
-7.127231348190E1));
#1355=CARTESIAN_POINT('',(-1.054435447012E2,1.344021637763E2,
-7.115292943497E1));
#1356=CARTESIAN_POINT('',(-1.055666782995E2,1.343992860558E2,
-7.100754855808E1));
#1357=CARTESIAN_POINT('',(-1.056475263417E2,1.343664825539E2,
-7.089351819937E1));
#1358=CARTESIAN_POINT('',(-1.056982773640E2,1.343248059885E2,
-7.080926855501E1));
#1359=CARTESIAN_POINT('',(-1.057364366289E2,1.342613802386E2,
-7.072664064677E1));
#1360=CARTESIAN_POINT('',(-1.057499992E2,1.341985818950E2,-7.067308504678E1));
#1361=CARTESIAN_POINT('',(-1.057499992E2,1.341554697091E2,-7.064718063208E1));
#1363=CURVE_STYLE('',#136,POSITIVE_LENGTH_MEASURE(2.E-2),#78);
#1364=PRESENTATION_STYLE_ASSIGNMENT((#1363));
#1365=STYLED_ITEM('',(#1364),#1362);
#1366=DIRECTION('',(0.E0,-8.571673007021E-1,5.150380749101E-1));
#1367=VECTOR('',#1366,2.037083083403E0);
#1368=CARTESIAN_POINT('',(-1.052499992E2,1.343265343220E2,-7.133328331988E1));
#1369=LINE('',#1368,#1367);
#1370=CURVE_STYLE('',#136,POSITIVE_LENGTH_MEASURE(2.E-2),#78);
#1371=PRESENTATION_STYLE_ASSIGNMENT((#1370));
#1372=STYLED_ITEM('',(#1371),#1369);
#1373=DIRECTION('',(6.871840573928E-1,-5.559632916501E-1,-4.676354238109E-1));
#1374=VECTOR('',#1373,7.276071012140E-1);
#1375=CARTESIAN_POINT('',(-1.057499992E2,1.329849361531E2,-6.994385311503E1));
#1376=LINE('',#1375,#1374);
#1377=CURVE_STYLE('',#136,POSITIVE_LENGTH_MEASURE(2.E-2),#78);
#1378=PRESENTATION_STYLE_ASSIGNMENT((#1377));
#1379=STYLED_ITEM('',(#1378),#1376);
#1380=CARTESIAN_POINT('',(-1.061499992E2,1.329256808033E2,-6.979057735115E1));
#1381=CARTESIAN_POINT('',(-1.061499992E2,1.329322617071E2,-6.980760016929E1));
#1382=CARTESIAN_POINT('',(-1.061503325740E2,1.329454254932E2,
-6.984165092394E1));
#1383=CARTESIAN_POINT('',(-1.061518326521E2,1.329651741066E2,
-6.989273464584E1));
#1384=CARTESIAN_POINT('',(-1.061534995908E2,1.329783478090E2,
-6.992681105080E1));
#1385=CARTESIAN_POINT('',(-1.061544996007E2,1.329849361531E2,
-6.994385311503E1));
#1387=CURVE_STYLE('',#136,POSITIVE_LENGTH_MEASURE(2.E-2),#78);
#1388=PRESENTATION_STYLE_ASSIGNMENT((#1387));
#1389=STYLED_ITEM('',(#1388),#1386);
#1390=DIRECTION('',(1.E0,-7.026373615592E-14,0.E0));
#1391=VECTOR('',#1390,4.045004007093E-1);
#1392=CARTESIAN_POINT('',(-1.061544996007E2,1.329849361531E2,
-6.994385311503E1));
#1393=LINE('',#1392,#1391);
#1394=CURVE_STYLE('',#136,POSITIVE_LENGTH_MEASURE(2.E-2),#78);
#1395=PRESENTATION_STYLE_ASSIGNMENT((#1394));
#1396=STYLED_ITEM('',(#1395),#1393);
#1397=DIRECTION('',(-1.729541026027E-13,-3.605854837003E-1,9.327261703976E-1));
#1398=VECTOR('',#1397,1.643309352174E-1);
#1399=CARTESIAN_POINT('',(-1.057499992E2,1.329849361531E2,-6.994385311503E1));
#1400=LINE('',#1399,#1398);
#1401=CURVE_STYLE('',#136,POSITIVE_LENGTH_MEASURE(2.E-2),#78);
#1402=PRESENTATION_STYLE_ASSIGNMENT((#1401));
#1403=STYLED_ITEM('',(#1402),#1400);
#1404=DIRECTION('',(7.071067811865E-1,6.861026878065E-1,1.710646128947E-1));
#1405=VECTOR('',#1404,4.242640687119E-1);
#1406=CARTESIAN_POINT('',(-1.064499992E2,1.325219585569E2,-6.950740048258E1));
#1407=LINE('',#1406,#1405);
#1408=CURVE_STYLE('',#136,POSITIVE_LENGTH_MEASURE(2.E-2),#78);
#1409=PRESENTATION_STYLE_ASSIGNMENT((#1408));
#1410=STYLED_ITEM('',(#1409),#1407);
#1411=DIRECTION('',(0.E0,-8.571673007021E-1,5.150380749100E-1));
#1412=VECTOR('',#1411,6.431653219870E-1);
#1413=CARTESIAN_POINT('',(-1.064499992E2,1.331268689483E2,-7.002913494218E1));
#1414=LINE('',#1413,#1412);
#1415=CURVE_STYLE('',#136,POSITIVE_LENGTH_MEASURE(2.E-2),#78);
#1416=PRESENTATION_STYLE_ASSIGNMENT((#1415));
#1417=STYLED_ITEM('',(#1416),#1414);
#1418=DIRECTION('',(1.E0,2.991758887404E-14,-1.495879443702E-14));
#1419=VECTOR('',#1418,9.500000000023E-1);
#1420=CARTESIAN_POINT('',(-1.073999992E2,1.331268689483E2,-7.002913494218E1));
#1421=LINE('',#1420,#1419);
#1422=CURVE_STYLE('',#136,POSITIVE_LENGTH_MEASURE(2.E-2),#78);
#1423=PRESENTATION_STYLE_ASSIGNMENT((#1422));
#1424=STYLED_ITEM('',(#1423),#1421);
#1425=DIRECTION('',(0.E0,8.571673007021E-1,-5.150380749100E-1));
#1426=VECTOR('',#1425,1.2E0);
#1427=CARTESIAN_POINT('',(-1.073999992E2,1.331268689483E2,-7.002913494218E1));
#1428=LINE('',#1427,#1426);
#1429=CURVE_STYLE('',#136,POSITIVE_LENGTH_MEASURE(2.E-2),#78);
#1430=PRESENTATION_STYLE_ASSIGNMENT((#1429));
#1431=STYLED_ITEM('',(#1430),#1428);
#1432=DIRECTION('',(1.E0,-3.445055688529E-14,0.E0));
#1433=VECTOR('',#1432,1.650000000002E0);
#1434=CARTESIAN_POINT('',(-1.073999992E2,1.341554697091E2,-7.064718063208E1));
#1435=LINE('',#1434,#1433);
#1436=CURVE_STYLE('',#136,POSITIVE_LENGTH_MEASURE(2.E-2),#78);
#1437=PRESENTATION_STYLE_ASSIGNMENT((#1436));
#1438=STYLED_ITEM('',(#1437),#1435);
#1439=DIRECTION('',(2.081286762699E-14,-8.571673007021E-1,5.150380749100E-1));
#1440=VECTOR('',#1439,1.365583538981E0);
#1441=CARTESIAN_POINT('',(-1.057499992E2,1.341554697091E2,-7.064718063208E1));
#1442=LINE('',#1441,#1440);
#1443=CURVE_STYLE('',#136,POSITIVE_LENGTH_MEASURE(2.E-2),#78);
#1444=PRESENTATION_STYLE_ASSIGNMENT((#1443));
#1445=STYLED_ITEM('',(#1444),#1442);
#1446=CARTESIAN_POINT('',(-1.061544996007E2,1.329849361531E2,
-6.994385311503E1));
#1447=CARTESIAN_POINT('',(-1.061826625938E2,1.329425591737E2,
-6.991839045693E1));
#1448=CARTESIAN_POINT('',(-1.062420373478E2,1.328557154816E2,
-6.986620950233E1));
#1449=CARTESIAN_POINT('',(-1.063397912834E2,1.327201192509E2,
-6.978473506725E1));
#1450=CARTESIAN_POINT('',(-1.064121179079E2,1.326245124434E2,
-6.972728870168E1));
#1451=CARTESIAN_POINT('',(-1.064499992E2,1.325755686653E2,-6.969788031290E1));
#1453=CURVE_STYLE('',#136,POSITIVE_LENGTH_MEASURE(2.E-2),#78);
#1454=PRESENTATION_STYLE_ASSIGNMENT((#1453));
#1455=STYLED_ITEM('',(#1454),#1452);
#1456=DIRECTION('',(-1.E0,-2.991758887404E-14,-1.495879443702E-14));
#1457=VECTOR('',#1456,9.500000000023E-1);
#1458=CARTESIAN_POINT('',(-9.859999919999E1,1.331268689483E2,
-7.002913494218E1));
#1459=LINE('',#1458,#1457);
#1460=CURVE_STYLE('',#136,POSITIVE_LENGTH_MEASURE(2.E-2),#78);
#1461=PRESENTATION_STYLE_ASSIGNMENT((#1460));
#1462=STYLED_ITEM('',(#1461),#1459);
#1463=DIRECTION('',(8.838072719040E-14,8.571673007021E-1,-5.150380749101E-1));
#1464=VECTOR('',#1463,6.431653219865E-1);
#1465=CARTESIAN_POINT('',(-9.95499992E1,1.325755686653E2,-6.969788031290E1));
#1466=LINE('',#1465,#1464);
#1467=CURVE_STYLE('',#136,POSITIVE_LENGTH_MEASURE(2.E-2),#78);
#1468=PRESENTATION_STYLE_ASSIGNMENT((#1467));
#1469=STYLED_ITEM('',(#1468),#1466);
#1470=CARTESIAN_POINT('',(-9.95499992E1,1.325755686653E2,-6.969788031290E1));
#1471=CARTESIAN_POINT('',(-9.958867365153E1,1.326255372294E2,
-6.972790445527E1));
#1472=CARTESIAN_POINT('',(-9.966237937375E1,1.327230181845E2,
-6.978647692228E1));
#1473=CARTESIAN_POINT('',(-9.976156079006E1,1.328608056642E2,
-6.986926799263E1));
#1474=CARTESIAN_POINT('',(-9.982158790108E1,1.329488336190E2,
-6.992216052401E1));
#1475=CARTESIAN_POINT('',(-9.98499992E1,1.329917185389E2,-6.994792838357E1));
#1477=CURVE_STYLE('',#136,POSITIVE_LENGTH_MEASURE(2.E-2),#78);
#1478=PRESENTATION_STYLE_ASSIGNMENT((#1477));
#1479=STYLED_ITEM('',(#1478),#1476);
#1480=DIRECTION('',(-5.231095550088E-1,-7.305340733452E-1,4.389491555296E-1));
#1481=VECTOR('',#1480,9.284147122705E-3);
#1482=CARTESIAN_POINT('',(-1.002451425739E2,1.329917185389E2,
-6.994792838357E1));
#1483=LINE('',#1482,#1481);
#1484=CURVE_STYLE('',#136,POSITIVE_LENGTH_MEASURE(2.E-2),#78);
#1485=PRESENTATION_STYLE_ASSIGNMENT((#1484));
#1486=STYLED_ITEM('',(#1485),#1483);
#1487=DIRECTION('',(1.E0,-1.722527844263E-14,0.E0));
#1488=VECTOR('',#1487,1.650000000004E0);
#1489=CARTESIAN_POINT('',(-1.002499992E2,1.341554697091E2,-7.064718063208E1));
#1490=LINE('',#1489,#1488);
#1491=CURVE_STYLE('',#136,POSITIVE_LENGTH_MEASURE(2.E-2),#78);
#1492=PRESENTATION_STYLE_ASSIGNMENT((#1491));
#1493=STYLED_ITEM('',(#1492),#1490);
#1494=CARTESIAN_POINT('',(-1.073999992E2,1.329723575258E2,-7.028628513239E1));
#1495=DIRECTION('',(-1.E0,0.E0,0.E0));
#1496=DIRECTION('',(0.E0,-8.571673007021E-1,5.150380749100E-1));
#1497=AXIS2_PLACEMENT_3D('',#1494,#1495,#1496);
#1499=CURVE_STYLE('',#136,POSITIVE_LENGTH_MEASURE(2.E-2),#78);
#1500=PRESENTATION_STYLE_ASSIGNMENT((#1499));
#1501=STYLED_ITEM('',(#1500),#1498);
#1502=CARTESIAN_POINT('',(-1.073999992E2,1.338979506716E2,-7.107576428243E1));
#1503=DIRECTION('',(-1.E0,0.E0,0.E0));
#1504=DIRECTION('',(0.E0,5.150380749100E-1,8.571673007021E-1));
#1505=AXIS2_PLACEMENT_3D('',#1502,#1503,#1504);
#1507=CURVE_STYLE('',#136,POSITIVE_LENGTH_MEASURE(2.E-2),#78);
#1508=PRESENTATION_STYLE_ASSIGNMENT((#1507));
#1509=STYLED_ITEM('',(#1508),#1506);
#1510=CARTESIAN_POINT('',(-1.073999992E2,1.343733448642E2,-7.123068478364E1));
#1511=CARTESIAN_POINT('',(-1.073999992E2,1.343694333750E2,-7.124268770909E1));
#1512=CARTESIAN_POINT('',(-1.073995462374E2,1.343607345710E2,
-7.126630584967E1));
#1513=CARTESIAN_POINT('',(-1.073974542667E2,1.343450538119E2,
-7.130064430997E1));
#1514=CARTESIAN_POINT('',(-1.073951123192E2,1.343329786022E2,
-7.132255823649E1));
#1515=CARTESIAN_POINT('',(-1.073937013954E2,1.343265343220E2,
-7.133328331988E1));
#1517=CURVE_STYLE('',#136,POSITIVE_LENGTH_MEASURE(2.E-2),#78);
#1518=PRESENTATION_STYLE_ASSIGNMENT((#1517));
#1519=STYLED_ITEM('',(#1518),#1516);
#1520=DIRECTION('',(0.E0,-8.571673007020E-1,5.150380749102E-1));
#1521=VECTOR('',#1520,1.987282313500E0);
#1522=CARTESIAN_POINT('',(-1.073999992E2,1.343733448642E2,-7.123068478364E1));
#1523=LINE('',#1522,#1521);
#1524=CURVE_STYLE('',#136,POSITIVE_LENGTH_MEASURE(2.E-2),#78);
#1525=PRESENTATION_STYLE_ASSIGNMENT((#1524));
#1526=STYLED_ITEM('',(#1525),#1523);
#1527=CARTESIAN_POINT('',(-1.063999992E2,1.326699114478E2,-7.020715872659E1));
#1528=DIRECTION('',(0.E0,-8.571673007021E-1,5.150380749101E-1));
#1529=DIRECTION('',(-1.E0,1.136868377216E-13,2.131628207280E-13));
#1530=AXIS2_PLACEMENT_3D('',#1527,#1528,#1529);
#1532=CURVE_STYLE('',#136,POSITIVE_LENGTH_MEASURE(2.E-2),#78);
#1533=PRESENTATION_STYLE_ASSIGNMENT((#1532));
#1534=STYLED_ITEM('',(#1533),#1531);
#1535=DIRECTION('',(0.E0,8.571673007021E-1,-5.150380749101E-1));
#1536=VECTOR('',#1535,1.999999999999E0);
#1537=CARTESIAN_POINT('',(-1.073063069870E2,1.324522469518E2,
-7.056941328123E1));
#1538=LINE('',#1537,#1536);
#1539=CURVE_STYLE('',#136,POSITIVE_LENGTH_MEASURE(2.E-2),#78);
#1540=PRESENTATION_STYLE_ASSIGNMENT((#1539));
#1541=STYLED_ITEM('',(#1540),#1538);
#1542=CARTESIAN_POINT('',(-1.063999992E2,1.343842460492E2,-7.123723487641E1));
#1543=DIRECTION('',(0.E0,-8.571673007021E-1,5.150380749101E-1));
#1544=DIRECTION('',(-9.937021953533E-1,-5.771172720131E-2,-9.604844347211E-2));
#1545=AXIS2_PLACEMENT_3D('',#1542,#1543,#1544);
#1547=CURVE_STYLE('',#136,POSITIVE_LENGTH_MEASURE(2.E-2),#78);
#1548=PRESENTATION_STYLE_ASSIGNMENT((#1547));
#1549=STYLED_ITEM('',(#1548),#1546);
#1550=CARTESIAN_POINT('',(-9.859999919999E1,1.329723575258E2,
-7.028628513239E1));
#1551=DIRECTION('',(1.E0,0.E0,0.E0));
#1552=DIRECTION('',(0.E0,5.150380749099E-1,8.571673007022E-1));
#1553=AXIS2_PLACEMENT_3D('',#1550,#1551,#1552);
#1555=CURVE_STYLE('',#136,POSITIVE_LENGTH_MEASURE(2.E-2),#78);
#1556=PRESENTATION_STYLE_ASSIGNMENT((#1555));
#1557=STYLED_ITEM('',(#1556),#1554);
#1558=DIRECTION('',(0.E0,8.571673007021E-1,-5.150380749101E-1));
#1559=VECTOR('',#1558,1.199999999999E0);
#1560=CARTESIAN_POINT('',(-9.859999919999E1,1.331268689483E2,
-7.002913494218E1));
#1561=LINE('',#1560,#1559);
#1562=CURVE_STYLE('',#136,POSITIVE_LENGTH_MEASURE(2.E-2),#78);
#1563=PRESENTATION_STYLE_ASSIGNMENT((#1562));
#1564=STYLED_ITEM('',(#1563),#1561);
#1565=CARTESIAN_POINT('',(-9.859999919999E1,1.338979506716E2,
-7.107576428243E1));
#1566=DIRECTION('',(1.E0,0.E0,0.E0));
#1567=DIRECTION('',(0.E0,9.507883850881E-1,-3.098410024214E-1));
#1568=AXIS2_PLACEMENT_3D('',#1565,#1566,#1567);
#1570=CURVE_STYLE('',#136,POSITIVE_LENGTH_MEASURE(2.E-2),#78);
#1571=PRESENTATION_STYLE_ASSIGNMENT((#1570));
#1572=STYLED_ITEM('',(#1571),#1569);
#1573=CARTESIAN_POINT('',(-9.860629700464E1,1.343265343220E2,
-7.133328331988E1));
#1574=CARTESIAN_POINT('',(-9.860488608047E1,1.343329786038E2,
-7.132255823389E1));
#1575=CARTESIAN_POINT('',(-9.860254413254E1,1.343450538155E2,
-7.130064430365E1));
#1576=CARTESIAN_POINT('',(-9.860045216179E1,1.343607345795E2,
-7.126630582926E1));
#1577=CARTESIAN_POINT('',(-9.859999919999E1,1.343694333780E2,
-7.124268770004E1));
#1578=CARTESIAN_POINT('',(-9.859999919999E1,1.343733448642E2,
-7.123068478364E1));
#1580=CURVE_STYLE('',#136,POSITIVE_LENGTH_MEASURE(2.E-2),#78);
#1581=PRESENTATION_STYLE_ASSIGNMENT((#1580));
#1582=STYLED_ITEM('',(#1581),#1579);
#1583=CARTESIAN_POINT('',(-9.959999919999E1,1.343842460492E2,
-7.123723487641E1));
#1584=DIRECTION('',(0.E0,-8.571673007021E-1,5.150380749101E-1));
#1585=DIRECTION('',(9.063077870369E-1,-2.176644959485E-1,-3.622545546433E-1));
#1586=AXIS2_PLACEMENT_3D('',#1583,#1584,#1585);
#1588=CURVE_STYLE('',#136,POSITIVE_LENGTH_MEASURE(2.E-2),#78);
#1589=PRESENTATION_STYLE_ASSIGNMENT((#1588));
#1590=STYLED_ITEM('',(#1589),#1587);
#1591=CARTESIAN_POINT('',(-9.959999919999E1,1.326699114478E2,
-7.020715872659E1));
#1592=DIRECTION('',(0.E0,-8.571673007021E-1,5.150380749101E-1));
#1593=DIRECTION('',(9.063077870366E-1,-2.176644959488E-1,-3.622545546438E-1));
#1594=AXIS2_PLACEMENT_3D('',#1591,#1592,#1593);
#1596=CURVE_STYLE('',#136,POSITIVE_LENGTH_MEASURE(2.E-2),#78);
#1597=PRESENTATION_STYLE_ASSIGNMENT((#1596));
#1598=STYLED_ITEM('',(#1597),#1595);
#1599=DIRECTION('',(0.E0,8.571673007021E-1,-5.150380749101E-1));
#1600=VECTOR('',#1599,1.987282313500E0);
#1601=CARTESIAN_POINT('',(-9.859999919999E1,1.326699114478E2,
-7.020715872659E1));
#1602=LINE('',#1601,#1600);
#1603=CURVE_STYLE('',#136,POSITIVE_LENGTH_MEASURE(2.E-2),#78);
#1604=PRESENTATION_STYLE_ASSIGNMENT((#1603));
#1605=STYLED_ITEM('',(#1604),#1602);
#1606=DIRECTION('',(-2.793390511395E-1,-9.517577572857E-1,-1.269915979697E-1));
#1607=VECTOR('',#1606,1.249004736084E0);
#1608=CARTESIAN_POINT('',(-9.920110340215E1,1.332837455223E2,
-7.233849843430E1));
#1609=LINE('',#1608,#1607);
#1610=CURVE_STYLE('',#136,POSITIVE_LENGTH_MEASURE(2.E-2),#78);
#1611=PRESENTATION_STYLE_ASSIGNMENT((#1610));
#1612=STYLED_ITEM('',(#1611),#1609);
#1613=DIRECTION('',(4.226182617410E-1,4.667830179114E-1,7.768573994193E-1));
#1614=VECTOR('',#1613,2.026196841356E0);
#1615=CARTESIAN_POINT('',(-9.95499992E1,1.315064526754E2,-7.214347929012E1));
#1616=LINE('',#1615,#1614);
#1617=CURVE_STYLE('',#136,POSITIVE_LENGTH_MEASURE(2.E-2),#78);
#1618=PRESENTATION_STYLE_ASSIGNMENT((#1617));
#1619=STYLED_ITEM('',(#1618),#1616);
#1620=DIRECTION('',(3.552713678801E-14,8.571673007021E-1,-5.150380749100E-1));
#1621=VECTOR('',#1620,2.E0);
#1622=CARTESIAN_POINT('',(-9.869369141296E1,1.324522469518E2,
-7.056941328123E1));
#1623=LINE('',#1622,#1621);
#1624=CURVE_STYLE('',#136,POSITIVE_LENGTH_MEASURE(2.E-2),#78);
#1625=PRESENTATION_STYLE_ASSIGNMENT((#1624));
#1626=STYLED_ITEM('',(#1625),#1623);
#1627=CARTESIAN_POINT('',(-9.920110340215E1,1.332837455223E2,
-7.233849843430E1));
#1628=CARTESIAN_POINT('',(-9.917707466343E1,1.333656157025E2,
-7.232757461997E1));
#1629=CARTESIAN_POINT('',(-9.912499975994E1,1.335157577878E2,
-7.228750531224E1));
#1630=CARTESIAN_POINT('',(-9.900863753222E1,1.337747050782E2,
-7.215197530707E1));
#1631=CARTESIAN_POINT('',(-9.890938164707E1,1.339283511039E2,
-7.199597148004E1));
#1632=CARTESIAN_POINT('',(-9.883667442086E1,1.340086564327E2,
-7.186232096896E1));
#1634=CURVE_STYLE('',#136,POSITIVE_LENGTH_MEASURE(2.E-2),#78);
#1635=PRESENTATION_STYLE_ASSIGNMENT((#1634));
#1636=STYLED_ITEM('',(#1635),#1633);
#1637=DIRECTION('',(0.E0,5.150380749102E-1,8.571673007020E-1));
#1638=VECTOR('',#1637,2.346922915225E0);
#1639=CARTESIAN_POINT('',(-9.95499992E1,1.315064526754E2,-7.214347929012E1));
#1640=LINE('',#1639,#1638);
#1641=CURVE_STYLE('',#136,POSITIVE_LENGTH_MEASURE(2.E-2),#78);
#1642=PRESENTATION_STYLE_ASSIGNMENT((#1641));
#1643=STYLED_ITEM('',(#1642),#1640);
#1644=DIRECTION('',(-1.E0,-2.991758887404E-14,-1.495879443702E-14));
#1645=VECTOR('',#1644,9.500000000023E-1);
#1646=CARTESIAN_POINT('',(-9.859999919999E1,1.327152073356E2,
-7.013177370992E1));
#1647=LINE('',#1646,#1645);
#1648=CURVE_STYLE('',#136,POSITIVE_LENGTH_MEASURE(2.E-2),#78);
#1649=PRESENTATION_STYLE_ASSIGNMENT((#1648));
#1650=STYLED_ITEM('',(#1649),#1647);
#1651=DIRECTION('',(0.E0,-5.150380749098E-1,-8.571673007023E-1));
#1652=VECTOR('',#1651,8.794667809471E-2);
#1653=CARTESIAN_POINT('',(-9.859999919999E1,1.327152073356E2,
-7.013177370992E1));
#1654=LINE('',#1653,#1652);
#1655=CURVE_STYLE('',#136,POSITIVE_LENGTH_MEASURE(2.E-2),#78);
#1656=PRESENTATION_STYLE_ASSIGNMENT((#1655));
#1657=STYLED_ITEM('',(#1656),#1654);
#1658=CARTESIAN_POINT('',(-1.007499992E2,1.331514891320E2,-7.134728289405E1));
#1659=DIRECTION('',(-1.E0,-2.315905831645E-14,-3.868819431934E-14));
#1660=DIRECTION('',(0.E0,8.571673007019E-1,-5.150380749103E-1));
#1661=AXIS2_PLACEMENT_3D('',#1658,#1659,#1660);
#1663=CURVE_STYLE('',#136,POSITIVE_LENGTH_MEASURE(2.E-2),#78);
#1664=PRESENTATION_STYLE_ASSIGNMENT((#1663));
#1665=STYLED_ITEM('',(#1664),#1662);
#1666=DIRECTION('',(0.E0,5.150380749101E-1,8.571673007021E-1));
#1667=VECTOR('',#1666,6.171929897960E-1);
#1668=CARTESIAN_POINT('',(-1.007499992E2,1.340086564327E2,-7.186232096896E1));
#1669=LINE('',#1668,#1667);
#1670=CURVE_STYLE('',#136,POSITIVE_LENGTH_MEASURE(2.E-2),#78);
#1671=PRESENTATION_STYLE_ASSIGNMENT((#1670));
#1672=STYLED_ITEM('',(#1671),#1669);
#1673=DIRECTION('',(-8.463111942945E-14,-3.605854837006E-1,9.327261703975E-1));
#1674=VECTOR('',#1673,3.358304796393E-1);
#1675=CARTESIAN_POINT('',(-1.007499992E2,1.325804133141E2,-7.028410797017E1));
#1676=LINE('',#1675,#1674);
#1677=CURVE_STYLE('',#136,POSITIVE_LENGTH_MEASURE(2.E-2),#78);
#1678=PRESENTATION_STYLE_ASSIGNMENT((#1677));
#1679=STYLED_ITEM('',(#1678),#1676);
#1680=CARTESIAN_POINT('',(-1.007499992E2,1.357219938631E2,-6.870954207066E1));
#1681=DIRECTION('',(-1.E0,4.851019936113E-14,-2.914786841728E-14));
#1682=DIRECTION('',(-3.656309102384E-14,-9.327261703975E-1,-3.605854837005E-1));
#1683=AXIS2_PLACEMENT_3D('',#1680,#1681,#1682);
#1685=CURVE_STYLE('',#136,POSITIVE_LENGTH_MEASURE(2.E-2),#78);
#1686=PRESENTATION_STYLE_ASSIGNMENT((#1685));
#1687=STYLED_ITEM('',(#1686),#1684);
#1688=DIRECTION('',(6.008735611856E-14,-2.419218955997E-1,9.702957262760E-1));
#1689=VECTOR('',#1688,1.419019470968E0);
#1690=CARTESIAN_POINT('',(-1.007499992E2,1.323278994116E2,-6.955578486170E1));
#1691=LINE('',#1690,#1689);
#1692=CURVE_STYLE('',#136,POSITIVE_LENGTH_MEASURE(2.E-2),#78);
#1693=PRESENTATION_STYLE_ASSIGNMENT((#1692));
#1694=STYLED_ITEM('',(#1693),#1691);
#1695=CARTESIAN_POINT('',(-1.007499992E2,1.353787019818E2,-6.733267354266E1));
#1696=DIRECTION('',(-1.E0,4.851019936113E-14,-2.914786841728E-14));
#1697=DIRECTION('',(-4.062565670441E-14,-9.702957262759E-1,-2.419218955999E-1));
#1698=AXIS2_PLACEMENT_3D('',#1695,#1696,#1697);
#1700=CURVE_STYLE('',#136,POSITIVE_LENGTH_MEASURE(2.E-2),#78);
#1701=PRESENTATION_STYLE_ASSIGNMENT((#1700));
#1702=STYLED_ITEM('',(#1701),#1699);
#1703=DIRECTION('',(-1.079775793361E-14,5.150380749101E-1,8.571673007021E-1));
#1704=VECTOR('',#1703,7.896558601840E0);
#1705=CARTESIAN_POINT('',(-1.007499992E2,1.323803307640E2,-6.553107035659E1));
#1706=LINE('',#1705,#1704);
#1707=CURVE_STYLE('',#136,POSITIVE_LENGTH_MEASURE(2.E-2),#78);
#1708=PRESENTATION_STYLE_ASSIGNMENT((#1707));
#1709=STYLED_ITEM('',(#1708),#1706);
#1710=CARTESIAN_POINT('',(-1.007499992E2,1.380480591367E2,-5.814985212147E1));
#1711=CARTESIAN_POINT('',(-1.007499992E2,1.379977754168E2,-5.823353828473E1));
#1712=CARTESIAN_POINT('',(-1.007499992E2,1.378737170248E2,-5.836916441128E1));
#1713=CARTESIAN_POINT('',(-1.007499992E2,1.377077459514E2,-5.844814879971E1));
#1714=CARTESIAN_POINT('',(-1.007499992E2,1.376130149386E2,-5.847176789394E1));
#1716=CURVE_STYLE('',#136,POSITIVE_LENGTH_MEASURE(2.E-2),#78);
#1717=PRESENTATION_STYLE_ASSIGNMENT((#1716));
#1718=STYLED_ITEM('',(#1717),#1715);
#1719=DIRECTION('',(1.046198131948E-14,-5.150380749101E-1,-8.571673007021E-1));
#1720=VECTOR('',#1719,1.629999627937E1);
#1721=CARTESIAN_POINT('',(-1.007499992E2,1.464431778414E2,-4.417802830923E1));
#1722=LINE('',#1721,#1720);
#1723=CURVE_STYLE('',#136,POSITIVE_LENGTH_MEASURE(2.E-2),#78);
#1724=PRESENTATION_STYLE_ASSIGNMENT((#1723));
#1725=STYLED_ITEM('',(#1724),#1722);
#1726=CARTESIAN_POINT('',(-1.007499992E2,1.460145941911E2,-4.392050927176E1));
#1727=DIRECTION('',(-1.E0,4.851019936113E-14,-2.914786841728E-14));
#1728=DIRECTION('',(0.E0,5.150380749102E-1,8.571673007020E-1));
#1729=AXIS2_PLACEMENT_3D('',#1726,#1727,#1728);
#1731=CURVE_STYLE('',#136,POSITIVE_LENGTH_MEASURE(2.E-2),#78);
#1732=PRESENTATION_STYLE_ASSIGNMENT((#1731));
#1733=STYLED_ITEM('',(#1732),#1730);
#1734=DIRECTION('',(-1.481185553979E-13,8.571673007020E-1,-5.150380749102E-1));
#1735=VECTOR('',#1734,1.343194075032E0);
#1736=CARTESIAN_POINT('',(-1.007499992E2,1.451207711889E2,-4.280012953077E1));
#1737=LINE('',#1736,#1735);
#1738=CURVE_STYLE('',#136,POSITIVE_LENGTH_MEASURE(2.E-2),#78);
#1739=PRESENTATION_STYLE_ASSIGNMENT((#1738));
#1740=STYLED_ITEM('',(#1739),#1737);
#1741=DIRECTION('',(2.153179202067E-14,-1.908089953765E-1,-9.816271834477E-1));
#1742=VECTOR('',#1741,5.279952435566E0);
#1743=CARTESIAN_POINT('',(-1.007499992E2,1.451207711889E2,-4.280012953077E1));
#1744=LINE('',#1743,#1742);
#1745=CURVE_STYLE('',#136,POSITIVE_LENGTH_MEASURE(2.E-2),#78);
#1746=PRESENTATION_STYLE_ASSIGNMENT((#1745));
#1747=STYLED_ITEM('',(#1746),#1744);
#1748=DIRECTION('',(-1.933670591654E-14,-7.771459614570E-1,-6.293203910498E-1));
#1749=VECTOR('',#1748,5.879328061992E0);
#1750=CARTESIAN_POINT('',(-1.007499992E2,1.411705325386E2,-5.288067647027E1));
#1751=LINE('',#1750,#1749);
#1752=CURVE_STYLE('',#136,POSITIVE_LENGTH_MEASURE(2.E-2),#78);
#1753=PRESENTATION_STYLE_ASSIGNMENT((#1752));
#1754=STYLED_ITEM('',(#1753),#1751);
#1755=DIRECTION('',(0.E0,-5.150380749101E-1,-8.571673007021E-1));
#1756=VECTOR('',#1755,1.200002756160E0);
#1757=CARTESIAN_POINT('',(-1.007499992E2,1.360122574020E2,-5.482667970822E1));
#1758=LINE('',#1757,#1756);
#1759=CURVE_STYLE('',#136,POSITIVE_LENGTH_MEASURE(2.E-2),#78);
#1760=PRESENTATION_STYLE_ASSIGNMENT((#1759));
#1761=STYLED_ITEM('',(#1760),#1758);
#1762=DIRECTION('',(-7.501463961453E-14,-8.571673007020E-1,5.150380749102E-1));
#1763=VECTOR('',#1762,5.683232548297E-1);
#1764=CARTESIAN_POINT('',(-1.007499992E2,1.364994055122E2,-5.511938782332E1));
#1765=LINE('',#1764,#1763);
#1766=CURVE_STYLE('',#136,POSITIVE_LENGTH_MEASURE(2.E-2),#78);
#1767=PRESENTATION_STYLE_ASSIGNMENT((#1766));
#1768=STYLED_ITEM('',(#1767),#1765);
#1769=DIRECTION('',(-2.060843491379E-14,-7.771459614570E-1,-6.293203910498E-1));
#1770=VECTOR('',#1769,4.826954760152E0);
#1771=CARTESIAN_POINT('',(-1.007499992E2,1.402506539102E2,-5.208168676608E1));
#1772=LINE('',#1771,#1770);
#1773=CURVE_STYLE('',#136,POSITIVE_LENGTH_MEASURE(2.E-2),#78);
#1774=PRESENTATION_STYLE_ASSIGNMENT((#1773));
#1775=STYLED_ITEM('',(#1774),#1772);
#1776=DIRECTION('',(-1.987929324159E-14,1.908089953765E-1,9.816271834477E-1));
#1777=VECTOR('',#1776,5.718857121326E0);
#1778=CARTESIAN_POINT('',(-1.007499992E2,1.429752956401E2,-4.754712143828E1));
#1779=LINE('',#1778,#1777);
#1780=CURVE_STYLE('',#136,POSITIVE_LENGTH_MEASURE(2.E-2),#78);
#1781=PRESENTATION_STYLE_ASSIGNMENT((#1780));
#1782=STYLED_ITEM('',(#1781),#1779);
#1783=DIRECTION('',(-5.397729336582E-14,8.571673007021E-1,-5.150380749101E-1));
#1784=VECTOR('',#1783,2.632746814274E-1);
#1785=CARTESIAN_POINT('',(-1.007499992E2,1.438408345741E2,-4.179773934464E1));
#1786=LINE('',#1785,#1784);
#1787=CURVE_STYLE('',#136,POSITIVE_LENGTH_MEASURE(2.E-2),#78);
#1788=PRESENTATION_STYLE_ASSIGNMENT((#1787));
#1789=STYLED_ITEM('',(#1788),#1786);
#1790=CARTESIAN_POINT('',(-1.007499992E2,1.437378269591E2,-4.196917280478E1));
#1791=DIRECTION('',(-1.E0,2.505333016260E-13,4.172876581943E-13));
#1792=DIRECTION('',(0.E0,-8.571673007026E-1,5.150380749092E-1));
#1793=AXIS2_PLACEMENT_3D('',#1790,#1791,#1792);
#1795=CURVE_STYLE('',#136,POSITIVE_LENGTH_MEASURE(2.E-2),#78);
#1796=PRESENTATION_STYLE_ASSIGNMENT((#1795));
#1797=STYLED_ITEM('',(#1796),#1794);
#1798=DIRECTION('',(0.E0,5.150380749101E-1,8.571673007021E-1));
#1799=VECTOR('',#1798,2.903875751274E1);
#1800=CARTESIAN_POINT('',(-1.007499992E2,1.286103277319E2,-6.675723858274E1));
#1801=LINE('',#1800,#1799);
#1802=CURVE_STYLE('',#136,POSITIVE_LENGTH_MEASURE(2.E-2),#78);
#1803=PRESENTATION_STYLE_ASSIGNMENT((#1802));
#1804=STYLED_ITEM('',(#1803),#1801);
#1805=CARTESIAN_POINT('',(-1.007499992E2,1.266388429402E2,-6.557265101045E1));
#1806=DIRECTION('',(1.E0,0.E0,0.E0));
#1807=DIRECTION('',(0.E0,6.044857483994E-1,-7.966159551390E-1));
#1808=AXIS2_PLACEMENT_3D('',#1805,#1806,#1807);
#1810=CURVE_STYLE('',#136,POSITIVE_LENGTH_MEASURE(2.E-2),#78);
#1811=PRESENTATION_STYLE_ASSIGNMENT((#1810));
#1812=STYLED_ITEM('',(#1811),#1809);
#1813=DIRECTION('',(6.703854490168E-14,9.912155402515E-1,1.322563902572E-1));
#1814=VECTOR('',#1813,4.239607150198E-1);
#1815=CARTESIAN_POINT('',(-1.007499992E2,1.280291601616E2,-6.740486770727E1));
#1816=LINE('',#1815,#1814);
#1817=CURVE_STYLE('',#136,POSITIVE_LENGTH_MEASURE(2.E-2),#78);
#1818=PRESENTATION_STYLE_ASSIGNMENT((#1817));
#1819=STYLED_ITEM('',(#1818),#1816);
#1820=CARTESIAN_POINT('',(-1.007499992E2,1.283832684156E2,-6.685318842336E1));
#1821=DIRECTION('',(-1.E0,0.E0,0.E0));
#1822=DIRECTION('',(0.E0,8.571673007020E-1,-5.150380749103E-1));
#1823=AXIS2_PLACEMENT_3D('',#1820,#1821,#1822);
#1825=CURVE_STYLE('',#136,POSITIVE_LENGTH_MEASURE(2.E-2),#78);
#1826=PRESENTATION_STYLE_ASSIGNMENT((#1825));
#1827=STYLED_ITEM('',(#1826),#1824);
#1828=DIRECTION('',(7.105427357603E-14,8.571673007021E-1,-5.150380749101E-1));
#1829=VECTOR('',#1828,1.2E0);
#1830=CARTESIAN_POINT('',(-1.007499992E2,1.333637326950E2,-5.953510592377E1));
#1831=LINE('',#1830,#1829);
#1832=CURVE_STYLE('',#136,POSITIVE_LENGTH_MEASURE(2.E-2),#78);
#1833=PRESENTATION_STYLE_ASSIGNMENT((#1832));
#1834=STYLED_ITEM('',(#1833),#1831);
#1835=CARTESIAN_POINT('',(-1.007499992E2,1.257222662552E2,-7.477672696899E1));
#1836=DIRECTION('',(1.E0,0.E0,0.E0));
#1837=DIRECTION('',(0.E0,-1.322563902572E-1,9.912155402515E-1));
#1838=AXIS2_PLACEMENT_3D('',#1835,#1836,#1837);
#1840=CURVE_STYLE('',#136,POSITIVE_LENGTH_MEASURE(2.E-2),#78);
#1841=PRESENTATION_STYLE_ASSIGNMENT((#1840));
#1842=STYLED_ITEM('',(#1841),#1839);
#1843=DIRECTION('',(5.591248473772E-14,8.571673007021E-1,-5.150380749101E-1));
#1844=VECTOR('',#1843,4.320761835065E0);
#1845=CARTESIAN_POINT('',(-1.007499992E2,1.225014966666E2,-6.995077138926E1));
#1846=LINE('',#1845,#1844);
#1847=CURVE_STYLE('',#136,POSITIVE_LENGTH_MEASURE(2.E-2),#78);
#1848=PRESENTATION_STYLE_ASSIGNMENT((#1847));
#1849=STYLED_ITEM('',(#1848),#1846);
#1850=CARTESIAN_POINT('',(-1.007499992E2,1.262823681370E2,-7.204755315184E1));
#1851=DIRECTION('',(-1.E0,0.E0,0.E0));
#1852=DIRECTION('',(0.E0,5.937471082685E-1,-8.046517081463E-1));
#1853=AXIS2_PLACEMENT_3D('',#1850,#1851,#1852);
#1855=CURVE_STYLE('',#136,POSITIVE_LENGTH_MEASURE(2.E-2),#78);
#1856=PRESENTATION_STYLE_ASSIGNMENT((#1855));
#1857=STYLED_ITEM('',(#1856),#1854);
#1858=DIRECTION('',(0.E0,-8.046517081464E-1,-5.937471082684E-1));
#1859=VECTOR('',#1858,7.312586883237E-2);
#1860=CARTESIAN_POINT('',(-1.007499992E2,1.264302710585E2,-7.212483263490E1));
#1861=LINE('',#1860,#1859);
#1862=CURVE_STYLE('',#136,POSITIVE_LENGTH_MEASURE(2.E-2),#78);
#1863=PRESENTATION_STYLE_ASSIGNMENT((#1862));
#1864=STYLED_ITEM('',(#1863),#1861);
#1865=CARTESIAN_POINT('',(-1.007499992E2,1.263412089923E2,-7.200413487868E1));
#1866=DIRECTION('',(-1.E0,0.E0,0.E0));
#1867=DIRECTION('',(0.E0,9.697229247477E-1,2.442077992587E-1));
#1868=AXIS2_PLACEMENT_3D('',#1865,#1866,#1867);
#1870=CURVE_STYLE('',#136,POSITIVE_LENGTH_MEASURE(2.E-2),#78);
#1871=PRESENTATION_STYLE_ASSIGNMENT((#1870));
#1872=STYLED_ITEM('',(#1871),#1869);
#1873=CARTESIAN_POINT('',(-1.007499992E2,1.279897379643E2,-7.158898161994E1));
#1874=DIRECTION('',(1.E0,0.E0,0.E0));
#1875=DIRECTION('',(0.E0,7.819258417537E-1,-6.233714606860E-1));
#1876=AXIS2_PLACEMENT_3D('',#1873,#1874,#1875);
#1878=CURVE_STYLE('',#136,POSITIVE_LENGTH_MEASURE(2.E-2),#78);
#1879=PRESENTATION_STYLE_ASSIGNMENT((#1878));
#1880=STYLED_ITEM('',(#1879),#1877);
#1881=CARTESIAN_POINT('',(-1.007499992E2,1.293190118953E2,-7.264871310310E1));
#1882=DIRECTION('',(-1.E0,0.E0,0.E0));
#1883=DIRECTION('',(0.E0,-8.689827265908E-1,-4.948424202579E-1));
#1884=AXIS2_PLACEMENT_3D('',#1881,#1882,#1883);
#1886=CURVE_STYLE('',#136,POSITIVE_LENGTH_MEASURE(2.E-2),#78);
#1887=PRESENTATION_STYLE_ASSIGNMENT((#1886));
#1888=STYLED_ITEM('',(#1887),#1885);
#1889=DIRECTION('',(0.E0,4.948424202578E-1,-8.689827265909E-1));
#1890=VECTOR('',#1889,7.215375453628E-2);
#1891=CARTESIAN_POINT('',(-1.007499992E2,1.291886644863E2,-7.272293946614E1));
#1892=LINE('',#1891,#1890);
#1893=CURVE_STYLE('',#136,POSITIVE_LENGTH_MEASURE(2.E-2),#78);
#1894=PRESENTATION_STYLE_ASSIGNMENT((#1893));
#1895=STYLED_ITEM('',(#1894),#1892);
#1896=CARTESIAN_POINT('',(-1.007499992E2,1.293547166338E2,-7.271141346945E1));
#1897=DIRECTION('',(-1.E0,1.868992135012E-14,-3.308621211980E-14));
#1898=DIRECTION('',(0.E0,1.322563902685E-1,-9.912155402500E-1));
#1899=AXIS2_PLACEMENT_3D('',#1896,#1897,#1898);
#1901=CURVE_STYLE('',#136,POSITIVE_LENGTH_MEASURE(2.E-2),#78);
#1902=PRESENTATION_STYLE_ASSIGNMENT((#1901));
#1903=STYLED_ITEM('',(#1902),#1900);
#1904=CARTESIAN_POINT('',(-1.002499992E2,1.341554697091E2,-7.064718063208E1));
#1905=CARTESIAN_POINT('',(-1.002499992E2,1.341985818950E2,-7.067308504678E1));
#1906=CARTESIAN_POINT('',(-1.002635617711E2,1.342613802386E2,
-7.072664064677E1));
#1907=CARTESIAN_POINT('',(-1.003017210360E2,1.343248059885E2,
-7.080926855501E1));
#1908=CARTESIAN_POINT('',(-1.003524720583E2,1.343664825539E2,
-7.089351819937E1));
#1909=CARTESIAN_POINT('',(-1.004333201005E2,1.343992860558E2,
-7.100754855808E1));
#1910=CARTESIAN_POINT('',(-1.005564536988E2,1.344021637763E2,
-7.115292943497E1));
#1911=CARTESIAN_POINT('',(-1.006788697508E2,1.343631686966E2,
-7.127231348190E1));
#1912=CARTESIAN_POINT('',(-1.007499992E2,1.343265343220E2,-7.133328331988E1));
#1914=CURVE_STYLE('',#136,POSITIVE_LENGTH_MEASURE(2.E-2),#78);
#1915=PRESENTATION_STYLE_ASSIGNMENT((#1914));
#1916=STYLED_ITEM('',(#1915),#1913);
#1917=DIRECTION('',(-7.284503669444E-14,-8.571673007021E-1,5.150380749101E-1));
#1918=VECTOR('',#1917,1.365583538981E0);
#1919=CARTESIAN_POINT('',(-1.002499992E2,1.341554697091E2,-7.064718063208E1));
#1920=LINE('',#1919,#1918);
#1921=CURVE_STYLE('',#136,POSITIVE_LENGTH_MEASURE(2.E-2),#78);
#1922=PRESENTATION_STYLE_ASSIGNMENT((#1921));
#1923=STYLED_ITEM('',(#1922),#1920);
#1924=DIRECTION('',(5.580864062338E-14,8.571673007021E-1,-5.150380749101E-1));
#1925=VECTOR('',#1924,2.037083083403E0);
#1926=CARTESIAN_POINT('',(-1.007499992E2,1.325804133141E2,-7.028410797017E1));
#1927=LINE('',#1926,#1925);
#1928=CURVE_STYLE('',#136,POSITIVE_LENGTH_MEASURE(2.E-2),#78);
#1929=PRESENTATION_STYLE_ASSIGNMENT((#1928));
#1930=STYLED_ITEM('',(#1929),#1927);
#1931=DIRECTION('',(6.871840573928E-1,5.559632916500E-1,4.676354238110E-1));
#1932=VECTOR('',#1931,7.276071012140E-1);
#1933=CARTESIAN_POINT('',(-1.007499992E2,1.325804133141E2,-7.028410797017E1));
#1934=LINE('',#1933,#1932);
#1935=CURVE_STYLE('',#136,POSITIVE_LENGTH_MEASURE(2.E-2),#78);
#1936=PRESENTATION_STYLE_ASSIGNMENT((#1935));
#1937=STYLED_ITEM('',(#1936),#1934);
#1938=CARTESIAN_POINT('',(-9.98499992E1,1.357219938631E2,-6.870954207066E1));
#1939=DIRECTION('',(1.E0,0.E0,0.E0));
#1940=DIRECTION('',(0.E0,-9.702957262759E-1,-2.419218955999E-1));
#1941=AXIS2_PLACEMENT_3D('',#1938,#1939,#1940);
#1943=CURVE_STYLE('',#136,POSITIVE_LENGTH_MEASURE(2.E-2),#78);
#1944=PRESENTATION_STYLE_ASSIGNMENT((#1943));
#1945=STYLED_ITEM('',(#1944),#1942);
#1946=CARTESIAN_POINT('',(-1.002499992E2,1.357219938631E2,-6.870954207066E1));
#1947=DIRECTION('',(-1.E0,0.E0,0.E0));
#1948=DIRECTION('',(0.E0,-9.327261703974E-1,-3.605854837008E-1));
#1949=AXIS2_PLACEMENT_3D('',#1946,#1947,#1948);
#1951=CURVE_STYLE('',#136,POSITIVE_LENGTH_MEASURE(2.E-2),#78);
#1952=PRESENTATION_STYLE_ASSIGNMENT((#1951));
#1953=STYLED_ITEM('',(#1952),#1950);
#1954=CARTESIAN_POINT('',(-1.002499992E2,1.329256808033E2,-6.979057735115E1));
#1955=CARTESIAN_POINT('',(-1.002499992E2,1.329462166278E2,-6.984369735120E1));
#1956=CARTESIAN_POINT('',(-1.002483777106E2,1.329682315909E2,
-6.989614661404E1));
#1957=CARTESIAN_POINT('',(-1.002451425739E2,1.329917185389E2,
-6.994792838357E1));
#1959=CURVE_STYLE('',#136,POSITIVE_LENGTH_MEASURE(2.E-2),#78);
#1960=PRESENTATION_STYLE_ASSIGNMENT((#1959));
#1961=STYLED_ITEM('',(#1960),#1958);
#1962=DIRECTION('',(1.E0,0.E0,3.596379353092E-14));
#1963=VECTOR('',#1962,3.951433739320E-1);
#1964=CARTESIAN_POINT('',(-1.002451425739E2,1.329917185389E2,
-6.994792838357E1));
#1965=LINE('',#1964,#1963);
#1966=CURVE_STYLE('',#136,POSITIVE_LENGTH_MEASURE(2.E-2),#78);
#1967=PRESENTATION_STYLE_ASSIGNMENT((#1966));
#1968=STYLED_ITEM('',(#1967),#1965);
#1969=DIRECTION('',(2.026673295098E-7,2.419216989541E-1,-9.702957753052E-1));
#1970=VECTOR('',#1969,1.419017732239E0);
#1971=CARTESIAN_POINT('',(-9.98499992E1,1.324697553945E2,-6.805795538567E1));
#1972=LINE('',#1971,#1970);
#1973=CURVE_STYLE('',#136,POSITIVE_LENGTH_MEASURE(2.E-2),#78);
#1974=PRESENTATION_STYLE_ASSIGNMENT((#1973));
#1975=STYLED_ITEM('',(#1974),#1972);
#1976=DIRECTION('',(-1.E0,1.904254531829E-11,-7.613465413638E-11));
#1977=VECTOR('',#1976,4.000000000016E-1);
#1978=CARTESIAN_POINT('',(-9.98499992E1,1.324697553945E2,-6.805795538567E1));
#1979=LINE('',#1978,#1977);
#1980=CURVE_STYLE('',#136,POSITIVE_LENGTH_MEASURE(2.E-2),#78);
#1981=PRESENTATION_STYLE_ASSIGNMENT((#1980));
#1982=STYLED_ITEM('',(#1981),#1979);
#1983=DIRECTION('',(1.001455935296E-14,-2.419218955998E-1,9.702957262760E-1));
#1984=VECTOR('',#1983,1.419019470986E0);
#1985=CARTESIAN_POINT('',(-1.002499992E2,1.328130472748E2,-6.943482391390E1));
#1986=LINE('',#1985,#1984);
#1987=CURVE_STYLE('',#136,POSITIVE_LENGTH_MEASURE(2.E-2),#78);
#1988=PRESENTATION_STYLE_ASSIGNMENT((#1987));
#1989=STYLED_ITEM('',(#1988),#1986);
#1990=DIRECTION('',(9.999999999903E-1,-1.749229120653E-6,4.043885694263E-6));
#1991=VECTOR('',#1990,4.000002875941E-1);
#1992=CARTESIAN_POINT('',(-1.002499992E2,1.328130472748E2,-6.943482391390E1));
#1993=LINE('',#1992,#1991);
#1994=CURVE_STYLE('',#136,POSITIVE_LENGTH_MEASURE(2.E-2),#78);
#1995=PRESENTATION_STYLE_ASSIGNMENT((#1994));
#1996=STYLED_ITEM('',(#1995),#1993);
#1997=CARTESIAN_POINT('',(-9.98499992E1,1.353787019818E2,-6.733267354266E1));
#1998=DIRECTION('',(1.E0,0.E0,0.E0));
#1999=DIRECTION('',(0.E0,-8.571673007021E-1,5.150380749101E-1));
#2000=AXIS2_PLACEMENT_3D('',#1997,#1998,#1999);
#2002=CURVE_STYLE('',#136,POSITIVE_LENGTH_MEASURE(2.E-2),#78);
#2003=PRESENTATION_STYLE_ASSIGNMENT((#2002));
#2004=STYLED_ITEM('',(#2003),#2001);
#2005=CARTESIAN_POINT('',(-1.002499992E2,1.353787019818E2,-6.733267354266E1));
#2006=DIRECTION('',(-1.E0,0.E0,0.E0));
#2007=DIRECTION('',(0.E0,-9.702957262759E-1,-2.419218955999E-1));
#2008=AXIS2_PLACEMENT_3D('',#2005,#2006,#2007);
#2010=CURVE_STYLE('',#136,POSITIVE_LENGTH_MEASURE(2.E-2),#78);
#2011=PRESENTATION_STYLE_ASSIGNMENT((#2010));
#2012=STYLED_ITEM('',(#2011),#2009);
#2013=DIRECTION('',(-7.071067811866E-1,-6.861026878E-1,-1.710646129202E-1));
#2014=VECTOR('',#2013,7.071067811865E-1);
#2015=CARTESIAN_POINT('',(-1.002499992E2,1.324697553945E2,-6.805795538570E1));
#2016=LINE('',#2015,#2014);
#2017=CURVE_STYLE('',#136,POSITIVE_LENGTH_MEASURE(2.E-2),#78);
#2018=PRESENTATION_STYLE_ASSIGNMENT((#2017));
#2019=STYLED_ITEM('',(#2018),#2016);
#2020=DIRECTION('',(-7.071067811865E-1,-6.861026878063E-1,-1.710646128952E-1));
#2021=VECTOR('',#2020,7.071067811866E-1);
#2022=CARTESIAN_POINT('',(-1.002499992E2,1.328130472748E2,-6.943482391390E1));
#2023=LINE('',#2022,#2021);
#2024=CURVE_STYLE('',#136,POSITIVE_LENGTH_MEASURE(2.E-2),#78);
#2025=PRESENTATION_STYLE_ASSIGNMENT((#2024));
#2026=STYLED_ITEM('',(#2025),#2023);
#2027=DIRECTION('',(-7.071067811866E-1,-6.595370000783E-1,-2.549724407220E-1));
#2028=VECTOR('',#2027,7.071067811865E-1);
#2029=CARTESIAN_POINT('',(-1.002499992E2,1.329256808033E2,-6.979057735115E1));
#2030=LINE('',#2029,#2028);
#2031=CURVE_STYLE('',#136,POSITIVE_LENGTH_MEASURE(2.E-2),#78);
#2032=PRESENTATION_STYLE_ASSIGNMENT((#2031));
#2033=STYLED_ITEM('',(#2032),#2030);
#2034=DIRECTION('',(-7.071067811866E-1,-6.061088109255E-1,3.641869153586E-1));
#2035=VECTOR('',#2034,7.071067811865E-1);
#2036=CARTESIAN_POINT('',(-1.002499992E2,1.328089144144E2,-6.578858939406E1));
#2037=LINE('',#2036,#2035);
#2038=CURVE_STYLE('',#136,POSITIVE_LENGTH_MEASURE(2.E-2),#78);
#2039=PRESENTATION_STYLE_ASSIGNMENT((#2038));
#2040=STYLED_ITEM('',(#2039),#2037);
#2041=DIRECTION('',(-6.785983445458E-1,-4.369030205599E-1,5.904405451909E-1));
#2042=VECTOR('',#2041,7.368128791040E-1);
#2043=CARTESIAN_POINT('',(-1.002499992E2,1.367692748772E2,-5.919744273306E1));
#2044=LINE('',#2043,#2042);
#2045=CURVE_STYLE('',#136,POSITIVE_LENGTH_MEASURE(2.E-2),#78);
#2046=PRESENTATION_STYLE_ASSIGNMENT((#2045));
#2047=STYLED_ITEM('',(#2046),#2044);
#2048=DIRECTION('',(-4.731664766139E-14,-9.702957262760E-1,-2.419218955997E-1));
#2049=VECTOR('',#2048,1.201340789559E0);
#2050=CARTESIAN_POINT('',(-1.007499992E2,1.376130149386E2,-5.847176789394E1));
#2051=LINE('',#2050,#2049);
#2052=CURVE_STYLE('',#136,POSITIVE_LENGTH_MEASURE(2.E-2),#78);
#2053=PRESENTATION_STYLE_ASSIGNMENT((#2052));
#2054=STYLED_ITEM('',(#2053),#2051);
#2055=DIRECTION('',(3.947384913270E-14,9.702957262760E-1,2.419218955997E-1));
#2056=VECTOR('',#2055,1.080020445999E0);
#2057=CARTESIAN_POINT('',(-1.002499992E2,1.367692748772E2,-5.919744273306E1));
#2058=LINE('',#2057,#2056);
#2059=CURVE_STYLE('',#136,POSITIVE_LENGTH_MEASURE(2.E-2),#78);
#2060=PRESENTATION_STYLE_ASSIGNMENT((#2059));
#2061=STYLED_ITEM('',(#2060),#2058);
#2062=CARTESIAN_POINT('',(-1.002570339866E2,1.379304014936E2,
-5.890069120582E1));
#2063=CARTESIAN_POINT('',(-1.002523603961E2,1.378935032615E2,
-5.891470763442E1));
#2064=CARTESIAN_POINT('',(-1.002499992E2,1.378557799347E2,-5.892654659697E1));
#2065=CARTESIAN_POINT('',(-1.002499992E2,1.378172141002E2,-5.893616213947E1));
#2067=CURVE_STYLE('',#136,POSITIVE_LENGTH_MEASURE(2.E-2),#78);
#2068=PRESENTATION_STYLE_ASSIGNMENT((#2067));
#2069=STYLED_ITEM('',(#2068),#2066);
#2070=DIRECTION('',(-6.785983445459E-1,-4.369030205598E-1,5.904405451909E-1));
#2071=VECTOR('',#2070,7.264462364039E-1);
#2072=CARTESIAN_POINT('',(-1.002570339866E2,1.379304014936E2,
-5.890069120582E1));
#2073=LINE('',#2072,#2071);
#2074=CURVE_STYLE('',#136,POSITIVE_LENGTH_MEASURE(2.E-2),#78);
#2075=PRESENTATION_STYLE_ASSIGNMENT((#2074));
#2076=STYLED_ITEM('',(#2075),#2073);
#2077=CARTESIAN_POINT('',(-9.984296441342E1,1.379304014936E2,
-5.890069120582E1));
#2078=CARTESIAN_POINT('',(-9.983934721E1,1.379589594964E2,-5.888984295685E1));
#2079=CARTESIAN_POINT('',(-9.983330112543E1,1.380150126936E2,
-5.886555454420E1));
#2080=CARTESIAN_POINT('',(-9.982784830669E1,1.380952637857E2,
-5.882167400069E1));
#2081=CARTESIAN_POINT('',(-9.982603527409E1,1.381709365173E2,
-5.877083350244E1));
#2082=CARTESIAN_POINT('',(-9.982784830669E1,1.382416800932E2,
-5.871333163243E1));
#2083=CARTESIAN_POINT('',(-9.983330112543E1,1.383071064142E2,
-5.864941656071E1));
#2084=CARTESIAN_POINT('',(-9.983934721E1,1.383467219076E2,-5.860291386626E1));
#2085=CARTESIAN_POINT('',(-9.984296441342E1,1.383654456916E2,
-5.857877543335E1));
#2087=CURVE_STYLE('',#136,POSITIVE_LENGTH_MEASURE(2.E-2),#78);
#2088=PRESENTATION_STYLE_ASSIGNMENT((#2087));
#2089=STYLED_ITEM('',(#2088),#2086);
#2090=DIRECTION('',(-1.E0,7.105427357568E-14,1.243449787574E-13));
#2091=VECTOR('',#2090,4.000000000019E-1);
#2092=CARTESIAN_POINT('',(-9.98499992E1,1.384324595053E2,-5.848090448811E1));
#2093=LINE('',#2092,#2091);
#2094=CURVE_STYLE('',#136,POSITIVE_LENGTH_MEASURE(2.E-2),#78);
#2095=PRESENTATION_STYLE_ASSIGNMENT((#2094));
#2096=STYLED_ITEM('',(#2095),#2093);
#2097=DIRECTION('',(-1.E0,0.E0,5.329070518183E-13));
#2098=VECTOR('',#2097,4.000000000014E-1);
#2099=CARTESIAN_POINT('',(-9.98499992E1,1.468717614918E2,-4.443554734669E1));
#2100=LINE('',#2099,#2098);
#2101=CURVE_STYLE('',#136,POSITIVE_LENGTH_MEASURE(2.E-2),#78);
#2102=PRESENTATION_STYLE_ASSIGNMENT((#2101));
#2103=STYLED_ITEM('',(#2102),#2100);
#2104=DIRECTION('',(1.821261481209E-14,-5.150380749101E-1,-8.571673007021E-1));
#2105=VECTOR('',#2104,1.638578271699E1);
#2106=CARTESIAN_POINT('',(-1.002499992E2,1.468717614918E2,-4.443554734669E1));
#2107=LINE('',#2106,#2105);
#2108=CURVE_STYLE('',#136,POSITIVE_LENGTH_MEASURE(2.E-2),#78);
#2109=PRESENTATION_STYLE_ASSIGNMENT((#2108));
#2110=STYLED_ITEM('',(#2109),#2107);
#2111=CARTESIAN_POINT('',(-9.98499992E1,1.460145941911E2,-4.392050927176E1));
#2112=DIRECTION('',(1.E0,-2.992103278986E-13,-3.879676772668E-13));
#2113=DIRECTION('',(5.684341886081E-14,8.571673007021E-1,-5.150380749101E-1));
#2114=AXIS2_PLACEMENT_3D('',#2111,#2112,#2113);
#2116=CURVE_STYLE('',#136,POSITIVE_LENGTH_MEASURE(2.E-2),#78);
#2117=PRESENTATION_STYLE_ASSIGNMENT((#2116));
#2118=STYLED_ITEM('',(#2117),#2115);
#2119=DIRECTION('',(-1.E0,5.684341886060E-13,6.217248937878E-13));
#2120=VECTOR('',#2119,4.000000000015E-1);
#2121=CARTESIAN_POINT('',(-9.98499992E1,1.465296322660E2,-4.306334197105E1));
#2122=LINE('',#2121,#2120);
#2123=CURVE_STYLE('',#136,POSITIVE_LENGTH_MEASURE(2.E-2),#78);
#2124=PRESENTATION_STYLE_ASSIGNMENT((#2123));
#2125=STYLED_ITEM('',(#2124),#2122);
#2126=CARTESIAN_POINT('',(-1.002499992E2,1.460145941911E2,-4.392050927176E1));
#2127=DIRECTION('',(-1.E0,2.992103278986E-13,3.879676772668E-13));
#2128=DIRECTION('',(4.831690603169E-13,5.150380749101E-1,8.571673007021E-1));
#2129=AXIS2_PLACEMENT_3D('',#2126,#2127,#2128);
#2131=CURVE_STYLE('',#136,POSITIVE_LENGTH_MEASURE(2.E-2),#78);
#2132=PRESENTATION_STYLE_ASSIGNMENT((#2131));
#2133=STYLED_ITEM('',(#2132),#2130);
#2134=DIRECTION('',(-7.071067811866E-1,6.061088109327E-1,-3.641869153467E-1));
#2135=VECTOR('',#2134,7.071067811864E-1);
#2136=CARTESIAN_POINT('',(-9.93499992E1,1.464431778414E2,-4.417802830923E1));
#2137=LINE('',#2136,#2135);
#2138=CURVE_STYLE('',#136,POSITIVE_LENGTH_MEASURE(2.E-2),#78);
#2139=PRESENTATION_STYLE_ASSIGNMENT((#2138));
#2140=STYLED_ITEM('',(#2139),#2137);
#2141=DIRECTION('',(1.278976924384E-13,5.150380749099E-1,8.571673007022E-1));
#2142=VECTOR('',#2141,9.999999999874E-1);
#2143=CARTESIAN_POINT('',(-9.93499992E1,1.459281397665E2,-4.503519560992E1));
#2144=LINE('',#2143,#2142);
#2145=CURVE_STYLE('',#136,POSITIVE_LENGTH_MEASURE(2.E-2),#78);
#2146=PRESENTATION_STYLE_ASSIGNMENT((#2145));
#2147=STYLED_ITEM('',(#2146),#2144);
#2148=DIRECTION('',(-2.273736754431E-13,-8.571673007022E-1,5.150380749099E-1));
#2149=VECTOR('',#2148,1.000000000001E0);
#2150=CARTESIAN_POINT('',(-9.93499992E1,1.459281397665E2,-4.503519560992E1));
#2151=LINE('',#2150,#2149);
#2152=CURVE_STYLE('',#136,POSITIVE_LENGTH_MEASURE(2.E-2),#78);
#2153=PRESENTATION_STYLE_ASSIGNMENT((#2152));
#2154=STYLED_ITEM('',(#2153),#2151);
#2155=CARTESIAN_POINT('',(-9.93499992E1,1.452254838883E2,-4.426300734480E1));
#2156=DIRECTION('',(1.E0,0.E0,4.596140083344E-14));
#2157=DIRECTION('',(0.E0,-8.571673007021E-1,5.150380749101E-1));
#2158=AXIS2_PLACEMENT_3D('',#2155,#2156,#2157);
#2160=CURVE_STYLE('',#136,POSITIVE_LENGTH_MEASURE(2.E-2),#78);
#2161=PRESENTATION_STYLE_ASSIGNMENT((#2160));
#2162=STYLED_ITEM('',(#2161),#2159);
#2163=DIRECTION('',(-3.019806627014E-13,-8.571673007019E-1,5.150380749104E-1));
#2164=VECTOR('',#2163,7.999999999912E-1);
#2165=CARTESIAN_POINT('',(-9.93499992E1,1.462721132285E2,-4.349192562141E1));
#2166=LINE('',#2165,#2164);
#2167=CURVE_STYLE('',#136,POSITIVE_LENGTH_MEASURE(2.E-2),#78);
#2168=PRESENTATION_STYLE_ASSIGNMENT((#2167));
#2169=STYLED_ITEM('',(#2168),#2166);
#2170=CARTESIAN_POINT('',(-9.93499992E1,1.460145941911E2,-4.392050927176E1));
#2171=DIRECTION('',(1.E0,-2.157585428452E-14,5.210414897105E-14));
#2172=DIRECTION('',(5.684341886083E-14,8.571673007019E-1,-5.150380749103E-1));
#2173=AXIS2_PLACEMENT_3D('',#2170,#2171,#2172);
#2175=CURVE_STYLE('',#136,POSITIVE_LENGTH_MEASURE(2.E-2),#78);
#2176=PRESENTATION_STYLE_ASSIGNMENT((#2175));
#2177=STYLED_ITEM('',(#2176),#2174);
#2178=DIRECTION('',(-9.222820395709E-14,8.571673007021E-1,-5.150380749100E-1));
#2179=VECTOR('',#2178,1.540836111458E-1);
#2180=CARTESIAN_POINT('',(-1.004499992E2,1.439953459966E2,-4.154058915443E1));
#2181=LINE('',#2180,#2179);
#2182=CURVE_STYLE('',#136,POSITIVE_LENGTH_MEASURE(2.E-2),#78);
#2183=PRESENTATION_STYLE_ASSIGNMENT((#2182));
#2184=STYLED_ITEM('',(#2183),#2181);
#2185=DIRECTION('',(-1.844564079149E-13,8.571673007021E-1,-5.150380749101E-1));
#2186=VECTOR('',#2185,1.540836111452E-1);
#2187=CARTESIAN_POINT('',(-1.055499992E2,1.439953459966E2,-4.154058915443E1));
#2188=LINE('',#2187,#2186);
#2189=CURVE_STYLE('',#136,POSITIVE_LENGTH_MEASURE(2.E-2),#78);
#2190=PRESENTATION_STYLE_ASSIGNMENT((#2189));
#2191=STYLED_ITEM('',(#2190),#2188);
#2192=DIRECTION('',(9.999999999823E-1,5.104219885255E-6,-3.066837995399E-6));
#2193=VECTOR('',#2192,6.000000000022E-1);
#2194=CARTESIAN_POINT('',(-1.061499992E2,1.439953429341E2,-4.154058731433E1));
#2195=LINE('',#2194,#2193);
#2196=CURVE_STYLE('',#136,POSITIVE_LENGTH_MEASURE(2.E-2),#78);
#2197=PRESENTATION_STYLE_ASSIGNMENT((#2196));
#2198=STYLED_ITEM('',(#2197),#2195);
#2199=DIRECTION('',(1.118099810563E-13,8.571673007020E-1,-5.150380749102E-1));
#2200=VECTOR('',#2199,1.525179192156E0);
#2201=CARTESIAN_POINT('',(-1.057499992E2,1.452222985348E2,-4.227781661603E1));
#2202=LINE('',#2201,#2200);
#2203=CURVE_STYLE('',#136,POSITIVE_LENGTH_MEASURE(2.E-2),#78);
#2204=PRESENTATION_STYLE_ASSIGNMENT((#2203));
#2205=STYLED_ITEM('',(#2204),#2202);
#2206=DIRECTION('',(-2.236199621120E-13,8.571673007020E-1,-5.150380749102E-1));
#2207=VECTOR('',#2206,1.525179192160E0);
#2208=CARTESIAN_POINT('',(-1.002499992E2,1.452222985348E2,-4.227781661603E1));
#2209=LINE('',#2208,#2207);
#2210=CURVE_STYLE('',#136,POSITIVE_LENGTH_MEASURE(2.E-2),#78);
#2211=PRESENTATION_STYLE_ASSIGNMENT((#2210));
#2212=STYLED_ITEM('',(#2211),#2209);
#2213=DIRECTION('',(9.999999999823E-1,-5.104205390198E-6,3.066826993838E-6));
#2214=VECTOR('',#2213,6.000000000004E-1);
#2215=CARTESIAN_POINT('',(-1.004499992E2,1.439953459966E2,-4.154058915443E1));
#2216=LINE('',#2215,#2214);
#2217=CURVE_STYLE('',#136,POSITIVE_LENGTH_MEASURE(2.E-2),#78);
#2218=PRESENTATION_STYLE_ASSIGNMENT((#2217));
#2219=STYLED_ITEM('',(#2218),#2216);
#2220=CARTESIAN_POINT('',(-1.004499992E2,1.438408345741E2,-4.179773934464E1));
#2221=DIRECTION('',(5.653769725820E-14,8.571673007021E-1,-5.150380749101E-1));
#2222=DIRECTION('',(-1.E0,0.E0,-7.105427357601E-14));
#2223=AXIS2_PLACEMENT_3D('',#2220,#2221,#2222);
#2225=CURVE_STYLE('',#136,POSITIVE_LENGTH_MEASURE(2.E-2),#78);
#2226=PRESENTATION_STYLE_ASSIGNMENT((#2225));
#2227=STYLED_ITEM('',(#2226),#2224);
#2228=CARTESIAN_POINT('',(-1.007499992E2,1.440665050221E2,-4.193333582974E1));
#2229=CARTESIAN_POINT('',(-1.007499992E2,1.440763516143E2,-4.188267950441E1));
#2230=CARTESIAN_POINT('',(-1.007292833731E2,1.440920920326E2,
-4.180170207256E1));
#2231=CARTESIAN_POINT('',(-1.006686082296E2,1.441100544459E2,
-4.170929346679E1));
#2232=CARTESIAN_POINT('',(-1.005806072724E2,1.441228028482E2,
-4.164370862265E1));
#2233=CARTESIAN_POINT('',(-1.005016036443E2,1.441274214296E2,
-4.161994808089E1));
#2234=CARTESIAN_POINT('',(-1.004499992E2,1.441274214296E2,-4.161994808089E1));
#2236=CURVE_STYLE('',#136,POSITIVE_LENGTH_MEASURE(2.E-2),#78);
#2237=PRESENTATION_STYLE_ASSIGNMENT((#2236));
#2238=STYLED_ITEM('',(#2237),#2235);
#2239=CARTESIAN_POINT('',(-1.004499992E2,1.435663934990E2,-4.186616518980E1));
#2240=DIRECTION('',(4.867195249610E-13,5.150380749093E-1,8.571673007025E-1));
#2241=DIRECTION('',(-1.E0,1.894780628694E-13,4.736951571734E-13));
#2242=AXIS2_PLACEMENT_3D('',#2239,#2240,#2241);
#2244=CURVE_STYLE('',#136,POSITIVE_LENGTH_MEASURE(2.E-2),#78);
#2245=PRESENTATION_STYLE_ASSIGNMENT((#2244));
#2246=STYLED_ITEM('',(#2245),#2243);
#2247=CARTESIAN_POINT('',(-1.004499992E2,1.437378269591E2,-4.196917280478E1));
#2248=DIRECTION('',(-1.E0,2.505333016260E-13,4.172876581943E-13));
#2249=DIRECTION('',(0.E0,-8.571673007021E-1,5.150380749101E-1));
#2250=AXIS2_PLACEMENT_3D('',#2247,#2248,#2249);
#2252=CURVE_STYLE('',#136,POSITIVE_LENGTH_MEASURE(2.E-2),#78);
#2253=PRESENTATION_STYLE_ASSIGNMENT((#2252));
#2254=STYLED_ITEM('',(#2253),#2251);
#2255=CARTESIAN_POINT('',(-9.98499992E1,1.437378269591E2,-4.196917280478E1));
#2256=DIRECTION('',(1.E0,-2.505333016260E-13,-4.172876581943E-13));
#2257=DIRECTION('',(4.831690603169E-13,5.150380749100E-1,8.571673007021E-1));
#2258=AXIS2_PLACEMENT_3D('',#2255,#2256,#2257);
#2260=CURVE_STYLE('',#136,POSITIVE_LENGTH_MEASURE(2.E-2),#78);
#2261=PRESENTATION_STYLE_ASSIGNMENT((#2260));
#2262=STYLED_ITEM('',(#2261),#2259);
#2263=DIRECTION('',(0.E0,5.150380749107E-1,8.571673007017E-1));
#2264=VECTOR('',#2263,2.903875751274E1);
#2265=CARTESIAN_POINT('',(-1.004499992E2,1.283531775416E2,-6.660272716026E1));
#2266=LINE('',#2265,#2264);
#2267=CURVE_STYLE('',#136,POSITIVE_LENGTH_MEASURE(2.E-2),#78);
#2268=PRESENTATION_STYLE_ASSIGNMENT((#2267));
#2269=STYLED_ITEM('',(#2268),#2266);
#2270=DIRECTION('',(1.E0,4.812742796866E-11,-3.840483486771E-11));
#2271=VECTOR('',#2270,6.000000000019E-1);
#2272=CARTESIAN_POINT('',(-1.004499992E2,1.433092433088E2,-4.171165376733E1));
#2273=LINE('',#2272,#2271);
#2274=CURVE_STYLE('',#136,POSITIVE_LENGTH_MEASURE(2.E-2),#78);
#2275=PRESENTATION_STYLE_ASSIGNMENT((#2274));
#2276=STYLED_ITEM('',(#2275),#2273);
#2277=DIRECTION('',(0.E0,-5.150380749112E-1,-8.571673007014E-1));
#2278=VECTOR('',#2277,2.903875751274E1);
#2279=CARTESIAN_POINT('',(-9.98499992E1,1.433092433088E2,-4.171165376735E1));
#2280=LINE('',#2279,#2278);
#2281=CURVE_STYLE('',#136,POSITIVE_LENGTH_MEASURE(2.E-2),#78);
#2282=PRESENTATION_STYLE_ASSIGNMENT((#2281));
#2283=STYLED_ITEM('',(#2282),#2280);
#2284=DIRECTION('',(-1.E0,-2.790064475742E-11,1.821357879326E-11));
#2285=VECTOR('',#2284,6.000000000019E-1);
#2286=CARTESIAN_POINT('',(-9.98499992E1,1.283531775416E2,-6.660272716027E1));
#2287=LINE('',#2286,#2285);
#2288=CURVE_STYLE('',#136,POSITIVE_LENGTH_MEASURE(2.E-2),#78);
#2289=PRESENTATION_STYLE_ASSIGNMENT((#2288));
#2290=STYLED_ITEM('',(#2289),#2287);
#2291=CARTESIAN_POINT('',(-1.004499992E2,1.286103277319E2,-6.675723858274E1));
#2292=DIRECTION('',(0.E0,5.150380749101E-1,8.571673007021E-1));
#2293=DIRECTION('',(-1.E0,0.E0,0.E0));
#2294=AXIS2_PLACEMENT_3D('',#2291,#2292,#2293);
#2296=CURVE_STYLE('',#136,POSITIVE_LENGTH_MEASURE(2.E-2),#78);
#2297=PRESENTATION_STYLE_ASSIGNMENT((#2296));
#2298=STYLED_ITEM('',(#2297),#2295);
#2299=CARTESIAN_POINT('',(-1.004499992E2,1.269033557207E2,-6.755508209092E1));
#2300=CARTESIAN_POINT('',(-1.004741701966E2,1.269652167340E2,
-6.754682806950E1));
#2301=CARTESIAN_POINT('',(-1.005210516507E2,1.270852744328E2,
-6.753080895238E1));
#2302=CARTESIAN_POINT('',(-1.005846883596E2,1.272564010338E2,
-6.750797578884E1));
#2303=CARTESIAN_POINT('',(-1.006387167427E2,1.274162685523E2,
-6.748664490765E1));
#2304=CARTESIAN_POINT('',(-1.006815792474E2,1.275628681452E2,
-6.746708434571E1));
#2305=CARTESIAN_POINT('',(-1.007134544608E2,1.276965522262E2,
-6.744924708099E1));
#2306=CARTESIAN_POINT('',(-1.007351604941E2,1.278187685896E2,
-6.743293993649E1));
#2307=CARTESIAN_POINT('',(-1.007474610889E2,1.279299156515E2,
-6.741810975213E1));
#2308=CARTESIAN_POINT('',(-1.007499992E2,1.279972409588E2,-6.740912663821E1));
#2309=CARTESIAN_POINT('',(-1.007499992E2,1.280291601616E2,-6.740486770727E1));
#2311=CURVE_STYLE('',#136,POSITIVE_LENGTH_MEASURE(2.E-2),#78);
#2312=PRESENTATION_STYLE_ASSIGNMENT((#2311));
#2313=STYLED_ITEM('',(#2312),#2310);
#2314=CARTESIAN_POINT('',(-1.004499992E2,1.266388429402E2,-6.557265101045E1));
#2315=DIRECTION('',(1.E0,0.E0,0.E0));
#2316=DIRECTION('',(0.E0,1.322563902572E-1,-9.912155402515E-1));
#2317=AXIS2_PLACEMENT_3D('',#2314,#2315,#2316);
#2319=CURVE_STYLE('',#136,POSITIVE_LENGTH_MEASURE(2.E-2),#78);
#2320=PRESENTATION_STYLE_ASSIGNMENT((#2319));
#2321=STYLED_ITEM('',(#2320),#2318);
#2322=CARTESIAN_POINT('',(-9.98499992E1,1.266388429402E2,-6.557265101045E1));
#2323=DIRECTION('',(-1.E0,0.E0,0.E0));
#2324=DIRECTION('',(0.E0,8.571673007021E-1,-5.150380749101E-1));
#2325=AXIS2_PLACEMENT_3D('',#2322,#2323,#2324);
#2327=CURVE_STYLE('',#136,POSITIVE_LENGTH_MEASURE(2.E-2),#78);
#2328=PRESENTATION_STYLE_ASSIGNMENT((#2327));
#2329=STYLED_ITEM('',(#2328),#2326);
#2330=DIRECTION('',(-1.E0,-5.518548581052E-12,4.400628010127E-11));
#2331=VECTOR('',#2330,6.000000000019E-1);
#2332=CARTESIAN_POINT('',(-9.98499992E1,1.269033557208E2,-6.755508209095E1));
#2333=LINE('',#2332,#2331);
#2334=CURVE_STYLE('',#136,POSITIVE_LENGTH_MEASURE(2.E-2),#78);
#2335=PRESENTATION_STYLE_ASSIGNMENT((#2334));
#2336=STYLED_ITEM('',(#2335),#2333);
#2337=DIRECTION('',(-5.347897836021E-14,-9.912155402515E-1,-1.322563902572E-1));
#2338=VECTOR('',#2337,2.125822915985E0);
#2339=CARTESIAN_POINT('',(-9.98499992E1,1.269033557208E2,-6.755508209095E1));
#2340=LINE('',#2339,#2338);
#2341=CURVE_STYLE('',#136,POSITIVE_LENGTH_MEASURE(2.E-2),#78);
#2342=PRESENTATION_STYLE_ASSIGNMENT((#2341));
#2343=STYLED_ITEM('',(#2342),#2340);
#2344=DIRECTION('',(0.E0,9.912155402515E-1,1.322563902572E-1));
#2345=VECTOR('',#2344,2.125822915985E0);
#2346=CARTESIAN_POINT('',(-1.061499992E2,1.247962070106E2,-6.783623575614E1));
#2347=LINE('',#2346,#2345);
#2348=CURVE_STYLE('',#136,POSITIVE_LENGTH_MEASURE(2.E-2),#78);
#2349=PRESENTATION_STYLE_ASSIGNMENT((#2348));
#2350=STYLED_ITEM('',(#2349),#2347);
#2351=DIRECTION('',(-1.E0,6.015928496102E-12,-4.774847184308E-11));
#2352=VECTOR('',#2351,6.E-1);
#2353=CARTESIAN_POINT('',(-1.055499992E2,1.269033557207E2,-6.755508209092E1));
#2354=LINE('',#2353,#2352);
#2355=CURVE_STYLE('',#136,POSITIVE_LENGTH_MEASURE(2.E-2),#78);
#2356=PRESENTATION_STYLE_ASSIGNMENT((#2355));
#2357=STYLED_ITEM('',(#2356),#2354);
#2358=DIRECTION('',(-1.E0,0.E0,0.E0));
#2359=VECTOR('',#2358,4.5E0);
#2360=CARTESIAN_POINT('',(-1.007499992E2,1.284493966107E2,-6.734879619349E1));
#2361=LINE('',#2360,#2359);
#2362=CURVE_STYLE('',#136,POSITIVE_LENGTH_MEASURE(2.E-2),#78);
#2363=PRESENTATION_STYLE_ASSIGNMENT((#2362));
#2364=STYLED_ITEM('',(#2363),#2361);
#2365=CARTESIAN_POINT('',(-9.98499992E1,1.257222662552E2,-7.477672696899E1));
#2366=DIRECTION('',(1.E0,0.E0,0.E0));
#2367=DIRECTION('',(0.E0,-1.322563902572E-1,9.912155402515E-1));
#2368=AXIS2_PLACEMENT_3D('',#2365,#2366,#2367);
#2370=CURVE_STYLE('',#136,POSITIVE_LENGTH_MEASURE(2.E-2),#78);
#2371=PRESENTATION_STYLE_ASSIGNMENT((#2370));
#2372=STYLED_ITEM('',(#2371),#2369);
#2373=CARTESIAN_POINT('',(-1.061499992E2,1.257222662552E2,-7.477672696899E1));
#2374=DIRECTION('',(-1.E0,0.E0,0.E0));
#2375=DIRECTION('',(0.E0,-5.137288077592E-1,8.579526281085E-1));
#2376=AXIS2_PLACEMENT_3D('',#2373,#2374,#2375);
#2378=CURVE_STYLE('',#136,POSITIVE_LENGTH_MEASURE(2.E-2),#78);
#2379=PRESENTATION_STYLE_ASSIGNMENT((#2378));
#2380=STYLED_ITEM('',(#2379),#2377);
#2381=DIRECTION('',(-1.E0,0.E0,0.E0));
#2382=VECTOR('',#2381,6.300000000001E0);
#2383=CARTESIAN_POINT('',(-9.98499992E1,1.247962070106E2,-6.783623575614E1));
#2384=LINE('',#2383,#2382);
#2385=CURVE_STYLE('',#136,POSITIVE_LENGTH_MEASURE(2.E-2),#78);
#2386=PRESENTATION_STYLE_ASSIGNMENT((#2385));
#2387=STYLED_ITEM('',(#2386),#2384);
#2388=CARTESIAN_POINT('',(-1.061499992E2,1.222792557856E2,-6.902672845540E1));
#2389=DIRECTION('',(0.E0,8.579526281085E-1,5.137288077592E-1));
#2390=DIRECTION('',(-1.E0,0.E0,0.E0));
#2391=AXIS2_PLACEMENT_3D('',#2388,#2389,#2390);
#2393=CURVE_STYLE('',#136,POSITIVE_LENGTH_MEASURE(2.E-2),#78);
#2394=PRESENTATION_STYLE_ASSIGNMENT((#2393));
#2395=STYLED_ITEM('',(#2394),#2392);
#2396=CARTESIAN_POINT('',(-1.061499992E2,1.248358839277E2,-6.813360041822E1));
#2397=DIRECTION('',(0.E0,9.912155402515E-1,1.322563902572E-1));
#2398=DIRECTION('',(-1.E0,0.E0,-4.736951571734E-14));
#2399=AXIS2_PLACEMENT_3D('',#2396,#2397,#2398);
#2401=CURVE_STYLE('',#136,POSITIVE_LENGTH_MEASURE(2.E-2),#78);
#2402=PRESENTATION_STYLE_ASSIGNMENT((#2401));
#2403=STYLED_ITEM('',(#2402),#2400);
#2404=CARTESIAN_POINT('',(-1.061499992E2,1.269430326378E2,-6.785244675303E1));
#2405=DIRECTION('',(0.E0,9.912155402515E-1,1.322563902572E-1));
#2406=DIRECTION('',(-1.E0,0.E0,-9.473903143468E-14));
#2407=AXIS2_PLACEMENT_3D('',#2404,#2405,#2406);
#2409=CURVE_STYLE('',#136,POSITIVE_LENGTH_MEASURE(2.E-2),#78);
#2410=PRESENTATION_STYLE_ASSIGNMENT((#2409));
#2411=STYLED_ITEM('',(#2410),#2408);
#2412=CARTESIAN_POINT('',(-1.061499992E2,1.286103277319E2,-6.675723858274E1));
#2413=DIRECTION('',(0.E0,5.150380749101E-1,8.571673007021E-1));
#2414=DIRECTION('',(-1.E0,-1.894780628694E-13,9.473903143468E-14));
#2415=AXIS2_PLACEMENT_3D('',#2412,#2413,#2414);
#2417=CURVE_STYLE('',#136,POSITIVE_LENGTH_MEASURE(2.E-2),#78);
#2418=PRESENTATION_STYLE_ASSIGNMENT((#2417));
#2419=STYLED_ITEM('',(#2418),#2416);
#2420=CARTESIAN_POINT('',(-1.061499992E2,1.435663934991E2,-4.186616518987E1));
#2421=DIRECTION('',(4.867081051998E-13,5.150380749093E-1,8.571673007025E-1));
#2422=DIRECTION('',(-1.E0,-4.182728237841E-10,2.518637150691E-10));
#2423=AXIS2_PLACEMENT_3D('',#2420,#2421,#2422);
#2425=CURVE_STYLE('',#136,POSITIVE_LENGTH_MEASURE(2.E-2),#78);
#2426=PRESENTATION_STYLE_ASSIGNMENT((#2425));
#2427=STYLED_ITEM('',(#2426),#2424);
#2428=CARTESIAN_POINT('',(-1.061499992E2,1.439953429341E2,-4.154058731433E1));
#2429=CARTESIAN_POINT('',(-1.061499994235E2,1.439819375109E2,
-4.153253278422E1));
#2430=CARTESIAN_POINT('',(-1.061514454137E2,1.439548259791E2,
-4.151792947285E1));
#2431=CARTESIAN_POINT('',(-1.061578397761E2,1.439128223916E2,
-4.150015104802E1));
#2432=CARTESIAN_POINT('',(-1.061681432111E2,1.438711744799E2,
-4.148714678935E1));
#2433=CARTESIAN_POINT('',(-1.061818815137E2,1.438309000671E2,
-4.147897504336E1));
#2434=CARTESIAN_POINT('',(-1.061984778947E2,1.437930020546E2,
-4.147556551253E1));
#2435=CARTESIAN_POINT('',(-1.062173037023E2,1.437582514515E2,
-4.147664805949E1));
#2436=CARTESIAN_POINT('',(-1.062377162536E2,1.437272423696E2,
-4.148182988733E1));
#2437=CARTESIAN_POINT('',(-1.062590875747E2,1.437003890813E2,
-4.149062730089E1));
#2438=CARTESIAN_POINT('',(-1.062808270730E2,1.436779448822E2,
-4.150250349030E1));
#2439=CARTESIAN_POINT('',(-1.063023972051E2,1.436600186877E2,
-4.151689678241E1));
#2440=CARTESIAN_POINT('',(-1.063233373368E2,1.436465919760E2,
-4.153325865707E1));
#2441=CARTESIAN_POINT('',(-1.063432513852E2,1.436375487747E2,
-4.155105734752E1));
#2442=CARTESIAN_POINT('',(-1.063618848639E2,1.436327014860E2,
-4.156988324117E1));
#2443=CARTESIAN_POINT('',(-1.063789209911E2,1.436318313157E2,
-4.158923530512E1));
#2444=CARTESIAN_POINT('',(-1.063945076451E2,1.436347781287E2,
-4.160918984009E1));
#2445=CARTESIAN_POINT('',(-1.064080701491E2,1.436413892177E2,
-4.162898465322E1));
#2446=CARTESIAN_POINT('',(-1.064188493145E2,1.436505799396E2,
-4.164708233043E1));
#2447=CARTESIAN_POINT('',(-1.064272587955E2,1.436614328099E2,
-4.166341417422E1));
#2448=CARTESIAN_POINT('',(-1.064339682540E2,1.436738972919E2,
-4.167873106882E1));
#2449=CARTESIAN_POINT('',(-1.064393006926E2,1.436880813123E2,
-4.169347468938E1));
#2450=CARTESIAN_POINT('',(-1.064434758925E2,1.437043764485E2,
-4.170813672125E1));
#2451=CARTESIAN_POINT('',(-1.064465920233E2,1.437233899725E2,
-4.172319658661E1));
#2452=CARTESIAN_POINT('',(-1.064486736256E2,1.437460082751E2,
-4.173921548103E1));
#2453=CARTESIAN_POINT('',(-1.064497420340E2,1.437728082570E2,
-4.175656504911E1));
#2454=CARTESIAN_POINT('',(-1.064500190995E2,1.438044344939E2,
-4.177589096903E1));
#2455=CARTESIAN_POINT('',(-1.064499992999E2,1.438282592628E2,
-4.179018391805E1));
#2456=CARTESIAN_POINT('',(-1.064499992999E2,1.438408441070E2,
-4.179774565533E1));
#2458=CURVE_STYLE('',#136,POSITIVE_LENGTH_MEASURE(2.E-2),#78);
#2459=PRESENTATION_STYLE_ASSIGNMENT((#2458));
#2460=STYLED_ITEM('',(#2459),#2457);
#2461=DIRECTION('',(-7.071067811867E-1,-3.641869153296E-1,-6.061088109429E-1));
#2462=VECTOR('',#2461,7.071067811866E-1);
#2463=CARTESIAN_POINT('',(-1.061499992E2,1.465296322660E2,-4.306334197105E1));
#2464=LINE('',#2463,#2462);
#2465=CURVE_STYLE('',#136,POSITIVE_LENGTH_MEASURE(2.E-2),#78);
#2466=PRESENTATION_STYLE_ASSIGNMENT((#2465));
#2467=STYLED_ITEM('',(#2466),#2464);
#2468=DIRECTION('',(3.254005389421E-12,-8.571673007099E-1,5.150380748971E-1));
#2469=VECTOR('',#2468,2.956586572803E0);
#2470=CARTESIAN_POINT('',(-1.061499992E2,1.465296322660E2,-4.306334197105E1));
#2471=LINE('',#2470,#2469);
#2472=CURVE_STYLE('',#136,POSITIVE_LENGTH_MEASURE(2.E-2),#78);
#2473=PRESENTATION_STYLE_ASSIGNMENT((#2472));
#2474=STYLED_ITEM('',(#2473),#2471);
#2475=DIRECTION('',(-3.236155771201E-1,5.954558101939E-1,-7.353266868213E-1));
#2476=VECTOR('',#2475,6.180172220843E-1);
#2477=CARTESIAN_POINT('',(-1.064499992E2,1.452183774423E2,-4.262545060517E1));
#2478=LINE('',#2477,#2476);
#2479=CURVE_STYLE('',#136,POSITIVE_LENGTH_MEASURE(2.E-2),#78);
#2480=PRESENTATION_STYLE_ASSIGNMENT((#2479));
#2481=STYLED_ITEM('',(#2480),#2478);
#2482=DIRECTION('',(4.293708246136E-12,-5.150380749202E-1,-8.571673006960E-1));
#2483=VECTOR('',#2482,1.399999999986E0);
#2484=CARTESIAN_POINT('',(-1.064499992E2,1.452183774423E2,-4.262545060517E1));
#2485=LINE('',#2484,#2483);
#2486=CURVE_STYLE('',#136,POSITIVE_LENGTH_MEASURE(2.E-2),#78);
#2487=PRESENTATION_STYLE_ASSIGNMENT((#2486));
#2488=STYLED_ITEM('',(#2487),#2485);
#2489=DIRECTION('',(4.736951571722E-14,5.150380749100E-1,8.571673007021E-1));
#2490=VECTOR('',#2489,1.200000000003E0);
#2491=CARTESIAN_POINT('',(-1.066499992E2,1.449683336981E2,-4.410849592233E1));
#2492=LINE('',#2491,#2490);
#2493=CURVE_STYLE('',#136,POSITIVE_LENGTH_MEASURE(2.E-2),#78);
#2494=PRESENTATION_STYLE_ASSIGNMENT((#2493));
#2495=STYLED_ITEM('',(#2494),#2492);
#2496=DIRECTION('',(-3.420201433255E-1,8.054737872488E-1,-4.839774784168E-1));
#2497=VECTOR('',#2496,5.847608800359E-1);
#2498=CARTESIAN_POINT('',(-1.064499992E2,1.444973241374E2,-4.382548482613E1));
#2499=LINE('',#2498,#2497);
#2500=CURVE_STYLE('',#136,POSITIVE_LENGTH_MEASURE(2.E-2),#78);
#2501=PRESENTATION_STYLE_ASSIGNMENT((#2500));
#2502=STYLED_ITEM('',(#2501),#2499);
#2503=DIRECTION('',(3.420201433256E-1,-4.839774784168E-1,-8.054737872487E-1));
#2504=VECTOR('',#2503,5.847608800358E-1);
#2505=CARTESIAN_POINT('',(-1.066499992E2,1.450709724658E2,-4.452015753501E1));
#2506=LINE('',#2505,#2504);
#2507=CURVE_STYLE('',#136,POSITIVE_LENGTH_MEASURE(2.E-2),#78);
#2508=PRESENTATION_STYLE_ASSIGNMENT((#2507));
#2509=STYLED_ITEM('',(#2508),#2506);
#2510=DIRECTION('',(-1.705302565845E-13,5.150380749100E-1,8.571673007022E-1));
#2511=VECTOR('',#2510,9.999999999877E-1);
#2512=CARTESIAN_POINT('',(-1.066499992E2,1.459281397665E2,-4.503519560992E1));
#2513=LINE('',#2512,#2511);
#2514=CURVE_STYLE('',#136,POSITIVE_LENGTH_MEASURE(2.E-2),#78);
#2515=PRESENTATION_STYLE_ASSIGNMENT((#2514));
#2516=STYLED_ITEM('',(#2515),#2513);
#2517=CARTESIAN_POINT('',(-1.066499992E2,1.460145941911E2,-4.392050927176E1));
#2518=DIRECTION('',(1.E0,-7.544454443773E-14,0.E0));
#2519=DIRECTION('',(5.684341886080E-14,8.571673007021E-1,-5.150380749101E-1));
#2520=AXIS2_PLACEMENT_3D('',#2517,#2518,#2519);
#2522=CURVE_STYLE('',#136,POSITIVE_LENGTH_MEASURE(2.E-2),#78);
#2523=PRESENTATION_STYLE_ASSIGNMENT((#2522));
#2524=STYLED_ITEM('',(#2523),#2521);
#2525=DIRECTION('',(1.598721155492E-13,-8.571673007020E-1,5.150380749102E-1));
#2526=VECTOR('',#2525,7.999999999839E-1);
#2527=CARTESIAN_POINT('',(-1.066499992E2,1.462721132285E2,-4.349192562140E1));
#2528=LINE('',#2527,#2526);
#2529=CURVE_STYLE('',#136,POSITIVE_LENGTH_MEASURE(2.E-2),#78);
#2530=PRESENTATION_STYLE_ASSIGNMENT((#2529));
#2531=STYLED_ITEM('',(#2530),#2528);
#2532=CARTESIAN_POINT('',(-1.066499992E2,1.452254838883E2,-4.426300734480E1));
#2533=DIRECTION('',(-1.E0,9.192280166688E-14,-2.298070041672E-14));
#2534=DIRECTION('',(-4.736951571765E-14,-5.150380749101E-1,-8.571673007021E-1));
#2535=AXIS2_PLACEMENT_3D('',#2532,#2533,#2534);
#2537=CURVE_STYLE('',#136,POSITIVE_LENGTH_MEASURE(2.E-2),#78);
#2538=PRESENTATION_STYLE_ASSIGNMENT((#2537));
#2539=STYLED_ITEM('',(#2538),#2536);
#2540=DIRECTION('',(-6.785983445459E-1,-4.369030205596E-1,5.904405451910E-1));
#2541=VECTOR('',#2540,4.317210847623E-1);
#2542=CARTESIAN_POINT('',(-1.061570339866E2,1.383654456916E2,
-5.857877543335E1));
#2543=LINE('',#2542,#2541);
#2544=CURVE_STYLE('',#136,POSITIVE_LENGTH_MEASURE(2.E-2),#78);
#2545=PRESENTATION_STYLE_ASSIGNMENT((#2544));
#2546=STYLED_ITEM('',(#2545),#2543);
#2547=CARTESIAN_POINT('',(-1.061499992E2,1.384324595053E2,-5.848090448811E1));
#2548=CARTESIAN_POINT('',(-1.061499992E2,1.384119885575E2,-5.851497386652E1));
#2549=CARTESIAN_POINT('',(-1.061523603961E2,1.383896376680E2,
-5.854758748565E1));
#2550=CARTESIAN_POINT('',(-1.061570339866E2,1.383654456916E2,
-5.857877543335E1));
#2552=CURVE_STYLE('',#136,POSITIVE_LENGTH_MEASURE(2.E-2),#78);
#2553=PRESENTATION_STYLE_ASSIGNMENT((#2552));
#2554=STYLED_ITEM('',(#2553),#2551);
#2555=DIRECTION('',(-6.591232027233E-14,5.150380749101E-1,8.571673007021E-1));
#2556=VECTOR('',#2555,1.638578271700E1);
#2557=CARTESIAN_POINT('',(-1.061499992E2,1.384324595053E2,-5.848090448811E1));
#2558=LINE('',#2557,#2556);
#2559=CURVE_STYLE('',#136,POSITIVE_LENGTH_MEASURE(2.E-2),#78);
#2560=PRESENTATION_STYLE_ASSIGNMENT((#2559));
#2561=STYLED_ITEM('',(#2560),#2558);
#2562=CARTESIAN_POINT('',(-1.061570339866E2,1.379304014936E2,
-5.890069120582E1));
#2563=CARTESIAN_POINT('',(-1.061606511900E2,1.379589594964E2,
-5.888984295685E1));
#2564=CARTESIAN_POINT('',(-1.061666972746E2,1.380150126936E2,
-5.886555454420E1));
#2565=CARTESIAN_POINT('',(-1.061721500933E2,1.380952637857E2,
-5.882167400069E1));
#2566=CARTESIAN_POINT('',(-1.061739631259E2,1.381709365173E2,
-5.877083350244E1));
#2567=CARTESIAN_POINT('',(-1.061721500933E2,1.382416800932E2,
-5.871333163243E1));
#2568=CARTESIAN_POINT('',(-1.061666972746E2,1.383071064142E2,
-5.864941656071E1));
#2569=CARTESIAN_POINT('',(-1.061606511900E2,1.383467219076E2,
-5.860291386626E1));
#2570=CARTESIAN_POINT('',(-1.061570339866E2,1.383654456916E2,
-5.857877543335E1));
#2572=CURVE_STYLE('',#136,POSITIVE_LENGTH_MEASURE(2.E-2),#78);
#2573=PRESENTATION_STYLE_ASSIGNMENT((#2572));
#2574=STYLED_ITEM('',(#2573),#2571);
#2575=DIRECTION('',(0.E0,-9.702957262760E-1,-2.419218955997E-1));
#2576=VECTOR('',#2575,1.201340789559E0);
#2577=CARTESIAN_POINT('',(-1.064499992E2,1.377417812476E2,-5.864578557316E1));
#2578=LINE('',#2577,#2576);
#2579=CURVE_STYLE('',#136,POSITIVE_LENGTH_MEASURE(2.E-2),#78);
#2580=PRESENTATION_STYLE_ASSIGNMENT((#2579));
#2581=STYLED_ITEM('',(#2580),#2578);
#2582=DIRECTION('',(1.315794971090E-14,9.702957262760E-1,2.419218955997E-1));
#2583=VECTOR('',#2582,1.080020445999E0);
#2584=CARTESIAN_POINT('',(-1.061499992E2,1.367692748772E2,-5.919744273306E1));
#2585=LINE('',#2584,#2583);
#2586=CURVE_STYLE('',#136,POSITIVE_LENGTH_MEASURE(2.E-2),#78);
#2587=PRESENTATION_STYLE_ASSIGNMENT((#2586));
#2588=STYLED_ITEM('',(#2587),#2585);
#2589=CARTESIAN_POINT('',(-1.061570339866E2,1.379304014936E2,
-5.890069120582E1));
#2590=CARTESIAN_POINT('',(-1.061523603961E2,1.378935032615E2,
-5.891470763442E1));
#2591=CARTESIAN_POINT('',(-1.061499992E2,1.378557799347E2,-5.892654659697E1));
#2592=CARTESIAN_POINT('',(-1.061499992E2,1.378172141002E2,-5.893616213947E1));
#2594=CURVE_STYLE('',#136,POSITIVE_LENGTH_MEASURE(2.E-2),#78);
#2595=PRESENTATION_STYLE_ASSIGNMENT((#2594));
#2596=STYLED_ITEM('',(#2595),#2593);
#2597=DIRECTION('',(-6.785983445459E-1,-4.369030205598E-1,5.904405451909E-1));
#2598=VECTOR('',#2597,4.317210847623E-1);
#2599=CARTESIAN_POINT('',(-1.061570339866E2,1.379304014936E2,
-5.890069120582E1));
#2600=LINE('',#2599,#2598);
#2601=CURVE_STYLE('',#136,POSITIVE_LENGTH_MEASURE(2.E-2),#78);
#2602=PRESENTATION_STYLE_ASSIGNMENT((#2601));
#2603=STYLED_ITEM('',(#2602),#2600);
#2604=DIRECTION('',(-6.785983445458E-1,-4.369030205600E-1,5.904405451908E-1));
#2605=VECTOR('',#2604,4.420877274624E-1);
#2606=CARTESIAN_POINT('',(-1.061499992E2,1.367692748772E2,-5.919744273306E1));
#2607=LINE('',#2606,#2605);
#2608=CURVE_STYLE('',#136,POSITIVE_LENGTH_MEASURE(2.E-2),#78);
#2609=PRESENTATION_STYLE_ASSIGNMENT((#2608));
#2610=STYLED_ITEM('',(#2609),#2607);
#2611=DIRECTION('',(-7.071067811865E-1,-6.861026878056E-1,-1.710646128979E-1));
#2612=VECTOR('',#2611,4.242640687119E-1);
#2613=CARTESIAN_POINT('',(-1.061499992E2,1.324697553945E2,-6.805795538567E1));
#2614=LINE('',#2613,#2612);
#2615=CURVE_STYLE('',#136,POSITIVE_LENGTH_MEASURE(2.E-2),#78);
#2616=PRESENTATION_STYLE_ASSIGNMENT((#2615));
#2617=STYLED_ITEM('',(#2616),#2614);
#2618=DIRECTION('',(7.071067811866E-1,6.061088109175E-1,-3.641869153719E-1));
#2619=VECTOR('',#2618,4.242640687118E-1);
#2620=CARTESIAN_POINT('',(-1.064499992E2,1.325517642242E2,-6.563407797157E1));
#2621=LINE('',#2620,#2619);
#2622=CURVE_STYLE('',#136,POSITIVE_LENGTH_MEASURE(2.E-2),#78);
#2623=PRESENTATION_STYLE_ASSIGNMENT((#2622));
#2624=STYLED_ITEM('',(#2623),#2621);
#2625=DIRECTION('',(6.008735611646E-14,2.419218955998E-1,-9.702957262760E-1));
#2626=VECTOR('',#2625,1.419019471017E0);
#2627=CARTESIAN_POINT('',(-1.061499992E2,1.324697553945E2,-6.805795538567E1));
#2628=LINE('',#2627,#2626);
#2629=CURVE_STYLE('',#136,POSITIVE_LENGTH_MEASURE(2.E-2),#78);
#2630=PRESENTATION_STYLE_ASSIGNMENT((#2629));
#2631=STYLED_ITEM('',(#2630),#2628);
#2632=DIRECTION('',(1.E0,0.E0,4.263256414561E-13));
#2633=VECTOR('',#2632,4.E-1);
#2634=CARTESIAN_POINT('',(-1.061499992E2,1.328130472748E2,-6.943482391390E1));
#2635=LINE('',#2634,#2633);
#2636=CURVE_STYLE('',#136,POSITIVE_LENGTH_MEASURE(2.E-2),#78);
#2637=PRESENTATION_STYLE_ASSIGNMENT((#2636));
#2638=STYLED_ITEM('',(#2637),#2635);
#2639=DIRECTION('',(-6.008735611778E-14,-2.419218955998E-1,9.702957262760E-1));
#2640=VECTOR('',#2639,1.419019470986E0);
#2641=CARTESIAN_POINT('',(-1.057499992E2,1.328130472748E2,-6.943482391390E1));
#2642=LINE('',#2641,#2640);
#2643=CURVE_STYLE('',#136,POSITIVE_LENGTH_MEASURE(2.E-2),#78);
#2644=PRESENTATION_STYLE_ASSIGNMENT((#2643));
#2645=STYLED_ITEM('',(#2644),#2642);
#2646=DIRECTION('',(-1.E0,-1.911359959195E-11,7.556621994809E-11));
#2647=VECTOR('',#2646,4.E-1);
#2648=CARTESIAN_POINT('',(-1.057499992E2,1.324697553945E2,-6.805795538570E1));
#2649=LINE('',#2648,#2647);
#2650=CURVE_STYLE('',#136,POSITIVE_LENGTH_MEASURE(2.E-2),#78);
#2651=PRESENTATION_STYLE_ASSIGNMENT((#2650));
#2652=STYLED_ITEM('',(#2651),#2649);
#2653=CARTESIAN_POINT('',(-1.061499992E2,1.357219938631E2,-6.870954207066E1));
#2654=DIRECTION('',(1.E0,0.E0,0.E0));
#2655=DIRECTION('',(0.E0,-9.702957262759E-1,-2.419218955999E-1));
#2656=AXIS2_PLACEMENT_3D('',#2653,#2654,#2655);
#2658=CURVE_STYLE('',#136,POSITIVE_LENGTH_MEASURE(2.E-2),#78);
#2659=PRESENTATION_STYLE_ASSIGNMENT((#2658));
#2660=STYLED_ITEM('',(#2659),#2657);
#2661=DIRECTION('',(1.E0,-1.989519660130E-12,5.364597654992E-12));
#2662=VECTOR('',#2661,3.999999999997E-1);
#2663=CARTESIAN_POINT('',(-1.061499992E2,1.329256808033E2,-6.979057735115E1));
#2664=LINE('',#2663,#2662);
#2665=CURVE_STYLE('',#136,POSITIVE_LENGTH_MEASURE(2.E-2),#78);
#2666=PRESENTATION_STYLE_ASSIGNMENT((#2665));
#2667=STYLED_ITEM('',(#2666),#2664);
#2668=CARTESIAN_POINT('',(-1.057499992E2,1.357219938631E2,-6.870954207066E1));
#2669=DIRECTION('',(-1.E0,0.E0,0.E0));
#2670=DIRECTION('',(0.E0,-9.327261703975E-1,-3.605854837007E-1));
#2671=AXIS2_PLACEMENT_3D('',#2668,#2669,#2670);
#2673=CURVE_STYLE('',#136,POSITIVE_LENGTH_MEASURE(2.E-2),#78);
#2674=PRESENTATION_STYLE_ASSIGNMENT((#2673));
#2675=STYLED_ITEM('',(#2674),#2672);
#2676=DIRECTION('',(-7.071067811865E-1,6.595370000780E-1,2.549724407229E-1));
#2677=VECTOR('',#2676,7.071067811866E-1);
#2678=CARTESIAN_POINT('',(-1.052499992E2,1.324593177181E2,-6.997087009300E1));
#2679=LINE('',#2678,#2677);
#2680=CURVE_STYLE('',#136,POSITIVE_LENGTH_MEASURE(2.E-2),#78);
#2681=PRESENTATION_STYLE_ASSIGNMENT((#2680));
#2682=STYLED_ITEM('',(#2681),#2679);
#2683=DIRECTION('',(-7.071067811865E-1,6.861026878063E-1,1.710646128953E-1));
#2684=VECTOR('',#2683,7.071067811866E-1);
#2685=CARTESIAN_POINT('',(-1.052499992E2,1.323278994116E2,-6.955578486170E1));
#2686=LINE('',#2685,#2684);
#2687=CURVE_STYLE('',#136,POSITIVE_LENGTH_MEASURE(2.E-2),#78);
#2688=PRESENTATION_STYLE_ASSIGNMENT((#2687));
#2689=STYLED_ITEM('',(#2688),#2686);
#2690=DIRECTION('',(-7.071067811865E-1,6.861026878002E-1,1.710646129197E-1));
#2691=VECTOR('',#2690,7.071067811865E-1);
#2692=CARTESIAN_POINT('',(-1.052499992E2,1.319846075313E2,-6.817891633352E1));
#2693=LINE('',#2692,#2691);
#2694=CURVE_STYLE('',#136,POSITIVE_LENGTH_MEASURE(2.E-2),#78);
#2695=PRESENTATION_STYLE_ASSIGNMENT((#2694));
#2696=STYLED_ITEM('',(#2695),#2693);
#2697=DIRECTION('',(-7.071067811866E-1,6.061088109232E-1,-3.641869153625E-1));
#2698=VECTOR('',#2697,7.071067811864E-1);
#2699=CARTESIAN_POINT('',(-1.052499992E2,1.323803307640E2,-6.553107035658E1));
#2700=LINE('',#2699,#2698);
#2701=CURVE_STYLE('',#136,POSITIVE_LENGTH_MEASURE(2.E-2),#78);
#2702=PRESENTATION_STYLE_ASSIGNMENT((#2701));
#2703=STYLED_ITEM('',(#2702),#2700);
#2704=DIRECTION('',(-6.785983445458E-1,4.369030205599E-1,-5.904405451909E-1));
#2705=VECTOR('',#2704,7.368128791040E-1);
#2706=CARTESIAN_POINT('',(-1.052499992E2,1.364473591047E2,-5.876239853501E1));
#2707=LINE('',#2706,#2705);
#2708=CURVE_STYLE('',#136,POSITIVE_LENGTH_MEASURE(2.E-2),#78);
#2709=PRESENTATION_STYLE_ASSIGNMENT((#2708));
#2710=STYLED_ITEM('',(#2709),#2707);
#2711=DIRECTION('',(2.032906968051E-14,-5.150380749101E-1,-8.571673007021E-1));
#2712=VECTOR('',#2711,7.689451820665E0);
#2713=CARTESIAN_POINT('',(-1.061499992E2,1.367692748772E2,-5.919744273306E1));
#2714=LINE('',#2713,#2712);
#2715=CURVE_STYLE('',#136,POSITIVE_LENGTH_MEASURE(2.E-2),#78);
#2716=PRESENTATION_STYLE_ASSIGNMENT((#2715));
#2717=STYLED_ITEM('',(#2716),#2714);
#2718=DIRECTION('',(-1.E0,7.105427357607E-14,3.552713678803E-14));
#2719=VECTOR('',#2718,3.999999999997E-1);
#2720=CARTESIAN_POINT('',(-1.057499992E2,1.328089144144E2,-6.578858939405E1));
#2721=LINE('',#2720,#2719);
#2722=CURVE_STYLE('',#136,POSITIVE_LENGTH_MEASURE(2.E-2),#78);
#2723=PRESENTATION_STYLE_ASSIGNMENT((#2722));
#2724=STYLED_ITEM('',(#2723),#2721);
#2725=DIRECTION('',(2.217716692419E-14,5.150380749101E-1,8.571673007021E-1));
#2726=VECTOR('',#2725,7.689451820665E0);
#2727=CARTESIAN_POINT('',(-1.057499992E2,1.328089144144E2,-6.578858939405E1));
#2728=LINE('',#2727,#2726);
#2729=CURVE_STYLE('',#136,POSITIVE_LENGTH_MEASURE(2.E-2),#78);
#2730=PRESENTATION_STYLE_ASSIGNMENT((#2729));
#2731=STYLED_ITEM('',(#2730),#2728);
#2732=DIRECTION('',(-1.E0,0.E0,0.E0));
#2733=VECTOR('',#2732,4.E-1);
#2734=CARTESIAN_POINT('',(-1.057499992E2,1.367692748772E2,-5.919744273306E1));
#2735=LINE('',#2734,#2733);
#2736=CURVE_STYLE('',#136,POSITIVE_LENGTH_MEASURE(2.E-2),#78);
#2737=PRESENTATION_STYLE_ASSIGNMENT((#2736));
#2738=STYLED_ITEM('',(#2737),#2735);
#2739=CARTESIAN_POINT('',(-1.061499992E2,1.353787019818E2,-6.733267354266E1));
#2740=DIRECTION('',(1.E0,0.E0,0.E0));
#2741=DIRECTION('',(0.E0,-8.571673007021E-1,5.150380749101E-1));
#2742=AXIS2_PLACEMENT_3D('',#2739,#2740,#2741);
#2744=CURVE_STYLE('',#136,POSITIVE_LENGTH_MEASURE(2.E-2),#78);
#2745=PRESENTATION_STYLE_ASSIGNMENT((#2744));
#2746=STYLED_ITEM('',(#2745),#2743);
#2747=CARTESIAN_POINT('',(-1.057499992E2,1.353787019818E2,-6.733267354266E1));
#2748=DIRECTION('',(-1.E0,0.E0,0.E0));
#2749=DIRECTION('',(0.E0,-9.702957262759E-1,-2.419218955999E-1));
#2750=AXIS2_PLACEMENT_3D('',#2747,#2748,#2749);
#2752=CURVE_STYLE('',#136,POSITIVE_LENGTH_MEASURE(2.E-2),#78);
#2753=PRESENTATION_STYLE_ASSIGNMENT((#2752));
#2754=STYLED_ITEM('',(#2753),#2751);
#2755=DIRECTION('',(0.E0,-9.702957262760E-1,-2.419218955997E-1));
#2756=VECTOR('',#2755,1.080020445999E0);
#2757=CARTESIAN_POINT('',(-1.057499992E2,1.378172141002E2,-5.893616213947E1));
#2758=LINE('',#2757,#2756);
#2759=CURVE_STYLE('',#136,POSITIVE_LENGTH_MEASURE(2.E-2),#78);
#2760=PRESENTATION_STYLE_ASSIGNMENT((#2759));
#2761=STYLED_ITEM('',(#2760),#2758);
#2762=DIRECTION('',(0.E0,9.702957262760E-1,2.419218955997E-1));
#2763=VECTOR('',#2762,1.201340789559E0);
#2764=CARTESIAN_POINT('',(-1.052499992E2,1.364473591047E2,-5.876239853501E1));
#2765=LINE('',#2764,#2763);
#2766=CURVE_STYLE('',#136,POSITIVE_LENGTH_MEASURE(2.E-2),#78);
#2767=PRESENTATION_STYLE_ASSIGNMENT((#2766));
#2768=STYLED_ITEM('',(#2767),#2765);
#2769=DIRECTION('',(-6.785983445459E-1,4.369030205598E-1,-5.904405451909E-1));
#2770=VECTOR('',#2769,7.264462364039E-1);
#2771=CARTESIAN_POINT('',(-1.052499992E2,1.376130149386E2,-5.847176789394E1));
#2772=LINE('',#2771,#2770);
#2773=CURVE_STYLE('',#136,POSITIVE_LENGTH_MEASURE(2.E-2),#78);
#2774=PRESENTATION_STYLE_ASSIGNMENT((#2773));
#2775=STYLED_ITEM('',(#2774),#2772);
#2776=CARTESIAN_POINT('',(-1.057499992E2,1.378172141002E2,-5.893616213947E1));
#2777=CARTESIAN_POINT('',(-1.057499992E2,1.378557799347E2,-5.892654659697E1));
#2778=CARTESIAN_POINT('',(-1.057476380039E2,1.378935032615E2,
-5.891470763442E1));
#2779=CARTESIAN_POINT('',(-1.057429644134E2,1.379304014936E2,
-5.890069120582E1));
#2781=CURVE_STYLE('',#136,POSITIVE_LENGTH_MEASURE(2.E-2),#78);
#2782=PRESENTATION_STYLE_ASSIGNMENT((#2781));
#2783=STYLED_ITEM('',(#2782),#2780);
#2784=DIRECTION('',(-6.785983445458E-1,4.369030205598E-1,-5.904405451909E-1));
#2785=VECTOR('',#2784,7.264462364039E-1);
#2786=CARTESIAN_POINT('',(-1.052499992E2,1.380480591367E2,-5.814985212147E1));
#2787=LINE('',#2786,#2785);
#2788=CURVE_STYLE('',#136,POSITIVE_LENGTH_MEASURE(2.E-2),#78);
#2789=PRESENTATION_STYLE_ASSIGNMENT((#2788));
#2790=STYLED_ITEM('',(#2789),#2787);
#2791=DIRECTION('',(7.071067811865E-1,-6.061088109329E-1,3.641869153464E-1));
#2792=VECTOR('',#2791,7.071067811865E-1);
#2793=CARTESIAN_POINT('',(-1.057499992E2,1.468717614918E2,-4.443554734669E1));
#2794=LINE('',#2793,#2792);
#2795=CURVE_STYLE('',#136,POSITIVE_LENGTH_MEASURE(2.E-2),#78);
#2796=PRESENTATION_STYLE_ASSIGNMENT((#2795));
#2797=STYLED_ITEM('',(#2796),#2794);
#2798=CARTESIAN_POINT('',(-1.057429644134E2,1.383654456916E2,
-5.857877543335E1));
#2799=CARTESIAN_POINT('',(-1.057476380039E2,1.383896376680E2,
-5.854758748565E1));
#2800=CARTESIAN_POINT('',(-1.057499992E2,1.384119885575E2,-5.851497386652E1));
#2801=CARTESIAN_POINT('',(-1.057499992E2,1.384324595053E2,-5.848090448811E1));
#2803=CURVE_STYLE('',#136,POSITIVE_LENGTH_MEASURE(2.E-2),#78);
#2804=PRESENTATION_STYLE_ASSIGNMENT((#2803));
#2805=STYLED_ITEM('',(#2804),#2802);
#2806=DIRECTION('',(7.071067811864E-1,-3.641869153299E-1,-6.061088109430E-1));
#2807=VECTOR('',#2806,7.071067811863E-1);
#2808=CARTESIAN_POINT('',(-1.057499992E2,1.465296322660E2,-4.306334197105E1));
#2809=LINE('',#2808,#2807);
#2810=CURVE_STYLE('',#136,POSITIVE_LENGTH_MEASURE(2.E-2),#78);
#2811=PRESENTATION_STYLE_ASSIGNMENT((#2810));
#2812=STYLED_ITEM('',(#2811),#2809);
#2813=CARTESIAN_POINT('',(-1.061499992E2,1.460145941911E2,-4.392050927176E1));
#2814=DIRECTION('',(1.E0,-2.991366286263E-13,-3.880760538422E-13));
#2815=DIRECTION('',(5.684341886081E-14,8.571673007021E-1,-5.150380749101E-1));
#2816=AXIS2_PLACEMENT_3D('',#2813,#2814,#2815);
#2818=CURVE_STYLE('',#136,POSITIVE_LENGTH_MEASURE(2.E-2),#78);
#2819=PRESENTATION_STYLE_ASSIGNMENT((#2818));
#2820=STYLED_ITEM('',(#2819),#2817);
#2821=CARTESIAN_POINT('',(-1.057499992E2,1.460145941911E2,-4.392050927176E1));
#2822=DIRECTION('',(-1.E0,2.991366286263E-13,3.880760538422E-13));
#2823=DIRECTION('',(4.831690603169E-13,5.150380749101E-1,8.571673007021E-1));
#2824=AXIS2_PLACEMENT_3D('',#2821,#2822,#2823);
#2826=CURVE_STYLE('',#136,POSITIVE_LENGTH_MEASURE(2.E-2),#78);
#2827=PRESENTATION_STYLE_ASSIGNMENT((#2826));
#2828=STYLED_ITEM('',(#2827),#2825);
#2829=DIRECTION('',(-1.E0,5.684341886061E-13,6.217248937879E-13));
#2830=VECTOR('',#2829,4.000000000014E-1);
#2831=CARTESIAN_POINT('',(-1.057499992E2,1.465296322660E2,-4.306334197105E1));
#2832=LINE('',#2831,#2830);
#2833=CURVE_STYLE('',#136,POSITIVE_LENGTH_MEASURE(2.E-2),#78);
#2834=PRESENTATION_STYLE_ASSIGNMENT((#2833));
#2835=STYLED_ITEM('',(#2834),#2832);
#2836=DIRECTION('',(-7.071067811866E-1,-6.061088109328E-1,3.641869153465E-1));
#2837=VECTOR('',#2836,7.071067811864E-1);
#2838=CARTESIAN_POINT('',(-1.061499992E2,1.468717614918E2,-4.443554734669E1));
#2839=LINE('',#2838,#2837);
#2840=CURVE_STYLE('',#136,POSITIVE_LENGTH_MEASURE(2.E-2),#78);
#2841=PRESENTATION_STYLE_ASSIGNMENT((#2840));
#2842=STYLED_ITEM('',(#2841),#2839);
#2843=DIRECTION('',(-1.E0,2.842170943040E-13,1.953992523340E-13));
#2844=VECTOR('',#2843,4.E-1);
#2845=CARTESIAN_POINT('',(-1.057499992E2,1.384324595053E2,-5.848090448811E1));
#2846=LINE('',#2845,#2844);
#2847=CURVE_STYLE('',#136,POSITIVE_LENGTH_MEASURE(2.E-2),#78);
#2848=PRESENTATION_STYLE_ASSIGNMENT((#2847));
#2849=STYLED_ITEM('',(#2848),#2846);
#2850=DIRECTION('',(-1.387627795207E-14,-5.150380749101E-1,-8.571673007021E-1));
#2851=VECTOR('',#2850,1.638578271700E1);
#2852=CARTESIAN_POINT('',(-1.057499992E2,1.468717614918E2,-4.443554734669E1));
#2853=LINE('',#2852,#2851);
#2854=CURVE_STYLE('',#136,POSITIVE_LENGTH_MEASURE(2.E-2),#78);
#2855=PRESENTATION_STYLE_ASSIGNMENT((#2854));
#2856=STYLED_ITEM('',(#2855),#2853);
#2857=DIRECTION('',(-1.E0,0.E0,4.796163466365E-13));
#2858=VECTOR('',#2857,4.000000000013E-1);
#2859=CARTESIAN_POINT('',(-1.057499992E2,1.468717614918E2,-4.443554734669E1));
#2860=LINE('',#2859,#2858);
#2861=CURVE_STYLE('',#136,POSITIVE_LENGTH_MEASURE(2.E-2),#78);
#2862=PRESENTATION_STYLE_ASSIGNMENT((#2861));
#2863=STYLED_ITEM('',(#2862),#2860);
#2864=CARTESIAN_POINT('',(-1.057429644134E2,1.379304014936E2,
-5.890069120582E1));
#2865=CARTESIAN_POINT('',(-1.057393472100E2,1.379589594964E2,
-5.888984295685E1));
#2866=CARTESIAN_POINT('',(-1.057333011254E2,1.380150126936E2,
-5.886555454420E1));
#2867=CARTESIAN_POINT('',(-1.057278483067E2,1.380952637857E2,
-5.882167400069E1));
#2868=CARTESIAN_POINT('',(-1.057260352741E2,1.381709365173E2,
-5.877083350244E1));
#2869=CARTESIAN_POINT('',(-1.057278483067E2,1.382416800932E2,
-5.871333163243E1));
#2870=CARTESIAN_POINT('',(-1.057333011254E2,1.383071064142E2,
-5.864941656071E1));
#2871=CARTESIAN_POINT('',(-1.057393472100E2,1.383467219076E2,
-5.860291386626E1));
#2872=CARTESIAN_POINT('',(-1.057429644134E2,1.383654456916E2,
-5.857877543335E1));
#2874=CURVE_STYLE('',#136,POSITIVE_LENGTH_MEASURE(2.E-2),#78);
#2875=PRESENTATION_STYLE_ASSIGNMENT((#2874));
#2876=STYLED_ITEM('',(#2875),#2873);
#2877=DIRECTION('',(-6.847910787716E-1,1.390500413572E-1,7.153504486847E-1));
#2878=VECTOR('',#2877,7.301496989370E-1);
#2879=CARTESIAN_POINT('',(-1.052499992E2,1.451207711889E2,-4.280012953077E1));
#2880=LINE('',#2879,#2878);
#2881=CURVE_STYLE('',#136,POSITIVE_LENGTH_MEASURE(2.E-2),#78);
#2882=PRESENTATION_STYLE_ASSIGNMENT((#2881));
#2883=STYLED_ITEM('',(#2882),#2880);
#2884=DIRECTION('',(-1.E0,1.498599224512E-13,4.780014767841E-13));
#2885=VECTOR('',#2884,5.5E0);
#2886=CARTESIAN_POINT('',(-1.002499992E2,1.452222985348E2,-4.227781661603E1));
#2887=LINE('',#2886,#2885);
#2888=CURVE_STYLE('',#136,POSITIVE_LENGTH_MEASURE(2.E-2),#78);
#2889=PRESENTATION_STYLE_ASSIGNMENT((#2888));
#2890=STYLED_ITEM('',(#2889),#2887);
#2891=DIRECTION('',(-6.847910787719E-1,-1.390500413570E-1,-7.153504486844E-1));
#2892=VECTOR('',#2891,7.301496989373E-1);
#2893=CARTESIAN_POINT('',(-1.002499992E2,1.452222985348E2,-4.227781661603E1));
#2894=LINE('',#2893,#2892);
#2895=CURVE_STYLE('',#136,POSITIVE_LENGTH_MEASURE(2.E-2),#78);
#2896=PRESENTATION_STYLE_ASSIGNMENT((#2895));
#2897=STYLED_ITEM('',(#2896),#2894);
#2898=DIRECTION('',(7.071067811867E-1,3.641869153313E-1,6.061088109418E-1));
#2899=VECTOR('',#2898,7.071067811865E-1);
#2900=CARTESIAN_POINT('',(-1.007499992E2,1.462721132285E2,-4.349192562141E1));
#2901=LINE('',#2900,#2899);
#2902=CURVE_STYLE('',#136,POSITIVE_LENGTH_MEASURE(2.E-2),#78);
#2903=PRESENTATION_STYLE_ASSIGNMENT((#2902));
#2904=STYLED_ITEM('',(#2903),#2901);
#2905=DIRECTION('',(-6.785983445459E-1,-4.369030205598E-1,5.904405451909E-1));
#2906=VECTOR('',#2905,7.264462364039E-1);
#2907=CARTESIAN_POINT('',(-1.002570339866E2,1.383654456916E2,
-5.857877543335E1));
#2908=LINE('',#2907,#2906);
#2909=CURVE_STYLE('',#136,POSITIVE_LENGTH_MEASURE(2.E-2),#78);
#2910=PRESENTATION_STYLE_ASSIGNMENT((#2909));
#2911=STYLED_ITEM('',(#2910),#2908);
#2912=CARTESIAN_POINT('',(-1.002499992E2,1.384324595053E2,-5.848090448811E1));
#2913=CARTESIAN_POINT('',(-1.002499992E2,1.384119885575E2,-5.851497386652E1));
#2914=CARTESIAN_POINT('',(-1.002523603961E2,1.383896376680E2,
-5.854758748565E1));
#2915=CARTESIAN_POINT('',(-1.002570339866E2,1.383654456916E2,
-5.857877543335E1));
#2917=CURVE_STYLE('',#136,POSITIVE_LENGTH_MEASURE(2.E-2),#78);
#2918=PRESENTATION_STYLE_ASSIGNMENT((#2917));
#2919=STYLED_ITEM('',(#2918),#2916);
#2920=DIRECTION('',(7.071067811866E-1,6.061088109326E-1,-3.641869153467E-1));
#2921=VECTOR('',#2920,7.071067811864E-1);
#2922=CARTESIAN_POINT('',(-1.007499992E2,1.464431778414E2,-4.417802830923E1));
#2923=LINE('',#2922,#2921);
#2924=CURVE_STYLE('',#136,POSITIVE_LENGTH_MEASURE(2.E-2),#78);
#2925=PRESENTATION_STYLE_ASSIGNMENT((#2924));
#2926=STYLED_ITEM('',(#2925),#2923);
#2927=CARTESIAN_POINT('',(-1.002570339866E2,1.379304014936E2,
-5.890069120582E1));
#2928=CARTESIAN_POINT('',(-1.002606511900E2,1.379589594964E2,
-5.888984295685E1));
#2929=CARTESIAN_POINT('',(-1.002666972746E2,1.380150126936E2,
-5.886555454420E1));
#2930=CARTESIAN_POINT('',(-1.002721500933E2,1.380952637857E2,
-5.882167400069E1));
#2931=CARTESIAN_POINT('',(-1.002739631259E2,1.381709365173E2,
-5.877083350244E1));
#2932=CARTESIAN_POINT('',(-1.002721500933E2,1.382416800932E2,
-5.871333163243E1));
#2933=CARTESIAN_POINT('',(-1.002666972746E2,1.383071064142E2,
-5.864941656071E1));
#2934=CARTESIAN_POINT('',(-1.002606511900E2,1.383467219076E2,
-5.860291386626E1));
#2935=CARTESIAN_POINT('',(-1.002570339866E2,1.383654456916E2,
-5.857877543335E1));
#2937=CURVE_STYLE('',#136,POSITIVE_LENGTH_MEASURE(2.E-2),#78);
#2938=PRESENTATION_STYLE_ASSIGNMENT((#2937));
#2939=STYLED_ITEM('',(#2938),#2936);
#2940=DIRECTION('',(0.E0,5.150380749101E-1,8.571673007021E-1));
#2941=VECTOR('',#2940,5.713706177803E0);
#2942=CARTESIAN_POINT('',(-1.007499992E2,1.411705325386E2,-5.288067647027E1));
#2943=LINE('',#2942,#2941);
#2944=CURVE_STYLE('',#136,POSITIVE_LENGTH_MEASURE(2.E-2),#78);
#2945=PRESENTATION_STYLE_ASSIGNMENT((#2944));
#2946=STYLED_ITEM('',(#2945),#2943);
#2947=DIRECTION('',(-1.E0,6.947528971877E-14,1.247397247223E-13));
#2948=VECTOR('',#2947,4.5E0);
#2949=CARTESIAN_POINT('',(-1.007499992E2,1.441133087691E2,-4.798307436883E1));
#2950=LINE('',#2949,#2948);
#2951=CURVE_STYLE('',#136,POSITIVE_LENGTH_MEASURE(2.E-2),#78);
#2952=PRESENTATION_STYLE_ASSIGNMENT((#2951));
#2953=STYLED_ITEM('',(#2952),#2950);
#2954=DIRECTION('',(0.E0,-5.150380749101E-1,-8.571673007021E-1));
#2955=VECTOR('',#2954,5.713706177804E0);
#2956=CARTESIAN_POINT('',(-1.052499992E2,1.441133087691E2,-4.798307436883E1));
#2957=LINE('',#2956,#2955);
#2958=CURVE_STYLE('',#136,POSITIVE_LENGTH_MEASURE(2.E-2),#78);
#2959=PRESENTATION_STYLE_ASSIGNMENT((#2958));
#2960=STYLED_ITEM('',(#2959),#2957);
#2961=DIRECTION('',(-1.E0,0.E0,0.E0));
#2962=VECTOR('',#2961,4.5E0);
#2963=CARTESIAN_POINT('',(-1.007499992E2,1.411705325386E2,-5.288067647027E1));
#2964=LINE('',#2963,#2962);
#2965=CURVE_STYLE('',#136,POSITIVE_LENGTH_MEASURE(2.E-2),#78);
#2966=PRESENTATION_STYLE_ASSIGNMENT((#2965));
#2967=STYLED_ITEM('',(#2966),#2964);
#2968=DIRECTION('',(-1.E0,0.E0,0.E0));
#2969=VECTOR('',#2968,4.5E0);
#2970=CARTESIAN_POINT('',(-1.007499992E2,1.366014364792E2,-5.658065750535E1));
#2971=LINE('',#2970,#2969);
#2972=CURVE_STYLE('',#136,POSITIVE_LENGTH_MEASURE(2.E-2),#78);
#2973=PRESENTATION_STYLE_ASSIGNMENT((#2972));
#2974=STYLED_ITEM('',(#2973),#2971);
#2975=DIRECTION('',(0.E0,-8.571673007039E-1,5.150380749070E-1));
#2976=VECTOR('',#2975,1.408390387302E0);
#2977=CARTESIAN_POINT('',(-1.052499992E2,1.366014364792E2,-5.658065750535E1));
#2978=LINE('',#2977,#2976);
#2979=CURVE_STYLE('',#136,POSITIVE_LENGTH_MEASURE(2.E-2),#78);
#2980=PRESENTATION_STYLE_ASSIGNMENT((#2979));
#2981=STYLED_ITEM('',(#2980),#2978);
#2982=DIRECTION('',(-1.E0,0.E0,0.E0));
#2983=VECTOR('',#2982,4.5E0);
#2984=CARTESIAN_POINT('',(-1.007499992E2,1.353942102926E2,-5.585528283156E1));
#2985=LINE('',#2984,#2983);
#2986=CURVE_STYLE('',#136,POSITIVE_LENGTH_MEASURE(2.E-2),#78);
#2987=PRESENTATION_STYLE_ASSIGNMENT((#2986));
#2988=STYLED_ITEM('',(#2987),#2985);
#2989=DIRECTION('',(6.054083374892E-14,8.571673007039E-1,-5.150380749070E-1));
#2990=VECTOR('',#2989,1.408390387302E0);
#2991=CARTESIAN_POINT('',(-1.007499992E2,1.353942102926E2,-5.585528283156E1));
#2992=LINE('',#2991,#2990);
#2993=CURVE_STYLE('',#136,POSITIVE_LENGTH_MEASURE(2.E-2),#78);
#2994=PRESENTATION_STYLE_ASSIGNMENT((#2993));
#2995=STYLED_ITEM('',(#2994),#2992);
#2996=DIRECTION('',(-1.E0,0.E0,0.E0));
#2997=VECTOR('',#2996,4.5E0);
#2998=CARTESIAN_POINT('',(-1.007499992E2,1.360122574020E2,-5.482667970822E1));
#2999=LINE('',#2998,#2997);
#3000=CURVE_STYLE('',#136,POSITIVE_LENGTH_MEASURE(2.E-2),#78);
#3001=PRESENTATION_STYLE_ASSIGNMENT((#3000));
#3002=STYLED_ITEM('',(#3001),#2999);
#3003=DIRECTION('',(1.E0,0.E0,0.E0));
#3004=VECTOR('',#3003,4.5E0);
#3005=CARTESIAN_POINT('',(-1.052499992E2,1.364994055122E2,-5.511938782332E1));
#3006=LINE('',#3005,#3004);
#3007=CURVE_STYLE('',#136,POSITIVE_LENGTH_MEASURE(2.E-2),#78);
#3008=PRESENTATION_STYLE_ASSIGNMENT((#3007));
#3009=STYLED_ITEM('',(#3008),#3006);
#3010=DIRECTION('',(0.E0,5.150380749101E-1,8.571673007021E-1));
#3011=VECTOR('',#3010,5.290175353262E0);
#3012=CARTESIAN_POINT('',(-1.052499992E2,1.402506539102E2,-5.208168676608E1));
#3013=LINE('',#3012,#3011);
#3014=CURVE_STYLE('',#136,POSITIVE_LENGTH_MEASURE(2.E-2),#78);
#3015=PRESENTATION_STYLE_ASSIGNMENT((#3014));
#3016=STYLED_ITEM('',(#3015),#3013);
#3017=DIRECTION('',(1.E0,-4.421154800285E-14,3.631662871663E-14));
#3018=VECTOR('',#3017,4.5E0);
#3019=CARTESIAN_POINT('',(-1.052499992E2,1.429752956401E2,-4.754712143828E1));
#3020=LINE('',#3019,#3018);
#3021=CURVE_STYLE('',#136,POSITIVE_LENGTH_MEASURE(2.E-2),#78);
#3022=PRESENTATION_STYLE_ASSIGNMENT((#3021));
#3023=STYLED_ITEM('',(#3022),#3020);
#3024=DIRECTION('',(0.E0,-5.150380749101E-1,-8.571673007021E-1));
#3025=VECTOR('',#3024,5.290175353263E0);
#3026=CARTESIAN_POINT('',(-1.007499992E2,1.429752956401E2,-4.754712143828E1));
#3027=LINE('',#3026,#3025);
#3028=CURVE_STYLE('',#136,POSITIVE_LENGTH_MEASURE(2.E-2),#78);
#3029=PRESENTATION_STYLE_ASSIGNMENT((#3028));
#3030=STYLED_ITEM('',(#3029),#3027);
#3031=DIRECTION('',(-1.E0,1.263187085796E-13,1.042129345782E-13));
#3032=VECTOR('',#3031,4.5E0);
#3033=CARTESIAN_POINT('',(-1.007499992E2,1.402506539102E2,-5.208168676608E1));
#3034=LINE('',#3033,#3032);
#3035=CURVE_STYLE('',#136,POSITIVE_LENGTH_MEASURE(2.E-2),#78);
#3036=PRESENTATION_STYLE_ASSIGNMENT((#3035));
#3037=STYLED_ITEM('',(#3036),#3034);
#3038=DIRECTION('',(1.E0,-1.448949892531E-13,-4.792680413755E-13));
#3039=VECTOR('',#3038,5.1E0);
#3040=CARTESIAN_POINT('',(-1.055499992E2,1.441274214296E2,-4.161994808089E1));
#3041=LINE('',#3040,#3039);
#3042=CURVE_STYLE('',#136,POSITIVE_LENGTH_MEASURE(2.E-2),#78);
#3043=PRESENTATION_STYLE_ASSIGNMENT((#3042));
#3044=STYLED_ITEM('',(#3043),#3041);
#3045=DIRECTION('',(0.E0,1.908089953765E-1,9.816271834477E-1));
#3046=VECTOR('',#3045,5.718857121329E0);
#3047=CARTESIAN_POINT('',(-1.052499992E2,1.429752956401E2,-4.754712143828E1));
#3048=LINE('',#3047,#3046);
#3049=CURVE_STYLE('',#136,POSITIVE_LENGTH_MEASURE(2.E-2),#78);
#3050=PRESENTATION_STYLE_ASSIGNMENT((#3049));
#3051=STYLED_ITEM('',(#3050),#3048);
#3052=CARTESIAN_POINT('',(-1.055499992E2,1.438408345741E2,-4.179773934464E1));
#3053=DIRECTION('',(0.E0,8.571673007021E-1,-5.150380749101E-1));
#3054=DIRECTION('',(4.736951571734E-13,5.150380749100E-1,8.571673007021E-1));
#3055=AXIS2_PLACEMENT_3D('',#3052,#3053,#3054);
#3057=CURVE_STYLE('',#136,POSITIVE_LENGTH_MEASURE(2.E-2),#78);
#3058=PRESENTATION_STYLE_ASSIGNMENT((#3057));
#3059=STYLED_ITEM('',(#3058),#3056);
#3060=CARTESIAN_POINT('',(-1.055499992E2,1.441274214296E2,-4.161994808089E1));
#3061=CARTESIAN_POINT('',(-1.054983947557E2,1.441274214296E2,
-4.161994808089E1));
#3062=CARTESIAN_POINT('',(-1.054193911276E2,1.441228028482E2,
-4.164370862265E1));
#3063=CARTESIAN_POINT('',(-1.053313901704E2,1.441100544459E2,
-4.170929346679E1));
#3064=CARTESIAN_POINT('',(-1.052707150269E2,1.440920920326E2,
-4.180170207256E1));
#3065=CARTESIAN_POINT('',(-1.052499992E2,1.440763516143E2,-4.188267950441E1));
#3066=CARTESIAN_POINT('',(-1.052499992E2,1.440665050221E2,-4.193333582973E1));
#3068=CURVE_STYLE('',#136,POSITIVE_LENGTH_MEASURE(2.E-2),#78);
#3069=PRESENTATION_STYLE_ASSIGNMENT((#3068));
#3070=STYLED_ITEM('',(#3069),#3067);
#3071=CARTESIAN_POINT('',(-1.055499992E2,1.435663934990E2,-4.186616518980E1));
#3072=DIRECTION('',(4.867081051998E-13,5.150380749109E-1,8.571673007016E-1));
#3073=DIRECTION('',(0.E0,-8.571673007016E-1,5.150380749108E-1));
#3074=AXIS2_PLACEMENT_3D('',#3071,#3072,#3073);
#3076=CURVE_STYLE('',#136,POSITIVE_LENGTH_MEASURE(2.E-2),#78);
#3077=PRESENTATION_STYLE_ASSIGNMENT((#3076));
#3078=STYLED_ITEM('',(#3077),#3075);
#3079=CARTESIAN_POINT('',(-1.061499992E2,1.437378269591E2,-4.196917280478E1));
#3080=DIRECTION('',(-1.E0,2.506052603533E-13,4.172310983541E-13));
#3081=DIRECTION('',(0.E0,-8.571673007021E-1,5.150380749101E-1));
#3082=AXIS2_PLACEMENT_3D('',#3079,#3080,#3081);
#3084=CURVE_STYLE('',#136,POSITIVE_LENGTH_MEASURE(2.E-2),#78);
#3085=PRESENTATION_STYLE_ASSIGNMENT((#3084));
#3086=STYLED_ITEM('',(#3085),#3083);
#3087=CARTESIAN_POINT('',(-1.055499992E2,1.437378269591E2,-4.196917280478E1));
#3088=DIRECTION('',(-1.E0,2.506052603533E-13,4.172310983541E-13));
#3089=DIRECTION('',(0.E0,-8.571673007021E-1,5.150380749101E-1));
#3090=AXIS2_PLACEMENT_3D('',#3087,#3088,#3089);
#3092=CURVE_STYLE('',#136,POSITIVE_LENGTH_MEASURE(2.E-2),#78);
#3093=PRESENTATION_STYLE_ASSIGNMENT((#3092));
#3094=STYLED_ITEM('',(#3093),#3091);
#3095=DIRECTION('',(0.E0,5.150380749112E-1,8.571673007014E-1));
#3096=VECTOR('',#3095,2.903875751274E1);
#3097=CARTESIAN_POINT('',(-1.061499992E2,1.283531775416E2,-6.660272716027E1));
#3098=LINE('',#3097,#3096);
#3099=CURVE_STYLE('',#136,POSITIVE_LENGTH_MEASURE(2.E-2),#78);
#3100=PRESENTATION_STYLE_ASSIGNMENT((#3099));
#3101=STYLED_ITEM('',(#3100),#3098);
#3102=DIRECTION('',(1.E0,-4.888534022029E-11,3.717322745918E-11));
#3103=VECTOR('',#3102,6.E-1);
#3104=CARTESIAN_POINT('',(-1.061499992E2,1.433092433088E2,-4.171165376735E1));
#3105=LINE('',#3104,#3103);
#3106=CURVE_STYLE('',#136,POSITIVE_LENGTH_MEASURE(2.E-2),#78);
#3107=PRESENTATION_STYLE_ASSIGNMENT((#3106));
#3108=STYLED_ITEM('',(#3107),#3105);
#3109=DIRECTION('',(0.E0,5.150380749107E-1,8.571673007017E-1));
#3110=VECTOR('',#3109,2.903875751274E1);
#3111=CARTESIAN_POINT('',(-1.055499992E2,1.283531775416E2,-6.660272716026E1));
#3112=LINE('',#3111,#3110);
#3113=CURVE_STYLE('',#136,POSITIVE_LENGTH_MEASURE(2.E-2),#78);
#3114=PRESENTATION_STYLE_ASSIGNMENT((#3113));
#3115=STYLED_ITEM('',(#3114),#3112);
#3116=DIRECTION('',(-1.E0,3.022175102766E-11,-1.977677281199E-11));
#3117=VECTOR('',#3116,6.E-1);
#3118=CARTESIAN_POINT('',(-1.055499992E2,1.283531775416E2,-6.660272716026E1));
#3119=LINE('',#3118,#3117);
#3120=CURVE_STYLE('',#136,POSITIVE_LENGTH_MEASURE(2.E-2),#78);
#3121=PRESENTATION_STYLE_ASSIGNMENT((#3120));
#3122=STYLED_ITEM('',(#3121),#3119);
#3123=CARTESIAN_POINT('',(-1.055499992E2,1.286103277319E2,-6.675723858274E1));
#3124=DIRECTION('',(0.E0,5.150380749101E-1,8.571673007021E-1));
#3125=DIRECTION('',(-4.736951571734E-14,-8.571673007021E-1,5.150380749101E-1));
#3126=AXIS2_PLACEMENT_3D('',#3123,#3124,#3125);
#3128=CURVE_STYLE('',#136,POSITIVE_LENGTH_MEASURE(2.E-2),#78);
#3129=PRESENTATION_STYLE_ASSIGNMENT((#3128));
#3130=STYLED_ITEM('',(#3129),#3127);
#3131=CARTESIAN_POINT('',(-1.052499992E2,1.280291601616E2,-6.740486770727E1));
#3132=CARTESIAN_POINT('',(-1.052499992E2,1.279923161458E2,-6.740978374856E1));
#3133=CARTESIAN_POINT('',(-1.052533898427E2,1.279142972856E2,
-6.742019368707E1));
#3134=CARTESIAN_POINT('',(-1.052696462461E2,1.277850867823E2,
-6.743743404909E1));
#3135=CARTESIAN_POINT('',(-1.052983975336E2,1.276412563341E2,
-6.745662512823E1));
#3136=CARTESIAN_POINT('',(-1.053409824991E2,1.274813281941E2,
-6.747796409805E1));
#3137=CARTESIAN_POINT('',(-1.053981630389E2,1.273042553629E2,
-6.750159065809E1));
#3138=CARTESIAN_POINT('',(-1.054688007550E2,1.271112988666E2,
-6.752733655153E1));
#3139=CARTESIAN_POINT('',(-1.055222479854E2,1.269743796128E2,
-6.754560548043E1));
#3140=CARTESIAN_POINT('',(-1.055499992E2,1.269033557207E2,-6.755508209092E1));
#3142=CURVE_STYLE('',#136,POSITIVE_LENGTH_MEASURE(2.E-2),#78);
#3143=PRESENTATION_STYLE_ASSIGNMENT((#3142));
#3144=STYLED_ITEM('',(#3143),#3141);
#3145=CARTESIAN_POINT('',(-1.061499992E2,1.266388429402E2,-6.557265101045E1));
#3146=DIRECTION('',(1.E0,0.E0,0.E0));
#3147=DIRECTION('',(0.E0,1.322563902572E-1,-9.912155402515E-1));
#3148=AXIS2_PLACEMENT_3D('',#3145,#3146,#3147);
#3150=CURVE_STYLE('',#136,POSITIVE_LENGTH_MEASURE(2.E-2),#78);
#3151=PRESENTATION_STYLE_ASSIGNMENT((#3150));
#3152=STYLED_ITEM('',(#3151),#3149);
#3153=CARTESIAN_POINT('',(-1.055499992E2,1.266388429402E2,-6.557265101045E1));
#3154=DIRECTION('',(1.E0,0.E0,0.E0));
#3155=DIRECTION('',(0.E0,1.322563902572E-1,-9.912155402515E-1));
#3156=AXIS2_PLACEMENT_3D('',#3153,#3154,#3155);
#3158=CURVE_STYLE('',#136,POSITIVE_LENGTH_MEASURE(2.E-2),#78);
#3159=PRESENTATION_STYLE_ASSIGNMENT((#3158));
#3160=STYLED_ITEM('',(#3159),#3157);
#3161=DIRECTION('',(3.236155771182E-1,-1.805413054270E-1,-9.288044978795E-1));
#3162=VECTOR('',#3161,6.180172221060E-1);
#3163=CARTESIAN_POINT('',(-1.066499992E2,1.459281397665E2,-4.503519560992E1));
#3164=LINE('',#3163,#3162);
#3165=CURVE_STYLE('',#136,POSITIVE_LENGTH_MEASURE(2.E-2),#78);
#3166=PRESENTATION_STYLE_ASSIGNMENT((#3165));
#3167=STYLED_ITEM('',(#3166),#3164);
#3168=DIRECTION('',(-2.273736754434E-13,-8.571673007021E-1,5.150380749101E-1));
#3169=VECTOR('',#3168,9.999999999992E-1);
#3170=CARTESIAN_POINT('',(-1.066499992E2,1.459281397665E2,-4.503519560992E1));
#3171=LINE('',#3170,#3169);
#3172=CURVE_STYLE('',#136,POSITIVE_LENGTH_MEASURE(2.E-2),#78);
#3173=PRESENTATION_STYLE_ASSIGNMENT((#3172));
#3174=STYLED_ITEM('',(#3173),#3171);
#3175=DIRECTION('',(0.E0,8.571673007024E-1,-5.150380749096E-1));
#3176=VECTOR('',#3175,1.2E0);
#3177=CARTESIAN_POINT('',(-1.064499992E2,1.447879613696E2,-4.499116709569E1));
#3178=LINE('',#3177,#3176);
#3179=CURVE_STYLE('',#136,POSITIVE_LENGTH_MEASURE(2.E-2),#78);
#3180=PRESENTATION_STYLE_ASSIGNMENT((#3179));
#3181=STYLED_ITEM('',(#3180),#3178);
#3182=CARTESIAN_POINT('',(-1.061499992E2,1.216278325097E2,-6.942582100310E1));
#3183=CARTESIAN_POINT('',(-1.061605627372E2,1.216278325097E2,
-6.942582100310E1));
#3184=CARTESIAN_POINT('',(-1.061817789878E2,1.216291350912E2,
-6.942529697605E1));
#3185=CARTESIAN_POINT('',(-1.062134000159E2,1.216350346069E2,
-6.942293144534E1));
#3186=CARTESIAN_POINT('',(-1.062447750638E2,1.216450200962E2,
-6.941895474826E1));
#3187=CARTESIAN_POINT('',(-1.062754630413E2,1.216591865296E2,
-6.941337215610E1));
#3188=CARTESIAN_POINT('',(-1.063052495069E2,1.216777292187E2,
-6.940617097342E1));
#3189=CARTESIAN_POINT('',(-1.063337929792E2,1.217008890260E2,
-6.939734830065E1));
#3190=CARTESIAN_POINT('',(-1.063606108488E2,1.217288568646E2,
-6.938695332447E1));
#3191=CARTESIAN_POINT('',(-1.063851923157E2,1.217618444612E2,
-6.937506595364E1));
#3192=CARTESIAN_POINT('',(-1.064069244786E2,1.218000201033E2,
-6.936182943228E1));
#3193=CARTESIAN_POINT('',(-1.064250948261E2,1.218433638872E2,
-6.934750018773E1));
#3194=CARTESIAN_POINT('',(-1.064390235741E2,1.218919888145E2,
-6.933234855432E1));
#3195=CARTESIAN_POINT('',(-1.064478866834E2,1.219453394453E2,
-6.931690127898E1));
#3196=CARTESIAN_POINT('',(-1.064499992E2,1.219838848415E2,-6.930671585018E1));
#3197=CARTESIAN_POINT('',(-1.064499992E2,1.220038181143E2,-6.930174592707E1));
#3199=CURVE_STYLE('',#136,POSITIVE_LENGTH_MEASURE(2.E-2),#78);
#3200=PRESENTATION_STYLE_ASSIGNMENT((#3199));
#3201=STYLED_ITEM('',(#3200),#3198);
#3202=CARTESIAN_POINT('',(-1.061499992E2,1.234840583253E2,-7.054115399570E1));
#3203=CARTESIAN_POINT('',(-1.061926768695E2,1.235206402281E2,
-7.056313462046E1));
#3204=CARTESIAN_POINT('',(-1.062661538447E2,1.235922741779E2,
-7.058657889834E1));
#3205=CARTESIAN_POINT('',(-1.063546869875E2,1.236969325615E2,
-7.058429440432E1));
#3206=CARTESIAN_POINT('',(-1.064112842900E2,1.237819351686E2,
-7.055271585987E1));
#3207=CARTESIAN_POINT('',(-1.064418716484E2,1.238480452159E2,
-7.050207880279E1));
#3208=CARTESIAN_POINT('',(-1.064499992E2,1.238801772891E2,-7.046438253950E1));
#3209=CARTESIAN_POINT('',(-1.064499992E2,1.238957199379E2,-7.043851522797E1));
#3211=CURVE_STYLE('',#136,POSITIVE_LENGTH_MEASURE(2.E-2),#78);
#3212=PRESENTATION_STYLE_ASSIGNMENT((#3211));
#3213=STYLED_ITEM('',(#3212),#3210);
#3214=DIRECTION('',(-7.071067811865E-1,6.061088109378E-1,-3.641869153382E-1));
#3215=VECTOR('',#3214,7.071067811866E-1);
#3216=CARTESIAN_POINT('',(-1.061499992E2,1.234840583253E2,-7.054115399570E1));
#3217=LINE('',#3216,#3215);
#3218=CURVE_STYLE('',#136,POSITIVE_LENGTH_MEASURE(2.E-2),#78);
#3219=PRESENTATION_STYLE_ASSIGNMENT((#3218));
#3220=STYLED_ITEM('',(#3219),#3217);
#3221=DIRECTION('',(-5.773502691896E-1,1.975284006087E-1,-7.922431429932E-1));
#3222=VECTOR('',#3221,3.464101615138E-1);
#3223=CARTESIAN_POINT('',(-1.064499992E2,1.247006244946E2,-6.909892908904E1));
#3224=LINE('',#3223,#3222);
#3225=CURVE_STYLE('',#136,POSITIVE_LENGTH_MEASURE(2.E-2),#78);
#3226=PRESENTATION_STYLE_ASSIGNMENT((#3225));
#3227=STYLED_ITEM('',(#3226),#3224);
#3228=DIRECTION('',(0.E0,8.571673007021E-1,-5.150380749101E-1));
#3229=VECTOR('',#3228,9.999999999999E-1);
#3230=CARTESIAN_POINT('',(-1.066499992E2,1.247690503398E2,-6.937337016416E1));
#3231=LINE('',#3230,#3229);
#3232=CURVE_STYLE('',#136,POSITIVE_LENGTH_MEASURE(2.E-2),#78);
#3233=PRESENTATION_STYLE_ASSIGNMENT((#3232));
#3234=STYLED_ITEM('',(#3233),#3231);
#3235=DIRECTION('',(0.E0,5.150380749101E-1,8.571673007021E-1));
#3236=VECTOR('',#3235,1.662805928117E0);
#3237=CARTESIAN_POINT('',(-1.066499992E2,1.239126419756E2,-7.079867303316E1));
#3238=LINE('',#3237,#3236);
#3239=CURVE_STYLE('',#136,POSITIVE_LENGTH_MEASURE(2.E-2),#78);
#3240=PRESENTATION_STYLE_ASSIGNMENT((#3239));
#3241=STYLED_ITEM('',(#3240),#3238);
#3242=DIRECTION('',(0.E0,-8.571673007021E-1,5.150380749101E-1));
#3243=VECTOR('',#3242,1.E0);
#3244=CARTESIAN_POINT('',(-1.066499992E2,1.247698092763E2,-7.131371110807E1));
#3245=LINE('',#3244,#3243);
#3246=CURVE_STYLE('',#136,POSITIVE_LENGTH_MEASURE(2.E-2),#78);
#3247=PRESENTATION_STYLE_ASSIGNMENT((#3246));
#3248=STYLED_ITEM('',(#3247),#3245);
#3249=DIRECTION('',(0.E0,-5.150380749101E-1,-8.571673007021E-1));
#3250=VECTOR('',#3249,1.662805928117E0);
#3251=CARTESIAN_POINT('',(-1.066499992E2,1.256262176405E2,-6.988840823907E1));
#3252=LINE('',#3251,#3250);
#3253=CURVE_STYLE('',#136,POSITIVE_LENGTH_MEASURE(2.E-2),#78);
#3254=PRESENTATION_STYLE_ASSIGNMENT((#3253));
#3255=STYLED_ITEM('',(#3254),#3252);
#3256=DIRECTION('',(5.773502691895E-1,7.922431429932E-1,1.975284006086E-1));
#3257=VECTOR('',#3256,3.464101615138E-1);
#3258=CARTESIAN_POINT('',(-1.066499992E2,1.256262176405E2,-6.988840823907E1));
#3259=LINE('',#3258,#3257);
#3260=CURVE_STYLE('',#136,POSITIVE_LENGTH_MEASURE(2.E-2),#78);
#3261=PRESENTATION_STYLE_ASSIGNMENT((#3260));
#3262=STYLED_ITEM('',(#3261),#3259);
#3263=DIRECTION('',(7.071067811865E-1,6.061088109379E-1,-3.641869153382E-1));
#3264=VECTOR('',#3263,2.828427124746E-1);
#3265=CARTESIAN_POINT('',(-1.066499992E2,1.247698092763E2,-7.131371110807E1));
#3266=LINE('',#3265,#3264);
#3267=CURVE_STYLE('',#136,POSITIVE_LENGTH_MEASURE(2.E-2),#78);
#3268=PRESENTATION_STYLE_ASSIGNMENT((#3267));
#3269=STYLED_ITEM('',(#3268),#3266);
#3270=DIRECTION('',(-1.E0,0.E0,0.E0));
#3271=VECTOR('',#3270,4.5E0);
#3272=CARTESIAN_POINT('',(-1.007499992E2,1.288118520660E2,-6.711070746082E1));
#3273=LINE('',#3272,#3271);
#3274=CURVE_STYLE('',#136,POSITIVE_LENGTH_MEASURE(2.E-2),#78);
#3275=PRESENTATION_STYLE_ASSIGNMENT((#3274));
#3276=STYLED_ITEM('',(#3275),#3273);
#3277=DIRECTION('',(0.E0,5.150380749101E-1,8.571673007021E-1));
#3278=VECTOR('',#3277,8.837949757121E0);
#3279=CARTESIAN_POINT('',(-1.052499992E2,1.288118520660E2,-6.711070746082E1));
#3280=LINE('',#3279,#3278);
#3281=CURVE_STYLE('',#136,POSITIVE_LENGTH_MEASURE(2.E-2),#78);
#3282=PRESENTATION_STYLE_ASSIGNMENT((#3281));
#3283=STYLED_ITEM('',(#3282),#3280);
#3284=DIRECTION('',(0.E0,-5.150380749101E-1,-8.571673007021E-1));
#3285=VECTOR('',#3284,8.837949757121E0);
#3286=CARTESIAN_POINT('',(-1.007499992E2,1.333637326950E2,-5.953510592377E1));
#3287=LINE('',#3286,#3285);
#3288=CURVE_STYLE('',#136,POSITIVE_LENGTH_MEASURE(2.E-2),#78);
#3289=PRESENTATION_STYLE_ASSIGNMENT((#3288));
#3290=STYLED_ITEM('',(#3289),#3287);
#3291=DIRECTION('',(1.E0,-1.894780628694E-14,-3.315866100214E-14));
#3292=VECTOR('',#3291,1.5E0);
#3293=CARTESIAN_POINT('',(-1.0375E2,1.341368976003E2,-5.999967026733E1));
#3294=LINE('',#3293,#3292);
#3295=CURVE_STYLE('',#136,POSITIVE_LENGTH_MEASURE(2.E-2),#78);
#3296=PRESENTATION_STYLE_ASSIGNMENT((#3295));
#3297=STYLED_ITEM('',(#3296),#3294);
#3298=DIRECTION('',(0.E0,8.571673007021E-1,-5.150380749101E-1));
#3299=VECTOR('',#3298,2.98E-1);
#3300=CARTESIAN_POINT('',(-1.0225E2,1.341368976003E2,-5.999967026733E1));
#3301=LINE('',#3300,#3299);
#3302=CURVE_STYLE('',#136,POSITIVE_LENGTH_MEASURE(2.E-2),#78);
#3303=PRESENTATION_STYLE_ASSIGNMENT((#3302));
#3304=STYLED_ITEM('',(#3303),#3301);
#3305=DIRECTION('',(-1.E0,1.894780628694E-14,2.842170943041E-14));
#3306=VECTOR('',#3305,4.5E0);
#3307=CARTESIAN_POINT('',(-1.007499992E2,1.333637326950E2,-5.953510592377E1));
#3308=LINE('',#3307,#3306);
#3309=CURVE_STYLE('',#136,POSITIVE_LENGTH_MEASURE(2.E-2),#78);
#3310=PRESENTATION_STYLE_ASSIGNMENT((#3309));
#3311=STYLED_ITEM('',(#3310),#3308);
#3312=DIRECTION('',(0.E0,8.571673007021E-1,-5.150380749101E-1));
#3313=VECTOR('',#3312,1.2E0);
#3314=CARTESIAN_POINT('',(-1.052499992E2,1.333637326950E2,-5.953510592377E1));
#3315=LINE('',#3314,#3313);
#3316=CURVE_STYLE('',#136,POSITIVE_LENGTH_MEASURE(2.E-2),#78);
#3317=PRESENTATION_STYLE_ASSIGNMENT((#3316));
#3318=STYLED_ITEM('',(#3317),#3315);
#3319=DIRECTION('',(0.E0,8.571673007020E-1,-5.150380749102E-1));
#3320=VECTOR('',#3319,2.98E-1);
#3321=CARTESIAN_POINT('',(-1.0375E2,1.341368976003E2,-5.999967026733E1));
#3322=LINE('',#3321,#3320);
#3323=CURVE_STYLE('',#136,POSITIVE_LENGTH_MEASURE(2.E-2),#78);
#3324=PRESENTATION_STYLE_ASSIGNMENT((#3323));
#3325=STYLED_ITEM('',(#3324),#3322);
#3326=CARTESIAN_POINT('',(-1.0375E2,1.342914090227E2,-5.974252007712E1));
#3327=DIRECTION('',(1.E0,-1.833255047953E-14,-3.050864743981E-14));
#3328=DIRECTION('',(-4.736951571734E-14,-5.150380749101E-1,-8.571673007021E-1));
#3329=AXIS2_PLACEMENT_3D('',#3326,#3327,#3328);
#3331=CURVE_STYLE('',#136,POSITIVE_LENGTH_MEASURE(2.E-2),#78);
#3332=PRESENTATION_STYLE_ASSIGNMENT((#3331));
#3333=STYLED_ITEM('',(#3332),#3330);
#3334=CARTESIAN_POINT('',(-1.0225E2,1.342914090227E2,-5.974252007712E1));
#3335=DIRECTION('',(-1.E0,1.833255047953E-14,3.050864743981E-14));
#3336=DIRECTION('',(0.E0,8.571673007021E-1,-5.150380749101E-1));
#3337=AXIS2_PLACEMENT_3D('',#3334,#3335,#3336);
#3339=CURVE_STYLE('',#136,POSITIVE_LENGTH_MEASURE(2.E-2),#78);
#3340=PRESENTATION_STYLE_ASSIGNMENT((#3339));
#3341=STYLED_ITEM('',(#3340),#3338);
#3342=DIRECTION('',(0.E0,8.746258652039E-1,4.847985106375E-1));
#3343=VECTOR('',#3342,9.999779997580E-1);
#3344=CARTESIAN_POINT('',(-1.0375E2,1.343079436772E2,-5.854615616710E1));
#3345=LINE('',#3344,#3343);
#3346=CURVE_STYLE('',#136,POSITIVE_LENGTH_MEASURE(2.E-2),#78);
#3347=PRESENTATION_STYLE_ASSIGNMENT((#3346));
#3348=STYLED_ITEM('',(#3347),#3345);
#3349=DIRECTION('',(0.E0,8.571673007021E-1,-5.150380749101E-1));
#3350=VECTOR('',#3349,9.02E-1);
#3351=CARTESIAN_POINT('',(-1.0375E2,1.341359209601E2,-5.883245004554E1));
#3352=LINE('',#3351,#3350);
#3353=CURVE_STYLE('',#136,POSITIVE_LENGTH_MEASURE(2.E-2),#78);
#3354=PRESENTATION_STYLE_ASSIGNMENT((#3353));
#3355=STYLED_ITEM('',(#3354),#3352);
#3356=DIRECTION('',(0.E0,-5.150380749101E-1,-8.571673007021E-1));
#3357=VECTOR('',#3356,6.999999999998E-1);
#3358=CARTESIAN_POINT('',(-1.0375E2,1.349090858654E2,-5.929701438910E1));
#3359=LINE('',#3358,#3357);
#3360=CURVE_STYLE('',#136,POSITIVE_LENGTH_MEASURE(2.E-2),#78);
#3361=PRESENTATION_STYLE_ASSIGNMENT((#3360));
#3362=STYLED_ITEM('',(#3361),#3359);
#3363=DIRECTION('',(0.E0,8.571673007021E-1,-5.150380749101E-1));
#3364=VECTOR('',#3363,6.999999999995E-1);
#3365=CARTESIAN_POINT('',(-1.0375E2,1.337742877660E2,-6.118175237450E1));
#3366=LINE('',#3365,#3364);
#3367=CURVE_STYLE('',#136,POSITIVE_LENGTH_MEASURE(2.E-2),#78);
#3368=PRESENTATION_STYLE_ASSIGNMENT((#3367));
#3369=STYLED_ITEM('',(#3368),#3366);
#3370=CARTESIAN_POINT('',(-1.0375E2,1.346318239139E2,-6.111369537659E1));
#3371=DIRECTION('',(-1.E0,0.E0,0.E0));
#3372=DIRECTION('',(0.E0,8.571673007021E-1,-5.150380749101E-1));
#3373=AXIS2_PLACEMENT_3D('',#3370,#3371,#3372);
#3375=CURVE_STYLE('',#136,POSITIVE_LENGTH_MEASURE(2.E-2),#78);
#3376=PRESENTATION_STYLE_ASSIGNMENT((#3375));
#3377=STYLED_ITEM('',(#3376),#3374);
#3378=DIRECTION('',(0.E0,5.150380749101E-1,8.571673007021E-1));
#3379=VECTOR('',#3378,2.4E0);
#3380=CARTESIAN_POINT('',(-1.0375E2,1.350604075643E2,-6.137121441404E1));
#3381=LINE('',#3380,#3379);
#3382=CURVE_STYLE('',#136,POSITIVE_LENGTH_MEASURE(2.E-2),#78);
#3383=PRESENTATION_STYLE_ASSIGNMENT((#3382));
#3384=STYLED_ITEM('',(#3383),#3381);
#3385=CARTESIAN_POINT('',(-1.0375E2,1.358679152937E2,-5.905649385490E1));
#3386=DIRECTION('',(-1.E0,0.E0,0.E0));
#3387=DIRECTION('',(0.E0,5.150380749101E-1,8.571673007021E-1));
#3388=AXIS2_PLACEMENT_3D('',#3385,#3386,#3387);
#3390=CURVE_STYLE('',#136,POSITIVE_LENGTH_MEASURE(2.E-2),#78);
#3391=PRESENTATION_STYLE_ASSIGNMENT((#3390));
#3392=STYLED_ITEM('',(#3391),#3389);
#3393=DIRECTION('',(-1.E0,0.E0,0.E0));
#3394=VECTOR('',#3393,1.5E0);
#3395=CARTESIAN_POINT('',(-1.0225E2,1.351825503004E2,-5.806136832215E1));
#3396=LINE('',#3395,#3394);
#3397=CURVE_STYLE('',#136,POSITIVE_LENGTH_MEASURE(2.E-2),#78);
#3398=PRESENTATION_STYLE_ASSIGNMENT((#3397));
#3399=STYLED_ITEM('',(#3398),#3396);
#3400=DIRECTION('',(0.E0,8.571673007021E-1,-5.150380749101E-1));
#3401=VECTOR('',#3400,1.1E0);
#3402=CARTESIAN_POINT('',(-1.0375E2,1.351825503004E2,-5.806136832215E1));
#3403=LINE('',#3402,#3401);
#3404=CURVE_STYLE('',#136,POSITIVE_LENGTH_MEASURE(2.E-2),#78);
#3405=PRESENTATION_STYLE_ASSIGNMENT((#3404));
#3406=STYLED_ITEM('',(#3405),#3403);
#3407=DIRECTION('',(-1.E0,0.E0,0.E0));
#3408=VECTOR('',#3407,1.5E0);
#3409=CARTESIAN_POINT('',(-1.0225E2,1.361254343312E2,-5.862791020455E1));
#3410=LINE('',#3409,#3408);
#3411=CURVE_STYLE('',#136,POSITIVE_LENGTH_MEASURE(2.E-2),#78);
#3412=PRESENTATION_STYLE_ASSIGNMENT((#3411));
#3413=STYLED_ITEM('',(#3412),#3410);
#3414=DIRECTION('',(-1.E0,0.E0,0.E0));
#3415=VECTOR('',#3414,1.5E0);
#3416=CARTESIAN_POINT('',(-1.0225E2,1.362964989441E2,-5.931401289236E1));
#3417=LINE('',#3416,#3415);
#3418=CURVE_STYLE('',#136,POSITIVE_LENGTH_MEASURE(2.E-2),#78);
#3419=PRESENTATION_STYLE_ASSIGNMENT((#3418));
#3420=STYLED_ITEM('',(#3419),#3417);
#3421=DIRECTION('',(-1.E0,0.E0,0.E0));
#3422=VECTOR('',#3421,1.5E0);
#3423=CARTESIAN_POINT('',(-1.0225E2,1.350604075643E2,-6.137121441404E1));
#3424=LINE('',#3423,#3422);
#3425=CURVE_STYLE('',#136,POSITIVE_LENGTH_MEASURE(2.E-2),#78);
#3426=PRESENTATION_STYLE_ASSIGNMENT((#3425));
#3427=STYLED_ITEM('',(#3426),#3424);
#3428=DIRECTION('',(-1.E0,0.E0,0.E0));
#3429=VECTOR('',#3428,1.5E0);
#3430=CARTESIAN_POINT('',(-1.0225E2,1.343743048765E2,-6.154227902694E1));
#3431=LINE('',#3430,#3429);
#3432=CURVE_STYLE('',#136,POSITIVE_LENGTH_MEASURE(2.E-2),#78);
#3433=PRESENTATION_STYLE_ASSIGNMENT((#3432));
#3434=STYLED_ITEM('',(#3433),#3431);
#3435=DIRECTION('',(-1.E0,3.789561257387E-14,5.684341886081E-14));
#3436=VECTOR('',#3435,4.5E0);
#3437=CARTESIAN_POINT('',(-1.007499992E2,1.299148141527E2,-6.760499512176E1));
#3438=LINE('',#3437,#3436);
#3439=CURVE_STYLE('',#136,POSITIVE_LENGTH_MEASURE(2.E-2),#78);
#3440=PRESENTATION_STYLE_ASSIGNMENT((#3439));
#3441=STYLED_ITEM('',(#3440),#3438);
#3442=DIRECTION('',(0.E0,5.150380749101E-1,8.571673007021E-1));
#3443=VECTOR('',#3442,8.693569507378E0);
#3444=CARTESIAN_POINT('',(-1.007499992E2,1.299148141527E2,-6.760499512176E1));
#3445=LINE('',#3444,#3443);
#3446=CURVE_STYLE('',#136,POSITIVE_LENGTH_MEASURE(2.E-2),#78);
#3447=PRESENTATION_STYLE_ASSIGNMENT((#3446));
#3448=STYLED_ITEM('',(#3447),#3445);
#3449=DIRECTION('',(-1.E0,0.E0,2.842169427214E-14));
#3450=VECTOR('',#3449,1.500000800002E0);
#3451=CARTESIAN_POINT('',(-1.007499992E2,1.343923334559E2,-6.015315161366E1));
#3452=LINE('',#3451,#3450);
#3453=CURVE_STYLE('',#136,POSITIVE_LENGTH_MEASURE(2.E-2),#78);
#3454=PRESENTATION_STYLE_ASSIGNMENT((#3453));
#3455=STYLED_ITEM('',(#3454),#3452);
#3456=DIRECTION('',(0.E0,-5.150380749101E-1,-8.571673007021E-1));
#3457=VECTOR('',#3456,1.2E0);
#3458=CARTESIAN_POINT('',(-1.0225E2,1.343923334559E2,-6.015315161366E1));
#3459=LINE('',#3458,#3457);
#3460=CURVE_STYLE('',#136,POSITIVE_LENGTH_MEASURE(2.E-2),#78);
#3461=PRESENTATION_STYLE_ASSIGNMENT((#3460));
#3462=STYLED_ITEM('',(#3461),#3459);
#3463=DIRECTION('',(1.E0,0.E0,0.E0));
#3464=VECTOR('',#3463,1.5E0);
#3465=CARTESIAN_POINT('',(-1.0375E2,1.337742877660E2,-6.118175237450E1));
#3466=LINE('',#3465,#3464);
#3467=CURVE_STYLE('',#136,POSITIVE_LENGTH_MEASURE(2.E-2),#78);
#3468=PRESENTATION_STYLE_ASSIGNMENT((#3467));
#3469=STYLED_ITEM('',(#3468),#3466);
#3470=DIRECTION('',(0.E0,-5.150380749101E-1,-8.571673007021E-1));
#3471=VECTOR('',#3470,1.2E0);
#3472=CARTESIAN_POINT('',(-1.0375E2,1.343923334559E2,-6.015315161366E1));
#3473=LINE('',#3472,#3471);
#3474=CURVE_STYLE('',#136,POSITIVE_LENGTH_MEASURE(2.E-2),#78);
#3475=PRESENTATION_STYLE_ASSIGNMENT((#3474));
#3476=STYLED_ITEM('',(#3475),#3473);
#3477=DIRECTION('',(-1.E0,3.789563278493E-14,3.315867868681E-14));
#3478=VECTOR('',#3477,1.499999199998E0);
#3479=CARTESIAN_POINT('',(-1.0375E2,1.343923334559E2,-6.015315161366E1));
#3480=LINE('',#3479,#3478);
#3481=CURVE_STYLE('',#136,POSITIVE_LENGTH_MEASURE(2.E-2),#78);
#3482=PRESENTATION_STYLE_ASSIGNMENT((#3481));
#3483=STYLED_ITEM('',(#3482),#3480);
#3484=DIRECTION('',(0.E0,-5.150380749101E-1,-8.571673007021E-1));
#3485=VECTOR('',#3484,8.693569507378E0);
#3486=CARTESIAN_POINT('',(-1.052499992E2,1.343923334559E2,-6.015315161366E1));
#3487=LINE('',#3486,#3485);
#3488=CURVE_STYLE('',#136,POSITIVE_LENGTH_MEASURE(2.E-2),#78);
#3489=PRESENTATION_STYLE_ASSIGNMENT((#3488));
#3490=STYLED_ITEM('',(#3489),#3487);
#3491=CARTESIAN_POINT('',(-1.007499992E2,1.282004795513E2,-6.657491897194E1));
#3492=DIRECTION('',(1.E0,0.E0,0.E0));
#3493=DIRECTION('',(0.E0,1.322563902576E-1,-9.912155402515E-1));
#3494=AXIS2_PLACEMENT_3D('',#3491,#3492,#3493);
#3496=CURVE_STYLE('',#136,POSITIVE_LENGTH_MEASURE(2.E-2),#78);
#3497=PRESENTATION_STYLE_ASSIGNMENT((#3496));
#3498=STYLED_ITEM('',(#3497),#3495);
#3499=CARTESIAN_POINT('',(-1.052499992E2,1.282004795513E2,-6.657491897194E1));
#3500=DIRECTION('',(-1.E0,0.E0,0.E0));
#3501=DIRECTION('',(0.E0,8.571673007021E-1,-5.150380749101E-1));
#3502=AXIS2_PLACEMENT_3D('',#3499,#3500,#3501);
#3504=CURVE_STYLE('',#136,POSITIVE_LENGTH_MEASURE(2.E-2),#78);
#3505=PRESENTATION_STYLE_ASSIGNMENT((#3504));
#3506=STYLED_ITEM('',(#3505),#3503);
#3507=DIRECTION('',(-1.E0,-5.684341886081E-14,0.E0));
#3508=VECTOR('',#3507,4.5E0);
#3509=CARTESIAN_POINT('',(-1.007499992E2,1.284649923318E2,-6.855735005244E1));
#3510=LINE('',#3509,#3508);
#3511=CURVE_STYLE('',#136,POSITIVE_LENGTH_MEASURE(2.E-2),#78);
#3512=PRESENTATION_STYLE_ASSIGNMENT((#3511));
#3513=STYLED_ITEM('',(#3512),#3510);
#3514=DIRECTION('',(0.E0,-9.912155402515E-1,-1.322563902572E-1));
#3515=VECTOR('',#3514,3.541185050422E0);
#3516=CARTESIAN_POINT('',(-1.052499992E2,1.284649923318E2,-6.855735005244E1));
#3517=LINE('',#3516,#3515);
#3518=CURVE_STYLE('',#136,POSITIVE_LENGTH_MEASURE(2.E-2),#78);
#3519=PRESENTATION_STYLE_ASSIGNMENT((#3518));
#3520=STYLED_ITEM('',(#3519),#3517);
#3521=DIRECTION('',(4.815626807249E-14,9.912155402515E-1,1.322563902572E-1));
#3522=VECTOR('',#3521,3.541185050422E0);
#3523=CARTESIAN_POINT('',(-1.007499992E2,1.249549146789E2,-6.902569440445E1));
#3524=LINE('',#3523,#3522);
#3525=CURVE_STYLE('',#136,POSITIVE_LENGTH_MEASURE(2.E-2),#78);
#3526=PRESENTATION_STYLE_ASSIGNMENT((#3525));
#3527=STYLED_ITEM('',(#3526),#3524);
#3528=DIRECTION('',(-1.E0,0.E0,0.E0));
#3529=VECTOR('',#3528,4.499999999999E0);
#3530=CARTESIAN_POINT('',(-1.007499992E2,1.249549146789E2,-6.902569440445E1));
#3531=LINE('',#3530,#3529);
#3532=CURVE_STYLE('',#136,POSITIVE_LENGTH_MEASURE(2.E-2),#78);
#3533=PRESENTATION_STYLE_ASSIGNMENT((#3532));
#3534=STYLED_ITEM('',(#3533),#3531);
#3535=DIRECTION('',(0.E0,-8.746258652039E-1,-4.847985106375E-1));
#3536=VECTOR('',#3535,9.999779997580E-1);
#3537=CARTESIAN_POINT('',(-1.0225E2,1.351825503004E2,-5.806136832215E1));
#3538=LINE('',#3537,#3536);
#3539=CURVE_STYLE('',#136,POSITIVE_LENGTH_MEASURE(2.E-2),#78);
#3540=PRESENTATION_STYLE_ASSIGNMENT((#3539));
#3541=STYLED_ITEM('',(#3540),#3538);
#3542=DIRECTION('',(0.E0,8.571673007021E-1,-5.150380749101E-1));
#3543=VECTOR('',#3542,1.1E0);
#3544=CARTESIAN_POINT('',(-1.0225E2,1.351825503004E2,-5.806136832215E1));
#3545=LINE('',#3544,#3543);
#3546=CURVE_STYLE('',#136,POSITIVE_LENGTH_MEASURE(2.E-2),#78);
#3547=PRESENTATION_STYLE_ASSIGNMENT((#3546));
#3548=STYLED_ITEM('',(#3547),#3545);
#3549=CARTESIAN_POINT('',(-1.0225E2,1.358679152937E2,-5.905649385490E1));
#3550=DIRECTION('',(1.E0,0.E0,0.E0));
#3551=DIRECTION('',(0.E0,8.571673007021E-1,-5.150380749101E-1));
#3552=AXIS2_PLACEMENT_3D('',#3549,#3550,#3551);
#3554=CURVE_STYLE('',#136,POSITIVE_LENGTH_MEASURE(2.E-2),#78);
#3555=PRESENTATION_STYLE_ASSIGNMENT((#3554));
#3556=STYLED_ITEM('',(#3555),#3553);
#3557=DIRECTION('',(0.E0,5.150380749101E-1,8.571673007021E-1));
#3558=VECTOR('',#3557,2.4E0);
#3559=CARTESIAN_POINT('',(-1.0225E2,1.350604075643E2,-6.137121441404E1));
#3560=LINE('',#3559,#3558);
#3561=CURVE_STYLE('',#136,POSITIVE_LENGTH_MEASURE(2.E-2),#78);
#3562=PRESENTATION_STYLE_ASSIGNMENT((#3561));
#3563=STYLED_ITEM('',(#3562),#3560);
#3564=CARTESIAN_POINT('',(-1.0225E2,1.346318239139E2,-6.111369537659E1));
#3565=DIRECTION('',(1.E0,0.E0,0.E0));
#3566=DIRECTION('',(0.E0,-5.150380749101E-1,-8.571673007021E-1));
#3567=AXIS2_PLACEMENT_3D('',#3564,#3565,#3566);
#3569=CURVE_STYLE('',#136,POSITIVE_LENGTH_MEASURE(2.E-2),#78);
#3570=PRESENTATION_STYLE_ASSIGNMENT((#3569));
#3571=STYLED_ITEM('',(#3570),#3568);
#3572=DIRECTION('',(0.E0,8.571673007021E-1,-5.150380749101E-1));
#3573=VECTOR('',#3572,6.999999999995E-1);
#3574=CARTESIAN_POINT('',(-1.0225E2,1.337742877660E2,-6.118175237450E1));
#3575=LINE('',#3574,#3573);
#3576=CURVE_STYLE('',#136,POSITIVE_LENGTH_MEASURE(2.E-2),#78);
#3577=PRESENTATION_STYLE_ASSIGNMENT((#3576));
#3578=STYLED_ITEM('',(#3577),#3575);
#3579=DIRECTION('',(0.E0,-5.150380749101E-1,-8.571673007021E-1));
#3580=VECTOR('',#3579,6.999999999999E-1);
#3581=CARTESIAN_POINT('',(-1.0225E2,1.349090858654E2,-5.929701438910E1));
#3582=LINE('',#3581,#3580);
#3583=CURVE_STYLE('',#136,POSITIVE_LENGTH_MEASURE(2.E-2),#78);
#3584=PRESENTATION_STYLE_ASSIGNMENT((#3583));
#3585=STYLED_ITEM('',(#3584),#3582);
#3586=DIRECTION('',(0.E0,8.571673007021E-1,-5.150380749101E-1));
#3587=VECTOR('',#3586,9.02E-1);
#3588=CARTESIAN_POINT('',(-1.0225E2,1.341359209601E2,-5.883245004554E1));
#3589=LINE('',#3588,#3587);
#3590=CURVE_STYLE('',#136,POSITIVE_LENGTH_MEASURE(2.E-2),#78);
#3591=PRESENTATION_STYLE_ASSIGNMENT((#3590));
#3592=STYLED_ITEM('',(#3591),#3589);
#3593=DIRECTION('',(1.E0,-3.789561257387E-14,-4.263256414561E-14));
#3594=VECTOR('',#3593,1.5E0);
#3595=CARTESIAN_POINT('',(-1.0375E2,1.345485592129E2,-5.989703149960E1));
#3596=LINE('',#3595,#3594);
#3597=CURVE_STYLE('',#136,POSITIVE_LENGTH_MEASURE(2.E-2),#78);
#3598=PRESENTATION_STYLE_ASSIGNMENT((#3597));
#3599=STYLED_ITEM('',(#3598),#3596);
#3600=DIRECTION('',(-1.E0,0.E0,0.E0));
#3601=VECTOR('',#3600,1.5E0);
#3602=CARTESIAN_POINT('',(-1.0225E2,1.349090858654E2,-5.929701438910E1));
#3603=LINE('',#3602,#3601);
#3604=CURVE_STYLE('',#136,POSITIVE_LENGTH_MEASURE(2.E-2),#78);
#3605=PRESENTATION_STYLE_ASSIGNMENT((#3604));
#3606=STYLED_ITEM('',(#3605),#3603);
#3607=DIRECTION('',(-1.E0,0.E0,0.E0));
#3608=VECTOR('',#3607,1.5E0);
#3609=CARTESIAN_POINT('',(-1.0225E2,1.341359209601E2,-5.883245004554E1));
#3610=LINE('',#3609,#3608);
#3611=CURVE_STYLE('',#136,POSITIVE_LENGTH_MEASURE(2.E-2),#78);
#3612=PRESENTATION_STYLE_ASSIGNMENT((#3611));
#3613=STYLED_ITEM('',(#3612),#3610);
#3614=DIRECTION('',(-1.E0,0.E0,0.E0));
#3615=VECTOR('',#3614,1.5E0);
#3616=CARTESIAN_POINT('',(-1.0225E2,1.343079436772E2,-5.854615616710E1));
#3617=LINE('',#3616,#3615);
#3618=CURVE_STYLE('',#136,POSITIVE_LENGTH_MEASURE(2.E-2),#78);
#3619=PRESENTATION_STYLE_ASSIGNMENT((#3618));
#3620=STYLED_ITEM('',(#3619),#3617);
#3621=DIRECTION('',(0.E0,-5.150380749102E-1,-8.571673007020E-1));
#3622=VECTOR('',#3621,3.34E-1);
#3623=CARTESIAN_POINT('',(-1.0225E2,1.343079436772E2,-5.854615616710E1));
#3624=LINE('',#3623,#3622);
#3625=CURVE_STYLE('',#136,POSITIVE_LENGTH_MEASURE(2.E-2),#78);
#3626=PRESENTATION_STYLE_ASSIGNMENT((#3625));
#3627=STYLED_ITEM('',(#3626),#3624);
#3628=DIRECTION('',(0.E0,5.150380749102E-1,8.571673007020E-1));
#3629=VECTOR('',#3628,3.34E-1);
#3630=CARTESIAN_POINT('',(-1.0375E2,1.341359209601E2,-5.883245004554E1));
#3631=LINE('',#3630,#3629);
#3632=CURVE_STYLE('',#136,POSITIVE_LENGTH_MEASURE(2.E-2),#78);
#3633=PRESENTATION_STYLE_ASSIGNMENT((#3632));
#3634=STYLED_ITEM('',(#3633),#3631);
#3635=DIRECTION('',(-1.E0,-2.368475785863E-14,0.E0));
#3636=VECTOR('',#3635,1.200000000002E0);
#3637=CARTESIAN_POINT('',(-9.95499992E1,1.264866674310E2,-7.196750370879E1));
#3638=LINE('',#3637,#3636);
#3639=CURVE_STYLE('',#136,POSITIVE_LENGTH_MEASURE(2.E-2),#78);
#3640=PRESENTATION_STYLE_ASSIGNMENT((#3639));
#3641=STYLED_ITEM('',(#3640),#3638);
#3642=DIRECTION('',(1.E0,0.E0,0.E0));
#3643=VECTOR('',#3642,1.200000000002E0);
#3644=CARTESIAN_POINT('',(-1.007499992E2,1.292017230191E2,-7.255520738400E1));
#3645=LINE('',#3644,#3643);
#3646=CURVE_STYLE('',#136,POSITIVE_LENGTH_MEASURE(2.E-2),#78);
#3647=PRESENTATION_STYLE_ASSIGNMENT((#3646));
#3648=STYLED_ITEM('',(#3647),#3645);
#3649=DIRECTION('',(-1.E0,4.736951571726E-14,-7.105427357590E-14));
#3650=VECTOR('',#3649,1.200000000002E0);
#3651=CARTESIAN_POINT('',(-9.95499992E1,1.292243692249E2,-7.278563983249E1));
#3652=LINE('',#3651,#3650);
#3653=CURVE_STYLE('',#136,POSITIVE_LENGTH_MEASURE(2.E-2),#78);
#3654=PRESENTATION_STYLE_ASSIGNMENT((#3653));
#3655=STYLED_ITEM('',(#3654),#3652);
#3656=DIRECTION('',(1.E0,0.E0,-1.184237892932E-14));
#3657=VECTOR('',#3656,1.200000000002E0);
#3658=CARTESIAN_POINT('',(-1.007499992E2,1.291886644863E2,-7.272293946614E1));
#3659=LINE('',#3658,#3657);
#3660=CURVE_STYLE('',#136,POSITIVE_LENGTH_MEASURE(2.E-2),#78);
#3661=PRESENTATION_STYLE_ASSIGNMENT((#3660));
#3662=STYLED_ITEM('',(#3661),#3659);
#3663=DIRECTION('',(-1.E0,2.368475785867E-14,0.E0));
#3664=VECTOR('',#3663,1.2E0);
#3665=CARTESIAN_POINT('',(-1.052499992E2,1.292243692249E2,-7.278563983249E1));
#3666=LINE('',#3665,#3664);
#3667=CURVE_STYLE('',#136,POSITIVE_LENGTH_MEASURE(2.E-2),#78);
#3668=PRESENTATION_STYLE_ASSIGNMENT((#3667));
#3669=STYLED_ITEM('',(#3668),#3666);
#3670=DIRECTION('',(0.E0,-4.948424202582E-1,8.689827265907E-1));
#3671=VECTOR('',#3670,7.215375453646E-2);
#3672=CARTESIAN_POINT('',(-1.064499992E2,1.292243692249E2,-7.278563983249E1));
#3673=LINE('',#3672,#3671);
#3674=CURVE_STYLE('',#136,POSITIVE_LENGTH_MEASURE(2.E-2),#78);
#3675=PRESENTATION_STYLE_ASSIGNMENT((#3674));
#3676=STYLED_ITEM('',(#3675),#3673);
#3677=DIRECTION('',(1.E0,0.E0,1.184237892933E-14));
#3678=VECTOR('',#3677,1.2E0);
#3679=CARTESIAN_POINT('',(-1.064499992E2,1.291886644863E2,-7.272293946614E1));
#3680=LINE('',#3679,#3678);
#3681=CURVE_STYLE('',#136,POSITIVE_LENGTH_MEASURE(2.E-2),#78);
#3682=PRESENTATION_STYLE_ASSIGNMENT((#3681));
#3683=STYLED_ITEM('',(#3682),#3680);
#3684=DIRECTION('',(-1.E0,-2.368475785867E-14,3.552713678800E-14));
#3685=VECTOR('',#3684,1.2E0);
#3686=CARTESIAN_POINT('',(-1.052499992E2,1.264866674310E2,-7.196750370879E1));
#3687=LINE('',#3686,#3685);
#3688=CURVE_STYLE('',#136,POSITIVE_LENGTH_MEASURE(2.E-2),#78);
#3689=PRESENTATION_STYLE_ASSIGNMENT((#3688));
#3690=STYLED_ITEM('',(#3689),#3687);
#3691=DIRECTION('',(1.E0,-2.368475785867E-14,-2.368475785867E-14));
#3692=VECTOR('',#3691,1.2E0);
#3693=CARTESIAN_POINT('',(-1.064499992E2,1.292017230191E2,-7.255520738400E1));
#3694=LINE('',#3693,#3692);
#3695=CURVE_STYLE('',#136,POSITIVE_LENGTH_MEASURE(2.E-2),#78);
#3696=PRESENTATION_STYLE_ASSIGNMENT((#3695));
#3697=STYLED_ITEM('',(#3696),#3694);
#3698=DIRECTION('',(-1.E0,0.E0,0.E0));
#3699=VECTOR('',#3698,1.913324779137E0);
#3700=CARTESIAN_POINT('',(-1.052499992E2,1.340086564327E2,-7.186232096896E1));
#3701=LINE('',#3700,#3699);
#3702=CURVE_STYLE('',#136,POSITIVE_LENGTH_MEASURE(2.E-2),#78);
#3703=PRESENTATION_STYLE_ASSIGNMENT((#3702));
#3704=STYLED_ITEM('',(#3703),#3701);
#3705=CARTESIAN_POINT('',(-1.066499992E2,1.247698092763E2,-7.131371110807E1));
#3706=CARTESIAN_POINT('',(-1.066499992E2,1.239126419756E2,-7.079867303316E1));
#3707=VERTEX_POINT('',#3705);
#3708=VERTEX_POINT('',#3706);
#3709=CARTESIAN_POINT('',(-9.93499992E1,1.247698092763E2,-7.131371110807E1));
#3710=CARTESIAN_POINT('',(-9.93499992E1,1.239126419756E2,-7.079867303316E1));
#3711=VERTEX_POINT('',#3709);
#3712=VERTEX_POINT('',#3710);
#3713=CARTESIAN_POINT('',(-9.95499992E1,1.249412427365E2,-7.141671872305E1));
#3714=VERTEX_POINT('',#3713);
#3715=CARTESIAN_POINT('',(-1.064499992E2,1.249412427365E2,-7.141671872305E1));
#3716=VERTEX_POINT('',#3715);
#3717=CARTESIAN_POINT('',(-1.052499992E2,1.333637326950E2,-5.953510592377E1));
#3718=CARTESIAN_POINT('',(-1.052499992E2,1.343923334559E2,-6.015315161366E1));
#3719=VERTEX_POINT('',#3717);
#3720=VERTEX_POINT('',#3718);
#3721=CARTESIAN_POINT('',(-1.007499992E2,1.333637326950E2,-5.953510592377E1));
#3722=CARTESIAN_POINT('',(-1.007499992E2,1.343923334559E2,-6.015315161366E1));
#3723=VERTEX_POINT('',#3721);
#3724=VERTEX_POINT('',#3722);
#3725=CARTESIAN_POINT('',(-1.0375E2,1.337742877660E2,-6.118175237450E1));
#3726=CARTESIAN_POINT('',(-1.0225E2,1.337742877660E2,-6.118175237450E1));
#3727=VERTEX_POINT('',#3725);
#3728=VERTEX_POINT('',#3726);
#3729=CARTESIAN_POINT('',(-1.0225E2,1.349090858654E2,-5.929701438910E1));
#3730=CARTESIAN_POINT('',(-1.0375E2,1.349090858654E2,-5.929701438910E1));
#3731=VERTEX_POINT('',#3729);
#3732=VERTEX_POINT('',#3730);
#3733=CARTESIAN_POINT('',(-1.0375E2,1.341368976003E2,-5.999967026733E1));
#3734=CARTESIAN_POINT('',(-1.0225E2,1.341368976003E2,-5.999967026733E1));
#3735=VERTEX_POINT('',#3733);
#3736=VERTEX_POINT('',#3734);
#3737=CARTESIAN_POINT('',(-1.0375E2,1.345485592129E2,-5.989703149960E1));
#3738=CARTESIAN_POINT('',(-1.0225E2,1.345485592129E2,-5.989703149960E1));
#3739=VERTEX_POINT('',#3737);
#3740=VERTEX_POINT('',#3738);
#3741=CARTESIAN_POINT('',(-1.0375E2,1.343923334559E2,-6.015315161366E1));
#3742=VERTEX_POINT('',#3741);
#3743=CARTESIAN_POINT('',(-1.0225E2,1.343923334559E2,-6.015315161366E1));
#3744=VERTEX_POINT('',#3743);
#3745=CARTESIAN_POINT('',(-1.0375E2,1.361254343312E2,-5.862791020455E1));
#3746=CARTESIAN_POINT('',(-1.0375E2,1.362964989441E2,-5.931401289236E1));
#3747=VERTEX_POINT('',#3745);
#3748=VERTEX_POINT('',#3746);
#3749=CARTESIAN_POINT('',(-1.0225E2,1.362964989441E2,-5.931401289236E1));
#3750=VERTEX_POINT('',#3749);
#3751=CARTESIAN_POINT('',(-1.0225E2,1.361254343312E2,-5.862791020455E1));
#3752=VERTEX_POINT('',#3751);
#3753=CARTESIAN_POINT('',(-1.0375E2,1.350604075643E2,-6.137121441404E1));
#3754=CARTESIAN_POINT('',(-1.0375E2,1.343743048765E2,-6.154227902694E1));
#3755=VERTEX_POINT('',#3753);
#3756=VERTEX_POINT('',#3754);
#3757=CARTESIAN_POINT('',(-1.0225E2,1.343743048765E2,-6.154227902694E1));
#3758=VERTEX_POINT('',#3757);
#3759=CARTESIAN_POINT('',(-1.0225E2,1.350604075643E2,-6.137121441404E1));
#3760=VERTEX_POINT('',#3759);
#3761=CARTESIAN_POINT('',(-1.007499992E2,1.264866674310E2,-7.196750370879E1));
#3762=CARTESIAN_POINT('',(-1.007499992E2,1.264302710585E2,-7.212483263490E1));
#3763=VERTEX_POINT('',#3761);
#3764=VERTEX_POINT('',#3762);
#3765=CARTESIAN_POINT('',(-9.95499992E1,1.264302710585E2,-7.212483263490E1));
#3766=VERTEX_POINT('',#3765);
#3767=CARTESIAN_POINT('',(-9.95499992E1,1.264866674310E2,-7.196750370879E1));
#3768=VERTEX_POINT('',#3767);
#3769=CARTESIAN_POINT('',(-9.95499992E1,1.262051124258E2,-7.217612824694E1));
#3770=CARTESIAN_POINT('',(-9.95499992E1,1.263714302032E2,-7.216825090806E1));
#3771=VERTEX_POINT('',#3769);
#3772=VERTEX_POINT('',#3770);
#3773=CARTESIAN_POINT('',(-1.007499992E2,1.263714302032E2,-7.216825090806E1));
#3774=VERTEX_POINT('',#3773);
#3775=CARTESIAN_POINT('',(-1.007499992E2,1.262051124258E2,-7.217612824694E1));
#3776=VERTEX_POINT('',#3775);
#3777=CARTESIAN_POINT('',(-1.064499992E2,1.264866674310E2,-7.196750370879E1));
#3778=CARTESIAN_POINT('',(-1.064499992E2,1.264302710585E2,-7.212483263490E1));
#3779=VERTEX_POINT('',#3777);
#3780=VERTEX_POINT('',#3778);
#3781=CARTESIAN_POINT('',(-1.052499992E2,1.264302710585E2,-7.212483263490E1));
#3782=VERTEX_POINT('',#3781);
#3783=CARTESIAN_POINT('',(-1.052499992E2,1.264866674310E2,-7.196750370879E1));
#3784=VERTEX_POINT('',#3783);
#3785=CARTESIAN_POINT('',(-1.052499992E2,1.262051124258E2,-7.217612824694E1));
#3786=CARTESIAN_POINT('',(-1.052499992E2,1.263714302032E2,-7.216825090806E1));
#3787=VERTEX_POINT('',#3785);
#3788=VERTEX_POINT('',#3786);
#3789=CARTESIAN_POINT('',(-1.064499992E2,1.263714302032E2,-7.216825090806E1));
#3790=VERTEX_POINT('',#3789);
#3791=CARTESIAN_POINT('',(-1.064499992E2,1.262051124258E2,-7.217612824694E1));
#3792=VERTEX_POINT('',#3791);
#3793=CARTESIAN_POINT('',(-9.95499992E1,1.292017230191E2,-7.255520738400E1));
#3794=CARTESIAN_POINT('',(-9.95499992E1,1.291886644863E2,-7.272293946614E1));
#3795=VERTEX_POINT('',#3793);
#3796=VERTEX_POINT('',#3794);
#3797=CARTESIAN_POINT('',(-1.007499992E2,1.291886644863E2,-7.272293946614E1));
#3798=VERTEX_POINT('',#3797);
#3799=CARTESIAN_POINT('',(-1.007499992E2,1.292017230191E2,-7.255520738400E1));
#3800=VERTEX_POINT('',#3799);
#3801=CARTESIAN_POINT('',(-1.052499992E2,1.292017230191E2,-7.255520738400E1));
#3802=CARTESIAN_POINT('',(-1.052499992E2,1.291886644863E2,-7.272293946614E1));
#3803=VERTEX_POINT('',#3801);
#3804=VERTEX_POINT('',#3802);
#3805=CARTESIAN_POINT('',(-1.064499992E2,1.291886644863E2,-7.272293946614E1));
#3806=VERTEX_POINT('',#3805);
#3807=CARTESIAN_POINT('',(-1.064499992E2,1.292017230191E2,-7.255520738400E1));
#3808=VERTEX_POINT('',#3807);
#3809=CARTESIAN_POINT('',(-1.052499992E2,1.429752956401E2,-4.754712143828E1));
#3810=CARTESIAN_POINT('',(-1.007499992E2,1.429752956401E2,-4.754712143828E1));
#3811=VERTEX_POINT('',#3809);
#3812=VERTEX_POINT('',#3810);
#3813=CARTESIAN_POINT('',(-1.007499992E2,1.441133087691E2,-4.798307436883E1));
#3814=CARTESIAN_POINT('',(-1.052499992E2,1.441133087691E2,-4.798307436883E1));
#3815=VERTEX_POINT('',#3813);
#3816=VERTEX_POINT('',#3814);
#3817=CARTESIAN_POINT('',(-1.057499992E2,1.465296322660E2,-4.306334197106E1));
#3818=CARTESIAN_POINT('',(-1.057499992E2,1.468717614918E2,-4.443554734667E1));
#3819=VERTEX_POINT('',#3817);
#3820=VERTEX_POINT('',#3818);
#3821=CARTESIAN_POINT('',(-1.052499992E2,1.462721132285E2,-4.349192562141E1));
#3822=CARTESIAN_POINT('',(-1.052499992E2,1.464431778414E2,-4.417802830922E1));
#3823=VERTEX_POINT('',#3821);
#3824=VERTEX_POINT('',#3822);
#3825=CARTESIAN_POINT('',(-1.057499992E2,1.452222985348E2,-4.227781661603E1));
#3826=VERTEX_POINT('',#3825);
#3827=CARTESIAN_POINT('',(-1.052499992E2,1.451207711889E2,-4.280012953077E1));
#3828=VERTEX_POINT('',#3827);
#3829=CARTESIAN_POINT('',(-1.007499992E2,1.462721132285E2,-4.349192562141E1));
#3830=CARTESIAN_POINT('',(-1.007499992E2,1.464431778414E2,-4.417802830922E1));
#3831=VERTEX_POINT('',#3829);
#3832=VERTEX_POINT('',#3830);
#3833=CARTESIAN_POINT('',(-1.002499992E2,1.465296322660E2,-4.306334197106E1));
#3834=CARTESIAN_POINT('',(-1.002499992E2,1.468717614918E2,-4.443554734667E1));
#3835=VERTEX_POINT('',#3833);
#3836=VERTEX_POINT('',#3834);
#3837=CARTESIAN_POINT('',(-1.007499992E2,1.451207711889E2,-4.280012953077E1));
#3838=VERTEX_POINT('',#3837);
#3839=CARTESIAN_POINT('',(-1.002499992E2,1.452222985348E2,-4.227781661603E1));
#3840=VERTEX_POINT('',#3839);
#3841=CARTESIAN_POINT('',(-1.007499992E2,1.411705325386E2,-5.288067647027E1));
#3842=CARTESIAN_POINT('',(-1.052499992E2,1.411705325386E2,-5.288067647027E1));
#3843=VERTEX_POINT('',#3841);
#3844=VERTEX_POINT('',#3842);
#3845=CARTESIAN_POINT('',(-1.007499992E2,1.402506539102E2,-5.208168676608E1));
#3846=CARTESIAN_POINT('',(-1.052499992E2,1.402506539102E2,-5.208168676608E1));
#3847=VERTEX_POINT('',#3845);
#3848=VERTEX_POINT('',#3846);
#3849=CARTESIAN_POINT('',(-9.95499992E1,1.447879613696E2,-4.499116709569E1));
#3850=CARTESIAN_POINT('',(-9.93499992E1,1.450709724658E2,-4.452015753501E1));
#3851=VERTEX_POINT('',#3849);
#3852=VERTEX_POINT('',#3850);
#3853=CARTESIAN_POINT('',(-9.93499992E1,1.449683336981E2,-4.410849592233E1));
#3854=VERTEX_POINT('',#3853);
#3855=CARTESIAN_POINT('',(-9.95499992E1,1.444973241374E2,-4.382548482613E1));
#3856=VERTEX_POINT('',#3855);
#3857=CARTESIAN_POINT('',(-9.95499992E1,1.458165621305E2,-4.560921278558E1));
#3858=CARTESIAN_POINT('',(-9.93499992E1,1.459281397665E2,-4.503519560992E1));
#3859=VERTEX_POINT('',#3857);
#3860=VERTEX_POINT('',#3858);
#3861=CARTESIAN_POINT('',(-9.93499992E1,1.464431778414E2,-4.417802830923E1));
#3862=VERTEX_POINT('',#3861);
#3863=CARTESIAN_POINT('',(-9.93499992E1,1.462721132285E2,-4.349192562141E1));
#3864=VERTEX_POINT('',#3863);
#3865=CARTESIAN_POINT('',(-9.98499992E1,1.468717614918E2,-4.443554734667E1));
#3866=CARTESIAN_POINT('',(-9.98499992E1,1.465296322660E2,-4.306334197106E1));
#3867=VERTEX_POINT('',#3865);
#3868=VERTEX_POINT('',#3866);
#3869=CARTESIAN_POINT('',(-9.93499992E1,1.455863793880E2,-4.307989516148E1));
#3870=VERTEX_POINT('',#3869);
#3871=CARTESIAN_POINT('',(-1.066499992E2,1.459281397665E2,-4.503519560992E1));
#3872=CARTESIAN_POINT('',(-1.066499992E2,1.464431778414E2,-4.417802830923E1));
#3873=VERTEX_POINT('',#3871);
#3874=VERTEX_POINT('',#3872);
#3875=CARTESIAN_POINT('',(-1.066499992E2,1.462721132286E2,-4.349192562141E1));
#3876=VERTEX_POINT('',#3875);
#3877=CARTESIAN_POINT('',(-1.061499992E2,1.468717614918E2,-4.443554734667E1));
#3878=CARTESIAN_POINT('',(-1.061499992E2,1.465296322660E2,-4.306334197106E1));
#3879=VERTEX_POINT('',#3877);
#3880=VERTEX_POINT('',#3878);
#3881=CARTESIAN_POINT('',(-9.954999919999E1,1.452183774423E2,
-4.262545060517E1));
#3882=VERTEX_POINT('',#3881);
#3883=VERTEX_POINT('',#1710);
#3884=VERTEX_POINT('',#1714);
#3885=CARTESIAN_POINT('',(-1.002570339866E2,1.379304014936E2,
-5.890069120582E1));
#3886=VERTEX_POINT('',#3885);
#3887=CARTESIAN_POINT('',(-1.002570339866E2,1.383654456916E2,
-5.857877543335E1));
#3888=VERTEX_POINT('',#3887);
#3889=CARTESIAN_POINT('',(-9.98499992E1,1.378172141002E2,-5.893616213947E1));
#3890=CARTESIAN_POINT('',(-1.002499992E2,1.378172141002E2,-5.893616213947E1));
#3891=VERTEX_POINT('',#3889);
#3892=VERTEX_POINT('',#3890);
#3893=CARTESIAN_POINT('',(-9.98499992E1,1.384324595053E2,-5.848090448811E1));
#3894=CARTESIAN_POINT('',(-1.002499992E2,1.384324595053E2,-5.848090448811E1));
#3895=VERTEX_POINT('',#3893);
#3896=VERTEX_POINT('',#3894);
#3897=VERTEX_POINT('',#609);
#3898=VERTEX_POINT('',#613);
#3899=CARTESIAN_POINT('',(-9.984296441342E1,1.383654456916E2,
-5.857877543335E1));
#3900=VERTEX_POINT('',#3899);
#3901=CARTESIAN_POINT('',(-9.984296441342E1,1.379304014936E2,
-5.890069120582E1));
#3902=VERTEX_POINT('',#3901);
#3903=VERTEX_POINT('',#170);
#3904=VERTEX_POINT('',#174);
#3905=CARTESIAN_POINT('',(-1.061570339866E2,1.379304014936E2,
-5.890069120582E1));
#3906=VERTEX_POINT('',#3905);
#3907=CARTESIAN_POINT('',(-1.061570339866E2,1.383654456916E2,
-5.857877543335E1));
#3908=VERTEX_POINT('',#3907);
#3909=CARTESIAN_POINT('',(-1.057499992E2,1.378172141002E2,-5.893616213947E1));
#3910=CARTESIAN_POINT('',(-1.061499992E2,1.378172141002E2,-5.893616213947E1));
#3911=VERTEX_POINT('',#3909);
#3912=VERTEX_POINT('',#3910);
#3913=CARTESIAN_POINT('',(-1.057499992E2,1.384324595053E2,-5.848090448811E1));
#3914=CARTESIAN_POINT('',(-1.061499992E2,1.384324595053E2,-5.848090448811E1));
#3915=VERTEX_POINT('',#3913);
#3916=VERTEX_POINT('',#3914);
#3917=VERTEX_POINT('',#1272);
#3918=VERTEX_POINT('',#1276);
#3919=CARTESIAN_POINT('',(-1.057429644134E2,1.383654456916E2,
-5.857877543335E1));
#3920=VERTEX_POINT('',#3919);
#3921=CARTESIAN_POINT('',(-1.057429644134E2,1.379304014936E2,
-5.890069120582E1));
#3922=VERTEX_POINT('',#3921);
#3923=CARTESIAN_POINT('',(-1.064499992E2,1.458165621305E2,-4.560921278558E1));
#3924=VERTEX_POINT('',#3923);
#3925=CARTESIAN_POINT('',(-1.007499992E2,1.293745550924E2,-7.286009580049E1));
#3926=CARTESIAN_POINT('',(-1.007499992E2,1.292243692249E2,-7.278563983249E1));
#3927=VERTEX_POINT('',#3925);
#3928=VERTEX_POINT('',#3926);
#3929=CARTESIAN_POINT('',(-9.95499992E1,1.292243692249E2,-7.278563983249E1));
#3930=VERTEX_POINT('',#3929);
#3931=CARTESIAN_POINT('',(-9.95499992E1,1.293745550924E2,-7.286009580049E1));
#3932=VERTEX_POINT('',#3931);
#3933=CARTESIAN_POINT('',(-1.064499992E2,1.293745550924E2,-7.286009580049E1));
#3934=CARTESIAN_POINT('',(-1.064499992E2,1.292243692249E2,-7.278563983249E1));
#3935=VERTEX_POINT('',#3933);
#3936=VERTEX_POINT('',#3934);
#3937=CARTESIAN_POINT('',(-1.052499992E2,1.292243692249E2,-7.278563983249E1));
#3938=VERTEX_POINT('',#3937);
#3939=CARTESIAN_POINT('',(-1.052499992E2,1.293745550924E2,-7.286009580049E1));
#3940=VERTEX_POINT('',#3939);
#3941=CARTESIAN_POINT('',(-9.93499992E1,1.247690503398E2,-6.937337016416E1));
#3942=CARTESIAN_POINT('',(-9.95499992E1,1.247006244946E2,-6.909892908904E1));
#3943=VERTEX_POINT('',#3941);
#3944=VERTEX_POINT('',#3942);
#3945=CARTESIAN_POINT('',(-9.95499992E1,1.259006587156E2,-6.981998239392E1));
#3946=VERTEX_POINT('',#3945);
#3947=CARTESIAN_POINT('',(-9.93499992E1,1.256262176405E2,-6.988840823907E1));
#3948=VERTEX_POINT('',#3947);
#3949=CARTESIAN_POINT('',(-1.066499992E2,1.256262176405E2,-6.988840823907E1));
#3950=CARTESIAN_POINT('',(-1.064499992E2,1.259006587156E2,-6.981998239392E1));
#3951=VERTEX_POINT('',#3949);
#3952=VERTEX_POINT('',#3950);
#3953=CARTESIAN_POINT('',(-1.064499992E2,1.247006244946E2,-6.909892908904E1));
#3954=VERTEX_POINT('',#3953);
#3955=CARTESIAN_POINT('',(-1.066499992E2,1.247690503398E2,-6.937337016416E1));
#3956=VERTEX_POINT('',#3955);
#3957=CARTESIAN_POINT('',(-1.064499992E2,1.444973241374E2,-4.382548482613E1));
#3958=CARTESIAN_POINT('',(-1.064499992E2,1.447879613696E2,-4.499116709569E1));
#3959=VERTEX_POINT('',#3957);
#3960=VERTEX_POINT('',#3958);
#3961=CARTESIAN_POINT('',(-1.066499992E2,1.450709724658E2,-4.452015753501E1));
#3962=CARTESIAN_POINT('',(-1.066499992E2,1.449683336981E2,-4.410849592233E1));
#3963=VERTEX_POINT('',#3961);
#3964=VERTEX_POINT('',#3962);
#3965=CARTESIAN_POINT('',(-1.066499992E2,1.455863793880E2,-4.307989516148E1));
#3966=VERTEX_POINT('',#3965);
#3967=CARTESIAN_POINT('',(-1.064499992E2,1.452183774423E2,-4.262545060517E1));
#3968=VERTEX_POINT('',#3967);
#3969=CARTESIAN_POINT('',(-1.052499992E2,1.284493966107E2,-6.734879619349E1));
#3970=CARTESIAN_POINT('',(-1.052499992E2,1.288118520660E2,-6.711070746082E1));
#3971=VERTEX_POINT('',#3969);
#3972=VERTEX_POINT('',#3970);
#3973=CARTESIAN_POINT('',(-1.007499992E2,1.288118520660E2,-6.711070746082E1));
#3974=VERTEX_POINT('',#3973);
#3975=CARTESIAN_POINT('',(-1.007499992E2,1.284493966107E2,-6.734879619349E1));
#3976=VERTEX_POINT('',#3975);
#3977=CARTESIAN_POINT('',(-1.007499992E2,1.249549146789E2,-6.902569440445E1));
#3978=CARTESIAN_POINT('',(-1.052499992E2,1.249549146789E2,-6.902569440445E1));
#3979=VERTEX_POINT('',#3977);
#3980=VERTEX_POINT('',#3978);
#3981=CARTESIAN_POINT('',(-1.052499992E2,1.225014966666E2,-6.995077138926E1));
#3982=CARTESIAN_POINT('',(-1.007499992E2,1.225014966666E2,-6.995077138926E1));
#3983=VERTEX_POINT('',#3981);
#3984=VERTEX_POINT('',#3982);
#3985=CARTESIAN_POINT('',(-1.007499992E2,1.284649923318E2,-6.855735005244E1));
#3986=CARTESIAN_POINT('',(-1.052499992E2,1.284649923318E2,-6.855735005244E1));
#3987=VERTEX_POINT('',#3985);
#3988=VERTEX_POINT('',#3986);
#3989=CARTESIAN_POINT('',(-1.007499992E2,1.299148141527E2,-6.760499512176E1));
#3990=CARTESIAN_POINT('',(-1.052499992E2,1.299148141527E2,-6.760499512176E1));
#3991=VERTEX_POINT('',#3989);
#3992=VERTEX_POINT('',#3990);
#3993=CARTESIAN_POINT('',(-1.007499992E2,1.366014364792E2,-5.658065750535E1));
#3994=CARTESIAN_POINT('',(-1.052499992E2,1.366014364792E2,-5.658065750535E1));
#3995=VERTEX_POINT('',#3993);
#3996=VERTEX_POINT('',#3994);
#3997=CARTESIAN_POINT('',(-1.052499992E2,1.364994055122E2,-5.511938782332E1));
#3998=VERTEX_POINT('',#3997);
#3999=CARTESIAN_POINT('',(-1.007499992E2,1.364994055122E2,-5.511938782332E1));
#4000=VERTEX_POINT('',#3999);
#4001=VERTEX_POINT('',#2428);
#4002=VERTEX_POINT('',#2456);
#4003=CARTESIAN_POINT('',(-1.061499992E2,1.433092433088E2,-4.171165376732E1));
#4004=VERTEX_POINT('',#4003);
#4005=CARTESIAN_POINT('',(-1.064499992E2,1.435663934991E2,-4.186616518987E1));
#4006=VERTEX_POINT('',#4005);
#4007=CARTESIAN_POINT('',(-1.064499992E2,1.286103277319E2,-6.675723858274E1));
#4008=VERTEX_POINT('',#4007);
#4009=CARTESIAN_POINT('',(-1.061499992E2,1.283531775416E2,-6.660272716027E1));
#4010=VERTEX_POINT('',#4009);
#4011=CARTESIAN_POINT('',(-1.064499992E2,1.269430326378E2,-6.785244675303E1));
#4012=VERTEX_POINT('',#4011);
#4013=CARTESIAN_POINT('',(-1.061499992E2,1.269033557208E2,-6.755508209095E1));
#4014=VERTEX_POINT('',#4013);
#4015=CARTESIAN_POINT('',(-1.064499992E2,1.248358839277E2,-6.813360041822E1));
#4016=VERTEX_POINT('',#4015);
#4017=CARTESIAN_POINT('',(-1.061499992E2,1.247962070106E2,-6.783623575614E1));
#4018=VERTEX_POINT('',#4017);
#4019=CARTESIAN_POINT('',(-1.064499992E2,1.222792557856E2,-6.902672845540E1));
#4020=VERTEX_POINT('',#4019);
#4021=CARTESIAN_POINT('',(-1.061499992E2,1.221251371433E2,-6.876934266697E1));
#4022=VERTEX_POINT('',#4021);
#4023=CARTESIAN_POINT('',(-1.064499992E2,1.220038181143E2,-6.930174592709E1));
#4024=VERTEX_POINT('',#4023);
#4025=CARTESIAN_POINT('',(-1.061499992E2,1.216278325097E2,-6.942582100310E1));
#4026=VERTEX_POINT('',#4025);
#4027=CARTESIAN_POINT('',(-1.064499992E2,1.238957199379E2,-7.043851522797E1));
#4028=VERTEX_POINT('',#4027);
#4029=CARTESIAN_POINT('',(-1.061499992E2,1.234840583253E2,-7.054115399570E1));
#4030=VERTEX_POINT('',#4029);
#4031=CARTESIAN_POINT('',(-1.055499992E2,1.269033557208E2,-6.755508209095E1));
#4032=CARTESIAN_POINT('',(-1.055499992E2,1.283531775416E2,-6.660272716027E1));
#4033=VERTEX_POINT('',#4031);
#4034=VERTEX_POINT('',#4032);
#4035=CARTESIAN_POINT('',(-1.052499992E2,1.280291601615E2,-6.740486770720E1));
#4036=CARTESIAN_POINT('',(-1.052499992E2,1.286103277318E2,-6.675723858270E1));
#4037=VERTEX_POINT('',#4035);
#4038=VERTEX_POINT('',#4036);
#4039=CARTESIAN_POINT('',(-1.052499992E2,1.438408345741E2,-4.179773934464E1));
#4040=CARTESIAN_POINT('',(-1.052499992E2,1.440665050221E2,-4.193333582973E1));
#4041=VERTEX_POINT('',#4039);
#4042=VERTEX_POINT('',#4040);
#4043=CARTESIAN_POINT('',(-1.055499992E2,1.439953459966E2,-4.154058915443E1));
#4044=CARTESIAN_POINT('',(-1.055499992E2,1.441274214296E2,-4.161994808089E1));
#4045=VERTEX_POINT('',#4043);
#4046=VERTEX_POINT('',#4044);
#4047=CARTESIAN_POINT('',(-1.055499992E2,1.433092433088E2,-4.171165376732E1));
#4048=VERTEX_POINT('',#4047);
#4049=CARTESIAN_POINT('',(-1.052499992E2,1.435663934990E2,-4.186616518980E1));
#4050=VERTEX_POINT('',#4049);
#4051=CARTESIAN_POINT('',(-1.007499992E2,1.280291601615E2,-6.740486770720E1));
#4052=CARTESIAN_POINT('',(-1.007499992E2,1.286103277318E2,-6.675723858270E1));
#4053=VERTEX_POINT('',#4051);
#4054=VERTEX_POINT('',#4052);
#4055=CARTESIAN_POINT('',(-1.004499992E2,1.269033557208E2,-6.755508209095E1));
#4056=CARTESIAN_POINT('',(-1.004499992E2,1.283531775416E2,-6.660272716027E1));
#4057=VERTEX_POINT('',#4055);
#4058=VERTEX_POINT('',#4056);
#4059=CARTESIAN_POINT('',(-1.004499992E2,1.439953459966E2,-4.154058915443E1));
#4060=CARTESIAN_POINT('',(-1.004499992E2,1.441274214296E2,-4.161994808089E1));
#4061=VERTEX_POINT('',#4059);
#4062=VERTEX_POINT('',#4060);
#4063=CARTESIAN_POINT('',(-1.007499992E2,1.438408345741E2,-4.179773934464E1));
#4064=CARTESIAN_POINT('',(-1.007499992E2,1.440665050221E2,-4.193333582974E1));
#4065=VERTEX_POINT('',#4063);
#4066=VERTEX_POINT('',#4064);
#4067=CARTESIAN_POINT('',(-1.007499992E2,1.435663934990E2,-4.186616518980E1));
#4068=VERTEX_POINT('',#4067);
#4069=CARTESIAN_POINT('',(-1.004499992E2,1.433092433088E2,-4.171165376733E1));
#4070=VERTEX_POINT('',#4069);
#4071=VERTEX_POINT('',#818);
#4072=VERTEX_POINT('',#846);
#4073=CARTESIAN_POINT('',(-9.95499992E1,1.435663934991E2,-4.186616518988E1));
#4074=VERTEX_POINT('',#4073);
#4075=CARTESIAN_POINT('',(-9.98499992E1,1.433092433088E2,-4.171165376733E1));
#4076=VERTEX_POINT('',#4075);
#4077=CARTESIAN_POINT('',(-9.95499992E1,1.286103277319E2,-6.675723858274E1));
#4078=VERTEX_POINT('',#4077);
#4079=CARTESIAN_POINT('',(-9.98499992E1,1.283531775416E2,-6.660272716027E1));
#4080=VERTEX_POINT('',#4079);
#4081=CARTESIAN_POINT('',(-9.95499992E1,1.269430326378E2,-6.785244675303E1));
#4082=VERTEX_POINT('',#4081);
#4083=CARTESIAN_POINT('',(-9.98499992E1,1.269033557208E2,-6.755508209095E1));
#4084=VERTEX_POINT('',#4083);
#4085=CARTESIAN_POINT('',(-9.95499992E1,1.248358839277E2,-6.813360041822E1));
#4086=VERTEX_POINT('',#4085);
#4087=CARTESIAN_POINT('',(-9.98499992E1,1.247962070106E2,-6.783623575614E1));
#4088=VERTEX_POINT('',#4087);
#4089=CARTESIAN_POINT('',(-9.95499992E1,1.222792557856E2,-6.902672845540E1));
#4090=VERTEX_POINT('',#4089);
#4091=CARTESIAN_POINT('',(-9.98499992E1,1.221251371433E2,-6.876934266697E1));
#4092=VERTEX_POINT('',#4091);
#4093=CARTESIAN_POINT('',(-9.98499992E1,1.216278325097E2,-6.942582100310E1));
#4094=VERTEX_POINT('',#4093);
#4095=CARTESIAN_POINT('',(-9.95499992E1,1.220038181143E2,-6.930174592709E1));
#4096=VERTEX_POINT('',#4095);
#4097=CARTESIAN_POINT('',(-9.98499992E1,1.234840583253E2,-7.054115399570E1));
#4098=VERTEX_POINT('',#4097);
#4099=CARTESIAN_POINT('',(-9.95499992E1,1.238957199379E2,-7.043851522797E1));
#4100=VERTEX_POINT('',#4099);
#4101=CARTESIAN_POINT('',(-1.052499992E2,1.360122574020E2,-5.482667970822E1));
#4102=VERTEX_POINT('',#4101);
#4103=CARTESIAN_POINT('',(-1.052499992E2,1.353942102926E2,-5.585528283156E1));
#4104=VERTEX_POINT('',#4103);
#4105=CARTESIAN_POINT('',(-1.007499992E2,1.360122574020E2,-5.482667970822E1));
#4106=VERTEX_POINT('',#4105);
#4107=CARTESIAN_POINT('',(-1.007499992E2,1.353942102926E2,-5.585528283156E1));
#4108=VERTEX_POINT('',#4107);
#4109=CARTESIAN_POINT('',(-9.98499992E1,1.367692748772E2,-5.919744273306E1));
#4110=CARTESIAN_POINT('',(-9.98499992E1,1.328089144144E2,-6.578858939406E1));
#4111=VERTEX_POINT('',#4109);
#4112=VERTEX_POINT('',#4110);
#4113=CARTESIAN_POINT('',(-9.95499992E1,1.365761254137E2,-5.893641621423E1));
#4114=CARTESIAN_POINT('',(-9.95499992E1,1.325517642241E2,-6.563407797157E1));
#4115=VERTEX_POINT('',#4113);
#4116=VERTEX_POINT('',#4114);
#4117=CARTESIAN_POINT('',(-1.064499992E2,1.365761254137E2,-5.893641621423E1));
#4118=CARTESIAN_POINT('',(-1.064499992E2,1.325517642242E2,-6.563407797157E1));
#4119=VERTEX_POINT('',#4117);
#4120=VERTEX_POINT('',#4118);
#4121=CARTESIAN_POINT('',(-1.061499992E2,1.367692748772E2,-5.919744273306E1));
#4122=CARTESIAN_POINT('',(-1.061499992E2,1.328089144144E2,-6.578858939405E1));
#4123=VERTEX_POINT('',#4121);
#4124=VERTEX_POINT('',#4122);
#4125=CARTESIAN_POINT('',(-1.002499992E2,1.367692748772E2,-5.919744273306E1));
#4126=VERTEX_POINT('',#4125);
#4127=CARTESIAN_POINT('',(-1.057499992E2,1.367692748772E2,-5.919744273306E1));
#4128=VERTEX_POINT('',#4127);
#4129=CARTESIAN_POINT('',(-1.057499992E2,1.328089144144E2,-6.578858939405E1));
#4130=VERTEX_POINT('',#4129);
#4131=CARTESIAN_POINT('',(-1.007499992E2,1.364473591047E2,-5.876239853501E1));
#4132=VERTEX_POINT('',#4131);
#4133=CARTESIAN_POINT('',(-1.052499992E2,1.364473591047E2,-5.876239853501E1));
#4134=VERTEX_POINT('',#4133);
#4135=CARTESIAN_POINT('',(-1.007499992E2,1.323803307640E2,-6.553107035659E1));
#4136=VERTEX_POINT('',#4135);
#4137=CARTESIAN_POINT('',(-1.002499992E2,1.328089144144E2,-6.578858939406E1));
#4138=VERTEX_POINT('',#4137);
#4139=CARTESIAN_POINT('',(-1.002499992E2,1.328130472748E2,-6.943482391390E1));
#4140=CARTESIAN_POINT('',(-1.002499992E2,1.324697553945E2,-6.805795538570E1));
#4141=VERTEX_POINT('',#4139);
#4142=VERTEX_POINT('',#4140);
#4143=CARTESIAN_POINT('',(-1.007499992E2,1.323278994116E2,-6.955578486170E1));
#4144=CARTESIAN_POINT('',(-1.007499992E2,1.319846075313E2,-6.817891633352E1));
#4145=VERTEX_POINT('',#4143);
#4146=VERTEX_POINT('',#4144);
#4147=CARTESIAN_POINT('',(-1.002499992E2,1.329256808033E2,-6.979057735115E1));
#4148=VERTEX_POINT('',#4147);
#4149=CARTESIAN_POINT('',(-1.007499992E2,1.324593177181E2,-6.997087009300E1));
#4150=VERTEX_POINT('',#4149);
#4151=CARTESIAN_POINT('',(-1.007499992E2,1.325804133141E2,-7.028410797017E1));
#4152=VERTEX_POINT('',#4151);
#4153=CARTESIAN_POINT('',(-1.052499992E2,1.323803307640E2,-6.553107035658E1));
#4154=VERTEX_POINT('',#4153);
#4155=CARTESIAN_POINT('',(-1.052499992E2,1.323278994116E2,-6.955578486170E1));
#4156=CARTESIAN_POINT('',(-1.052499992E2,1.319846075313E2,-6.817891633352E1));
#4157=VERTEX_POINT('',#4155);
#4158=VERTEX_POINT('',#4156);
#4159=CARTESIAN_POINT('',(-1.057499992E2,1.328130472748E2,-6.943482391390E1));
#4160=CARTESIAN_POINT('',(-1.057499992E2,1.324697553945E2,-6.805795538570E1));
#4161=VERTEX_POINT('',#4159);
#4162=VERTEX_POINT('',#4160);
#4163=CARTESIAN_POINT('',(-1.052499992E2,1.324593177181E2,-6.997087009300E1));
#4164=VERTEX_POINT('',#4163);
#4165=CARTESIAN_POINT('',(-1.057499992E2,1.329256808033E2,-6.979057735115E1));
#4166=VERTEX_POINT('',#4165);
#4167=CARTESIAN_POINT('',(-1.052499992E2,1.325804133141E2,-7.028410797017E1));
#4168=VERTEX_POINT('',#4167);
#4169=VERTEX_POINT('',#1957);
#4170=CARTESIAN_POINT('',(-1.002499992E2,1.329849361531E2,-6.994385311503E1));
#4171=VERTEX_POINT('',#4170);
#4172=CARTESIAN_POINT('',(-1.057499992E2,1.329849361531E2,-6.994385311503E1));
#4173=VERTEX_POINT('',#4172);
#4174=CARTESIAN_POINT('',(-1.052499992E2,1.332837455223E2,-7.233849843430E1));
#4175=CARTESIAN_POINT('',(-1.052499992E2,1.340086564327E2,-7.186232096896E1));
#4176=VERTEX_POINT('',#4174);
#4177=VERTEX_POINT('',#4175);
#4178=CARTESIAN_POINT('',(-1.073063069870E2,1.341665815533E2,
-7.159948943105E1));
#4179=CARTESIAN_POINT('',(-1.071633239791E2,1.340086564327E2,
-7.186232096896E1));
#4180=VERTEX_POINT('',#4178);
#4181=VERTEX_POINT('',#4179);
#4182=VERTEX_POINT('',#371);
#4183=VERTEX_POINT('',#1353);
#4184=VERTEX_POINT('',#1361);
#4185=CARTESIAN_POINT('',(-1.073999992E2,1.341554697091E2,-7.064718063208E1));
#4186=VERTEX_POINT('',#4185);
#4187=CARTESIAN_POINT('',(-1.073999992E2,1.343733448642E2,-7.123068478364E1));
#4188=VERTEX_POINT('',#4187);
#4189=VERTEX_POINT('',#1515);
#4190=VERTEX_POINT('',#1573);
#4191=VERTEX_POINT('',#1578);
#4192=CARTESIAN_POINT('',(-9.859999919999E1,1.341554697091E2,
-7.064718063208E1));
#4193=VERTEX_POINT('',#4192);
#4194=CARTESIAN_POINT('',(-1.002499992E2,1.341554697091E2,-7.064718063208E1));
#4195=VERTEX_POINT('',#4194);
#4196=VERTEX_POINT('',#1912);
#4197=CARTESIAN_POINT('',(-9.869369141296E1,1.341665815533E2,
-7.159948943105E1));
#4198=VERTEX_POINT('',#4197);
#4199=CARTESIAN_POINT('',(-1.007499992E2,1.340086564327E2,-7.186232096896E1));
#4200=CARTESIAN_POINT('',(-1.007499992E2,1.332837455223E2,-7.233849843430E1));
#4201=VERTEX_POINT('',#4199);
#4202=VERTEX_POINT('',#4200);
#4203=CARTESIAN_POINT('',(-9.920110340215E1,1.332837455223E2,
-7.233849843430E1));
#4204=VERTEX_POINT('',#4203);
#4205=VERTEX_POINT('',#1632);
#4206=CARTESIAN_POINT('',(-1.073999992E2,1.326699114478E2,-7.020715872659E1));
#4207=CARTESIAN_POINT('',(-1.073063069870E2,1.324522469518E2,
-7.056941328123E1));
#4208=VERTEX_POINT('',#4206);
#4209=VERTEX_POINT('',#4207);
#4210=CARTESIAN_POINT('',(-9.869369141296E1,1.324522469518E2,
-7.056941328123E1));
#4211=CARTESIAN_POINT('',(-9.859999919999E1,1.326699114478E2,
-7.020715872659E1));
#4212=VERTEX_POINT('',#4210);
#4213=VERTEX_POINT('',#4211);
#4214=CARTESIAN_POINT('',(-9.95499992E1,1.321786666022E2,-6.813053165595E1));
#4215=CARTESIAN_POINT('',(-9.98499992E1,1.324697553945E2,-6.805795538567E1));
#4216=VERTEX_POINT('',#4214);
#4217=VERTEX_POINT('',#4215);
#4218=CARTESIAN_POINT('',(-9.984999891241E1,1.328130465751E2,
-6.943482229635E1));
#4219=VERTEX_POINT('',#4218);
#4220=CARTESIAN_POINT('',(-9.954999877877E1,1.325219551501E2,
-6.950738855944E1));
#4221=VERTEX_POINT('',#4220);
#4222=CARTESIAN_POINT('',(-1.061499992E2,1.324697553945E2,-6.805795538567E1));
#4223=CARTESIAN_POINT('',(-1.064499992E2,1.321786666766E2,-6.813053195435E1));
#4224=VERTEX_POINT('',#4222);
#4225=VERTEX_POINT('',#4223);
#4226=CARTESIAN_POINT('',(-1.064499992E2,1.325219585569E2,-6.950740048258E1));
#4227=VERTEX_POINT('',#4226);
#4228=CARTESIAN_POINT('',(-1.061499992E2,1.328130472748E2,-6.943482391390E1));
#4229=VERTEX_POINT('',#4228);
#4230=CARTESIAN_POINT('',(-1.061499992E2,1.329256808033E2,-6.979057735115E1));
#4231=VERTEX_POINT('',#4230);
#4232=CARTESIAN_POINT('',(-1.073999992E2,1.327152073356E2,-7.013177370992E1));
#4233=CARTESIAN_POINT('',(-1.064499992E2,1.327152073356E2,-7.013177370992E1));
#4234=VERTEX_POINT('',#4232);
#4235=VERTEX_POINT('',#4233);
#4236=CARTESIAN_POINT('',(-1.073999992E2,1.331268689483E2,-7.002913494218E1));
#4237=VERTEX_POINT('',#4236);
#4238=CARTESIAN_POINT('',(-9.859999919999E1,1.331268689483E2,
-7.002913494218E1));
#4239=CARTESIAN_POINT('',(-9.859999919999E1,1.327152073356E2,
-7.013177370992E1));
#4240=VERTEX_POINT('',#4238);
#4241=VERTEX_POINT('',#4239);
#4242=CARTESIAN_POINT('',(-9.95499992E1,1.327152073356E2,-7.013177370992E1));
#4243=VERTEX_POINT('',#4242);
#4244=CARTESIAN_POINT('',(-9.95499992E1,1.315064526754E2,-7.214347929012E1));
#4245=CARTESIAN_POINT('',(-9.95499992E1,1.320949955758E2,-7.249711154160E1));
#4246=VERTEX_POINT('',#4244);
#4247=VERTEX_POINT('',#4245);
#4248=CARTESIAN_POINT('',(-1.064499992E2,1.315064526754E2,-7.214347929012E1));
#4249=CARTESIAN_POINT('',(-1.064499992E2,1.320949955758E2,-7.249711154160E1));
#4250=VERTEX_POINT('',#4248);
#4251=VERTEX_POINT('',#4249);
#4252=CARTESIAN_POINT('',(-1.064499992E2,1.331268689483E2,-7.002913494218E1));
#4253=VERTEX_POINT('',#4252);
#4254=VERTEX_POINT('',#1385);
#4255=CARTESIAN_POINT('',(-1.064499992E2,1.325755686653E2,-6.969788031290E1));
#4256=VERTEX_POINT('',#4255);
#4257=CARTESIAN_POINT('',(-9.95499992E1,1.331268689483E2,-7.002913494218E1));
#4258=VERTEX_POINT('',#4257);
#4259=CARTESIAN_POINT('',(-9.98499992E1,1.329917185389E2,-6.994792838357E1));
#4260=VERTEX_POINT('',#4259);
#4261=CARTESIAN_POINT('',(-9.95499992E1,1.325755686653E2,-6.969788031290E1));
#4262=VERTEX_POINT('',#4261);
#4263=CARTESIAN_POINT('',(-1.0225E2,1.341359209601E2,-5.883245004554E1));
#4264=CARTESIAN_POINT('',(-1.0375E2,1.341359209601E2,-5.883245004554E1));
#4265=VERTEX_POINT('',#4263);
#4266=VERTEX_POINT('',#4264);
#4267=CARTESIAN_POINT('',(-1.0375E2,1.343079436772E2,-5.854615616710E1));
#4268=CARTESIAN_POINT('',(-1.0375E2,1.351825503004E2,-5.806136832215E1));
#4269=VERTEX_POINT('',#4267);
#4270=VERTEX_POINT('',#4268);
#4271=CARTESIAN_POINT('',(-1.0225E2,1.351825503004E2,-5.806136832215E1));
#4272=VERTEX_POINT('',#4271);
#4273=CARTESIAN_POINT('',(-1.0225E2,1.343079436772E2,-5.854615616710E1));
#4274=VERTEX_POINT('',#4273);
#4275=CARTESIAN_POINT('',(-1.064499992E2,1.227320579709E2,-7.776435129583E1));
#4276=DIRECTION('',(-1.E0,0.E0,0.E0));
#4277=DIRECTION('',(0.E0,-1.E0,0.E0));
#4278=AXIS2_PLACEMENT_3D('',#4275,#4276,#4277);
#4279=PLANE('',#4278);
#4281=ORIENTED_EDGE('',*,*,#4280,.T.);
#4283=ORIENTED_EDGE('',*,*,#4282,.T.);
#4285=ORIENTED_EDGE('',*,*,#4284,.T.);
#4287=ORIENTED_EDGE('',*,*,#4286,.F.);
#4289=ORIENTED_EDGE('',*,*,#4288,.T.);
#4291=ORIENTED_EDGE('',*,*,#4290,.F.);
#4293=ORIENTED_EDGE('',*,*,#4292,.F.);
#4295=ORIENTED_EDGE('',*,*,#4294,.F.);
#4297=ORIENTED_EDGE('',*,*,#4296,.F.);
#4299=ORIENTED_EDGE('',*,*,#4298,.F.);
#4301=ORIENTED_EDGE('',*,*,#4300,.F.);
#4303=ORIENTED_EDGE('',*,*,#4302,.F.);
#4305=ORIENTED_EDGE('',*,*,#4304,.T.);
#4307=ORIENTED_EDGE('',*,*,#4306,.F.);
#4309=ORIENTED_EDGE('',*,*,#4308,.F.);
#4311=ORIENTED_EDGE('',*,*,#4310,.F.);
#4313=ORIENTED_EDGE('',*,*,#4312,.F.);
#4315=ORIENTED_EDGE('',*,*,#4314,.F.);
#4317=ORIENTED_EDGE('',*,*,#4316,.F.);
#4319=ORIENTED_EDGE('',*,*,#4318,.F.);
#4321=ORIENTED_EDGE('',*,*,#4320,.T.);
#4323=ORIENTED_EDGE('',*,*,#4322,.T.);
#4325=ORIENTED_EDGE('',*,*,#4324,.T.);
#4327=ORIENTED_EDGE('',*,*,#4326,.F.);
#4329=ORIENTED_EDGE('',*,*,#4328,.F.);
#4331=ORIENTED_EDGE('',*,*,#4330,.F.);
#4333=ORIENTED_EDGE('',*,*,#4332,.F.);
#4335=ORIENTED_EDGE('',*,*,#4334,.F.);
#4337=ORIENTED_EDGE('',*,*,#4336,.F.);
#4339=ORIENTED_EDGE('',*,*,#4338,.F.);
#4341=ORIENTED_EDGE('',*,*,#4340,.F.);
#4343=ORIENTED_EDGE('',*,*,#4342,.T.);
#4345=ORIENTED_EDGE('',*,*,#4344,.F.);
#4347=ORIENTED_EDGE('',*,*,#4346,.F.);
#4348=EDGE_LOOP('',(#4281,#4283,#4285,#4287,#4289,#4291,#4293,#4295,#4297,#4299,
#4301,#4303,#4305,#4307,#4309,#4311,#4313,#4315,#4317,#4319,#4321,#4323,#4325,
#4327,#4329,#4331,#4333,#4335,#4337,#4339,#4341,#4343,#4345,#4347));
#4349=FACE_OUTER_BOUND('',#4348,.F.);
#4351=CARTESIAN_POINT('',(-1.801273531498E2,1.329723575258E2,
-7.028628513239E1));
#4352=DIRECTION('',(1.E0,0.E0,0.E0));
#4353=DIRECTION('',(0.E0,5.150380749100E-1,8.571673007021E-1));
#4354=AXIS2_PLACEMENT_3D('',#4351,#4352,#4353);
#4355=CYLINDRICAL_SURFACE('',#4354,3.E-1);
#4356=ORIENTED_EDGE('',*,*,#4280,.F.);
#4358=ORIENTED_EDGE('',*,*,#4357,.F.);
#4360=ORIENTED_EDGE('',*,*,#4359,.T.);
#4362=ORIENTED_EDGE('',*,*,#4361,.T.);
#4363=EDGE_LOOP('',(#4356,#4358,#4360,#4362));
#4364=FACE_OUTER_BOUND('',#4363,.F.);
#4366=CARTESIAN_POINT('',(-1.052499992E2,1.315581943272E2,-7.205736672058E1));
#4367=DIRECTION('',(0.E0,-8.571673007020E-1,5.150380749102E-1));
#4368=DIRECTION('',(0.E0,-5.150380749102E-1,-8.571673007020E-1));
#4369=AXIS2_PLACEMENT_3D('',#4366,#4367,#4368);
#4370=PLANE('',#4369);
#4372=ORIENTED_EDGE('',*,*,#4371,.F.);
#4374=ORIENTED_EDGE('',*,*,#4373,.F.);
#4376=ORIENTED_EDGE('',*,*,#4375,.T.);
#4377=ORIENTED_EDGE('',*,*,#4357,.T.);
#4378=ORIENTED_EDGE('',*,*,#4346,.T.);
#4379=EDGE_LOOP('',(#4372,#4374,#4376,#4377,#4378));
#4380=FACE_OUTER_BOUND('',#4379,.F.);
#4382=CARTESIAN_POINT('',(-1.060874760852E2,1.319616756143E2,
-7.332398451219E1));
#4383=DIRECTION('',(-9.063077870365E-1,-2.176644959489E-1,-3.622545546439E-1));
#4384=DIRECTION('',(-4.226182617410E-1,4.667830179113E-1,7.768573994194E-1));
#4385=AXIS2_PLACEMENT_3D('',#4382,#4383,#4384);
#4386=PLANE('',#4385);
#4387=ORIENTED_EDGE('',*,*,#4371,.T.);
#4388=ORIENTED_EDGE('',*,*,#4344,.T.);
#4390=ORIENTED_EDGE('',*,*,#4389,.T.);
#4392=ORIENTED_EDGE('',*,*,#4391,.T.);
#4394=ORIENTED_EDGE('',*,*,#4393,.F.);
#4396=ORIENTED_EDGE('',*,*,#4395,.F.);
#4397=EDGE_LOOP('',(#4387,#4388,#4390,#4392,#4394,#4396));
#4398=FACE_OUTER_BOUND('',#4397,.F.);
#4400=CARTESIAN_POINT('',(-9.66769992E1,1.294510211968E2,-7.284989304383E1));
#4401=DIRECTION('',(-3.528834675027E-14,-1.322563902686E-1,9.912155402500E-1));
#4402=DIRECTION('',(4.424214165487E-14,9.912155402500E-1,1.322563902686E-1));
#4403=AXIS2_PLACEMENT_3D('',#4400,#4401,#4402);
#4404=PLANE('',#4403);
#4406=ORIENTED_EDGE('',*,*,#4405,.F.);
#4408=ORIENTED_EDGE('',*,*,#4407,.F.);
#4410=ORIENTED_EDGE('',*,*,#4409,.T.);
#4412=ORIENTED_EDGE('',*,*,#4411,.T.);
#4414=ORIENTED_EDGE('',*,*,#4413,.F.);
#4415=EDGE_LOOP('',(#4406,#4408,#4410,#4412,#4414));
#4416=FACE_OUTER_BOUND('',#4415,.F.);
#4418=CARTESIAN_POINT('',(-9.66769992E1,1.294510211968E2,-7.284989304383E1));
#4419=DIRECTION('',(-3.528834675027E-14,-1.322563902686E-1,9.912155402500E-1));
#4420=DIRECTION('',(4.424214165487E-14,9.912155402500E-1,1.322563902686E-1));
#4421=AXIS2_PLACEMENT_3D('',#4418,#4419,#4420);
#4422=PLANE('',#4421);
#4423=ORIENTED_EDGE('',*,*,#4389,.F.);
#4424=ORIENTED_EDGE('',*,*,#4342,.F.);
#4426=ORIENTED_EDGE('',*,*,#4425,.F.);
#4428=ORIENTED_EDGE('',*,*,#4427,.T.);
#4430=ORIENTED_EDGE('',*,*,#4429,.F.);
#4431=EDGE_LOOP('',(#4423,#4424,#4426,#4428,#4430));
#4432=FACE_OUTER_BOUND('',#4431,.F.);
#4434=CARTESIAN_POINT('',(-9.95499992E1,1.277271334740E2,-7.824737466226E1));
#4435=DIRECTION('',(1.E0,-4.851019936113E-14,2.914786841728E-14));
#4436=DIRECTION('',(4.851019936113E-14,1.E0,0.E0));
#4437=AXIS2_PLACEMENT_3D('',#4434,#4435,#4436);
#4438=PLANE('',#4437);
#4440=ORIENTED_EDGE('',*,*,#4439,.F.);
#4442=ORIENTED_EDGE('',*,*,#4441,.T.);
#4444=ORIENTED_EDGE('',*,*,#4443,.T.);
#4446=ORIENTED_EDGE('',*,*,#4445,.F.);
#4448=ORIENTED_EDGE('',*,*,#4447,.T.);
#4449=ORIENTED_EDGE('',*,*,#4405,.T.);
#4451=ORIENTED_EDGE('',*,*,#4450,.F.);
#4453=ORIENTED_EDGE('',*,*,#4452,.T.);
#4455=ORIENTED_EDGE('',*,*,#4454,.F.);
#4457=ORIENTED_EDGE('',*,*,#4456,.T.);
#4459=ORIENTED_EDGE('',*,*,#4458,.F.);
#4461=ORIENTED_EDGE('',*,*,#4460,.T.);
#4463=ORIENTED_EDGE('',*,*,#4462,.F.);
#4465=ORIENTED_EDGE('',*,*,#4464,.T.);
#4467=ORIENTED_EDGE('',*,*,#4466,.T.);
#4469=ORIENTED_EDGE('',*,*,#4468,.T.);
#4471=ORIENTED_EDGE('',*,*,#4470,.T.);
#4473=ORIENTED_EDGE('',*,*,#4472,.F.);
#4475=ORIENTED_EDGE('',*,*,#4474,.F.);
#4477=ORIENTED_EDGE('',*,*,#4476,.F.);
#4479=ORIENTED_EDGE('',*,*,#4478,.F.);
#4481=ORIENTED_EDGE('',*,*,#4480,.F.);
#4483=ORIENTED_EDGE('',*,*,#4482,.F.);
#4485=ORIENTED_EDGE('',*,*,#4484,.F.);
#4487=ORIENTED_EDGE('',*,*,#4486,.F.);
#4489=ORIENTED_EDGE('',*,*,#4488,.F.);
#4491=ORIENTED_EDGE('',*,*,#4490,.F.);
#4493=ORIENTED_EDGE('',*,*,#4492,.F.);
#4495=ORIENTED_EDGE('',*,*,#4494,.T.);
#4497=ORIENTED_EDGE('',*,*,#4496,.F.);
#4499=ORIENTED_EDGE('',*,*,#4498,.F.);
#4501=ORIENTED_EDGE('',*,*,#4500,.T.);
#4503=ORIENTED_EDGE('',*,*,#4502,.F.);
#4505=ORIENTED_EDGE('',*,*,#4504,.T.);
#4506=EDGE_LOOP('',(#4440,#4442,#4444,#4446,#4448,#4449,#4451,#4453,#4455,#4457,
#4459,#4461,#4463,#4465,#4467,#4469,#4471,#4473,#4475,#4477,#4479,#4481,#4483,
#4485,#4487,#4489,#4491,#4493,#4495,#4497,#4499,#4501,#4503,#4505));
#4507=FACE_OUTER_BOUND('',#4506,.F.);
#4509=CARTESIAN_POINT('',(-9.969999862355E1,1.357219938631E2,
-6.870954207066E1));
#4510=DIRECTION('',(1.E0,-4.851019936113E-14,2.914786841728E-14));
#4511=DIRECTION('',(2.914786841728E-14,0.E0,-1.E0));
#4512=AXIS2_PLACEMENT_3D('',#4509,#4510,#4511);
#4513=CONICAL_SURFACE('',#4512,3.148000577414E0,4.5E1);
#4514=ORIENTED_EDGE('',*,*,#4439,.T.);
#4516=ORIENTED_EDGE('',*,*,#4515,.F.);
#4518=ORIENTED_EDGE('',*,*,#4517,.T.);
#4520=ORIENTED_EDGE('',*,*,#4519,.F.);
#4521=EDGE_LOOP('',(#4514,#4516,#4518,#4520));
#4522=FACE_OUTER_BOUND('',#4521,.F.);
#4524=CARTESIAN_POINT('',(-9.96999992E1,1.324958569757E2,-6.878267793413E1));
#4525=DIRECTION('',(7.071067811865E-1,6.861026878061E-1,1.710646128962E-1));
#4526=DIRECTION('',(7.071067811866E-1,-6.861026878060E-1,-1.710646128961E-1));
#4527=AXIS2_PLACEMENT_3D('',#4524,#4525,#4526);
#4528=PLANE('',#4527);
#4530=ORIENTED_EDGE('',*,*,#4529,.T.);
#4532=ORIENTED_EDGE('',*,*,#4531,.T.);
#4533=ORIENTED_EDGE('',*,*,#4515,.T.);
#4534=ORIENTED_EDGE('',*,*,#4504,.F.);
#4535=EDGE_LOOP('',(#4530,#4532,#4533,#4534));
#4536=FACE_OUTER_BOUND('',#4535,.F.);
#4538=CARTESIAN_POINT('',(-9.96999992E1,1.353787019818E2,-6.733267354266E1));
#4539=DIRECTION('',(1.E0,-4.851019936113E-14,2.914786841728E-14));
#4540=DIRECTION('',(2.914786841728E-14,0.E0,-1.E0));
#4541=AXIS2_PLACEMENT_3D('',#4538,#4539,#4540);
#4542=CONICAL_SURFACE('',#4541,3.148E0,4.5E1);
#4543=ORIENTED_EDGE('',*,*,#4529,.F.);
#4544=ORIENTED_EDGE('',*,*,#4502,.T.);
#4546=ORIENTED_EDGE('',*,*,#4545,.F.);
#4548=ORIENTED_EDGE('',*,*,#4547,.T.);
#4549=EDGE_LOOP('',(#4543,#4544,#4546,#4548));
#4550=FACE_OUTER_BOUND('',#4549,.F.);
#4552=CARTESIAN_POINT('',(-9.96999992E1,1.346605195507E2,-6.241576035233E1));
#4553=DIRECTION('',(7.071067811865E-1,6.061088109378E-1,-3.641869153382E-1));
#4554=DIRECTION('',(7.071067811866E-1,-6.061088109378E-1,3.641869153382E-1));
#4555=AXIS2_PLACEMENT_3D('',#4552,#4553,#4554);
#4556=PLANE('',#4555);
#4558=ORIENTED_EDGE('',*,*,#4557,.T.);
#4559=ORIENTED_EDGE('',*,*,#4545,.T.);
#4560=ORIENTED_EDGE('',*,*,#4500,.F.);
#4562=ORIENTED_EDGE('',*,*,#4561,.T.);
#4563=EDGE_LOOP('',(#4558,#4559,#4560,#4562));
#4564=FACE_OUTER_BOUND('',#4563,.F.);
#4566=CARTESIAN_POINT('',(-9.859999919999E1,1.362832925289E2,
-6.000625318414E1));
#4567=DIRECTION('',(0.E0,-8.571673007021E-1,5.150380749101E-1));
#4568=DIRECTION('',(0.E0,-5.150380749101E-1,-8.571673007021E-1));
#4569=AXIS2_PLACEMENT_3D('',#4566,#4567,#4568);
#4570=PLANE('',#4569);
#4571=ORIENTED_EDGE('',*,*,#4557,.F.);
#4573=ORIENTED_EDGE('',*,*,#4572,.T.);
#4575=ORIENTED_EDGE('',*,*,#4574,.F.);
#4577=ORIENTED_EDGE('',*,*,#4576,.F.);
#4578=EDGE_LOOP('',(#4571,#4573,#4575,#4577));
#4579=FACE_OUTER_BOUND('',#4578,.F.);
#4581=CARTESIAN_POINT('',(-9.95499992E1,1.378172136134E2,-5.893616226084E1));
#4582=DIRECTION('',(0.E0,-2.419218955997E-1,9.702957262760E-1));
#4583=DIRECTION('',(0.E0,-9.702957262760E-1,-2.419218955997E-1));
#4584=AXIS2_PLACEMENT_3D('',#4581,#4582,#4583);
#4585=PLANE('',#4584);
#4586=ORIENTED_EDGE('',*,*,#4572,.F.);
#4588=ORIENTED_EDGE('',*,*,#4587,.F.);
#4590=ORIENTED_EDGE('',*,*,#4589,.T.);
#4592=ORIENTED_EDGE('',*,*,#4591,.F.);
#4593=EDGE_LOOP('',(#4586,#4588,#4590,#4592));
#4594=FACE_OUTER_BOUND('',#4593,.F.);
#4596=CARTESIAN_POINT('',(-9.95499992E1,1.378172136134E2,-5.893616226084E1));
#4597=DIRECTION('',(0.E0,-2.419218955997E-1,9.702957262760E-1));
#4598=DIRECTION('',(0.E0,-9.702957262760E-1,-2.419218955997E-1));
#4599=AXIS2_PLACEMENT_3D('',#4596,#4597,#4598);
#4600=PLANE('',#4599);
#4602=ORIENTED_EDGE('',*,*,#4601,.F.);
#4604=ORIENTED_EDGE('',*,*,#4603,.F.);
#4606=ORIENTED_EDGE('',*,*,#4605,.T.);
#4608=ORIENTED_EDGE('',*,*,#4607,.F.);
#4609=EDGE_LOOP('',(#4602,#4604,#4606,#4608));
#4610=FACE_OUTER_BOUND('',#4609,.F.);
#4612=CARTESIAN_POINT('',(-9.96999992E1,1.374352161479E2,-5.887681288162E1));
#4613=DIRECTION('',(7.071067811866E-1,1.710646128960E-1,-6.861026878061E-1));
#4614=DIRECTION('',(-7.071067811865E-1,1.710646128961E-1,-6.861026878061E-1));
#4615=AXIS2_PLACEMENT_3D('',#4612,#4613,#4614);
#4616=PLANE('',#4615);
#4617=ORIENTED_EDGE('',*,*,#4587,.T.);
#4618=ORIENTED_EDGE('',*,*,#4561,.F.);
#4619=ORIENTED_EDGE('',*,*,#4498,.T.);
#4621=ORIENTED_EDGE('',*,*,#4620,.T.);
#4623=ORIENTED_EDGE('',*,*,#4622,.F.);
#4624=EDGE_LOOP('',(#4617,#4618,#4619,#4621,#4623));
#4625=FACE_OUTER_BOUND('',#4624,.F.);
#4627=CARTESIAN_POINT('',(-6.476828759485E1,1.147218958651E2,
-2.708127381668E1));
#4628=DIRECTION('',(-6.785983445458E-1,4.369030205599E-1,-5.904405451909E-1));
#4629=DIRECTION('',(7.071067811866E-1,6.061088109378E-1,-3.641869153382E-1));
#4630=AXIS2_PLACEMENT_3D('',#4627,#4628,#4629);
#4631=CYLINDRICAL_SURFACE('',#4630,1.E0);
#4632=ORIENTED_EDGE('',*,*,#4496,.T.);
#4634=ORIENTED_EDGE('',*,*,#4633,.T.);
#4636=ORIENTED_EDGE('',*,*,#4635,.F.);
#4637=ORIENTED_EDGE('',*,*,#4620,.F.);
#4638=EDGE_LOOP('',(#4632,#4634,#4636,#4637));
#4639=FACE_OUTER_BOUND('',#4638,.F.);
#4641=CARTESIAN_POINT('',(-9.96999992E1,1.415454431810E2,-5.300878902377E1));
#4642=DIRECTION('',(7.071067811866E-1,6.061088109378E-1,-3.641869153382E-1));
#4643=DIRECTION('',(7.071067811865E-1,-6.061088109379E-1,3.641869153382E-1));
#4644=AXIS2_PLACEMENT_3D('',#4641,#4642,#4643);
#4645=PLANE('',#4644);
#4646=ORIENTED_EDGE('',*,*,#4633,.F.);
#4647=ORIENTED_EDGE('',*,*,#4494,.F.);
#4649=ORIENTED_EDGE('',*,*,#4648,.T.);
#4651=ORIENTED_EDGE('',*,*,#4650,.T.);
#4653=ORIENTED_EDGE('',*,*,#4652,.T.);
#4655=ORIENTED_EDGE('',*,*,#4654,.T.);
#4657=ORIENTED_EDGE('',*,*,#4656,.F.);
#4658=EDGE_LOOP('',(#4646,#4647,#4649,#4651,#4653,#4655,#4657));
#4659=FACE_OUTER_BOUND('',#4658,.F.);
#4661=CARTESIAN_POINT('',(-9.95499992E1,1.447879613696E2,-4.499116709568E1));
#4662=DIRECTION('',(9.396926207859E-1,-1.761533961989E-1,-2.931684830401E-1));
#4663=DIRECTION('',(-3.420201433256E-1,-4.839774784168E-1,-8.054737872488E-1));
#4664=AXIS2_PLACEMENT_3D('',#4661,#4662,#4663);
#4665=PLANE('',#4664);
#4666=ORIENTED_EDGE('',*,*,#4648,.F.);
#4667=ORIENTED_EDGE('',*,*,#4492,.T.);
#4669=ORIENTED_EDGE('',*,*,#4668,.T.);
#4671=ORIENTED_EDGE('',*,*,#4670,.F.);
#4672=EDGE_LOOP('',(#4666,#4667,#4669,#4671));
#4673=FACE_OUTER_BOUND('',#4672,.F.);
#4675=FILL_AREA_STYLE_COLOUR('',#106);
#4676=FILL_AREA_STYLE('',(#4675));
#4677=SURFACE_STYLE_FILL_AREA(#4676);
#4678=SURFACE_SIDE_STYLE('',(#4677));
#4679=SURFACE_STYLE_USAGE(.NEGATIVE.,#4678);
#4680=PRESENTATION_STYLE_ASSIGNMENT((#4679));
#4681=OVER_RIDING_STYLED_ITEM('',(#4680),#4674,#130);
#4682=CARTESIAN_POINT('',(-9.94499992E1,1.452254838883E2,-4.426300734480E1));
#4683=DIRECTION('',(-1.E0,0.E0,-4.596140083344E-14));
#4684=DIRECTION('',(-3.939660988889E-14,5.150380749101E-1,8.571673007021E-1));
#4685=AXIS2_PLACEMENT_3D('',#4682,#4683,#4684);
#4686=CONICAL_SURFACE('',#4685,5.747477419457E-1,7.E1);
#4688=ORIENTED_EDGE('',*,*,#4687,.F.);
#4690=ORIENTED_EDGE('',*,*,#4689,.T.);
#4691=ORIENTED_EDGE('',*,*,#4668,.F.);
#4692=ORIENTED_EDGE('',*,*,#4490,.T.);
#4693=EDGE_LOOP('',(#4688,#4690,#4691,#4692));
#4694=FACE_OUTER_BOUND('',#4693,.F.);
#4696=FILL_AREA_STYLE_COLOUR('',#106);
#4697=FILL_AREA_STYLE('',(#4696));
#4698=SURFACE_STYLE_FILL_AREA(#4697);
#4699=SURFACE_SIDE_STYLE('',(#4698));
#4700=SURFACE_STYLE_USAGE(.NEGATIVE.,#4699);
#4701=PRESENTATION_STYLE_ASSIGNMENT((#4700));
#4702=OVER_RIDING_STYLED_ITEM('',(#4701),#4695,#130);
#4703=CARTESIAN_POINT('',(-9.95499992E1,1.453728888648E2,-4.236830041494E1));
#4704=DIRECTION('',(9.396926207859E-1,-2.931684830402E-1,1.761533961989E-1));
#4705=DIRECTION('',(-3.420201433257E-1,-8.054737872487E-1,4.839774784169E-1));
#4706=AXIS2_PLACEMENT_3D('',#4703,#4704,#4705);
#4707=PLANE('',#4706);
#4709=ORIENTED_EDGE('',*,*,#4708,.F.);
#4711=ORIENTED_EDGE('',*,*,#4710,.T.);
#4712=ORIENTED_EDGE('',*,*,#4687,.T.);
#4713=ORIENTED_EDGE('',*,*,#4488,.T.);
#4714=EDGE_LOOP('',(#4709,#4711,#4712,#4713));
#4715=FACE_OUTER_BOUND('',#4714,.F.);
#4717=FILL_AREA_STYLE_COLOUR('',#106);
#4718=FILL_AREA_STYLE('',(#4717));
#4719=SURFACE_STYLE_FILL_AREA(#4718);
#4720=SURFACE_SIDE_STYLE('',(#4719));
#4721=SURFACE_STYLE_USAGE(.NEGATIVE.,#4720);
#4722=PRESENTATION_STYLE_ASSIGNMENT((#4721));
#4723=OVER_RIDING_STYLED_ITEM('',(#4722),#4716,#130);
#4724=CARTESIAN_POINT('',(-9.95999992E1,1.460580058270E2,-4.307161856627E1));
#4725=DIRECTION('',(7.071067811867E-1,3.641869153381E-1,6.061088109377E-1));
#4726=DIRECTION('',(-7.071067811864E-1,3.641869153383E-1,6.061088109379E-1));
#4727=AXIS2_PLACEMENT_3D('',#4724,#4725,#4726);
#4728=PLANE('',#4727);
#4730=ORIENTED_EDGE('',*,*,#4729,.T.);
#4732=ORIENTED_EDGE('',*,*,#4731,.T.);
#4734=ORIENTED_EDGE('',*,*,#4733,.F.);
#4736=ORIENTED_EDGE('',*,*,#4735,.T.);
#4737=ORIENTED_EDGE('',*,*,#4708,.T.);
#4738=ORIENTED_EDGE('',*,*,#4486,.T.);
#4739=EDGE_LOOP('',(#4730,#4732,#4734,#4736,#4737,#4738));
#4740=FACE_OUTER_BOUND('',#4739,.F.);
#4742=CARTESIAN_POINT('',(-9.986199647989E1,1.440204583023E2,
-4.155700828169E1));
#4743=CARTESIAN_POINT('',(-9.967505181695E1,1.440246896721E2,
-4.155083762668E1));
#4744=CARTESIAN_POINT('',(-9.954275641146E1,1.439498718064E2,
-4.165994537674E1));
#4745=CARTESIAN_POINT('',(-9.955023923513E1,1.438441482363E2,
-4.181412326927E1));
#4746=CARTESIAN_POINT('',(-9.986199647989E1,1.437553778342E2,
-4.137523608986E1));
#4747=CARTESIAN_POINT('',(-9.967505181695E1,1.437556405943E2,
-4.136634406165E1));
#4748=CARTESIAN_POINT('',(-9.954275641146E1,1.437509945455E2,
-4.152357035118E1));
#4749=CARTESIAN_POINT('',(-9.955023923513E1,1.437444293106E2,
-4.174574355114E1));
#4750=CARTESIAN_POINT('',(-9.986199647989E1,1.434435074412E2,
-4.145298981796E1));
#4751=CARTESIAN_POINT('',(-9.967505181695E1,1.434391010837E2,
-4.144526186721E1));
#4752=CARTESIAN_POINT('',(-9.954275641146E1,1.435170130305E2,
-4.158190527332E1));
#4753=CARTESIAN_POINT('',(-9.955023923513E1,1.436271087823E2,
-4.177499322876E1));
#4754=CARTESIAN_POINT('',(-9.986199647989E1,1.432947847674E2,
-4.173792902307E1));
#4755=CARTESIAN_POINT('',(-9.967505181695E1,1.432881518323E2,
-4.173446699391E1));
#4756=CARTESIAN_POINT('',(-9.954275641146E1,1.434054334857E2,
-4.179568159954E1));
#4757=CARTESIAN_POINT('',(-9.955023923513E1,1.435711617510E2,
-4.188218268570E1));
#4758=(BOUNDED_SURFACE()B_SPLINE_SURFACE(3,3,((#4742,#4743,#4744,#4745),(#4746,
#4747,#4748,#4749),(#4750,#4751,#4752,#4753),(#4754,#4755,#4756,#4757)),
.UNSPECIFIED.,.F.,.F.,.F.)B_SPLINE_SURFACE_WITH_KNOTS((4,4),(4,4),(0.E0,1.E0),(
0.E0,1.E0),.UNSPECIFIED.)GEOMETRIC_REPRESENTATION_ITEM()RATIONAL_B_SPLINE_SURFACE(((1.432840776935E0,1.125507700291E0,1.125507700291E0,1.432840776935E0),(
1.111331987841E0,8.729600176302E-1,8.729600176302E-1,1.111331987841E0),(
1.111331987841E0,8.729600176302E-1,8.729600176302E-1,1.111331987841E0),(
1.432840776935E0,1.125507700291E0,1.125507700291E0,1.432840776935E0)))REPRESENTATION_ITEM('')SURFACE());
#4759=ORIENTED_EDGE('',*,*,#4729,.F.);
#4760=ORIENTED_EDGE('',*,*,#4484,.T.);
#4762=ORIENTED_EDGE('',*,*,#4761,.T.);
#4764=ORIENTED_EDGE('',*,*,#4763,.F.);
#4765=EDGE_LOOP('',(#4759,#4760,#4762,#4764));
#4766=FACE_OUTER_BOUND('',#4765,.F.);
#4768=CARTESIAN_POINT('',(-9.98499992E1,1.435776437847E2,-4.184744157015E1));
#4769=DIRECTION('',(0.E0,-5.150380749101E-1,-8.571673007021E-1));
#4770=DIRECTION('',(1.E0,-8.006435625895E-14,4.810751866380E-14));
#4771=AXIS2_PLACEMENT_3D('',#4768,#4769,#4770);
#4772=CYLINDRICAL_SURFACE('',#4771,3.E-1);
#4773=ORIENTED_EDGE('',*,*,#4482,.T.);
#4775=ORIENTED_EDGE('',*,*,#4774,.T.);
#4777=ORIENTED_EDGE('',*,*,#4776,.F.);
#4778=ORIENTED_EDGE('',*,*,#4761,.F.);
#4779=EDGE_LOOP('',(#4773,#4775,#4777,#4778));
#4780=FACE_OUTER_BOUND('',#4779,.F.);
#4782=CARTESIAN_POINT('',(-9.98499992E1,1.266388429402E2,-6.557265101045E1));
#4783=DIRECTION('',(-1.E0,0.E0,0.E0));
#4784=DIRECTION('',(0.E0,8.611017463302E-1,-5.084326725015E-1));
#4785=AXIS2_PLACEMENT_3D('',#4782,#4783,#4784);
#4786=TOROIDAL_SURFACE('',#4785,2.3E0,3.E-1);
#4787=ORIENTED_EDGE('',*,*,#4480,.T.);
#4789=ORIENTED_EDGE('',*,*,#4788,.T.);
#4791=ORIENTED_EDGE('',*,*,#4790,.F.);
#4792=ORIENTED_EDGE('',*,*,#4774,.F.);
#4793=EDGE_LOOP('',(#4787,#4789,#4791,#4792));
#4794=FACE_OUTER_BOUND('',#4793,.F.);
#4796=CARTESIAN_POINT('',(-9.98499992E1,1.285043152509E2,-6.764412717550E1));
#4797=DIRECTION('',(-4.580716439704E-14,-9.912155402515E-1,-1.322563902572E-1));
#4798=DIRECTION('',(1.E0,-5.161466041448E-14,4.048264964880E-14));
#4799=AXIS2_PLACEMENT_3D('',#4796,#4797,#4798);
#4800=CYLINDRICAL_SURFACE('',#4799,3.E-1);
#4801=ORIENTED_EDGE('',*,*,#4478,.T.);
#4803=ORIENTED_EDGE('',*,*,#4802,.T.);
#4805=ORIENTED_EDGE('',*,*,#4804,.F.);
#4806=ORIENTED_EDGE('',*,*,#4788,.F.);
#4807=EDGE_LOOP('',(#4801,#4803,#4805,#4806));
#4808=FACE_OUTER_BOUND('',#4807,.F.);
#4810=CARTESIAN_POINT('',(-9.98499992E1,1.257222662552E2,-7.477672696899E1));
#4811=DIRECTION('',(1.E0,0.E0,0.E0));
#4812=DIRECTION('',(0.E0,-1.300793060087E-1,9.915035926048E-1));
#4813=AXIS2_PLACEMENT_3D('',#4810,#4811,#4812);
#4814=TOROIDAL_SURFACE('',#4813,6.702E0,3.E-1);
#4815=ORIENTED_EDGE('',*,*,#4476,.T.);
#4817=ORIENTED_EDGE('',*,*,#4816,.T.);
#4819=ORIENTED_EDGE('',*,*,#4818,.F.);
#4820=ORIENTED_EDGE('',*,*,#4802,.F.);
#4821=EDGE_LOOP('',(#4815,#4817,#4819,#4820));
#4822=FACE_OUTER_BOUND('',#4821,.F.);
#4824=CARTESIAN_POINT('',(-9.98499992E1,1.226912662894E2,-6.971480646315E1));
#4825=DIRECTION('',(1.E0,0.E0,0.E0));
#4826=DIRECTION('',(0.E0,-5.016946268545E-1,8.650447973286E-1));
#4827=AXIS2_PLACEMENT_3D('',#4824,#4825,#4826);
#4828=TOROIDAL_SURFACE('',#4827,8.019999999083E-1,3.E-1);
#4830=ORIENTED_EDGE('',*,*,#4829,.F.);
#4831=ORIENTED_EDGE('',*,*,#4816,.F.);
#4832=ORIENTED_EDGE('',*,*,#4474,.T.);
#4834=ORIENTED_EDGE('',*,*,#4833,.F.);
#4835=EDGE_LOOP('',(#4830,#4831,#4832,#4834));
#4836=FACE_OUTER_BOUND('',#4835,.F.);
#4838=CARTESIAN_POINT('',(-9.95499992E1,1.226912662894E2,-6.971480646315E1));
#4839=DIRECTION('',(1.E0,0.E0,0.E0));
#4840=DIRECTION('',(0.E0,0.E0,1.E0));
#4841=AXIS2_PLACEMENT_3D('',#4838,#4839,#4840);
#4842=CYLINDRICAL_SURFACE('',#4841,1.102E0);
#4843=ORIENTED_EDGE('',*,*,#4829,.T.);
#4845=ORIENTED_EDGE('',*,*,#4844,.T.);
#4847=ORIENTED_EDGE('',*,*,#4846,.T.);
#4849=ORIENTED_EDGE('',*,*,#4848,.F.);
#4850=EDGE_LOOP('',(#4843,#4845,#4847,#4849));
#4851=FACE_OUTER_BOUND('',#4850,.F.);
#4853=CARTESIAN_POINT('',(-9.54199992E1,1.217805484544E2,-6.951758200015E1));
#4854=DIRECTION('',(0.E0,5.150380749101E-1,8.571673007021E-1));
#4855=DIRECTION('',(5.659361868027E-14,8.571673007021E-1,-5.150380749101E-1));
#4856=AXIS2_PLACEMENT_3D('',#4853,#4854,#4855);
#4857=PLANE('',#4856);
#4859=ORIENTED_EDGE('',*,*,#4858,.T.);
#4861=ORIENTED_EDGE('',*,*,#4860,.F.);
#4863=ORIENTED_EDGE('',*,*,#4862,.F.);
#4865=ORIENTED_EDGE('',*,*,#4864,.T.);
#4866=ORIENTED_EDGE('',*,*,#4464,.F.);
#4868=ORIENTED_EDGE('',*,*,#4867,.F.);
#4870=ORIENTED_EDGE('',*,*,#4869,.F.);
#4872=ORIENTED_EDGE('',*,*,#4871,.F.);
#4874=ORIENTED_EDGE('',*,*,#4873,.F.);
#4876=ORIENTED_EDGE('',*,*,#4875,.F.);
#4877=ORIENTED_EDGE('',*,*,#4326,.T.);
#4879=ORIENTED_EDGE('',*,*,#4878,.F.);
#4881=ORIENTED_EDGE('',*,*,#4880,.T.);
#4883=ORIENTED_EDGE('',*,*,#4882,.F.);
#4885=ORIENTED_EDGE('',*,*,#4884,.T.);
#4886=ORIENTED_EDGE('',*,*,#4844,.F.);
#4887=EDGE_LOOP('',(#4859,#4861,#4863,#4865,#4866,#4868,#4870,#4872,#4874,#4876,
#4877,#4879,#4881,#4883,#4885,#4886));
#4888=FACE_OUTER_BOUND('',#4887,.F.);
#4890=CARTESIAN_POINT('',(-9.98499992E1,7.583986254818E1,-4.156364300885E1));
#4891=DIRECTION('',(5.651901333347E-14,8.571673007021E-1,-5.150380749101E-1));
#4892=DIRECTION('',(1.E0,-5.055548770057E-14,2.559908295672E-14));
#4893=AXIS2_PLACEMENT_3D('',#4890,#4891,#4892);
#4894=CYLINDRICAL_SURFACE('',#4893,3.E-1);
#4895=ORIENTED_EDGE('',*,*,#4858,.F.);
#4896=ORIENTED_EDGE('',*,*,#4833,.T.);
#4897=ORIENTED_EDGE('',*,*,#4472,.T.);
#4899=ORIENTED_EDGE('',*,*,#4898,.T.);
#4900=EDGE_LOOP('',(#4895,#4896,#4897,#4899));
#4901=FACE_OUTER_BOUND('',#4900,.F.);
#4903=CARTESIAN_POINT('',(-9.94499992E1,1.237819808296E2,-7.082196929494E1));
#4904=DIRECTION('',(7.071067811866E-1,-6.061088109378E-1,3.641869153382E-1));
#4905=DIRECTION('',(-7.071067811865E-1,-6.061088109378E-1,3.641869153382E-1));
#4906=AXIS2_PLACEMENT_3D('',#4903,#4904,#4905);
#4907=PLANE('',#4906);
#4908=ORIENTED_EDGE('',*,*,#4860,.T.);
#4909=ORIENTED_EDGE('',*,*,#4898,.F.);
#4910=ORIENTED_EDGE('',*,*,#4470,.F.);
#4912=ORIENTED_EDGE('',*,*,#4911,.F.);
#4914=ORIENTED_EDGE('',*,*,#4913,.T.);
#4915=EDGE_LOOP('',(#4908,#4909,#4910,#4912,#4914));
#4916=FACE_OUTER_BOUND('',#4915,.F.);
#4918=CARTESIAN_POINT('',(-9.94499992E1,1.252491377976E2,-6.954517247155E1));
#4919=DIRECTION('',(7.071067811866E-1,3.641869153382E-1,6.061088109378E-1));
#4920=DIRECTION('',(-7.071067811865E-1,3.641869153382E-1,6.061088109378E-1));
#4921=AXIS2_PLACEMENT_3D('',#4918,#4919,#4920);
#4922=PLANE('',#4921);
#4923=ORIENTED_EDGE('',*,*,#4911,.T.);
#4924=ORIENTED_EDGE('',*,*,#4468,.F.);
#4926=ORIENTED_EDGE('',*,*,#4925,.T.);
#4928=ORIENTED_EDGE('',*,*,#4927,.T.);
#4929=EDGE_LOOP('',(#4923,#4924,#4926,#4928));
#4930=FACE_OUTER_BOUND('',#4929,.F.);
#4932=CARTESIAN_POINT('',(-9.94499992E1,1.248101022677E2,-7.144081271188E1));
#4933=DIRECTION('',(7.071067811866E-1,6.061088109378E-1,-3.641869153382E-1));
#4934=DIRECTION('',(-7.071067811865E-1,6.061088109379E-1,-3.641869153382E-1));
#4935=AXIS2_PLACEMENT_3D('',#4932,#4933,#4934);
#4936=PLANE('',#4935);
#4937=ORIENTED_EDGE('',*,*,#4925,.F.);
#4938=ORIENTED_EDGE('',*,*,#4466,.F.);
#4939=ORIENTED_EDGE('',*,*,#4864,.F.);
#4941=ORIENTED_EDGE('',*,*,#4940,.T.);
#4942=EDGE_LOOP('',(#4937,#4938,#4939,#4941));
#4943=FACE_OUTER_BOUND('',#4942,.F.);
#4945=CARTESIAN_POINT('',(-9.93499992E1,0.E0,0.E0));
#4946=DIRECTION('',(-1.E0,0.E0,0.E0));
#4947=DIRECTION('',(0.E0,-1.E0,0.E0));
#4948=AXIS2_PLACEMENT_3D('',#4945,#4946,#4947);
#4949=PLANE('',#4948);
#4950=ORIENTED_EDGE('',*,*,#4927,.F.);
#4951=ORIENTED_EDGE('',*,*,#4940,.F.);
#4952=ORIENTED_EDGE('',*,*,#4862,.T.);
#4953=ORIENTED_EDGE('',*,*,#4913,.F.);
#4954=EDGE_LOOP('',(#4950,#4951,#4952,#4953));
#4955=FACE_OUTER_BOUND('',#4954,.F.);
#4957=CARTESIAN_POINT('',(-1.872308997129E2,1.262823681370E2,
-7.204755315184E1));
#4958=DIRECTION('',(1.E0,0.E0,0.E0));
#4959=DIRECTION('',(0.E0,-5.150380749101E-1,-8.571673007021E-1));
#4960=AXIS2_PLACEMENT_3D('',#4957,#4958,#4959);
#4961=CYLINDRICAL_SURFACE('',#4960,1.5E-1);
#4962=ORIENTED_EDGE('',*,*,#4462,.T.);
#4964=ORIENTED_EDGE('',*,*,#4963,.F.);
#4966=ORIENTED_EDGE('',*,*,#4965,.T.);
#4967=ORIENTED_EDGE('',*,*,#4867,.T.);
#4968=EDGE_LOOP('',(#4962,#4964,#4966,#4967));
#4969=FACE_OUTER_BOUND('',#4968,.F.);
#4971=CARTESIAN_POINT('',(-9.95499992E1,1.265140117768E2,-7.206304091950E1));
#4972=DIRECTION('',(0.E0,-5.937471082684E-1,8.046517081464E-1));
#4973=DIRECTION('',(0.E0,-8.046517081464E-1,-5.937471082684E-1));
#4974=AXIS2_PLACEMENT_3D('',#4971,#4972,#4973);
#4975=PLANE('',#4974);
#4977=ORIENTED_EDGE('',*,*,#4976,.T.);
#4978=ORIENTED_EDGE('',*,*,#4330,.T.);
#4980=ORIENTED_EDGE('',*,*,#4979,.T.);
#4982=ORIENTED_EDGE('',*,*,#4981,.F.);
#4983=EDGE_LOOP('',(#4977,#4978,#4980,#4982));
#4984=FACE_OUTER_BOUND('',#4983,.F.);
#4986=CARTESIAN_POINT('',(-9.95499992E1,1.265140117768E2,-7.206304091950E1));
#4987=DIRECTION('',(0.E0,-5.937471082684E-1,8.046517081464E-1));
#4988=DIRECTION('',(0.E0,-8.046517081464E-1,-5.937471082684E-1));
#4989=AXIS2_PLACEMENT_3D('',#4986,#4987,#4988);
#4990=PLANE('',#4989);
#4992=ORIENTED_EDGE('',*,*,#4991,.T.);
#4994=ORIENTED_EDGE('',*,*,#4993,.T.);
#4995=ORIENTED_EDGE('',*,*,#4963,.T.);
#4996=ORIENTED_EDGE('',*,*,#4460,.F.);
#4997=EDGE_LOOP('',(#4992,#4994,#4995,#4996));
#4998=FACE_OUTER_BOUND('',#4997,.F.);
#5000=CARTESIAN_POINT('',(-2.406119417738E1,1.263412089923E2,
-7.200413487868E1));
#5001=DIRECTION('',(-1.E0,0.E0,0.E0));
#5002=DIRECTION('',(0.E0,9.697229247478E-1,2.442077992582E-1));
#5003=AXIS2_PLACEMENT_3D('',#5000,#5001,#5002);
#5004=CYLINDRICAL_SURFACE('',#5003,1.5E-1);
#5005=ORIENTED_EDGE('',*,*,#4332,.T.);
#5006=ORIENTED_EDGE('',*,*,#4976,.F.);
#5008=ORIENTED_EDGE('',*,*,#5007,.T.);
#5010=ORIENTED_EDGE('',*,*,#5009,.T.);
#5011=EDGE_LOOP('',(#5005,#5006,#5008,#5010));
#5012=FACE_OUTER_BOUND('',#5011,.F.);
#5014=CARTESIAN_POINT('',(-1.052499992E2,1.404149306594E2,-4.571953006778E1));
#5015=DIRECTION('',(1.E0,0.E0,0.E0));
#5016=DIRECTION('',(0.E0,1.E0,0.E0));
#5017=AXIS2_PLACEMENT_3D('',#5014,#5015,#5016);
#5018=PLANE('',#5017);
#5020=ORIENTED_EDGE('',*,*,#5019,.F.);
#5022=ORIENTED_EDGE('',*,*,#5021,.F.);
#5023=ORIENTED_EDGE('',*,*,#4427,.F.);
#5025=ORIENTED_EDGE('',*,*,#5024,.F.);
#5027=ORIENTED_EDGE('',*,*,#5026,.T.);
#5029=ORIENTED_EDGE('',*,*,#5028,.F.);
#5031=ORIENTED_EDGE('',*,*,#5030,.T.);
#5032=ORIENTED_EDGE('',*,*,#5007,.F.);
#5033=ORIENTED_EDGE('',*,*,#4981,.T.);
#5035=ORIENTED_EDGE('',*,*,#5034,.F.);
#5036=ORIENTED_EDGE('',*,*,#4873,.T.);
#5038=ORIENTED_EDGE('',*,*,#5037,.F.);
#5040=ORIENTED_EDGE('',*,*,#5039,.F.);
#5042=ORIENTED_EDGE('',*,*,#5041,.F.);
#5044=ORIENTED_EDGE('',*,*,#5043,.F.);
#5046=ORIENTED_EDGE('',*,*,#5045,.F.);
#5048=ORIENTED_EDGE('',*,*,#5047,.F.);
#5050=ORIENTED_EDGE('',*,*,#5049,.F.);
#5052=ORIENTED_EDGE('',*,*,#5051,.T.);
#5054=ORIENTED_EDGE('',*,*,#5053,.T.);
#5056=ORIENTED_EDGE('',*,*,#5055,.T.);
#5058=ORIENTED_EDGE('',*,*,#5057,.T.);
#5060=ORIENTED_EDGE('',*,*,#5059,.T.);
#5062=ORIENTED_EDGE('',*,*,#5061,.F.);
#5064=ORIENTED_EDGE('',*,*,#5063,.F.);
#5066=ORIENTED_EDGE('',*,*,#5065,.T.);
#5068=ORIENTED_EDGE('',*,*,#5067,.T.);
#5070=ORIENTED_EDGE('',*,*,#5069,.T.);
#5072=ORIENTED_EDGE('',*,*,#5071,.F.);
#5074=ORIENTED_EDGE('',*,*,#5073,.T.);
#5076=ORIENTED_EDGE('',*,*,#5075,.F.);
#5078=ORIENTED_EDGE('',*,*,#5077,.T.);
#5080=ORIENTED_EDGE('',*,*,#5079,.T.);
#5082=ORIENTED_EDGE('',*,*,#5081,.T.);
#5084=ORIENTED_EDGE('',*,*,#5083,.T.);
#5086=ORIENTED_EDGE('',*,*,#5085,.F.);
#5088=ORIENTED_EDGE('',*,*,#5087,.F.);
#5090=ORIENTED_EDGE('',*,*,#5089,.F.);
#5092=ORIENTED_EDGE('',*,*,#5091,.F.);
#5094=ORIENTED_EDGE('',*,*,#5093,.F.);
#5096=ORIENTED_EDGE('',*,*,#5095,.F.);
#5098=ORIENTED_EDGE('',*,*,#5097,.F.);
#5100=ORIENTED_EDGE('',*,*,#5099,.F.);
#5101=EDGE_LOOP('',(#5020,#5022,#5023,#5025,#5027,#5029,#5031,#5032,#5033,#5035,
#5036,#5038,#5040,#5042,#5044,#5046,#5048,#5050,#5052,#5054,#5056,#5058,#5060,
#5062,#5064,#5066,#5068,#5070,#5072,#5074,#5076,#5078,#5080,#5082,#5084,#5086,
#5088,#5090,#5092,#5094,#5096,#5098,#5100));
#5102=FACE_OUTER_BOUND('',#5101,.F.);
#5104=CARTESIAN_POINT('',(0.E0,1.344295419370E2,-7.116184985974E1));
#5105=DIRECTION('',(0.E0,-8.571673007021E-1,5.150380749102E-1));
#5106=DIRECTION('',(0.E0,-5.150380749102E-1,-8.571673007021E-1));
#5107=AXIS2_PLACEMENT_3D('',#5104,#5105,#5106);
#5108=PLANE('',#5107);
#5110=ORIENTED_EDGE('',*,*,#5109,.F.);
#5112=ORIENTED_EDGE('',*,*,#5111,.T.);
#5113=ORIENTED_EDGE('',*,*,#4393,.T.);
#5115=ORIENTED_EDGE('',*,*,#5114,.F.);
#5116=ORIENTED_EDGE('',*,*,#5019,.T.);
#5117=EDGE_LOOP('',(#5110,#5112,#5113,#5115,#5116));
#5118=FACE_OUTER_BOUND('',#5117,.F.);
#5120=CARTESIAN_POINT('',(0.E0,1.344295419370E2,-7.116184985974E1));
#5121=DIRECTION('',(0.E0,-8.571673007021E-1,5.150380749102E-1));
#5122=DIRECTION('',(0.E0,-5.150380749102E-1,-8.571673007021E-1));
#5123=AXIS2_PLACEMENT_3D('',#5120,#5121,#5122);
#5124=PLANE('',#5123);
#5126=ORIENTED_EDGE('',*,*,#5125,.F.);
#5128=ORIENTED_EDGE('',*,*,#5127,.T.);
#5130=ORIENTED_EDGE('',*,*,#5129,.T.);
#5132=ORIENTED_EDGE('',*,*,#5131,.F.);
#5134=ORIENTED_EDGE('',*,*,#5133,.F.);
#5135=EDGE_LOOP('',(#5126,#5128,#5130,#5132,#5134));
#5136=FACE_OUTER_BOUND('',#5135,.F.);
#5138=CARTESIAN_POINT('',(-1.808873774793E2,1.338979506716E2,
-7.107576428243E1));
#5139=DIRECTION('',(1.E0,0.E0,0.E0));
#5140=DIRECTION('',(0.E0,8.571673007021E-1,-5.150380749102E-1));
#5141=AXIS2_PLACEMENT_3D('',#5138,#5139,#5140);
#5142=CYLINDRICAL_SURFACE('',#5141,5.E-1);
#5144=ORIENTED_EDGE('',*,*,#5143,.T.);
#5146=ORIENTED_EDGE('',*,*,#5145,.F.);
#5148=ORIENTED_EDGE('',*,*,#5147,.T.);
#5150=ORIENTED_EDGE('',*,*,#5149,.T.);
#5151=ORIENTED_EDGE('',*,*,#5109,.T.);
#5152=EDGE_LOOP('',(#5144,#5146,#5148,#5150,#5151));
#5153=FACE_OUTER_BOUND('',#5152,.F.);
#5155=CARTESIAN_POINT('',(-1.054999992E2,1.340835505895E2,-7.089562561463E1));
#5156=DIRECTION('',(7.071067811865E-1,3.641869153382E-1,6.061088109378E-1));
#5157=DIRECTION('',(7.071067811866E-1,-3.641869153382E-1,-6.061088109378E-1));
#5158=AXIS2_PLACEMENT_3D('',#5155,#5156,#5157);
#5159=PLANE('',#5158);
#5160=ORIENTED_EDGE('',*,*,#5143,.F.);
#5161=ORIENTED_EDGE('',*,*,#5099,.T.);
#5163=ORIENTED_EDGE('',*,*,#5162,.F.);
#5165=ORIENTED_EDGE('',*,*,#5164,.F.);
#5166=EDGE_LOOP('',(#5160,#5161,#5163,#5165));
#5167=FACE_OUTER_BOUND('',#5166,.F.);
#5169=CARTESIAN_POINT('',(-1.054999992E2,1.327221269356E2,-6.995736160401E1));
#5170=DIRECTION('',(7.071067811866E-1,6.595370000782E-1,2.549724407222E-1));
#5171=DIRECTION('',(-7.071067811865E-1,6.595370000782E-1,2.549724407222E-1));
#5172=AXIS2_PLACEMENT_3D('',#5169,#5170,#5171);
#5173=PLANE('',#5172);
#5175=ORIENTED_EDGE('',*,*,#5174,.F.);
#5176=ORIENTED_EDGE('',*,*,#5162,.T.);
#5177=ORIENTED_EDGE('',*,*,#5097,.T.);
#5179=ORIENTED_EDGE('',*,*,#5178,.T.);
#5180=EDGE_LOOP('',(#5175,#5176,#5177,#5179));
#5181=FACE_OUTER_BOUND('',#5180,.F.);
#5183=CARTESIAN_POINT('',(-1.052499992E2,1.329256808033E2,-6.979057735115E1));
#5184=DIRECTION('',(0.E0,-9.327261703975E-1,-3.605854837007E-1));
#5185=DIRECTION('',(0.E0,3.605854837007E-1,-9.327261703975E-1));
#5186=AXIS2_PLACEMENT_3D('',#5183,#5184,#5185);
#5187=PLANE('',#5186);
#5189=ORIENTED_EDGE('',*,*,#5188,.T.);
#5191=ORIENTED_EDGE('',*,*,#5190,.T.);
#5192=ORIENTED_EDGE('',*,*,#5174,.T.);
#5194=ORIENTED_EDGE('',*,*,#5193,.F.);
#5195=EDGE_LOOP('',(#5189,#5191,#5192,#5194));
#5196=FACE_OUTER_BOUND('',#5195,.F.);
#5198=CARTESIAN_POINT('',(-1.062999992E2,1.357219938631E2,-6.870954207066E1));
#5199=DIRECTION('',(-1.E0,0.E0,0.E0));
#5200=DIRECTION('',(0.E0,0.E0,-1.E0));
#5201=AXIS2_PLACEMENT_3D('',#5198,#5199,#5200);
#5202=CONICAL_SURFACE('',#5201,3.148000000969E0,4.5E1);
#5204=ORIENTED_EDGE('',*,*,#5203,.F.);
#5205=ORIENTED_EDGE('',*,*,#5188,.F.);
#5207=ORIENTED_EDGE('',*,*,#5206,.F.);
#5209=ORIENTED_EDGE('',*,*,#5208,.F.);
#5210=ORIENTED_EDGE('',*,*,#4284,.F.);
#5211=EDGE_LOOP('',(#5204,#5205,#5207,#5209,#5210));
#5212=FACE_OUTER_BOUND('',#5211,.F.);
#5214=CARTESIAN_POINT('',(-9.859999919999E1,1.329849361531E2,
-6.994385311503E1));
#5215=DIRECTION('',(0.E0,-5.150380749101E-1,-8.571673007021E-1));
#5216=DIRECTION('',(0.E0,8.571673007021E-1,-5.150380749101E-1));
#5217=AXIS2_PLACEMENT_3D('',#5214,#5215,#5216);
#5218=PLANE('',#5217);
#5219=ORIENTED_EDGE('',*,*,#4282,.F.);
#5220=ORIENTED_EDGE('',*,*,#4361,.F.);
#5222=ORIENTED_EDGE('',*,*,#5221,.T.);
#5223=ORIENTED_EDGE('',*,*,#5145,.T.);
#5224=ORIENTED_EDGE('',*,*,#5164,.T.);
#5225=ORIENTED_EDGE('',*,*,#5190,.F.);
#5226=ORIENTED_EDGE('',*,*,#5203,.T.);
#5227=EDGE_LOOP('',(#5219,#5220,#5222,#5223,#5224,#5225,#5226));
#5228=FACE_OUTER_BOUND('',#5227,.F.);
#5230=CARTESIAN_POINT('',(-9.859999919999E1,1.329849361531E2,
-6.994385311503E1));
#5231=DIRECTION('',(0.E0,-5.150380749101E-1,-8.571673007021E-1));
#5232=DIRECTION('',(0.E0,8.571673007021E-1,-5.150380749101E-1));
#5233=AXIS2_PLACEMENT_3D('',#5230,#5231,#5232);
#5234=PLANE('',#5233);
#5236=ORIENTED_EDGE('',*,*,#5235,.T.);
#5237=ORIENTED_EDGE('',*,*,#4441,.F.);
#5238=ORIENTED_EDGE('',*,*,#4519,.T.);
#5240=ORIENTED_EDGE('',*,*,#5239,.F.);
#5242=ORIENTED_EDGE('',*,*,#5241,.T.);
#5244=ORIENTED_EDGE('',*,*,#5243,.F.);
#5246=ORIENTED_EDGE('',*,*,#5245,.T.);
#5248=ORIENTED_EDGE('',*,*,#5247,.F.);
#5249=EDGE_LOOP('',(#5236,#5237,#5238,#5240,#5242,#5244,#5246,#5248));
#5250=FACE_OUTER_BOUND('',#5249,.F.);
#5252=CARTESIAN_POINT('',(-1.073999992E2,1.329809779922E2,-7.162758047830E1));
#5253=DIRECTION('',(-1.E0,0.E0,0.E0));
#5254=DIRECTION('',(0.E0,5.150380749101E-1,8.571673007021E-1));
#5255=AXIS2_PLACEMENT_3D('',#5252,#5253,#5254);
#5256=PLANE('',#5255);
#5257=ORIENTED_EDGE('',*,*,#4359,.F.);
#5258=ORIENTED_EDGE('',*,*,#4375,.F.);
#5260=ORIENTED_EDGE('',*,*,#5259,.F.);
#5261=ORIENTED_EDGE('',*,*,#5147,.F.);
#5262=ORIENTED_EDGE('',*,*,#5221,.F.);
#5263=EDGE_LOOP('',(#5257,#5258,#5260,#5261,#5262));
#5264=FACE_OUTER_BOUND('',#5263,.F.);
#5266=CARTESIAN_POINT('',(-1.063999992E2,1.918921833120E2,-1.057914896591E2));
#5267=DIRECTION('',(0.E0,-8.571673007021E-1,5.150380749101E-1));
#5268=DIRECTION('',(-1.E0,0.E0,0.E0));
#5269=AXIS2_PLACEMENT_3D('',#5266,#5267,#5268);
#5270=CYLINDRICAL_SURFACE('',#5269,1.E0);
#5271=ORIENTED_EDGE('',*,*,#5149,.F.);
#5272=ORIENTED_EDGE('',*,*,#5259,.T.);
#5273=ORIENTED_EDGE('',*,*,#4373,.T.);
#5274=ORIENTED_EDGE('',*,*,#4395,.T.);
#5275=ORIENTED_EDGE('',*,*,#5111,.F.);
#5276=EDGE_LOOP('',(#5271,#5272,#5273,#5274,#5275));
#5277=FACE_OUTER_BOUND('',#5276,.F.);
#5279=CARTESIAN_POINT('',(-2.797634484459E1,1.329723575258E2,
-7.028628513239E1));
#5280=DIRECTION('',(-1.E0,0.E0,0.E0));
#5281=DIRECTION('',(0.E0,-8.571673007020E-1,5.150380749102E-1));
#5282=AXIS2_PLACEMENT_3D('',#5279,#5280,#5281);
#5283=CYLINDRICAL_SURFACE('',#5282,3.E-1);
#5284=ORIENTED_EDGE('',*,*,#4443,.F.);
#5285=ORIENTED_EDGE('',*,*,#5235,.F.);
#5287=ORIENTED_EDGE('',*,*,#5286,.T.);
#5289=ORIENTED_EDGE('',*,*,#5288,.T.);
#5290=EDGE_LOOP('',(#5284,#5285,#5287,#5289));
#5291=FACE_OUTER_BOUND('',#5290,.F.);
#5293=CARTESIAN_POINT('',(-9.859999919999E1,1.333219201378E2,
-7.106015746070E1));
#5294=DIRECTION('',(1.E0,-1.105651301952E-14,-1.840112776473E-14));
#5295=DIRECTION('',(-2.146737019677E-14,-5.150380749101E-1,-8.571673007021E-1));
#5296=AXIS2_PLACEMENT_3D('',#5293,#5294,#5295);
#5297=PLANE('',#5296);
#5298=ORIENTED_EDGE('',*,*,#5286,.F.);
#5299=ORIENTED_EDGE('',*,*,#5247,.T.);
#5301=ORIENTED_EDGE('',*,*,#5300,.F.);
#5303=ORIENTED_EDGE('',*,*,#5302,.F.);
#5305=ORIENTED_EDGE('',*,*,#5304,.F.);
#5306=EDGE_LOOP('',(#5298,#5299,#5301,#5303,#5305));
#5307=FACE_OUTER_BOUND('',#5306,.F.);
#5309=CARTESIAN_POINT('',(-1.716560173004E2,1.338979506716E2,
-7.107576428243E1));
#5310=DIRECTION('',(1.E0,0.E0,0.E0));
#5311=DIRECTION('',(0.E0,8.571673007020E-1,-5.150380749102E-1));
#5312=AXIS2_PLACEMENT_3D('',#5309,#5310,#5311);
#5313=CYLINDRICAL_SURFACE('',#5312,5.E-1);
#5315=ORIENTED_EDGE('',*,*,#5314,.T.);
#5316=ORIENTED_EDGE('',*,*,#5300,.T.);
#5317=ORIENTED_EDGE('',*,*,#5245,.F.);
#5319=ORIENTED_EDGE('',*,*,#5318,.T.);
#5320=ORIENTED_EDGE('',*,*,#5131,.T.);
#5321=EDGE_LOOP('',(#5315,#5316,#5317,#5319,#5320));
#5322=FACE_OUTER_BOUND('',#5321,.F.);
#5324=CARTESIAN_POINT('',(-9.959999919999E1,1.918921833120E2,
-1.057914896591E2));
#5325=DIRECTION('',(0.E0,-8.571673007021E-1,5.150380749101E-1));
#5326=DIRECTION('',(9.063077870365E-1,-2.176644959489E-1,-3.622545546439E-1));
#5327=AXIS2_PLACEMENT_3D('',#5324,#5325,#5326);
#5328=CYLINDRICAL_SURFACE('',#5327,1.E0);
#5329=ORIENTED_EDGE('',*,*,#5314,.F.);
#5330=ORIENTED_EDGE('',*,*,#5129,.F.);
#5332=ORIENTED_EDGE('',*,*,#5331,.F.);
#5334=ORIENTED_EDGE('',*,*,#5333,.T.);
#5335=ORIENTED_EDGE('',*,*,#5302,.T.);
#5336=EDGE_LOOP('',(#5329,#5330,#5332,#5334,#5335));
#5337=FACE_OUTER_BOUND('',#5336,.F.);
#5339=CARTESIAN_POINT('',(-9.900936842129E1,1.329592115426E2,
-7.166380593376E1));
#5340=DIRECTION('',(9.063077870365E-1,-2.176644959489E-1,-3.622545546439E-1));
#5341=DIRECTION('',(-4.226182617410E-1,-4.667830179113E-1,-7.768573994194E-1));
#5342=AXIS2_PLACEMENT_3D('',#5339,#5340,#5341);
#5343=PLANE('',#5342);
#5344=ORIENTED_EDGE('',*,*,#4407,.T.);
#5345=ORIENTED_EDGE('',*,*,#4447,.F.);
#5347=ORIENTED_EDGE('',*,*,#5346,.T.);
#5348=ORIENTED_EDGE('',*,*,#5331,.T.);
#5349=ORIENTED_EDGE('',*,*,#5127,.F.);
#5351=ORIENTED_EDGE('',*,*,#5350,.F.);
#5352=EDGE_LOOP('',(#5344,#5345,#5347,#5348,#5349,#5351));
#5353=FACE_OUTER_BOUND('',#5352,.F.);
#5355=CARTESIAN_POINT('',(-9.859999919999E1,1.315581943272E2,
-7.205736672058E1));
#5356=DIRECTION('',(0.E0,-8.571673007020E-1,5.150380749102E-1));
#5357=DIRECTION('',(0.E0,-5.150380749102E-1,-8.571673007020E-1));
#5358=AXIS2_PLACEMENT_3D('',#5355,#5356,#5357);
#5359=PLANE('',#5358);
#5360=ORIENTED_EDGE('',*,*,#5346,.F.);
#5361=ORIENTED_EDGE('',*,*,#4445,.T.);
#5362=ORIENTED_EDGE('',*,*,#5288,.F.);
#5363=ORIENTED_EDGE('',*,*,#5304,.T.);
#5364=ORIENTED_EDGE('',*,*,#5333,.F.);
#5365=EDGE_LOOP('',(#5360,#5361,#5362,#5363,#5364));
#5366=FACE_OUTER_BOUND('',#5365,.F.);
#5368=CARTESIAN_POINT('',(-2.381198116213E1,1.331514891320E2,
-7.134728289404E1));
#5369=DIRECTION('',(-1.E0,-2.315905831645E-14,-3.868819431934E-14));
#5370=DIRECTION('',(0.E0,8.571673007021E-1,-5.150380749101E-1));
#5371=AXIS2_PLACEMENT_3D('',#5368,#5369,#5370);
#5372=CYLINDRICAL_SURFACE('',#5371,1.E0);
#5374=ORIENTED_EDGE('',*,*,#5373,.T.);
#5375=ORIENTED_EDGE('',*,*,#4409,.F.);
#5376=ORIENTED_EDGE('',*,*,#5350,.T.);
#5377=ORIENTED_EDGE('',*,*,#5125,.T.);
#5378=EDGE_LOOP('',(#5374,#5375,#5376,#5377));
#5379=FACE_OUTER_BOUND('',#5378,.F.);
#5381=CARTESIAN_POINT('',(-1.007499992E2,1.342509626326E2,-7.146059805431E1));
#5382=DIRECTION('',(1.E0,-4.851019936113E-14,2.914786841728E-14));
#5383=DIRECTION('',(0.E0,5.150380749101E-1,8.571673007021E-1));
#5384=AXIS2_PLACEMENT_3D('',#5381,#5382,#5383);
#5385=PLANE('',#5384);
#5386=ORIENTED_EDGE('',*,*,#5373,.F.);
#5387=ORIENTED_EDGE('',*,*,#5133,.T.);
#5389=ORIENTED_EDGE('',*,*,#5388,.F.);
#5391=ORIENTED_EDGE('',*,*,#5390,.T.);
#5393=ORIENTED_EDGE('',*,*,#5392,.T.);
#5395=ORIENTED_EDGE('',*,*,#5394,.T.);
#5397=ORIENTED_EDGE('',*,*,#5396,.T.);
#5399=ORIENTED_EDGE('',*,*,#5398,.T.);
#5401=ORIENTED_EDGE('',*,*,#5400,.F.);
#5403=ORIENTED_EDGE('',*,*,#5402,.F.);
#5405=ORIENTED_EDGE('',*,*,#5404,.F.);
#5407=ORIENTED_EDGE('',*,*,#5406,.F.);
#5409=ORIENTED_EDGE('',*,*,#5408,.F.);
#5411=ORIENTED_EDGE('',*,*,#5410,.T.);
#5413=ORIENTED_EDGE('',*,*,#5412,.F.);
#5415=ORIENTED_EDGE('',*,*,#5414,.T.);
#5417=ORIENTED_EDGE('',*,*,#5416,.F.);
#5419=ORIENTED_EDGE('',*,*,#5418,.F.);
#5421=ORIENTED_EDGE('',*,*,#5420,.F.);
#5423=ORIENTED_EDGE('',*,*,#5422,.F.);
#5425=ORIENTED_EDGE('',*,*,#5424,.F.);
#5427=ORIENTED_EDGE('',*,*,#5426,.T.);
#5429=ORIENTED_EDGE('',*,*,#5428,.F.);
#5431=ORIENTED_EDGE('',*,*,#5430,.F.);
#5433=ORIENTED_EDGE('',*,*,#5432,.F.);
#5435=ORIENTED_EDGE('',*,*,#5434,.F.);
#5437=ORIENTED_EDGE('',*,*,#5436,.T.);
#5439=ORIENTED_EDGE('',*,*,#5438,.F.);
#5441=ORIENTED_EDGE('',*,*,#5440,.F.);
#5443=ORIENTED_EDGE('',*,*,#5442,.T.);
#5445=ORIENTED_EDGE('',*,*,#5444,.F.);
#5447=ORIENTED_EDGE('',*,*,#5446,.F.);
#5449=ORIENTED_EDGE('',*,*,#5448,.F.);
#5451=ORIENTED_EDGE('',*,*,#5450,.T.);
#5452=ORIENTED_EDGE('',*,*,#4869,.T.);
#5453=ORIENTED_EDGE('',*,*,#4965,.F.);
#5454=ORIENTED_EDGE('',*,*,#4993,.F.);
#5456=ORIENTED_EDGE('',*,*,#5455,.F.);
#5458=ORIENTED_EDGE('',*,*,#5457,.F.);
#5460=ORIENTED_EDGE('',*,*,#5459,.F.);
#5462=ORIENTED_EDGE('',*,*,#5461,.T.);
#5464=ORIENTED_EDGE('',*,*,#5463,.F.);
#5465=ORIENTED_EDGE('',*,*,#4411,.F.);
#5466=EDGE_LOOP('',(#5386,#5387,#5389,#5391,#5393,#5395,#5397,#5399,#5401,#5403,
#5405,#5407,#5409,#5411,#5413,#5415,#5417,#5419,#5421,#5423,#5425,#5427,#5429,
#5431,#5433,#5435,#5437,#5439,#5441,#5443,#5445,#5447,#5449,#5451,#5452,#5453,
#5454,#5456,#5458,#5460,#5462,#5464,#5465));
#5467=FACE_OUTER_BOUND('',#5466,.F.);
#5469=CARTESIAN_POINT('',(-1.004999992E2,1.340835505895E2,-7.089562561463E1));
#5470=DIRECTION('',(-7.071067811866E-1,3.641869153382E-1,6.061088109378E-1));
#5471=DIRECTION('',(-7.071067811865E-1,-3.641869153381E-1,-6.061088109379E-1));
#5472=AXIS2_PLACEMENT_3D('',#5469,#5470,#5471);
#5473=PLANE('',#5472);
#5474=ORIENTED_EDGE('',*,*,#5318,.F.);
#5475=ORIENTED_EDGE('',*,*,#5243,.T.);
#5477=ORIENTED_EDGE('',*,*,#5476,.F.);
#5478=ORIENTED_EDGE('',*,*,#5388,.T.);
#5479=EDGE_LOOP('',(#5474,#5475,#5477,#5478));
#5480=FACE_OUTER_BOUND('',#5479,.F.);
#5482=CARTESIAN_POINT('',(-1.004999992E2,1.327221269356E2,-6.995736160401E1));
#5483=DIRECTION('',(-7.071067811865E-1,6.595370000782E-1,2.549724407221E-1));
#5484=DIRECTION('',(-7.071067811865E-1,-6.595370000782E-1,-2.549724407222E-1));
#5485=AXIS2_PLACEMENT_3D('',#5482,#5483,#5484);
#5486=PLANE('',#5485);
#5487=ORIENTED_EDGE('',*,*,#5476,.T.);
#5488=ORIENTED_EDGE('',*,*,#5241,.F.);
#5490=ORIENTED_EDGE('',*,*,#5489,.F.);
#5492=ORIENTED_EDGE('',*,*,#5491,.T.);
#5493=ORIENTED_EDGE('',*,*,#5390,.F.);
#5494=EDGE_LOOP('',(#5487,#5488,#5490,#5492,#5493));
#5495=FACE_OUTER_BOUND('',#5494,.F.);
#5497=CARTESIAN_POINT('',(-9.859999919999E1,1.357219938631E2,
-6.870954207066E1));
#5498=DIRECTION('',(1.E0,0.E0,0.E0));
#5499=DIRECTION('',(0.E0,0.E0,1.E0));
#5500=AXIS2_PLACEMENT_3D('',#5497,#5498,#5499);
#5501=CYLINDRICAL_SURFACE('',#5500,2.998000000968E0);
#5502=ORIENTED_EDGE('',*,*,#4517,.F.);
#5504=ORIENTED_EDGE('',*,*,#5503,.F.);
#5506=ORIENTED_EDGE('',*,*,#5505,.F.);
#5507=ORIENTED_EDGE('',*,*,#5489,.T.);
#5508=ORIENTED_EDGE('',*,*,#5239,.T.);
#5509=EDGE_LOOP('',(#5502,#5504,#5506,#5507,#5508));
#5510=FACE_OUTER_BOUND('',#5509,.F.);
#5512=CARTESIAN_POINT('',(-9.859999919999E1,1.321470556872E2,
-6.676367755240E1));
#5513=DIRECTION('',(0.E0,-9.702957262759E-1,-2.419218955999E-1));
#5514=DIRECTION('',(0.E0,2.419218955999E-1,-9.702957262759E-1));
#5515=AXIS2_PLACEMENT_3D('',#5512,#5513,#5514);
#5516=PLANE('',#5515);
#5517=ORIENTED_EDGE('',*,*,#4531,.F.);
#5519=ORIENTED_EDGE('',*,*,#5518,.T.);
#5521=ORIENTED_EDGE('',*,*,#5520,.F.);
#5522=ORIENTED_EDGE('',*,*,#5503,.T.);
#5523=EDGE_LOOP('',(#5517,#5519,#5521,#5522));
#5524=FACE_OUTER_BOUND('',#5523,.F.);
#5526=CARTESIAN_POINT('',(-3.369680257062E1,1.353787019818E2,
-6.733267354266E1));
#5527=DIRECTION('',(-1.E0,0.E0,0.E0));
#5528=DIRECTION('',(0.E0,-9.702957262759E-1,-2.419218955999E-1));
#5529=AXIS2_PLACEMENT_3D('',#5526,#5527,#5528);
#5530=CYLINDRICAL_SURFACE('',#5529,2.998E0);
#5531=ORIENTED_EDGE('',*,*,#4547,.F.);
#5532=ORIENTED_EDGE('',*,*,#4576,.T.);
#5534=ORIENTED_EDGE('',*,*,#5533,.F.);
#5535=ORIENTED_EDGE('',*,*,#5518,.F.);
#5536=EDGE_LOOP('',(#5531,#5532,#5534,#5535));
#5537=FACE_OUTER_BOUND('',#5536,.F.);
#5539=CARTESIAN_POINT('',(-1.004999992E2,1.353787019818E2,-6.733267354266E1));
#5540=DIRECTION('',(-1.E0,4.851019936113E-14,-2.914786841728E-14));
#5541=DIRECTION('',(2.914786841728E-14,0.E0,-1.E0));
#5542=AXIS2_PLACEMENT_3D('',#5539,#5540,#5541);
#5543=CONICAL_SURFACE('',#5542,3.248E0,4.5E1);
#5545=ORIENTED_EDGE('',*,*,#5544,.F.);
#5546=ORIENTED_EDGE('',*,*,#5533,.T.);
#5548=ORIENTED_EDGE('',*,*,#5547,.T.);
#5549=ORIENTED_EDGE('',*,*,#5396,.F.);
#5550=EDGE_LOOP('',(#5545,#5546,#5548,#5549));
#5551=FACE_OUTER_BOUND('',#5550,.F.);
#5553=CARTESIAN_POINT('',(-1.004999992E2,1.323988274031E2,-6.880687012369E1));
#5554=DIRECTION('',(-7.071067811865E-1,6.861026878061E-1,1.710646128961E-1));
#5555=DIRECTION('',(-7.071067811865E-1,-6.861026878060E-1,-1.710646128962E-1));
#5556=AXIS2_PLACEMENT_3D('',#5553,#5554,#5555);
#5557=PLANE('',#5556);
#5558=ORIENTED_EDGE('',*,*,#5520,.T.);
#5559=ORIENTED_EDGE('',*,*,#5544,.T.);
#5560=ORIENTED_EDGE('',*,*,#5394,.F.);
#5562=ORIENTED_EDGE('',*,*,#5561,.F.);
#5563=EDGE_LOOP('',(#5558,#5559,#5560,#5562));
#5564=FACE_OUTER_BOUND('',#5563,.F.);
#5566=CARTESIAN_POINT('',(-1.004999992E2,1.357219938631E2,-6.870954207066E1));
#5567=DIRECTION('',(-1.E0,4.851019936113E-14,-2.914786841728E-14));
#5568=DIRECTION('',(2.914786841728E-14,0.E0,-1.E0));
#5569=AXIS2_PLACEMENT_3D('',#5566,#5567,#5568);
#5570=CONICAL_SURFACE('',#5569,3.248000000969E0,4.5E1);
#5571=ORIENTED_EDGE('',*,*,#5505,.T.);
#5572=ORIENTED_EDGE('',*,*,#5561,.T.);
#5573=ORIENTED_EDGE('',*,*,#5392,.F.);
#5574=ORIENTED_EDGE('',*,*,#5491,.F.);
#5575=EDGE_LOOP('',(#5571,#5572,#5573,#5574));
#5576=FACE_OUTER_BOUND('',#5575,.F.);
#5578=CARTESIAN_POINT('',(-1.004999992E2,1.345748028206E2,-6.236425654484E1));
#5579=DIRECTION('',(-7.071067811865E-1,6.061088109378E-1,-3.641869153382E-1));
#5580=DIRECTION('',(-7.071067811865E-1,-6.061088109378E-1,3.641869153382E-1));
#5581=AXIS2_PLACEMENT_3D('',#5578,#5579,#5580);
#5582=PLANE('',#5581);
#5583=ORIENTED_EDGE('',*,*,#5398,.F.);
#5584=ORIENTED_EDGE('',*,*,#5547,.F.);
#5585=ORIENTED_EDGE('',*,*,#4574,.T.);
#5587=ORIENTED_EDGE('',*,*,#5586,.T.);
#5588=EDGE_LOOP('',(#5583,#5584,#5585,#5587));
#5589=FACE_OUTER_BOUND('',#5588,.F.);
#5591=CARTESIAN_POINT('',(-1.004999992E2,1.373708329934E2,-5.878980404201E1));
#5592=DIRECTION('',(-7.071067811865E-1,1.710646128961E-1,-6.861026878061E-1));
#5593=DIRECTION('',(7.071067811866E-1,1.710646128960E-1,-6.861026878061E-1));
#5594=AXIS2_PLACEMENT_3D('',#5591,#5592,#5593);
#5595=PLANE('',#5594);
#5596=ORIENTED_EDGE('',*,*,#5400,.T.);
#5597=ORIENTED_EDGE('',*,*,#5586,.F.);
#5598=ORIENTED_EDGE('',*,*,#4591,.T.);
#5600=ORIENTED_EDGE('',*,*,#5599,.F.);
#5602=ORIENTED_EDGE('',*,*,#5601,.T.);
#5603=EDGE_LOOP('',(#5596,#5597,#5598,#5600,#5602));
#5604=FACE_OUTER_BOUND('',#5603,.F.);
#5606=CARTESIAN_POINT('',(-4.945844461010E1,1.375752922046E2,
-5.796586641320E1));
#5607=DIRECTION('',(-1.E0,7.774437027030E-14,1.936975778065E-14));
#5608=DIRECTION('',(5.666376925055E-14,8.571673007021E-1,-5.150380749101E-1));
#5609=AXIS2_PLACEMENT_3D('',#5606,#5607,#5608);
#5610=CYLINDRICAL_SURFACE('',#5609,1.E0);
#5611=ORIENTED_EDGE('',*,*,#4589,.F.);
#5612=ORIENTED_EDGE('',*,*,#4622,.T.);
#5613=ORIENTED_EDGE('',*,*,#4635,.T.);
#5614=ORIENTED_EDGE('',*,*,#4656,.T.);
#5616=ORIENTED_EDGE('',*,*,#5615,.T.);
#5618=ORIENTED_EDGE('',*,*,#5617,.T.);
#5620=ORIENTED_EDGE('',*,*,#5619,.F.);
#5621=ORIENTED_EDGE('',*,*,#5599,.T.);
#5622=EDGE_LOOP('',(#5611,#5612,#5613,#5614,#5616,#5618,#5620,#5621));
#5623=FACE_OUTER_BOUND('',#5622,.F.);
#5625=CARTESIAN_POINT('',(-1.090023992E2,1.519370673686E2,-3.600546270412E1));
#5626=DIRECTION('',(5.659361868027E-14,8.571673007021E-1,-5.150380749101E-1));
#5627=DIRECTION('',(0.E0,-5.150380749101E-1,-8.571673007021E-1));
#5628=AXIS2_PLACEMENT_3D('',#5625,#5626,#5627);
#5629=PLANE('',#5628);
#5630=ORIENTED_EDGE('',*,*,#5615,.F.);
#5631=ORIENTED_EDGE('',*,*,#4654,.F.);
#5633=ORIENTED_EDGE('',*,*,#5632,.T.);
#5635=ORIENTED_EDGE('',*,*,#5634,.T.);
#5636=EDGE_LOOP('',(#5630,#5631,#5633,#5635));
#5637=FACE_OUTER_BOUND('',#5636,.F.);
#5639=CARTESIAN_POINT('',(-1.848610016538E2,1.460145941911E2,
-4.392050927173E1));
#5640=DIRECTION('',(1.E0,-2.992103278986E-13,-3.879676772668E-13));
#5641=DIRECTION('',(5.665518348016E-14,8.571673007021E-1,-5.150380749101E-1));
#5642=AXIS2_PLACEMENT_3D('',#5639,#5640,#5641);
#5643=CYLINDRICAL_SURFACE('',#5642,1.E0);
#5645=ORIENTED_EDGE('',*,*,#5644,.T.);
#5647=ORIENTED_EDGE('',*,*,#5646,.T.);
#5649=ORIENTED_EDGE('',*,*,#5648,.T.);
#5650=ORIENTED_EDGE('',*,*,#5632,.F.);
#5651=EDGE_LOOP('',(#5645,#5647,#5649,#5650));
#5652=FACE_OUTER_BOUND('',#5651,.F.);
#5654=CARTESIAN_POINT('',(-9.95999992E1,1.460145941911E2,-4.392050927176E1));
#5655=DIRECTION('',(-1.E0,2.157585428452E-14,-5.210414897105E-14));
#5656=DIRECTION('',(5.210414897105E-14,0.E0,-1.E0));
#5657=AXIS2_PLACEMENT_3D('',#5654,#5655,#5656);
#5658=CONICAL_SURFACE('',#5657,7.499999999996E-1,4.5E1);
#5660=ORIENTED_EDGE('',*,*,#5659,.T.);
#5661=ORIENTED_EDGE('',*,*,#4733,.T.);
#5662=ORIENTED_EDGE('',*,*,#5644,.F.);
#5663=ORIENTED_EDGE('',*,*,#4652,.F.);
#5664=EDGE_LOOP('',(#5660,#5661,#5662,#5663));
#5665=FACE_OUTER_BOUND('',#5664,.F.);
#5667=CARTESIAN_POINT('',(-9.93499992E1,1.575610210006E2,-6.208041663738E1));
#5668=DIRECTION('',(1.E0,-2.157585428452E-14,5.210414897105E-14));
#5669=DIRECTION('',(4.532973735828E-14,8.571673007021E-1,-5.150380749101E-1));
#5670=AXIS2_PLACEMENT_3D('',#5667,#5668,#5669);
#5671=PLANE('',#5670);
#5672=ORIENTED_EDGE('',*,*,#4650,.F.);
#5673=ORIENTED_EDGE('',*,*,#4670,.T.);
#5674=ORIENTED_EDGE('',*,*,#4689,.F.);
#5675=ORIENTED_EDGE('',*,*,#4710,.F.);
#5676=ORIENTED_EDGE('',*,*,#4735,.F.);
#5677=ORIENTED_EDGE('',*,*,#5659,.F.);
#5678=EDGE_LOOP('',(#5672,#5673,#5674,#5675,#5676,#5677));
#5679=FACE_OUTER_BOUND('',#5678,.F.);
#5681=CARTESIAN_POINT('',(-1.057999992E2,1.539774037594E2,-4.753841456094E1));
#5682=DIRECTION('',(-4.866876620077E-13,-5.150380749101E-1,-8.571673007021E-1));
#5683=DIRECTION('',(0.E0,-8.571673007021E-1,5.150380749101E-1));
#5684=AXIS2_PLACEMENT_3D('',#5681,#5682,#5683);
#5685=PLANE('',#5684);
#5687=ORIENTED_EDGE('',*,*,#5686,.T.);
#5689=ORIENTED_EDGE('',*,*,#5688,.F.);
#5691=ORIENTED_EDGE('',*,*,#5690,.F.);
#5693=ORIENTED_EDGE('',*,*,#5692,.F.);
#5695=ORIENTED_EDGE('',*,*,#5694,.F.);
#5697=ORIENTED_EDGE('',*,*,#5696,.F.);
#5699=ORIENTED_EDGE('',*,*,#5698,.F.);
#5701=ORIENTED_EDGE('',*,*,#5700,.F.);
#5703=ORIENTED_EDGE('',*,*,#5702,.T.);
#5704=ORIENTED_EDGE('',*,*,#5646,.F.);
#5705=ORIENTED_EDGE('',*,*,#4731,.F.);
#5707=ORIENTED_EDGE('',*,*,#5706,.F.);
#5708=EDGE_LOOP('',(#5687,#5689,#5691,#5693,#5695,#5697,#5699,#5701,#5703,#5704,
#5705,#5707));
#5709=FACE_OUTER_BOUND('',#5708,.F.);
#5711=CARTESIAN_POINT('',(-1.004499992E2,1.438221109545E2,-4.178648905895E1));
#5712=DIRECTION('',(5.653769725820E-14,8.571673007021E-1,-5.150380749101E-1));
#5713=DIRECTION('',(-1.E0,3.800606537735E-14,-4.652110582811E-14));
#5714=AXIS2_PLACEMENT_3D('',#5711,#5712,#5713);
#5715=CYLINDRICAL_SURFACE('',#5714,3.E-1);
#5716=ORIENTED_EDGE('',*,*,#5686,.F.);
#5718=ORIENTED_EDGE('',*,*,#5717,.F.);
#5719=ORIENTED_EDGE('',*,*,#5428,.T.);
#5721=ORIENTED_EDGE('',*,*,#5720,.T.);
#5722=EDGE_LOOP('',(#5716,#5718,#5719,#5721));
#5723=FACE_OUTER_BOUND('',#5722,.F.);
#5725=CARTESIAN_POINT('',(-1.007497592128E2,1.438441448379E2,
-4.181411948678E1));
#5726=CARTESIAN_POINT('',(-1.007572412665E2,1.439498640455E2,
-4.165993926693E1));
#5727=CARTESIAN_POINT('',(-1.006249460055E2,1.440246786627E2,
-4.155083010528E1));
#5728=CARTESIAN_POINT('',(-1.004380019201E2,1.440204474681E2,
-4.155700085245E1));
#5729=CARTESIAN_POINT('',(-1.007497592128E2,1.437444255119E2,
-4.174574334787E1));
#5730=CARTESIAN_POINT('',(-1.007572412665E2,1.437509869086E2,
-4.152357201204E1));
#5731=CARTESIAN_POINT('',(-1.006249460055E2,1.437556302311E2,
-4.136634738090E1));
#5732=CARTESIAN_POINT('',(-1.004380019201E2,1.437553676246E2,
-4.137523933308E1));
#5733=CARTESIAN_POINT('',(-1.007497592128E2,1.436271070065E2,
-4.177499413652E1));
#5734=CARTESIAN_POINT('',(-1.007572412665E2,1.435170105129E2,
-4.158190887948E1));
#5735=CARTESIAN_POINT('',(-1.006249460055E2,1.434390982092E2,
-4.144526767775E1));
#5736=CARTESIAN_POINT('',(-1.004380019201E2,1.434435045956E2,
-4.145299551926E1));
#5737=CARTESIAN_POINT('',(-1.007497592128E2,1.435711607205E2,
-4.188218207158E1));
#5738=CARTESIAN_POINT('',(-1.007572412665E2,1.434054329718E2,
-4.179568117923E1));
#5739=CARTESIAN_POINT('',(-1.006249460055E2,1.432881519371E2,
-4.173446684281E1));
#5740=CARTESIAN_POINT('',(-1.004380019201E2,1.432947848504E2,
-4.173792886367E1));
#5741=(BOUNDED_SURFACE()B_SPLINE_SURFACE(3,3,((#5725,#5726,#5727,#5728),(#5729,
#5730,#5731,#5732),(#5733,#5734,#5735,#5736),(#5737,#5738,#5739,#5740)),
.UNSPECIFIED.,.F.,.F.,.F.)B_SPLINE_SURFACE_WITH_KNOTS((4,4),(4,4),(0.E0,1.E0),(
0.E0,1.E0),.UNSPECIFIED.)GEOMETRIC_REPRESENTATION_ITEM()RATIONAL_B_SPLINE_SURFACE(((1.432830936981E0,1.125501373001E0,1.125501373001E0,1.432830936981E0),(
1.111333878144E0,8.729625899539E-1,8.729625899539E-1,1.111333878144E0),(
1.111333878144E0,8.729625899539E-1,8.729625899539E-1,1.111333878144E0),(
1.432830936981E0,1.125501373001E0,1.125501373001E0,1.432830936981E0)))REPRESENTATION_ITEM('')SURFACE());
#5742=ORIENTED_EDGE('',*,*,#5430,.T.);
#5743=ORIENTED_EDGE('',*,*,#5717,.T.);
#5745=ORIENTED_EDGE('',*,*,#5744,.F.);
#5747=ORIENTED_EDGE('',*,*,#5746,.F.);
#5748=EDGE_LOOP('',(#5742,#5743,#5745,#5747));
#5749=FACE_OUTER_BOUND('',#5748,.F.);
#5751=CARTESIAN_POINT('',(-1.841284055428E2,1.437378269592E2,
-4.196917280475E1));
#5752=DIRECTION('',(1.E0,-2.505333016260E-13,-4.172876581943E-13));
#5753=DIRECTION('',(4.867195249610E-13,5.150380749101E-1,8.571673007021E-1));
#5754=AXIS2_PLACEMENT_3D('',#5751,#5752,#5753);
#5755=CYLINDRICAL_SURFACE('',#5754,5.E-1);
#5756=ORIENTED_EDGE('',*,*,#5744,.T.);
#5757=ORIENTED_EDGE('',*,*,#5706,.T.);
#5758=ORIENTED_EDGE('',*,*,#4763,.T.);
#5760=ORIENTED_EDGE('',*,*,#5759,.F.);
#5761=EDGE_LOOP('',(#5756,#5757,#5758,#5760));
#5762=FACE_OUTER_BOUND('',#5761,.F.);
#5764=CARTESIAN_POINT('',(-1.007499992E2,1.272048113161E2,-6.851392950762E1));
#5765=DIRECTION('',(0.E0,-8.571673007021E-1,5.150380749101E-1));
#5766=DIRECTION('',(0.E0,5.150380749101E-1,8.571673007021E-1));
#5767=AXIS2_PLACEMENT_3D('',#5764,#5765,#5766);
#5768=PLANE('',#5767);
#5770=ORIENTED_EDGE('',*,*,#5769,.T.);
#5771=ORIENTED_EDGE('',*,*,#5759,.T.);
#5772=ORIENTED_EDGE('',*,*,#4776,.T.);
#5774=ORIENTED_EDGE('',*,*,#5773,.T.);
#5775=EDGE_LOOP('',(#5770,#5771,#5772,#5774));
#5776=FACE_OUTER_BOUND('',#5775,.F.);
#5778=CARTESIAN_POINT('',(-1.004499992E2,1.286024080944E2,-6.677041907289E1));
#5779=DIRECTION('',(0.E0,5.150380749101E-1,8.571673007021E-1));
#5780=DIRECTION('',(-1.E0,0.E0,0.E0));
#5781=AXIS2_PLACEMENT_3D('',#5778,#5779,#5780);
#5782=CYLINDRICAL_SURFACE('',#5781,3.E-1);
#5783=ORIENTED_EDGE('',*,*,#5432,.T.);
#5784=ORIENTED_EDGE('',*,*,#5746,.T.);
#5785=ORIENTED_EDGE('',*,*,#5769,.F.);
#5787=ORIENTED_EDGE('',*,*,#5786,.F.);
#5788=EDGE_LOOP('',(#5783,#5784,#5785,#5787));
#5789=FACE_OUTER_BOUND('',#5788,.F.);
#5791=CARTESIAN_POINT('',(-1.004499992E2,1.266388429402E2,-6.557265101045E1));
#5792=DIRECTION('',(-1.E0,0.E0,0.E0));
#5793=DIRECTION('',(0.E0,8.611059832393E-1,-5.084254966360E-1));
#5794=AXIS2_PLACEMENT_3D('',#5791,#5792,#5793);
#5795=TOROIDAL_SURFACE('',#5794,2.299999999920E0,3.E-1);
#5796=ORIENTED_EDGE('',*,*,#5434,.T.);
#5797=ORIENTED_EDGE('',*,*,#5786,.T.);
#5799=ORIENTED_EDGE('',*,*,#5798,.F.);
#5801=ORIENTED_EDGE('',*,*,#5800,.T.);
#5802=EDGE_LOOP('',(#5796,#5797,#5799,#5801));
#5803=FACE_OUTER_BOUND('',#5802,.F.);
#5805=CARTESIAN_POINT('',(-2.110421549891E1,1.266388429402E2,
-6.557265101045E1));
#5806=DIRECTION('',(-1.E0,0.E0,0.E0));
#5807=DIRECTION('',(0.E0,8.571673007021E-1,-5.150380749101E-1));
#5808=AXIS2_PLACEMENT_3D('',#5805,#5806,#5807);
#5809=CYLINDRICAL_SURFACE('',#5808,2.E0);
#5810=ORIENTED_EDGE('',*,*,#5798,.T.);
#5811=ORIENTED_EDGE('',*,*,#5773,.F.);
#5812=ORIENTED_EDGE('',*,*,#4790,.T.);
#5814=ORIENTED_EDGE('',*,*,#5813,.T.);
#5815=EDGE_LOOP('',(#5810,#5811,#5812,#5814));
#5816=FACE_OUTER_BOUND('',#5815,.F.);
#5818=CARTESIAN_POINT('',(-9.95499992E1,1.278574353691E2,-6.742778068658E1));
#5819=DIRECTION('',(0.E0,-1.322563902572E-1,9.912155402515E-1));
#5820=DIRECTION('',(0.E0,-9.912155402515E-1,-1.322563902572E-1));
#5821=AXIS2_PLACEMENT_3D('',#5818,#5819,#5820);
#5822=PLANE('',#5821);
#5823=ORIENTED_EDGE('',*,*,#5436,.F.);
#5824=ORIENTED_EDGE('',*,*,#5800,.F.);
#5825=ORIENTED_EDGE('',*,*,#5813,.F.);
#5826=ORIENTED_EDGE('',*,*,#4804,.T.);
#5828=ORIENTED_EDGE('',*,*,#5827,.T.);
#5830=ORIENTED_EDGE('',*,*,#5829,.T.);
#5832=ORIENTED_EDGE('',*,*,#5831,.F.);
#5834=ORIENTED_EDGE('',*,*,#5833,.F.);
#5835=ORIENTED_EDGE('',*,*,#5051,.F.);
#5837=ORIENTED_EDGE('',*,*,#5836,.F.);
#5838=EDGE_LOOP('',(#5823,#5824,#5825,#5826,#5828,#5830,#5832,#5834,#5835,
#5837));
#5839=FACE_OUTER_BOUND('',#5838,.F.);
#5841=CARTESIAN_POINT('',(-9.95499992E1,1.257222662552E2,-7.477672696899E1));
#5842=DIRECTION('',(1.E0,0.E0,0.E0));
#5843=DIRECTION('',(0.E0,0.E0,1.E0));
#5844=AXIS2_PLACEMENT_3D('',#5841,#5842,#5843);
#5845=CYLINDRICAL_SURFACE('',#5844,7.002E0);
#5846=ORIENTED_EDGE('',*,*,#4818,.T.);
#5847=ORIENTED_EDGE('',*,*,#4848,.T.);
#5849=ORIENTED_EDGE('',*,*,#5848,.T.);
#5850=ORIENTED_EDGE('',*,*,#5827,.F.);
#5851=EDGE_LOOP('',(#5846,#5847,#5849,#5850));
#5852=FACE_OUTER_BOUND('',#5851,.F.);
#5854=CARTESIAN_POINT('',(-1.061499992E2,1.257222662552E2,-7.477672696899E1));
#5855=DIRECTION('',(1.E0,0.E0,0.E0));
#5856=DIRECTION('',(0.E0,-5.164027923248E-1,8.563458157071E-1));
#5857=AXIS2_PLACEMENT_3D('',#5854,#5855,#5856);
#5858=TOROIDAL_SURFACE('',#5857,6.702E0,3.E-1);
#5859=ORIENTED_EDGE('',*,*,#4314,.T.);
#5861=ORIENTED_EDGE('',*,*,#5860,.T.);
#5862=ORIENTED_EDGE('',*,*,#5848,.F.);
#5864=ORIENTED_EDGE('',*,*,#5863,.F.);
#5865=EDGE_LOOP('',(#5859,#5861,#5862,#5864));
#5866=FACE_OUTER_BOUND('',#5865,.F.);
#5868=CARTESIAN_POINT('',(-1.061499992E2,1.248142322119E2,-6.813648937391E1));
#5869=DIRECTION('',(0.E0,9.912155402515E-1,1.322563902572E-1));
#5870=DIRECTION('',(-1.E0,0.E0,0.E0));
#5871=AXIS2_PLACEMENT_3D('',#5868,#5869,#5870);
#5872=CYLINDRICAL_SURFACE('',#5871,3.E-1);
#5873=ORIENTED_EDGE('',*,*,#4312,.T.);
#5875=ORIENTED_EDGE('',*,*,#5874,.T.);
#5876=ORIENTED_EDGE('',*,*,#5829,.F.);
#5877=ORIENTED_EDGE('',*,*,#5860,.F.);
#5878=EDGE_LOOP('',(#5873,#5875,#5876,#5877));
#5879=FACE_OUTER_BOUND('',#5878,.F.);
#5881=CARTESIAN_POINT('',(-1.061499992E2,1.266388429402E2,-6.557265101045E1));
#5882=DIRECTION('',(-1.E0,0.E0,0.E0));
#5883=DIRECTION('',(0.E0,1.214228595261E-1,-9.926008710376E-1));
#5884=AXIS2_PLACEMENT_3D('',#5881,#5882,#5883);
#5885=TOROIDAL_SURFACE('',#5884,2.3E0,3.E-1);
#5886=ORIENTED_EDGE('',*,*,#4310,.T.);
#5888=ORIENTED_EDGE('',*,*,#5887,.T.);
#5890=ORIENTED_EDGE('',*,*,#5889,.F.);
#5891=ORIENTED_EDGE('',*,*,#5874,.F.);
#5892=EDGE_LOOP('',(#5886,#5888,#5890,#5891));
#5893=FACE_OUTER_BOUND('',#5892,.F.);
#5895=CARTESIAN_POINT('',(-1.061499992E2,1.286024080944E2,-6.677041907289E1));
#5896=DIRECTION('',(0.E0,5.150380749101E-1,8.571673007021E-1));
#5897=DIRECTION('',(-1.E0,0.E0,0.E0));
#5898=AXIS2_PLACEMENT_3D('',#5895,#5896,#5897);
#5899=CYLINDRICAL_SURFACE('',#5898,3.E-1);
#5900=ORIENTED_EDGE('',*,*,#4308,.T.);
#5902=ORIENTED_EDGE('',*,*,#5901,.T.);
#5904=ORIENTED_EDGE('',*,*,#5903,.F.);
#5905=ORIENTED_EDGE('',*,*,#5887,.F.);
#5906=EDGE_LOOP('',(#5900,#5902,#5904,#5905));
#5907=FACE_OUTER_BOUND('',#5906,.F.);
#5909=CARTESIAN_POINT('',(-1.064497591649E2,1.438441482363E2,
-4.181412326926E1));
#5910=CARTESIAN_POINT('',(-1.064572419885E2,1.439498718064E2,
-4.165994537673E1));
#5911=CARTESIAN_POINT('',(-1.063249465830E2,1.440246896721E2,
-4.155083762667E1));
#5912=CARTESIAN_POINT('',(-1.061380019201E2,1.440204583023E2,
-4.155700828168E1));
#5913=CARTESIAN_POINT('',(-1.064497591649E2,1.437444293106E2,
-4.174574355113E1));
#5914=CARTESIAN_POINT('',(-1.064572419885E2,1.437509945455E2,
-4.152357035118E1));
#5915=CARTESIAN_POINT('',(-1.063249465830E2,1.437556405943E2,
-4.136634406165E1));
#5916=CARTESIAN_POINT('',(-1.061380019201E2,1.437553778342E2,
-4.137523608986E1));
#5917=CARTESIAN_POINT('',(-1.064497591649E2,1.436271087823E2,
-4.177499322875E1));
#5918=CARTESIAN_POINT('',(-1.064572419885E2,1.435170130305E2,
-4.158190527332E1));
#5919=CARTESIAN_POINT('',(-1.063249465830E2,1.434391010837E2,
-4.144526186721E1));
#5920=CARTESIAN_POINT('',(-1.061380019201E2,1.434435074412E2,
-4.145298981796E1));
#5921=CARTESIAN_POINT('',(-1.064497591649E2,1.435711617510E2,
-4.188218268570E1));
#5922=CARTESIAN_POINT('',(-1.064572419885E2,1.434054334857E2,
-4.179568159954E1));
#5923=CARTESIAN_POINT('',(-1.063249465830E2,1.432881518323E2,
-4.173446699390E1));
#5924=CARTESIAN_POINT('',(-1.061380019201E2,1.432947847674E2,
-4.173792902307E1));
#5925=(BOUNDED_SURFACE()B_SPLINE_SURFACE(3,3,((#5909,#5910,#5911,#5912),(#5913,
#5914,#5915,#5916),(#5917,#5918,#5919,#5920),(#5921,#5922,#5923,#5924)),
.UNSPECIFIED.,.F.,.F.,.F.)B_SPLINE_SURFACE_WITH_KNOTS((4,4),(4,4),(0.E0,1.E0),(
0.E0,1.E0),.UNSPECIFIED.)GEOMETRIC_REPRESENTATION_ITEM()RATIONAL_B_SPLINE_SURFACE(((1.432840776927E0,1.125507700285E0,1.125507700285E0,1.432840776927E0),(
1.111331987843E0,8.729600176321E-1,8.729600176321E-1,1.111331987843E0),(
1.111331987843E0,8.729600176321E-1,8.729600176321E-1,1.111331987843E0),(
1.432840776927E0,1.125507700285E0,1.125507700285E0,1.432840776927E0)))REPRESENTATION_ITEM('')SURFACE());
#5927=ORIENTED_EDGE('',*,*,#5926,.F.);
#5929=ORIENTED_EDGE('',*,*,#5928,.F.);
#5930=ORIENTED_EDGE('',*,*,#5901,.F.);
#5931=ORIENTED_EDGE('',*,*,#4306,.T.);
#5932=EDGE_LOOP('',(#5927,#5929,#5930,#5931));
#5933=FACE_OUTER_BOUND('',#5932,.F.);
#5935=CARTESIAN_POINT('',(-1.063999992E2,1.460580058270E2,-4.307161856627E1));
#5936=DIRECTION('',(-7.071067811864E-1,3.641869153383E-1,6.061088109380E-1));
#5937=DIRECTION('',(-7.071067811867E-1,-3.641869153380E-1,-6.061088109377E-1));
#5938=AXIS2_PLACEMENT_3D('',#5935,#5936,#5937);
#5939=PLANE('',#5938);
#5940=ORIENTED_EDGE('',*,*,#5926,.T.);
#5941=ORIENTED_EDGE('',*,*,#4304,.F.);
#5943=ORIENTED_EDGE('',*,*,#5942,.T.);
#5945=ORIENTED_EDGE('',*,*,#5944,.F.);
#5947=ORIENTED_EDGE('',*,*,#5946,.F.);
#5948=ORIENTED_EDGE('',*,*,#5694,.T.);
#5949=EDGE_LOOP('',(#5940,#5941,#5943,#5945,#5947,#5948));
#5950=FACE_OUTER_BOUND('',#5949,.F.);
#5952=CARTESIAN_POINT('',(-1.064499992E2,1.453728888648E2,-4.236830041494E1));
#5953=DIRECTION('',(9.396926207859E-1,2.931684830401E-1,-1.761533961989E-1));
#5954=DIRECTION('',(3.420201433256E-1,-8.054737872487E-1,4.839774784169E-1));
#5955=AXIS2_PLACEMENT_3D('',#5952,#5953,#5954);
#5956=PLANE('',#5955);
#5957=ORIENTED_EDGE('',*,*,#5942,.F.);
#5958=ORIENTED_EDGE('',*,*,#4302,.T.);
#5960=ORIENTED_EDGE('',*,*,#5959,.T.);
#5962=ORIENTED_EDGE('',*,*,#5961,.T.);
#5963=EDGE_LOOP('',(#5957,#5958,#5960,#5962));
#5964=FACE_OUTER_BOUND('',#5963,.F.);
#5966=FILL_AREA_STYLE_COLOUR('',#106);
#5967=FILL_AREA_STYLE('',(#5966));
#5968=SURFACE_STYLE_FILL_AREA(#5967);
#5969=SURFACE_SIDE_STYLE('',(#5968));
#5970=SURFACE_STYLE_USAGE(.NEGATIVE.,#5969);
#5971=PRESENTATION_STYLE_ASSIGNMENT((#5970));
#5972=OVER_RIDING_STYLED_ITEM('',(#5971),#5965,#130);
#5973=CARTESIAN_POINT('',(-1.065499992E2,1.452254838883E2,-4.426300734480E1));
#5974=DIRECTION('',(1.E0,-9.192280166688E-14,2.298070041672E-14));
#5975=DIRECTION('',(2.764543786641E-14,5.150380749101E-1,8.571673007021E-1));
#5976=AXIS2_PLACEMENT_3D('',#5973,#5974,#5975);
#5977=CONICAL_SURFACE('',#5976,5.747477419451E-1,7.E1);
#5979=ORIENTED_EDGE('',*,*,#5978,.T.);
#5980=ORIENTED_EDGE('',*,*,#5959,.F.);
#5981=ORIENTED_EDGE('',*,*,#4300,.T.);
#5983=ORIENTED_EDGE('',*,*,#5982,.F.);
#5984=EDGE_LOOP('',(#5979,#5980,#5981,#5983));
#5985=FACE_OUTER_BOUND('',#5984,.F.);
#5987=FILL_AREA_STYLE_COLOUR('',#106);
#5988=FILL_AREA_STYLE('',(#5987));
#5989=SURFACE_STYLE_FILL_AREA(#5988);
#5990=SURFACE_SIDE_STYLE('',(#5989));
#5991=SURFACE_STYLE_USAGE(.NEGATIVE.,#5990);
#5992=PRESENTATION_STYLE_ASSIGNMENT((#5991));
#5993=OVER_RIDING_STYLED_ITEM('',(#5992),#5986,#130);
#5994=CARTESIAN_POINT('',(-1.066499992E2,1.575610210006E2,-6.208041663738E1));
#5995=DIRECTION('',(1.E0,-7.544454443773E-14,0.E0));
#5996=DIRECTION('',(6.785750000225E-14,8.571673007021E-1,-5.150380749101E-1));
#5997=AXIS2_PLACEMENT_3D('',#5994,#5995,#5996);
#5998=PLANE('',#5997);
#6000=ORIENTED_EDGE('',*,*,#5999,.T.);
#6002=ORIENTED_EDGE('',*,*,#6001,.T.);
#6003=ORIENTED_EDGE('',*,*,#5944,.T.);
#6004=ORIENTED_EDGE('',*,*,#5961,.F.);
#6005=ORIENTED_EDGE('',*,*,#5978,.F.);
#6007=ORIENTED_EDGE('',*,*,#6006,.F.);
#6008=EDGE_LOOP('',(#6000,#6002,#6003,#6004,#6005,#6007));
#6009=FACE_OUTER_BOUND('',#6008,.F.);
#6011=CARTESIAN_POINT('',(-1.062999992E2,1.415454431810E2,-5.300878902377E1));
#6012=DIRECTION('',(-7.071067811865E-1,6.061088109378E-1,-3.641869153382E-1));
#6013=DIRECTION('',(7.071067811866E-1,6.061088109378E-1,-3.641869153382E-1));
#6014=AXIS2_PLACEMENT_3D('',#6011,#6012,#6013);
#6015=PLANE('',#6014);
#6017=ORIENTED_EDGE('',*,*,#6016,.F.);
#6019=ORIENTED_EDGE('',*,*,#6018,.F.);
#6021=ORIENTED_EDGE('',*,*,#6020,.T.);
#6023=ORIENTED_EDGE('',*,*,#6022,.T.);
#6024=ORIENTED_EDGE('',*,*,#5999,.F.);
#6026=ORIENTED_EDGE('',*,*,#6025,.T.);
#6027=ORIENTED_EDGE('',*,*,#4296,.T.);
#6028=EDGE_LOOP('',(#6017,#6019,#6021,#6023,#6024,#6026,#6027));
#6029=FACE_OUTER_BOUND('',#6028,.F.);
#6031=CARTESIAN_POINT('',(-6.948273822062E1,1.609161477317E2,
-8.950922229340E1));
#6032=DIRECTION('',(-6.785983445459E-1,-4.369030205598E-1,5.904405451909E-1));
#6033=DIRECTION('',(-7.071067811865E-1,6.061088109378E-1,-3.641869153382E-1));
#6034=AXIS2_PLACEMENT_3D('',#6031,#6032,#6033);
#6035=CYLINDRICAL_SURFACE('',#6034,1.E0);
#6036=ORIENTED_EDGE('',*,*,#4294,.T.);
#6038=ORIENTED_EDGE('',*,*,#6037,.F.);
#6040=ORIENTED_EDGE('',*,*,#6039,.T.);
#6041=ORIENTED_EDGE('',*,*,#6016,.T.);
#6042=EDGE_LOOP('',(#6036,#6038,#6040,#6041));
#6043=FACE_OUTER_BOUND('',#6042,.F.);
#6045=CARTESIAN_POINT('',(-1.062999992E2,1.374352161479E2,-5.887681288162E1));
#6046=DIRECTION('',(-7.071067811866E-1,1.710646128960E-1,-6.861026878061E-1));
#6047=DIRECTION('',(7.071067811865E-1,1.710646128960E-1,-6.861026878061E-1));
#6048=AXIS2_PLACEMENT_3D('',#6045,#6046,#6047);
#6049=PLANE('',#6048);
#6050=ORIENTED_EDGE('',*,*,#4292,.T.);
#6052=ORIENTED_EDGE('',*,*,#6051,.F.);
#6053=ORIENTED_EDGE('',*,*,#4607,.T.);
#6055=ORIENTED_EDGE('',*,*,#6054,.F.);
#6056=ORIENTED_EDGE('',*,*,#6037,.T.);
#6057=EDGE_LOOP('',(#6050,#6052,#6053,#6055,#6056));
#6058=FACE_OUTER_BOUND('',#6057,.F.);
#6060=CARTESIAN_POINT('',(-1.062999992E2,1.346605195507E2,-6.241576035233E1));
#6061=DIRECTION('',(-7.071067811866E-1,6.061088109378E-1,-3.641869153382E-1));
#6062=DIRECTION('',(7.071067811865E-1,6.061088109378E-1,-3.641869153382E-1));
#6063=AXIS2_PLACEMENT_3D('',#6060,#6061,#6062);
#6064=PLANE('',#6063);
#6065=ORIENTED_EDGE('',*,*,#4290,.T.);
#6067=ORIENTED_EDGE('',*,*,#6066,.T.);
#6069=ORIENTED_EDGE('',*,*,#6068,.F.);
#6070=ORIENTED_EDGE('',*,*,#6051,.T.);
#6071=EDGE_LOOP('',(#6065,#6067,#6069,#6070));
#6072=FACE_OUTER_BOUND('',#6071,.F.);
#6074=CARTESIAN_POINT('',(-1.062999992E2,1.353787019818E2,-6.733267354266E1));
#6075=DIRECTION('',(-1.E0,0.E0,0.E0));
#6076=DIRECTION('',(0.E0,0.E0,-1.E0));
#6077=AXIS2_PLACEMENT_3D('',#6074,#6075,#6076);
#6078=CONICAL_SURFACE('',#6077,3.148E0,4.5E1);
#6080=ORIENTED_EDGE('',*,*,#6079,.F.);
#6082=ORIENTED_EDGE('',*,*,#6081,.F.);
#6083=ORIENTED_EDGE('',*,*,#6066,.F.);
#6084=ORIENTED_EDGE('',*,*,#4288,.F.);
#6085=EDGE_LOOP('',(#6080,#6082,#6083,#6084));
#6086=FACE_OUTER_BOUND('',#6085,.F.);
#6088=CARTESIAN_POINT('',(-1.062999992E2,1.324958569757E2,-6.878267793413E1));
#6089=DIRECTION('',(-7.071067811866E-1,6.861026878060E-1,1.710646128962E-1));
#6090=DIRECTION('',(7.071067811865E-1,6.861026878061E-1,1.710646128962E-1));
#6091=AXIS2_PLACEMENT_3D('',#6088,#6089,#6090);
#6092=PLANE('',#6091);
#6093=ORIENTED_EDGE('',*,*,#6079,.T.);
#6094=ORIENTED_EDGE('',*,*,#4286,.T.);
#6095=ORIENTED_EDGE('',*,*,#5208,.T.);
#6097=ORIENTED_EDGE('',*,*,#6096,.F.);
#6098=EDGE_LOOP('',(#6093,#6094,#6095,#6097));
#6099=FACE_OUTER_BOUND('',#6098,.F.);
#6101=CARTESIAN_POINT('',(-1.052499992E2,1.321470556872E2,-6.676367755240E1));
#6102=DIRECTION('',(0.E0,-9.702957262759E-1,-2.419218955999E-1));
#6103=DIRECTION('',(0.E0,2.419218955999E-1,-9.702957262759E-1));
#6104=AXIS2_PLACEMENT_3D('',#6101,#6102,#6103);
#6105=PLANE('',#6104);
#6106=ORIENTED_EDGE('',*,*,#6096,.T.);
#6108=ORIENTED_EDGE('',*,*,#6107,.T.);
#6110=ORIENTED_EDGE('',*,*,#6109,.T.);
#6112=ORIENTED_EDGE('',*,*,#6111,.T.);
#6113=EDGE_LOOP('',(#6106,#6108,#6110,#6112));
#6114=FACE_OUTER_BOUND('',#6113,.F.);
#6116=CARTESIAN_POINT('',(-1.052499992E2,1.357219938631E2,-6.870954207066E1));
#6117=DIRECTION('',(1.E0,0.E0,0.E0));
#6118=DIRECTION('',(0.E0,0.E0,1.E0));
#6119=AXIS2_PLACEMENT_3D('',#6116,#6117,#6118);
#6120=CYLINDRICAL_SURFACE('',#6119,2.998000000968E0);
#6121=ORIENTED_EDGE('',*,*,#5206,.T.);
#6122=ORIENTED_EDGE('',*,*,#5193,.T.);
#6124=ORIENTED_EDGE('',*,*,#6123,.T.);
#6125=ORIENTED_EDGE('',*,*,#6107,.F.);
#6126=EDGE_LOOP('',(#6121,#6122,#6124,#6125));
#6127=FACE_OUTER_BOUND('',#6126,.F.);
#6129=CARTESIAN_POINT('',(-1.054999992E2,1.357219938631E2,-6.870954207066E1));
#6130=DIRECTION('',(1.E0,0.E0,0.E0));
#6131=DIRECTION('',(0.E0,0.E0,-1.E0));
#6132=AXIS2_PLACEMENT_3D('',#6129,#6130,#6131);
#6133=CONICAL_SURFACE('',#6132,3.248000000968E0,4.5E1);
#6134=ORIENTED_EDGE('',*,*,#5095,.T.);
#6136=ORIENTED_EDGE('',*,*,#6135,.T.);
#6137=ORIENTED_EDGE('',*,*,#6123,.F.);
#6138=ORIENTED_EDGE('',*,*,#5178,.F.);
#6139=EDGE_LOOP('',(#6134,#6136,#6137,#6138));
#6140=FACE_OUTER_BOUND('',#6139,.F.);
#6142=CARTESIAN_POINT('',(-1.054999992E2,1.323988274031E2,-6.880687012369E1));
#6143=DIRECTION('',(7.071067811866E-1,6.861026878060E-1,1.710646128962E-1));
#6144=DIRECTION('',(-7.071067811865E-1,6.861026878061E-1,1.710646128962E-1));
#6145=AXIS2_PLACEMENT_3D('',#6142,#6143,#6144);
#6146=PLANE('',#6145);
#6147=ORIENTED_EDGE('',*,*,#5093,.T.);
#6149=ORIENTED_EDGE('',*,*,#6148,.T.);
#6150=ORIENTED_EDGE('',*,*,#6109,.F.);
#6151=ORIENTED_EDGE('',*,*,#6135,.F.);
#6152=EDGE_LOOP('',(#6147,#6149,#6150,#6151));
#6153=FACE_OUTER_BOUND('',#6152,.F.);
#6155=CARTESIAN_POINT('',(-1.054999992E2,1.353787019818E2,-6.733267354266E1));
#6156=DIRECTION('',(1.E0,0.E0,0.E0));
#6157=DIRECTION('',(0.E0,0.E0,-1.E0));
#6158=AXIS2_PLACEMENT_3D('',#6155,#6156,#6157);
#6159=CONICAL_SURFACE('',#6158,3.248E0,4.5E1);
#6160=ORIENTED_EDGE('',*,*,#6148,.F.);
#6161=ORIENTED_EDGE('',*,*,#5091,.T.);
#6163=ORIENTED_EDGE('',*,*,#6162,.T.);
#6165=ORIENTED_EDGE('',*,*,#6164,.F.);
#6166=EDGE_LOOP('',(#6160,#6161,#6163,#6165));
#6167=FACE_OUTER_BOUND('',#6166,.F.);
#6169=CARTESIAN_POINT('',(-1.054999992E2,1.345748028206E2,-6.236425654484E1));
#6170=DIRECTION('',(7.071067811866E-1,6.061088109378E-1,-3.641869153382E-1));
#6171=DIRECTION('',(-7.071067811865E-1,6.061088109378E-1,-3.641869153382E-1));
#6172=AXIS2_PLACEMENT_3D('',#6169,#6170,#6171);
#6173=PLANE('',#6172);
#6175=ORIENTED_EDGE('',*,*,#6174,.F.);
#6176=ORIENTED_EDGE('',*,*,#6162,.F.);
#6177=ORIENTED_EDGE('',*,*,#5089,.T.);
#6179=ORIENTED_EDGE('',*,*,#6178,.T.);
#6180=EDGE_LOOP('',(#6175,#6176,#6177,#6179));
#6181=FACE_OUTER_BOUND('',#6180,.F.);
#6183=CARTESIAN_POINT('',(-1.052499992E2,1.362832925289E2,-6.000625318414E1));
#6184=DIRECTION('',(0.E0,-8.571673007021E-1,5.150380749101E-1));
#6185=DIRECTION('',(0.E0,-5.150380749101E-1,-8.571673007021E-1));
#6186=AXIS2_PLACEMENT_3D('',#6183,#6184,#6185);
#6187=PLANE('',#6186);
#6188=ORIENTED_EDGE('',*,*,#6068,.T.);
#6190=ORIENTED_EDGE('',*,*,#6189,.F.);
#6191=ORIENTED_EDGE('',*,*,#6174,.T.);
#6192=ORIENTED_EDGE('',*,*,#4601,.T.);
#6193=EDGE_LOOP('',(#6188,#6190,#6191,#6192));
#6194=FACE_OUTER_BOUND('',#6193,.F.);
#6196=CARTESIAN_POINT('',(-3.768060257762E1,1.353787019818E2,
-6.733267354266E1));
#6197=DIRECTION('',(-1.E0,0.E0,0.E0));
#6198=DIRECTION('',(0.E0,-9.702957262759E-1,-2.419218955999E-1));
#6199=AXIS2_PLACEMENT_3D('',#6196,#6197,#6198);
#6200=CYLINDRICAL_SURFACE('',#6199,2.998E0);
#6201=ORIENTED_EDGE('',*,*,#6081,.T.);
#6202=ORIENTED_EDGE('',*,*,#6111,.F.);
#6203=ORIENTED_EDGE('',*,*,#6164,.T.);
#6204=ORIENTED_EDGE('',*,*,#6189,.T.);
#6205=EDGE_LOOP('',(#6201,#6202,#6203,#6204));
#6206=FACE_OUTER_BOUND('',#6205,.F.);
#6208=CARTESIAN_POINT('',(-1.054999992E2,1.373708329934E2,-5.878980404201E1));
#6209=DIRECTION('',(7.071067811865E-1,1.710646128960E-1,-6.861026878061E-1));
#6210=DIRECTION('',(-7.071067811865E-1,1.710646128960E-1,-6.861026878061E-1));
#6211=AXIS2_PLACEMENT_3D('',#6208,#6209,#6210);
#6212=PLANE('',#6211);
#6213=ORIENTED_EDGE('',*,*,#4603,.T.);
#6214=ORIENTED_EDGE('',*,*,#6178,.F.);
#6215=ORIENTED_EDGE('',*,*,#5087,.T.);
#6217=ORIENTED_EDGE('',*,*,#6216,.T.);
#6219=ORIENTED_EDGE('',*,*,#6218,.F.);
#6220=EDGE_LOOP('',(#6213,#6214,#6215,#6217,#6219));
#6221=FACE_OUTER_BOUND('',#6220,.F.);
#6223=CARTESIAN_POINT('',(-7.019359497269E1,1.144162737808E2,
-2.666824927444E1));
#6224=DIRECTION('',(-6.785983445458E-1,4.369030205599E-1,-5.904405451909E-1));
#6225=DIRECTION('',(7.071067811866E-1,6.061088109378E-1,-3.641869153382E-1));
#6226=AXIS2_PLACEMENT_3D('',#6223,#6224,#6225);
#6227=CYLINDRICAL_SURFACE('',#6226,1.E0);
#6228=ORIENTED_EDGE('',*,*,#5085,.T.);
#6230=ORIENTED_EDGE('',*,*,#6229,.T.);
#6232=ORIENTED_EDGE('',*,*,#6231,.F.);
#6233=ORIENTED_EDGE('',*,*,#6216,.F.);
#6234=EDGE_LOOP('',(#6228,#6230,#6232,#6233));
#6235=FACE_OUTER_BOUND('',#6234,.F.);
#6237=CARTESIAN_POINT('',(-1.054999992E2,1.418587510365E2,-5.229319678559E1));
#6238=DIRECTION('',(7.071067811866E-1,6.061088109378E-1,-3.641869153382E-1));
#6239=DIRECTION('',(7.071067811865E-1,-6.061088109378E-1,3.641869153382E-1));
#6240=AXIS2_PLACEMENT_3D('',#6237,#6238,#6239);
#6241=PLANE('',#6240);
#6242=ORIENTED_EDGE('',*,*,#6229,.F.);
#6243=ORIENTED_EDGE('',*,*,#5083,.F.);
#6245=ORIENTED_EDGE('',*,*,#6244,.F.);
#6247=ORIENTED_EDGE('',*,*,#6246,.T.);
#6249=ORIENTED_EDGE('',*,*,#6248,.F.);
#6250=EDGE_LOOP('',(#6242,#6243,#6245,#6247,#6249));
#6251=FACE_OUTER_BOUND('',#6250,.F.);
#6253=CARTESIAN_POINT('',(-1.054999992E2,1.460145941911E2,-4.392050927176E1));
#6254=DIRECTION('',(-1.E0,0.E0,0.E0));
#6255=DIRECTION('',(0.E0,0.E0,-1.E0));
#6256=AXIS2_PLACEMENT_3D('',#6253,#6254,#6255);
#6257=CONICAL_SURFACE('',#6256,7.499999999997E-1,4.5E1);
#6259=ORIENTED_EDGE('',*,*,#6258,.T.);
#6260=ORIENTED_EDGE('',*,*,#6244,.T.);
#6261=ORIENTED_EDGE('',*,*,#5081,.F.);
#6263=ORIENTED_EDGE('',*,*,#6262,.F.);
#6264=EDGE_LOOP('',(#6259,#6260,#6261,#6263));
#6265=FACE_OUTER_BOUND('',#6264,.F.);
#6267=CARTESIAN_POINT('',(-1.892432370867E2,1.460145941911E2,
-4.392050927173E1));
#6268=DIRECTION('',(1.E0,-2.991366286263E-13,-3.880760538422E-13));
#6269=DIRECTION('',(5.653619281115E-14,8.571673007021E-1,-5.150380749101E-1));
#6270=AXIS2_PLACEMENT_3D('',#6267,#6268,#6269);
#6271=CYLINDRICAL_SURFACE('',#6270,1.E0);
#6273=ORIENTED_EDGE('',*,*,#6272,.F.);
#6275=ORIENTED_EDGE('',*,*,#6274,.F.);
#6276=ORIENTED_EDGE('',*,*,#6258,.F.);
#6277=ORIENTED_EDGE('',*,*,#5696,.T.);
#6278=EDGE_LOOP('',(#6273,#6275,#6276,#6277));
#6279=FACE_OUTER_BOUND('',#6278,.F.);
#6281=CARTESIAN_POINT('',(-1.063999992E2,1.460145941911E2,-4.392050927176E1));
#6282=DIRECTION('',(1.E0,-7.544454443773E-14,0.E0));
#6283=DIRECTION('',(0.E0,0.E0,-1.E0));
#6284=AXIS2_PLACEMENT_3D('',#6281,#6282,#6283);
#6285=CONICAL_SURFACE('',#6284,7.499999999998E-1,4.5E1);
#6286=ORIENTED_EDGE('',*,*,#6001,.F.);
#6287=ORIENTED_EDGE('',*,*,#6022,.F.);
#6288=ORIENTED_EDGE('',*,*,#6272,.T.);
#6289=ORIENTED_EDGE('',*,*,#5946,.T.);
#6290=EDGE_LOOP('',(#6286,#6287,#6288,#6289));
#6291=FACE_OUTER_BOUND('',#6290,.F.);
#6293=CARTESIAN_POINT('',(-9.69975992E1,1.519370673686E2,-3.600546270412E1));
#6294=DIRECTION('',(-5.659361868027E-14,-8.571673007021E-1,5.150380749101E-1));
#6295=DIRECTION('',(0.E0,-5.150380749101E-1,-8.571673007021E-1));
#6296=AXIS2_PLACEMENT_3D('',#6293,#6294,#6295);
#6297=PLANE('',#6296);
#6299=ORIENTED_EDGE('',*,*,#6298,.F.);
#6300=ORIENTED_EDGE('',*,*,#6246,.F.);
#6301=ORIENTED_EDGE('',*,*,#6274,.T.);
#6302=ORIENTED_EDGE('',*,*,#6020,.F.);
#6303=EDGE_LOOP('',(#6299,#6300,#6301,#6302));
#6304=FACE_OUTER_BOUND('',#6303,.F.);
#6306=CARTESIAN_POINT('',(-4.945844461010E1,1.375752922046E2,
-5.796586641320E1));
#6307=DIRECTION('',(-1.E0,7.747903112262E-14,1.936975778065E-14));
#6308=DIRECTION('',(5.643632920956E-14,8.571673007021E-1,-5.150380749101E-1));
#6309=AXIS2_PLACEMENT_3D('',#6306,#6307,#6308);
#6310=CYLINDRICAL_SURFACE('',#6309,1.E0);
#6311=ORIENTED_EDGE('',*,*,#4605,.F.);
#6312=ORIENTED_EDGE('',*,*,#6218,.T.);
#6313=ORIENTED_EDGE('',*,*,#6231,.T.);
#6314=ORIENTED_EDGE('',*,*,#6248,.T.);
#6315=ORIENTED_EDGE('',*,*,#6298,.T.);
#6316=ORIENTED_EDGE('',*,*,#6018,.T.);
#6317=ORIENTED_EDGE('',*,*,#6039,.F.);
#6318=ORIENTED_EDGE('',*,*,#6054,.T.);
#6319=EDGE_LOOP('',(#6311,#6312,#6313,#6314,#6315,#6316,#6317,#6318));
#6320=FACE_OUTER_BOUND('',#6319,.F.);
#6322=CARTESIAN_POINT('',(-1.054999992E2,1.458252017275E2,-4.293173575091E1));
#6323=DIRECTION('',(7.071067811867E-1,3.641869153381E-1,6.061088109377E-1));
#6324=DIRECTION('',(7.071067811864E-1,-3.641869153383E-1,-6.061088109380E-1));
#6325=AXIS2_PLACEMENT_3D('',#6322,#6323,#6324);
#6326=PLANE('',#6325);
#6327=ORIENTED_EDGE('',*,*,#5698,.T.);
#6328=ORIENTED_EDGE('',*,*,#6262,.T.);
#6329=ORIENTED_EDGE('',*,*,#5079,.F.);
#6331=ORIENTED_EDGE('',*,*,#6330,.T.);
#6332=EDGE_LOOP('',(#6327,#6328,#6329,#6331));
#6333=FACE_OUTER_BOUND('',#6332,.F.);
#6335=CARTESIAN_POINT('',(-1.007499992E2,1.439920335291E2,-4.860698139138E1));
#6336=DIRECTION('',(-5.318060585742E-14,-9.816271834477E-1,1.908089953765E-1));
#6337=DIRECTION('',(-1.935615757235E-14,1.908089953765E-1,9.816271834477E-1));
#6338=AXIS2_PLACEMENT_3D('',#6335,#6336,#6337);
#6339=PLANE('',#6338);
#6340=ORIENTED_EDGE('',*,*,#5410,.F.);
#6342=ORIENTED_EDGE('',*,*,#6341,.F.);
#6343=ORIENTED_EDGE('',*,*,#5700,.T.);
#6344=ORIENTED_EDGE('',*,*,#6330,.F.);
#6345=ORIENTED_EDGE('',*,*,#5077,.F.);
#6347=ORIENTED_EDGE('',*,*,#6346,.F.);
#6348=EDGE_LOOP('',(#6340,#6342,#6343,#6344,#6345,#6347));
#6349=FACE_OUTER_BOUND('',#6348,.F.);
#6351=CARTESIAN_POINT('',(-1.004999992E2,1.458252017275E2,-4.293173575092E1));
#6352=DIRECTION('',(-7.071067811864E-1,3.641869153383E-1,6.061088109380E-1));
#6353=DIRECTION('',(7.071067811867E-1,3.641869153380E-1,6.061088109377E-1));
#6354=AXIS2_PLACEMENT_3D('',#6351,#6352,#6353);
#6355=PLANE('',#6354);
#6356=ORIENTED_EDGE('',*,*,#5408,.T.);
#6358=ORIENTED_EDGE('',*,*,#6357,.T.);
#6359=ORIENTED_EDGE('',*,*,#5702,.F.);
#6360=ORIENTED_EDGE('',*,*,#6341,.T.);
#6361=EDGE_LOOP('',(#6356,#6358,#6359,#6360));
#6362=FACE_OUTER_BOUND('',#6361,.F.);
#6364=CARTESIAN_POINT('',(-1.004999992E2,1.460145941911E2,-4.392050927176E1));
#6365=DIRECTION('',(1.E0,-4.851019936113E-14,2.914786841728E-14));
#6366=DIRECTION('',(2.914786841728E-14,0.E0,-1.E0));
#6367=AXIS2_PLACEMENT_3D('',#6364,#6365,#6366);
#6368=CONICAL_SURFACE('',#6367,7.499999999997E-1,4.5E1);
#6369=ORIENTED_EDGE('',*,*,#5406,.T.);
#6371=ORIENTED_EDGE('',*,*,#6370,.T.);
#6372=ORIENTED_EDGE('',*,*,#5648,.F.);
#6373=ORIENTED_EDGE('',*,*,#6357,.F.);
#6374=EDGE_LOOP('',(#6369,#6371,#6372,#6373));
#6375=FACE_OUTER_BOUND('',#6374,.F.);
#6377=CARTESIAN_POINT('',(-1.004999992E2,1.418587510365E2,-5.229319678559E1));
#6378=DIRECTION('',(-7.071067811865E-1,6.061088109378E-1,-3.641869153382E-1));
#6379=DIRECTION('',(7.071067811866E-1,6.061088109378E-1,-3.641869153382E-1));
#6380=AXIS2_PLACEMENT_3D('',#6377,#6378,#6379);
#6381=PLANE('',#6380);
#6383=ORIENTED_EDGE('',*,*,#6382,.F.);
#6384=ORIENTED_EDGE('',*,*,#5617,.F.);
#6385=ORIENTED_EDGE('',*,*,#5634,.F.);
#6386=ORIENTED_EDGE('',*,*,#6370,.F.);
#6387=ORIENTED_EDGE('',*,*,#5404,.T.);
#6388=EDGE_LOOP('',(#6383,#6384,#6385,#6386,#6387));
#6389=FACE_OUTER_BOUND('',#6388,.F.);
#6391=CARTESIAN_POINT('',(-6.413023856223E1,1.605636497410E2,
-8.903284859932E1));
#6392=DIRECTION('',(-6.785983445459E-1,-4.369030205598E-1,5.904405451909E-1));
#6393=DIRECTION('',(-7.071067811865E-1,6.061088109378E-1,-3.641869153382E-1));
#6394=AXIS2_PLACEMENT_3D('',#6391,#6392,#6393);
#6395=CYLINDRICAL_SURFACE('',#6394,1.E0);
#6396=ORIENTED_EDGE('',*,*,#5402,.T.);
#6397=ORIENTED_EDGE('',*,*,#5601,.F.);
#6398=ORIENTED_EDGE('',*,*,#5619,.T.);
#6399=ORIENTED_EDGE('',*,*,#6382,.T.);
#6400=EDGE_LOOP('',(#6396,#6397,#6398,#6399));
#6401=FACE_OUTER_BOUND('',#6400,.F.);
#6403=CARTESIAN_POINT('',(-1.052499992E2,1.407861909849E2,-5.352032823229E1));
#6404=DIRECTION('',(0.E0,-8.571673007021E-1,5.150380749101E-1));
#6405=DIRECTION('',(0.E0,5.150380749101E-1,8.571673007021E-1));
#6406=AXIS2_PLACEMENT_3D('',#6403,#6404,#6405);
#6407=PLANE('',#6406);
#6408=ORIENTED_EDGE('',*,*,#5412,.T.);
#6409=ORIENTED_EDGE('',*,*,#6346,.T.);
#6410=ORIENTED_EDGE('',*,*,#5075,.T.);
#6412=ORIENTED_EDGE('',*,*,#6411,.F.);
#6413=EDGE_LOOP('',(#6408,#6409,#6410,#6412));
#6414=FACE_OUTER_BOUND('',#6413,.F.);
#6416=CARTESIAN_POINT('',(-1.007499992E2,1.355609533661E2,-5.742322411715E1));
#6417=DIRECTION('',(0.E0,6.293203910498E-1,-7.771459614570E-1));
#6418=DIRECTION('',(0.E0,7.771459614570E-1,6.293203910498E-1));
#6419=AXIS2_PLACEMENT_3D('',#6416,#6417,#6418);
#6420=PLANE('',#6419);
#6421=ORIENTED_EDGE('',*,*,#5073,.F.);
#6423=ORIENTED_EDGE('',*,*,#6422,.F.);
#6424=ORIENTED_EDGE('',*,*,#5414,.F.);
#6425=ORIENTED_EDGE('',*,*,#6411,.T.);
#6426=EDGE_LOOP('',(#6421,#6423,#6424,#6425));
#6427=FACE_OUTER_BOUND('',#6426,.F.);
#6429=CARTESIAN_POINT('',(-1.007499992E2,1.354707641143E2,-5.590128100827E1));
#6430=DIRECTION('',(0.E0,-5.150380749100E-1,-8.571673007021E-1));
#6431=DIRECTION('',(0.E0,8.571673007021E-1,-5.150380749100E-1));
#6432=AXIS2_PLACEMENT_3D('',#6429,#6430,#6431);
#6433=PLANE('',#6432);
#6434=ORIENTED_EDGE('',*,*,#5071,.T.);
#6436=ORIENTED_EDGE('',*,*,#6435,.F.);
#6437=ORIENTED_EDGE('',*,*,#5416,.T.);
#6438=ORIENTED_EDGE('',*,*,#6422,.T.);
#6439=EDGE_LOOP('',(#6434,#6436,#6437,#6438));
#6440=FACE_OUTER_BOUND('',#6439,.F.);
#6442=CARTESIAN_POINT('',(-9.95499992E1,1.360122574020E2,-5.482667970822E1));
#6443=DIRECTION('',(0.E0,-8.571673007021E-1,5.150380749101E-1));
#6444=DIRECTION('',(0.E0,-5.150380749101E-1,-8.571673007021E-1));
#6445=AXIS2_PLACEMENT_3D('',#6442,#6443,#6444);
#6446=PLANE('',#6445);
#6447=ORIENTED_EDGE('',*,*,#5069,.F.);
#6449=ORIENTED_EDGE('',*,*,#6448,.F.);
#6450=ORIENTED_EDGE('',*,*,#5418,.T.);
#6451=ORIENTED_EDGE('',*,*,#6435,.T.);
#6452=EDGE_LOOP('',(#6447,#6449,#6450,#6451));
#6453=FACE_OUTER_BOUND('',#6452,.F.);
#6455=CARTESIAN_POINT('',(-9.95499992E1,1.365265577824E2,-5.513570255317E1));
#6456=DIRECTION('',(0.E0,5.150380749102E-1,8.571673007020E-1));
#6457=DIRECTION('',(0.E0,-8.571673007020E-1,5.150380749102E-1));
#6458=AXIS2_PLACEMENT_3D('',#6455,#6456,#6457);
#6459=PLANE('',#6458);
#6460=ORIENTED_EDGE('',*,*,#5067,.F.);
#6462=ORIENTED_EDGE('',*,*,#6461,.T.);
#6463=ORIENTED_EDGE('',*,*,#5420,.T.);
#6464=ORIENTED_EDGE('',*,*,#6448,.T.);
#6465=EDGE_LOOP('',(#6460,#6462,#6463,#6464));
#6466=FACE_OUTER_BOUND('',#6465,.F.);
#6468=CARTESIAN_POINT('',(-1.007499992E2,1.425667414773E2,-5.020615603477E1));
#6469=DIRECTION('',(0.E0,-6.293203910498E-1,7.771459614570E-1));
#6470=DIRECTION('',(0.E0,-7.771459614570E-1,-6.293203910498E-1));
#6471=AXIS2_PLACEMENT_3D('',#6468,#6469,#6470);
#6472=PLANE('',#6471);
#6473=ORIENTED_EDGE('',*,*,#5065,.F.);
#6475=ORIENTED_EDGE('',*,*,#6474,.F.);
#6476=ORIENTED_EDGE('',*,*,#5422,.T.);
#6477=ORIENTED_EDGE('',*,*,#6461,.F.);
#6478=EDGE_LOOP('',(#6473,#6475,#6476,#6477));
#6479=FACE_OUTER_BOUND('',#6478,.F.);
#6481=CARTESIAN_POINT('',(-9.95499992E1,1.397121826698E2,-5.297785340345E1));
#6482=DIRECTION('',(5.659361868027E-14,8.571673007021E-1,-5.150380749101E-1));
#6483=DIRECTION('',(0.E0,-5.150380749101E-1,-8.571673007021E-1));
#6484=AXIS2_PLACEMENT_3D('',#6481,#6482,#6483);
#6485=PLANE('',#6484);
#6486=ORIENTED_EDGE('',*,*,#5063,.T.);
#6488=ORIENTED_EDGE('',*,*,#6487,.T.);
#6489=ORIENTED_EDGE('',*,*,#5424,.T.);
#6490=ORIENTED_EDGE('',*,*,#6474,.T.);
#6491=EDGE_LOOP('',(#6486,#6488,#6489,#6490));
#6492=FACE_OUTER_BOUND('',#6491,.F.);
#6494=CARTESIAN_POINT('',(-1.007499992E2,1.428136624175E2,-4.837865228272E1));
#6495=DIRECTION('',(-5.318060585742E-14,-9.816271834477E-1,1.908089953765E-1));
#6496=DIRECTION('',(-1.935615757235E-14,1.908089953765E-1,9.816271834477E-1));
#6497=AXIS2_PLACEMENT_3D('',#6494,#6495,#6496);
#6498=PLANE('',#6497);
#6499=ORIENTED_EDGE('',*,*,#5688,.T.);
#6500=ORIENTED_EDGE('',*,*,#5720,.F.);
#6501=ORIENTED_EDGE('',*,*,#5426,.F.);
#6502=ORIENTED_EDGE('',*,*,#6487,.F.);
#6503=ORIENTED_EDGE('',*,*,#5061,.T.);
#6505=ORIENTED_EDGE('',*,*,#6504,.F.);
#6506=EDGE_LOOP('',(#6499,#6500,#6501,#6502,#6503,#6505));
#6507=FACE_OUTER_BOUND('',#6506,.F.);
#6509=CARTESIAN_POINT('',(-1.055499992E2,1.438281611841E2,-4.179012440369E1));
#6510=DIRECTION('',(0.E0,8.571673007021E-1,-5.150380749101E-1));
#6511=DIRECTION('',(4.736951571734E-13,5.150380749101E-1,8.571673007021E-1));
#6512=AXIS2_PLACEMENT_3D('',#6509,#6510,#6511);
#6513=CYLINDRICAL_SURFACE('',#6512,3.E-1);
#6514=ORIENTED_EDGE('',*,*,#5059,.F.);
#6516=ORIENTED_EDGE('',*,*,#6515,.F.);
#6517=ORIENTED_EDGE('',*,*,#5690,.T.);
#6518=ORIENTED_EDGE('',*,*,#6504,.T.);
#6519=EDGE_LOOP('',(#6514,#6516,#6517,#6518));
#6520=FACE_OUTER_BOUND('',#6519,.F.);
#6522=CARTESIAN_POINT('',(-1.055619964799E2,1.440204474681E2,
-4.155700085245E1));
#6523=CARTESIAN_POINT('',(-1.053750523945E2,1.440246786627E2,
-4.155083010528E1));
#6524=CARTESIAN_POINT('',(-1.052427571335E2,1.439498640455E2,
-4.165993926693E1));
#6525=CARTESIAN_POINT('',(-1.052502391872E2,1.438441448379E2,
-4.181411948678E1));
#6526=CARTESIAN_POINT('',(-1.055619964799E2,1.437553676246E2,
-4.137523933308E1));
#6527=CARTESIAN_POINT('',(-1.053750523945E2,1.437556302311E2,
-4.136634738089E1));
#6528=CARTESIAN_POINT('',(-1.052427571335E2,1.437509869086E2,
-4.152357201204E1));
#6529=CARTESIAN_POINT('',(-1.052502391872E2,1.437444255119E2,
-4.174574334787E1));
#6530=CARTESIAN_POINT('',(-1.055619964799E2,1.434435045956E2,
-4.145299551926E1));
#6531=CARTESIAN_POINT('',(-1.053750523945E2,1.434390982092E2,
-4.144526767775E1));
#6532=CARTESIAN_POINT('',(-1.052427571335E2,1.435170105129E2,
-4.158190887948E1));
#6533=CARTESIAN_POINT('',(-1.052502391872E2,1.436271070065E2,
-4.177499413652E1));
#6534=CARTESIAN_POINT('',(-1.055619964799E2,1.432947848504E2,
-4.173792886366E1));
#6535=CARTESIAN_POINT('',(-1.053750523945E2,1.432881519371E2,
-4.173446684281E1));
#6536=CARTESIAN_POINT('',(-1.052427571335E2,1.434054329718E2,
-4.179568117922E1));
#6537=CARTESIAN_POINT('',(-1.052502391872E2,1.435711607205E2,
-4.188218207158E1));
#6538=(BOUNDED_SURFACE()B_SPLINE_SURFACE(3,3,((#6522,#6523,#6524,#6525),(#6526,
#6527,#6528,#6529),(#6530,#6531,#6532,#6533),(#6534,#6535,#6536,#6537)),
.UNSPECIFIED.,.F.,.F.,.F.)B_SPLINE_SURFACE_WITH_KNOTS((4,4),(4,4),(0.E0,1.E0),(
0.E0,1.E0),.UNSPECIFIED.)GEOMETRIC_REPRESENTATION_ITEM()RATIONAL_B_SPLINE_SURFACE(((1.432830936980E0,1.125501373E0,1.125501373E0,1.432830936980E0),(
1.111333878144E0,8.729625899541E-1,8.729625899541E-1,1.111333878144E0),(
1.111333878144E0,8.729625899541E-1,8.729625899541E-1,1.111333878144E0),(
1.432830936980E0,1.125501373E0,1.125501373E0,1.432830936980E0)))REPRESENTATION_ITEM('')SURFACE());
#6540=ORIENTED_EDGE('',*,*,#6539,.T.);
#6541=ORIENTED_EDGE('',*,*,#6515,.T.);
#6542=ORIENTED_EDGE('',*,*,#5057,.F.);
#6544=ORIENTED_EDGE('',*,*,#6543,.F.);
#6545=EDGE_LOOP('',(#6540,#6541,#6542,#6544));
#6546=FACE_OUTER_BOUND('',#6545,.F.);
#6548=CARTESIAN_POINT('',(-1.884438703505E2,1.437378269592E2,
-4.196917280474E1));
#6549=DIRECTION('',(1.E0,-2.506052603533E-13,-4.172310983541E-13));
#6550=DIRECTION('',(4.867081051998E-13,5.150380749100E-1,8.571673007021E-1));
#6551=AXIS2_PLACEMENT_3D('',#6548,#6549,#6550);
#6552=CYLINDRICAL_SURFACE('',#6551,5.E-1);
#6553=ORIENTED_EDGE('',*,*,#5928,.T.);
#6554=ORIENTED_EDGE('',*,*,#5692,.T.);
#6555=ORIENTED_EDGE('',*,*,#6539,.F.);
#6557=ORIENTED_EDGE('',*,*,#6556,.F.);
#6558=EDGE_LOOP('',(#6553,#6554,#6555,#6557));
#6559=FACE_OUTER_BOUND('',#6558,.F.);
#6561=CARTESIAN_POINT('',(-1.064499992E2,1.272048113161E2,-6.851392950762E1));
#6562=DIRECTION('',(0.E0,-8.571673007021E-1,5.150380749101E-1));
#6563=DIRECTION('',(0.E0,5.150380749101E-1,8.571673007021E-1));
#6564=AXIS2_PLACEMENT_3D('',#6561,#6562,#6563);
#6565=PLANE('',#6564);
#6566=ORIENTED_EDGE('',*,*,#5903,.T.);
#6567=ORIENTED_EDGE('',*,*,#6556,.T.);
#6569=ORIENTED_EDGE('',*,*,#6568,.F.);
#6571=ORIENTED_EDGE('',*,*,#6570,.T.);
#6572=EDGE_LOOP('',(#6566,#6567,#6569,#6571));
#6573=FACE_OUTER_BOUND('',#6572,.F.);
#6575=CARTESIAN_POINT('',(-1.055499992E2,1.286020261421E2,-6.677105474816E1));
#6576=DIRECTION('',(0.E0,5.150380749101E-1,8.571673007021E-1));
#6577=DIRECTION('',(0.E0,-8.571673007021E-1,5.150380749101E-1));
#6578=AXIS2_PLACEMENT_3D('',#6575,#6576,#6577);
#6579=CYLINDRICAL_SURFACE('',#6578,3.E-1);
#6580=ORIENTED_EDGE('',*,*,#6568,.T.);
#6581=ORIENTED_EDGE('',*,*,#6543,.T.);
#6582=ORIENTED_EDGE('',*,*,#5055,.F.);
#6584=ORIENTED_EDGE('',*,*,#6583,.F.);
#6585=EDGE_LOOP('',(#6580,#6581,#6582,#6584));
#6586=FACE_OUTER_BOUND('',#6585,.F.);
#6588=CARTESIAN_POINT('',(-1.055499992E2,1.266388429402E2,-6.557265101045E1));
#6589=DIRECTION('',(-1.E0,0.E0,0.E0));
#6590=DIRECTION('',(0.E0,8.612946233235E-1,-5.081058667582E-1));
#6591=AXIS2_PLACEMENT_3D('',#6588,#6589,#6590);
#6592=TOROIDAL_SURFACE('',#6591,2.299999999913E0,3.E-1);
#6594=ORIENTED_EDGE('',*,*,#6593,.T.);
#6595=ORIENTED_EDGE('',*,*,#6583,.T.);
#6596=ORIENTED_EDGE('',*,*,#5053,.F.);
#6597=ORIENTED_EDGE('',*,*,#5833,.T.);
#6598=EDGE_LOOP('',(#6594,#6595,#6596,#6597));
#6599=FACE_OUTER_BOUND('',#6598,.F.);
#6601=CARTESIAN_POINT('',(-2.371607769593E1,1.266388429402E2,
-6.557265101045E1));
#6602=DIRECTION('',(-1.E0,0.E0,0.E0));
#6603=DIRECTION('',(0.E0,8.571673007021E-1,-5.150380749101E-1));
#6604=AXIS2_PLACEMENT_3D('',#6601,#6602,#6603);
#6605=CYLINDRICAL_SURFACE('',#6604,2.E0);
#6606=ORIENTED_EDGE('',*,*,#5889,.T.);
#6607=ORIENTED_EDGE('',*,*,#6570,.F.);
#6608=ORIENTED_EDGE('',*,*,#6593,.F.);
#6609=ORIENTED_EDGE('',*,*,#5831,.T.);
#6610=EDGE_LOOP('',(#6606,#6607,#6608,#6609));
#6611=FACE_OUTER_BOUND('',#6610,.F.);
#6613=CARTESIAN_POINT('',(-1.064499992E2,1.447879613696E2,-4.499116709568E1));
#6614=DIRECTION('',(9.396926207859E-1,1.761533961988E-1,2.931684830402E-1));
#6615=DIRECTION('',(3.420201433256E-1,-4.839774784168E-1,-8.054737872488E-1));
#6616=AXIS2_PLACEMENT_3D('',#6613,#6614,#6615);
#6617=PLANE('',#6616);
#6618=ORIENTED_EDGE('',*,*,#6025,.F.);
#6619=ORIENTED_EDGE('',*,*,#6006,.T.);
#6620=ORIENTED_EDGE('',*,*,#5982,.T.);
#6621=ORIENTED_EDGE('',*,*,#4298,.T.);
#6622=EDGE_LOOP('',(#6618,#6619,#6620,#6621));
#6623=FACE_OUTER_BOUND('',#6622,.F.);
#6625=FILL_AREA_STYLE_COLOUR('',#106);
#6626=FILL_AREA_STYLE('',(#6625));
#6627=SURFACE_STYLE_FILL_AREA(#6626);
#6628=SURFACE_SIDE_STYLE('',(#6627));
#6629=SURFACE_STYLE_USAGE(.NEGATIVE.,#6628);
#6630=PRESENTATION_STYLE_ASSIGNMENT((#6629));
#6631=OVER_RIDING_STYLED_ITEM('',(#6630),#6624,#130);
#6632=CARTESIAN_POINT('',(-1.061499992E2,1.226912662894E2,-6.971480646315E1));
#6633=DIRECTION('',(1.E0,0.E0,0.E0));
#6634=DIRECTION('',(0.E0,-5.016946268545E-1,8.650447973286E-1));
#6635=AXIS2_PLACEMENT_3D('',#6632,#6633,#6634);
#6636=TOROIDAL_SURFACE('',#6635,8.019999999083E-1,3.E-1);
#6637=ORIENTED_EDGE('',*,*,#4316,.T.);
#6638=ORIENTED_EDGE('',*,*,#5863,.T.);
#6639=ORIENTED_EDGE('',*,*,#4846,.F.);
#6641=ORIENTED_EDGE('',*,*,#6640,.T.);
#6642=EDGE_LOOP('',(#6637,#6638,#6639,#6641));
#6643=FACE_OUTER_BOUND('',#6642,.F.);
#6645=CARTESIAN_POINT('',(-1.061499992E2,1.933757456186E2,-1.121863264685E2));
#6646=DIRECTION('',(0.E0,-8.571673007021E-1,5.150380749101E-1));
#6647=DIRECTION('',(-1.E0,0.E0,0.E0));
#6648=AXIS2_PLACEMENT_3D('',#6645,#6646,#6647);
#6649=CYLINDRICAL_SURFACE('',#6648,3.E-1);
#6650=ORIENTED_EDGE('',*,*,#4318,.T.);
#6651=ORIENTED_EDGE('',*,*,#6640,.F.);
#6652=ORIENTED_EDGE('',*,*,#4884,.F.);
#6654=ORIENTED_EDGE('',*,*,#6653,.T.);
#6655=EDGE_LOOP('',(#6650,#6651,#6652,#6654));
#6656=FACE_OUTER_BOUND('',#6655,.F.);
#6658=CARTESIAN_POINT('',(-1.065499992E2,1.237819808296E2,-7.082196929494E1));
#6659=DIRECTION('',(-7.071067811866E-1,-6.061088109378E-1,3.641869153382E-1));
#6660=DIRECTION('',(7.071067811865E-1,-6.061088109378E-1,3.641869153382E-1));
#6661=AXIS2_PLACEMENT_3D('',#6658,#6659,#6660);
#6662=PLANE('',#6661);
#6663=ORIENTED_EDGE('',*,*,#4320,.F.);
#6664=ORIENTED_EDGE('',*,*,#6653,.F.);
#6665=ORIENTED_EDGE('',*,*,#4882,.T.);
#6667=ORIENTED_EDGE('',*,*,#6666,.T.);
#6669=ORIENTED_EDGE('',*,*,#6668,.F.);
#6670=EDGE_LOOP('',(#6663,#6664,#6665,#6667,#6669));
#6671=FACE_OUTER_BOUND('',#6670,.F.);
#6673=CARTESIAN_POINT('',(-1.066499992E2,0.E0,0.E0));
#6674=DIRECTION('',(-1.E0,0.E0,0.E0));
#6675=DIRECTION('',(0.E0,-1.E0,0.E0));
#6676=AXIS2_PLACEMENT_3D('',#6673,#6674,#6675);
#6677=PLANE('',#6676);
#6679=ORIENTED_EDGE('',*,*,#6678,.F.);
#6680=ORIENTED_EDGE('',*,*,#6666,.F.);
#6681=ORIENTED_EDGE('',*,*,#4880,.F.);
#6683=ORIENTED_EDGE('',*,*,#6682,.F.);
#6684=EDGE_LOOP('',(#6679,#6680,#6681,#6683));
#6685=FACE_OUTER_BOUND('',#6684,.F.);
#6687=CARTESIAN_POINT('',(-1.065499992E2,1.252491377976E2,-6.954517247155E1));
#6688=DIRECTION('',(-7.071067811865E-1,3.641869153382E-1,6.061088109378E-1));
#6689=DIRECTION('',(7.071067811865E-1,3.641869153382E-1,6.061088109378E-1));
#6690=AXIS2_PLACEMENT_3D('',#6687,#6688,#6689);
#6691=PLANE('',#6690);
#6693=ORIENTED_EDGE('',*,*,#6692,.T.);
#6694=ORIENTED_EDGE('',*,*,#4322,.F.);
#6695=ORIENTED_EDGE('',*,*,#6668,.T.);
#6696=ORIENTED_EDGE('',*,*,#6678,.T.);
#6697=EDGE_LOOP('',(#6693,#6694,#6695,#6696));
#6698=FACE_OUTER_BOUND('',#6697,.F.);
#6700=CARTESIAN_POINT('',(-1.065499992E2,1.248101022677E2,-7.144081271188E1));
#6701=DIRECTION('',(-7.071067811866E-1,6.061088109378E-1,-3.641869153382E-1));
#6702=DIRECTION('',(7.071067811865E-1,6.061088109378E-1,-3.641869153382E-1));
#6703=AXIS2_PLACEMENT_3D('',#6700,#6701,#6702);
#6704=PLANE('',#6703);
#6705=ORIENTED_EDGE('',*,*,#6692,.F.);
#6706=ORIENTED_EDGE('',*,*,#6682,.T.);
#6707=ORIENTED_EDGE('',*,*,#4878,.T.);
#6708=ORIENTED_EDGE('',*,*,#4324,.F.);
#6709=EDGE_LOOP('',(#6705,#6706,#6707,#6708));
#6710=FACE_OUTER_BOUND('',#6709,.F.);
#6712=CARTESIAN_POINT('',(-2.857175466544E1,1.283832684156E2,
-6.685318842336E1));
#6713=DIRECTION('',(-1.E0,0.E0,0.E0));
#6714=DIRECTION('',(0.E0,8.571673007021E-1,-5.150380749101E-1));
#6715=AXIS2_PLACEMENT_3D('',#6712,#6713,#6714);
#6716=CYLINDRICAL_SURFACE('',#6715,5.E-1);
#6717=ORIENTED_EDGE('',*,*,#5049,.T.);
#6719=ORIENTED_EDGE('',*,*,#6718,.F.);
#6720=ORIENTED_EDGE('',*,*,#5438,.T.);
#6721=ORIENTED_EDGE('',*,*,#5836,.T.);
#6722=EDGE_LOOP('',(#6717,#6719,#6720,#6721));
#6723=FACE_OUTER_BOUND('',#6722,.F.);
#6725=CARTESIAN_POINT('',(-1.024349728742E2,1.436178047033E2,
-4.246946426989E1));
#6726=DIRECTION('',(0.E0,-8.571673007021E-1,5.150380749101E-1));
#6727=DIRECTION('',(1.E0,0.E0,0.E0));
#6728=AXIS2_PLACEMENT_3D('',#6725,#6726,#6727);
#6729=PLANE('',#6728);
#6730=ORIENTED_EDGE('',*,*,#6718,.T.);
#6731=ORIENTED_EDGE('',*,*,#5047,.T.);
#6733=ORIENTED_EDGE('',*,*,#6732,.F.);
#6734=ORIENTED_EDGE('',*,*,#5440,.T.);
#6735=EDGE_LOOP('',(#6730,#6731,#6733,#6734));
#6736=FACE_OUTER_BOUND('',#6735,.F.);
#6738=CARTESIAN_POINT('',(-1.022499992E2,1.346494836461E2,-6.030766303613E1));
#6739=DIRECTION('',(-3.555986387015E-14,-5.150380749101E-1,-8.571673007021E-1));
#6740=DIRECTION('',(-5.678173546792E-14,-8.571673007021E-1,5.150380749101E-1));
#6741=AXIS2_PLACEMENT_3D('',#6738,#6739,#6740);
#6742=PLANE('',#6741);
#6744=ORIENTED_EDGE('',*,*,#6743,.T.);
#6746=ORIENTED_EDGE('',*,*,#6745,.T.);
#6748=ORIENTED_EDGE('',*,*,#6747,.F.);
#6749=ORIENTED_EDGE('',*,*,#5442,.F.);
#6750=ORIENTED_EDGE('',*,*,#6732,.T.);
#6751=ORIENTED_EDGE('',*,*,#5045,.T.);
#6753=ORIENTED_EDGE('',*,*,#6752,.F.);
#6755=ORIENTED_EDGE('',*,*,#6754,.F.);
#6756=EDGE_LOOP('',(#6744,#6746,#6748,#6749,#6750,#6751,#6753,#6755));
#6757=FACE_OUTER_BOUND('',#6756,.F.);
#6759=CARTESIAN_POINT('',(-1.549515775101E2,1.342914090227E2,
-5.974252007712E1));
#6760=DIRECTION('',(1.E0,-1.833255047953E-14,-3.050864743981E-14));
#6761=DIRECTION('',(-3.559297648123E-14,-5.150380749100E-1,-8.571673007021E-1));
#6762=AXIS2_PLACEMENT_3D('',#6759,#6760,#6761);
#6763=CYLINDRICAL_SURFACE('',#6762,3.E-1);
#6764=ORIENTED_EDGE('',*,*,#6743,.F.);
#6766=ORIENTED_EDGE('',*,*,#6765,.T.);
#6768=ORIENTED_EDGE('',*,*,#6767,.T.);
#6770=ORIENTED_EDGE('',*,*,#6769,.T.);
#6771=EDGE_LOOP('',(#6764,#6766,#6768,#6770));
#6772=FACE_OUTER_BOUND('',#6771,.F.);
#6774=CARTESIAN_POINT('',(-1.0375E2,0.E0,0.E0));
#6775=DIRECTION('',(1.E0,0.E0,0.E0));
#6776=DIRECTION('',(0.E0,0.E0,1.E0));
#6777=AXIS2_PLACEMENT_3D('',#6774,#6775,#6776);
#6778=PLANE('',#6777);
#6780=ORIENTED_EDGE('',*,*,#6779,.F.);
#6782=ORIENTED_EDGE('',*,*,#6781,.F.);
#6784=ORIENTED_EDGE('',*,*,#6783,.T.);
#6786=ORIENTED_EDGE('',*,*,#6785,.T.);
#6787=ORIENTED_EDGE('',*,*,#6765,.F.);
#6788=ORIENTED_EDGE('',*,*,#6754,.T.);
#6790=ORIENTED_EDGE('',*,*,#6789,.T.);
#6792=ORIENTED_EDGE('',*,*,#6791,.T.);
#6794=ORIENTED_EDGE('',*,*,#6793,.F.);
#6796=ORIENTED_EDGE('',*,*,#6795,.T.);
#6798=ORIENTED_EDGE('',*,*,#6797,.F.);
#6800=ORIENTED_EDGE('',*,*,#6799,.F.);
#6801=EDGE_LOOP('',(#6780,#6782,#6784,#6786,#6787,#6788,#6790,#6792,#6794,#6796,
#6798,#6800));
#6802=FACE_OUTER_BOUND('',#6801,.F.);
#6804=CARTESIAN_POINT('',(-1.03E2,1.347452469888E2,-5.830376224462E1));
#6805=DIRECTION('',(0.E0,-4.847985106375E-1,8.746258652039E-1));
#6806=DIRECTION('',(0.E0,8.746258652039E-1,4.847985106375E-1));
#6807=AXIS2_PLACEMENT_3D('',#6804,#6805,#6806);
#6808=PLANE('',#6807);
#6809=ORIENTED_EDGE('',*,*,#6779,.T.);
#6811=ORIENTED_EDGE('',*,*,#6810,.F.);
#6813=ORIENTED_EDGE('',*,*,#6812,.T.);
#6815=ORIENTED_EDGE('',*,*,#6814,.T.);
#6816=EDGE_LOOP('',(#6809,#6811,#6813,#6815));
#6817=FACE_OUTER_BOUND('',#6816,.F.);
#6819=FILL_AREA_STYLE_COLOUR('',#25);
#6820=FILL_AREA_STYLE('',(#6819));
#6821=SURFACE_STYLE_FILL_AREA(#6820);
#6822=SURFACE_SIDE_STYLE('',(#6821));
#6823=SURFACE_STYLE_USAGE(.POSITIVE.,#6822);
#6824=FILL_AREA_STYLE_COLOUR('',#78);
#6825=FILL_AREA_STYLE('',(#6824));
#6826=SURFACE_STYLE_FILL_AREA(#6825);
#6827=SURFACE_SIDE_STYLE('',(#6826));
#6828=SURFACE_STYLE_USAGE(.NEGATIVE.,#6827);
#6829=PRESENTATION_STYLE_ASSIGNMENT((#6823,#6828));
#6830=OVER_RIDING_STYLED_ITEM('',(#6829),#6818,#130);
#6831=CARTESIAN_POINT('',(-1.0225E2,1.365540179815E2,-5.888542924200E1));
#6832=DIRECTION('',(0.E0,5.150380749101E-1,8.571673007021E-1));
#6833=DIRECTION('',(0.E0,-8.571673007021E-1,5.150380749101E-1));
#6834=AXIS2_PLACEMENT_3D('',#6831,#6832,#6833);
#6835=PLANE('',#6834);
#6836=ORIENTED_EDGE('',*,*,#6810,.T.);
#6837=ORIENTED_EDGE('',*,*,#6799,.T.);
#6839=ORIENTED_EDGE('',*,*,#6838,.F.);
#6841=ORIENTED_EDGE('',*,*,#6840,.F.);
#6842=EDGE_LOOP('',(#6836,#6837,#6839,#6841));
#6843=FACE_OUTER_BOUND('',#6842,.F.);
#6845=CARTESIAN_POINT('',(-5.382969044024E1,1.358679152937E2,
-5.905649385490E1));
#6846=DIRECTION('',(-1.E0,0.E0,0.E0));
#6847=DIRECTION('',(0.E0,5.150380749101E-1,8.571673007021E-1));
#6848=AXIS2_PLACEMENT_3D('',#6845,#6846,#6847);
#6849=CYLINDRICAL_SURFACE('',#6848,5.E-1);
#6850=ORIENTED_EDGE('',*,*,#6797,.T.);
#6852=ORIENTED_EDGE('',*,*,#6851,.F.);
#6854=ORIENTED_EDGE('',*,*,#6853,.T.);
#6855=ORIENTED_EDGE('',*,*,#6838,.T.);
#6856=EDGE_LOOP('',(#6850,#6852,#6854,#6855));
#6857=FACE_OUTER_BOUND('',#6856,.F.);
#6859=CARTESIAN_POINT('',(-1.0225E2,1.348028885268E2,-6.179979806439E1));
#6860=DIRECTION('',(0.E0,8.571673007021E-1,-5.150380749101E-1));
#6861=DIRECTION('',(0.E0,5.150380749101E-1,8.571673007021E-1));
#6862=AXIS2_PLACEMENT_3D('',#6859,#6860,#6861);
#6863=PLANE('',#6862);
#6864=ORIENTED_EDGE('',*,*,#6851,.T.);
#6865=ORIENTED_EDGE('',*,*,#6795,.F.);
#6867=ORIENTED_EDGE('',*,*,#6866,.F.);
#6869=ORIENTED_EDGE('',*,*,#6868,.T.);
#6870=EDGE_LOOP('',(#6864,#6865,#6867,#6869));
#6871=FACE_OUTER_BOUND('',#6870,.F.);
#6873=CARTESIAN_POINT('',(-4.897239426286E1,1.346318239139E2,
-6.111369537659E1));
#6874=DIRECTION('',(-1.E0,0.E0,0.E0));
#6875=DIRECTION('',(0.E0,8.571673007021E-1,-5.150380749101E-1));
#6876=AXIS2_PLACEMENT_3D('',#6873,#6874,#6875);
#6877=CYLINDRICAL_SURFACE('',#6876,5.E-1);
#6878=ORIENTED_EDGE('',*,*,#6793,.T.);
#6880=ORIENTED_EDGE('',*,*,#6879,.F.);
#6882=ORIENTED_EDGE('',*,*,#6881,.T.);
#6883=ORIENTED_EDGE('',*,*,#6866,.T.);
#6884=EDGE_LOOP('',(#6878,#6880,#6882,#6883));
#6885=FACE_OUTER_BOUND('',#6884,.F.);
#6887=CARTESIAN_POINT('',(-1.0225E2,1.337742877660E2,-6.118175237450E1));
#6888=DIRECTION('',(0.E0,-5.150380749101E-1,-8.571673007021E-1));
#6889=DIRECTION('',(0.E0,8.571673007021E-1,-5.150380749101E-1));
#6890=AXIS2_PLACEMENT_3D('',#6887,#6888,#6889);
#6891=PLANE('',#6890);
#6892=ORIENTED_EDGE('',*,*,#6879,.T.);
#6893=ORIENTED_EDGE('',*,*,#6791,.F.);
#6895=ORIENTED_EDGE('',*,*,#6894,.T.);
#6897=ORIENTED_EDGE('',*,*,#6896,.T.);
#6898=EDGE_LOOP('',(#6892,#6893,#6895,#6897));
#6899=FACE_OUTER_BOUND('',#6898,.F.);
#6901=CARTESIAN_POINT('',(-1.024349728742E2,1.446464054641E2,
-4.308750995979E1));
#6902=DIRECTION('',(0.E0,-8.571673007021E-1,5.150380749101E-1));
#6903=DIRECTION('',(1.E0,0.E0,0.E0));
#6904=AXIS2_PLACEMENT_3D('',#6901,#6902,#6903);
#6905=PLANE('',#6904);
#6907=ORIENTED_EDGE('',*,*,#6906,.F.);
#6908=ORIENTED_EDGE('',*,*,#5444,.T.);
#6909=ORIENTED_EDGE('',*,*,#6747,.T.);
#6911=ORIENTED_EDGE('',*,*,#6910,.T.);
#6912=ORIENTED_EDGE('',*,*,#6894,.F.);
#6913=ORIENTED_EDGE('',*,*,#6789,.F.);
#6914=ORIENTED_EDGE('',*,*,#6752,.T.);
#6915=ORIENTED_EDGE('',*,*,#5043,.T.);
#6916=EDGE_LOOP('',(#6907,#6908,#6909,#6911,#6912,#6913,#6914,#6915));
#6917=FACE_OUTER_BOUND('',#6916,.F.);
#6919=CARTESIAN_POINT('',(-2.745139154784E1,1.282004795513E2,
-6.657491897194E1));
#6920=DIRECTION('',(-1.E0,0.E0,0.E0));
#6921=DIRECTION('',(0.E0,8.571673007021E-1,-5.150380749101E-1));
#6922=AXIS2_PLACEMENT_3D('',#6919,#6920,#6921);
#6923=CYLINDRICAL_SURFACE('',#6922,2.E0);
#6925=ORIENTED_EDGE('',*,*,#6924,.F.);
#6926=ORIENTED_EDGE('',*,*,#5446,.T.);
#6927=ORIENTED_EDGE('',*,*,#6906,.T.);
#6928=ORIENTED_EDGE('',*,*,#5041,.T.);
#6929=EDGE_LOOP('',(#6925,#6926,#6927,#6928));
#6930=FACE_OUTER_BOUND('',#6929,.F.);
#6932=CARTESIAN_POINT('',(-1.007499992E2,1.294190719801E2,-6.843004864808E1));
#6933=DIRECTION('',(0.E0,-1.322563902572E-1,9.912155402515E-1));
#6934=DIRECTION('',(0.E0,-9.912155402515E-1,-1.322563902572E-1));
#6935=AXIS2_PLACEMENT_3D('',#6932,#6933,#6934);
#6936=PLANE('',#6935);
#6937=ORIENTED_EDGE('',*,*,#6924,.T.);
#6938=ORIENTED_EDGE('',*,*,#5039,.T.);
#6940=ORIENTED_EDGE('',*,*,#6939,.F.);
#6941=ORIENTED_EDGE('',*,*,#5448,.T.);
#6942=EDGE_LOOP('',(#6937,#6938,#6940,#6941));
#6943=FACE_OUTER_BOUND('',#6942,.F.);
#6945=CARTESIAN_POINT('',(-1.007499992E2,1.257222662552E2,-7.477672696899E1));
#6946=DIRECTION('',(1.E0,0.E0,0.E0));
#6947=DIRECTION('',(0.E0,1.E0,0.E0));
#6948=AXIS2_PLACEMENT_3D('',#6945,#6946,#6947);
#6949=CYLINDRICAL_SURFACE('',#6948,5.802E0);
#6950=ORIENTED_EDGE('',*,*,#4871,.T.);
#6951=ORIENTED_EDGE('',*,*,#5450,.F.);
#6952=ORIENTED_EDGE('',*,*,#6939,.T.);
#6953=ORIENTED_EDGE('',*,*,#5037,.T.);
#6954=EDGE_LOOP('',(#6950,#6951,#6952,#6953));
#6955=FACE_OUTER_BOUND('',#6954,.F.);
#6957=CARTESIAN_POINT('',(-1.0225E2,0.E0,0.E0));
#6958=DIRECTION('',(1.E0,0.E0,0.E0));
#6959=DIRECTION('',(0.E0,0.E0,1.E0));
#6960=AXIS2_PLACEMENT_3D('',#6957,#6958,#6959);
#6961=PLANE('',#6960);
#6962=ORIENTED_EDGE('',*,*,#6812,.F.);
#6963=ORIENTED_EDGE('',*,*,#6840,.T.);
#6964=ORIENTED_EDGE('',*,*,#6853,.F.);
#6965=ORIENTED_EDGE('',*,*,#6868,.F.);
#6966=ORIENTED_EDGE('',*,*,#6881,.F.);
#6967=ORIENTED_EDGE('',*,*,#6896,.F.);
#6968=ORIENTED_EDGE('',*,*,#6910,.F.);
#6969=ORIENTED_EDGE('',*,*,#6745,.F.);
#6970=ORIENTED_EDGE('',*,*,#6769,.F.);
#6972=ORIENTED_EDGE('',*,*,#6971,.F.);
#6974=ORIENTED_EDGE('',*,*,#6973,.F.);
#6976=ORIENTED_EDGE('',*,*,#6975,.F.);
#6977=EDGE_LOOP('',(#6962,#6963,#6964,#6965,#6966,#6967,#6968,#6969,#6970,#6972,
#6974,#6976));
#6978=FACE_OUTER_BOUND('',#6977,.F.);
#6980=CARTESIAN_POINT('',(-1.0225E2,1.349090858654E2,-5.929701438910E1));
#6981=DIRECTION('',(0.E0,-8.571673007021E-1,5.150380749101E-1));
#6982=DIRECTION('',(0.E0,-5.150380749101E-1,-8.571673007021E-1));
#6983=AXIS2_PLACEMENT_3D('',#6980,#6981,#6982);
#6984=PLANE('',#6983);
#6985=ORIENTED_EDGE('',*,*,#6767,.F.);
#6986=ORIENTED_EDGE('',*,*,#6785,.F.);
#6988=ORIENTED_EDGE('',*,*,#6987,.F.);
#6989=ORIENTED_EDGE('',*,*,#6971,.T.);
#6990=EDGE_LOOP('',(#6985,#6986,#6988,#6989));
#6991=FACE_OUTER_BOUND('',#6990,.F.);
#6993=CARTESIAN_POINT('',(-1.0225E2,1.344787878804E2,-5.903846527550E1));
#6994=DIRECTION('',(0.E0,-5.150380749101E-1,-8.571673007021E-1));
#6995=DIRECTION('',(0.E0,8.571673007021E-1,-5.150380749101E-1));
#6996=AXIS2_PLACEMENT_3D('',#6993,#6994,#6995);
#6997=PLANE('',#6996);
#6998=ORIENTED_EDGE('',*,*,#6973,.T.);
#6999=ORIENTED_EDGE('',*,*,#6987,.T.);
#7000=ORIENTED_EDGE('',*,*,#6783,.F.);
#7002=ORIENTED_EDGE('',*,*,#7001,.F.);
#7003=EDGE_LOOP('',(#6998,#6999,#7000,#7002));
#7004=FACE_OUTER_BOUND('',#7003,.F.);
#7006=FILL_AREA_STYLE_COLOUR('',#25);
#7007=FILL_AREA_STYLE('',(#7006));
#7008=SURFACE_STYLE_FILL_AREA(#7007);
#7009=SURFACE_SIDE_STYLE('',(#7008));
#7010=SURFACE_STYLE_USAGE(.POSITIVE.,#7009);
#7011=FILL_AREA_STYLE_COLOUR('',#78);
#7012=FILL_AREA_STYLE('',(#7011));
#7013=SURFACE_STYLE_FILL_AREA(#7012);
#7014=SURFACE_SIDE_STYLE('',(#7013));
#7015=SURFACE_STYLE_USAGE(.NEGATIVE.,#7014);
#7016=PRESENTATION_STYLE_ASSIGNMENT((#7010,#7015));
#7017=OVER_RIDING_STYLED_ITEM('',(#7016),#7005,#130);
#7018=CARTESIAN_POINT('',(-1.0225E2,1.347539666500E2,-5.780384928469E1));
#7019=DIRECTION('',(0.E0,-8.571673007021E-1,5.150380749101E-1));
#7020=DIRECTION('',(0.E0,-5.150380749101E-1,-8.571673007021E-1));
#7021=AXIS2_PLACEMENT_3D('',#7018,#7019,#7020);
#7022=PLANE('',#7021);
#7023=ORIENTED_EDGE('',*,*,#6814,.F.);
#7024=ORIENTED_EDGE('',*,*,#6975,.T.);
#7025=ORIENTED_EDGE('',*,*,#7001,.T.);
#7026=ORIENTED_EDGE('',*,*,#6781,.T.);
#7027=EDGE_LOOP('',(#7023,#7024,#7025,#7026));
#7028=FACE_OUTER_BOUND('',#7027,.F.);
#7030=FILL_AREA_STYLE_COLOUR('',#25);
#7031=FILL_AREA_STYLE('',(#7030));
#7032=SURFACE_STYLE_FILL_AREA(#7031);
#7033=SURFACE_SIDE_STYLE('',(#7032));
#7034=SURFACE_STYLE_USAGE(.POSITIVE.,#7033);
#7035=FILL_AREA_STYLE_COLOUR('',#78);
#7036=FILL_AREA_STYLE('',(#7035));
#7037=SURFACE_STYLE_FILL_AREA(#7036);
#7038=SURFACE_SIDE_STYLE('',(#7037));
#7039=SURFACE_STYLE_USAGE(.NEGATIVE.,#7038);
#7040=PRESENTATION_STYLE_ASSIGNMENT((#7034,#7039));
#7041=OVER_RIDING_STYLED_ITEM('',(#7040),#7029,#130);
#7042=CARTESIAN_POINT('',(-1.978429084089E1,1.263412089923E2,
-7.200413487868E1));
#7043=DIRECTION('',(-1.E0,0.E0,0.E0));
#7044=DIRECTION('',(0.E0,9.697229247478E-1,2.442077992582E-1));
#7045=AXIS2_PLACEMENT_3D('',#7042,#7043,#7044);
#7046=CYLINDRICAL_SURFACE('',#7045,1.5E-1);
#7047=ORIENTED_EDGE('',*,*,#5455,.T.);
#7048=ORIENTED_EDGE('',*,*,#4991,.F.);
#7049=ORIENTED_EDGE('',*,*,#4458,.T.);
#7051=ORIENTED_EDGE('',*,*,#7050,.T.);
#7052=EDGE_LOOP('',(#7047,#7048,#7049,#7051));
#7053=FACE_OUTER_BOUND('',#7052,.F.);
#7055=CARTESIAN_POINT('',(-9.95499992E1,1.279897379643E2,-7.158898161994E1));
#7056=DIRECTION('',(-1.E0,0.E0,0.E0));
#7057=DIRECTION('',(0.E0,-1.E0,0.E0));
#7058=AXIS2_PLACEMENT_3D('',#7055,#7056,#7057);
#7059=CYLINDRICAL_SURFACE('',#7058,1.55E0);
#7060=ORIENTED_EDGE('',*,*,#7050,.F.);
#7061=ORIENTED_EDGE('',*,*,#4456,.F.);
#7063=ORIENTED_EDGE('',*,*,#7062,.F.);
#7064=ORIENTED_EDGE('',*,*,#5457,.T.);
#7065=EDGE_LOOP('',(#7060,#7061,#7063,#7064));
#7066=FACE_OUTER_BOUND('',#7065,.F.);
#7068=CARTESIAN_POINT('',(-1.805788226532E2,1.293190118953E2,
-7.264871310310E1));
#7069=DIRECTION('',(1.E0,0.E0,0.E0));
#7070=DIRECTION('',(0.E0,-7.819258417536E-1,6.233714606860E-1));
#7071=AXIS2_PLACEMENT_3D('',#7068,#7069,#7070);
#7072=CYLINDRICAL_SURFACE('',#7071,1.5E-1);
#7073=ORIENTED_EDGE('',*,*,#4454,.T.);
#7075=ORIENTED_EDGE('',*,*,#7074,.F.);
#7076=ORIENTED_EDGE('',*,*,#5459,.T.);
#7077=ORIENTED_EDGE('',*,*,#7062,.T.);
#7078=EDGE_LOOP('',(#7073,#7075,#7076,#7077));
#7079=FACE_OUTER_BOUND('',#7078,.F.);
#7081=CARTESIAN_POINT('',(-9.95499992E1,1.292743796149E2,-7.287346206294E1));
#7082=DIRECTION('',(0.E0,8.689827265907E-1,4.948424202582E-1));
#7083=DIRECTION('',(0.E0,-4.948424202582E-1,8.689827265907E-1));
#7084=AXIS2_PLACEMENT_3D('',#7081,#7082,#7083);
#7085=PLANE('',#7084);
#7087=ORIENTED_EDGE('',*,*,#7086,.T.);
#7088=ORIENTED_EDGE('',*,*,#5461,.F.);
#7089=ORIENTED_EDGE('',*,*,#7074,.T.);
#7090=ORIENTED_EDGE('',*,*,#4452,.F.);
#7091=EDGE_LOOP('',(#7087,#7088,#7089,#7090));
#7092=FACE_OUTER_BOUND('',#7091,.F.);
#7094=CARTESIAN_POINT('',(-9.95499992E1,1.292743796149E2,-7.287346206294E1));
#7095=DIRECTION('',(0.E0,8.689827265907E-1,4.948424202582E-1));
#7096=DIRECTION('',(0.E0,-4.948424202582E-1,8.689827265907E-1));
#7097=AXIS2_PLACEMENT_3D('',#7094,#7095,#7096);
#7098=PLANE('',#7097);
#7100=ORIENTED_EDGE('',*,*,#7099,.T.);
#7101=ORIENTED_EDGE('',*,*,#4338,.T.);
#7103=ORIENTED_EDGE('',*,*,#7102,.T.);
#7104=ORIENTED_EDGE('',*,*,#5026,.F.);
#7105=EDGE_LOOP('',(#7100,#7101,#7103,#7104));
#7106=FACE_OUTER_BOUND('',#7105,.F.);
#7108=CARTESIAN_POINT('',(-1.862895577065E1,1.293547166338E2,
-7.271141346945E1));
#7109=DIRECTION('',(-1.E0,1.868992135012E-14,-3.308621211980E-14));
#7110=DIRECTION('',(3.526742915332E-14,1.322563902685E-1,-9.912155402500E-1));
#7111=AXIS2_PLACEMENT_3D('',#7108,#7109,#7110);
#7112=CYLINDRICAL_SURFACE('',#7111,1.5E-1);
#7113=ORIENTED_EDGE('',*,*,#5463,.T.);
#7114=ORIENTED_EDGE('',*,*,#7086,.F.);
#7115=ORIENTED_EDGE('',*,*,#4450,.T.);
#7116=ORIENTED_EDGE('',*,*,#4413,.T.);
#7117=EDGE_LOOP('',(#7113,#7114,#7115,#7116));
#7118=FACE_OUTER_BOUND('',#7117,.F.);
#7120=CARTESIAN_POINT('',(-1.862895577065E1,1.293547166338E2,
-7.271141346945E1));
#7121=DIRECTION('',(-1.E0,1.868992135012E-14,-3.308621211980E-14));
#7122=DIRECTION('',(3.526742915332E-14,1.322563902685E-1,-9.912155402500E-1));
#7123=AXIS2_PLACEMENT_3D('',#7120,#7121,#7122);
#7124=CYLINDRICAL_SURFACE('',#7123,1.5E-1);
#7125=ORIENTED_EDGE('',*,*,#4340,.T.);
#7126=ORIENTED_EDGE('',*,*,#7099,.F.);
#7127=ORIENTED_EDGE('',*,*,#5024,.T.);
#7128=ORIENTED_EDGE('',*,*,#4425,.T.);
#7129=EDGE_LOOP('',(#7125,#7126,#7127,#7128));
#7130=FACE_OUTER_BOUND('',#7129,.F.);
#7132=CARTESIAN_POINT('',(-1.850261674685E2,1.293190118953E2,
-7.264871310310E1));
#7133=DIRECTION('',(1.E0,0.E0,0.E0));
#7134=DIRECTION('',(0.E0,-7.819258417536E-1,6.233714606860E-1));
#7135=AXIS2_PLACEMENT_3D('',#7132,#7133,#7134);
#7136=CYLINDRICAL_SURFACE('',#7135,1.5E-1);
#7137=ORIENTED_EDGE('',*,*,#5028,.T.);
#7138=ORIENTED_EDGE('',*,*,#7102,.F.);
#7139=ORIENTED_EDGE('',*,*,#4336,.T.);
#7141=ORIENTED_EDGE('',*,*,#7140,.T.);
#7142=EDGE_LOOP('',(#7137,#7138,#7139,#7141));
#7143=FACE_OUTER_BOUND('',#7142,.F.);
#7145=CARTESIAN_POINT('',(-1.064499992E2,1.279897379643E2,-7.158898161994E1));
#7146=DIRECTION('',(-1.E0,0.E0,0.E0));
#7147=DIRECTION('',(0.E0,-1.E0,0.E0));
#7148=AXIS2_PLACEMENT_3D('',#7145,#7146,#7147);
#7149=CYLINDRICAL_SURFACE('',#7148,1.55E0);
#7150=ORIENTED_EDGE('',*,*,#5009,.F.);
#7151=ORIENTED_EDGE('',*,*,#5030,.F.);
#7152=ORIENTED_EDGE('',*,*,#7140,.F.);
#7153=ORIENTED_EDGE('',*,*,#4334,.T.);
#7154=EDGE_LOOP('',(#7150,#7151,#7152,#7153));
#7155=FACE_OUTER_BOUND('',#7154,.F.);
#7157=CARTESIAN_POINT('',(0.E0,1.331514891320E2,-7.134728289405E1));
#7158=DIRECTION('',(1.E0,0.E0,0.E0));
#7159=DIRECTION('',(0.E0,1.E0,0.E0));
#7160=AXIS2_PLACEMENT_3D('',#7157,#7158,#7159);
#7161=CYLINDRICAL_SURFACE('',#7160,1.E0);
#7162=ORIENTED_EDGE('',*,*,#5021,.T.);
#7163=ORIENTED_EDGE('',*,*,#5114,.T.);
#7164=ORIENTED_EDGE('',*,*,#4391,.F.);
#7165=ORIENTED_EDGE('',*,*,#4429,.T.);
#7166=EDGE_LOOP('',(#7162,#7163,#7164,#7165));
#7167=FACE_OUTER_BOUND('',#7166,.F.);
#7169=CARTESIAN_POINT('',(-1.872308997129E2,1.262823681370E2,
-7.204755315184E1));
#7170=DIRECTION('',(1.E0,0.E0,0.E0));
#7171=DIRECTION('',(0.E0,-5.150380749101E-1,-8.571673007021E-1));
#7172=AXIS2_PLACEMENT_3D('',#7169,#7170,#7171);
#7173=CYLINDRICAL_SURFACE('',#7172,1.5E-1);
#7174=ORIENTED_EDGE('',*,*,#5034,.T.);
#7175=ORIENTED_EDGE('',*,*,#4979,.F.);
#7176=ORIENTED_EDGE('',*,*,#4328,.T.);
#7177=ORIENTED_EDGE('',*,*,#4875,.T.);
#7178=EDGE_LOOP('',(#7174,#7175,#7176,#7177));
#7179=FACE_OUTER_BOUND('',#7178,.F.);
#7183=FILL_AREA_STYLE_COLOUR('',#78);
#7184=FILL_AREA_STYLE('',(#7183));
#7185=SURFACE_STYLE_FILL_AREA(#7184);
#7186=SURFACE_SIDE_STYLE('',(#7185));
#7187=SURFACE_STYLE_USAGE(.BOTH.,#7186);
#7188=PRESENTATION_STYLE_ASSIGNMENT((#7187));
#130=STYLED_ITEM('',(#7188),#7182);
#7189=PRESENTATION_LAYER_ASSIGNMENT('9_ALL_SOLID_GEOM','',(#130));
#7192=PLANE_ANGLE_MEASURE_WITH_UNIT(PLANE_ANGLE_MEASURE(1.745329251994E-2),
#7191);
#7193=(CONVERSION_BASED_UNIT('DEGREE',#7192)NAMED_UNIT(*)PLANE_ANGLE_UNIT());
#7195=UNCERTAINTY_MEASURE_WITH_UNIT(LENGTH_MEASURE(1.E-3),#7190,
'distance_accuracy_value',
'Maximum model space distance between geometric entities at asserted connectivities');
#7198=MECHANICAL_DESIGN_GEOMETRIC_PRESENTATION_REPRESENTATION('',(#139,#147,
#154,#162,#169,#178,#185,#193,#200,#208,#215,#223,#230,#238,#246,#253,#260,#267,
#274,#282,#289,#297,#305,#313,#321,#328,#335,#342,#349,#356,#363,#370,#380,#387,
#394,#401,#408,#415,#422,#429,#437,#444,#451,#459,#466,#474,#482,#490,#497,#505,
#512,#519,#526,#533,#540,#548,#556,#563,#571,#578,#586,#593,#601,#608,#617,#624,
#631,#639,#646,#653,#661,#668,#675,#682,#689,#696,#703,#710,#717,#724,#731,#738,
#746,#753,#760,#768,#775,#782,#789,#796,#803,#810,#817,#850,#857,#864,#872,#880,
#888,#896,#904,#924,#932,#940,#947,#954,#961,#968,#975,#982,#989,#996,#1008,
#1015,#1022,#1029,#1036,#1043,#1050,#1057,#1064,#1071,#1078,#1085,#1092,#1100,
#1108,#1115,#1123,#1131,#1139,#1146,#1154,#1161,#1169,#1177,#1184,#1192,#1199,
#1207,#1214,#1221,#1228,#1235,#1242,#1249,#1256,#1264,#1271,#1280,#1287,#1295,
#1302,#1310,#1317,#1324,#1331,#1338,#1345,#1352,#1365,#1372,#1379,#1389,#1396,
#1403,#1410,#1417,#1424,#1431,#1438,#1445,#1455,#1462,#1469,#1479,#1486,#1493,
#1501,#1509,#1519,#1526,#1534,#1541,#1549,#1557,#1564,#1572,#1582,#1590,#1598,
#1605,#1612,#1619,#1626,#1636,#1643,#1650,#1657,#1665,#1672,#1679,#1687,#1694,
#1702,#1709,#1718,#1725,#1733,#1740,#1747,#1754,#1761,#1768,#1775,#1782,#1789,
#1797,#1804,#1812,#1819,#1827,#1834,#1842,#1849,#1857,#1864,#1872,#1880,#1888,
#1895,#1903,#1916,#1923,#1930,#1937,#1945,#1953,#1961,#1968,#1975,#1982,#1989,
#1996,#2004,#2012,#2019,#2026,#2033,#2040,#2047,#2054,#2061,#2069,#2076,#2089,
#2096,#2103,#2110,#2118,#2125,#2133,#2140,#2147,#2154,#2162,#2169,#2177,#2184,
#2191,#2198,#2205,#2212,#2219,#2227,#2238,#2246,#2254,#2262,#2269,#2276,#2283,
#2290,#2298,#2313,#2321,#2329,#2336,#2343,#2350,#2357,#2364,#2372,#2380,#2387,
#2395,#2403,#2411,#2419,#2427,#2460,#2467,#2474,#2481,#2488,#2495,#2502,#2509,
#2516,#2524,#2531,#2539,#2546,#2554,#2561,#2574,#2581,#2588,#2596,#2603,#2610,
#2617,#2624,#2631,#2638,#2645,#2652,#2660,#2667,#2675,#2682,#2689,#2696,#2703,
#2710,#2717,#2724,#2731,#2738,#2746,#2754,#2761,#2768,#2775,#2783,#2790,#2797,
#2805,#2812,#2820,#2828,#2835,#2842,#2849,#2856,#2863,#2876,#2883,#2890,#2897,
#2904,#2911,#2919,#2926,#2939,#2946,#2953,#2960,#2967,#2974,#2981,#2988,#2995,
#3002,#3009,#3016,#3023,#3030,#3037,#3044,#3051,#3059,#3070,#3078,#3086,#3094,
#3101,#3108,#3115,#3122,#3130,#3144,#3152,#3160,#3167,#3174,#3181,#3201,#3213,
#3220,#3227,#3234,#3241,#3248,#3255,#3262,#3269,#3276,#3283,#3290,#3297,#3304,
#3311,#3318,#3325,#3333,#3341,#3348,#3355,#3362,#3369,#3377,#3384,#3392,#3399,
#3406,#3413,#3420,#3427,#3434,#3441,#3448,#3455,#3462,#3469,#3476,#3483,#3490,
#3498,#3506,#3513,#3520,#3527,#3534,#3541,#3548,#3556,#3563,#3571,#3578,#3585,
#3592,#3599,#3606,#3613,#3620,#3627,#3634,#3641,#3648,#3655,#3662,#3669,#3676,
#3683,#3690,#3697,#3704,#4681,#4702,#4723,#5972,#5993,#6631,#6830,#7017,#7041,
#130),#7196);
#7199=APPLICATION_CONTEXT('automotive_design');
#7200=APPLICATION_PROTOCOL_DEFINITION('international standard',
'automotive_design',2001,#7199);
#7201=PRODUCT_DEFINITION_CONTEXT('part definition',#7199,'design');
#7202=PRODUCT_CONTEXT('',#7199,'mechanical');
#7203=PRODUCT('CL86-610-STP-CST','CL86-610-STP-CST','NOT SPECIFIED',(#7202));
#7204=PRODUCT_DEFINITION_FORMATION('1','LAST_VERSION',#7203);
#7212=DERIVED_UNIT_ELEMENT(#7211,2.E0);
#7213=DERIVED_UNIT((#7212));
#7214=MEASURE_REPRESENTATION_ITEM('surface area measure',AREA_MEASURE(
1.098741800939E3),#7213);
#7219=DERIVED_UNIT_ELEMENT(#7218,3.E0);
#7220=DERIVED_UNIT((#7219));
#7221=MEASURE_REPRESENTATION_ITEM('volume measure',VOLUME_MEASURE(
5.737545597592E2),#7220);
#7225=CARTESIAN_POINT('centre point',(-1.029999992868E2,1.354584419140E2,
-5.825164923598E1));
#7230=DERIVED_UNIT_ELEMENT(#7229,2.E0);
#7231=DERIVED_UNIT((#7230));
#7232=MEASURE_REPRESENTATION_ITEM('surface area measure',AREA_MEASURE(
1.098741800939E3),#7231);
#7237=DERIVED_UNIT_ELEMENT(#7236,3.E0);
#7238=DERIVED_UNIT((#7237));
#7239=MEASURE_REPRESENTATION_ITEM('volume measure',VOLUME_MEASURE(
5.737545597592E2),#7238);
#7243=CARTESIAN_POINT('centre point',(-1.029999992868E2,1.354584419140E2,
-5.825164923598E1));
#7248=PRODUCT_RELATED_PRODUCT_CATEGORY('part','',(#7203));
#1=DRAUGHTING_PRE_DEFINED_COLOUR('black');
#2=COLOUR_RGB('',0.E0,0.E0,2.5E-1);
#3=COLOUR_RGB('',0.E0,0.E0,5.E-1);
#4=COLOUR_RGB('',0.E0,0.E0,7.5E-1);
#5=DRAUGHTING_PRE_DEFINED_COLOUR('blue');
#6=COLOUR_RGB('',0.E0,2.5E-1,0.E0);
#7=COLOUR_RGB('',0.E0,2.5E-1,2.5E-1);
#8=COLOUR_RGB('',0.E0,2.5E-1,5.E-1);
#9=COLOUR_RGB('',0.E0,2.5E-1,7.5E-1);
#10=COLOUR_RGB('',0.E0,2.5E-1,1.E0);
#11=COLOUR_RGB('',0.E0,5.E-1,0.E0);
#12=COLOUR_RGB('',0.E0,5.E-1,2.5E-1);
#13=COLOUR_RGB('',0.E0,5.E-1,5.E-1);
#14=COLOUR_RGB('',0.E0,5.E-1,7.5E-1);
#15=COLOUR_RGB('',0.E0,5.E-1,1.E0);
#16=COLOUR_RGB('',0.E0,7.5E-1,0.E0);
#17=COLOUR_RGB('',0.E0,7.5E-1,2.5E-1);
#18=COLOUR_RGB('',0.E0,7.5E-1,5.E-1);
#19=COLOUR_RGB('',0.E0,7.5E-1,7.5E-1);
#20=COLOUR_RGB('',0.E0,7.5E-1,1.E0);
#21=DRAUGHTING_PRE_DEFINED_COLOUR('green');
#22=COLOUR_RGB('',0.E0,1.E0,2.5E-1);
#23=COLOUR_RGB('',0.E0,1.E0,5.E-1);
#24=COLOUR_RGB('',0.E0,1.E0,7.5E-1);
#25=DRAUGHTING_PRE_DEFINED_COLOUR('cyan');
#26=COLOUR_RGB('',2.35294E-1,2.35294E-1,2.35294E-1);
#27=COLOUR_RGB('',2.5E-1,0.E0,0.E0);
#28=COLOUR_RGB('',2.5E-1,0.E0,2.5E-1);
#29=COLOUR_RGB('',2.5E-1,0.E0,5.E-1);
#30=COLOUR_RGB('',2.5E-1,0.E0,7.5E-1);
#31=COLOUR_RGB('',2.5E-1,0.E0,1.E0);
#32=COLOUR_RGB('',2.5E-1,2.5E-1,0.E0);
#33=COLOUR_RGB('',2.5E-1,2.5E-1,2.5E-1);
#34=COLOUR_RGB('',2.5E-1,2.5E-1,5.E-1);
#35=COLOUR_RGB('',2.5E-1,2.5E-1,7.5E-1);
#36=COLOUR_RGB('',2.5E-1,2.5E-1,1.E0);
#37=COLOUR_RGB('',2.5E-1,5.E-1,0.E0);
#38=COLOUR_RGB('',2.5E-1,5.E-1,2.5E-1);
#39=COLOUR_RGB('',2.5E-1,5.E-1,5.E-1);
#40=COLOUR_RGB('',2.5E-1,5.E-1,7.5E-1);
#41=COLOUR_RGB('',2.5E-1,5.E-1,1.E0);
#42=COLOUR_RGB('',2.5E-1,7.5E-1,0.E0);
#43=COLOUR_RGB('',2.5E-1,7.5E-1,2.5E-1);
#44=COLOUR_RGB('',2.5E-1,7.5E-1,5.E-1);
#45=COLOUR_RGB('',2.5E-1,7.5E-1,7.5E-1);
#46=COLOUR_RGB('',2.5E-1,7.5E-1,1.E0);
#47=COLOUR_RGB('',2.5E-1,1.E0,0.E0);
#48=COLOUR_RGB('',2.5E-1,1.E0,2.5E-1);
#49=COLOUR_RGB('',2.5E-1,1.E0,5.E-1);
#50=COLOUR_RGB('',2.5E-1,1.E0,7.5E-1);
#51=COLOUR_RGB('',2.5E-1,1.E0,1.E0);
#52=COLOUR_RGB('',3.33E-1,3.33E-1,3.33E-1);
#53=COLOUR_RGB('',5.E-1,0.E0,0.E0);
#54=COLOUR_RGB('',5.E-1,0.E0,2.5E-1);
#55=COLOUR_RGB('',5.E-1,0.E0,5.E-1);
#56=COLOUR_RGB('',5.E-1,0.E0,7.5E-1);
#57=COLOUR_RGB('',5.E-1,0.E0,1.E0);
#58=COLOUR_RGB('',5.E-1,2.5E-1,0.E0);
#59=COLOUR_RGB('',5.E-1,2.5E-1,2.5E-1);
#60=COLOUR_RGB('',5.E-1,2.5E-1,5.E-1);
#61=COLOUR_RGB('',5.E-1,2.5E-1,7.5E-1);
#62=COLOUR_RGB('',5.E-1,2.5E-1,1.E0);
#63=COLOUR_RGB('',5.E-1,5.E-1,0.E0);
#64=COLOUR_RGB('',5.E-1,5.E-1,2.5E-1);
#65=COLOUR_RGB('',5.E-1,5.E-1,5.E-1);
#66=COLOUR_RGB('',5.E-1,5.E-1,7.5E-1);
#67=COLOUR_RGB('',5.E-1,5.E-1,1.E0);
#68=COLOUR_RGB('',5.E-1,7.5E-1,0.E0);
#69=COLOUR_RGB('',5.E-1,7.5E-1,2.5E-1);
#70=COLOUR_RGB('',5.E-1,7.5E-1,5.E-1);
#71=COLOUR_RGB('',5.E-1,7.5E-1,7.5E-1);
#72=COLOUR_RGB('',5.E-1,7.5E-1,1.E0);
#73=COLOUR_RGB('',5.E-1,1.E0,0.E0);
#74=COLOUR_RGB('',5.E-1,1.E0,2.5E-1);
#75=COLOUR_RGB('',5.E-1,1.E0,5.E-1);
#76=COLOUR_RGB('',5.E-1,1.E0,7.5E-1);
#77=COLOUR_RGB('',5.E-1,1.E0,1.E0);
#78=COLOUR_RGB('',6.549019813538E-1,3.882353305817E-1,5.450980663300E-1);
#79=COLOUR_RGB('',6.952E-1,7.426E-1,7.9E-1);
#80=COLOUR_RGB('',7.5E-1,0.E0,0.E0);
#81=COLOUR_RGB('',7.5E-1,0.E0,2.5E-1);
#82=COLOUR_RGB('',7.5E-1,0.E0,5.E-1);
#83=COLOUR_RGB('',7.5E-1,0.E0,7.5E-1);
#84=COLOUR_RGB('',7.5E-1,0.E0,1.E0);
#85=COLOUR_RGB('',7.5E-1,2.5E-1,0.E0);
#86=COLOUR_RGB('',7.5E-1,2.5E-1,2.5E-1);
#87=COLOUR_RGB('',7.5E-1,2.5E-1,5.E-1);
#88=COLOUR_RGB('',7.5E-1,2.5E-1,7.5E-1);
#89=COLOUR_RGB('',7.5E-1,2.5E-1,1.E0);
#90=COLOUR_RGB('',7.5E-1,5.E-1,0.E0);
#91=COLOUR_RGB('',7.5E-1,5.E-1,2.5E-1);
#92=COLOUR_RGB('',7.5E-1,5.E-1,5.E-1);
#93=COLOUR_RGB('',7.5E-1,5.E-1,7.5E-1);
#94=COLOUR_RGB('',7.5E-1,5.E-1,1.E0);
#95=COLOUR_RGB('',7.5E-1,7.5E-1,0.E0);
#96=COLOUR_RGB('',7.5E-1,7.5E-1,2.5E-1);
#97=COLOUR_RGB('',7.5E-1,7.5E-1,5.E-1);
#98=COLOUR_RGB('',7.5E-1,7.5E-1,7.5E-1);
#99=COLOUR_RGB('',7.5E-1,7.5E-1,1.E0);
#100=COLOUR_RGB('',7.5E-1,1.E0,0.E0);
#101=COLOUR_RGB('',7.5E-1,1.E0,2.5E-1);
#102=COLOUR_RGB('',7.5E-1,1.E0,5.E-1);
#103=COLOUR_RGB('',7.5E-1,1.E0,7.5E-1);
#104=COLOUR_RGB('',7.5E-1,1.E0,1.E0);
#105=COLOUR_RGB('',8.784E-1,9.49E-1,1.E0);
#106=DRAUGHTING_PRE_DEFINED_COLOUR('red');
#107=COLOUR_RGB('',1.E0,0.E0,2.5E-1);
#108=COLOUR_RGB('',1.E0,0.E0,5.E-1);
#109=COLOUR_RGB('',1.E0,0.E0,7.5E-1);
#110=DRAUGHTING_PRE_DEFINED_COLOUR('magenta');
#111=COLOUR_RGB('',1.E0,2.5E-1,0.E0);
#112=COLOUR_RGB('',1.E0,2.5E-1,2.5E-1);
#113=COLOUR_RGB('',1.E0,2.5E-1,5.E-1);
#114=COLOUR_RGB('',1.E0,2.5E-1,7.5E-1);
#115=COLOUR_RGB('',1.E0,5.E-1,0.E0);
#116=COLOUR_RGB('',1.E0,5.E-1,2.5E-1);
#117=COLOUR_RGB('',1.E0,5.E-1,5.E-1);
#118=COLOUR_RGB('',1.E0,5.E-1,7.5E-1);
#119=COLOUR_RGB('',1.E0,5.E-1,1.E0);
#120=COLOUR_RGB('',1.E0,7.5E-1,0.E0);
#121=COLOUR_RGB('',1.E0,7.5E-1,2.5E-1);
#122=COLOUR_RGB('',1.E0,7.5E-1,5.E-1);
#123=COLOUR_RGB('',1.E0,7.5E-1,7.5E-1);
#124=COLOUR_RGB('',1.E0,7.5E-1,1.E0);
#125=DRAUGHTING_PRE_DEFINED_COLOUR('yellow');
#126=COLOUR_RGB('',1.E0,1.E0,2.5E-1);
#127=COLOUR_RGB('',1.E0,1.E0,5.E-1);
#128=COLOUR_RGB('',1.E0,1.E0,7.5E-1);
#129=DRAUGHTING_PRE_DEFINED_COLOUR('white');
#135=CIRCLE('',#134,3.E-1);
#144=CIRCLE('',#143,3.298000000969E0);
#159=CIRCLE('',#158,3.298E0);
#175=B_SPLINE_CURVE_WITH_KNOTS('',3,(#170,#171,#172,#173,#174),.UNSPECIFIED.,
.F.,.F.,(4,1,4),(0.E0,5.E-1,1.E0),.UNSPECIFIED.);
#190=CIRCLE('',#189,8.494954838921E-1);
#205=CIRCLE('',#204,1.999999998534E-1);
#220=CIRCLE('',#219,2.3E0);
#235=CIRCLE('',#234,6.702E0);
#243=CIRCLE('',#242,8.019999999083E-1);
#279=CIRCLE('',#278,1.5E-1);
#294=CIRCLE('',#293,1.5E-1);
#302=CIRCLE('',#301,1.55E0);
#310=CIRCLE('',#309,1.5E-1);
#318=CIRCLE('',#317,1.5E-1);
#377=B_SPLINE_CURVE_WITH_KNOTS('',3,(#371,#372,#373,#374,#375,#376),
.UNSPECIFIED.,.F.,.F.,(4,1,1,4),(0.E0,2.5E-1,5.E-1,1.E0),.UNSPECIFIED.);
#434=CIRCLE('',#433,3.E-1);
#456=CIRCLE('',#455,1.5E-1);
#471=CIRCLE('',#470,1.5E-1);
#479=CIRCLE('',#478,1.55E0);
#487=CIRCLE('',#486,1.5E-1);
#502=CIRCLE('',#501,1.5E-1);
#545=CIRCLE('',#544,8.019999999083E-1);
#553=CIRCLE('',#552,6.702E0);
#568=CIRCLE('',#567,2.3E0);
#583=CIRCLE('',#582,1.999999998537E-1);
#598=CIRCLE('',#597,8.494954838897E-1);
#614=B_SPLINE_CURVE_WITH_KNOTS('',3,(#609,#610,#611,#612,#613),.UNSPECIFIED.,
.F.,.F.,(4,1,4),(0.E0,5.E-1,1.E0),.UNSPECIFIED.);
#636=CIRCLE('',#635,3.298000000969E0);
#658=CIRCLE('',#657,3.298E0);
#743=B_SPLINE_CURVE_WITH_KNOTS('',3,(#739,#740,#741,#742),.UNSPECIFIED.,.F.,.F.,
(4,4),(0.E0,1.E0),.UNSPECIFIED.);
#765=B_SPLINE_CURVE_WITH_KNOTS('',3,(#761,#762,#763,#764),.UNSPECIFIED.,.F.,.F.,
(4,4),(0.E0,1.E0),.UNSPECIFIED.);
#847=B_SPLINE_CURVE_WITH_KNOTS('',3,(#818,#819,#820,#821,#822,#823,#824,#825,
#826,#827,#828,#829,#830,#831,#832,#833,#834,#835,#836,#837,#838,#839,#840,#841,
#842,#843,#844,#845,#846),.UNSPECIFIED.,.F.,.F.,(4,1,1,1,1,1,1,1,1,1,1,1,1,1,1,
1,1,1,1,1,1,1,1,1,1,1,4),(0.E0,3.846153846154E-2,7.692307692308E-2,
1.153846153846E-1,1.538461538462E-1,1.923076923077E-1,2.307692307692E-1,
2.692307692308E-1,3.076923076923E-1,3.461538461538E-1,3.846153846154E-1,
4.230769230769E-1,4.615384615385E-1,5.E-1,5.384615384615E-1,5.769230769231E-1,
6.153846153846E-1,6.538461538462E-1,6.923076923077E-1,7.307692307692E-1,
7.692307692308E-1,8.076923076923E-1,8.461538461538E-1,8.846153846154E-1,
9.230769230769E-1,9.615384615385E-1,1.E0),.UNSPECIFIED.);
#869=CIRCLE('',#868,3.E-1);
#877=CIRCLE('',#876,3.E-1);
#885=CIRCLE('',#884,3.E-1);
#893=CIRCLE('',#892,3.E-1);
#901=CIRCLE('',#900,3.E-1);
#921=B_SPLINE_CURVE_WITH_KNOTS('',3,(#905,#906,#907,#908,#909,#910,#911,#912,
#913,#914,#915,#916,#917,#918,#919,#920),.UNSPECIFIED.,.F.,.F.,(4,1,1,1,1,1,1,1,
1,1,1,1,1,4),(0.E0,7.692307692308E-2,1.538461538462E-1,2.307692307692E-1,
3.076923076923E-1,3.846153846154E-1,4.615384615385E-1,5.384615384615E-1,
6.153846153846E-1,6.923076923077E-1,7.692307692308E-1,8.461538461538E-1,
9.230769230769E-1,1.E0),.UNSPECIFIED.);
#929=CIRCLE('',#928,1.102E0);
#937=CIRCLE('',#936,1.102E0);
#1005=B_SPLINE_CURVE_WITH_KNOTS('',3,(#997,#998,#999,#1000,#1001,#1002,#1003,
#1004),.UNSPECIFIED.,.F.,.F.,(4,1,1,1,1,4),(0.E0,1.25E-1,2.5E-1,5.E-1,7.5E-1,
1.E0),.UNSPECIFIED.);
#1097=CIRCLE('',#1096,1.E0);
#1105=CIRCLE('',#1104,1.5E-1);
#1120=CIRCLE('',#1119,1.5E-1);
#1128=CIRCLE('',#1127,1.55E0);
#1136=CIRCLE('',#1135,1.5E-1);
#1151=CIRCLE('',#1150,1.5E-1);
#1166=CIRCLE('',#1165,5.802E0);
#1174=CIRCLE('',#1173,5.E-1);
#1189=CIRCLE('',#1188,2.299999999913E0);
#1204=CIRCLE('',#1203,2.000000000001E-1);
#1261=CIRCLE('',#1260,4.999999999998E-1);
#1277=B_SPLINE_CURVE_WITH_KNOTS('',3,(#1272,#1273,#1274,#1275,#1276),
.UNSPECIFIED.,.F.,.F.,(4,1,4),(0.E0,5.E-1,1.E0),.UNSPECIFIED.);
#1292=CIRCLE('',#1291,3.498E0);
#1307=CIRCLE('',#1306,3.498000000968E0);
#1362=B_SPLINE_CURVE_WITH_KNOTS('',3,(#1353,#1354,#1355,#1356,#1357,#1358,#1359,
#1360,#1361),.UNSPECIFIED.,.F.,.F.,(4,1,1,1,1,1,4),(0.E0,2.5E-1,5.E-1,6.25E-1,
7.5E-1,8.75E-1,1.E0),.UNSPECIFIED.);
#1386=B_SPLINE_CURVE_WITH_KNOTS('',3,(#1380,#1381,#1382,#1383,#1384,#1385),
.UNSPECIFIED.,.F.,.F.,(4,1,1,4),(0.E0,3.333333333333E-1,6.666666666667E-1,1.E0),
.UNSPECIFIED.);
#1452=B_SPLINE_CURVE_WITH_KNOTS('',3,(#1446,#1447,#1448,#1449,#1450,#1451),
.UNSPECIFIED.,.F.,.F.,(4,1,1,4),(0.E0,3.333333333333E-1,6.666666666667E-1,1.E0),
.UNSPECIFIED.);
#1476=B_SPLINE_CURVE_WITH_KNOTS('',3,(#1470,#1471,#1472,#1473,#1474,#1475),
.UNSPECIFIED.,.F.,.F.,(4,1,1,4),(0.E0,3.333333333333E-1,6.666666666667E-1,1.E0),
.UNSPECIFIED.);
#1498=CIRCLE('',#1497,3.E-1);
#1506=CIRCLE('',#1505,5.E-1);
#1516=B_SPLINE_CURVE_WITH_KNOTS('',3,(#1510,#1511,#1512,#1513,#1514,#1515),
.UNSPECIFIED.,.F.,.F.,(4,1,1,4),(0.E0,3.333333333333E-1,6.666666666667E-1,1.E0),
.UNSPECIFIED.);
#1531=CIRCLE('',#1530,1.E0);
#1546=CIRCLE('',#1545,1.E0);
#1554=CIRCLE('',#1553,3.E-1);
#1569=CIRCLE('',#1568,5.E-1);
#1579=B_SPLINE_CURVE_WITH_KNOTS('',3,(#1573,#1574,#1575,#1576,#1577,#1578),
.UNSPECIFIED.,.F.,.F.,(4,1,1,4),(0.E0,3.333333333333E-1,6.666666666667E-1,1.E0),
.UNSPECIFIED.);
#1587=CIRCLE('',#1586,1.E0);
#1595=CIRCLE('',#1594,1.E0);
#1633=B_SPLINE_CURVE_WITH_KNOTS('',3,(#1627,#1628,#1629,#1630,#1631,#1632),
.UNSPECIFIED.,.F.,.F.,(4,1,1,4),(0.E0,2.5E-1,5.E-1,1.E0),.UNSPECIFIED.);
#1662=CIRCLE('',#1661,1.E0);
#1684=CIRCLE('',#1683,3.498000000968E0);
#1699=CIRCLE('',#1698,3.498E0);
#1715=B_SPLINE_CURVE_WITH_KNOTS('',3,(#1710,#1711,#1712,#1713,#1714),
.UNSPECIFIED.,.F.,.F.,(4,1,4),(0.E0,5.E-1,1.E0),.UNSPECIFIED.);
#1730=CIRCLE('',#1729,5.000000000001E-1);
#1794=CIRCLE('',#1793,1.999999999999E-1);
#1809=CIRCLE('',#1808,2.299999999920E0);
#1824=CIRCLE('',#1823,5.E-1);
#1839=CIRCLE('',#1838,5.802E0);
#1854=CIRCLE('',#1853,1.5E-1);
#1869=CIRCLE('',#1868,1.5E-1);
#1877=CIRCLE('',#1876,1.55E0);
#1885=CIRCLE('',#1884,1.5E-1);
#1900=CIRCLE('',#1899,1.5E-1);
#1913=B_SPLINE_CURVE_WITH_KNOTS('',3,(#1904,#1905,#1906,#1907,#1908,#1909,#1910,
#1911,#1912),.UNSPECIFIED.,.F.,.F.,(4,1,1,1,1,1,4),(0.E0,1.25E-1,2.5E-1,3.75E-1,
5.E-1,7.5E-1,1.E0),.UNSPECIFIED.);
#1942=CIRCLE('',#1941,2.998000000968E0);
#1950=CIRCLE('',#1949,2.998000000968E0);
#1958=B_SPLINE_CURVE_WITH_KNOTS('',3,(#1954,#1955,#1956,#1957),.UNSPECIFIED.,
.F.,.F.,(4,4),(0.E0,1.E0),.UNSPECIFIED.);
#2001=CIRCLE('',#2000,2.998E0);
#2009=CIRCLE('',#2008,2.998E0);
#2066=B_SPLINE_CURVE_WITH_KNOTS('',3,(#2062,#2063,#2064,#2065),.UNSPECIFIED.,
.F.,.F.,(4,4),(0.E0,1.E0),.UNSPECIFIED.);
#2086=B_SPLINE_CURVE_WITH_KNOTS('',3,(#2077,#2078,#2079,#2080,#2081,#2082,#2083,
#2084,#2085),.UNSPECIFIED.,.F.,.F.,(4,1,1,1,1,1,4),(0.E0,1.666666666667E-1,
3.333333333333E-1,5.E-1,6.666666666667E-1,8.333333333333E-1,1.E0),
.UNSPECIFIED.);
#2115=CIRCLE('',#2114,1.E0);
#2130=CIRCLE('',#2129,1.E0);
#2159=CIRCLE('',#2158,3.000000000018E-1);
#2174=CIRCLE('',#2173,4.999999999998E-1);
#2224=CIRCLE('',#2223,3.E-1);
#2235=B_SPLINE_CURVE_WITH_KNOTS('',3,(#2228,#2229,#2230,#2231,#2232,#2233,
#2234),.UNSPECIFIED.,.F.,.F.,(4,1,1,1,4),(0.E0,2.5E-1,5.E-1,7.5E-1,1.E0),
.UNSPECIFIED.);
#2243=CIRCLE('',#2242,3.E-1);
#2251=CIRCLE('',#2250,5.E-1);
#2259=CIRCLE('',#2258,5.E-1);
#2295=CIRCLE('',#2294,3.E-1);
#2310=B_SPLINE_CURVE_WITH_KNOTS('',3,(#2299,#2300,#2301,#2302,#2303,#2304,#2305,
#2306,#2307,#2308,#2309),.UNSPECIFIED.,.F.,.F.,(4,1,1,1,1,1,1,1,4),(0.E0,
1.25E-1,2.5E-1,3.75E-1,5.E-1,6.25E-1,7.5E-1,8.75E-1,1.E0),.UNSPECIFIED.);
#2318=CIRCLE('',#2317,2.E0);
#2326=CIRCLE('',#2325,2.E0);
#2369=CIRCLE('',#2368,7.002E0);
#2377=CIRCLE('',#2376,7.002E0);
#2392=CIRCLE('',#2391,3.E-1);
#2400=CIRCLE('',#2399,3.E-1);
#2408=CIRCLE('',#2407,3.E-1);
#2416=CIRCLE('',#2415,3.E-1);
#2424=CIRCLE('',#2423,3.E-1);
#2457=B_SPLINE_CURVE_WITH_KNOTS('',3,(#2428,#2429,#2430,#2431,#2432,#2433,#2434,
#2435,#2436,#2437,#2438,#2439,#2440,#2441,#2442,#2443,#2444,#2445,#2446,#2447,
#2448,#2449,#2450,#2451,#2452,#2453,#2454,#2455,#2456),.UNSPECIFIED.,.F.,.F.,(4,
1,1,1,1,1,1,1,1,1,1,1,1,1,1,1,1,1,1,1,1,1,1,1,1,1,4),(0.E0,3.846153846154E-2,
7.692307692308E-2,1.153846153846E-1,1.538461538462E-1,1.923076923077E-1,
2.307692307692E-1,2.692307692308E-1,3.076923076923E-1,3.461538461538E-1,
3.846153846154E-1,4.230769230769E-1,4.615384615385E-1,5.E-1,5.384615384615E-1,
5.769230769231E-1,6.153846153846E-1,6.538461538462E-1,6.923076923077E-1,
7.307692307692E-1,7.692307692308E-1,8.076923076923E-1,8.461538461538E-1,
8.846153846154E-1,9.230769230769E-1,9.615384615385E-1,1.E0),.UNSPECIFIED.);
#2521=CIRCLE('',#2520,5.000000000001E-1);
#2536=CIRCLE('',#2535,2.999999999981E-1);
#2551=B_SPLINE_CURVE_WITH_KNOTS('',3,(#2547,#2548,#2549,#2550),.UNSPECIFIED.,
.F.,.F.,(4,4),(0.E0,1.E0),.UNSPECIFIED.);
#2571=B_SPLINE_CURVE_WITH_KNOTS('',3,(#2562,#2563,#2564,#2565,#2566,#2567,#2568,
#2569,#2570),.UNSPECIFIED.,.F.,.F.,(4,1,1,1,1,1,4),(0.E0,1.666666666667E-1,
3.333333333333E-1,5.E-1,6.666666666667E-1,8.333333333333E-1,1.E0),
.UNSPECIFIED.);
#2593=B_SPLINE_CURVE_WITH_KNOTS('',3,(#2589,#2590,#2591,#2592),.UNSPECIFIED.,
.F.,.F.,(4,4),(0.E0,1.E0),.UNSPECIFIED.);
#2657=CIRCLE('',#2656,2.998000000968E0);
#2672=CIRCLE('',#2671,2.998000000968E0);
#2743=CIRCLE('',#2742,2.998E0);
#2751=CIRCLE('',#2750,2.998E0);
#2780=B_SPLINE_CURVE_WITH_KNOTS('',3,(#2776,#2777,#2778,#2779),.UNSPECIFIED.,
.F.,.F.,(4,4),(0.E0,1.E0),.UNSPECIFIED.);
#2802=B_SPLINE_CURVE_WITH_KNOTS('',3,(#2798,#2799,#2800,#2801),.UNSPECIFIED.,
.F.,.F.,(4,4),(0.E0,1.E0),.UNSPECIFIED.);
#2817=CIRCLE('',#2816,1.E0);
#2825=CIRCLE('',#2824,1.E0);
#2873=B_SPLINE_CURVE_WITH_KNOTS('',3,(#2864,#2865,#2866,#2867,#2868,#2869,#2870,
#2871,#2872),.UNSPECIFIED.,.F.,.F.,(4,1,1,1,1,1,4),(0.E0,1.666666666667E-1,
3.333333333333E-1,5.E-1,6.666666666667E-1,8.333333333333E-1,1.E0),
.UNSPECIFIED.);
#2916=B_SPLINE_CURVE_WITH_KNOTS('',3,(#2912,#2913,#2914,#2915),.UNSPECIFIED.,
.F.,.F.,(4,4),(0.E0,1.E0),.UNSPECIFIED.);
#2936=B_SPLINE_CURVE_WITH_KNOTS('',3,(#2927,#2928,#2929,#2930,#2931,#2932,#2933,
#2934,#2935),.UNSPECIFIED.,.F.,.F.,(4,1,1,1,1,1,4),(0.E0,1.666666666667E-1,
3.333333333333E-1,5.E-1,6.666666666667E-1,8.333333333333E-1,1.E0),
.UNSPECIFIED.);
#3056=CIRCLE('',#3055,3.E-1);
#3067=B_SPLINE_CURVE_WITH_KNOTS('',3,(#3060,#3061,#3062,#3063,#3064,#3065,
#3066),.UNSPECIFIED.,.F.,.F.,(4,1,1,1,4),(0.E0,2.5E-1,5.E-1,7.5E-1,1.E0),
.UNSPECIFIED.);
#3075=CIRCLE('',#3074,3.E-1);
#3083=CIRCLE('',#3082,5.E-1);
#3091=CIRCLE('',#3090,5.E-1);
#3127=CIRCLE('',#3126,3.E-1);
#3141=B_SPLINE_CURVE_WITH_KNOTS('',3,(#3131,#3132,#3133,#3134,#3135,#3136,#3137,
#3138,#3139,#3140),.UNSPECIFIED.,.F.,.F.,(4,1,1,1,1,1,1,4),(0.E0,
1.428571428571E-1,2.857142857143E-1,4.285714285714E-1,5.714285714286E-1,
7.142857142857E-1,8.571428571429E-1,1.E0),.UNSPECIFIED.);
#3149=CIRCLE('',#3148,2.E0);
#3157=CIRCLE('',#3156,2.E0);
#3198=B_SPLINE_CURVE_WITH_KNOTS('',3,(#3182,#3183,#3184,#3185,#3186,#3187,#3188,
#3189,#3190,#3191,#3192,#3193,#3194,#3195,#3196,#3197),.UNSPECIFIED.,.F.,.F.,(4,
1,1,1,1,1,1,1,1,1,1,1,1,4),(0.E0,7.692307692308E-2,1.538461538462E-1,
2.307692307692E-1,3.076923076923E-1,3.846153846154E-1,4.615384615385E-1,
5.384615384615E-1,6.153846153846E-1,6.923076923077E-1,7.692307692308E-1,
8.461538461538E-1,9.230769230769E-1,1.E0),.UNSPECIFIED.);
#3210=B_SPLINE_CURVE_WITH_KNOTS('',3,(#3202,#3203,#3204,#3205,#3206,#3207,#3208,
#3209),.UNSPECIFIED.,.F.,.F.,(4,1,1,1,1,4),(0.E0,2.5E-1,5.E-1,7.5E-1,8.75E-1,
1.E0),.UNSPECIFIED.);
#3330=CIRCLE('',#3329,3.E-1);
#3338=CIRCLE('',#3337,3.E-1);
#3374=CIRCLE('',#3373,5.E-1);
#3389=CIRCLE('',#3388,5.E-1);
#3495=CIRCLE('',#3494,2.E0);
#3503=CIRCLE('',#3502,2.E0);
#3553=CIRCLE('',#3552,5.E-1);
#3568=CIRCLE('',#3567,5.E-1);
#4280=EDGE_CURVE('',#4235,#4253,#135,.T.);
#4282=EDGE_CURVE('',#4253,#4256,#1414,.T.);
#4284=EDGE_CURVE('',#4256,#4227,#144,.T.);
#4286=EDGE_CURVE('',#4225,#4227,#151,.T.);
#4288=EDGE_CURVE('',#4225,#4120,#159,.T.);
#4290=EDGE_CURVE('',#4119,#4120,#166,.T.);
#4292=EDGE_CURVE('',#3904,#4119,#2578,.T.);
#4294=EDGE_CURVE('',#3903,#3904,#175,.T.);
#4296=EDGE_CURVE('',#3924,#3903,#182,.T.);
#4298=EDGE_CURVE('',#3960,#3924,#3178,.T.);
#4300=EDGE_CURVE('',#3959,#3960,#190,.T.);
#4302=EDGE_CURVE('',#3968,#3959,#2485,.T.);
#4304=EDGE_CURVE('',#3968,#4002,#197,.T.);
#4306=EDGE_CURVE('',#4006,#4002,#205,.T.);
#4308=EDGE_CURVE('',#4008,#4006,#212,.T.);
#4310=EDGE_CURVE('',#4012,#4008,#220,.T.);
#4312=EDGE_CURVE('',#4016,#4012,#227,.T.);
#4314=EDGE_CURVE('',#4020,#4016,#235,.T.);
#4316=EDGE_CURVE('',#4024,#4020,#243,.T.);
#4318=EDGE_CURVE('',#4028,#4024,#250,.T.);
#4320=EDGE_CURVE('',#4028,#3954,#257,.T.);
#4322=EDGE_CURVE('',#3954,#3952,#264,.T.);
#4324=EDGE_CURVE('',#3952,#3716,#271,.T.);
#4326=EDGE_CURVE('',#3792,#3716,#979,.T.);
#4328=EDGE_CURVE('',#3790,#3792,#279,.T.);
#4330=EDGE_CURVE('',#3780,#3790,#286,.T.);
#4332=EDGE_CURVE('',#3779,#3780,#294,.T.);
#4334=EDGE_CURVE('',#3808,#3779,#302,.T.);
#4336=EDGE_CURVE('',#3806,#3808,#310,.T.);
#4338=EDGE_CURVE('',#3936,#3806,#3673,.T.);
#4340=EDGE_CURVE('',#3935,#3936,#318,.T.);
#4342=EDGE_CURVE('',#3935,#4251,#325,.T.);
#4344=EDGE_CURVE('',#4250,#4251,#360,.T.);
#4346=EDGE_CURVE('',#4235,#4250,#346,.T.);
#4350=ADVANCED_FACE('',(#4349),#4279,.T.);
#4357=EDGE_CURVE('',#4234,#4235,#339,.T.);
#4359=EDGE_CURVE('',#4234,#4237,#1498,.T.);
#4361=EDGE_CURVE('',#4237,#4253,#1421,.T.);
#4365=ADVANCED_FACE('',(#4364),#4355,.T.);
#4371=EDGE_CURVE('',#4209,#4250,#353,.T.);
#4373=EDGE_CURVE('',#4208,#4209,#1531,.T.);
#4375=EDGE_CURVE('',#4208,#4234,#332,.T.);
#4381=ADVANCED_FACE('',(#4380),#4370,.T.);
#4389=EDGE_CURVE('',#4251,#4182,#367,.T.);
#4391=EDGE_CURVE('',#4182,#4181,#377,.T.);
#4393=EDGE_CURVE('',#4180,#4181,#384,.T.);
#4395=EDGE_CURVE('',#4209,#4180,#1538,.T.);
#4399=ADVANCED_FACE('',(#4398),#4386,.T.);
#4405=EDGE_CURVE('',#4247,#3932,#448,.T.);
#4407=EDGE_CURVE('',#4204,#4247,#1609,.T.);
#4409=EDGE_CURVE('',#4204,#4202,#391,.T.);
#4411=EDGE_CURVE('',#4202,#3927,#398,.T.);
#4413=EDGE_CURVE('',#3932,#3927,#405,.T.);
#4417=ADVANCED_FACE('',(#4416),#4404,.F.);
#4425=EDGE_CURVE('',#3940,#3935,#412,.T.);
#4427=EDGE_CURVE('',#3940,#4176,#419,.T.);
#4429=EDGE_CURVE('',#4182,#4176,#426,.T.);
#4433=ADVANCED_FACE('',(#4432),#4422,.F.);
#4439=EDGE_CURVE('',#4262,#4221,#636,.T.);
#4441=EDGE_CURVE('',#4262,#4258,#1466,.T.);
#4443=EDGE_CURVE('',#4258,#4243,#434,.T.);
#4445=EDGE_CURVE('',#4246,#4243,#1640,.T.);
#4447=EDGE_CURVE('',#4246,#4247,#441,.T.);
#4450=EDGE_CURVE('',#3930,#3932,#456,.T.);
#4452=EDGE_CURVE('',#3930,#3796,#463,.T.);
#4454=EDGE_CURVE('',#3795,#3796,#471,.T.);
#4456=EDGE_CURVE('',#3795,#3768,#479,.T.);
#4458=EDGE_CURVE('',#3766,#3768,#487,.T.);
#4460=EDGE_CURVE('',#3766,#3772,#494,.T.);
#4462=EDGE_CURVE('',#3771,#3772,#502,.T.);
#4464=EDGE_CURVE('',#3771,#3714,#509,.T.);
#4466=EDGE_CURVE('',#3714,#3946,#516,.T.);
#4468=EDGE_CURVE('',#3946,#3944,#523,.T.);
#4470=EDGE_CURVE('',#3944,#4100,#530,.T.);
#4472=EDGE_CURVE('',#4096,#4100,#537,.T.);
#4474=EDGE_CURVE('',#4090,#4096,#545,.T.);
#4476=EDGE_CURVE('',#4086,#4090,#553,.T.);
#4478=EDGE_CURVE('',#4082,#4086,#560,.T.);
#4480=EDGE_CURVE('',#4078,#4082,#568,.T.);
#4482=EDGE_CURVE('',#4074,#4078,#575,.T.);
#4484=EDGE_CURVE('',#4071,#4074,#583,.T.);
#4486=EDGE_CURVE('',#3882,#4071,#590,.T.);
#4488=EDGE_CURVE('',#3856,#3882,#814,.T.);
#4490=EDGE_CURVE('',#3851,#3856,#598,.T.);
#4492=EDGE_CURVE('',#3859,#3851,#779,.T.);
#4494=EDGE_CURVE('',#3859,#3898,#605,.T.);
#4496=EDGE_CURVE('',#3897,#3898,#614,.T.);
#4498=EDGE_CURVE('',#4115,#3897,#728,.T.);
#4500=EDGE_CURVE('',#4115,#4116,#621,.T.);
#4502=EDGE_CURVE('',#4216,#4116,#658,.T.);
#4504=EDGE_CURVE('',#4216,#4221,#628,.T.);
#4508=ADVANCED_FACE('',(#4507),#4438,.T.);
#4515=EDGE_CURVE('',#4219,#4221,#643,.T.);
#4517=EDGE_CURVE('',#4219,#4260,#1942,.T.);
#4519=EDGE_CURVE('',#4262,#4260,#1476,.T.);
#4523=ADVANCED_FACE('',(#4522),#4513,.F.);
#4529=EDGE_CURVE('',#4216,#4217,#650,.T.);
#4531=EDGE_CURVE('',#4217,#4219,#1972,.T.);
#4537=ADVANCED_FACE('',(#4536),#4528,.T.);
#4545=EDGE_CURVE('',#4112,#4116,#665,.T.);
#4547=EDGE_CURVE('',#4112,#4217,#2001,.T.);
#4551=ADVANCED_FACE('',(#4550),#4542,.F.);
#4557=EDGE_CURVE('',#4111,#4112,#679,.T.);
#4561=EDGE_CURVE('',#4115,#4111,#672,.T.);
#4565=ADVANCED_FACE('',(#4564),#4556,.T.);
#4572=EDGE_CURVE('',#4111,#4126,#686,.T.);
#4574=EDGE_CURVE('',#4138,#4126,#693,.T.);
#4576=EDGE_CURVE('',#4112,#4138,#700,.T.);
#4580=ADVANCED_FACE('',(#4579),#4570,.F.);
#4587=EDGE_CURVE('',#3891,#4111,#721,.T.);
#4589=EDGE_CURVE('',#3891,#3892,#707,.T.);
#4591=EDGE_CURVE('',#4126,#3892,#2058,.T.);
#4595=ADVANCED_FACE('',(#4594),#4585,.F.);
#4601=EDGE_CURVE('',#4128,#4123,#2735,.T.);
#4603=EDGE_CURVE('',#3911,#4128,#2758,.T.);
#4605=EDGE_CURVE('',#3911,#3912,#714,.T.);
#4607=EDGE_CURVE('',#4123,#3912,#2585,.T.);
#4611=ADVANCED_FACE('',(#4610),#4600,.F.);
#4620=EDGE_CURVE('',#3897,#3902,#735,.T.);
#4622=EDGE_CURVE('',#3891,#3902,#743,.T.);
#4626=ADVANCED_FACE('',(#4625),#4616,.T.);
#4633=EDGE_CURVE('',#3898,#3900,#750,.T.);
#4635=EDGE_CURVE('',#3902,#3900,#2086,.T.);
#4640=ADVANCED_FACE('',(#4639),#4631,.T.);
#4648=EDGE_CURVE('',#3859,#3860,#772,.T.);
#4650=EDGE_CURVE('',#3860,#3862,#2144,.T.);
#4652=EDGE_CURVE('',#3862,#3867,#2137,.T.);
#4654=EDGE_CURVE('',#3867,#3895,#757,.T.);
#4656=EDGE_CURVE('',#3900,#3895,#765,.T.);
#4660=ADVANCED_FACE('',(#4659),#4645,.T.);
#4668=EDGE_CURVE('',#3851,#3852,#793,.T.);
#4670=EDGE_CURVE('',#3860,#3852,#2151,.T.);
#4674=ADVANCED_FACE('',(#4673),#4665,.T.);
#4687=EDGE_CURVE('',#3854,#3856,#786,.T.);
#4689=EDGE_CURVE('',#3854,#3852,#2159,.T.);
#4695=ADVANCED_FACE('',(#4694),#4686,.T.);
#4708=EDGE_CURVE('',#3870,#3882,#800,.T.);
#4710=EDGE_CURVE('',#3870,#3854,#807,.T.);
#4716=ADVANCED_FACE('',(#4715),#4707,.T.);
#4729=EDGE_CURVE('',#4071,#4072,#847,.T.);
#4731=EDGE_CURVE('',#4072,#3868,#854,.T.);
#4733=EDGE_CURVE('',#3864,#3868,#861,.T.);
#4735=EDGE_CURVE('',#3864,#3870,#2166,.T.);
#4741=ADVANCED_FACE('',(#4740),#4728,.T.);
#4761=EDGE_CURVE('',#4074,#4076,#869,.T.);
#4763=EDGE_CURVE('',#4072,#4076,#2259,.T.);
#4767=ADVANCED_FACE('',(#4766),#4758,.T.);
#4774=EDGE_CURVE('',#4078,#4080,#877,.T.);
#4776=EDGE_CURVE('',#4076,#4080,#2280,.T.);
#4781=ADVANCED_FACE('',(#4780),#4772,.T.);
#4788=EDGE_CURVE('',#4082,#4084,#885,.T.);
#4790=EDGE_CURVE('',#4080,#4084,#2326,.T.);
#4795=ADVANCED_FACE('',(#4794),#4786,.T.);
#4802=EDGE_CURVE('',#4086,#4088,#893,.T.);
#4804=EDGE_CURVE('',#4084,#4088,#2340,.T.);
#4809=ADVANCED_FACE('',(#4808),#4800,.T.);
#4816=EDGE_CURVE('',#4090,#4092,#901,.T.);
#4818=EDGE_CURVE('',#4088,#4092,#2369,.T.);
#4823=ADVANCED_FACE('',(#4822),#4814,.T.);
#4829=EDGE_CURVE('',#4092,#4094,#929,.T.);
#4833=EDGE_CURVE('',#4094,#4096,#921,.T.);
#4837=ADVANCED_FACE('',(#4836),#4828,.T.);
#4844=EDGE_CURVE('',#4094,#4026,#993,.T.);
#4846=EDGE_CURVE('',#4026,#4022,#937,.T.);
#4848=EDGE_CURVE('',#4092,#4022,#944,.T.);
#4852=ADVANCED_FACE('',(#4851),#4842,.T.);
#4858=EDGE_CURVE('',#4094,#4098,#951,.T.);
#4860=EDGE_CURVE('',#3712,#4098,#1012,.T.);
#4862=EDGE_CURVE('',#3711,#3712,#1054,.T.);
#4864=EDGE_CURVE('',#3711,#3714,#1033,.T.);
#4867=EDGE_CURVE('',#3776,#3771,#958,.T.);
#4869=EDGE_CURVE('',#3984,#3776,#1846,.T.);
#4871=EDGE_CURVE('',#3983,#3984,#965,.T.);
#4873=EDGE_CURVE('',#3787,#3983,#1158,.T.);
#4875=EDGE_CURVE('',#3792,#3787,#972,.T.);
#4878=EDGE_CURVE('',#3707,#3716,#3266,.T.);
#4880=EDGE_CURVE('',#3707,#3708,#3245,.T.);
#4882=EDGE_CURVE('',#4030,#3708,#3217,.T.);
#4884=EDGE_CURVE('',#4030,#4026,#986,.T.);
#4889=ADVANCED_FACE('',(#4888),#4857,.F.);
#4898=EDGE_CURVE('',#4100,#4098,#1005,.T.);
#4902=ADVANCED_FACE('',(#4901),#4894,.T.);
#4911=EDGE_CURVE('',#3943,#3944,#1019,.T.);
#4913=EDGE_CURVE('',#3943,#3712,#1061,.T.);
#4917=ADVANCED_FACE('',(#4916),#4907,.T.);
#4925=EDGE_CURVE('',#3946,#3948,#1026,.T.);
#4927=EDGE_CURVE('',#3948,#3943,#1040,.T.);
#4931=ADVANCED_FACE('',(#4930),#4922,.T.);
#4940=EDGE_CURVE('',#3711,#3948,#1047,.T.);
#4944=ADVANCED_FACE('',(#4943),#4936,.T.);
#4956=ADVANCED_FACE('',(#4955),#4949,.F.);
#4963=EDGE_CURVE('',#3774,#3772,#1089,.T.);
#4965=EDGE_CURVE('',#3774,#3776,#1854,.T.);
#4970=ADVANCED_FACE('',(#4969),#4961,.T.);
#4976=EDGE_CURVE('',#3782,#3780,#1068,.T.);
#4979=EDGE_CURVE('',#3790,#3788,#1075,.T.);
#4981=EDGE_CURVE('',#3782,#3788,#1143,.T.);
#4985=ADVANCED_FACE('',(#4984),#4975,.F.);
#4991=EDGE_CURVE('',#3766,#3764,#1082,.T.);
#4993=EDGE_CURVE('',#3764,#3774,#1861,.T.);
#4999=ADVANCED_FACE('',(#4998),#4990,.F.);
#5007=EDGE_CURVE('',#3782,#3784,#1136,.T.);
#5009=EDGE_CURVE('',#3784,#3779,#3687,.T.);
#5013=ADVANCED_FACE('',(#5012),#5004,.T.);
#5019=EDGE_CURVE('',#4177,#4183,#1328,.T.);
#5021=EDGE_CURVE('',#4176,#4177,#1097,.T.);
#5024=EDGE_CURVE('',#3938,#3940,#1105,.T.);
#5026=EDGE_CURVE('',#3938,#3804,#1112,.T.);
#5028=EDGE_CURVE('',#3803,#3804,#1120,.T.);
#5030=EDGE_CURVE('',#3803,#3784,#1128,.T.);
#5034=EDGE_CURVE('',#3787,#3788,#1151,.T.);
#5037=EDGE_CURVE('',#3980,#3983,#1166,.T.);
#5039=EDGE_CURVE('',#3988,#3980,#3517,.T.);
#5041=EDGE_CURVE('',#3992,#3988,#3503,.T.);
#5043=EDGE_CURVE('',#3720,#3992,#3487,.T.);
#5045=EDGE_CURVE('',#3719,#3720,#3315,.T.);
#5047=EDGE_CURVE('',#3972,#3719,#3280,.T.);
#5049=EDGE_CURVE('',#3971,#3972,#1174,.T.);
#5051=EDGE_CURVE('',#3971,#4037,#1181,.T.);
#5053=EDGE_CURVE('',#4037,#4038,#1189,.T.);
#5055=EDGE_CURVE('',#4038,#4050,#1196,.T.);
#5057=EDGE_CURVE('',#4050,#4041,#1204,.T.);
#5059=EDGE_CURVE('',#4041,#4042,#1211,.T.);
#5061=EDGE_CURVE('',#3811,#4042,#3048,.T.);
#5063=EDGE_CURVE('',#3848,#3811,#3013,.T.);
#5065=EDGE_CURVE('',#3848,#3998,#1218,.T.);
#5067=EDGE_CURVE('',#3998,#4102,#1225,.T.);
#5069=EDGE_CURVE('',#4102,#4104,#1232,.T.);
#5071=EDGE_CURVE('',#3996,#4104,#2978,.T.);
#5073=EDGE_CURVE('',#3996,#3844,#1239,.T.);
#5075=EDGE_CURVE('',#3816,#3844,#2957,.T.);
#5077=EDGE_CURVE('',#3816,#3828,#1246,.T.);
#5079=EDGE_CURVE('',#3828,#3823,#1253,.T.);
#5081=EDGE_CURVE('',#3823,#3824,#1261,.T.);
#5083=EDGE_CURVE('',#3824,#3918,#1268,.T.);
#5085=EDGE_CURVE('',#3917,#3918,#1277,.T.);
#5087=EDGE_CURVE('',#4134,#3917,#2765,.T.);
#5089=EDGE_CURVE('',#4154,#4134,#1284,.T.);
#5091=EDGE_CURVE('',#4158,#4154,#1292,.T.);
#5093=EDGE_CURVE('',#4157,#4158,#1299,.T.);
#5095=EDGE_CURVE('',#4164,#4157,#1307,.T.);
#5097=EDGE_CURVE('',#4168,#4164,#1314,.T.);
#5099=EDGE_CURVE('',#4183,#4168,#1369,.T.);
#5103=ADVANCED_FACE('',(#5102),#5018,.T.);
#5109=EDGE_CURVE('',#4189,#4183,#1321,.T.);
#5111=EDGE_CURVE('',#4189,#4180,#1546,.T.);
#5114=EDGE_CURVE('',#4177,#4181,#3701,.T.);
#5119=ADVANCED_FACE('',(#5118),#5108,.F.);
#5125=EDGE_CURVE('',#4205,#4201,#1335,.T.);
#5127=EDGE_CURVE('',#4205,#4198,#1342,.T.);
#5129=EDGE_CURVE('',#4198,#4190,#1587,.T.);
#5131=EDGE_CURVE('',#4196,#4190,#1349,.T.);
#5133=EDGE_CURVE('',#4201,#4196,#1669,.T.);
#5137=ADVANCED_FACE('',(#5136),#5124,.F.);
#5143=EDGE_CURVE('',#4183,#4184,#1362,.T.);
#5145=EDGE_CURVE('',#4186,#4184,#1435,.T.);
#5147=EDGE_CURVE('',#4186,#4188,#1506,.T.);
#5149=EDGE_CURVE('',#4188,#4189,#1516,.T.);
#5154=ADVANCED_FACE('',(#5153),#5142,.T.);
#5162=EDGE_CURVE('',#4173,#4168,#1376,.T.);
#5164=EDGE_CURVE('',#4184,#4173,#1442,.T.);
#5168=ADVANCED_FACE('',(#5167),#5159,.T.);
#5174=EDGE_CURVE('',#4173,#4166,#1400,.T.);
#5178=EDGE_CURVE('',#4164,#4166,#2679,.T.);
#5182=ADVANCED_FACE('',(#5181),#5173,.T.);
#5188=EDGE_CURVE('',#4231,#4254,#1386,.T.);
#5190=EDGE_CURVE('',#4254,#4173,#1393,.T.);
#5193=EDGE_CURVE('',#4231,#4166,#2664,.T.);
#5197=ADVANCED_FACE('',(#5196),#5187,.F.);
#5203=EDGE_CURVE('',#4254,#4256,#1452,.T.);
#5206=EDGE_CURVE('',#4229,#4231,#2657,.T.);
#5208=EDGE_CURVE('',#4227,#4229,#1407,.T.);
#5213=ADVANCED_FACE('',(#5212),#5202,.F.);
#5221=EDGE_CURVE('',#4237,#4186,#1428,.T.);
#5229=ADVANCED_FACE('',(#5228),#5218,.F.);
#5235=EDGE_CURVE('',#4240,#4258,#1459,.T.);
#5239=EDGE_CURVE('',#4169,#4260,#1965,.T.);
#5241=EDGE_CURVE('',#4169,#4171,#1483,.T.);
#5243=EDGE_CURVE('',#4195,#4171,#1920,.T.);
#5245=EDGE_CURVE('',#4195,#4193,#1490,.T.);
#5247=EDGE_CURVE('',#4240,#4193,#1561,.T.);
#5251=ADVANCED_FACE('',(#5250),#5234,.F.);
#5259=EDGE_CURVE('',#4188,#4208,#1523,.T.);
#5265=ADVANCED_FACE('',(#5264),#5256,.T.);
#5278=ADVANCED_FACE('',(#5277),#5270,.T.);
#5286=EDGE_CURVE('',#4240,#4241,#1554,.T.);
#5288=EDGE_CURVE('',#4241,#4243,#1647,.T.);
#5292=ADVANCED_FACE('',(#5291),#5283,.T.);
#5300=EDGE_CURVE('',#4191,#4193,#1569,.T.);
#5302=EDGE_CURVE('',#4213,#4191,#1602,.T.);
#5304=EDGE_CURVE('',#4241,#4213,#1654,.T.);
#5308=ADVANCED_FACE('',(#5307),#5297,.T.);
#5314=EDGE_CURVE('',#4190,#4191,#1579,.T.);
#5318=EDGE_CURVE('',#4195,#4196,#1913,.T.);
#5323=ADVANCED_FACE('',(#5322),#5313,.T.);
#5331=EDGE_CURVE('',#4212,#4198,#1623,.T.);
#5333=EDGE_CURVE('',#4212,#4213,#1595,.T.);
#5338=ADVANCED_FACE('',(#5337),#5328,.T.);
#5346=EDGE_CURVE('',#4246,#4212,#1616,.T.);
#5350=EDGE_CURVE('',#4204,#4205,#1633,.T.);
#5354=ADVANCED_FACE('',(#5353),#5343,.T.);
#5367=ADVANCED_FACE('',(#5366),#5359,.T.);
#5373=EDGE_CURVE('',#4201,#4202,#1662,.T.);
#5380=ADVANCED_FACE('',(#5379),#5372,.T.);
#5388=EDGE_CURVE('',#4152,#4196,#1927,.T.);
#5390=EDGE_CURVE('',#4152,#4150,#1676,.T.);
#5392=EDGE_CURVE('',#4150,#4145,#1684,.T.);
#5394=EDGE_CURVE('',#4145,#4146,#1691,.T.);
#5396=EDGE_CURVE('',#4146,#4136,#1699,.T.);
#5398=EDGE_CURVE('',#4136,#4132,#1706,.T.);
#5400=EDGE_CURVE('',#3884,#4132,#2051,.T.);
#5402=EDGE_CURVE('',#3883,#3884,#1715,.T.);
#5404=EDGE_CURVE('',#3832,#3883,#1722,.T.);
#5406=EDGE_CURVE('',#3831,#3832,#1730,.T.);
#5408=EDGE_CURVE('',#3838,#3831,#1737,.T.);
#5410=EDGE_CURVE('',#3838,#3815,#1744,.T.);
#5412=EDGE_CURVE('',#3843,#3815,#2943,.T.);
#5414=EDGE_CURVE('',#3843,#3995,#1751,.T.);
#5416=EDGE_CURVE('',#4108,#3995,#2992,.T.);
#5418=EDGE_CURVE('',#4106,#4108,#1758,.T.);
#5420=EDGE_CURVE('',#4000,#4106,#1765,.T.);
#5422=EDGE_CURVE('',#3847,#4000,#1772,.T.);
#5424=EDGE_CURVE('',#3812,#3847,#3027,.T.);
#5426=EDGE_CURVE('',#3812,#4066,#1779,.T.);
#5428=EDGE_CURVE('',#4065,#4066,#1786,.T.);
#5430=EDGE_CURVE('',#4068,#4065,#1794,.T.);
#5432=EDGE_CURVE('',#4054,#4068,#1801,.T.);
#5434=EDGE_CURVE('',#4053,#4054,#1809,.T.);
#5436=EDGE_CURVE('',#4053,#3976,#1816,.T.);
#5438=EDGE_CURVE('',#3974,#3976,#1824,.T.);
#5440=EDGE_CURVE('',#3723,#3974,#3287,.T.);
#5442=EDGE_CURVE('',#3723,#3724,#1831,.T.);
#5444=EDGE_CURVE('',#3991,#3724,#3445,.T.);
#5446=EDGE_CURVE('',#3987,#3991,#3495,.T.);
#5448=EDGE_CURVE('',#3979,#3987,#3524,.T.);
#5450=EDGE_CURVE('',#3979,#3984,#1839,.T.);
#5455=EDGE_CURVE('',#3763,#3764,#1869,.T.);
#5457=EDGE_CURVE('',#3800,#3763,#1877,.T.);
#5459=EDGE_CURVE('',#3798,#3800,#1885,.T.);
#5461=EDGE_CURVE('',#3798,#3928,#1892,.T.);
#5463=EDGE_CURVE('',#3927,#3928,#1900,.T.);
#5468=ADVANCED_FACE('',(#5467),#5385,.F.);
#5476=EDGE_CURVE('',#4152,#4171,#1934,.T.);
#5481=ADVANCED_FACE('',(#5480),#5473,.T.);
#5489=EDGE_CURVE('',#4148,#4169,#1958,.T.);
#5491=EDGE_CURVE('',#4148,#4150,#2030,.T.);
#5496=ADVANCED_FACE('',(#5495),#5486,.T.);
#5503=EDGE_CURVE('',#4141,#4219,#1993,.T.);
#5505=EDGE_CURVE('',#4148,#4141,#1950,.T.);
#5511=ADVANCED_FACE('',(#5510),#5501,.F.);
#5518=EDGE_CURVE('',#4217,#4142,#1979,.T.);
#5520=EDGE_CURVE('',#4141,#4142,#1986,.T.);
#5525=ADVANCED_FACE('',(#5524),#5516,.F.);
#5533=EDGE_CURVE('',#4142,#4138,#2009,.T.);
#5538=ADVANCED_FACE('',(#5537),#5530,.F.);
#5544=EDGE_CURVE('',#4142,#4146,#2016,.T.);
#5547=EDGE_CURVE('',#4138,#4136,#2037,.T.);
#5552=ADVANCED_FACE('',(#5551),#5543,.F.);
#5561=EDGE_CURVE('',#4141,#4145,#2023,.T.);
#5565=ADVANCED_FACE('',(#5564),#5557,.T.);
#5577=ADVANCED_FACE('',(#5576),#5570,.F.);
#5586=EDGE_CURVE('',#4126,#4132,#2044,.T.);
#5590=ADVANCED_FACE('',(#5589),#5582,.T.);
#5599=EDGE_CURVE('',#3886,#3892,#2066,.T.);
#5601=EDGE_CURVE('',#3886,#3884,#2073,.T.);
#5605=ADVANCED_FACE('',(#5604),#5595,.T.);
#5615=EDGE_CURVE('',#3895,#3896,#2093,.T.);
#5617=EDGE_CURVE('',#3896,#3888,#2916,.T.);
#5619=EDGE_CURVE('',#3886,#3888,#2936,.T.);
#5624=ADVANCED_FACE('',(#5623),#5610,.T.);
#5632=EDGE_CURVE('',#3867,#3836,#2100,.T.);
#5634=EDGE_CURVE('',#3836,#3896,#2107,.T.);
#5638=ADVANCED_FACE('',(#5637),#5629,.T.);
#5644=EDGE_CURVE('',#3867,#3868,#2115,.T.);
#5646=EDGE_CURVE('',#3868,#3835,#2122,.T.);
#5648=EDGE_CURVE('',#3835,#3836,#2130,.T.);
#5653=ADVANCED_FACE('',(#5652),#5643,.T.);
#5659=EDGE_CURVE('',#3862,#3864,#2174,.T.);
#5666=ADVANCED_FACE('',(#5665),#5658,.T.);
#5680=ADVANCED_FACE('',(#5679),#5671,.T.);
#5686=EDGE_CURVE('',#4061,#4062,#2181,.T.);
#5688=EDGE_CURVE('',#4046,#4062,#3041,.T.);
#5690=EDGE_CURVE('',#4045,#4046,#2188,.T.);
#5692=EDGE_CURVE('',#4001,#4045,#2195,.T.);
#5694=EDGE_CURVE('',#3880,#4001,#2471,.T.);
#5696=EDGE_CURVE('',#3819,#3880,#2832,.T.);
#5698=EDGE_CURVE('',#3826,#3819,#2202,.T.);
#5700=EDGE_CURVE('',#3840,#3826,#2887,.T.);
#5702=EDGE_CURVE('',#3840,#3835,#2209,.T.);
#5706=EDGE_CURVE('',#4061,#4072,#2216,.T.);
#5710=ADVANCED_FACE('',(#5709),#5685,.F.);
#5717=EDGE_CURVE('',#4065,#4061,#2224,.T.);
#5720=EDGE_CURVE('',#4066,#4062,#2235,.T.);
#5724=ADVANCED_FACE('',(#5723),#5715,.T.);
#5744=EDGE_CURVE('',#4070,#4061,#2251,.T.);
#5746=EDGE_CURVE('',#4068,#4070,#2243,.T.);
#5750=ADVANCED_FACE('',(#5749),#5741,.T.);
#5759=EDGE_CURVE('',#4070,#4076,#2273,.T.);
#5763=ADVANCED_FACE('',(#5762),#5755,.T.);
#5769=EDGE_CURVE('',#4058,#4070,#2266,.T.);
#5773=EDGE_CURVE('',#4080,#4058,#2287,.T.);
#5777=ADVANCED_FACE('',(#5776),#5768,.T.);
#5786=EDGE_CURVE('',#4054,#4058,#2295,.T.);
#5790=ADVANCED_FACE('',(#5789),#5782,.T.);
#5798=EDGE_CURVE('',#4057,#4058,#2318,.T.);
#5800=EDGE_CURVE('',#4057,#4053,#2310,.T.);
#5804=ADVANCED_FACE('',(#5803),#5795,.T.);
#5813=EDGE_CURVE('',#4084,#4057,#2333,.T.);
#5817=ADVANCED_FACE('',(#5816),#5809,.F.);
#5827=EDGE_CURVE('',#4088,#4018,#2384,.T.);
#5829=EDGE_CURVE('',#4018,#4014,#2347,.T.);
#5831=EDGE_CURVE('',#4033,#4014,#2354,.T.);
#5833=EDGE_CURVE('',#4037,#4033,#3141,.T.);
#5836=EDGE_CURVE('',#3976,#3971,#2361,.T.);
#5840=ADVANCED_FACE('',(#5839),#5822,.T.);
#5848=EDGE_CURVE('',#4022,#4018,#2377,.T.);
#5853=ADVANCED_FACE('',(#5852),#5845,.T.);
#5860=EDGE_CURVE('',#4016,#4018,#2400,.T.);
#5863=EDGE_CURVE('',#4020,#4022,#2392,.T.);
#5867=ADVANCED_FACE('',(#5866),#5858,.T.);
#5874=EDGE_CURVE('',#4012,#4014,#2408,.T.);
#5880=ADVANCED_FACE('',(#5879),#5872,.T.);
#5887=EDGE_CURVE('',#4008,#4010,#2416,.T.);
#5889=EDGE_CURVE('',#4014,#4010,#3149,.T.);
#5894=ADVANCED_FACE('',(#5893),#5885,.T.);
#5901=EDGE_CURVE('',#4006,#4004,#2424,.T.);
#5903=EDGE_CURVE('',#4010,#4004,#3098,.T.);
#5908=ADVANCED_FACE('',(#5907),#5899,.T.);
#5926=EDGE_CURVE('',#4001,#4002,#2457,.T.);
#5928=EDGE_CURVE('',#4004,#4001,#3083,.T.);
#5934=ADVANCED_FACE('',(#5933),#5925,.T.);
#5942=EDGE_CURVE('',#3968,#3966,#2478,.T.);
#5944=EDGE_CURVE('',#3876,#3966,#2528,.T.);
#5946=EDGE_CURVE('',#3880,#3876,#2464,.T.);
#5951=ADVANCED_FACE('',(#5950),#5939,.T.);
#5959=EDGE_CURVE('',#3959,#3964,#2499,.T.);
#5961=EDGE_CURVE('',#3964,#3966,#2492,.T.);
#5965=ADVANCED_FACE('',(#5964),#5956,.F.);
#5978=EDGE_CURVE('',#3963,#3964,#2536,.T.);
#5982=EDGE_CURVE('',#3963,#3960,#2506,.T.);
#5986=ADVANCED_FACE('',(#5985),#5977,.T.);
#5999=EDGE_CURVE('',#3873,#3874,#2513,.T.);
#6001=EDGE_CURVE('',#3874,#3876,#2521,.T.);
#6006=EDGE_CURVE('',#3873,#3963,#3171,.T.);
#6010=ADVANCED_FACE('',(#6009),#5998,.F.);
#6016=EDGE_CURVE('',#3908,#3903,#2543,.T.);
#6018=EDGE_CURVE('',#3916,#3908,#2551,.T.);
#6020=EDGE_CURVE('',#3916,#3879,#2558,.T.);
#6022=EDGE_CURVE('',#3879,#3874,#2839,.T.);
#6025=EDGE_CURVE('',#3873,#3924,#3164,.T.);
#6030=ADVANCED_FACE('',(#6029),#6015,.T.);
#6037=EDGE_CURVE('',#3906,#3904,#2600,.T.);
#6039=EDGE_CURVE('',#3906,#3908,#2571,.T.);
#6044=ADVANCED_FACE('',(#6043),#6035,.T.);
#6051=EDGE_CURVE('',#4123,#4119,#2607,.T.);
#6054=EDGE_CURVE('',#3906,#3912,#2593,.T.);
#6059=ADVANCED_FACE('',(#6058),#6049,.T.);
#6066=EDGE_CURVE('',#4120,#4124,#2621,.T.);
#6068=EDGE_CURVE('',#4123,#4124,#2714,.T.);
#6073=ADVANCED_FACE('',(#6072),#6064,.T.);
#6079=EDGE_CURVE('',#4224,#4225,#2614,.T.);
#6081=EDGE_CURVE('',#4124,#4224,#2743,.T.);
#6087=ADVANCED_FACE('',(#6086),#6078,.F.);
#6096=EDGE_CURVE('',#4224,#4229,#2628,.T.);
#6100=ADVANCED_FACE('',(#6099),#6092,.T.);
#6107=EDGE_CURVE('',#4229,#4161,#2635,.T.);
#6109=EDGE_CURVE('',#4161,#4162,#2642,.T.);
#6111=EDGE_CURVE('',#4162,#4224,#2649,.T.);
#6115=ADVANCED_FACE('',(#6114),#6105,.F.);
#6123=EDGE_CURVE('',#4166,#4161,#2672,.T.);
#6128=ADVANCED_FACE('',(#6127),#6120,.F.);
#6135=EDGE_CURVE('',#4157,#4161,#2686,.T.);
#6141=ADVANCED_FACE('',(#6140),#6133,.F.);
#6148=EDGE_CURVE('',#4158,#4162,#2693,.T.);
#6154=ADVANCED_FACE('',(#6153),#6146,.T.);
#6162=EDGE_CURVE('',#4154,#4130,#2700,.T.);
#6164=EDGE_CURVE('',#4162,#4130,#2751,.T.);
#6168=ADVANCED_FACE('',(#6167),#6159,.F.);
#6174=EDGE_CURVE('',#4130,#4128,#2728,.T.);
#6178=EDGE_CURVE('',#4134,#4128,#2707,.T.);
#6182=ADVANCED_FACE('',(#6181),#6173,.T.);
#6189=EDGE_CURVE('',#4130,#4124,#2721,.T.);
#6195=ADVANCED_FACE('',(#6194),#6187,.F.);
#6207=ADVANCED_FACE('',(#6206),#6200,.F.);
#6216=EDGE_CURVE('',#3917,#3922,#2772,.T.);
#6218=EDGE_CURVE('',#3911,#3922,#2780,.T.);
#6222=ADVANCED_FACE('',(#6221),#6212,.T.);
#6229=EDGE_CURVE('',#3918,#3920,#2787,.T.);
#6231=EDGE_CURVE('',#3922,#3920,#2873,.T.);
#6236=ADVANCED_FACE('',(#6235),#6227,.T.);
#6244=EDGE_CURVE('',#3820,#3824,#2794,.T.);
#6246=EDGE_CURVE('',#3820,#3915,#2853,.T.);
#6248=EDGE_CURVE('',#3920,#3915,#2802,.T.);
#6252=ADVANCED_FACE('',(#6251),#6241,.T.);
#6258=EDGE_CURVE('',#3819,#3820,#2825,.T.);
#6262=EDGE_CURVE('',#3819,#3823,#2809,.T.);
#6266=ADVANCED_FACE('',(#6265),#6257,.T.);
#6272=EDGE_CURVE('',#3879,#3880,#2817,.T.);
#6274=EDGE_CURVE('',#3820,#3879,#2860,.T.);
#6280=ADVANCED_FACE('',(#6279),#6271,.T.);
#6292=ADVANCED_FACE('',(#6291),#6285,.T.);
#6298=EDGE_CURVE('',#3915,#3916,#2846,.T.);
#6305=ADVANCED_FACE('',(#6304),#6297,.F.);
#6321=ADVANCED_FACE('',(#6320),#6310,.T.);
#6330=EDGE_CURVE('',#3828,#3826,#2880,.T.);
#6334=ADVANCED_FACE('',(#6333),#6326,.T.);
#6341=EDGE_CURVE('',#3840,#3838,#2894,.T.);
#6346=EDGE_CURVE('',#3815,#3816,#2950,.T.);
#6350=ADVANCED_FACE('',(#6349),#6339,.F.);
#6357=EDGE_CURVE('',#3831,#3835,#2901,.T.);
#6363=ADVANCED_FACE('',(#6362),#6355,.T.);
#6370=EDGE_CURVE('',#3832,#3836,#2923,.T.);
#6376=ADVANCED_FACE('',(#6375),#6368,.T.);
#6382=EDGE_CURVE('',#3888,#3883,#2908,.T.);
#6390=ADVANCED_FACE('',(#6389),#6381,.T.);
#6402=ADVANCED_FACE('',(#6401),#6395,.T.);
#6411=EDGE_CURVE('',#3843,#3844,#2964,.T.);
#6415=ADVANCED_FACE('',(#6414),#6407,.F.);
#6422=EDGE_CURVE('',#3995,#3996,#2971,.T.);
#6428=ADVANCED_FACE('',(#6427),#6420,.T.);
#6435=EDGE_CURVE('',#4108,#4104,#2985,.T.);
#6441=ADVANCED_FACE('',(#6440),#6433,.T.);
#6448=EDGE_CURVE('',#4106,#4102,#2999,.T.);
#6454=ADVANCED_FACE('',(#6453),#6446,.T.);
#6461=EDGE_CURVE('',#3998,#4000,#3006,.T.);
#6467=ADVANCED_FACE('',(#6466),#6459,.T.);
#6474=EDGE_CURVE('',#3847,#3848,#3034,.T.);
#6480=ADVANCED_FACE('',(#6479),#6472,.T.);
#6487=EDGE_CURVE('',#3811,#3812,#3020,.T.);
#6493=ADVANCED_FACE('',(#6492),#6485,.F.);
#6504=EDGE_CURVE('',#4046,#4042,#3067,.T.);
#6508=ADVANCED_FACE('',(#6507),#6498,.T.);
#6515=EDGE_CURVE('',#4045,#4041,#3056,.T.);
#6521=ADVANCED_FACE('',(#6520),#6513,.T.);
#6539=EDGE_CURVE('',#4048,#4045,#3091,.T.);
#6543=EDGE_CURVE('',#4048,#4050,#3075,.T.);
#6547=ADVANCED_FACE('',(#6546),#6538,.T.);
#6556=EDGE_CURVE('',#4004,#4048,#3105,.T.);
#6560=ADVANCED_FACE('',(#6559),#6552,.T.);
#6568=EDGE_CURVE('',#4034,#4048,#3112,.T.);
#6570=EDGE_CURVE('',#4034,#4010,#3119,.T.);
#6574=ADVANCED_FACE('',(#6573),#6565,.T.);
#6583=EDGE_CURVE('',#4034,#4038,#3127,.T.);
#6587=ADVANCED_FACE('',(#6586),#6579,.T.);
#6593=EDGE_CURVE('',#4033,#4034,#3157,.T.);
#6600=ADVANCED_FACE('',(#6599),#6592,.T.);
#6612=ADVANCED_FACE('',(#6611),#6605,.F.);
#6624=ADVANCED_FACE('',(#6623),#6617,.F.);
#6640=EDGE_CURVE('',#4026,#4024,#3198,.T.);
#6644=ADVANCED_FACE('',(#6643),#6636,.T.);
#6653=EDGE_CURVE('',#4030,#4028,#3210,.T.);
#6657=ADVANCED_FACE('',(#6656),#6649,.T.);
#6666=EDGE_CURVE('',#3708,#3956,#3238,.T.);
#6668=EDGE_CURVE('',#3954,#3956,#3224,.T.);
#6672=ADVANCED_FACE('',(#6671),#6662,.T.);
#6678=EDGE_CURVE('',#3956,#3951,#3231,.T.);
#6682=EDGE_CURVE('',#3951,#3707,#3252,.T.);
#6686=ADVANCED_FACE('',(#6685),#6677,.T.);
#6692=EDGE_CURVE('',#3951,#3952,#3259,.T.);
#6699=ADVANCED_FACE('',(#6698),#6691,.T.);
#6711=ADVANCED_FACE('',(#6710),#6704,.T.);
#6718=EDGE_CURVE('',#3974,#3972,#3273,.T.);
#6724=ADVANCED_FACE('',(#6723),#6716,.F.);
#6732=EDGE_CURVE('',#3723,#3719,#3308,.T.);
#6737=ADVANCED_FACE('',(#6736),#6729,.T.);
#6743=EDGE_CURVE('',#3735,#3736,#3294,.T.);
#6745=EDGE_CURVE('',#3736,#3744,#3301,.T.);
#6747=EDGE_CURVE('',#3724,#3744,#3452,.T.);
#6752=EDGE_CURVE('',#3742,#3720,#3480,.T.);
#6754=EDGE_CURVE('',#3735,#3742,#3322,.T.);
#6758=ADVANCED_FACE('',(#6757),#6742,.F.);
#6765=EDGE_CURVE('',#3735,#3739,#3330,.T.);
#6767=EDGE_CURVE('',#3739,#3740,#3596,.T.);
#6769=EDGE_CURVE('',#3740,#3736,#3338,.T.);
#6773=ADVANCED_FACE('',(#6772),#6763,.F.);
#6779=EDGE_CURVE('',#4269,#4270,#3345,.T.);
#6781=EDGE_CURVE('',#4266,#4269,#3631,.T.);
#6783=EDGE_CURVE('',#4266,#3732,#3352,.T.);
#6785=EDGE_CURVE('',#3732,#3739,#3359,.T.);
#6789=EDGE_CURVE('',#3742,#3727,#3473,.T.);
#6791=EDGE_CURVE('',#3727,#3756,#3366,.T.);
#6793=EDGE_CURVE('',#3755,#3756,#3374,.T.);
#6795=EDGE_CURVE('',#3755,#3748,#3381,.T.);
#6797=EDGE_CURVE('',#3747,#3748,#3389,.T.);
#6799=EDGE_CURVE('',#4270,#3747,#3403,.T.);
#6803=ADVANCED_FACE('',(#6802),#6778,.F.);
#6810=EDGE_CURVE('',#4272,#4270,#3396,.T.);
#6812=EDGE_CURVE('',#4272,#4274,#3538,.T.);
#6814=EDGE_CURVE('',#4274,#4269,#3617,.T.);
#6818=ADVANCED_FACE('',(#6817),#6808,.T.);
#6838=EDGE_CURVE('',#3752,#3747,#3410,.T.);
#6840=EDGE_CURVE('',#4272,#3752,#3545,.T.);
#6844=ADVANCED_FACE('',(#6843),#6835,.T.);
#6851=EDGE_CURVE('',#3750,#3748,#3417,.T.);
#6853=EDGE_CURVE('',#3750,#3752,#3553,.T.);
#6858=ADVANCED_FACE('',(#6857),#6849,.T.);
#6866=EDGE_CURVE('',#3760,#3755,#3424,.T.);
#6868=EDGE_CURVE('',#3760,#3750,#3560,.T.);
#6872=ADVANCED_FACE('',(#6871),#6863,.T.);
#6879=EDGE_CURVE('',#3758,#3756,#3431,.T.);
#6881=EDGE_CURVE('',#3758,#3760,#3568,.T.);
#6886=ADVANCED_FACE('',(#6885),#6877,.T.);
#6894=EDGE_CURVE('',#3727,#3728,#3466,.T.);
#6896=EDGE_CURVE('',#3728,#3758,#3575,.T.);
#6900=ADVANCED_FACE('',(#6899),#6891,.T.);
#6906=EDGE_CURVE('',#3991,#3992,#3438,.T.);
#6910=EDGE_CURVE('',#3744,#3728,#3459,.T.);
#6918=ADVANCED_FACE('',(#6917),#6905,.F.);
#6924=EDGE_CURVE('',#3987,#3988,#3510,.T.);
#6931=ADVANCED_FACE('',(#6930),#6923,.T.);
#6939=EDGE_CURVE('',#3979,#3980,#3531,.T.);
#6944=ADVANCED_FACE('',(#6943),#6936,.F.);
#6956=ADVANCED_FACE('',(#6955),#6949,.F.);
#6971=EDGE_CURVE('',#3731,#3740,#3582,.T.);
#6973=EDGE_CURVE('',#4265,#3731,#3589,.T.);
#6975=EDGE_CURVE('',#4274,#4265,#3624,.T.);
#6979=ADVANCED_FACE('',(#6978),#6961,.T.);
#6987=EDGE_CURVE('',#3731,#3732,#3603,.T.);
#6992=ADVANCED_FACE('',(#6991),#6984,.T.);
#7001=EDGE_CURVE('',#4265,#4266,#3610,.T.);
#7005=ADVANCED_FACE('',(#7004),#6997,.T.);
#7029=ADVANCED_FACE('',(#7028),#7022,.T.);
#7050=EDGE_CURVE('',#3768,#3763,#3638,.T.);
#7054=ADVANCED_FACE('',(#7053),#7046,.T.);
#7062=EDGE_CURVE('',#3800,#3795,#3645,.T.);
#7067=ADVANCED_FACE('',(#7066),#7059,.F.);
#7074=EDGE_CURVE('',#3798,#3796,#3659,.T.);
#7080=ADVANCED_FACE('',(#7079),#7072,.T.);
#7086=EDGE_CURVE('',#3930,#3928,#3652,.T.);
#7093=ADVANCED_FACE('',(#7092),#7085,.F.);
#7099=EDGE_CURVE('',#3938,#3936,#3666,.T.);
#7102=EDGE_CURVE('',#3806,#3804,#3680,.T.);
#7107=ADVANCED_FACE('',(#7106),#7098,.F.);
#7119=ADVANCED_FACE('',(#7118),#7112,.T.);
#7131=ADVANCED_FACE('',(#7130),#7124,.T.);
#7140=EDGE_CURVE('',#3808,#3803,#3694,.T.);
#7144=ADVANCED_FACE('',(#7143),#7136,.T.);
#7156=ADVANCED_FACE('',(#7155),#7149,.F.);
#7168=ADVANCED_FACE('',(#7167),#7161,.T.);
#7180=ADVANCED_FACE('',(#7179),#7173,.T.);
#7181=CLOSED_SHELL('',(#4350,#4365,#4381,#4399,#4417,#4433,#4508,#4523,#4537,
#4551,#4565,#4580,#4595,#4611,#4626,#4640,#4660,#4674,#4695,#4716,#4741,#4767,
#4781,#4795,#4809,#4823,#4837,#4852,#4889,#4902,#4917,#4931,#4944,#4956,#4970,
#4985,#4999,#5013,#5103,#5119,#5137,#5154,#5168,#5182,#5197,#5213,#5229,#5251,
#5265,#5278,#5292,#5308,#5323,#5338,#5354,#5367,#5380,#5468,#5481,#5496,#5511,
#5525,#5538,#5552,#5565,#5577,#5590,#5605,#5624,#5638,#5653,#5666,#5680,#5710,
#5724,#5750,#5763,#5777,#5790,#5804,#5817,#5840,#5853,#5867,#5880,#5894,#5908,
#5934,#5951,#5965,#5986,#6010,#6030,#6044,#6059,#6073,#6087,#6100,#6115,#6128,
#6141,#6154,#6168,#6182,#6195,#6207,#6222,#6236,#6252,#6266,#6280,#6292,#6305,
#6321,#6334,#6350,#6363,#6376,#6390,#6402,#6415,#6428,#6441,#6454,#6467,#6480,
#6493,#6508,#6521,#6547,#6560,#6574,#6587,#6600,#6612,#6624,#6644,#6657,#6672,
#6686,#6699,#6711,#6724,#6737,#6758,#6773,#6803,#6818,#6844,#6858,#6872,#6886,
#6900,#6918,#6931,#6944,#6956,#6979,#6992,#7005,#7029,#7054,#7067,#7080,#7093,
#7107,#7119,#7131,#7144,#7156,#7168,#7180));
#7182=MANIFOLD_SOLID_BREP('',#7181);
#7190=(LENGTH_UNIT()NAMED_UNIT(*)SI_UNIT(.MILLI.,.METRE.));
#7191=(NAMED_UNIT(*)PLANE_ANGLE_UNIT()SI_UNIT($,.RADIAN.));
#7194=(NAMED_UNIT(*)SI_UNIT($,.STERADIAN.)SOLID_ANGLE_UNIT());
#7196=(GEOMETRIC_REPRESENTATION_CONTEXT(3)GLOBAL_UNCERTAINTY_ASSIGNED_CONTEXT((
#7195))GLOBAL_UNIT_ASSIGNED_CONTEXT((#7190,#7193,#7194))REPRESENTATION_CONTEXT(
'ID1','3'));
#7197=ADVANCED_BREP_SHAPE_REPRESENTATION('',(#7182),#7196);
#7205=PRODUCT_DEFINITION('part definition','',#7204,#7201);
#7206=PRODUCT_DEFINITION_SHAPE('','SHAPE FOR CL86-610-STP-CST.',#7205);
#7207=SHAPE_ASPECT('','solid data associated with CL86-610-STP-CST',#7206,.F.);
#7208=PROPERTY_DEFINITION('',
'shape for solid data with which properties are associated',#7207);
#7209=SHAPE_REPRESENTATION('',(#7182),#7196);
#7210=SHAPE_DEFINITION_REPRESENTATION(#7208,#7209);
#7211=(LENGTH_UNIT()NAMED_UNIT(*)SI_UNIT(.MILLI.,.METRE.));
#7215=PROPERTY_DEFINITION('geometric validation property',
'area of CL86-610-STP-CST',#7207);
#7216=REPRESENTATION('surface area',(#7214),#7196);
#7217=PROPERTY_DEFINITION_REPRESENTATION(#7215,#7216);
#7218=(LENGTH_UNIT()NAMED_UNIT(*)SI_UNIT(.MILLI.,.METRE.));
#7222=PROPERTY_DEFINITION('geometric validation property',
'volume of CL86-610-STP-CST',#7207);
#7223=REPRESENTATION('volume',(#7221),#7196);
#7224=PROPERTY_DEFINITION_REPRESENTATION(#7222,#7223);
#7226=PROPERTY_DEFINITION('geometric validation property',
'centroid of CL86-610-STP-CST',#7207);
#7227=REPRESENTATION('centroid',(#7225),#7196);
#7228=PROPERTY_DEFINITION_REPRESENTATION(#7226,#7227);
#7229=(LENGTH_UNIT()NAMED_UNIT(*)SI_UNIT(.MILLI.,.METRE.));
#7233=PROPERTY_DEFINITION('geometric validation property',
'area of CL86-610-STP-CST',#7206);
#7234=REPRESENTATION('surface area',(#7232),#7196);
#7235=PROPERTY_DEFINITION_REPRESENTATION(#7233,#7234);
#7236=(LENGTH_UNIT()NAMED_UNIT(*)SI_UNIT(.MILLI.,.METRE.));
#7240=PROPERTY_DEFINITION('geometric validation property',
'volume of CL86-610-STP-CST',#7206);
#7241=REPRESENTATION('volume',(#7239),#7196);
#7242=PROPERTY_DEFINITION_REPRESENTATION(#7240,#7241);
#7244=PROPERTY_DEFINITION('geometric validation property',
'centroid of CL86-610-STP-CST',#7206);
#7245=REPRESENTATION('centroid',(#7243),#7196);
#7246=PROPERTY_DEFINITION_REPRESENTATION(#7244,#7245);
#7247=SHAPE_DEFINITION_REPRESENTATION(#7206,#7197);
ENDSEC;
END-ISO-10303-21;
