ISO-10303-21;
HEADER;
FILE_DESCRIPTION((''),'2;1');
FILE_NAME('D1768016-00','2020-01-23T',('iei96381'),(''),
'CREO PARAMETRIC BY PTC INC, 2016380','CREO PARAMETRIC BY PTC INC, 2016380','');
FILE_SCHEMA(('AUTOMOTIVE_DESIGN { 1 0 10303 214 1 1 1 1 }'));
ENDSEC;
DATA;
#131=DIRECTION('',(1.E0,-1.894780628694E-14,0.E0));
#132=VECTOR('',#131,1.5E0);
#133=CARTESIAN_POINT('',(-3.62298E2,1.773150672789E2,-7.788232350463E0));
#134=LINE('',#133,#132);
#135=DRAUGHTING_PRE_DEFINED_CURVE_FONT('continuous');
#136=CURVE_STYLE('',#135,POSITIVE_LENGTH_MEASURE(2.E-2),#119);
#137=PRESENTATION_STYLE_ASSIGNMENT((#136));
#138=STYLED_ITEM('',(#137),#134);
#139=DIRECTION('',(-1.E0,0.E0,0.E0));
#140=VECTOR('',#139,2.E0);
#141=CARTESIAN_POINT('',(-3.60298E2,2.008705954899E2,-1.343668710811E0));
#142=LINE('',#141,#140);
#143=CURVE_STYLE('',#135,POSITIVE_LENGTH_MEASURE(2.E-2),#119);
#144=PRESENTATION_STYLE_ASSIGNMENT((#143));
#145=STYLED_ITEM('',(#144),#142);
#146=CARTESIAN_POINT('',(-3.604302979402E2,2.007382975497E2,-1.361489019183E0));
#147=CARTESIAN_POINT('',(-3.60416037E2,2.007525584899E2,-1.357576177038E0));
#148=CARTESIAN_POINT('',(-3.603871627556E2,2.007814287664E2,-1.351014484948E0));
#149=CARTESIAN_POINT('',(-3.603429792473E2,2.008256185117E2,-1.345026827280E0));
#150=CARTESIAN_POINT('',(-3.603130512105E2,2.008555442794E2,-1.343668710811E0));
#151=CARTESIAN_POINT('',(-3.60298E2,2.008705954899E2,-1.343668710811E0));
#153=CURVE_STYLE('',#135,POSITIVE_LENGTH_MEASURE(2.E-2),#119);
#154=PRESENTATION_STYLE_ASSIGNMENT((#153));
#155=STYLED_ITEM('',(#154),#152);
#156=DIRECTION('',(-1.E0,-2.282621252244E-13,-6.931084323221E-14));
#157=VECTOR('',#156,1.867702059800E0);
#158=CARTESIAN_POINT('',(-3.604302979402E2,2.007382975497E2,-1.361489019183E0));
#159=LINE('',#158,#157);
#160=CURVE_STYLE('',#135,POSITIVE_LENGTH_MEASURE(2.E-2),#119);
#161=PRESENTATION_STYLE_ASSIGNMENT((#160));
#162=STYLED_ITEM('',(#161),#159);
#163=CARTESIAN_POINT('',(-3.62298E2,2.008705954899E2,-1.843668710811E0));
#164=DIRECTION('',(-1.E0,0.E0,0.E0));
#165=DIRECTION('',(0.E0,-6.143479326698E-2,9.981110991148E-1));
#166=AXIS2_PLACEMENT_3D('',#163,#164,#165);
#168=CURVE_STYLE('',#135,POSITIVE_LENGTH_MEASURE(2.E-2),#119);
#169=PRESENTATION_STYLE_ASSIGNMENT((#168));
#170=STYLED_ITEM('',(#169),#167);
#171=CARTESIAN_POINT('',(-3.62298E2,2.008705954899E2,-1.843668710811E0));
#172=DIRECTION('',(-6.514559101964E-2,9.959908813835E-1,6.130429162429E-2));
#173=DIRECTION('',(-7.253317052455E-1,-8.945481653245E-2,6.825626368069E-1));
#174=AXIS2_PLACEMENT_3D('',#171,#172,#173);
#176=CURVE_STYLE('',#135,POSITIVE_LENGTH_MEASURE(2.E-2),#119);
#177=PRESENTATION_STYLE_ASSIGNMENT((#176));
#178=STYLED_ITEM('',(#177),#175);
#179=CARTESIAN_POINT('',(-3.62298E2,2.008705954899E2,-1.843668710811E0));
#180=DIRECTION('',(6.514559101984E-2,-9.959908813835E-1,-6.130429162408E-2));
#181=DIRECTION('',(-7.253317052455E-1,-8.945481653245E-2,6.825626368069E-1));
#182=AXIS2_PLACEMENT_3D('',#179,#180,#181);
#184=CURVE_STYLE('',#135,POSITIVE_LENGTH_MEASURE(2.E-2),#119);
#185=PRESENTATION_STYLE_ASSIGNMENT((#184));
#186=STYLED_ITEM('',(#185),#183);
#187=CARTESIAN_POINT('',(-3.62298E2,2.008705954899E2,-1.843668710811E0));
#188=DIRECTION('',(0.E0,9.643593832567E-1,2.645958804003E-1));
#189=DIRECTION('',(-1.E0,0.E0,0.E0));
#190=AXIS2_PLACEMENT_3D('',#187,#188,#189);
#192=CURVE_STYLE('',#135,POSITIVE_LENGTH_MEASURE(2.E-2),#119);
#193=PRESENTATION_STYLE_ASSIGNMENT((#192));
#194=STYLED_ITEM('',(#193),#191);
#195=CARTESIAN_POINT('',(-3.62298E2,2.008705954899E2,-1.843668710811E0));
#196=DIRECTION('',(0.E0,1.E0,0.E0));
#197=DIRECTION('',(-1.E0,0.E0,0.E0));
#198=AXIS2_PLACEMENT_3D('',#195,#196,#197);
#200=CURVE_STYLE('',#135,POSITIVE_LENGTH_MEASURE(2.E-2),#119);
#201=PRESENTATION_STYLE_ASSIGNMENT((#200));
#202=STYLED_ITEM('',(#201),#199);
#203=CARTESIAN_POINT('',(-3.62298E2,2.008705954899E2,-1.843668710811E0));
#204=DIRECTION('',(-1.E0,0.E0,0.E0));
#205=DIRECTION('',(0.E0,-2.645958804003E-1,9.643593832567E-1));
#206=AXIS2_PLACEMENT_3D('',#203,#204,#205);
#208=CURVE_STYLE('',#135,POSITIVE_LENGTH_MEASURE(2.E-2),#119);
#209=PRESENTATION_STYLE_ASSIGNMENT((#208));
#210=STYLED_ITEM('',(#209),#207);
#211=CARTESIAN_POINT('',(-3.62298E2,2.008705954899E2,-1.843668710811E0));
#212=DIRECTION('',(0.E0,9.643593832567E-1,2.645958804003E-1));
#213=DIRECTION('',(-9.527853142E-1,-8.034315467916E-2,2.928226810563E-1));
#214=AXIS2_PLACEMENT_3D('',#211,#212,#213);
#216=CURVE_STYLE('',#135,POSITIVE_LENGTH_MEASURE(2.E-2),#119);
#217=PRESENTATION_STYLE_ASSIGNMENT((#216));
#218=STYLED_ITEM('',(#217),#215);
#219=DIRECTION('',(0.E0,-9.643593832567E-1,-2.645958804003E-1));
#220=VECTOR('',#219,2.428890170760E1);
#221=CARTESIAN_POINT('',(-3.62298E2,2.007382975497E2,-1.361489019183E0));
#222=LINE('',#221,#220);
#223=CURVE_STYLE('',#135,POSITIVE_LENGTH_MEASURE(2.E-2),#119);
#224=PRESENTATION_STYLE_ASSIGNMENT((#223));
#225=STYLED_ITEM('',(#224),#222);
#226=CARTESIAN_POINT('',(-3.62798E2,1.768150672789E2,-8.443898641660E0));
#227=CARTESIAN_POINT('',(-3.62798E2,1.768286450665E2,-8.426093646439E0));
#228=CARTESIAN_POINT('',(-3.627968975513E2,1.768556551791E2,-8.390674405681E0));
#229=CARTESIAN_POINT('',(-3.627919896739E2,1.768957807336E2,-8.338056458725E0));
#230=CARTESIAN_POINT('',(-3.627839473130E2,1.769349911365E2,-8.286638579840E0));
#231=CARTESIAN_POINT('',(-3.627729821578E2,1.769728664906E2,-8.236971393969E0));
#232=CARTESIAN_POINT('',(-3.627593664749E2,1.770090447739E2,-8.189529632205E0));
#233=CARTESIAN_POINT('',(-3.627434231840E2,1.770432342747E2,-8.144695825934E0));
#234=CARTESIAN_POINT('',(-3.627254720551E2,1.770752658876E2,-8.102691728233E0));
#235=CARTESIAN_POINT('',(-3.627058766172E2,1.771049731185E2,-8.063735668439E0));
#236=CARTESIAN_POINT('',(-3.626849401393E2,1.771323353766E2,-8.027854647767E0));
#237=CARTESIAN_POINT('',(-3.626630023925E2,1.771573076052E2,-7.995107750826E0));
#238=CARTESIAN_POINT('',(-3.626403094579E2,1.771799703190E2,-7.965389395792E0));
#239=CARTESIAN_POINT('',(-3.626171329159E2,1.772003724793E2,-7.938635378263E0));
#240=CARTESIAN_POINT('',(-3.625936506477E2,1.772186449907E2,-7.914674038734E0));
#241=CARTESIAN_POINT('',(-3.625700300004E2,1.772349048737E2,-7.893351924309E0));
#242=CARTESIAN_POINT('',(-3.625464145837E2,1.772492747357E2,-7.874508256075E0));
#243=CARTESIAN_POINT('',(-3.625228773772E2,1.772619001656E2,-7.857952118487E0));
#244=CARTESIAN_POINT('',(-3.624995261758E2,1.772728908812E2,-7.843539634967E0));
#245=CARTESIAN_POINT('',(-3.624763470002E2,1.772823949863E2,-7.831076592342E0));
#246=CARTESIAN_POINT('',(-3.624534212412E2,1.772904999014E2,-7.820448353075E0));
#247=CARTESIAN_POINT('',(-3.624307038220E2,1.772973252604E2,-7.811498037393E0));
#248=CARTESIAN_POINT('',(-3.624082148796E2,1.773029486906E2,-7.804123850159E0));
#249=CARTESIAN_POINT('',(-3.623859068125E2,1.773074513213E2,-7.798219403827E0));
#250=CARTESIAN_POINT('',(-3.623637772578E2,1.773108882221E2,-7.793712483848E0));
#251=CARTESIAN_POINT('',(-3.623417698857E2,1.773133100590E2,-7.790536650217E0));
#252=CARTESIAN_POINT('',(-3.623198698770E2,1.773147488548E2,-7.788649910412E0));
#253=CARTESIAN_POINT('',(-3.623052787238E2,1.773150672789E2,-7.788232350463E0));
#254=CARTESIAN_POINT('',(-3.62298E2,1.773150672789E2,-7.788232350463E0));
#256=CURVE_STYLE('',#135,POSITIVE_LENGTH_MEASURE(2.E-2),#119);
#257=PRESENTATION_STYLE_ASSIGNMENT((#256));
#258=STYLED_ITEM('',(#257),#255);
#259=DIRECTION('',(0.E0,-9.643593832567E-1,-2.645958804004E-1));
#260=VECTOR('',#259,2.494456799880E1);
#261=CARTESIAN_POINT('',(-3.62798E2,2.008705954899E2,-1.843668710811E0));
#262=LINE('',#261,#260);
#263=CURVE_STYLE('',#135,POSITIVE_LENGTH_MEASURE(2.E-2),#119);
#264=PRESENTATION_STYLE_ASSIGNMENT((#263));
#265=STYLED_ITEM('',(#264),#262);
#266=DIRECTION('',(0.E0,9.643593832567E-1,2.645958804003E-1));
#267=VECTOR('',#266,2.443106724595E1);
#268=CARTESIAN_POINT('',(-3.62798E2,1.772477181262E2,-8.843669074617E0));
#269=LINE('',#268,#267);
#270=CURVE_STYLE('',#135,POSITIVE_LENGTH_MEASURE(2.E-2),#119);
#271=PRESENTATION_STYLE_ASSIGNMENT((#270));
#272=STYLED_ITEM('',(#271),#269);
#273=CARTESIAN_POINT('',(-3.62798E2,2.010726429482E2,-3.343668710811E0));
#274=DIRECTION('',(-1.E0,0.E0,0.E0));
#275=DIRECTION('',(0.E0,-2.645958804004E-1,9.643593832566E-1));
#276=AXIS2_PLACEMENT_3D('',#273,#274,#275);
#278=CURVE_STYLE('',#135,POSITIVE_LENGTH_MEASURE(2.E-2),#119);
#279=PRESENTATION_STYLE_ASSIGNMENT((#278));
#280=STYLED_ITEM('',(#279),#277);
#281=DIRECTION('',(0.E0,0.E0,-1.E0));
#282=VECTOR('',#281,5.E-1);
#283=CARTESIAN_POINT('',(-3.62798E2,2.049E2,-1.843668710811E0));
#284=LINE('',#283,#282);
#285=CURVE_STYLE('',#135,POSITIVE_LENGTH_MEASURE(2.E-2),#119);
#286=PRESENTATION_STYLE_ASSIGNMENT((#285));
#287=STYLED_ITEM('',(#286),#284);
#288=DIRECTION('',(-1.136868377216E-13,0.E0,-1.E0));
#289=VECTOR('',#288,5.E-1);
#290=CARTESIAN_POINT('',(-3.62298E2,2.054E2,-1.843668710811E0));
#291=LINE('',#290,#289);
#292=CURVE_STYLE('',#135,POSITIVE_LENGTH_MEASURE(2.E-2),#119);
#293=PRESENTATION_STYLE_ASSIGNMENT((#292));
#294=STYLED_ITEM('',(#293),#291);
#295=CARTESIAN_POINT('',(-3.62298E2,2.049E2,-2.343668710811E0));
#296=DIRECTION('',(1.E0,0.E0,0.E0));
#297=DIRECTION('',(0.E0,9.045340337333E-1,-4.264014327112E-1));
#298=AXIS2_PLACEMENT_3D('',#295,#296,#297);
#300=CURVE_STYLE('',#135,POSITIVE_LENGTH_MEASURE(2.E-2),#119);
#301=PRESENTATION_STYLE_ASSIGNMENT((#300));
#302=STYLED_ITEM('',(#301),#299);
#303=CARTESIAN_POINT('',(-3.62298E2,2.049E2,-2.343668710811E0));
#304=DIRECTION('',(0.E0,0.E0,-1.E0));
#305=DIRECTION('',(-1.E0,0.E0,0.E0));
#306=AXIS2_PLACEMENT_3D('',#303,#304,#305);
#308=CURVE_STYLE('',#135,POSITIVE_LENGTH_MEASURE(2.E-2),#119);
#309=PRESENTATION_STYLE_ASSIGNMENT((#308));
#310=STYLED_ITEM('',(#309),#307);
#311=CARTESIAN_POINT('',(-3.62298E2,2.049E2,-2.343668710811E0));
#312=DIRECTION('',(0.E0,-1.E0,0.E0));
#313=DIRECTION('',(-1.E0,0.E0,0.E0));
#314=AXIS2_PLACEMENT_3D('',#311,#312,#313);
#316=CURVE_STYLE('',#135,POSITIVE_LENGTH_MEASURE(2.E-2),#119);
#317=PRESENTATION_STYLE_ASSIGNMENT((#316));
#318=STYLED_ITEM('',(#317),#315);
#319=DIRECTION('',(1.E0,0.E0,0.E0));
#320=VECTOR('',#319,1.E1);
#321=CARTESIAN_POINT('',(-3.62298E2,2.049E2,-2.843668710811E0));
#322=LINE('',#321,#320);
#323=CURVE_STYLE('',#135,POSITIVE_LENGTH_MEASURE(2.E-2),#119);
#324=PRESENTATION_STYLE_ASSIGNMENT((#323));
#325=STYLED_ITEM('',(#324),#322);
#326=DIRECTION('',(1.E0,0.E0,0.E0));
#327=VECTOR('',#326,9.5E0);
#328=CARTESIAN_POINT('',(-3.62298E2,2.054E2,-2.343668710811E0));
#329=LINE('',#328,#327);
#330=CURVE_STYLE('',#135,POSITIVE_LENGTH_MEASURE(2.E-2),#119);
#331=PRESENTATION_STYLE_ASSIGNMENT((#330));
#332=STYLED_ITEM('',(#331),#329);
#333=DIRECTION('',(0.E0,-1.E0,0.E0));
#334=VECTOR('',#333,2.525757566924E1);
#335=CARTESIAN_POINT('',(-3.59598E2,2.010726429482E2,-2.843668710811E0));
#336=LINE('',#335,#334);
#337=CURVE_STYLE('',#135,POSITIVE_LENGTH_MEASURE(2.E-2),#119);
#338=PRESENTATION_STYLE_ASSIGNMENT((#337));
#339=STYLED_ITEM('',(#338),#336);
#340=DIRECTION('',(1.E0,0.E0,0.E0));
#341=VECTOR('',#340,1.4545E1);
#342=CARTESIAN_POINT('',(-3.59598E2,1.758150672789E2,-2.843668710811E0));
#343=LINE('',#342,#341);
#344=CURVE_STYLE('',#135,POSITIVE_LENGTH_MEASURE(2.E-2),#119);
#345=PRESENTATION_STYLE_ASSIGNMENT((#344));
#346=STYLED_ITEM('',(#345),#343);
#347=CARTESIAN_POINT('',(-3.44053E2,1.801330255893E2,-2.843668710811E0));
#348=CARTESIAN_POINT('',(-3.440049706815E2,1.801330255893E2,-2.843668710811E0));
#349=CARTESIAN_POINT('',(-3.439253140265E2,1.801166236072E2,-2.843668710811E0));
#350=CARTESIAN_POINT('',(-3.437973027060E2,1.800525176536E2,-2.843668710811E0));
#351=CARTESIAN_POINT('',(-3.436780956795E2,1.799315780875E2,-2.843668710811E0));
#352=CARTESIAN_POINT('',(-3.435826436325E2,1.797388542233E2,-2.843668710811E0));
#353=CARTESIAN_POINT('',(-3.43553E2,1.795763805817E2,-2.843668710811E0));
#354=CARTESIAN_POINT('',(-3.43553E2,1.794803219446E2,-2.843668710811E0));
#356=CURVE_STYLE('',#135,POSITIVE_LENGTH_MEASURE(2.E-2),#119);
#357=PRESENTATION_STYLE_ASSIGNMENT((#356));
#358=STYLED_ITEM('',(#357),#355);
#359=DIRECTION('',(0.E0,1.E0,0.E0));
#360=VECTOR('',#359,3.576697441066E1);
#361=CARTESIAN_POINT('',(-3.51298E2,1.801330255893E2,-2.843668710811E0));
#362=LINE('',#361,#360);
#363=CURVE_STYLE('',#135,POSITIVE_LENGTH_MEASURE(2.E-2),#119);
#364=PRESENTATION_STYLE_ASSIGNMENT((#363));
#365=STYLED_ITEM('',(#364),#362);
#366=DIRECTION('',(-1.E0,-2.842170943041E-14,0.E0));
#367=VECTOR('',#366,9.999999999999E-1);
#368=CARTESIAN_POINT('',(-3.51298E2,2.159E2,-2.843668710811E0));
#369=LINE('',#368,#367);
#370=CURVE_STYLE('',#135,POSITIVE_LENGTH_MEASURE(2.E-2),#119);
#371=PRESENTATION_STYLE_ASSIGNMENT((#370));
#372=STYLED_ITEM('',(#371),#369);
#373=DIRECTION('',(-1.E0,0.E0,-1.598721155460E-14));
#374=VECTOR('',#373,1.E0);
#375=CARTESIAN_POINT('',(-3.51298E2,2.164E2,-2.343668710811E0));
#376=LINE('',#375,#374);
#377=CURVE_STYLE('',#135,POSITIVE_LENGTH_MEASURE(2.E-2),#119);
#378=PRESENTATION_STYLE_ASSIGNMENT((#377));
#379=STYLED_ITEM('',(#378),#376);
#380=CARTESIAN_POINT('',(-3.52298E2,2.159E2,-2.343668710811E0));
#381=DIRECTION('',(-1.E0,0.E0,0.E0));
#382=DIRECTION('',(0.E0,9.045340337333E-1,-4.264014327112E-1));
#383=AXIS2_PLACEMENT_3D('',#380,#381,#382);
#385=CURVE_STYLE('',#135,POSITIVE_LENGTH_MEASURE(2.E-2),#119);
#386=PRESENTATION_STYLE_ASSIGNMENT((#385));
#387=STYLED_ITEM('',(#386),#384);
#388=CARTESIAN_POINT('',(-3.52298E2,2.159E2,-2.343668710811E0));
#389=DIRECTION('',(2.886751345948E-1,-4.082482904639E-1,-8.660254037844E-1));
#390=DIRECTION('',(-5.E-1,7.071067811866E-1,-5.E-1));
#391=AXIS2_PLACEMENT_3D('',#388,#389,#390);
#393=CURVE_STYLE('',#135,POSITIVE_LENGTH_MEASURE(2.E-2),#119);
#394=PRESENTATION_STYLE_ASSIGNMENT((#393));
#395=STYLED_ITEM('',(#394),#392);
#396=CARTESIAN_POINT('',(-3.52298E2,2.159E2,-2.343668710811E0));
#397=DIRECTION('',(-2.886751345950E-1,4.082482904637E-1,8.660254037844E-1));
#398=DIRECTION('',(-5.E-1,7.071067811866E-1,-5.E-1));
#399=AXIS2_PLACEMENT_3D('',#396,#397,#398);
#401=CURVE_STYLE('',#135,POSITIVE_LENGTH_MEASURE(2.E-2),#119);
#402=PRESENTATION_STYLE_ASSIGNMENT((#401));
#403=STYLED_ITEM('',(#402),#400);
#404=CARTESIAN_POINT('',(-3.52298E2,2.159E2,-2.343668710811E0));
#405=DIRECTION('',(0.E0,1.E0,0.E0));
#406=DIRECTION('',(0.E0,0.E0,-1.E0));
#407=AXIS2_PLACEMENT_3D('',#404,#405,#406);
#409=CURVE_STYLE('',#135,POSITIVE_LENGTH_MEASURE(2.E-2),#119);
#410=PRESENTATION_STYLE_ASSIGNMENT((#409));
#411=STYLED_ITEM('',(#410),#408);
#412=CARTESIAN_POINT('',(-3.52298E2,2.159E2,-2.343668710811E0));
#413=DIRECTION('',(-1.E0,0.E0,0.E0));
#414=DIRECTION('',(0.E0,1.E0,0.E0));
#415=AXIS2_PLACEMENT_3D('',#412,#413,#414);
#417=CURVE_STYLE('',#135,POSITIVE_LENGTH_MEASURE(2.E-2),#119);
#418=PRESENTATION_STYLE_ASSIGNMENT((#417));
#419=STYLED_ITEM('',(#418),#416);
#420=CARTESIAN_POINT('',(-3.52298E2,2.159E2,-2.343668710811E0));
#421=DIRECTION('',(0.E0,0.E0,-1.E0));
#422=DIRECTION('',(-1.E0,0.E0,0.E0));
#423=AXIS2_PLACEMENT_3D('',#420,#421,#422);
#425=CURVE_STYLE('',#135,POSITIVE_LENGTH_MEASURE(2.E-2),#119);
#426=PRESENTATION_STYLE_ASSIGNMENT((#425));
#427=STYLED_ITEM('',(#426),#424);
#428=CARTESIAN_POINT('',(-3.52298E2,2.159E2,-2.343668710811E0));
#429=DIRECTION('',(0.E0,1.E0,0.E0));
#430=DIRECTION('',(-9.486832980505E-1,0.E0,-3.162277660169E-1));
#431=AXIS2_PLACEMENT_3D('',#428,#429,#430);
#433=CURVE_STYLE('',#135,POSITIVE_LENGTH_MEASURE(2.E-2),#119);
#434=PRESENTATION_STYLE_ASSIGNMENT((#433));
#435=STYLED_ITEM('',(#434),#432);
#436=DIRECTION('',(0.E0,0.E0,1.E0));
#437=VECTOR('',#436,1.846108810867E0);
#438=CARTESIAN_POINT('',(-3.52798E2,2.159E2,-2.343668710811E0));
#439=LINE('',#438,#437);
#440=CURVE_STYLE('',#135,POSITIVE_LENGTH_MEASURE(2.E-2),#119);
#441=PRESENTATION_STYLE_ASSIGNMENT((#440));
#442=STYLED_ITEM('',(#441),#439);
#443=DIRECTION('',(3.610346920331E-14,0.E0,1.E0));
#444=VECTOR('',#443,1.574458635560E0);
#445=CARTESIAN_POINT('',(-3.52298E2,2.164E2,-2.343668710811E0));
#446=LINE('',#445,#444);
#447=CURVE_STYLE('',#135,POSITIVE_LENGTH_MEASURE(2.E-2),#119);
#448=PRESENTATION_STYLE_ASSIGNMENT((#447));
#449=STYLED_ITEM('',(#448),#446);
#450=CARTESIAN_POINT('',(-3.52798E2,2.159E2,-4.975598999438E-1));
#451=CARTESIAN_POINT('',(-3.52798E2,2.159217650488E2,-5.097768299196E-1));
#452=CARTESIAN_POINT('',(-3.527951601508E2,2.159650813719E2,
-5.339795431242E-1));
#453=CARTESIAN_POINT('',(-3.527826011767E2,2.160286534034E2,
-5.691982595252E-1));
#454=CARTESIAN_POINT('',(-3.527620745481E2,2.160897797160E2,
-6.027768803028E-1));
#455=CARTESIAN_POINT('',(-3.527340609579E2,2.161473450574E2,
-6.341486303253E-1));
#456=CARTESIAN_POINT('',(-3.526999350870E2,2.161995478815E2,
-6.624105466268E-1));
#457=CARTESIAN_POINT('',(-3.526600541417E2,2.162466295820E2,
-6.877403908045E-1));
#458=CARTESIAN_POINT('',(-3.526159721033E2,2.162873945144E2,
-7.095206963450E-1));
#459=CARTESIAN_POINT('',(-3.525680506917E2,2.163221559462E2,
-7.280365203688E-1));
#460=CARTESIAN_POINT('',(-3.525174620650E2,2.163504912980E2,
-7.430908013097E-1));
#461=CARTESIAN_POINT('',(-3.524644251220E2,2.163726458573E2,
-7.547666354055E-1));
#462=CARTESIAN_POINT('',(-3.524097232732E2,2.163884514961E2,
-7.630700854179E-1));
#463=CARTESIAN_POINT('',(-3.523541375811E2,2.163978991865E2,
-7.680743498654E-1));
#464=CARTESIAN_POINT('',(-3.523166836911E2,2.164E2,-7.692100752514E-1));
#465=CARTESIAN_POINT('',(-3.52298E2,2.164E2,-7.692100752514E-1));
#467=CURVE_STYLE('',#135,POSITIVE_LENGTH_MEASURE(2.E-2),#119);
#468=PRESENTATION_STYLE_ASSIGNMENT((#467));
#469=STYLED_ITEM('',(#468),#466);
#470=CARTESIAN_POINT('',(-3.52798E2,2.133999996082E2,3.600000110727E0));
#471=DIRECTION('',(-1.E0,0.E0,0.E0));
#472=DIRECTION('',(0.E0,-3.669705543735E-1,-9.302325581395E-1));
#473=AXIS2_PLACEMENT_3D('',#470,#471,#472);
#475=CURVE_STYLE('',#135,POSITIVE_LENGTH_MEASURE(2.E-2),#119);
#476=PRESENTATION_STYLE_ASSIGNMENT((#475));
#477=STYLED_ITEM('',(#476),#474);
#478=CARTESIAN_POINT('',(-3.52798E2,2.133999996082E2,3.600000110727E0));
#479=DIRECTION('',(-1.E0,0.E0,0.E0));
#480=DIRECTION('',(0.E0,3.669705543735E-1,9.302325581395E-1));
#481=AXIS2_PLACEMENT_3D('',#478,#479,#480);
#483=CURVE_STYLE('',#135,POSITIVE_LENGTH_MEASURE(2.E-2),#119);
#484=PRESENTATION_STYLE_ASSIGNMENT((#483));
#485=STYLED_ITEM('',(#484),#482);
#486=CARTESIAN_POINT('',(-3.52798E2,1.954E2,1.300250574417E1));
#487=DIRECTION('',(-1.E0,0.E0,0.E0));
#488=DIRECTION('',(0.E0,0.E0,1.E0));
#489=AXIS2_PLACEMENT_3D('',#486,#487,#488);
#491=CURVE_STYLE('',#135,POSITIVE_LENGTH_MEASURE(2.E-2),#119);
#492=PRESENTATION_STYLE_ASSIGNMENT((#491));
#493=STYLED_ITEM('',(#492),#490);
#494=CARTESIAN_POINT('',(-3.52798E2,2.214E2,-3.807073531142E1));
#495=DIRECTION('',(1.E0,0.E0,0.E0));
#496=DIRECTION('',(0.E0,-2.998373256131E-1,9.539903449035E-1));
#497=AXIS2_PLACEMENT_3D('',#494,#495,#496);
#499=CURVE_STYLE('',#135,POSITIVE_LENGTH_MEASURE(2.E-2),#119);
#500=PRESENTATION_STYLE_ASSIGNMENT((#499));
#501=STYLED_ITEM('',(#500),#498);
#502=CARTESIAN_POINT('',(-3.52798E2,2.046091097656E2,1.535272400318E1));
#503=DIRECTION('',(1.E0,0.E0,0.E0));
#504=DIRECTION('',(0.E0,1.E0,0.E0));
#505=AXIS2_PLACEMENT_3D('',#502,#503,#504);
#507=CURVE_STYLE('',#135,POSITIVE_LENGTH_MEASURE(2.E-2),#119);
#508=PRESENTATION_STYLE_ASSIGNMENT((#507));
#509=STYLED_ITEM('',(#508),#506);
#510=CARTESIAN_POINT('',(-3.52798E2,2.046091097656E2,1.514304114861E1));
#511=DIRECTION('',(1.E0,0.E0,0.E0));
#512=DIRECTION('',(0.E0,3.009120113683E-1,-9.536519078858E-1));
#513=AXIS2_PLACEMENT_3D('',#510,#511,#512);
#515=CURVE_STYLE('',#135,POSITIVE_LENGTH_MEASURE(2.E-2),#119);
#516=PRESENTATION_STYLE_ASSIGNMENT((#515));
#517=STYLED_ITEM('',(#516),#514);
#518=CARTESIAN_POINT('',(-3.52798E2,2.214E2,-3.807073531142E1));
#519=DIRECTION('',(1.E0,0.E0,0.E0));
#520=DIRECTION('',(0.E0,-3.009120113680E-1,9.536519078859E-1));
#521=AXIS2_PLACEMENT_3D('',#518,#519,#520);
#523=CURVE_STYLE('',#135,POSITIVE_LENGTH_MEASURE(2.E-2),#119);
#524=PRESENTATION_STYLE_ASSIGNMENT((#523));
#525=STYLED_ITEM('',(#524),#522);
#526=CARTESIAN_POINT('',(-3.52798E2,1.954E2,1.300250574417E1));
#527=DIRECTION('',(-1.E0,0.E0,0.E0));
#528=DIRECTION('',(0.E0,9.581286431054E-1,-2.863380925777E-1));
#529=AXIS2_PLACEMENT_3D('',#526,#527,#528);
#531=CURVE_STYLE('',#135,POSITIVE_LENGTH_MEASURE(2.E-2),#119);
#532=PRESENTATION_STYLE_ASSIGNMENT((#531));
#533=STYLED_ITEM('',(#532),#530);
#534=CARTESIAN_POINT('',(-3.52798E2,1.954E2,1.300250574417E1));
#535=DIRECTION('',(-1.E0,0.E0,0.E0));
#536=DIRECTION('',(0.E0,0.E0,-1.E0));
#537=AXIS2_PLACEMENT_3D('',#534,#535,#536);
#539=CURVE_STYLE('',#135,POSITIVE_LENGTH_MEASURE(2.E-2),#119);
#540=PRESENTATION_STYLE_ASSIGNMENT((#539));
#541=STYLED_ITEM('',(#540),#538);
#542=CARTESIAN_POINT('',(-3.527979999999E2,2.061717871997E2,2.772840143893E1));
#543=CARTESIAN_POINT('',(-3.527979999999E2,2.061842902163E2,2.773442054915E1));
#544=CARTESIAN_POINT('',(-3.52798E2,2.062103146905E2,2.774716187805E1));
#545=CARTESIAN_POINT('',(-3.52798E2,2.062422634567E2,2.776360132673E1));
#546=CARTESIAN_POINT('',(-3.52798E2,2.062657676835E2,2.777635158408E1));
#547=CARTESIAN_POINT('',(-3.52798E2,2.062869060023E2,2.778839573854E1));
#548=CARTESIAN_POINT('',(-3.52798E2,2.063131768697E2,2.780434627365E1));
#549=CARTESIAN_POINT('',(-3.52798E2,2.063437032109E2,2.782488014197E1));
#550=CARTESIAN_POINT('',(-3.52798E2,2.063846460819E2,2.785492286026E1));
#551=CARTESIAN_POINT('',(-3.52798E2,2.064353984183E2,2.789679164747E1));
#552=CARTESIAN_POINT('',(-3.52798E2,2.064932274039E2,2.795227437223E1));
#553=CARTESIAN_POINT('',(-3.52798E2,2.065450566972E2,2.801097433119E1));
#554=CARTESIAN_POINT('',(-3.52798E2,2.065920682122E2,2.807352096348E1));
#555=CARTESIAN_POINT('',(-3.52798E2,2.066339796079E2,2.813941123221E1));
#556=CARTESIAN_POINT('',(-3.52798E2,2.066706280886E2,2.820824772458E1));
#557=CARTESIAN_POINT('',(-3.52798E2,2.067018182140E2,2.827962416941E1));
#558=CARTESIAN_POINT('',(-3.52798E2,2.067231076827E2,2.834082411561E1));
#559=CARTESIAN_POINT('',(-3.52798E2,2.067372199295E2,2.839072239751E1));
#560=CARTESIAN_POINT('',(-3.52798E2,2.067493668977E2,2.844078576861E1));
#561=CARTESIAN_POINT('',(-3.52798E2,2.067605992796E2,2.850924918897E1));
#562=CARTESIAN_POINT('',(-3.52798E2,2.067669112337E2,2.857657859115E1));
#563=CARTESIAN_POINT('',(-3.52798E2,2.067693262350E2,2.862506979243E1));
#564=CARTESIAN_POINT('',(-3.52798E2,2.067696257953E2,2.865673688997E1));
#565=CARTESIAN_POINT('',(-3.52798E2,2.067695459969E2,2.868561112245E1));
#566=CARTESIAN_POINT('',(-3.52798E2,2.067695721097E2,2.872267677920E1));
#567=CARTESIAN_POINT('',(-3.52798E2,2.067695592716E2,2.876610676299E1));
#568=CARTESIAN_POINT('',(-3.52798E2,2.067695633492E2,2.881610094076E1));
#569=CARTESIAN_POINT('',(-3.52798E2,2.067695622030E2,2.886588856432E1));
#570=CARTESIAN_POINT('',(-3.52798E2,2.067695624229E2,2.891840545835E1));
#571=CARTESIAN_POINT('',(-3.52798E2,2.067695623552E2,2.897092567626E1));
#572=CARTESIAN_POINT('',(-3.52798E2,2.067695620170E2,2.901433423489E1));
#573=CARTESIAN_POINT('',(-3.52798E2,2.067695623785E2,2.904023672489E1));
#574=CARTESIAN_POINT('',(-3.52798E2,2.067695623619E2,2.904863239624E1));
#576=CURVE_STYLE('',#135,POSITIVE_LENGTH_MEASURE(2.E-2),#119);
#577=PRESENTATION_STYLE_ASSIGNMENT((#576));
#578=STYLED_ITEM('',(#577),#575);
#579=CARTESIAN_POINT('',(-3.527979999993E2,1.998528838666E2,2.299115229782E1));
#580=CARTESIAN_POINT('',(-3.527979999993E2,1.999738717343E2,2.313533536168E1));
#581=CARTESIAN_POINT('',(-3.527979999982E2,2.003309050138E2,2.354690202405E1));
#582=CARTESIAN_POINT('',(-3.527979999991E2,2.011948846603E2,2.445345414587E1));
#583=CARTESIAN_POINT('',(-3.527979999987E2,2.022603753390E2,2.538325860437E1));
#584=CARTESIAN_POINT('',(-3.527979999988E2,2.034009264586E2,2.620863129340E1));
#585=CARTESIAN_POINT('',(-3.527979999987E2,2.041429945243E2,2.667980777434E1));
#586=CARTESIAN_POINT('',(-3.527979999988E2,2.047528864036E2,2.702919165279E1));
#587=CARTESIAN_POINT('',(-3.527979999986E2,2.052181082791E2,2.727726063937E1));
#588=CARTESIAN_POINT('',(-3.527979999990E2,2.056120207049E2,2.747221394502E1));
#589=CARTESIAN_POINT('',(-3.527979999982E2,2.059307438997E2,2.762096657669E1));
#590=CARTESIAN_POINT('',(-3.527979999999E2,2.060912479665E2,2.769301782175E1));
#591=CARTESIAN_POINT('',(-3.527979999999E2,2.061717871997E2,2.772840143893E1));
#593=CURVE_STYLE('',#135,POSITIVE_LENGTH_MEASURE(2.E-2),#119);
#594=PRESENTATION_STYLE_ASSIGNMENT((#593));
#595=STYLED_ITEM('',(#594),#592);
#596=DIRECTION('',(-2.081245102224E-11,-6.427872481987E-1,-7.660447464431E-1));
#597=VECTOR('',#596,3.176684015081E1);
#598=CARTESIAN_POINT('',(-3.527979999993E2,1.998528838666E2,2.299115229782E1));
#599=LINE('',#598,#597);
#600=CURVE_STYLE('',#135,POSITIVE_LENGTH_MEASURE(2.E-2),#119);
#601=PRESENTATION_STYLE_ASSIGNMENT((#600));
#602=STYLED_ITEM('',(#601),#599);
#603=DIRECTION('',(0.E0,1.E0,0.E0));
#604=VECTOR('',#603,2.546643589790E1);
#605=CARTESIAN_POINT('',(-3.52798E2,1.794335641021E2,-1.343668710811E0));
#606=LINE('',#605,#604);
#607=CURVE_STYLE('',#135,POSITIVE_LENGTH_MEASURE(2.E-2),#119);
#608=PRESENTATION_STYLE_ASSIGNMENT((#607));
#609=STYLED_ITEM('',(#608),#606);
#610=CARTESIAN_POINT('',(-3.52798E2,2.049E2,-1.843668710811E0));
#611=DIRECTION('',(1.E0,0.E0,0.E0));
#612=DIRECTION('',(0.E0,1.E0,0.E0));
#613=AXIS2_PLACEMENT_3D('',#610,#611,#612);
#615=CURVE_STYLE('',#135,POSITIVE_LENGTH_MEASURE(2.E-2),#119);
#616=PRESENTATION_STYLE_ASSIGNMENT((#615));
#617=STYLED_ITEM('',(#616),#614);
#618=DIRECTION('',(0.E0,0.E0,-1.E0));
#619=VECTOR('',#618,5.E-1);
#620=CARTESIAN_POINT('',(-3.52798E2,2.054E2,-1.843668710811E0));
#621=LINE('',#620,#619);
#622=CURVE_STYLE('',#135,POSITIVE_LENGTH_MEASURE(2.E-2),#119);
#623=PRESENTATION_STYLE_ASSIGNMENT((#622));
#624=STYLED_ITEM('',(#623),#621);
#625=CARTESIAN_POINT('',(-3.52798E2,2.133999996082E2,3.600000110727E0));
#626=DIRECTION('',(-1.E0,0.E0,0.E0));
#627=DIRECTION('',(0.E0,-2.083332517102E-1,9.780579002451E-1));
#628=AXIS2_PLACEMENT_3D('',#625,#626,#627);
#630=CURVE_STYLE('',#135,POSITIVE_LENGTH_MEASURE(2.E-2),#119);
#631=PRESENTATION_STYLE_ASSIGNMENT((#630));
#632=STYLED_ITEM('',(#631),#629);
#633=CARTESIAN_POINT('',(-3.52798E2,2.094946418799E2,2.480250574417E1));
#634=DIRECTION('',(1.E0,0.E0,0.E0));
#635=DIRECTION('',(0.E0,-1.017198021720E-13,1.E0));
#636=AXIS2_PLACEMENT_3D('',#633,#634,#635);
#638=CURVE_STYLE('',#135,POSITIVE_LENGTH_MEASURE(2.E-2),#119);
#639=PRESENTATION_STYLE_ASSIGNMENT((#638));
#640=STYLED_ITEM('',(#639),#637);
#641=CARTESIAN_POINT('',(-3.52298E2,2.133999996082E2,3.600000110727E0));
#642=DIRECTION('',(-1.E0,0.E0,0.E0));
#643=DIRECTION('',(0.E0,-3.894381207092E-1,-9.210526315789E-1));
#644=AXIS2_PLACEMENT_3D('',#641,#642,#643);
#646=CURVE_STYLE('',#135,POSITIVE_LENGTH_MEASURE(2.E-2),#119);
#647=PRESENTATION_STYLE_ASSIGNMENT((#646));
#648=STYLED_ITEM('',(#647),#645);
#649=DIRECTION('',(0.E0,1.E0,0.E0));
#650=VECTOR('',#649,2.959729717390E0);
#651=CARTESIAN_POINT('',(-3.52298E2,2.119201347495E2,1.000001107267E-1));
#652=LINE('',#651,#650);
#653=CURVE_STYLE('',#135,POSITIVE_LENGTH_MEASURE(2.E-2),#119);
#654=PRESENTATION_STYLE_ASSIGNMENT((#653));
#655=STYLED_ITEM('',(#654),#652);
#656=CARTESIAN_POINT('',(-3.52798E2,2.118220262244E2,-3.999998892734E-1));
#657=CARTESIAN_POINT('',(-3.52798E2,2.118258843662E2,-3.797064055531E-1));
#658=CARTESIAN_POINT('',(-3.527955277974E2,2.118336323279E2,
-3.391060883928E-1));
#659=CARTESIAN_POINT('',(-3.527844199775E2,2.118451845110E2,
-2.790110208289E-1));
#660=CARTESIAN_POINT('',(-3.527660738524E2,2.118564837142E2,
-2.206670875238E-1));
#661=CARTESIAN_POINT('',(-3.527406193803E2,2.118673875226E2,
-1.647634821592E-1));
#662=CARTESIAN_POINT('',(-3.527088192574E2,2.118775864044E2,
-1.128568264911E-1));
#663=CARTESIAN_POINT('',(-3.526712084273E2,2.118869645242E2,
-6.543623657082E-2));
#664=CARTESIAN_POINT('',(-3.526281963960E2,2.118954101703E2,
-2.291984143644E-2));
#665=CARTESIAN_POINT('',(-3.525803448873E2,2.119028084225E2,1.412414371187E-2));
#666=CARTESIAN_POINT('',(-3.525285387858E2,2.119090267030E2,4.503487156020E-2));
#667=CARTESIAN_POINT('',(-3.524737232469E2,2.119139403607E2,6.937809578313E-2));
#668=CARTESIAN_POINT('',(-3.524164904120E2,2.119174864601E2,8.698356895441E-2));
#669=CARTESIAN_POINT('',(-3.523576230872E2,2.119196456935E2,9.762949049445E-2));
#670=CARTESIAN_POINT('',(-3.523178662475E2,2.119201347495E2,1.000001107267E-1));
#671=CARTESIAN_POINT('',(-3.52298E2,2.119201347495E2,1.000001107267E-1));
#673=CURVE_STYLE('',#135,POSITIVE_LENGTH_MEASURE(2.E-2),#119);
#674=PRESENTATION_STYLE_ASSIGNMENT((#673));
#675=STYLED_ITEM('',(#674),#672);
#676=DIRECTION('',(0.E0,1.E0,0.E0));
#677=VECTOR('',#676,3.155946767611E0);
#678=CARTESIAN_POINT('',(-3.52798E2,2.118220262244E2,-3.999998892734E-1));
#679=LINE('',#678,#677);
#680=CURVE_STYLE('',#135,POSITIVE_LENGTH_MEASURE(2.E-2),#119);
#681=PRESENTATION_STYLE_ASSIGNMENT((#680));
#682=STYLED_ITEM('',(#681),#679);
#683=CARTESIAN_POINT('',(-3.52298E2,2.148798644669E2,1.000001107267E-1));
#684=CARTESIAN_POINT('',(-3.523179184224E2,2.148798644669E2,1.000001107267E-1));
#685=CARTESIAN_POINT('',(-3.523577721822E2,2.148803560798E2,9.761705184648E-2));
#686=CARTESIAN_POINT('',(-3.524167583483E2,2.148825250007E2,8.692294966331E-2));
#687=CARTESIAN_POINT('',(-3.524740751410E2,2.148860846831E2,6.924986041611E-2));
#688=CARTESIAN_POINT('',(-3.525289367251E2,2.148910136139E2,4.483123407340E-2));
#689=CARTESIAN_POINT('',(-3.525807527119E2,2.148972463219E2,1.384714373688E-2));
#690=CARTESIAN_POINT('',(-3.526285683480E2,2.149046542291E2,
-2.324723167121E-2));
#691=CARTESIAN_POINT('',(-3.526714981860E2,2.149130999079E2,
-6.576517460206E-2));
#692=CARTESIAN_POINT('',(-3.527090004033E2,2.149224657207E2,
-1.131252854069E-1));
#693=CARTESIAN_POINT('',(-3.527407029835E2,2.149326448286E2,
-1.649330114083E-1));
#694=CARTESIAN_POINT('',(-3.527660882077E2,2.149435254425E2,
-2.207184907936E-1));
#695=CARTESIAN_POINT('',(-3.527844061881E2,2.149548063574E2,
-2.789679449255E-1));
#696=CARTESIAN_POINT('',(-3.527955183610E2,2.149663513779E2,
-3.390250552453E-1));
#697=CARTESIAN_POINT('',(-3.52798E2,2.149741078145E2,-3.796693988244E-1));
#698=CARTESIAN_POINT('',(-3.52798E2,2.149779729920E2,-3.999998892734E-1));
#700=CURVE_STYLE('',#135,POSITIVE_LENGTH_MEASURE(2.E-2),#119);
#701=PRESENTATION_STYLE_ASSIGNMENT((#700));
#702=STYLED_ITEM('',(#701),#699);
#703=DIRECTION('',(-1.E0,0.E0,0.E0));
#704=VECTOR('',#703,6.545E0);
#705=CARTESIAN_POINT('',(-3.45753E2,2.148798644669E2,7.100000110727E0));
#706=LINE('',#705,#704);
#707=CURVE_STYLE('',#135,POSITIVE_LENGTH_MEASURE(2.E-2),#119);
#708=PRESENTATION_STYLE_ASSIGNMENT((#707));
#709=STYLED_ITEM('',(#708),#706);
#710=DIRECTION('',(-1.E0,0.E0,0.E0));
#711=VECTOR('',#710,6.545E0);
#712=CARTESIAN_POINT('',(-3.45753E2,2.148798644669E2,1.000001107267E-1));
#713=LINE('',#712,#711);
#714=CURVE_STYLE('',#135,POSITIVE_LENGTH_MEASURE(2.E-2),#119);
#715=PRESENTATION_STYLE_ASSIGNMENT((#714));
#716=STYLED_ITEM('',(#715),#713);
#717=CARTESIAN_POINT('',(-3.52298E2,2.133999996082E2,3.600000110727E0));
#718=DIRECTION('',(-1.E0,0.E0,0.E0));
#719=DIRECTION('',(0.E0,3.894381207092E-1,9.210526315789E-1));
#720=AXIS2_PLACEMENT_3D('',#717,#718,#719);
#722=CURVE_STYLE('',#135,POSITIVE_LENGTH_MEASURE(2.E-2),#119);
#723=PRESENTATION_STYLE_ASSIGNMENT((#722));
#724=STYLED_ITEM('',(#723),#721);
#725=DIRECTION('',(0.E0,-1.E0,0.E0));
#726=VECTOR('',#725,2.959729717390E0);
#727=CARTESIAN_POINT('',(-3.52298E2,2.148798644669E2,7.100000110727E0));
#728=LINE('',#727,#726);
#729=CURVE_STYLE('',#135,POSITIVE_LENGTH_MEASURE(2.E-2),#119);
#730=PRESENTATION_STYLE_ASSIGNMENT((#729));
#731=STYLED_ITEM('',(#730),#728);
#732=CARTESIAN_POINT('',(-3.52798E2,2.149779729920E2,7.600000110727E0));
#733=CARTESIAN_POINT('',(-3.52798E2,2.149741148501E2,7.579706626989E0));
#734=CARTESIAN_POINT('',(-3.527955277974E2,2.149663668884E2,7.539106309844E0));
#735=CARTESIAN_POINT('',(-3.527844199775E2,2.149548147054E2,7.479011242480E0));
#736=CARTESIAN_POINT('',(-3.527660738525E2,2.149435155022E2,7.420667309428E0));
#737=CARTESIAN_POINT('',(-3.527406193808E2,2.149326116939E2,7.364763704454E0));
#738=CARTESIAN_POINT('',(-3.527088192580E2,2.149224128121E2,7.312857048754E0));
#739=CARTESIAN_POINT('',(-3.526712084279E2,2.149130346923E2,7.265436458673E0));
#740=CARTESIAN_POINT('',(-3.526281963966E2,2.149045890461E2,7.222920063384E0));
#741=CARTESIAN_POINT('',(-3.525803448878E2,2.148971907939E2,7.185876078040E0));
#742=CARTESIAN_POINT('',(-3.525285387862E2,2.148909725133E2,7.154965350069E0));
#743=CARTESIAN_POINT('',(-3.524737232473E2,2.148860588557E2,7.130622125817E0));
#744=CARTESIAN_POINT('',(-3.524164904122E2,2.148825127562E2,7.113016652519E0));
#745=CARTESIAN_POINT('',(-3.523576230872E2,2.148803535228E2,7.102370730952E0));
#746=CARTESIAN_POINT('',(-3.523178662475E2,2.148798644669E2,7.100000110727E0));
#747=CARTESIAN_POINT('',(-3.52298E2,2.148798644669E2,7.100000110727E0));
#749=CURVE_STYLE('',#135,POSITIVE_LENGTH_MEASURE(2.E-2),#119);
#750=PRESENTATION_STYLE_ASSIGNMENT((#749));
#751=STYLED_ITEM('',(#750),#748);
#752=DIRECTION('',(0.E0,-1.E0,-2.476584894769E-14));
#753=VECTOR('',#752,3.155946767612E0);
#754=CARTESIAN_POINT('',(-3.52798E2,2.149779729920E2,7.600000110727E0));
#755=LINE('',#754,#753);
#756=CURVE_STYLE('',#135,POSITIVE_LENGTH_MEASURE(2.E-2),#119);
#757=PRESENTATION_STYLE_ASSIGNMENT((#756));
#758=STYLED_ITEM('',(#757),#755);
#759=CARTESIAN_POINT('',(-3.52798E2,2.118220262244E2,7.600000110727E0));
#760=CARTESIAN_POINT('',(-3.52798E2,2.118258914018E2,7.579669620286E0));
#761=CARTESIAN_POINT('',(-3.527955183610E2,2.118336478384E2,7.539025276720E0));
#762=CARTESIAN_POINT('',(-3.527844061881E2,2.118451928589E2,7.478968166417E0));
#763=CARTESIAN_POINT('',(-3.527660882078E2,2.118564737738E2,7.420718712290E0));
#764=CARTESIAN_POINT('',(-3.527407029836E2,2.118673543878E2,7.364933232911E0));
#765=CARTESIAN_POINT('',(-3.527090004033E2,2.118775334956E2,7.313125506849E0));
#766=CARTESIAN_POINT('',(-3.526714981859E2,2.118868993084E2,7.265765395979E0));
#767=CARTESIAN_POINT('',(-3.526285683478E2,2.118953449873E2,7.223247452931E0));
#768=CARTESIAN_POINT('',(-3.525807527116E2,2.119027528945E2,7.186153077490E0));
#769=CARTESIAN_POINT('',(-3.525289367248E2,2.119089856025E2,7.155168987237E0));
#770=CARTESIAN_POINT('',(-3.524740751408E2,2.119139145333E2,7.130750360964E0));
#771=CARTESIAN_POINT('',(-3.524167583481E2,2.119174742156E2,7.113077271733E0));
#772=CARTESIAN_POINT('',(-3.523577721822E2,2.119196431365E2,7.102383169609E0));
#773=CARTESIAN_POINT('',(-3.523179184224E2,2.119201347495E2,7.100000110727E0));
#774=CARTESIAN_POINT('',(-3.52298E2,2.119201347495E2,7.100000110727E0));
#776=CURVE_STYLE('',#135,POSITIVE_LENGTH_MEASURE(2.E-2),#119);
#777=PRESENTATION_STYLE_ASSIGNMENT((#776));
#778=STYLED_ITEM('',(#777),#775);
#779=DIRECTION('',(-1.E0,0.E0,0.E0));
#780=VECTOR('',#779,6.545E0);
#781=CARTESIAN_POINT('',(-3.45753E2,2.119201347495E2,1.000001107267E-1));
#782=LINE('',#781,#780);
#783=CURVE_STYLE('',#135,POSITIVE_LENGTH_MEASURE(2.E-2),#119);
#784=PRESENTATION_STYLE_ASSIGNMENT((#783));
#785=STYLED_ITEM('',(#784),#782);
#786=DIRECTION('',(-1.E0,0.E0,0.E0));
#787=VECTOR('',#786,6.545E0);
#788=CARTESIAN_POINT('',(-3.45753E2,2.119201347495E2,7.100000110727E0));
#789=LINE('',#788,#787);
#790=CURVE_STYLE('',#135,POSITIVE_LENGTH_MEASURE(2.E-2),#119);
#791=PRESENTATION_STYLE_ASSIGNMENT((#790));
#792=STYLED_ITEM('',(#791),#789);
#793=CARTESIAN_POINT('',(-3.45753E2,2.133999996082E2,3.600000110727E0));
#794=DIRECTION('',(-1.E0,0.E0,0.E0));
#795=DIRECTION('',(0.E0,1.E0,0.E0));
#796=AXIS2_PLACEMENT_3D('',#793,#794,#795);
#798=CURVE_STYLE('',#135,POSITIVE_LENGTH_MEASURE(2.E-2),#119);
#799=PRESENTATION_STYLE_ASSIGNMENT((#798));
#800=STYLED_ITEM('',(#799),#797);
#801=CARTESIAN_POINT('',(-3.45753E2,2.133999996082E2,3.600000110727E0));
#802=DIRECTION('',(-1.E0,0.E0,0.E0));
#803=DIRECTION('',(0.E0,-1.E0,0.E0));
#804=AXIS2_PLACEMENT_3D('',#801,#802,#803);
#806=CURVE_STYLE('',#135,POSITIVE_LENGTH_MEASURE(2.E-2),#119);
#807=PRESENTATION_STYLE_ASSIGNMENT((#806));
#808=STYLED_ITEM('',(#807),#805);
#809=DIRECTION('',(0.E0,-1.E0,0.E0));
#810=VECTOR('',#809,2.959729717390E0);
#811=CARTESIAN_POINT('',(-3.45753E2,2.148798644669E2,1.000001107267E-1));
#812=LINE('',#811,#810);
#813=CURVE_STYLE('',#135,POSITIVE_LENGTH_MEASURE(2.E-2),#119);
#814=PRESENTATION_STYLE_ASSIGNMENT((#813));
#815=STYLED_ITEM('',(#814),#812);
#816=CARTESIAN_POINT('',(-3.45753E2,2.133999996082E2,3.600000110727E0));
#817=DIRECTION('',(-1.E0,0.E0,0.E0));
#818=DIRECTION('',(0.E0,3.894381207092E-1,9.210526315789E-1));
#819=AXIS2_PLACEMENT_3D('',#816,#817,#818);
#821=CURVE_STYLE('',#135,POSITIVE_LENGTH_MEASURE(2.E-2),#119);
#822=PRESENTATION_STYLE_ASSIGNMENT((#821));
#823=STYLED_ITEM('',(#822),#820);
#824=DIRECTION('',(0.E0,1.E0,0.E0));
#825=VECTOR('',#824,2.959729717390E0);
#826=CARTESIAN_POINT('',(-3.45753E2,2.119201347495E2,7.100000110727E0));
#827=LINE('',#826,#825);
#828=CURVE_STYLE('',#135,POSITIVE_LENGTH_MEASURE(2.E-2),#119);
#829=PRESENTATION_STYLE_ASSIGNMENT((#828));
#830=STYLED_ITEM('',(#829),#827);
#831=CARTESIAN_POINT('',(-3.45753E2,2.133999996082E2,3.600000110727E0));
#832=DIRECTION('',(-1.E0,0.E0,0.E0));
#833=DIRECTION('',(0.E0,-3.894381207092E-1,-9.210526315789E-1));
#834=AXIS2_PLACEMENT_3D('',#831,#832,#833);
#836=CURVE_STYLE('',#135,POSITIVE_LENGTH_MEASURE(2.E-2),#119);
#837=PRESENTATION_STYLE_ASSIGNMENT((#836));
#838=STYLED_ITEM('',(#837),#835);
#839=CARTESIAN_POINT('',(-3.44253E2,2.133999996082E2,3.600000110727E0));
#840=DIRECTION('',(-1.E0,0.E0,0.E0));
#841=DIRECTION('',(0.E0,1.E0,0.E0));
#842=AXIS2_PLACEMENT_3D('',#839,#840,#841);
#844=CURVE_STYLE('',#135,POSITIVE_LENGTH_MEASURE(2.E-2),#119);
#845=PRESENTATION_STYLE_ASSIGNMENT((#844));
#846=STYLED_ITEM('',(#845),#843);
#847=CARTESIAN_POINT('',(-3.44253E2,2.133999996082E2,3.600000110727E0));
#848=DIRECTION('',(-1.E0,0.E0,0.E0));
#849=DIRECTION('',(0.E0,-1.E0,0.E0));
#850=AXIS2_PLACEMENT_3D('',#847,#848,#849);
#852=CURVE_STYLE('',#135,POSITIVE_LENGTH_MEASURE(2.E-2),#119);
#853=PRESENTATION_STYLE_ASSIGNMENT((#852));
#854=STYLED_ITEM('',(#853),#851);
#855=CARTESIAN_POINT('',(-3.44253E2,2.133999996082E2,3.600000110727E0));
#856=DIRECTION('',(1.E0,0.E0,0.E0));
#857=DIRECTION('',(0.E0,-5.267826876426E-1,8.5E-1));
#858=AXIS2_PLACEMENT_3D('',#855,#856,#857);
#860=CURVE_STYLE('',#135,POSITIVE_LENGTH_MEASURE(2.E-2),#119);
#861=PRESENTATION_STYLE_ASSIGNMENT((#860));
#862=STYLED_ITEM('',(#861),#859);
#863=CARTESIAN_POINT('',(-3.44253E2,2.133999996082E2,3.600000110727E0));
#864=DIRECTION('',(1.E0,0.E0,0.E0));
#865=DIRECTION('',(0.E0,5.267826876426E-1,-8.5E-1));
#866=AXIS2_PLACEMENT_3D('',#863,#864,#865);
#868=CURVE_STYLE('',#135,POSITIVE_LENGTH_MEASURE(2.E-2),#119);
#869=PRESENTATION_STYLE_ASSIGNMENT((#868));
#870=STYLED_ITEM('',(#869),#867);
#871=DIRECTION('',(-1.E0,0.E0,0.E0));
#872=VECTOR('',#871,1.5E0);
#873=CARTESIAN_POINT('',(-3.44253E2,2.148999996082E2,3.600000110727E0));
#874=LINE('',#873,#872);
#875=CURVE_STYLE('',#135,POSITIVE_LENGTH_MEASURE(2.E-2),#119);
#876=PRESENTATION_STYLE_ASSIGNMENT((#875));
#877=STYLED_ITEM('',(#876),#874);
#878=DIRECTION('',(-1.E0,0.E0,0.E0));
#879=VECTOR('',#878,1.5E0);
#880=CARTESIAN_POINT('',(-3.44253E2,2.118999996082E2,3.600000110727E0));
#881=LINE('',#880,#879);
#882=CURVE_STYLE('',#135,POSITIVE_LENGTH_MEASURE(2.E-2),#119);
#883=PRESENTATION_STYLE_ASSIGNMENT((#882));
#884=STYLED_ITEM('',(#883),#881);
#885=DIRECTION('',(0.E0,-1.E0,0.E0));
#886=VECTOR('',#885,3.160696125856E0);
#887=CARTESIAN_POINT('',(-3.42753E2,2.149803476711E2,1.050000110727E0));
#888=LINE('',#887,#886);
#889=CURVE_STYLE('',#135,POSITIVE_LENGTH_MEASURE(2.E-2),#119);
#890=PRESENTATION_STYLE_ASSIGNMENT((#889));
#891=STYLED_ITEM('',(#890),#888);
#892=DIRECTION('',(0.E0,1.E0,0.E0));
#893=VECTOR('',#892,3.160696125856E0);
#894=CARTESIAN_POINT('',(-3.44253E2,2.118196515452E2,1.050000110727E0));
#895=LINE('',#894,#893);
#896=CURVE_STYLE('',#135,POSITIVE_LENGTH_MEASURE(2.E-2),#119);
#897=PRESENTATION_STYLE_ASSIGNMENT((#896));
#898=STYLED_ITEM('',(#897),#895);
#899=CARTESIAN_POINT('',(-3.42753E2,2.133999996082E2,3.600000110727E0));
#900=DIRECTION('',(1.E0,0.E0,0.E0));
#901=DIRECTION('',(0.E0,5.267826876426E-1,-8.5E-1));
#902=AXIS2_PLACEMENT_3D('',#899,#900,#901);
#904=CURVE_STYLE('',#135,POSITIVE_LENGTH_MEASURE(2.E-2),#119);
#905=PRESENTATION_STYLE_ASSIGNMENT((#904));
#906=STYLED_ITEM('',(#905),#903);
#907=CARTESIAN_POINT('',(-3.42753E2,2.133999996082E2,3.600000110727E0));
#908=DIRECTION('',(1.E0,0.E0,0.E0));
#909=DIRECTION('',(0.E0,-5.267826876426E-1,8.5E-1));
#910=AXIS2_PLACEMENT_3D('',#907,#908,#909);
#912=CURVE_STYLE('',#135,POSITIVE_LENGTH_MEASURE(2.E-2),#119);
#913=PRESENTATION_STYLE_ASSIGNMENT((#912));
#914=STYLED_ITEM('',(#913),#911);
#915=CARTESIAN_POINT('',(-3.42753E2,2.133999996082E2,3.600000110727E0));
#916=DIRECTION('',(1.E0,0.E0,0.E0));
#917=DIRECTION('',(0.E0,-4.358898943541E-1,9.E-1));
#918=AXIS2_PLACEMENT_3D('',#915,#916,#917);
#920=CURVE_STYLE('',#135,POSITIVE_LENGTH_MEASURE(2.E-2),#119);
#921=PRESENTATION_STYLE_ASSIGNMENT((#920));
#922=STYLED_ITEM('',(#921),#919);
#923=CARTESIAN_POINT('',(-3.42753E2,2.133999996082E2,3.600000110727E0));
#924=DIRECTION('',(1.E0,0.E0,0.E0));
#925=DIRECTION('',(0.E0,4.358898943541E-1,-9.E-1));
#926=AXIS2_PLACEMENT_3D('',#923,#924,#925);
#928=CURVE_STYLE('',#135,POSITIVE_LENGTH_MEASURE(2.E-2),#119);
#929=PRESENTATION_STYLE_ASSIGNMENT((#928));
#930=STYLED_ITEM('',(#929),#927);
#931=DIRECTION('',(1.E0,0.E0,0.E0));
#932=VECTOR('',#931,1.5E0);
#933=CARTESIAN_POINT('',(-3.44253E2,2.149803476711E2,1.050000110727E0));
#934=LINE('',#933,#932);
#935=CURVE_STYLE('',#135,POSITIVE_LENGTH_MEASURE(2.E-2),#119);
#936=PRESENTATION_STYLE_ASSIGNMENT((#935));
#937=STYLED_ITEM('',(#936),#934);
#938=DIRECTION('',(1.E0,0.E0,0.E0));
#939=VECTOR('',#938,1.5E0);
#940=CARTESIAN_POINT('',(-3.44253E2,2.149803476711E2,6.150000110727E0));
#941=LINE('',#940,#939);
#942=CURVE_STYLE('',#135,POSITIVE_LENGTH_MEASURE(2.E-2),#119);
#943=PRESENTATION_STYLE_ASSIGNMENT((#942));
#944=STYLED_ITEM('',(#943),#941);
#945=DIRECTION('',(0.E0,1.E0,0.E0));
#946=VECTOR('',#945,3.160696125856E0);
#947=CARTESIAN_POINT('',(-3.42753E2,2.118196515452E2,6.150000110727E0));
#948=LINE('',#947,#946);
#949=CURVE_STYLE('',#135,POSITIVE_LENGTH_MEASURE(2.E-2),#119);
#950=PRESENTATION_STYLE_ASSIGNMENT((#949));
#951=STYLED_ITEM('',(#950),#948);
#952=DIRECTION('',(0.E0,-1.E0,0.E0));
#953=VECTOR('',#952,3.160696125856E0);
#954=CARTESIAN_POINT('',(-3.44253E2,2.149803476711E2,6.150000110727E0));
#955=LINE('',#954,#953);
#956=CURVE_STYLE('',#135,POSITIVE_LENGTH_MEASURE(2.E-2),#119);
#957=PRESENTATION_STYLE_ASSIGNMENT((#956));
#958=STYLED_ITEM('',(#957),#955);
#959=DIRECTION('',(1.E0,0.E0,0.E0));
#960=VECTOR('',#959,1.5E0);
#961=CARTESIAN_POINT('',(-3.44253E2,2.118196515452E2,6.150000110727E0));
#962=LINE('',#961,#960);
#963=CURVE_STYLE('',#135,POSITIVE_LENGTH_MEASURE(2.E-2),#119);
#964=PRESENTATION_STYLE_ASSIGNMENT((#963));
#965=STYLED_ITEM('',(#964),#962);
#966=DIRECTION('',(1.E0,0.E0,0.E0));
#967=VECTOR('',#966,1.5E0);
#968=CARTESIAN_POINT('',(-3.44253E2,2.118196515452E2,1.050000110727E0));
#969=LINE('',#968,#967);
#970=CURVE_STYLE('',#135,POSITIVE_LENGTH_MEASURE(2.E-2),#119);
#971=PRESENTATION_STYLE_ASSIGNMENT((#970));
#972=STYLED_ITEM('',(#971),#969);
#973=DIRECTION('',(0.E0,-1.E0,0.E0));
#974=VECTOR('',#973,3.923009049187E0);
#975=CARTESIAN_POINT('',(-3.44253E2,2.153615041328E2,-4.499998892733E-1));
#976=LINE('',#975,#974);
#977=CURVE_STYLE('',#135,POSITIVE_LENGTH_MEASURE(2.E-2),#119);
#978=PRESENTATION_STYLE_ASSIGNMENT((#977));
#979=STYLED_ITEM('',(#978),#976);
#980=DIRECTION('',(0.E0,1.E0,0.E0));
#981=VECTOR('',#980,3.923009049187E0);
#982=CARTESIAN_POINT('',(-3.42753E2,2.114384950836E2,-4.499998892733E-1));
#983=LINE('',#982,#981);
#984=CURVE_STYLE('',#135,POSITIVE_LENGTH_MEASURE(2.E-2),#119);
#985=PRESENTATION_STYLE_ASSIGNMENT((#984));
#986=STYLED_ITEM('',(#985),#983);
#987=CARTESIAN_POINT('',(-3.44253E2,2.133999996082E2,3.600000110727E0));
#988=DIRECTION('',(1.E0,0.E0,0.E0));
#989=DIRECTION('',(0.E0,4.358898943541E-1,-9.E-1));
#990=AXIS2_PLACEMENT_3D('',#987,#988,#989);
#992=CURVE_STYLE('',#135,POSITIVE_LENGTH_MEASURE(2.E-2),#119);
#993=PRESENTATION_STYLE_ASSIGNMENT((#992));
#994=STYLED_ITEM('',(#993),#991);
#995=CARTESIAN_POINT('',(-3.44253E2,2.133999996082E2,3.600000110727E0));
#996=DIRECTION('',(1.E0,0.E0,0.E0));
#997=DIRECTION('',(0.E0,-4.358898943541E-1,9.E-1));
#998=AXIS2_PLACEMENT_3D('',#995,#996,#997);
#1000=CURVE_STYLE('',#135,POSITIVE_LENGTH_MEASURE(2.E-2),#119);
#1001=PRESENTATION_STYLE_ASSIGNMENT((#1000));
#1002=STYLED_ITEM('',(#1001),#999);
#1003=CARTESIAN_POINT('',(-3.44253E2,2.133999996082E2,3.600000110727E0));
#1004=DIRECTION('',(-1.E0,0.E0,0.E0));
#1005=DIRECTION('',(0.E0,4.032398164748E-1,9.150943396226E-1));
#1006=AXIS2_PLACEMENT_3D('',#1003,#1004,#1005);
#1008=CURVE_STYLE('',#135,POSITIVE_LENGTH_MEASURE(2.E-2),#119);
#1009=PRESENTATION_STYLE_ASSIGNMENT((#1008));
#1010=STYLED_ITEM('',(#1009),#1007);
#1011=DIRECTION('',(0.E0,1.E0,0.E0));
#1012=VECTOR('',#1011,4.274342054632E0);
#1013=CARTESIAN_POINT('',(-3.44253E2,2.112628285809E2,-1.249999889273E0));
#1014=LINE('',#1013,#1012);
#1015=CURVE_STYLE('',#135,POSITIVE_LENGTH_MEASURE(2.E-2),#119);
#1016=PRESENTATION_STYLE_ASSIGNMENT((#1015));
#1017=STYLED_ITEM('',(#1016),#1014);
#1018=CARTESIAN_POINT('',(-3.44253E2,2.133999996082E2,3.600000110727E0));
#1019=DIRECTION('',(-1.E0,0.E0,0.E0));
#1020=DIRECTION('',(0.E0,-4.032398164748E-1,-9.150943396226E-1));
#1021=AXIS2_PLACEMENT_3D('',#1018,#1019,#1020);
#1023=CURVE_STYLE('',#135,POSITIVE_LENGTH_MEASURE(2.E-2),#119);
#1024=PRESENTATION_STYLE_ASSIGNMENT((#1023));
#1025=STYLED_ITEM('',(#1024),#1022);
#1026=DIRECTION('',(1.E0,0.E0,0.E0));
#1027=VECTOR('',#1026,1.5E0);
#1028=CARTESIAN_POINT('',(-3.44253E2,2.153615041328E2,-4.499998892733E-1));
#1029=LINE('',#1028,#1027);
#1030=CURVE_STYLE('',#135,POSITIVE_LENGTH_MEASURE(2.E-2),#119);
#1031=PRESENTATION_STYLE_ASSIGNMENT((#1030));
#1032=STYLED_ITEM('',(#1031),#1029);
#1033=DIRECTION('',(1.E0,0.E0,0.E0));
#1034=VECTOR('',#1033,1.5E0);
#1035=CARTESIAN_POINT('',(-3.44253E2,2.153615041328E2,7.650000110727E0));
#1036=LINE('',#1035,#1034);
#1037=CURVE_STYLE('',#135,POSITIVE_LENGTH_MEASURE(2.E-2),#119);
#1038=PRESENTATION_STYLE_ASSIGNMENT((#1037));
#1039=STYLED_ITEM('',(#1038),#1036);
#1040=DIRECTION('',(0.E0,1.E0,0.E0));
#1041=VECTOR('',#1040,3.923009049187E0);
#1042=CARTESIAN_POINT('',(-3.44253E2,2.114384950836E2,7.650000110727E0));
#1043=LINE('',#1042,#1041);
#1044=CURVE_STYLE('',#135,POSITIVE_LENGTH_MEASURE(2.E-2),#119);
#1045=PRESENTATION_STYLE_ASSIGNMENT((#1044));
#1046=STYLED_ITEM('',(#1045),#1043);
#1047=DIRECTION('',(0.E0,-1.E0,0.E0));
#1048=VECTOR('',#1047,3.923009049187E0);
#1049=CARTESIAN_POINT('',(-3.42753E2,2.153615041328E2,7.650000110727E0));
#1050=LINE('',#1049,#1048);
#1051=CURVE_STYLE('',#135,POSITIVE_LENGTH_MEASURE(2.E-2),#119);
#1052=PRESENTATION_STYLE_ASSIGNMENT((#1051));
#1053=STYLED_ITEM('',(#1052),#1050);
#1054=DIRECTION('',(1.E0,0.E0,0.E0));
#1055=VECTOR('',#1054,1.5E0);
#1056=CARTESIAN_POINT('',(-3.44253E2,2.114384950836E2,7.650000110727E0));
#1057=LINE('',#1056,#1055);
#1058=CURVE_STYLE('',#135,POSITIVE_LENGTH_MEASURE(2.E-2),#119);
#1059=PRESENTATION_STYLE_ASSIGNMENT((#1058));
#1060=STYLED_ITEM('',(#1059),#1057);
#1061=DIRECTION('',(1.E0,0.E0,0.E0));
#1062=VECTOR('',#1061,1.5E0);
#1063=CARTESIAN_POINT('',(-3.44253E2,2.114384950836E2,-4.499998892733E-1));
#1064=LINE('',#1063,#1062);
#1065=CURVE_STYLE('',#135,POSITIVE_LENGTH_MEASURE(2.E-2),#119);
#1066=PRESENTATION_STYLE_ASSIGNMENT((#1065));
#1067=STYLED_ITEM('',(#1066),#1064);
#1068=DIRECTION('',(0.E0,1.E0,0.E0));
#1069=VECTOR('',#1068,4.274342054633E0);
#1070=CARTESIAN_POINT('',(-3.51298E2,2.112628285809E2,8.450000110727E0));
#1071=LINE('',#1070,#1069);
#1072=CURVE_STYLE('',#135,POSITIVE_LENGTH_MEASURE(2.E-2),#119);
#1073=PRESENTATION_STYLE_ASSIGNMENT((#1072));
#1074=STYLED_ITEM('',(#1073),#1071);
#1075=DIRECTION('',(0.E0,-1.E0,0.E0));
#1076=VECTOR('',#1075,4.274342054633E0);
#1077=CARTESIAN_POINT('',(-3.44253E2,2.155371706355E2,8.450000110727E0));
#1078=LINE('',#1077,#1076);
#1079=CURVE_STYLE('',#135,POSITIVE_LENGTH_MEASURE(2.E-2),#119);
#1080=PRESENTATION_STYLE_ASSIGNMENT((#1079));
#1081=STYLED_ITEM('',(#1080),#1078);
#1082=DIRECTION('',(0.E0,-6.427876075824E-1,-7.660444448845E-1));
#1083=VECTOR('',#1082,3.246630517002E1);
#1084=CARTESIAN_POINT('',(-3.51298E2,2.010019642166E2,2.202696401061E1));
#1085=LINE('',#1084,#1083);
#1086=CURVE_STYLE('',#135,POSITIVE_LENGTH_MEASURE(2.E-2),#119);
#1087=PRESENTATION_STYLE_ASSIGNMENT((#1086));
#1088=STYLED_ITEM('',(#1087),#1085);
#1089=CARTESIAN_POINT('',(-3.51298E2,2.131578179854E2,1.182698698570E1));
#1090=DIRECTION('',(-1.E0,0.E0,0.E0));
#1091=DIRECTION('',(0.E0,-7.660440138906E-1,6.427881212207E-1));
#1092=AXIS2_PLACEMENT_3D('',#1089,#1090,#1091);
#1094=CURVE_STYLE('',#135,POSITIVE_LENGTH_MEASURE(2.E-2),#119);
#1095=PRESENTATION_STYLE_ASSIGNMENT((#1094));
#1096=STYLED_ITEM('',(#1095),#1093);
#1097=CARTESIAN_POINT('',(-3.51298E2,2.072695625706E2,2.709954765012E1));
#1098=DIRECTION('',(-1.E0,0.E0,0.E0));
#1099=DIRECTION('',(0.E0,1.E0,0.E0));
#1100=AXIS2_PLACEMENT_3D('',#1097,#1098,#1099);
#1102=CURVE_STYLE('',#135,POSITIVE_LENGTH_MEASURE(2.E-2),#119);
#1103=PRESENTATION_STYLE_ASSIGNMENT((#1102));
#1104=STYLED_ITEM('',(#1103),#1101);
#1105=CARTESIAN_POINT('',(-3.51298E2,2.082695625706E2,3.270814807646E1));
#1106=DIRECTION('',(1.E0,0.E0,0.E0));
#1107=DIRECTION('',(0.E0,-1.531349136595E-1,9.882052915354E-1));
#1108=AXIS2_PLACEMENT_3D('',#1105,#1106,#1107);
#1110=CURVE_STYLE('',#135,POSITIVE_LENGTH_MEASURE(2.E-2),#119);
#1111=PRESENTATION_STYLE_ASSIGNMENT((#1110));
#1112=STYLED_ITEM('',(#1111),#1109);
#1113=CARTESIAN_POINT('',(-3.51298E2,2.094946418799E2,2.480250574417E1));
#1114=DIRECTION('',(1.E0,0.E0,0.E0));
#1115=DIRECTION('',(0.E0,0.E0,1.E0));
#1116=AXIS2_PLACEMENT_3D('',#1113,#1114,#1115);
#1118=CURVE_STYLE('',#135,POSITIVE_LENGTH_MEASURE(2.E-2),#119);
#1119=PRESENTATION_STYLE_ASSIGNMENT((#1118));
#1120=STYLED_ITEM('',(#1119),#1117);
#1121=CARTESIAN_POINT('',(-3.51298E2,2.133999996082E2,3.600000110727E0));
#1122=DIRECTION('',(-1.E0,0.E0,0.E0));
#1123=DIRECTION('',(0.E0,-1.886791713602E-1,9.820387824800E-1));
#1124=AXIS2_PLACEMENT_3D('',#1121,#1122,#1123);
#1126=CURVE_STYLE('',#135,POSITIVE_LENGTH_MEASURE(2.E-2),#119);
#1127=PRESENTATION_STYLE_ASSIGNMENT((#1126));
#1128=STYLED_ITEM('',(#1127),#1125);
#1129=CARTESIAN_POINT('',(-3.51298E2,2.133999996082E2,3.600000110727E0));
#1130=DIRECTION('',(-1.E0,0.E0,0.E0));
#1131=DIRECTION('',(0.E0,-4.032398164748E-1,-9.150943396226E-1));
#1132=AXIS2_PLACEMENT_3D('',#1129,#1130,#1131);
#1134=CURVE_STYLE('',#135,POSITIVE_LENGTH_MEASURE(2.E-2),#119);
#1135=PRESENTATION_STYLE_ASSIGNMENT((#1134));
#1136=STYLED_ITEM('',(#1135),#1133);
#1137=CARTESIAN_POINT('',(-3.51298E2,2.133999996082E2,3.600000110727E0));
#1138=DIRECTION('',(-1.E0,0.E0,0.E0));
#1139=DIRECTION('',(0.E0,5.660378097719E-1,-8.243792803732E-1));
#1140=AXIS2_PLACEMENT_3D('',#1137,#1138,#1139);
#1142=CURVE_STYLE('',#135,POSITIVE_LENGTH_MEASURE(2.E-2),#119);
#1143=PRESENTATION_STYLE_ASSIGNMENT((#1142));
#1144=STYLED_ITEM('',(#1143),#1141);
#1145=CARTESIAN_POINT('',(-3.51298E2,2.159E2,-2.343668710811E0));
#1146=DIRECTION('',(-1.E0,0.E0,0.E0));
#1147=DIRECTION('',(0.E0,1.E0,0.E0));
#1148=AXIS2_PLACEMENT_3D('',#1145,#1146,#1147);
#1150=CURVE_STYLE('',#135,POSITIVE_LENGTH_MEASURE(2.E-2),#119);
#1151=PRESENTATION_STYLE_ASSIGNMENT((#1150));
#1152=STYLED_ITEM('',(#1151),#1149);
#1153=DIRECTION('',(-1.E0,0.E0,0.E0));
#1154=VECTOR('',#1153,7.245E0);
#1155=CARTESIAN_POINT('',(-3.44053E2,1.801330255893E2,-2.843668710811E0));
#1156=LINE('',#1155,#1154);
#1157=CURVE_STYLE('',#135,POSITIVE_LENGTH_MEASURE(2.E-2),#119);
#1158=PRESENTATION_STYLE_ASSIGNMENT((#1157));
#1159=STYLED_ITEM('',(#1158),#1156);
#1160=DIRECTION('',(1.E0,0.E0,0.E0));
#1161=VECTOR('',#1160,1.5E0);
#1162=CARTESIAN_POINT('',(-3.44053E2,1.919296179385E2,1.121496260167E1));
#1163=LINE('',#1162,#1161);
#1164=CURVE_STYLE('',#135,POSITIVE_LENGTH_MEASURE(2.E-2),#119);
#1165=PRESENTATION_STYLE_ASSIGNMENT((#1164));
#1166=STYLED_ITEM('',(#1165),#1163);
#1167=DIRECTION('',(0.E0,6.427876096865E-1,7.660444431190E-1));
#1168=VECTOR('',#1167,1.835223979334E1);
#1169=CARTESIAN_POINT('',(-3.44053E2,1.801330255893E2,-2.843668710811E0));
#1170=LINE('',#1169,#1168);
#1171=CURVE_STYLE('',#135,POSITIVE_LENGTH_MEASURE(2.E-2),#119);
#1172=PRESENTATION_STYLE_ASSIGNMENT((#1171));
#1173=STYLED_ITEM('',(#1172),#1170);
#1174=DIRECTION('',(0.E0,-1.E0,0.E0));
#1175=VECTOR('',#1174,1.535928767332E1);
#1176=CARTESIAN_POINT('',(-3.43553E2,1.912769142938E2,1.121496260167E1));
#1177=LINE('',#1176,#1175);
#1178=CURVE_STYLE('',#135,POSITIVE_LENGTH_MEASURE(2.E-2),#119);
#1179=PRESENTATION_STYLE_ASSIGNMENT((#1178));
#1180=STYLED_ITEM('',(#1179),#1177);
#1181=DIRECTION('',(0.E0,6.427876096865E-1,7.660444431190E-1));
#1182=VECTOR('',#1181,1.835223979334E1);
#1183=CARTESIAN_POINT('',(-3.43553E2,1.794803219446E2,-2.843668710811E0));
#1184=LINE('',#1183,#1182);
#1185=CURVE_STYLE('',#135,POSITIVE_LENGTH_MEASURE(2.E-2),#119);
#1186=PRESENTATION_STYLE_ASSIGNMENT((#1185));
#1187=STYLED_ITEM('',(#1186),#1184);
#1188=DIRECTION('',(0.E0,1.E0,0.E0));
#1189=VECTOR('',#1188,1.907301084929E1);
#1190=CARTESIAN_POINT('',(-3.43553E2,1.604073110953E2,-2.843668710811E0));
#1191=LINE('',#1190,#1189);
#1192=CURVE_STYLE('',#135,POSITIVE_LENGTH_MEASURE(2.E-2),#119);
#1193=PRESENTATION_STYLE_ASSIGNMENT((#1192));
#1194=STYLED_ITEM('',(#1193),#1191);
#1195=DIRECTION('',(0.E0,1.E0,0.E0));
#1196=VECTOR('',#1195,1.5E0);
#1197=CARTESIAN_POINT('',(-3.43553E2,1.589073110953E2,7.499572363291E0));
#1198=LINE('',#1197,#1196);
#1199=CURVE_STYLE('',#135,POSITIVE_LENGTH_MEASURE(2.E-2),#119);
#1200=PRESENTATION_STYLE_ASSIGNMENT((#1199));
#1201=STYLED_ITEM('',(#1200),#1198);
#1202=DIRECTION('',(0.E0,0.E0,1.E0));
#1203=VECTOR('',#1202,3.715390238376E0);
#1204=CARTESIAN_POINT('',(-3.43553E2,1.589073110953E2,7.499572363291E0));
#1205=LINE('',#1204,#1203);
#1206=CURVE_STYLE('',#135,POSITIVE_LENGTH_MEASURE(2.E-2),#119);
#1207=PRESENTATION_STYLE_ASSIGNMENT((#1206));
#1208=STYLED_ITEM('',(#1207),#1205);
#1209=DIRECTION('',(0.E0,-1.E0,0.E0));
#1210=VECTOR('',#1209,1.177506150052E1);
#1211=CARTESIAN_POINT('',(-3.43553E2,1.706823725959E2,1.121496260167E1));
#1212=LINE('',#1211,#1210);
#1213=CURVE_STYLE('',#135,POSITIVE_LENGTH_MEASURE(2.E-2),#119);
#1214=PRESENTATION_STYLE_ASSIGNMENT((#1213));
#1215=STYLED_ITEM('',(#1214),#1212);
#1216=CARTESIAN_POINT('',(-3.43553E2,1.706823725959E2,1.171496260167E1));
#1217=DIRECTION('',(-1.E0,0.E0,0.E0));
#1218=DIRECTION('',(0.E0,7.074667600809E-1,-7.067466189382E-1));
#1219=AXIS2_PLACEMENT_3D('',#1216,#1217,#1218);
#1221=CURVE_STYLE('',#135,POSITIVE_LENGTH_MEASURE(2.E-2),#119);
#1222=PRESENTATION_STYLE_ASSIGNMENT((#1221));
#1223=STYLED_ITEM('',(#1222),#1220);
#1224=CARTESIAN_POINT('',(-3.43553E2,1.732999996082E2,9.100000111596E0));
#1225=DIRECTION('',(-1.E0,0.E0,0.E0));
#1226=DIRECTION('',(0.E0,-1.E0,0.E0));
#1227=AXIS2_PLACEMENT_3D('',#1224,#1225,#1226);
#1229=CURVE_STYLE('',#135,POSITIVE_LENGTH_MEASURE(2.E-2),#119);
#1230=PRESENTATION_STYLE_ASSIGNMENT((#1229));
#1231=STYLED_ITEM('',(#1230),#1228);
#1232=CARTESIAN_POINT('',(-3.43553E2,1.732999996082E2,9.100000111596E0));
#1233=DIRECTION('',(-1.E0,0.E0,0.E0));
#1234=DIRECTION('',(0.E0,1.E0,0.E0));
#1235=AXIS2_PLACEMENT_3D('',#1232,#1233,#1234);
#1237=CURVE_STYLE('',#135,POSITIVE_LENGTH_MEASURE(2.E-2),#119);
#1238=PRESENTATION_STYLE_ASSIGNMENT((#1237));
#1239=STYLED_ITEM('',(#1238),#1236);
#1240=CARTESIAN_POINT('',(-3.43553E2,1.732999996082E2,9.100000111596E0));
#1241=DIRECTION('',(-1.E0,0.E0,0.E0));
#1242=DIRECTION('',(0.E0,7.074667600810E-1,7.067466189382E-1));
#1243=AXIS2_PLACEMENT_3D('',#1240,#1241,#1242);
#1245=CURVE_STYLE('',#135,POSITIVE_LENGTH_MEASURE(2.E-2),#119);
#1246=PRESENTATION_STYLE_ASSIGNMENT((#1245));
#1247=STYLED_ITEM('',(#1246),#1244);
#1248=CARTESIAN_POINT('',(-3.43553E2,1.759176266205E2,1.171496260167E1));
#1249=DIRECTION('',(-1.E0,0.E0,0.E0));
#1250=DIRECTION('',(0.E0,2.273736754432E-13,-1.E0));
#1251=AXIS2_PLACEMENT_3D('',#1248,#1249,#1250);
#1253=CURVE_STYLE('',#135,POSITIVE_LENGTH_MEASURE(2.E-2),#119);
#1254=PRESENTATION_STYLE_ASSIGNMENT((#1253));
#1255=STYLED_ITEM('',(#1254),#1252);
#1256=CARTESIAN_POINT('',(-3.43553E2,1.672999996082E2,3.600000110724E0));
#1257=DIRECTION('',(1.E0,0.E0,0.E0));
#1258=DIRECTION('',(0.E0,-1.E0,0.E0));
#1259=AXIS2_PLACEMENT_3D('',#1256,#1257,#1258);
#1261=CURVE_STYLE('',#135,POSITIVE_LENGTH_MEASURE(2.E-2),#119);
#1262=PRESENTATION_STYLE_ASSIGNMENT((#1261));
#1263=STYLED_ITEM('',(#1262),#1260);
#1264=CARTESIAN_POINT('',(-3.43553E2,1.672999996082E2,3.600000110724E0));
#1265=DIRECTION('',(1.E0,0.E0,0.E0));
#1266=DIRECTION('',(0.E0,1.E0,0.E0));
#1267=AXIS2_PLACEMENT_3D('',#1264,#1265,#1266);
#1269=CURVE_STYLE('',#135,POSITIVE_LENGTH_MEASURE(2.E-2),#119);
#1270=PRESENTATION_STYLE_ASSIGNMENT((#1269));
#1271=STYLED_ITEM('',(#1270),#1268);
#1272=DIRECTION('',(0.E0,1.E0,0.E0));
#1273=VECTOR('',#1272,1.535928767332E1);
#1274=CARTESIAN_POINT('',(-3.42053E2,1.759176266205E2,1.121496260167E1));
#1275=LINE('',#1274,#1273);
#1276=CURVE_STYLE('',#135,POSITIVE_LENGTH_MEASURE(2.E-2),#119);
#1277=PRESENTATION_STYLE_ASSIGNMENT((#1276));
#1278=STYLED_ITEM('',(#1277),#1275);
#1279=CARTESIAN_POINT('',(-3.42553E2,1.919296179385E2,1.121496260167E1));
#1280=CARTESIAN_POINT('',(-3.425049706815E2,1.919296179385E2,1.121496260167E1));
#1281=CARTESIAN_POINT('',(-3.424253140265E2,1.919132159564E2,1.121496260167E1));
#1282=CARTESIAN_POINT('',(-3.422973027060E2,1.918491100028E2,1.121496260167E1));
#1283=CARTESIAN_POINT('',(-3.421780956795E2,1.917281704366E2,1.121496260167E1));
#1284=CARTESIAN_POINT('',(-3.420826436325E2,1.915354465725E2,1.121496260167E1));
#1285=CARTESIAN_POINT('',(-3.42053E2,1.913729729308E2,1.121496260167E1));
#1286=CARTESIAN_POINT('',(-3.42053E2,1.912769142938E2,1.121496260167E1));
#1288=CURVE_STYLE('',#135,POSITIVE_LENGTH_MEASURE(2.E-2),#119);
#1289=PRESENTATION_STYLE_ASSIGNMENT((#1288));
#1290=STYLED_ITEM('',(#1289),#1287);
#1291=CARTESIAN_POINT('',(-3.44053E2,1.919296179385E2,1.121496260167E1));
#1292=CARTESIAN_POINT('',(-3.440049706815E2,1.919296179385E2,1.121496260167E1));
#1293=CARTESIAN_POINT('',(-3.439253140265E2,1.919132159564E2,1.121496260167E1));
#1294=CARTESIAN_POINT('',(-3.437973027060E2,1.918491100028E2,1.121496260167E1));
#1295=CARTESIAN_POINT('',(-3.436780956795E2,1.917281704366E2,1.121496260167E1));
#1296=CARTESIAN_POINT('',(-3.435826436325E2,1.915354465725E2,1.121496260167E1));
#1297=CARTESIAN_POINT('',(-3.43553E2,1.913729729308E2,1.121496260167E1));
#1298=CARTESIAN_POINT('',(-3.43553E2,1.912769142938E2,1.121496260167E1));
#1300=CURVE_STYLE('',#135,POSITIVE_LENGTH_MEASURE(2.E-2),#119);
#1301=PRESENTATION_STYLE_ASSIGNMENT((#1300));
#1302=STYLED_ITEM('',(#1301),#1299);
#1303=CARTESIAN_POINT('',(-3.42053E2,1.808555828915E2,2.112910280903E1));
#1304=DIRECTION('',(-1.E0,0.E0,0.E0));
#1305=DIRECTION('',(0.E0,1.E0,0.E0));
#1306=AXIS2_PLACEMENT_3D('',#1303,#1304,#1305);
#1308=CURVE_STYLE('',#135,POSITIVE_LENGTH_MEASURE(2.E-2),#119);
#1309=PRESENTATION_STYLE_ASSIGNMENT((#1308));
#1310=STYLED_ITEM('',(#1309),#1307);
#1311=CARTESIAN_POINT('',(-3.42053E2,1.808555828915E2,2.112910280903E1));
#1312=DIRECTION('',(-1.E0,0.E0,0.E0));
#1313=DIRECTION('',(0.E0,-1.E0,0.E0));
#1314=AXIS2_PLACEMENT_3D('',#1311,#1312,#1313);
#1316=CURVE_STYLE('',#135,POSITIVE_LENGTH_MEASURE(2.E-2),#119);
#1317=PRESENTATION_STYLE_ASSIGNMENT((#1316));
#1318=STYLED_ITEM('',(#1317),#1315);
#1319=CARTESIAN_POINT('',(-3.42053E2,1.659073110953E2,2.326432418116E1));
#1320=DIRECTION('',(-1.E0,0.E0,0.E0));
#1321=DIRECTION('',(0.E0,1.E0,0.E0));
#1322=AXIS2_PLACEMENT_3D('',#1319,#1320,#1321);
#1324=CURVE_STYLE('',#135,POSITIVE_LENGTH_MEASURE(2.E-2),#119);
#1325=PRESENTATION_STYLE_ASSIGNMENT((#1324));
#1326=STYLED_ITEM('',(#1325),#1323);
#1327=CARTESIAN_POINT('',(-3.42053E2,1.659073110953E2,2.326432418116E1));
#1328=DIRECTION('',(-1.E0,0.E0,0.E0));
#1329=DIRECTION('',(0.E0,-1.E0,0.E0));
#1330=AXIS2_PLACEMENT_3D('',#1327,#1328,#1329);
#1332=CURVE_STYLE('',#135,POSITIVE_LENGTH_MEASURE(2.E-2),#119);
#1333=PRESENTATION_STYLE_ASSIGNMENT((#1332));
#1334=STYLED_ITEM('',(#1333),#1331);
#1335=CARTESIAN_POINT('',(-3.42053E2,2.131578179854E2,1.182698698570E1));
#1336=DIRECTION('',(-1.E0,0.E0,0.E0));
#1337=DIRECTION('',(0.E0,-7.660440270021E-1,6.427881055950E-1));
#1338=AXIS2_PLACEMENT_3D('',#1335,#1336,#1337);
#1340=CURVE_STYLE('',#135,POSITIVE_LENGTH_MEASURE(2.E-2),#119);
#1341=PRESENTATION_STYLE_ASSIGNMENT((#1340));
#1342=STYLED_ITEM('',(#1341),#1339);
#1343=DIRECTION('',(0.E0,6.427876049862E-1,7.660444470630E-1));
#1344=VECTOR('',#1343,1.453361519226E1);
#1345=CARTESIAN_POINT('',(-3.42053E2,1.912769142938E2,1.121496260167E1));
#1346=LINE('',#1345,#1344);
#1347=CURVE_STYLE('',#135,POSITIVE_LENGTH_MEASURE(2.E-2),#119);
#1348=PRESENTATION_STYLE_ASSIGNMENT((#1347));
#1349=STYLED_ITEM('',(#1348),#1346);
#1350=CARTESIAN_POINT('',(-3.42053E2,1.759176266205E2,1.171496260167E1));
#1351=DIRECTION('',(-1.E0,0.E0,0.E0));
#1352=DIRECTION('',(0.E0,5.115907697473E-13,-1.E0));
#1353=AXIS2_PLACEMENT_3D('',#1350,#1351,#1352);
#1355=CURVE_STYLE('',#135,POSITIVE_LENGTH_MEASURE(2.E-2),#119);
#1356=PRESENTATION_STYLE_ASSIGNMENT((#1355));
#1357=STYLED_ITEM('',(#1356),#1354);
#1358=CARTESIAN_POINT('',(-3.42053E2,1.732999996082E2,9.100000111596E0));
#1359=DIRECTION('',(-1.E0,0.E0,0.E0));
#1360=DIRECTION('',(0.E0,-7.074667600810E-1,7.067466189382E-1));
#1361=AXIS2_PLACEMENT_3D('',#1358,#1359,#1360);
#1363=CURVE_STYLE('',#135,POSITIVE_LENGTH_MEASURE(2.E-2),#119);
#1364=PRESENTATION_STYLE_ASSIGNMENT((#1363));
#1365=STYLED_ITEM('',(#1364),#1362);
#1366=CARTESIAN_POINT('',(-3.42053E2,1.706823725959E2,1.171496260167E1));
#1367=DIRECTION('',(-1.E0,0.E0,0.E0));
#1368=DIRECTION('',(0.E0,7.074667600810E-1,-7.067466189381E-1));
#1369=AXIS2_PLACEMENT_3D('',#1366,#1367,#1368);
#1371=CURVE_STYLE('',#135,POSITIVE_LENGTH_MEASURE(2.E-2),#119);
#1372=PRESENTATION_STYLE_ASSIGNMENT((#1371));
#1373=STYLED_ITEM('',(#1372),#1370);
#1374=CARTESIAN_POINT('',(-3.42053E2,1.674073110953E2,2.412910280908E1));
#1375=DIRECTION('',(1.E0,0.E0,0.E0));
#1376=DIRECTION('',(0.E0,-1.845003627001E-10,1.E0));
#1377=AXIS2_PLACEMENT_3D('',#1374,#1375,#1376);
#1379=CURVE_STYLE('',#135,POSITIVE_LENGTH_MEASURE(2.E-2),#119);
#1380=PRESENTATION_STYLE_ASSIGNMENT((#1379));
#1381=STYLED_ITEM('',(#1380),#1378);
#1382=DIRECTION('',(0.E0,-7.071067811865E-1,-7.071067811865E-1));
#1383=VECTOR('',#1382,1.102158629349E1);
#1384=CARTESIAN_POINT('',(-3.42053E2,1.932999983222E2,4.042254121659E1));
#1385=LINE('',#1384,#1383);
#1386=CURVE_STYLE('',#135,POSITIVE_LENGTH_MEASURE(2.E-2),#119);
#1387=PRESENTATION_STYLE_ASSIGNMENT((#1386));
#1388=STYLED_ITEM('',(#1387),#1385);
#1389=CARTESIAN_POINT('',(-3.42053E2,1.938999983222E2,2.670240795339E1));
#1390=DIRECTION('',(-1.E0,0.E0,0.E0));
#1391=DIRECTION('',(0.E0,1.379310344828E-1,9.904418356100E-1));
#1392=AXIS2_PLACEMENT_3D('',#1389,#1390,#1391);
#1394=CURVE_STYLE('',#135,POSITIVE_LENGTH_MEASURE(2.E-2),#119);
#1395=PRESENTATION_STYLE_ASSIGNMENT((#1394));
#1396=STYLED_ITEM('',(#1395),#1393);
#1397=DIRECTION('',(0.E0,-7.071067811865E-1,-7.071067811865E-1));
#1398=VECTOR('',#1397,6.093739546665E0);
#1399=CARTESIAN_POINT('',(-3.42053E2,1.988089228784E2,4.593146577282E1));
#1400=LINE('',#1399,#1398);
#1401=CURVE_STYLE('',#135,POSITIVE_LENGTH_MEASURE(2.E-2),#119);
#1402=PRESENTATION_STYLE_ASSIGNMENT((#1401));
#1403=STYLED_ITEM('',(#1402),#1400);
#1404=CARTESIAN_POINT('',(-3.42053E2,2.016629070264E2,4.383570245253E1));
#1405=DIRECTION('',(1.E0,0.E0,0.E0));
#1406=DIRECTION('',(0.E0,8.894564020017E-1,4.570200312221E-1));
#1407=AXIS2_PLACEMENT_3D('',#1404,#1405,#1406);
#1409=CURVE_STYLE('',#135,POSITIVE_LENGTH_MEASURE(2.E-2),#119);
#1410=PRESENTATION_STYLE_ASSIGNMENT((#1409));
#1411=STYLED_ITEM('',(#1410),#1408);
#1412=DIRECTION('',(0.E0,8.715574273603E-2,9.961946980928E-1));
#1413=VECTOR('',#1412,2.789139078447E0);
#1414=CARTESIAN_POINT('',(-3.42053E2,2.045329149455E2,4.265674699962E1));
#1415=LINE('',#1414,#1413);
#1416=CURVE_STYLE('',#135,POSITIVE_LENGTH_MEASURE(2.E-2),#119);
#1417=PRESENTATION_STYLE_ASSIGNMENT((#1416));
#1418=STYLED_ITEM('',(#1417),#1415);
#1419=DIRECTION('',(0.E0,-6.409410758457E-1,7.675900841554E-1));
#1420=VECTOR('',#1419,1.071406610262E1);
#1421=CARTESIAN_POINT('',(-3.42053E2,2.114E2,3.443273609826E1));
#1422=LINE('',#1421,#1420);
#1423=CURVE_STYLE('',#135,POSITIVE_LENGTH_MEASURE(2.E-2),#119);
#1424=PRESENTATION_STYLE_ASSIGNMENT((#1423));
#1425=STYLED_ITEM('',(#1424),#1422);
#1426=CARTESIAN_POINT('',(-3.42053E2,2.094946418799E2,2.480250574417E1));
#1427=DIRECTION('',(1.E0,0.E0,0.E0));
#1428=DIRECTION('',(0.E0,0.E0,1.E0));
#1429=AXIS2_PLACEMENT_3D('',#1426,#1427,#1428);
#1431=CURVE_STYLE('',#135,POSITIVE_LENGTH_MEASURE(2.E-2),#119);
#1432=PRESENTATION_STYLE_ASSIGNMENT((#1431));
#1433=STYLED_ITEM('',(#1432),#1430);
#1434=CARTESIAN_POINT('',(-3.42053E2,2.082695625706E2,3.270814807646E1));
#1435=DIRECTION('',(1.E0,0.E0,0.E0));
#1436=DIRECTION('',(0.E0,-1.531349136593E-1,9.882052915354E-1));
#1437=AXIS2_PLACEMENT_3D('',#1434,#1435,#1436);
#1439=CURVE_STYLE('',#135,POSITIVE_LENGTH_MEASURE(2.E-2),#119);
#1440=PRESENTATION_STYLE_ASSIGNMENT((#1439));
#1441=STYLED_ITEM('',(#1440),#1438);
#1442=DIRECTION('',(-1.E0,0.E0,0.E0));
#1443=VECTOR('',#1442,5.000000000001E-1);
#1444=CARTESIAN_POINT('',(-3.42053E2,1.823555828915E2,2.112910280903E1));
#1445=LINE('',#1444,#1443);
#1446=CURVE_STYLE('',#135,POSITIVE_LENGTH_MEASURE(2.E-2),#119);
#1447=PRESENTATION_STYLE_ASSIGNMENT((#1446));
#1448=STYLED_ITEM('',(#1447),#1445);
#1449=DIRECTION('',(-1.E0,0.E0,0.E0));
#1450=VECTOR('',#1449,5.000000000001E-1);
#1451=CARTESIAN_POINT('',(-3.42053E2,1.793555828915E2,2.112910280903E1));
#1452=LINE('',#1451,#1450);
#1453=CURVE_STYLE('',#135,POSITIVE_LENGTH_MEASURE(2.E-2),#119);
#1454=PRESENTATION_STYLE_ASSIGNMENT((#1453));
#1455=STYLED_ITEM('',(#1454),#1452);
#1456=CARTESIAN_POINT('',(-3.42553E2,1.826555828915E2,2.112910280903E1));
#1457=DIRECTION('',(0.E0,0.E0,-1.E0));
#1458=DIRECTION('',(0.E0,-1.E0,0.E0));
#1459=AXIS2_PLACEMENT_3D('',#1456,#1457,#1458);
#1461=CURVE_STYLE('',#135,POSITIVE_LENGTH_MEASURE(2.E-2),#119);
#1462=PRESENTATION_STYLE_ASSIGNMENT((#1461));
#1463=STYLED_ITEM('',(#1462),#1460);
#1464=CARTESIAN_POINT('',(-3.42553E2,1.790555828915E2,2.112910280903E1));
#1465=DIRECTION('',(0.E0,0.E0,1.E0));
#1466=DIRECTION('',(0.E0,1.E0,0.E0));
#1467=AXIS2_PLACEMENT_3D('',#1464,#1465,#1466);
#1469=CURVE_STYLE('',#135,POSITIVE_LENGTH_MEASURE(2.E-2),#119);
#1470=PRESENTATION_STYLE_ASSIGNMENT((#1469));
#1471=STYLED_ITEM('',(#1470),#1468);
#1472=CARTESIAN_POINT('',(-3.42553E2,1.808555828915E2,2.112910280903E1));
#1473=DIRECTION('',(-1.E0,0.E0,0.E0));
#1474=DIRECTION('',(0.E0,-1.E0,0.E0));
#1475=AXIS2_PLACEMENT_3D('',#1472,#1473,#1474);
#1477=CURVE_STYLE('',#135,POSITIVE_LENGTH_MEASURE(2.E-2),#119);
#1478=PRESENTATION_STYLE_ASSIGNMENT((#1477));
#1479=STYLED_ITEM('',(#1478),#1476);
#1480=CARTESIAN_POINT('',(-3.42553E2,1.808555828915E2,2.112910280903E1));
#1481=DIRECTION('',(-1.E0,0.E0,0.E0));
#1482=DIRECTION('',(0.E0,1.E0,0.E0));
#1483=AXIS2_PLACEMENT_3D('',#1480,#1481,#1482);
#1485=CURVE_STYLE('',#135,POSITIVE_LENGTH_MEASURE(2.E-2),#119);
#1486=PRESENTATION_STYLE_ASSIGNMENT((#1485));
#1487=STYLED_ITEM('',(#1486),#1484);
#1488=CARTESIAN_POINT('',(-3.42853E2,1.808555828915E2,2.112910280903E1));
#1489=DIRECTION('',(-1.E0,0.E0,0.E0));
#1490=DIRECTION('',(0.E0,1.E0,0.E0));
#1491=AXIS2_PLACEMENT_3D('',#1488,#1489,#1490);
#1493=CURVE_STYLE('',#135,POSITIVE_LENGTH_MEASURE(2.E-2),#119);
#1494=PRESENTATION_STYLE_ASSIGNMENT((#1493));
#1495=STYLED_ITEM('',(#1494),#1492);
#1496=CARTESIAN_POINT('',(-3.42853E2,1.808555828915E2,2.112910280903E1));
#1497=DIRECTION('',(-1.E0,0.E0,0.E0));
#1498=DIRECTION('',(0.E0,-1.E0,0.E0));
#1499=AXIS2_PLACEMENT_3D('',#1496,#1497,#1498);
#1501=CURVE_STYLE('',#135,POSITIVE_LENGTH_MEASURE(2.E-2),#119);
#1502=PRESENTATION_STYLE_ASSIGNMENT((#1501));
#1503=STYLED_ITEM('',(#1502),#1500);
#1504=CARTESIAN_POINT('',(-3.42853E2,1.656573110953E2,3.276432418116E1));
#1505=DIRECTION('',(-1.E0,0.E0,0.E0));
#1506=DIRECTION('',(0.E0,-1.E0,0.E0));
#1507=AXIS2_PLACEMENT_3D('',#1504,#1505,#1506);
#1509=CURVE_STYLE('',#135,POSITIVE_LENGTH_MEASURE(2.E-2),#119);
#1510=PRESENTATION_STYLE_ASSIGNMENT((#1509));
#1511=STYLED_ITEM('',(#1510),#1508);
#1512=CARTESIAN_POINT('',(-3.42853E2,1.661573110953E2,3.276432418116E1));
#1513=DIRECTION('',(-1.E0,0.E0,0.E0));
#1514=DIRECTION('',(0.E0,0.E0,1.E0));
#1515=AXIS2_PLACEMENT_3D('',#1512,#1513,#1514);
#1517=CURVE_STYLE('',#135,POSITIVE_LENGTH_MEASURE(2.E-2),#119);
#1518=PRESENTATION_STYLE_ASSIGNMENT((#1517));
#1519=STYLED_ITEM('',(#1518),#1516);
#1520=CARTESIAN_POINT('',(-3.42853E2,1.661573110953E2,2.696432418116E1));
#1521=DIRECTION('',(1.E0,0.E0,0.E0));
#1522=DIRECTION('',(0.E0,4.858472520939E-1,-8.740437332496E-1));
#1523=AXIS2_PLACEMENT_3D('',#1520,#1521,#1522);
#1525=CURVE_STYLE('',#135,POSITIVE_LENGTH_MEASURE(2.E-2),#119);
#1526=PRESENTATION_STYLE_ASSIGNMENT((#1525));
#1527=STYLED_ITEM('',(#1526),#1524);
#1528=CARTESIAN_POINT('',(-3.42853E2,1.659073110953E2,2.326432418116E1));
#1529=DIRECTION('',(-1.E0,0.E0,0.E0));
#1530=DIRECTION('',(0.E0,1.493707957718E-1,9.887812525379E-1));
#1531=AXIS2_PLACEMENT_3D('',#1528,#1529,#1530);
#1533=CURVE_STYLE('',#135,POSITIVE_LENGTH_MEASURE(2.E-2),#119);
#1534=PRESENTATION_STYLE_ASSIGNMENT((#1533));
#1535=STYLED_ITEM('',(#1534),#1532);
#1536=CARTESIAN_POINT('',(-3.42853E2,1.659073110953E2,2.326432418116E1));
#1537=DIRECTION('',(-1.E0,0.E0,0.E0));
#1538=DIRECTION('',(0.E0,1.E0,0.E0));
#1539=AXIS2_PLACEMENT_3D('',#1536,#1537,#1538);
#1541=CURVE_STYLE('',#135,POSITIVE_LENGTH_MEASURE(2.E-2),#119);
#1542=PRESENTATION_STYLE_ASSIGNMENT((#1541));
#1543=STYLED_ITEM('',(#1542),#1540);
#1544=CARTESIAN_POINT('',(-3.42853E2,1.659073110953E2,2.326432418116E1));
#1545=DIRECTION('',(-1.E0,0.E0,0.E0));
#1546=DIRECTION('',(0.E0,-1.E0,0.E0));
#1547=AXIS2_PLACEMENT_3D('',#1544,#1545,#1546);
#1549=CURVE_STYLE('',#135,POSITIVE_LENGTH_MEASURE(2.E-2),#119);
#1550=PRESENTATION_STYLE_ASSIGNMENT((#1549));
#1551=STYLED_ITEM('',(#1550),#1548);
#1552=CARTESIAN_POINT('',(-3.42853E2,1.656573110953E2,2.696432418116E1));
#1553=DIRECTION('',(-1.E0,0.E0,0.E0));
#1554=DIRECTION('',(0.E0,-4.858472520939E-1,-8.740437332496E-1));
#1555=AXIS2_PLACEMENT_3D('',#1552,#1553,#1554);
#1557=CURVE_STYLE('',#135,POSITIVE_LENGTH_MEASURE(2.E-2),#119);
#1558=PRESENTATION_STYLE_ASSIGNMENT((#1557));
#1559=STYLED_ITEM('',(#1558),#1556);
#1560=CARTESIAN_POINT('',(-3.42853E2,1.938999983222E2,2.670240795339E1));
#1561=DIRECTION('',(-1.E0,0.E0,0.E0));
#1562=DIRECTION('',(0.E0,-1.E0,0.E0));
#1563=AXIS2_PLACEMENT_3D('',#1560,#1561,#1562);
#1565=CURVE_STYLE('',#135,POSITIVE_LENGTH_MEASURE(2.E-2),#119);
#1566=PRESENTATION_STYLE_ASSIGNMENT((#1565));
#1567=STYLED_ITEM('',(#1566),#1564);
#1568=DIRECTION('',(0.E0,-7.071067811864E-1,7.071067811867E-1));
#1569=VECTOR('',#1568,7.293343260277E0);
#1570=CARTESIAN_POINT('',(-3.42853E2,1.956787435809E2,2.965851439676E1));
#1571=LINE('',#1570,#1569);
#1572=CURVE_STYLE('',#135,POSITIVE_LENGTH_MEASURE(2.E-2),#119);
#1573=PRESENTATION_STYLE_ASSIGNMENT((#1572));
#1574=STYLED_ITEM('',(#1573),#1571);
#1575=CARTESIAN_POINT('',(-3.42853E2,1.908751244946E2,3.516924026422E1));
#1576=DIRECTION('',(-1.E0,0.E0,0.E0));
#1577=DIRECTION('',(0.E0,-7.071067811861E-1,-7.071067811870E-1));
#1578=AXIS2_PLACEMENT_3D('',#1575,#1576,#1577);
#1580=CURVE_STYLE('',#135,POSITIVE_LENGTH_MEASURE(2.E-2),#119);
#1581=PRESENTATION_STYLE_ASSIGNMENT((#1580));
#1582=STYLED_ITEM('',(#1581),#1579);
#1583=DIRECTION('',(0.E0,-7.071067811865E-1,-7.071067811866E-1));
#1584=VECTOR('',#1583,5.000000000003E-1);
#1585=CARTESIAN_POINT('',(-3.42853E2,1.908751244946E2,3.587634704541E1));
#1586=LINE('',#1585,#1584);
#1587=CURVE_STYLE('',#135,POSITIVE_LENGTH_MEASURE(2.E-2),#119);
#1588=PRESENTATION_STYLE_ASSIGNMENT((#1587));
#1589=STYLED_ITEM('',(#1588),#1586);
#1590=CARTESIAN_POINT('',(-3.42853E2,1.912286778852E2,3.552279365481E1));
#1591=DIRECTION('',(-1.E0,0.E0,0.E0));
#1592=DIRECTION('',(0.E0,-7.071067811861E-1,7.071067811870E-1));
#1593=AXIS2_PLACEMENT_3D('',#1590,#1591,#1592);
#1595=CURVE_STYLE('',#135,POSITIVE_LENGTH_MEASURE(2.E-2),#119);
#1596=PRESENTATION_STYLE_ASSIGNMENT((#1595));
#1597=STYLED_ITEM('',(#1596),#1594);
#1598=DIRECTION('',(0.E0,-7.071067811865E-1,7.071067811865E-1));
#1599=VECTOR('',#1598,1.E1);
#1600=CARTESIAN_POINT('',(-3.42853E2,1.986532990877E2,2.880527923354E1));
#1601=LINE('',#1600,#1599);
#1602=CURVE_STYLE('',#135,POSITIVE_LENGTH_MEASURE(2.E-2),#119);
#1603=PRESENTATION_STYLE_ASSIGNMENT((#1602));
#1604=STYLED_ITEM('',(#1603),#1601);
#1605=CARTESIAN_POINT('',(-3.42853E2,1.982997456971E2,2.845172584295E1));
#1606=DIRECTION('',(1.E0,0.E0,0.E0));
#1607=DIRECTION('',(0.E0,7.071067811867E-1,-7.071067811864E-1));
#1608=AXIS2_PLACEMENT_3D('',#1605,#1606,#1607);
#1610=CURVE_STYLE('',#135,POSITIVE_LENGTH_MEASURE(2.E-2),#119);
#1611=PRESENTATION_STYLE_ASSIGNMENT((#1610));
#1612=STYLED_ITEM('',(#1611),#1609);
#1613=DIRECTION('',(0.E0,7.071067811866E-1,7.071067811865E-1));
#1614=VECTOR('',#1613,5.E-1);
#1615=CARTESIAN_POINT('',(-3.42853E2,1.982997456971E2,2.774461906176E1));
#1616=LINE('',#1615,#1614);
#1617=CURVE_STYLE('',#135,POSITIVE_LENGTH_MEASURE(2.E-2),#119);
#1618=PRESENTATION_STYLE_ASSIGNMENT((#1617));
#1619=STYLED_ITEM('',(#1618),#1616);
#1620=CARTESIAN_POINT('',(-3.42853E2,1.979461923065E2,2.809817245236E1));
#1621=DIRECTION('',(-1.E0,0.E0,0.E0));
#1622=DIRECTION('',(0.E0,7.071067811866E-1,-7.071067811865E-1));
#1623=AXIS2_PLACEMENT_3D('',#1620,#1621,#1622);
#1625=CURVE_STYLE('',#135,POSITIVE_LENGTH_MEASURE(2.E-2),#119);
#1626=PRESENTATION_STYLE_ASSIGNMENT((#1625));
#1627=STYLED_ITEM('',(#1626),#1624);
#1628=DIRECTION('',(0.E0,-7.071067811865E-1,7.071067811866E-1));
#1629=VECTOR('',#1628,1.041616584516E0);
#1630=CARTESIAN_POINT('',(-3.42853E2,1.975926389159E2,2.774461906176E1));
#1631=LINE('',#1630,#1629);
#1632=CURVE_STYLE('',#135,POSITIVE_LENGTH_MEASURE(2.E-2),#119);
#1633=PRESENTATION_STYLE_ASSIGNMENT((#1632));
#1634=STYLED_ITEM('',(#1633),#1631);
#1635=CARTESIAN_POINT('',(-3.42853E2,1.938999983222E2,2.670240795339E1));
#1636=DIRECTION('',(-1.E0,0.E0,0.E0));
#1637=DIRECTION('',(0.E0,8.568424473627E-1,5.155783358497E-1));
#1638=AXIS2_PLACEMENT_3D('',#1635,#1636,#1637);
#1640=CURVE_STYLE('',#135,POSITIVE_LENGTH_MEASURE(2.E-2),#119);
#1641=PRESENTATION_STYLE_ASSIGNMENT((#1640));
#1642=STYLED_ITEM('',(#1641),#1639);
#1643=CARTESIAN_POINT('',(-3.42853E2,1.938999983222E2,2.670240795339E1));
#1644=DIRECTION('',(-1.E0,0.E0,0.E0));
#1645=DIRECTION('',(0.E0,1.E0,0.E0));
#1646=AXIS2_PLACEMENT_3D('',#1643,#1644,#1645);
#1648=CURVE_STYLE('',#135,POSITIVE_LENGTH_MEASURE(2.E-2),#119);
#1649=PRESENTATION_STYLE_ASSIGNMENT((#1648));
#1650=STYLED_ITEM('',(#1649),#1647);
#1651=CARTESIAN_POINT('',(-3.42853E2,2.016629070264E2,4.383570245253E1));
#1652=DIRECTION('',(-1.E0,0.E0,0.E0));
#1653=DIRECTION('',(0.E0,-7.071067810143E-1,7.071067813588E-1));
#1654=AXIS2_PLACEMENT_3D('',#1651,#1652,#1653);
#1656=CURVE_STYLE('',#135,POSITIVE_LENGTH_MEASURE(2.E-2),#119);
#1657=PRESENTATION_STYLE_ASSIGNMENT((#1656));
#1658=STYLED_ITEM('',(#1657),#1655);
#1659=DIRECTION('',(0.E0,7.071067811860E-1,7.071067811870E-1));
#1660=VECTOR('',#1659,1.893431164180E1);
#1661=CARTESIAN_POINT('',(-3.42853E2,1.850923463524E2,3.362910280908E1));
#1662=LINE('',#1661,#1660);
#1663=CURVE_STYLE('',#135,POSITIVE_LENGTH_MEASURE(2.E-2),#119);
#1664=PRESENTATION_STYLE_ASSIGNMENT((#1663));
#1665=STYLED_ITEM('',(#1664),#1662);
#1666=CARTESIAN_POINT('',(-3.42853E2,1.674073110953E2,2.412910280908E1));
#1667=DIRECTION('',(1.E0,0.E0,-1.359797690222E-13));
#1668=DIRECTION('',(1.376209088209E-13,-2.052346596764E-12,1.E0));
#1669=AXIS2_PLACEMENT_3D('',#1666,#1667,#1668);
#1671=CURVE_STYLE('',#135,POSITIVE_LENGTH_MEASURE(2.E-2),#119);
#1672=PRESENTATION_STYLE_ASSIGNMENT((#1671));
#1673=STYLED_ITEM('',(#1672),#1670);
#1674=DIRECTION('',(0.E0,-1.E0,0.E0));
#1675=VECTOR('',#1674,3.267014171121E1);
#1676=CARTESIAN_POINT('',(-3.42853E2,1.905774528066E2,1.271496260167E1));
#1677=LINE('',#1676,#1675);
#1678=CURVE_STYLE('',#135,POSITIVE_LENGTH_MEASURE(2.E-2),#119);
#1679=PRESENTATION_STYLE_ASSIGNMENT((#1678));
#1680=STYLED_ITEM('',(#1679),#1677);
#1681=DIRECTION('',(0.E0,-6.427876047486E-1,-7.660444472624E-1));
#1682=VECTOR('',#1681,1.383415367094E1);
#1683=CARTESIAN_POINT('',(-3.42853E2,1.994698753084E2,2.331253920386E1));
#1684=LINE('',#1683,#1682);
#1685=CURVE_STYLE('',#135,POSITIVE_LENGTH_MEASURE(2.E-2),#119);
#1686=PRESENTATION_STYLE_ASSIGNMENT((#1685));
#1687=STYLED_ITEM('',(#1686),#1684);
#1688=CARTESIAN_POINT('',(-3.42853E2,2.131578179854E2,1.182698698570E1));
#1689=DIRECTION('',(-1.E0,0.E0,0.E0));
#1690=DIRECTION('',(0.E0,-7.660440656131E-1,6.427880595803E-1));
#1691=AXIS2_PLACEMENT_3D('',#1688,#1689,#1690);
#1693=CURVE_STYLE('',#135,POSITIVE_LENGTH_MEASURE(2.E-2),#119);
#1694=PRESENTATION_STYLE_ASSIGNMENT((#1693));
#1695=STYLED_ITEM('',(#1694),#1692);
#1696=CARTESIAN_POINT('',(-3.42853E2,2.057695625706E2,2.864393427241E1));
#1697=DIRECTION('',(-1.E0,0.E0,0.E0));
#1698=DIRECTION('',(0.E0,1.E0,0.E0));
#1699=AXIS2_PLACEMENT_3D('',#1696,#1697,#1698);
#1701=CURVE_STYLE('',#135,POSITIVE_LENGTH_MEASURE(2.E-2),#119);
#1702=PRESENTATION_STYLE_ASSIGNMENT((#1701));
#1703=STYLED_ITEM('',(#1702),#1700);
#1704=DIRECTION('',(0.E0,0.E0,-1.E0));
#1705=VECTOR('',#1704,7.872309887135E0);
#1706=CARTESIAN_POINT('',(-3.42853E2,2.062695625706E2,3.651624415955E1));
#1707=LINE('',#1706,#1705);
#1708=CURVE_STYLE('',#135,POSITIVE_LENGTH_MEASURE(2.E-2),#119);
#1709=PRESENTATION_STYLE_ASSIGNMENT((#1708));
#1710=STYLED_ITEM('',(#1709),#1707);
#1711=DIRECTION('',(0.E0,6.427876096865E-1,7.660444431190E-1));
#1712=VECTOR('',#1711,4.167738971450E0);
#1713=CARTESIAN_POINT('',(-3.42853E2,2.062695625706E2,3.651624415955E1));
#1714=LINE('',#1713,#1712);
#1715=CURVE_STYLE('',#135,POSITIVE_LENGTH_MEASURE(2.E-2),#119);
#1716=PRESENTATION_STYLE_ASSIGNMENT((#1715));
#1717=STYLED_ITEM('',(#1716),#1714);
#1718=DIRECTION('',(0.E0,6.409410758457E-1,-7.675900841554E-1));
#1719=VECTOR('',#1718,4.898959998148E0);
#1720=CARTESIAN_POINT('',(-3.42853E2,2.058085888501E2,4.346931055625E1));
#1721=LINE('',#1720,#1719);
#1722=CURVE_STYLE('',#135,POSITIVE_LENGTH_MEASURE(2.E-2),#119);
#1723=PRESENTATION_STYLE_ASSIGNMENT((#1722));
#1724=STYLED_ITEM('',(#1723),#1721);
#1725=DIRECTION('',(0.E0,-8.715574229604E-2,-9.961946981313E-1));
#1726=VECTOR('',#1725,1.715136922295E0);
#1727=CARTESIAN_POINT('',(-3.42853E2,2.059580728817E2,4.517792086481E1));
#1728=LINE('',#1727,#1726);
#1729=CURVE_STYLE('',#135,POSITIVE_LENGTH_MEASURE(2.E-2),#119);
#1730=PRESENTATION_STYLE_ASSIGNMENT((#1729));
#1731=STYLED_ITEM('',(#1730),#1728);
#1732=DIRECTION('',(0.E0,0.E0,-1.E0));
#1733=VECTOR('',#1732,5.8E0);
#1734=CARTESIAN_POINT('',(-3.42853E2,1.651573110953E2,3.276432418116E1));
#1735=LINE('',#1734,#1733);
#1736=CURVE_STYLE('',#135,POSITIVE_LENGTH_MEASURE(2.E-2),#119);
#1737=PRESENTATION_STYLE_ASSIGNMENT((#1736));
#1738=STYLED_ITEM('',(#1737),#1735);
#1739=DIRECTION('',(-1.E0,2.842170943038E-13,0.E0));
#1740=VECTOR('',#1739,1.000000000001E-1);
#1741=CARTESIAN_POINT('',(-3.42853E2,1.656573110953E2,3.326432418116E1));
#1742=LINE('',#1741,#1740);
#1743=CURVE_STYLE('',#135,POSITIVE_LENGTH_MEASURE(2.E-2),#119);
#1744=PRESENTATION_STYLE_ASSIGNMENT((#1743));
#1745=STYLED_ITEM('',(#1744),#1742);
#1746=DIRECTION('',(-1.E0,0.E0,7.105427357599E-14));
#1747=VECTOR('',#1746,1.E-1);
#1748=CARTESIAN_POINT('',(-3.42853E2,1.651573110953E2,3.276432418116E1));
#1749=LINE('',#1748,#1747);
#1750=CURVE_STYLE('',#135,POSITIVE_LENGTH_MEASURE(2.E-2),#119);
#1751=PRESENTATION_STYLE_ASSIGNMENT((#1750));
#1752=STYLED_ITEM('',(#1751),#1749);
#1753=CARTESIAN_POINT('',(-3.42953E2,1.656573110953E2,3.276432418116E1));
#1754=DIRECTION('',(-1.E0,0.E0,0.E0));
#1755=DIRECTION('',(0.E0,-1.E0,0.E0));
#1756=AXIS2_PLACEMENT_3D('',#1753,#1754,#1755);
#1758=CURVE_STYLE('',#135,POSITIVE_LENGTH_MEASURE(2.E-2),#119);
#1759=PRESENTATION_STYLE_ASSIGNMENT((#1758));
#1760=STYLED_ITEM('',(#1759),#1757);
#1761=CARTESIAN_POINT('',(-3.42953E2,1.654573110953E2,3.276432418116E1));
#1762=DIRECTION('',(0.E0,0.E0,1.E0));
#1763=DIRECTION('',(-1.E0,0.E0,0.E0));
#1764=AXIS2_PLACEMENT_3D('',#1761,#1762,#1763);
#1766=CURVE_STYLE('',#135,POSITIVE_LENGTH_MEASURE(2.E-2),#119);
#1767=PRESENTATION_STYLE_ASSIGNMENT((#1766));
#1768=STYLED_ITEM('',(#1767),#1765);
#1769=CARTESIAN_POINT('',(-3.42953E2,1.656573110953E2,3.296432418116E1));
#1770=DIRECTION('',(0.E0,1.E0,0.E0));
#1771=DIRECTION('',(-1.E0,0.E0,4.736951571734E-14));
#1772=AXIS2_PLACEMENT_3D('',#1769,#1770,#1771);
#1774=CURVE_STYLE('',#135,POSITIVE_LENGTH_MEASURE(2.E-2),#119);
#1775=PRESENTATION_STYLE_ASSIGNMENT((#1774));
#1776=STYLED_ITEM('',(#1775),#1773);
#1777=DIRECTION('',(0.E0,0.E0,1.E0));
#1778=VECTOR('',#1777,5.8E0);
#1779=CARTESIAN_POINT('',(-3.43253E2,1.654573110953E2,2.696432418116E1));
#1780=LINE('',#1779,#1778);
#1781=CURVE_STYLE('',#135,POSITIVE_LENGTH_MEASURE(2.E-2),#119);
#1782=PRESENTATION_STYLE_ASSIGNMENT((#1781));
#1783=STYLED_ITEM('',(#1782),#1780);
#1784=DIRECTION('',(0.E0,0.E0,1.E0));
#1785=VECTOR('',#1784,5.8E0);
#1786=CARTESIAN_POINT('',(-3.42953E2,1.651573110953E2,2.696432418116E1));
#1787=LINE('',#1786,#1785);
#1788=CURVE_STYLE('',#135,POSITIVE_LENGTH_MEASURE(2.E-2),#119);
#1789=PRESENTATION_STYLE_ASSIGNMENT((#1788));
#1790=STYLED_ITEM('',(#1789),#1787);
#1791=CARTESIAN_POINT('',(-3.43253E2,1.661573110953E2,3.276432418116E1));
#1792=DIRECTION('',(-1.E0,0.E0,0.E0));
#1793=DIRECTION('',(0.E0,-8.526512829122E-13,1.E0));
#1794=AXIS2_PLACEMENT_3D('',#1791,#1792,#1793);
#1796=CURVE_STYLE('',#135,POSITIVE_LENGTH_MEASURE(2.E-2),#119);
#1797=PRESENTATION_STYLE_ASSIGNMENT((#1796));
#1798=STYLED_ITEM('',(#1797),#1795);
#1799=CARTESIAN_POINT('',(-3.43253E2,1.656573110953E2,3.276432418116E1));
#1800=DIRECTION('',(-1.E0,0.E0,0.E0));
#1801=DIRECTION('',(0.E0,-1.E0,0.E0));
#1802=AXIS2_PLACEMENT_3D('',#1799,#1800,#1801);
#1804=CURVE_STYLE('',#135,POSITIVE_LENGTH_MEASURE(2.E-2),#119);
#1805=PRESENTATION_STYLE_ASSIGNMENT((#1804));
#1806=STYLED_ITEM('',(#1805),#1803);
#1807=CARTESIAN_POINT('',(-3.43253E2,1.656573110953E2,2.696432418116E1));
#1808=DIRECTION('',(-1.E0,0.E0,0.E0));
#1809=DIRECTION('',(0.E0,8.526512829122E-13,-1.E0));
#1810=AXIS2_PLACEMENT_3D('',#1807,#1808,#1809);
#1812=CURVE_STYLE('',#135,POSITIVE_LENGTH_MEASURE(2.E-2),#119);
#1813=PRESENTATION_STYLE_ASSIGNMENT((#1812));
#1814=STYLED_ITEM('',(#1813),#1811);
#1815=CARTESIAN_POINT('',(-3.43253E2,1.661573110953E2,2.696432418116E1));
#1816=DIRECTION('',(1.E0,0.E0,0.E0));
#1817=DIRECTION('',(0.E0,-8.526512829122E-13,-1.E0));
#1818=AXIS2_PLACEMENT_3D('',#1815,#1816,#1817);
#1820=CURVE_STYLE('',#135,POSITIVE_LENGTH_MEASURE(2.E-2),#119);
#1821=PRESENTATION_STYLE_ASSIGNMENT((#1820));
#1822=STYLED_ITEM('',(#1821),#1819);
#1823=DIRECTION('',(0.E0,0.E0,1.E0));
#1824=VECTOR('',#1823,5.8E0);
#1825=CARTESIAN_POINT('',(-3.43253E2,1.663573110953E2,2.696432418116E1));
#1826=LINE('',#1825,#1824);
#1827=CURVE_STYLE('',#135,POSITIVE_LENGTH_MEASURE(2.E-2),#119);
#1828=PRESENTATION_STYLE_ASSIGNMENT((#1827));
#1829=STYLED_ITEM('',(#1828),#1826);
#1830=DIRECTION('',(0.E0,0.E0,1.E0));
#1831=VECTOR('',#1830,5.8E0);
#1832=CARTESIAN_POINT('',(-3.42953E2,1.666573110953E2,2.696432418116E1));
#1833=LINE('',#1832,#1831);
#1834=CURVE_STYLE('',#135,POSITIVE_LENGTH_MEASURE(2.E-2),#119);
#1835=PRESENTATION_STYLE_ASSIGNMENT((#1834));
#1836=STYLED_ITEM('',(#1835),#1833);
#1837=CARTESIAN_POINT('',(-3.42953E2,1.661573110953E2,2.696432418116E1));
#1838=DIRECTION('',(1.E0,0.E0,0.E0));
#1839=DIRECTION('',(0.E0,0.E0,-1.E0));
#1840=AXIS2_PLACEMENT_3D('',#1837,#1838,#1839);
#1842=CURVE_STYLE('',#135,POSITIVE_LENGTH_MEASURE(2.E-2),#119);
#1843=PRESENTATION_STYLE_ASSIGNMENT((#1842));
#1844=STYLED_ITEM('',(#1843),#1841);
#1845=CARTESIAN_POINT('',(-3.42953E2,1.663573110953E2,2.696432418116E1));
#1846=DIRECTION('',(0.E0,0.E0,-1.E0));
#1847=DIRECTION('',(-1.E0,0.E0,0.E0));
#1848=AXIS2_PLACEMENT_3D('',#1845,#1846,#1847);
#1850=CURVE_STYLE('',#135,POSITIVE_LENGTH_MEASURE(2.E-2),#119);
#1851=PRESENTATION_STYLE_ASSIGNMENT((#1850));
#1852=STYLED_ITEM('',(#1851),#1849);
#1853=CARTESIAN_POINT('',(-3.42953E2,1.661573110953E2,2.676432418116E1));
#1854=DIRECTION('',(0.E0,-1.E0,0.E0));
#1855=DIRECTION('',(-1.E0,0.E0,-4.736951571734E-14));
#1856=AXIS2_PLACEMENT_3D('',#1853,#1854,#1855);
#1858=CURVE_STYLE('',#135,POSITIVE_LENGTH_MEASURE(2.E-2),#119);
#1859=PRESENTATION_STYLE_ASSIGNMENT((#1858));
#1860=STYLED_ITEM('',(#1859),#1857);
#1861=DIRECTION('',(1.E0,1.434850827191E-10,8.265988460992E-12));
#1862=VECTOR('',#1861,1.138967383423E-1);
#1863=CARTESIAN_POINT('',(-3.42953E2,1.661573110953E2,2.646432418116E1));
#1864=LINE('',#1863,#1862);
#1865=CURVE_STYLE('',#135,POSITIVE_LENGTH_MEASURE(2.E-2),#119);
#1866=PRESENTATION_STYLE_ASSIGNMENT((#1865));
#1867=STYLED_ITEM('',(#1866),#1864);
#1868=DIRECTION('',(1.E0,0.E0,7.105427357599E-14));
#1869=VECTOR('',#1868,1.E-1);
#1870=CARTESIAN_POINT('',(-3.42953E2,1.666573110953E2,2.696432418116E1));
#1871=LINE('',#1870,#1869);
#1872=CURVE_STYLE('',#135,POSITIVE_LENGTH_MEASURE(2.E-2),#119);
#1873=PRESENTATION_STYLE_ASSIGNMENT((#1872));
#1874=STYLED_ITEM('',(#1873),#1871);
#1875=CARTESIAN_POINT('',(-3.42553E2,1.692073110953E2,2.326432418116E1));
#1876=DIRECTION('',(0.E0,0.E0,-1.E0));
#1877=DIRECTION('',(0.E0,-1.E0,0.E0));
#1878=AXIS2_PLACEMENT_3D('',#1875,#1876,#1877);
#1880=CURVE_STYLE('',#135,POSITIVE_LENGTH_MEASURE(2.E-2),#119);
#1881=PRESENTATION_STYLE_ASSIGNMENT((#1880));
#1882=STYLED_ITEM('',(#1881),#1879);
#1883=CARTESIAN_POINT('',(-3.42853E2,1.664002347214E2,2.652730231453E1));
#1884=CARTESIAN_POINT('',(-3.42853E2,1.663853273544E2,2.651901588332E1));
#1885=CARTESIAN_POINT('',(-3.428519178567E2,1.663547088011E2,2.650399510224E1));
#1886=CARTESIAN_POINT('',(-3.428484587707E2,1.663068695001E2,2.648631065344E1));
#1887=CARTESIAN_POINT('',(-3.428444313452E2,1.662576066327E2,2.647361200802E1));
#1888=CARTESIAN_POINT('',(-3.428409406626E2,1.662075851050E2,2.646600598953E1));
#1889=CARTESIAN_POINT('',(-3.428395143876E2,1.661740445441E2,2.646432418116E1));
#1890=CARTESIAN_POINT('',(-3.428391032616E2,1.661573110953E2,2.646432418116E1));
#1892=CURVE_STYLE('',#135,POSITIVE_LENGTH_MEASURE(2.E-2),#119);
#1893=PRESENTATION_STYLE_ASSIGNMENT((#1892));
#1894=STYLED_ITEM('',(#1893),#1891);
#1895=CARTESIAN_POINT('',(-3.428391032616E2,1.661573110953E2,2.646432418116E1));
#1896=CARTESIAN_POINT('',(-3.428377384393E2,1.661017607554E2,2.646432418116E1));
#1897=CARTESIAN_POINT('',(-3.428357193087E2,1.659906617724E2,2.646432418116E1));
#1898=CARTESIAN_POINT('',(-3.428357192905E2,1.658239619158E2,2.646432418116E1));
#1899=CARTESIAN_POINT('',(-3.428377384236E2,1.657128620769E2,2.646432418116E1));
#1900=CARTESIAN_POINT('',(-3.428391032616E2,1.656573110953E2,2.646432418116E1));
#1902=CURVE_STYLE('',#135,POSITIVE_LENGTH_MEASURE(2.E-2),#119);
#1903=PRESENTATION_STYLE_ASSIGNMENT((#1902));
#1904=STYLED_ITEM('',(#1903),#1901);
#1905=CARTESIAN_POINT('',(-3.42853E2,1.654143874693E2,2.652730231453E1));
#1906=CARTESIAN_POINT('',(-3.42853E2,1.654292947011E2,2.651901595844E1));
#1907=CARTESIAN_POINT('',(-3.428519178754E2,1.654599130231E2,2.650399526971E1));
#1908=CARTESIAN_POINT('',(-3.428484588162E2,1.655077521286E2,2.648631083257E1));
#1909=CARTESIAN_POINT('',(-3.428444313907E2,1.655570149793E2,2.647361212303E1));
#1910=CARTESIAN_POINT('',(-3.428409406835E2,1.656070366845E2,2.646600602054E1));
#1911=CARTESIAN_POINT('',(-3.428395143914E2,1.656405774921E2,2.646432418116E1));
#1912=CARTESIAN_POINT('',(-3.428391032616E2,1.656573110953E2,2.646432418116E1));
#1914=CURVE_STYLE('',#135,POSITIVE_LENGTH_MEASURE(2.E-2),#119);
#1915=PRESENTATION_STYLE_ASSIGNMENT((#1914));
#1916=STYLED_ITEM('',(#1915),#1913);
#1917=CARTESIAN_POINT('',(-3.42553E2,1.626073110953E2,2.326432418116E1));
#1918=DIRECTION('',(0.E0,0.E0,1.E0));
#1919=DIRECTION('',(0.E0,1.E0,0.E0));
#1920=AXIS2_PLACEMENT_3D('',#1917,#1918,#1919);
#1922=CURVE_STYLE('',#135,POSITIVE_LENGTH_MEASURE(2.E-2),#119);
#1923=PRESENTATION_STYLE_ASSIGNMENT((#1922));
#1924=STYLED_ITEM('',(#1923),#1921);
#1925=CARTESIAN_POINT('',(-3.42553E2,1.659073110953E2,2.326432418116E1));
#1926=DIRECTION('',(-1.E0,0.E0,0.E0));
#1927=DIRECTION('',(0.E0,-1.E0,0.E0));
#1928=AXIS2_PLACEMENT_3D('',#1925,#1926,#1927);
#1930=CURVE_STYLE('',#135,POSITIVE_LENGTH_MEASURE(2.E-2),#119);
#1931=PRESENTATION_STYLE_ASSIGNMENT((#1930));
#1932=STYLED_ITEM('',(#1931),#1929);
#1933=CARTESIAN_POINT('',(-3.42553E2,1.659073110953E2,2.326432418116E1));
#1934=DIRECTION('',(-1.E0,0.E0,0.E0));
#1935=DIRECTION('',(0.E0,1.E0,0.E0));
#1936=AXIS2_PLACEMENT_3D('',#1933,#1934,#1935);
#1938=CURVE_STYLE('',#135,POSITIVE_LENGTH_MEASURE(2.E-2),#119);
#1939=PRESENTATION_STYLE_ASSIGNMENT((#1938));
#1940=STYLED_ITEM('',(#1939),#1937);
#1941=DIRECTION('',(-1.E0,0.E0,0.E0));
#1942=VECTOR('',#1941,5.000000000001E-1);
#1943=CARTESIAN_POINT('',(-3.42053E2,1.689073110953E2,2.326432418116E1));
#1944=LINE('',#1943,#1942);
#1945=CURVE_STYLE('',#135,POSITIVE_LENGTH_MEASURE(2.E-2),#119);
#1946=PRESENTATION_STYLE_ASSIGNMENT((#1945));
#1947=STYLED_ITEM('',(#1946),#1944);
#1948=DIRECTION('',(-1.E0,0.E0,0.E0));
#1949=VECTOR('',#1948,5.000000000001E-1);
#1950=CARTESIAN_POINT('',(-3.42053E2,1.629073110953E2,2.326432418116E1));
#1951=LINE('',#1950,#1949);
#1952=CURVE_STYLE('',#135,POSITIVE_LENGTH_MEASURE(2.E-2),#119);
#1953=PRESENTATION_STYLE_ASSIGNMENT((#1952));
#1954=STYLED_ITEM('',(#1953),#1951);
#1955=DIRECTION('',(-1.E0,1.292613440840E-10,-7.361408591654E-12));
#1956=VECTOR('',#1955,1.138967383426E-1);
#1957=CARTESIAN_POINT('',(-3.428391032616E2,1.656573110953E2,2.646432418116E1));
#1958=LINE('',#1957,#1956);
#1959=CURVE_STYLE('',#135,POSITIVE_LENGTH_MEASURE(2.E-2),#119);
#1960=PRESENTATION_STYLE_ASSIGNMENT((#1959));
#1961=STYLED_ITEM('',(#1960),#1958);
#1962=DIRECTION('',(-1.E0,0.E0,-7.105427357595E-14));
#1963=VECTOR('',#1962,1.000000000001E-1);
#1964=CARTESIAN_POINT('',(-3.42853E2,1.651573110953E2,2.696432418116E1));
#1965=LINE('',#1964,#1963);
#1966=CURVE_STYLE('',#135,POSITIVE_LENGTH_MEASURE(2.E-2),#119);
#1967=PRESENTATION_STYLE_ASSIGNMENT((#1966));
#1968=STYLED_ITEM('',(#1967),#1965);
#1969=CARTESIAN_POINT('',(-3.42953E2,1.656573110953E2,2.696432418116E1));
#1970=DIRECTION('',(-1.E0,0.E0,0.E0));
#1971=DIRECTION('',(0.E0,0.E0,-1.E0));
#1972=AXIS2_PLACEMENT_3D('',#1969,#1970,#1971);
#1974=CURVE_STYLE('',#135,POSITIVE_LENGTH_MEASURE(2.E-2),#119);
#1975=PRESENTATION_STYLE_ASSIGNMENT((#1974));
#1976=STYLED_ITEM('',(#1975),#1973);
#1977=CARTESIAN_POINT('',(-3.42953E2,1.656573110953E2,2.676432418116E1));
#1978=DIRECTION('',(0.E0,-1.E0,0.E0));
#1979=DIRECTION('',(-1.E0,0.E0,-4.736951571734E-14));
#1980=AXIS2_PLACEMENT_3D('',#1977,#1978,#1979);
#1982=CURVE_STYLE('',#135,POSITIVE_LENGTH_MEASURE(2.E-2),#119);
#1983=PRESENTATION_STYLE_ASSIGNMENT((#1982));
#1984=STYLED_ITEM('',(#1983),#1981);
#1985=CARTESIAN_POINT('',(-3.42953E2,1.654573110953E2,2.696432418116E1));
#1986=DIRECTION('',(0.E0,0.E0,1.E0));
#1987=DIRECTION('',(-1.E0,0.E0,0.E0));
#1988=AXIS2_PLACEMENT_3D('',#1985,#1986,#1987);
#1990=CURVE_STYLE('',#135,POSITIVE_LENGTH_MEASURE(2.E-2),#119);
#1991=PRESENTATION_STYLE_ASSIGNMENT((#1990));
#1992=STYLED_ITEM('',(#1991),#1989);
#1993=DIRECTION('',(0.E0,-1.E0,0.E0));
#1994=VECTOR('',#1993,4.999999999999E-1);
#1995=CARTESIAN_POINT('',(-3.43253E2,1.661573110953E2,2.676432418116E1));
#1996=LINE('',#1995,#1994);
#1997=CURVE_STYLE('',#135,POSITIVE_LENGTH_MEASURE(2.E-2),#119);
#1998=PRESENTATION_STYLE_ASSIGNMENT((#1997));
#1999=STYLED_ITEM('',(#1998),#1996);
#2000=DIRECTION('',(0.E0,-1.E0,0.E0));
#2001=VECTOR('',#2000,5.E-1);
#2002=CARTESIAN_POINT('',(-3.42953E2,1.661573110953E2,2.646432418116E1));
#2003=LINE('',#2002,#2001);
#2004=CURVE_STYLE('',#135,POSITIVE_LENGTH_MEASURE(2.E-2),#119);
#2005=PRESENTATION_STYLE_ASSIGNMENT((#2004));
#2006=STYLED_ITEM('',(#2005),#2003);
#2007=DIRECTION('',(0.E0,0.E0,1.E0));
#2008=VECTOR('',#2007,5.8E0);
#2009=CARTESIAN_POINT('',(-3.42853E2,1.666573110953E2,2.696432418116E1));
#2010=LINE('',#2009,#2008);
#2011=CURVE_STYLE('',#135,POSITIVE_LENGTH_MEASURE(2.E-2),#119);
#2012=PRESENTATION_STYLE_ASSIGNMENT((#2011));
#2013=STYLED_ITEM('',(#2012),#2010);
#2014=DIRECTION('',(-1.E0,0.E0,7.105427357595E-14));
#2015=VECTOR('',#2014,1.000000000001E-1);
#2016=CARTESIAN_POINT('',(-3.42853E2,1.666573110953E2,3.276432418116E1));
#2017=LINE('',#2016,#2015);
#2018=CURVE_STYLE('',#135,POSITIVE_LENGTH_MEASURE(2.E-2),#119);
#2019=PRESENTATION_STYLE_ASSIGNMENT((#2018));
#2020=STYLED_ITEM('',(#2019),#2017);
#2021=DIRECTION('',(-1.E0,2.842170943040E-13,0.E0));
#2022=VECTOR('',#2021,1.E-1);
#2023=CARTESIAN_POINT('',(-3.42853E2,1.661573110953E2,3.326432418116E1));
#2024=LINE('',#2023,#2022);
#2025=CURVE_STYLE('',#135,POSITIVE_LENGTH_MEASURE(2.E-2),#119);
#2026=PRESENTATION_STYLE_ASSIGNMENT((#2025));
#2027=STYLED_ITEM('',(#2026),#2024);
#2028=CARTESIAN_POINT('',(-3.42953E2,1.661573110953E2,3.276432418116E1));
#2029=DIRECTION('',(-1.E0,0.E0,0.E0));
#2030=DIRECTION('',(0.E0,0.E0,1.E0));
#2031=AXIS2_PLACEMENT_3D('',#2028,#2029,#2030);
#2033=CURVE_STYLE('',#135,POSITIVE_LENGTH_MEASURE(2.E-2),#119);
#2034=PRESENTATION_STYLE_ASSIGNMENT((#2033));
#2035=STYLED_ITEM('',(#2034),#2032);
#2036=CARTESIAN_POINT('',(-3.42953E2,1.661573110953E2,3.296432418116E1));
#2037=DIRECTION('',(0.E0,1.E0,0.E0));
#2038=DIRECTION('',(-1.E0,0.E0,4.736951571734E-14));
#2039=AXIS2_PLACEMENT_3D('',#2036,#2037,#2038);
#2041=CURVE_STYLE('',#135,POSITIVE_LENGTH_MEASURE(2.E-2),#119);
#2042=PRESENTATION_STYLE_ASSIGNMENT((#2041));
#2043=STYLED_ITEM('',(#2042),#2040);
#2044=CARTESIAN_POINT('',(-3.42953E2,1.663573110953E2,3.276432418116E1));
#2045=DIRECTION('',(0.E0,0.E0,-1.E0));
#2046=DIRECTION('',(-1.E0,0.E0,0.E0));
#2047=AXIS2_PLACEMENT_3D('',#2044,#2045,#2046);
#2049=CURVE_STYLE('',#135,POSITIVE_LENGTH_MEASURE(2.E-2),#119);
#2050=PRESENTATION_STYLE_ASSIGNMENT((#2049));
#2051=STYLED_ITEM('',(#2050),#2048);
#2052=DIRECTION('',(0.E0,-1.E0,0.E0));
#2053=VECTOR('',#2052,4.999999999999E-1);
#2054=CARTESIAN_POINT('',(-3.43253E2,1.661573110953E2,3.296432418116E1));
#2055=LINE('',#2054,#2053);
#2056=CURVE_STYLE('',#135,POSITIVE_LENGTH_MEASURE(2.E-2),#119);
#2057=PRESENTATION_STYLE_ASSIGNMENT((#2056));
#2058=STYLED_ITEM('',(#2057),#2055);
#2059=DIRECTION('',(0.E0,-1.E0,0.E0));
#2060=VECTOR('',#2059,5.E-1);
#2061=CARTESIAN_POINT('',(-3.42953E2,1.661573110953E2,3.326432418116E1));
#2062=LINE('',#2061,#2060);
#2063=CURVE_STYLE('',#135,POSITIVE_LENGTH_MEASURE(2.E-2),#119);
#2064=PRESENTATION_STYLE_ASSIGNMENT((#2063));
#2065=STYLED_ITEM('',(#2064),#2062);
#2066=DIRECTION('',(0.E0,-1.E0,0.E0));
#2067=VECTOR('',#2066,5.E-1);
#2068=CARTESIAN_POINT('',(-3.42853E2,1.661573110953E2,3.326432418116E1));
#2069=LINE('',#2068,#2067);
#2070=CURVE_STYLE('',#135,POSITIVE_LENGTH_MEASURE(2.E-2),#119);
#2071=PRESENTATION_STYLE_ASSIGNMENT((#2070));
#2072=STYLED_ITEM('',(#2071),#2069);
#2073=CARTESIAN_POINT('',(-3.42853E2,1.968561047656E2,2.848115321207E1));
#2074=CARTESIAN_POINT('',(-3.42853E2,1.967995424040E2,2.853771557368E1));
#2075=CARTESIAN_POINT('',(-3.428493446293E2,1.966866988449E2,2.865055913272E1));
#2076=CARTESIAN_POINT('',(-3.428408364448E2,1.965191914238E2,2.881806655385E1));
#2077=CARTESIAN_POINT('',(-3.428348896744E2,1.963505924524E2,2.898666552531E1));
#2078=CARTESIAN_POINT('',(-3.428349326125E2,1.961823206806E2,2.915493729709E1));
#2079=CARTESIAN_POINT('',(-3.428409025509E2,1.960143235552E2,2.932293442243E1));
#2080=CARTESIAN_POINT('',(-3.428494176492E2,1.958465805006E2,2.949067747702E1));
#2081=CARTESIAN_POINT('',(-3.42853E2,1.957346903710E2,2.960256760670E1));
#2082=CARTESIAN_POINT('',(-3.42853E2,1.956787435809E2,2.965851439676E1));
#2084=CURVE_STYLE('',#135,POSITIVE_LENGTH_MEASURE(2.E-2),#119);
#2085=PRESENTATION_STYLE_ASSIGNMENT((#2084));
#2086=STYLED_ITEM('',(#2085),#2083);
#2087=CARTESIAN_POINT('',(-3.42553E2,1.904499983222E2,2.670240795339E1));
#2088=DIRECTION('',(0.E0,0.E0,1.E0));
#2089=DIRECTION('',(0.E0,1.E0,0.E0));
#2090=AXIS2_PLACEMENT_3D('',#2087,#2088,#2089);
#2092=CURVE_STYLE('',#135,POSITIVE_LENGTH_MEASURE(2.E-2),#119);
#2093=PRESENTATION_STYLE_ASSIGNMENT((#2092));
#2094=STYLED_ITEM('',(#2093),#2091);
#2095=CARTESIAN_POINT('',(-3.42553E2,1.938999983222E2,2.670240795339E1));
#2096=DIRECTION('',(-1.E0,0.E0,0.E0));
#2097=DIRECTION('',(0.E0,-1.E0,0.E0));
#2098=AXIS2_PLACEMENT_3D('',#2095,#2096,#2097);
#2100=CURVE_STYLE('',#135,POSITIVE_LENGTH_MEASURE(2.E-2),#119);
#2101=PRESENTATION_STYLE_ASSIGNMENT((#2100));
#2102=STYLED_ITEM('',(#2101),#2099);
#2103=CARTESIAN_POINT('',(-3.42553E2,1.973499983222E2,2.670240795339E1));
#2104=DIRECTION('',(0.E0,0.E0,-1.E0));
#2105=DIRECTION('',(0.E0,-1.E0,0.E0));
#2106=AXIS2_PLACEMENT_3D('',#2103,#2104,#2105);
#2108=CURVE_STYLE('',#135,POSITIVE_LENGTH_MEASURE(2.E-2),#119);
#2109=PRESENTATION_STYLE_ASSIGNMENT((#2108));
#2110=STYLED_ITEM('',(#2109),#2107);
#2111=DIRECTION('',(-1.E0,1.136868377215E-12,-7.460698725475E-13));
#2112=VECTOR('',#2111,1.000000000001E-1);
#2113=CARTESIAN_POINT('',(-3.42853E2,1.975926389159E2,2.774461906176E1));
#2114=LINE('',#2113,#2112);
#2115=CURVE_STYLE('',#135,POSITIVE_LENGTH_MEASURE(2.E-2),#119);
#2116=PRESENTATION_STYLE_ASSIGNMENT((#2115));
#2117=STYLED_ITEM('',(#2116),#2114);
#2118=DIRECTION('',(-1.E0,-2.842170943040E-13,-2.842170943040E-13));
#2119=VECTOR('',#2118,1.E-1);
#2120=CARTESIAN_POINT('',(-3.42853E2,1.982997456971E2,2.774461906176E1));
#2121=LINE('',#2120,#2119);
#2122=CURVE_STYLE('',#135,POSITIVE_LENGTH_MEASURE(2.E-2),#119);
#2123=PRESENTATION_STYLE_ASSIGNMENT((#2122));
#2124=STYLED_ITEM('',(#2123),#2121);
#2125=CARTESIAN_POINT('',(-3.42953E2,1.979461923065E2,2.809817245236E1));
#2126=DIRECTION('',(-1.E0,0.E0,0.E0));
#2127=DIRECTION('',(0.E0,7.071067811866E-1,-7.071067811865E-1));
#2128=AXIS2_PLACEMENT_3D('',#2125,#2126,#2127);
#2130=CURVE_STYLE('',#135,POSITIVE_LENGTH_MEASURE(2.E-2),#119);
#2131=PRESENTATION_STYLE_ASSIGNMENT((#2130));
#2132=STYLED_ITEM('',(#2131),#2129);
#2133=CARTESIAN_POINT('',(-3.42953E2,1.980876136627E2,2.795675109612E1));
#2134=DIRECTION('',(0.E0,-7.071067811866E-1,-7.071067811865E-1));
#2135=DIRECTION('',(-1.E0,0.E0,3.552713678800E-14));
#2136=AXIS2_PLACEMENT_3D('',#2133,#2134,#2135);
#2138=CURVE_STYLE('',#135,POSITIVE_LENGTH_MEASURE(2.E-2),#119);
#2139=PRESENTATION_STYLE_ASSIGNMENT((#2138));
#2140=STYLED_ITEM('',(#2139),#2137);
#2141=CARTESIAN_POINT('',(-3.42953E2,1.978047709503E2,2.795675109612E1));
#2142=DIRECTION('',(0.E0,-7.071067811866E-1,7.071067811865E-1));
#2143=DIRECTION('',(-1.E0,0.E0,-2.368475785867E-14));
#2144=AXIS2_PLACEMENT_3D('',#2141,#2142,#2143);
#2146=CURVE_STYLE('',#135,POSITIVE_LENGTH_MEASURE(2.E-2),#119);
#2147=PRESENTATION_STYLE_ASSIGNMENT((#2146));
#2148=STYLED_ITEM('',(#2147),#2145);
#2149=DIRECTION('',(0.E0,-7.071067811865E-1,-7.071067811866E-1));
#2150=VECTOR('',#2149,5.E-1);
#2151=CARTESIAN_POINT('',(-3.42953E2,1.986532990877E2,2.809817245236E1));
#2152=LINE('',#2151,#2150);
#2153=CURVE_STYLE('',#135,POSITIVE_LENGTH_MEASURE(2.E-2),#119);
#2154=PRESENTATION_STYLE_ASSIGNMENT((#2153));
#2155=STYLED_ITEM('',(#2154),#2152);
#2156=DIRECTION('',(0.E0,-7.071067811865E-1,7.071067811865E-1));
#2157=VECTOR('',#2156,1.E1);
#2158=CARTESIAN_POINT('',(-3.43253E2,1.984411670533E2,2.859314719919E1));
#2159=LINE('',#2158,#2157);
#2160=CURVE_STYLE('',#135,POSITIVE_LENGTH_MEASURE(2.E-2),#119);
#2161=PRESENTATION_STYLE_ASSIGNMENT((#2160));
#2162=STYLED_ITEM('',(#2161),#2159);
#2163=CARTESIAN_POINT('',(-3.43253E2,1.912286778852E2,3.552279365481E1));
#2164=DIRECTION('',(-1.E0,0.E0,0.E0));
#2165=DIRECTION('',(0.E0,-7.071067811858E-1,7.071067811873E-1));
#2166=AXIS2_PLACEMENT_3D('',#2163,#2164,#2165);
#2168=CURVE_STYLE('',#135,POSITIVE_LENGTH_MEASURE(2.E-2),#119);
#2169=PRESENTATION_STYLE_ASSIGNMENT((#2168));
#2170=STYLED_ITEM('',(#2169),#2167);
#2171=DIRECTION('',(0.E0,7.071067811866E-1,7.071067811865E-1));
#2172=VECTOR('',#2171,5.000000000002E-1);
#2173=CARTESIAN_POINT('',(-3.43253E2,1.907337031384E2,3.531066162046E1));
#2174=LINE('',#2173,#2172);
#2175=CURVE_STYLE('',#135,POSITIVE_LENGTH_MEASURE(2.E-2),#119);
#2176=PRESENTATION_STYLE_ASSIGNMENT((#2175));
#2177=STYLED_ITEM('',(#2176),#2174);
#2178=CARTESIAN_POINT('',(-3.43253E2,1.908751244946E2,3.516924026422E1));
#2179=DIRECTION('',(-1.E0,0.E0,0.E0));
#2180=DIRECTION('',(0.E0,-7.071067811854E-1,-7.071067811877E-1));
#2181=AXIS2_PLACEMENT_3D('',#2178,#2179,#2180);
#2183=CURVE_STYLE('',#135,POSITIVE_LENGTH_MEASURE(2.E-2),#119);
#2184=PRESENTATION_STYLE_ASSIGNMENT((#2183));
#2185=STYLED_ITEM('',(#2184),#2182);
#2186=DIRECTION('',(0.E0,-7.071067811865E-1,7.071067811865E-1));
#2187=VECTOR('',#2186,1.E1);
#2188=CARTESIAN_POINT('',(-3.43253E2,1.978047709503E2,2.795675109612E1));
#2189=LINE('',#2188,#2187);
#2190=CURVE_STYLE('',#135,POSITIVE_LENGTH_MEASURE(2.E-2),#119);
#2191=PRESENTATION_STYLE_ASSIGNMENT((#2190));
#2192=STYLED_ITEM('',(#2191),#2189);
#2193=CARTESIAN_POINT('',(-3.43253E2,1.979461923065E2,2.809817245236E1));
#2194=DIRECTION('',(-1.E0,0.E0,0.E0));
#2195=DIRECTION('',(0.E0,7.071067811861E-1,-7.071067811870E-1));
#2196=AXIS2_PLACEMENT_3D('',#2193,#2194,#2195);
#2198=CURVE_STYLE('',#135,POSITIVE_LENGTH_MEASURE(2.E-2),#119);
#2199=PRESENTATION_STYLE_ASSIGNMENT((#2198));
#2200=STYLED_ITEM('',(#2199),#2197);
#2201=DIRECTION('',(0.E0,-7.071067811866E-1,-7.071067811865E-1));
#2202=VECTOR('',#2201,5.000000000002E-1);
#2203=CARTESIAN_POINT('',(-3.43253E2,1.984411670533E2,2.831030448671E1));
#2204=LINE('',#2203,#2202);
#2205=CURVE_STYLE('',#135,POSITIVE_LENGTH_MEASURE(2.E-2),#119);
#2206=PRESENTATION_STYLE_ASSIGNMENT((#2205));
#2207=STYLED_ITEM('',(#2206),#2204);
#2208=CARTESIAN_POINT('',(-3.43253E2,1.982997456971E2,2.845172584295E1));
#2209=DIRECTION('',(1.E0,0.E0,0.E0));
#2210=DIRECTION('',(0.E0,7.071067811872E-1,-7.071067811859E-1));
#2211=AXIS2_PLACEMENT_3D('',#2208,#2209,#2210);
#2213=CURVE_STYLE('',#135,POSITIVE_LENGTH_MEASURE(2.E-2),#119);
#2214=PRESENTATION_STYLE_ASSIGNMENT((#2213));
#2215=STYLED_ITEM('',(#2214),#2212);
#2216=DIRECTION('',(0.E0,-7.071067811865E-1,7.071067811865E-1));
#2217=VECTOR('',#2216,1.E1);
#2218=CARTESIAN_POINT('',(-3.42953E2,1.986532990877E2,2.880527923354E1));
#2219=LINE('',#2218,#2217);
#2220=CURVE_STYLE('',#135,POSITIVE_LENGTH_MEASURE(2.E-2),#119);
#2221=PRESENTATION_STYLE_ASSIGNMENT((#2220));
#2222=STYLED_ITEM('',(#2221),#2219);
#2223=CARTESIAN_POINT('',(-3.42953E2,1.982997456971E2,2.845172584295E1));
#2224=DIRECTION('',(1.E0,0.E0,0.E0));
#2225=DIRECTION('',(0.E0,7.071067811866E-1,-7.071067811865E-1));
#2226=AXIS2_PLACEMENT_3D('',#2223,#2224,#2225);
#2228=CURVE_STYLE('',#135,POSITIVE_LENGTH_MEASURE(2.E-2),#119);
#2229=PRESENTATION_STYLE_ASSIGNMENT((#2228));
#2230=STYLED_ITEM('',(#2229),#2227);
#2231=CARTESIAN_POINT('',(-3.42953E2,1.984411670533E2,2.859314719919E1));
#2232=DIRECTION('',(0.E0,-7.071067811866E-1,7.071067811865E-1));
#2233=DIRECTION('',(0.E0,7.071067811865E-1,7.071067811866E-1));
#2234=AXIS2_PLACEMENT_3D('',#2231,#2232,#2233);
#2236=CURVE_STYLE('',#135,POSITIVE_LENGTH_MEASURE(2.E-2),#119);
#2237=PRESENTATION_STYLE_ASSIGNMENT((#2236));
#2238=STYLED_ITEM('',(#2237),#2235);
#2239=CARTESIAN_POINT('',(-3.42953E2,1.984411670533E2,2.831030448671E1));
#2240=DIRECTION('',(0.E0,7.071067811866E-1,7.071067811865E-1));
#2241=DIRECTION('',(0.E0,7.071067811865E-1,-7.071067811866E-1));
#2242=AXIS2_PLACEMENT_3D('',#2239,#2240,#2241);
#2244=CURVE_STYLE('',#135,POSITIVE_LENGTH_MEASURE(2.E-2),#119);
#2245=PRESENTATION_STYLE_ASSIGNMENT((#2244));
#2246=STYLED_ITEM('',(#2245),#2243);
#2247=DIRECTION('',(1.E0,2.842170943038E-13,2.842170943038E-13));
#2248=VECTOR('',#2247,1.000000000001E-1);
#2249=CARTESIAN_POINT('',(-3.42953E2,1.986532990877E2,2.809817245236E1));
#2250=LINE('',#2249,#2248);
#2251=CURVE_STYLE('',#135,POSITIVE_LENGTH_MEASURE(2.E-2),#119);
#2252=PRESENTATION_STYLE_ASSIGNMENT((#2251));
#2253=STYLED_ITEM('',(#2252),#2250);
#2254=DIRECTION('',(1.E0,8.526512829119E-13,-6.394884621839E-13));
#2255=VECTOR('',#2254,1.E-1);
#2256=CARTESIAN_POINT('',(-3.42953E2,1.986532990877E2,2.880527923354E1));
#2257=LINE('',#2256,#2255);
#2258=CURVE_STYLE('',#135,POSITIVE_LENGTH_MEASURE(2.E-2),#119);
#2259=PRESENTATION_STYLE_ASSIGNMENT((#2258));
#2260=STYLED_ITEM('',(#2259),#2257);
#2261=DIRECTION('',(-1.E0,8.526512829114E-13,-6.394884621836E-13));
#2262=VECTOR('',#2261,1.000000000001E-1);
#2263=CARTESIAN_POINT('',(-3.42853E2,1.915822312758E2,3.587634704541E1));
#2264=LINE('',#2263,#2262);
#2265=CURVE_STYLE('',#135,POSITIVE_LENGTH_MEASURE(2.E-2),#119);
#2266=PRESENTATION_STYLE_ASSIGNMENT((#2265));
#2267=STYLED_ITEM('',(#2266),#2264);
#2268=DIRECTION('',(-1.E0,-1.136868377216E-12,-9.237055564879E-13));
#2269=VECTOR('',#2268,1.E-1);
#2270=CARTESIAN_POINT('',(-3.42853E2,1.908751244946E2,3.587634704541E1));
#2271=LINE('',#2270,#2269);
#2272=CURVE_STYLE('',#135,POSITIVE_LENGTH_MEASURE(2.E-2),#119);
#2273=PRESENTATION_STYLE_ASSIGNMENT((#2272));
#2274=STYLED_ITEM('',(#2273),#2271);
#2275=CARTESIAN_POINT('',(-3.42953E2,1.912286778852E2,3.552279365481E1));
#2276=DIRECTION('',(-1.E0,0.E0,0.E0));
#2277=DIRECTION('',(0.E0,-7.071067811866E-1,7.071067811865E-1));
#2278=AXIS2_PLACEMENT_3D('',#2275,#2276,#2277);
#2280=CURVE_STYLE('',#135,POSITIVE_LENGTH_MEASURE(2.E-2),#119);
#2281=PRESENTATION_STYLE_ASSIGNMENT((#2280));
#2282=STYLED_ITEM('',(#2281),#2279);
#2283=CARTESIAN_POINT('',(-3.42953E2,1.910872565290E2,3.566421501105E1));
#2284=DIRECTION('',(0.E0,7.071067811865E-1,7.071067811866E-1));
#2285=DIRECTION('',(-1.E0,9.473903143468E-14,-7.105427357601E-14));
#2286=AXIS2_PLACEMENT_3D('',#2283,#2284,#2285);
#2288=CURVE_STYLE('',#135,POSITIVE_LENGTH_MEASURE(2.E-2),#119);
#2289=PRESENTATION_STYLE_ASSIGNMENT((#2288));
#2290=STYLED_ITEM('',(#2289),#2287);
#2291=CARTESIAN_POINT('',(-3.42953E2,1.913700992415E2,3.566421501105E1));
#2292=DIRECTION('',(0.E0,7.071067811866E-1,-7.071067811865E-1));
#2293=DIRECTION('',(-1.E0,9.473903143468E-14,1.184237892933E-13));
#2294=AXIS2_PLACEMENT_3D('',#2291,#2292,#2293);
#2296=CURVE_STYLE('',#135,POSITIVE_LENGTH_MEASURE(2.E-2),#119);
#2297=PRESENTATION_STYLE_ASSIGNMENT((#2296));
#2298=STYLED_ITEM('',(#2297),#2295);
#2299=DIRECTION('',(0.E0,7.071067811865E-1,7.071067811866E-1));
#2300=VECTOR('',#2299,5.E-1);
#2301=CARTESIAN_POINT('',(-3.42953E2,1.905215711040E2,3.552279365481E1));
#2302=LINE('',#2301,#2300);
#2303=CURVE_STYLE('',#135,POSITIVE_LENGTH_MEASURE(2.E-2),#119);
#2304=PRESENTATION_STYLE_ASSIGNMENT((#2303));
#2305=STYLED_ITEM('',(#2304),#2302);
#2306=DIRECTION('',(-1.E0,1.136868377215E-12,1.207922650791E-12));
#2307=VECTOR('',#2306,1.000000000001E-1);
#2308=CARTESIAN_POINT('',(-3.42853E2,1.905215711040E2,3.552279365481E1));
#2309=LINE('',#2308,#2307);
#2310=CURVE_STYLE('',#135,POSITIVE_LENGTH_MEASURE(2.E-2),#119);
#2311=PRESENTATION_STYLE_ASSIGNMENT((#2310));
#2312=STYLED_ITEM('',(#2311),#2309);
#2313=DIRECTION('',(-1.E0,-8.526512829119E-13,1.207922650792E-12));
#2314=VECTOR('',#2313,1.E-1);
#2315=CARTESIAN_POINT('',(-3.42853E2,1.905215711040E2,3.481568687363E1));
#2316=LINE('',#2315,#2314);
#2317=CURVE_STYLE('',#135,POSITIVE_LENGTH_MEASURE(2.E-2),#119);
#2318=PRESENTATION_STYLE_ASSIGNMENT((#2317));
#2319=STYLED_ITEM('',(#2318),#2316);
#2320=CARTESIAN_POINT('',(-3.42953E2,1.908751244946E2,3.516924026422E1));
#2321=DIRECTION('',(-1.E0,0.E0,0.E0));
#2322=DIRECTION('',(0.E0,-7.071067811866E-1,-7.071067811865E-1));
#2323=AXIS2_PLACEMENT_3D('',#2320,#2321,#2322);
#2325=CURVE_STYLE('',#135,POSITIVE_LENGTH_MEASURE(2.E-2),#119);
#2326=PRESENTATION_STYLE_ASSIGNMENT((#2325));
#2327=STYLED_ITEM('',(#2326),#2324);
#2328=CARTESIAN_POINT('',(-3.42953E2,1.907337031384E2,3.502781890798E1));
#2329=DIRECTION('',(0.E0,-7.071067811864E-1,7.071067811867E-1));
#2330=DIRECTION('',(-1.E0,0.E0,-2.368475785867E-14));
#2331=AXIS2_PLACEMENT_3D('',#2328,#2329,#2330);
#2333=CURVE_STYLE('',#135,POSITIVE_LENGTH_MEASURE(2.E-2),#119);
#2334=PRESENTATION_STYLE_ASSIGNMENT((#2333));
#2335=STYLED_ITEM('',(#2334),#2332);
#2336=CARTESIAN_POINT('',(-3.42953E2,1.907337031384E2,3.531066162046E1));
#2337=DIRECTION('',(0.E0,7.071067811866E-1,7.071067811865E-1));
#2338=DIRECTION('',(-1.E0,9.473903143468E-14,-7.105427357601E-14));
#2339=AXIS2_PLACEMENT_3D('',#2336,#2337,#2338);
#2341=CURVE_STYLE('',#135,POSITIVE_LENGTH_MEASURE(2.E-2),#119);
#2342=PRESENTATION_STYLE_ASSIGNMENT((#2341));
#2343=STYLED_ITEM('',(#2342),#2340);
#2344=DIRECTION('',(0.E0,-7.071067811865E-1,7.071067811865E-1));
#2345=VECTOR('',#2344,1.E1);
#2346=CARTESIAN_POINT('',(-3.42953E2,1.975926389159E2,2.774461906176E1));
#2347=LINE('',#2346,#2345);
#2348=CURVE_STYLE('',#135,POSITIVE_LENGTH_MEASURE(2.E-2),#119);
#2349=PRESENTATION_STYLE_ASSIGNMENT((#2348));
#2350=STYLED_ITEM('',(#2349),#2347);
#2351=CARTESIAN_POINT('',(-3.42553E2,1.938999983222E2,2.670240795339E1));
#2352=DIRECTION('',(-1.E0,0.E0,0.E0));
#2353=DIRECTION('',(0.E0,1.E0,0.E0));
#2354=AXIS2_PLACEMENT_3D('',#2351,#2352,#2353);
#2356=CURVE_STYLE('',#135,POSITIVE_LENGTH_MEASURE(2.E-2),#119);
#2357=PRESENTATION_STYLE_ASSIGNMENT((#2356));
#2358=STYLED_ITEM('',(#2357),#2355);
#2359=DIRECTION('',(-1.E0,2.465022500469E-14,0.E0));
#2360=VECTOR('',#2359,1.153E0);
#2361=CARTESIAN_POINT('',(-3.414E2,1.970499983222E2,2.670240795339E1));
#2362=LINE('',#2361,#2360);
#2363=CURVE_STYLE('',#135,POSITIVE_LENGTH_MEASURE(2.E-2),#119);
#2364=PRESENTATION_STYLE_ASSIGNMENT((#2363));
#2365=STYLED_ITEM('',(#2364),#2362);
#2366=DIRECTION('',(-1.E0,2.465022500469E-14,0.E0));
#2367=VECTOR('',#2366,1.153E0);
#2368=CARTESIAN_POINT('',(-3.414E2,1.907499983222E2,2.670240795339E1));
#2369=LINE('',#2368,#2367);
#2370=CURVE_STYLE('',#135,POSITIVE_LENGTH_MEASURE(2.E-2),#119);
#2371=PRESENTATION_STYLE_ASSIGNMENT((#2370));
#2372=STYLED_ITEM('',(#2371),#2369);
#2373=CARTESIAN_POINT('',(-3.414E2,1.938999983222E2,2.670240795339E1));
#2374=DIRECTION('',(-1.E0,0.E0,0.E0));
#2375=DIRECTION('',(0.E0,1.E0,0.E0));
#2376=AXIS2_PLACEMENT_3D('',#2373,#2374,#2375);
#2378=CURVE_STYLE('',#135,POSITIVE_LENGTH_MEASURE(2.E-2),#119);
#2379=PRESENTATION_STYLE_ASSIGNMENT((#2378));
#2380=STYLED_ITEM('',(#2379),#2377);
#2381=CARTESIAN_POINT('',(-3.414E2,1.938999983222E2,2.670240795339E1));
#2382=DIRECTION('',(-1.E0,0.E0,0.E0));
#2383=DIRECTION('',(0.E0,-1.E0,0.E0));
#2384=AXIS2_PLACEMENT_3D('',#2381,#2382,#2383);
#2386=CURVE_STYLE('',#135,POSITIVE_LENGTH_MEASURE(2.E-2),#119);
#2387=PRESENTATION_STYLE_ASSIGNMENT((#2386));
#2388=STYLED_ITEM('',(#2387),#2385);
#2389=CARTESIAN_POINT('',(-3.414E2,1.938999983222E2,2.670240795339E1));
#2390=DIRECTION('',(-1.E0,0.E0,0.E0));
#2391=DIRECTION('',(0.E0,1.E0,0.E0));
#2392=AXIS2_PLACEMENT_3D('',#2389,#2390,#2391);
#2394=CURVE_STYLE('',#135,POSITIVE_LENGTH_MEASURE(2.E-2),#119);
#2395=PRESENTATION_STYLE_ASSIGNMENT((#2394));
#2396=STYLED_ITEM('',(#2395),#2393);
#2397=CARTESIAN_POINT('',(-3.414E2,1.938999983222E2,2.670240795339E1));
#2398=DIRECTION('',(-1.E0,0.E0,0.E0));
#2399=DIRECTION('',(0.E0,-1.E0,0.E0));
#2400=AXIS2_PLACEMENT_3D('',#2397,#2398,#2399);
#2402=CURVE_STYLE('',#135,POSITIVE_LENGTH_MEASURE(2.E-2),#119);
#2403=PRESENTATION_STYLE_ASSIGNMENT((#2402));
#2404=STYLED_ITEM('',(#2403),#2401);
#2405=CARTESIAN_POINT('',(-3.404E2,1.938999983222E2,2.670240795339E1));
#2406=DIRECTION('',(-1.E0,0.E0,0.E0));
#2407=DIRECTION('',(0.E0,1.E0,0.E0));
#2408=AXIS2_PLACEMENT_3D('',#2405,#2406,#2407);
#2410=CURVE_STYLE('',#135,POSITIVE_LENGTH_MEASURE(2.E-2),#119);
#2411=PRESENTATION_STYLE_ASSIGNMENT((#2410));
#2412=STYLED_ITEM('',(#2411),#2409);
#2413=CARTESIAN_POINT('',(-3.404E2,1.938999983222E2,2.670240795339E1));
#2414=DIRECTION('',(-1.E0,0.E0,0.E0));
#2415=DIRECTION('',(0.E0,-1.E0,0.E0));
#2416=AXIS2_PLACEMENT_3D('',#2413,#2414,#2415);
#2418=CURVE_STYLE('',#135,POSITIVE_LENGTH_MEASURE(2.E-2),#119);
#2419=PRESENTATION_STYLE_ASSIGNMENT((#2418));
#2420=STYLED_ITEM('',(#2419),#2417);
#2421=DIRECTION('',(0.E0,-7.071067811866E-1,-7.071067811865E-1));
#2422=VECTOR('',#2421,2.969850601999E0);
#2423=CARTESIAN_POINT('',(-3.404E2,1.965999998220E2,4.372254271637E1));
#2424=LINE('',#2423,#2422);
#2425=CURVE_STYLE('',#135,POSITIVE_LENGTH_MEASURE(2.E-2),#119);
#2426=PRESENTATION_STYLE_ASSIGNMENT((#2425));
#2427=STYLED_ITEM('',(#2426),#2424);
#2428=CARTESIAN_POINT('',(-3.404E2,1.938999983222E2,2.670240795339E1));
#2429=DIRECTION('',(-1.E0,0.E0,0.E0));
#2430=DIRECTION('',(0.E0,1.666666666667E-1,9.860132971833E-1));
#2431=AXIS2_PLACEMENT_3D('',#2428,#2429,#2430);
#2433=CURVE_STYLE('',#135,POSITIVE_LENGTH_MEASURE(2.E-2),#119);
#2434=PRESENTATION_STYLE_ASSIGNMENT((#2433));
#2435=STYLED_ITEM('',(#2434),#2432);
#2436=DIRECTION('',(0.E0,7.071067811865E-1,7.071067811865E-1));
#2437=VECTOR('',#2436,3.860676041149E0);
#2438=CARTESIAN_POINT('',(-3.404E2,1.905700881135E2,3.769263100793E1));
#2439=LINE('',#2438,#2437);
#2440=CURVE_STYLE('',#135,POSITIVE_LENGTH_MEASURE(2.E-2),#119);
#2441=PRESENTATION_STYLE_ASSIGNMENT((#2440));
#2442=STYLED_ITEM('',(#2441),#2439);
#2443=CARTESIAN_POINT('',(-3.404E2,1.900700881135E2,3.860684457030E1));
#2444=DIRECTION('',(-1.E0,0.E0,0.E0));
#2445=DIRECTION('',(0.E0,-7.071067802654E-1,7.071067821077E-1));
#2446=AXIS2_PLACEMENT_3D('',#2443,#2444,#2445);
#2448=CURVE_STYLE('',#135,POSITIVE_LENGTH_MEASURE(2.E-2),#119);
#2449=PRESENTATION_STYLE_ASSIGNMENT((#2448));
#2450=STYLED_ITEM('',(#2449),#2447);
#2451=DIRECTION('',(8.004668629491E-14,7.071067811875E-1,7.071067811856E-1));
#2452=VECTOR('',#2451,9.941796480111E0);
#2453=CARTESIAN_POINT('',(-3.404E2,1.897165347231E2,3.896039796103E1));
#2454=LINE('',#2453,#2452);
#2455=CURVE_STYLE('',#135,POSITIVE_LENGTH_MEASURE(2.E-2),#119);
#2456=PRESENTATION_STYLE_ASSIGNMENT((#2455));
#2457=STYLED_ITEM('',(#2456),#2454);
#2458=CARTESIAN_POINT('',(-3.404E2,1.970999998220E2,4.563675627869E1));
#2459=DIRECTION('',(1.E0,0.E0,0.E0));
#2460=DIRECTION('',(0.E0,-7.071067811860E-1,7.071067811871E-1));
#2461=AXIS2_PLACEMENT_3D('',#2458,#2459,#2460);
#2463=CURVE_STYLE('',#135,POSITIVE_LENGTH_MEASURE(2.E-2),#119);
#2464=PRESENTATION_STYLE_ASSIGNMENT((#2463));
#2465=STYLED_ITEM('',(#2464),#2462);
#2466=DIRECTION('',(-1.E0,0.E0,0.E0));
#2467=VECTOR('',#2466,9.999999999999E-1);
#2468=CARTESIAN_POINT('',(-3.404E2,1.953999983222E2,2.670240795339E1));
#2469=LINE('',#2468,#2467);
#2470=CURVE_STYLE('',#135,POSITIVE_LENGTH_MEASURE(2.E-2),#119);
#2471=PRESENTATION_STYLE_ASSIGNMENT((#2470));
#2472=STYLED_ITEM('',(#2471),#2469);
#2473=DIRECTION('',(-1.E0,0.E0,0.E0));
#2474=VECTOR('',#2473,9.999999999999E-1);
#2475=CARTESIAN_POINT('',(-3.404E2,1.923999983222E2,2.670240795339E1));
#2476=LINE('',#2475,#2474);
#2477=CURVE_STYLE('',#135,POSITIVE_LENGTH_MEASURE(2.E-2),#119);
#2478=PRESENTATION_STYLE_ASSIGNMENT((#2477));
#2479=STYLED_ITEM('',(#2478),#2476);
#2480=DIRECTION('',(0.E0,-1.484772127309E-14,-1.E0));
#2481=VECTOR('',#2480,1.914213562314E0);
#2482=CARTESIAN_POINT('',(-3.37999999E2,1.965999998220E2,4.563675627869E1));
#2483=LINE('',#2482,#2481);
#2484=CURVE_STYLE('',#135,POSITIVE_LENGTH_MEASURE(2.E-2),#119);
#2485=PRESENTATION_STYLE_ASSIGNMENT((#2484));
#2486=STYLED_ITEM('',(#2485),#2483);
#2487=DIRECTION('',(-1.E0,0.E0,0.E0));
#2488=VECTOR('',#2487,2.400001E0);
#2489=CARTESIAN_POINT('',(-3.37999999E2,1.965999998220E2,4.372254271637E1));
#2490=LINE('',#2489,#2488);
#2491=CURVE_STYLE('',#135,POSITIVE_LENGTH_MEASURE(2.E-2),#119);
#2492=PRESENTATION_STYLE_ASSIGNMENT((#2491));
#2493=STYLED_ITEM('',(#2492),#2490);
#2494=DIRECTION('',(0.E0,0.E0,-1.E0));
#2495=VECTOR('',#2494,1.914213562314E0);
#2496=CARTESIAN_POINT('',(-3.404E2,1.965999998220E2,4.563675627869E1));
#2497=LINE('',#2496,#2495);
#2498=CURVE_STYLE('',#135,POSITIVE_LENGTH_MEASURE(2.E-2),#119);
#2499=PRESENTATION_STYLE_ASSIGNMENT((#2498));
#2500=STYLED_ITEM('',(#2499),#2497);
#2501=DIRECTION('',(-1.E0,5.921186997508E-14,5.329068297757E-14));
#2502=VECTOR('',#2501,2.400000999999E0);
#2503=CARTESIAN_POINT('',(-3.37999999E2,1.967464464314E2,4.599030966928E1));
#2504=LINE('',#2503,#2502);
#2505=CURVE_STYLE('',#135,POSITIVE_LENGTH_MEASURE(2.E-2),#119);
#2506=PRESENTATION_STYLE_ASSIGNMENT((#2505));
#2507=STYLED_ITEM('',(#2506),#2504);
#2508=DIRECTION('',(-1.E0,0.E0,0.E0));
#2509=VECTOR('',#2508,2.400001E0);
#2510=CARTESIAN_POINT('',(-3.37999999E2,1.965999998220E2,4.563675627869E1));
#2511=LINE('',#2510,#2509);
#2512=CURVE_STYLE('',#135,POSITIVE_LENGTH_MEASURE(2.E-2),#119);
#2513=PRESENTATION_STYLE_ASSIGNMENT((#2512));
#2514=STYLED_ITEM('',(#2513),#2511);
#2515=DIRECTION('',(1.E0,0.E0,0.E0));
#2516=VECTOR('',#2515,4.5E0);
#2517=CARTESIAN_POINT('',(-3.404E2,1.905700881135E2,3.860684457030E1));
#2518=LINE('',#2517,#2516);
#2519=CURVE_STYLE('',#135,POSITIVE_LENGTH_MEASURE(2.E-2),#119);
#2520=PRESENTATION_STYLE_ASSIGNMENT((#2519));
#2521=STYLED_ITEM('',(#2520),#2518);
#2522=DIRECTION('',(1.E0,3.789561257387E-14,4.421154800285E-14));
#2523=VECTOR('',#2522,4.500000000001E0);
#2524=CARTESIAN_POINT('',(-3.404E2,1.897165347231E2,3.896039796103E1));
#2525=LINE('',#2524,#2523);
#2526=CURVE_STYLE('',#135,POSITIVE_LENGTH_MEASURE(2.E-2),#119);
#2527=PRESENTATION_STYLE_ASSIGNMENT((#2526));
#2528=STYLED_ITEM('',(#2527),#2525);
#2529=DIRECTION('',(0.E0,0.E0,-1.E0));
#2530=VECTOR('',#2529,9.142135623718E-1);
#2531=CARTESIAN_POINT('',(-3.404E2,1.905700881135E2,3.860684457030E1));
#2532=LINE('',#2531,#2530);
#2533=CURVE_STYLE('',#135,POSITIVE_LENGTH_MEASURE(2.E-2),#119);
#2534=PRESENTATION_STYLE_ASSIGNMENT((#2533));
#2535=STYLED_ITEM('',(#2534),#2532);
#2536=DIRECTION('',(1.E0,0.E0,0.E0));
#2537=VECTOR('',#2536,4.5E0);
#2538=CARTESIAN_POINT('',(-3.404E2,1.905700881135E2,3.769263100793E1));
#2539=LINE('',#2538,#2537);
#2540=CURVE_STYLE('',#135,POSITIVE_LENGTH_MEASURE(2.E-2),#119);
#2541=PRESENTATION_STYLE_ASSIGNMENT((#2540));
#2542=STYLED_ITEM('',(#2541),#2539);
#2543=DIRECTION('',(0.E0,0.E0,1.E0));
#2544=VECTOR('',#2543,9.411711278297E0);
#2545=CARTESIAN_POINT('',(-3.42053E2,1.932999983222E2,3.101082993829E1));
#2546=LINE('',#2545,#2544);
#2547=CURVE_STYLE('',#135,POSITIVE_LENGTH_MEASURE(2.E-2),#119);
#2548=PRESENTATION_STYLE_ASSIGNMENT((#2547));
#2549=STYLED_ITEM('',(#2548),#2546);
#2550=DIRECTION('',(-1.E0,0.E0,0.E0));
#2551=VECTOR('',#2550,1.653E0);
#2552=CARTESIAN_POINT('',(-3.404E2,1.932999983222E2,4.042254121659E1));
#2553=LINE('',#2552,#2551);
#2554=CURVE_STYLE('',#135,POSITIVE_LENGTH_MEASURE(2.E-2),#119);
#2555=PRESENTATION_STYLE_ASSIGNMENT((#2554));
#2556=STYLED_ITEM('',(#2555),#2553);
#2557=DIRECTION('',(0.E0,-3.549050962725E-13,1.E0));
#2558=VECTOR('',#2557,1.017048539334E1);
#2559=CARTESIAN_POINT('',(-3.404E2,1.932999983222E2,3.025205582325E1));
#2560=LINE('',#2559,#2558);
#2561=CURVE_STYLE('',#135,POSITIVE_LENGTH_MEASURE(2.E-2),#119);
#2562=PRESENTATION_STYLE_ASSIGNMENT((#2561));
#2563=STYLED_ITEM('',(#2562),#2560);
#2564=CARTESIAN_POINT('',(-3.4115E2,1.944999983222E2,3.101082993829E1));
#2565=CARTESIAN_POINT('',(-3.410666259427E2,1.944999983222E2,3.092665128765E1));
#2566=CARTESIAN_POINT('',(-3.408998972036E2,1.944999983222E2,3.075821528661E1));
#2567=CARTESIAN_POINT('',(-3.406498800324E2,1.944999983222E2,3.050530705169E1));
#2568=CARTESIAN_POINT('',(-3.404832743649E2,1.944999983222E2,3.033651144381E1));
#2569=CARTESIAN_POINT('',(-3.404E2,1.944999983222E2,3.025205582325E1));
#2571=CURVE_STYLE('',#135,POSITIVE_LENGTH_MEASURE(2.E-2),#119);
#2572=PRESENTATION_STYLE_ASSIGNMENT((#2571));
#2573=STYLED_ITEM('',(#2572),#2570);
#2574=CARTESIAN_POINT('',(-3.4115E2,1.938999983222E2,2.670240795339E1));
#2575=DIRECTION('',(-1.E0,0.E0,0.E0));
#2576=DIRECTION('',(0.E0,1.379310344828E-1,9.904418356100E-1));
#2577=AXIS2_PLACEMENT_3D('',#2574,#2575,#2576);
#2579=CURVE_STYLE('',#135,POSITIVE_LENGTH_MEASURE(2.E-2),#119);
#2580=PRESENTATION_STYLE_ASSIGNMENT((#2579));
#2581=STYLED_ITEM('',(#2580),#2578);
#2582=CARTESIAN_POINT('',(-3.404E2,1.932999983222E2,3.025205582325E1));
#2583=CARTESIAN_POINT('',(-3.404832743649E2,1.932999983222E2,3.033651144379E1));
#2584=CARTESIAN_POINT('',(-3.406498800323E2,1.932999983222E2,3.050530705163E1));
#2585=CARTESIAN_POINT('',(-3.408998972035E2,1.932999983222E2,3.075821528655E1));
#2586=CARTESIAN_POINT('',(-3.410666259427E2,1.932999983222E2,3.092665128763E1));
#2587=CARTESIAN_POINT('',(-3.4115E2,1.932999983222E2,3.101082993829E1));
#2589=CURVE_STYLE('',#135,POSITIVE_LENGTH_MEASURE(2.E-2),#119);
#2590=PRESENTATION_STYLE_ASSIGNMENT((#2589));
#2591=STYLED_ITEM('',(#2590),#2588);
#2592=DIRECTION('',(0.E0,3.174496930250E-13,1.E0));
#2593=VECTOR('',#2592,1.137048539334E1);
#2594=CARTESIAN_POINT('',(-3.404E2,1.944999983222E2,3.025205582325E1));
#2595=LINE('',#2594,#2593);
#2596=CURVE_STYLE('',#135,POSITIVE_LENGTH_MEASURE(2.E-2),#119);
#2597=PRESENTATION_STYLE_ASSIGNMENT((#2596));
#2598=STYLED_ITEM('',(#2597),#2595);
#2599=DIRECTION('',(-1.E0,0.E0,0.E0));
#2600=VECTOR('',#2599,1.653E0);
#2601=CARTESIAN_POINT('',(-3.404E2,1.944999983222E2,4.162254121659E1));
#2602=LINE('',#2601,#2600);
#2603=CURVE_STYLE('',#135,POSITIVE_LENGTH_MEASURE(2.E-2),#119);
#2604=PRESENTATION_STYLE_ASSIGNMENT((#2603));
#2605=STYLED_ITEM('',(#2604),#2602);
#2606=DIRECTION('',(0.E0,0.E0,-1.E0));
#2607=VECTOR('',#2606,1.061171127830E1);
#2608=CARTESIAN_POINT('',(-3.42053E2,1.944999983222E2,4.162254121659E1));
#2609=LINE('',#2608,#2607);
#2610=CURVE_STYLE('',#135,POSITIVE_LENGTH_MEASURE(2.E-2),#119);
#2611=PRESENTATION_STYLE_ASSIGNMENT((#2610));
#2612=STYLED_ITEM('',(#2611),#2609);
#2613=DIRECTION('',(-1.E0,2.832728514657E-13,-4.327779675171E-14));
#2614=VECTOR('',#2613,9.030000000003E-1);
#2615=CARTESIAN_POINT('',(-3.4115E2,1.944999983222E2,3.101082993829E1));
#2616=LINE('',#2615,#2614);
#2617=CURVE_STYLE('',#135,POSITIVE_LENGTH_MEASURE(2.E-2),#119);
#2618=PRESENTATION_STYLE_ASSIGNMENT((#2617));
#2619=STYLED_ITEM('',(#2618),#2616);
#2620=DIRECTION('',(-1.E0,-3.147476127397E-13,-3.540910643322E-14));
#2621=VECTOR('',#2620,9.030000000003E-1);
#2622=CARTESIAN_POINT('',(-3.4115E2,1.932999983222E2,3.101082993829E1));
#2623=LINE('',#2622,#2621);
#2624=CURVE_STYLE('',#135,POSITIVE_LENGTH_MEASURE(2.E-2),#119);
#2625=PRESENTATION_STYLE_ASSIGNMENT((#2624));
#2626=STYLED_ITEM('',(#2625),#2623);
#2627=DIRECTION('',(0.E0,7.071067811865E-1,7.071067811865E-1));
#2628=VECTOR('',#2627,3.123888944667E0);
#2629=CARTESIAN_POINT('',(-3.37999999E2,1.965999998220E2,4.372254271637E1));
#2630=LINE('',#2629,#2628);
#2631=CURVE_STYLE('',#135,POSITIVE_LENGTH_MEASURE(2.E-2),#119);
#2632=PRESENTATION_STYLE_ASSIGNMENT((#2631));
#2633=STYLED_ITEM('',(#2632),#2630);
#2634=CARTESIAN_POINT('',(-3.37999999E2,1.970999998220E2,4.563675627869E1));
#2635=DIRECTION('',(1.E0,0.E0,0.E0));
#2636=DIRECTION('',(0.E0,-7.071067811860E-1,7.071067811871E-1));
#2637=AXIS2_PLACEMENT_3D('',#2634,#2635,#2636);
#2639=CURVE_STYLE('',#135,POSITIVE_LENGTH_MEASURE(2.E-2),#119);
#2640=PRESENTATION_STYLE_ASSIGNMENT((#2639));
#2641=STYLED_ITEM('',(#2640),#2638);
#2642=DIRECTION('',(8.732042167749E-14,7.071067811817E-1,7.071067811914E-1));
#2643=VECTOR('',#2642,1.952925252838E0);
#2644=CARTESIAN_POINT('',(-3.37999999E2,1.967464464314E2,4.599030966928E1));
#2645=LINE('',#2644,#2643);
#2646=CURVE_STYLE('',#135,POSITIVE_LENGTH_MEASURE(2.E-2),#119);
#2647=PRESENTATION_STYLE_ASSIGNMENT((#2646));
#2648=STYLED_ITEM('',(#2647),#2645);
#2649=CARTESIAN_POINT('',(-3.37999999E2,2.016629070264E2,4.383570245253E1));
#2650=DIRECTION('',(-1.E0,0.E0,0.E0));
#2651=DIRECTION('',(0.E0,-7.071067810194E-1,7.071067813537E-1));
#2652=AXIS2_PLACEMENT_3D('',#2649,#2650,#2651);
#2654=CURVE_STYLE('',#135,POSITIVE_LENGTH_MEASURE(2.E-2),#119);
#2655=PRESENTATION_STYLE_ASSIGNMENT((#2654));
#2656=STYLED_ITEM('',(#2655),#2653);
#2657=CARTESIAN_POINT('',(-3.37999999E2,2.002341641693E2,4.831327923558E1));
#2658=DIRECTION('',(-1.E0,0.E0,0.E0));
#2659=DIRECTION('',(0.E0,-3.039878419493E-1,9.526759112872E-1));
#2660=AXIS2_PLACEMENT_3D('',#2657,#2658,#2659);
#2662=CURVE_STYLE('',#135,POSITIVE_LENGTH_MEASURE(2.E-2),#119);
#2663=PRESENTATION_STYLE_ASSIGNMENT((#2662));
#2664=STYLED_ITEM('',(#2663),#2661);
#2665=DIRECTION('',(0.E0,8.715574273603E-2,9.961946980928E-1));
#2666=VECTOR('',#2665,1.180201652272E0);
#2667=CARTESIAN_POINT('',(-3.37999999E2,2.004301612271E2,4.711142188409E1));
#2668=LINE('',#2667,#2666);
#2669=CURVE_STYLE('',#135,POSITIVE_LENGTH_MEASURE(2.E-2),#119);
#2670=PRESENTATION_STYLE_ASSIGNMENT((#2669));
#2671=STYLED_ITEM('',(#2670),#2668);
#2672=CARTESIAN_POINT('',(-3.37999999E2,2.016629070264E2,4.383570245253E1));
#2673=DIRECTION('',(1.E0,0.E0,0.E0));
#2674=DIRECTION('',(0.E0,-3.522130855189E-1,9.359198375872E-1));
#2675=AXIS2_PLACEMENT_3D('',#2672,#2673,#2674);
#2677=CURVE_STYLE('',#135,POSITIVE_LENGTH_MEASURE(2.E-2),#119);
#2678=PRESENTATION_STYLE_ASSIGNMENT((#2677));
#2679=STYLED_ITEM('',(#2678),#2676);
#2680=DIRECTION('',(-1.E0,-4.926429634709E-12,1.173579751922E-11));
#2681=VECTOR('',#2680,5.999999999871E-1);
#2682=CARTESIAN_POINT('',(-3.41753E2,2.062760296506E2,4.576419918678E1));
#2683=LINE('',#2682,#2681);
#2684=CURVE_STYLE('',#135,POSITIVE_LENGTH_MEASURE(2.E-2),#119);
#2685=PRESENTATION_STYLE_ASSIGNMENT((#2684));
#2686=STYLED_ITEM('',(#2685),#2683);
#2687=DIRECTION('',(-1.E0,0.E0,0.E0));
#2688=VECTOR('',#2687,3.753001E0);
#2689=CARTESIAN_POINT('',(-3.37999999E2,2.001429678167E2,4.859908200897E1));
#2690=LINE('',#2689,#2688);
#2691=CURVE_STYLE('',#135,POSITIVE_LENGTH_MEASURE(2.E-2),#119);
#2692=PRESENTATION_STYLE_ASSIGNMENT((#2691));
#2693=STYLED_ITEM('',(#2692),#2690);
#2694=DIRECTION('',(-1.E0,-6.501799161268E-11,-6.284702533319E-11));
#2695=VECTOR('',#2694,4.353000999999E0);
#2696=CARTESIAN_POINT('',(-3.37999999E2,1.981273731208E2,4.737123635872E1));
#2697=LINE('',#2696,#2695);
#2698=CURVE_STYLE('',#135,POSITIVE_LENGTH_MEASURE(2.E-2),#119);
#2699=PRESENTATION_STYLE_ASSIGNMENT((#2698));
#2700=STYLED_ITEM('',(#2699),#2697);
#2701=DIRECTION('',(-1.E0,-9.473903143662E-14,-2.368475785916E-14));
#2702=VECTOR('',#2701,5.999999999877E-1);
#2703=CARTESIAN_POINT('',(-3.41753E2,2.062981007026E2,4.562234265990E1));
#2704=LINE('',#2703,#2702);
#2705=CURVE_STYLE('',#135,POSITIVE_LENGTH_MEASURE(2.E-2),#119);
#2706=PRESENTATION_STYLE_ASSIGNMENT((#2705));
#2707=STYLED_ITEM('',(#2706),#2704);
#2708=CARTESIAN_POINT('',(-3.42353E2,2.059992422932E2,4.564848938272E1));
#2709=DIRECTION('',(-1.E0,0.E0,0.E0));
#2710=DIRECTION('',(0.E0,9.226245248419E-1,3.856993468496E-1));
#2711=AXIS2_PLACEMENT_3D('',#2708,#2709,#2710);
#2713=CURVE_STYLE('',#135,POSITIVE_LENGTH_MEASURE(2.E-2),#119);
#2714=PRESENTATION_STYLE_ASSIGNMENT((#2713));
#2715=STYLED_ITEM('',(#2714),#2712);
#2716=CARTESIAN_POINT('',(-3.42553E2,2.059580728825E2,4.517792086566E1));
#2717=DIRECTION('',(0.E0,8.715574273603E-2,9.961946980928E-1));
#2718=DIRECTION('',(0.E0,9.961946980928E-1,-8.715574273604E-2));
#2719=AXIS2_PLACEMENT_3D('',#2716,#2717,#2718);
#2721=CURVE_STYLE('',#135,POSITIVE_LENGTH_MEASURE(2.E-2),#119);
#2722=PRESENTATION_STYLE_ASSIGNMENT((#2721));
#2723=STYLED_ITEM('',(#2722),#2720);
#2724=CARTESIAN_POINT('',(-3.42853E2,2.059580728817E2,4.517792086481E1));
#2725=CARTESIAN_POINT('',(-3.428530003357E2,2.059841025599E2,4.520434081663E1));
#2726=CARTESIAN_POINT('',(-3.428465556725E2,2.060357304769E2,4.525785118393E1));
#2727=CARTESIAN_POINT('',(-3.428179190068E2,2.061083114858E2,4.533890258040E1));
#2728=CARTESIAN_POINT('',(-3.427714156477E2,2.061725953810E2,4.541939176381E1));
#2729=CARTESIAN_POINT('',(-3.427088338412E2,2.062254973380E2,4.549790847233E1));
#2730=CARTESIAN_POINT('',(-3.426325777508E2,2.062643769521E2,4.557304641832E1));
#2731=CARTESIAN_POINT('',(-3.425600754986E2,2.062833428754E2,4.563172724292E1));
#2732=CARTESIAN_POINT('',(-3.424983754595E2,2.062897291812E2,4.567570883169E1));
#2733=CARTESIAN_POINT('',(-3.424507016172E2,2.062900139037E2,4.570708148189E1));
#2734=CARTESIAN_POINT('',(-3.424020871328E2,2.062857134793E2,4.573672117397E1));
#2735=CARTESIAN_POINT('',(-3.423693625319E2,2.062797695808E2,4.575525303235E1));
#2736=CARTESIAN_POINT('',(-3.42353E2,2.062760296506E2,4.576419918679E1));
#2738=CURVE_STYLE('',#135,POSITIVE_LENGTH_MEASURE(2.E-2),#119);
#2739=PRESENTATION_STYLE_ASSIGNMENT((#2738));
#2740=STYLED_ITEM('',(#2739),#2737);
#2741=CARTESIAN_POINT('',(-3.42353E2,2.016629070264E2,4.383570245253E1));
#2742=DIRECTION('',(-1.E0,0.E0,0.E0));
#2743=DIRECTION('',(0.E0,-7.071067811866E-1,7.071067811865E-1));
#2744=AXIS2_PLACEMENT_3D('',#2741,#2742,#2743);
#2746=CURVE_STYLE('',#135,POSITIVE_LENGTH_MEASURE(2.E-2),#119);
#2747=PRESENTATION_STYLE_ASSIGNMENT((#2746));
#2748=STYLED_ITEM('',(#2747),#2745);
#2749=CARTESIAN_POINT('',(-3.42353E2,1.984809265111E2,4.701768296787E1));
#2750=DIRECTION('',(0.E0,7.071067811865E-1,7.071067811865E-1));
#2751=DIRECTION('',(-1.E0,5.695710569853E-11,-5.694289484381E-11));
#2752=AXIS2_PLACEMENT_3D('',#2749,#2750,#2751);
#2754=CURVE_STYLE('',#135,POSITIVE_LENGTH_MEASURE(2.E-2),#119);
#2755=PRESENTATION_STYLE_ASSIGNMENT((#2754));
#2756=STYLED_ITEM('',(#2755),#2753);
#2757=DIRECTION('',(-1.121515942468E-11,7.071067811858E-1,7.071067811873E-1));
#2758=VECTOR('',#2757,1.852009807907E1);
#2759=CARTESIAN_POINT('',(-3.423529999998E2,1.850316861806E2,3.427554941849E1));
#2760=LINE('',#2759,#2758);
#2761=CURVE_STYLE('',#135,POSITIVE_LENGTH_MEASURE(2.E-2),#119);
#2762=PRESENTATION_STYLE_ASSIGNMENT((#2761));
#2763=STYLED_ITEM('',(#2762),#2760);
#2764=CARTESIAN_POINT('',(-3.42853E2,1.850923463524E2,3.362910280908E1));
#2765=CARTESIAN_POINT('',(-3.42853E2,1.850895390332E2,3.365936979470E1));
#2766=CARTESIAN_POINT('',(-3.428497117922E2,1.850837198262E2,3.371921036062E1));
#2767=CARTESIAN_POINT('',(-3.428354543529E2,1.850757546579E2,3.380636703956E1));
#2768=CARTESIAN_POINT('',(-3.428125178318E2,1.850680487544E2,3.388886374261E1));
#2769=CARTESIAN_POINT('',(-3.427818884949E2,1.850609120969E2,3.396505998713E1));
#2770=CARTESIAN_POINT('',(-3.427448004036E2,1.850544302306E2,3.403354376585E1));
#2771=CARTESIAN_POINT('',(-3.427028040423E2,1.850487658890E2,3.409323682123E1));
#2772=CARTESIAN_POINT('',(-3.426572473702E2,1.850440103358E2,3.414395396204E1));
#2773=CARTESIAN_POINT('',(-3.426092583569E2,1.850401137317E2,3.418582296122E1));
#2774=CARTESIAN_POINT('',(-3.425594246218E2,1.850369536074E2,3.421932669784E1));
#2775=CARTESIAN_POINT('',(-3.425084481830E2,1.850345422407E2,3.424480598639E1));
#2776=CARTESIAN_POINT('',(-3.424568230371E2,1.850329059580E2,3.426270820981E1));
#2777=CARTESIAN_POINT('',(-3.424048001877E2,1.850318783986E2,3.427323191847E1));
#2778=CARTESIAN_POINT('',(-3.423701878129E2,1.850316904924E2,3.427555373026E1));
#2779=CARTESIAN_POINT('',(-3.423529999998E2,1.850316861806E2,3.427554941849E1));
#2781=CURVE_STYLE('',#135,POSITIVE_LENGTH_MEASURE(2.E-2),#119);
#2782=PRESENTATION_STYLE_ASSIGNMENT((#2781));
#2783=STYLED_ITEM('',(#2782),#2780);
#2784=CARTESIAN_POINT('',(-3.423529999998E2,1.850316861806E2,3.427554941849E1));
#2785=CARTESIAN_POINT('',(-3.423529999998E2,1.850091363431E2,3.425299958098E1));
#2786=CARTESIAN_POINT('',(-3.423529999989E2,1.849588049268E2,3.421137486105E1));
#2787=CARTESIAN_POINT('',(-3.423529999994E2,1.848707490567E2,3.416408600570E1));
#2788=CARTESIAN_POINT('',(-3.423529999989E2,1.847750458835E2,3.413525937311E1));
#2789=CARTESIAN_POINT('',(-3.423529999998E2,1.847100230760E2,3.412910280908E1));
#2790=CARTESIAN_POINT('',(-3.423529999998E2,1.846781327900E2,3.412910280908E1));
#2792=CURVE_STYLE('',#135,POSITIVE_LENGTH_MEASURE(2.E-2),#119);
#2793=PRESENTATION_STYLE_ASSIGNMENT((#2792));
#2794=STYLED_ITEM('',(#2793),#2791);
#2795=CARTESIAN_POINT('',(-3.42853E2,1.850923463524E2,3.362910280908E1));
#2796=CARTESIAN_POINT('',(-3.42853E2,1.850729213748E2,3.365249969291E1));
#2797=CARTESIAN_POINT('',(-3.428497089060E2,1.850347141729E2,3.369893805631E1));
#2798=CARTESIAN_POINT('',(-3.428354525217E2,1.849787325713E2,3.376618103741E1));
#2799=CARTESIAN_POINT('',(-3.428125306943E2,1.849258773482E2,3.382992790984E1));
#2800=CARTESIAN_POINT('',(-3.427819323423E2,1.848770799378E2,3.388881072867E1));
#2801=CARTESIAN_POINT('',(-3.427448884198E2,1.848332683360E2,3.394178254774E1));
#2802=CARTESIAN_POINT('',(-3.427029414012E2,1.847950829305E2,3.398797482749E1));
#2803=CARTESIAN_POINT('',(-3.426574255989E2,1.847625838943E2,3.402719924220E1));
#2804=CARTESIAN_POINT('',(-3.426094471631E2,1.847357118907E2,3.405958647359E1));
#2805=CARTESIAN_POINT('',(-3.425595729485E2,1.847142164460E2,3.408555868721E1));
#2806=CARTESIAN_POINT('',(-3.425085241339E2,1.846978702075E2,3.410532276232E1));
#2807=CARTESIAN_POINT('',(-3.424568248820E2,1.846863484023E2,3.411916226025E1));
#2808=CARTESIAN_POINT('',(-3.424047571708E2,1.846796325518E2,3.412733295739E1));
#2809=CARTESIAN_POINT('',(-3.423701664802E2,1.846781247728E2,3.412910280908E1));
#2810=CARTESIAN_POINT('',(-3.423529999998E2,1.846781327900E2,3.412910280908E1));
#2812=CURVE_STYLE('',#135,POSITIVE_LENGTH_MEASURE(2.E-2),#119);
#2813=PRESENTATION_STYLE_ASSIGNMENT((#2812));
#2814=STYLED_ITEM('',(#2813),#2811);
#2815=DIRECTION('',(1.211855880085E-11,1.E0,-5.266076610906E-14));
#2816=VECTOR('',#2815,1.727082169465E1);
#2817=CARTESIAN_POINT('',(-3.42353E2,1.674073110953E2,3.412910280908E1));
#2818=LINE('',#2817,#2816);
#2819=CURVE_STYLE('',#135,POSITIVE_LENGTH_MEASURE(2.E-2),#119);
#2820=PRESENTATION_STYLE_ASSIGNMENT((#2819));
#2821=STYLED_ITEM('',(#2820),#2818);
#2822=DIRECTION('',(-2.571368076328E-14,1.E0,-3.977584993070E-14));
#2823=VECTOR('',#2822,1.768503525703E1);
#2824=CARTESIAN_POINT('',(-3.42853E2,1.674073110953E2,3.362910280908E1));
#2825=LINE('',#2824,#2823);
#2826=CURVE_STYLE('',#135,POSITIVE_LENGTH_MEASURE(2.E-2),#119);
#2827=PRESENTATION_STYLE_ASSIGNMENT((#2826));
#2828=STYLED_ITEM('',(#2827),#2825);
#2829=DIRECTION('',(3.234333867428E-14,1.E0,-1.819312800428E-14));
#2830=VECTOR('',#2829,7.030000141081E0);
#2831=CARTESIAN_POINT('',(-3.35253E2,1.674073110953E2,3.412910280908E1));
#2832=LINE('',#2831,#2830);
#2833=CURVE_STYLE('',#135,POSITIVE_LENGTH_MEASURE(2.E-2),#119);
#2834=PRESENTATION_STYLE_ASSIGNMENT((#2833));
#2835=STYLED_ITEM('',(#2834),#2832);
#2836=DIRECTION('',(1.894780628633E-13,-1.705302565770E-13,1.E0));
#2837=VECTOR('',#2836,1.500000000048E0);
#2838=CARTESIAN_POINT('',(-3.35253E2,1.744373112364E2,3.262910280903E1));
#2839=LINE('',#2838,#2837);
#2840=CURVE_STYLE('',#135,POSITIVE_LENGTH_MEASURE(2.E-2),#119);
#2841=PRESENTATION_STYLE_ASSIGNMENT((#2840));
#2842=STYLED_ITEM('',(#2841),#2839);
#2843=DIRECTION('',(1.E0,-9.387391884919E-14,3.101980818443E-12));
#2844=VECTOR('',#2843,5.147000000001E0);
#2845=CARTESIAN_POINT('',(-3.404E2,1.744373112364E2,3.412910280907E1));
#2846=LINE('',#2845,#2844);
#2847=CURVE_STYLE('',#135,POSITIVE_LENGTH_MEASURE(2.E-2),#119);
#2848=PRESENTATION_STYLE_ASSIGNMENT((#2847));
#2849=STYLED_ITEM('',(#2848),#2846);
#2850=DIRECTION('',(0.E0,2.588190451042E-1,-9.659258262886E-1));
#2851=VECTOR('',#2850,5.615975197203E-1);
#2852=CARTESIAN_POINT('',(-3.35253E2,1.644491146455E2,3.317156435731E1));
#2853=LINE('',#2852,#2851);
#2854=CURVE_STYLE('',#135,POSITIVE_LENGTH_MEASURE(2.E-2),#119);
#2855=PRESENTATION_STYLE_ASSIGNMENT((#2854));
#2856=STYLED_ITEM('',(#2855),#2853);
#2857=CARTESIAN_POINT('',(-3.35253E2,1.649320775586E2,3.330097387985E1));
#2858=DIRECTION('',(1.E0,0.E0,-1.359797690222E-13));
#2859=DIRECTION('',(1.136868377216E-13,-2.605508986017E-1,9.654601127120E-1));
#2860=AXIS2_PLACEMENT_3D('',#2857,#2858,#2859);
#2862=CURVE_STYLE('',#135,POSITIVE_LENGTH_MEASURE(2.E-2),#119);
#2863=PRESENTATION_STYLE_ASSIGNMENT((#2862));
#2864=STYLED_ITEM('',(#2863),#2861);
#2865=CARTESIAN_POINT('',(-3.35253E2,1.674073110953E2,2.412910280908E1));
#2866=DIRECTION('',(1.E0,0.E0,-1.359797690222E-13));
#2867=DIRECTION('',(1.364242052659E-13,-6.508571459563E-13,1.E0));
#2868=AXIS2_PLACEMENT_3D('',#2865,#2866,#2867);
#2870=CURVE_STYLE('',#135,POSITIVE_LENGTH_MEASURE(2.E-2),#119);
#2871=PRESENTATION_STYLE_ASSIGNMENT((#2870));
#2872=STYLED_ITEM('',(#2871),#2869);
#2873=DIRECTION('',(0.E0,-1.E0,-5.754375893145E-12));
#2874=VECTOR('',#2873,2.812844315558E0);
#2875=CARTESIAN_POINT('',(-3.41153E2,1.674073110948E2,3.262910280905E1));
#2876=LINE('',#2875,#2874);
#2877=CURVE_STYLE('',#135,POSITIVE_LENGTH_MEASURE(2.E-2),#119);
#2878=PRESENTATION_STYLE_ASSIGNMENT((#2877));
#2879=STYLED_ITEM('',(#2878),#2876);
#2880=DIRECTION('',(1.E0,0.E0,0.E0));
#2881=VECTOR('',#2880,5.9E0);
#2882=CARTESIAN_POINT('',(-3.41153E2,1.645944667793E2,3.262910280903E1));
#2883=LINE('',#2882,#2881);
#2884=CURVE_STYLE('',#135,POSITIVE_LENGTH_MEASURE(2.E-2),#119);
#2885=PRESENTATION_STYLE_ASSIGNMENT((#2884));
#2886=STYLED_ITEM('',(#2885),#2883);
#2887=DIRECTION('',(0.E0,-1.E0,3.537249237637E-14));
#2888=VECTOR('',#2887,9.842844457153E0);
#2889=CARTESIAN_POINT('',(-3.35253E2,1.744373112364E2,3.262910280903E1));
#2890=LINE('',#2889,#2888);
#2891=CURVE_STYLE('',#135,POSITIVE_LENGTH_MEASURE(2.E-2),#119);
#2892=PRESENTATION_STYLE_ASSIGNMENT((#2891));
#2893=STYLED_ITEM('',(#2892),#2890);
#2894=DIRECTION('',(1.E0,0.E0,3.727346777836E-14));
#2895=VECTOR('',#2894,5.147E0);
#2896=CARTESIAN_POINT('',(-3.404E2,1.744373112364E2,3.262910280903E1));
#2897=LINE('',#2896,#2895);
#2898=CURVE_STYLE('',#135,POSITIVE_LENGTH_MEASURE(2.E-2),#119);
#2899=PRESENTATION_STYLE_ASSIGNMENT((#2898));
#2900=STYLED_ITEM('',(#2899),#2897);
#2901=DIRECTION('',(1.E0,-6.877606637726E-14,-3.868653733721E-14));
#2902=VECTOR('',#2901,1.653E0);
#2903=CARTESIAN_POINT('',(-3.42053E2,1.855065599146E2,3.262910280903E1));
#2904=LINE('',#2903,#2902);
#2905=CURVE_STYLE('',#135,POSITIVE_LENGTH_MEASURE(2.E-2),#119);
#2906=PRESENTATION_STYLE_ASSIGNMENT((#2905));
#2907=STYLED_ITEM('',(#2906),#2904);
#2908=DIRECTION('',(0.E0,-1.E0,9.343435895850E-13));
#2909=VECTOR('',#2908,1.809924881981E1);
#2910=CARTESIAN_POINT('',(-3.42053E2,1.855065599146E2,3.262910280903E1));
#2911=LINE('',#2910,#2909);
#2912=CURVE_STYLE('',#135,POSITIVE_LENGTH_MEASURE(2.E-2),#119);
#2913=PRESENTATION_STYLE_ASSIGNMENT((#2912));
#2914=STYLED_ITEM('',(#2913),#2911);
#2915=CARTESIAN_POINT('',(-3.41153E2,1.674073110953E2,2.412910280908E1));
#2916=DIRECTION('',(1.E0,0.E0,-1.359797690222E-13));
#2917=DIRECTION('',(1.316373910461E-13,-3.110059110881E-1,9.504079772751E-1));
#2918=AXIS2_PLACEMENT_3D('',#2915,#2916,#2917);
#2920=CURVE_STYLE('',#135,POSITIVE_LENGTH_MEASURE(2.E-2),#119);
#2921=PRESENTATION_STYLE_ASSIGNMENT((#2920));
#2922=STYLED_ITEM('',(#2921),#2919);
#2923=DIRECTION('',(-7.267220314390E-13,2.588190451025E-1,-9.659258262891E-1));
#2924=VECTOR('',#2923,5.475325018532E-1);
#2925=CARTESIAN_POINT('',(-3.41153E2,1.644527549400E2,3.315797859331E1));
#2926=LINE('',#2925,#2924);
#2927=CURVE_STYLE('',#135,POSITIVE_LENGTH_MEASURE(2.E-2),#119);
#2928=PRESENTATION_STYLE_ASSIGNMENT((#2927));
#2929=STYLED_ITEM('',(#2928),#2926);
#2930=CARTESIAN_POINT('',(-3.41153E2,1.674073110953E2,2.412910280908E1));
#2931=DIRECTION('',(1.E0,0.E0,0.E0));
#2932=DIRECTION('',(0.E0,-1.825141867705E-10,1.E0));
#2933=AXIS2_PLACEMENT_3D('',#2930,#2931,#2932);
#2935=CURVE_STYLE('',#135,POSITIVE_LENGTH_MEASURE(2.E-2),#119);
#2936=PRESENTATION_STYLE_ASSIGNMENT((#2935));
#2937=STYLED_ITEM('',(#2936),#2934);
#2938=DIRECTION('',(0.E0,0.E0,-1.E0));
#2939=VECTOR('',#2938,7.000000000293E0);
#2940=CARTESIAN_POINT('',(-3.41153E2,1.589073110953E2,2.412910280933E1));
#2941=LINE('',#2940,#2939);
#2942=CURVE_STYLE('',#135,POSITIVE_LENGTH_MEASURE(2.E-2),#119);
#2943=PRESENTATION_STYLE_ASSIGNMENT((#2942));
#2944=STYLED_ITEM('',(#2943),#2941);
#2945=DIRECTION('',(0.E0,1.E0,-3.197442310921E-14));
#2946=VECTOR('',#2945,1.E0);
#2947=CARTESIAN_POINT('',(-3.41153E2,1.579073110953E2,1.712910280903E1));
#2948=LINE('',#2947,#2946);
#2949=CURVE_STYLE('',#135,POSITIVE_LENGTH_MEASURE(2.E-2),#119);
#2950=PRESENTATION_STYLE_ASSIGNMENT((#2949));
#2951=STYLED_ITEM('',(#2950),#2948);
#2952=DIRECTION('',(0.E0,0.E0,1.E0));
#2953=VECTOR('',#2952,7.000000000047E0);
#2954=CARTESIAN_POINT('',(-3.41153E2,1.579073110953E2,1.712910280903E1));
#2955=LINE('',#2954,#2953);
#2956=CURVE_STYLE('',#135,POSITIVE_LENGTH_MEASURE(2.E-2),#119);
#2957=PRESENTATION_STYLE_ASSIGNMENT((#2956));
#2958=STYLED_ITEM('',(#2957),#2955);
#2959=CARTESIAN_POINT('',(-3.41153E2,1.579073110953E2,1.712910280903E1));
#2960=CARTESIAN_POINT('',(-3.41153E2,1.578910613281E2,1.712910280903E1));
#2961=CARTESIAN_POINT('',(-3.411545489696E2,1.578582394145E2,1.712751821435E1));
#2962=CARTESIAN_POINT('',(-3.411622571499E2,1.578070318367E2,1.711981232101E1));
#2963=CARTESIAN_POINT('',(-3.411747335748E2,1.577589771035E2,1.710738987799E1));
#2964=CARTESIAN_POINT('',(-3.411911864767E2,1.577131143317E2,1.709091857258E1));
#2965=CARTESIAN_POINT('',(-3.412163857904E2,1.576617008551E2,1.706558037093E1));
#2966=CARTESIAN_POINT('',(-3.412430502552E2,1.576193930939E2,1.703892149743E1));
#2967=CARTESIAN_POINT('',(-3.412799314120E2,1.575725312684E2,1.700217801233E1));
#2968=CARTESIAN_POINT('',(-3.413232654540E2,1.575297635057E2,1.695882097729E1));
#2969=CARTESIAN_POINT('',(-3.413741867390E2,1.574904527291E2,1.690780649430E1));
#2970=CARTESIAN_POINT('',(-3.414347691454E2,1.574555533960E2,1.684730980860E1));
#2971=CARTESIAN_POINT('',(-3.415026141953E2,1.574285206558E2,1.677950108611E1));
#2972=CARTESIAN_POINT('',(-3.415764916318E2,1.574112464828E2,1.670559766371E1));
#2973=CARTESIAN_POINT('',(-3.416272357924E2,1.574073110953E2,1.665486701662E1));
#2974=CARTESIAN_POINT('',(-3.41653E2,1.574073110953E2,1.662910280903E1));
#2976=CURVE_STYLE('',#135,POSITIVE_LENGTH_MEASURE(2.E-2),#119);
#2977=PRESENTATION_STYLE_ASSIGNMENT((#2976));
#2978=STYLED_ITEM('',(#2977),#2975);
#2979=DIRECTION('',(0.E0,0.E0,1.E0));
#2980=VECTOR('',#2979,7.500000000048E0);
#2981=CARTESIAN_POINT('',(-3.41653E2,1.574073110953E2,1.662910280903E1));
#2982=LINE('',#2981,#2980);
#2983=CURVE_STYLE('',#135,POSITIVE_LENGTH_MEASURE(2.E-2),#119);
#2984=PRESENTATION_STYLE_ASSIGNMENT((#2983));
#2985=STYLED_ITEM('',(#2984),#2982);
#2986=DIRECTION('',(1.E0,0.E0,0.E0));
#2987=VECTOR('',#2986,6.4E0);
#2988=CARTESIAN_POINT('',(-3.41653E2,1.574073110953E2,1.662910280903E1));
#2989=LINE('',#2988,#2987);
#2990=CURVE_STYLE('',#135,POSITIVE_LENGTH_MEASURE(2.E-2),#119);
#2991=PRESENTATION_STYLE_ASSIGNMENT((#2990));
#2992=STYLED_ITEM('',(#2991),#2989);
#2993=DIRECTION('',(1.E0,-2.408619443255E-14,0.E0));
#2994=VECTOR('',#2993,5.9E0);
#2995=CARTESIAN_POINT('',(-3.41153E2,1.579073110953E2,1.712910280903E1));
#2996=LINE('',#2995,#2994);
#2997=CURVE_STYLE('',#135,POSITIVE_LENGTH_MEASURE(2.E-2),#119);
#2998=PRESENTATION_STYLE_ASSIGNMENT((#2997));
#2999=STYLED_ITEM('',(#2998),#2996);
#3000=CARTESIAN_POINT('',(-3.35253E2,1.579073110953E2,1.662910280903E1));
#3001=DIRECTION('',(-1.E0,0.E0,0.E0));
#3002=DIRECTION('',(0.E0,-1.E0,0.E0));
#3003=AXIS2_PLACEMENT_3D('',#3000,#3001,#3002);
#3005=CURVE_STYLE('',#135,POSITIVE_LENGTH_MEASURE(2.E-2),#119);
#3006=PRESENTATION_STYLE_ASSIGNMENT((#3005));
#3007=STYLED_ITEM('',(#3006),#3004);
#3008=DIRECTION('',(-5.684341886080E-14,-1.E0,2.842170943040E-14));
#3009=VECTOR('',#3008,1.E0);
#3010=CARTESIAN_POINT('',(-3.35253E2,1.589073110953E2,1.712910280903E1));
#3011=LINE('',#3010,#3009);
#3012=CURVE_STYLE('',#135,POSITIVE_LENGTH_MEASURE(2.E-2),#119);
#3013=PRESENTATION_STYLE_ASSIGNMENT((#3012));
#3014=STYLED_ITEM('',(#3013),#3011);
#3015=DIRECTION('',(0.E0,0.E0,-1.E0));
#3016=VECTOR('',#3015,1.291414020737E1);
#3017=CARTESIAN_POINT('',(-3.42053E2,1.589073110953E2,2.412910280903E1));
#3018=LINE('',#3017,#3016);
#3019=CURVE_STYLE('',#135,POSITIVE_LENGTH_MEASURE(2.E-2),#119);
#3020=PRESENTATION_STYLE_ASSIGNMENT((#3019));
#3021=STYLED_ITEM('',(#3020),#3018);
#3022=DIRECTION('',(0.E0,0.E0,-1.E0));
#3023=VECTOR('',#3022,9.629530445743E0);
#3024=CARTESIAN_POINT('',(-3.35253E2,1.589073110953E2,1.712910280903E1));
#3025=LINE('',#3024,#3023);
#3026=CURVE_STYLE('',#135,POSITIVE_LENGTH_MEASURE(2.E-2),#119);
#3027=PRESENTATION_STYLE_ASSIGNMENT((#3026));
#3028=STYLED_ITEM('',(#3027),#3025);
#3029=DIRECTION('',(1.E0,0.E0,0.E0));
#3030=VECTOR('',#3029,5.9E0);
#3031=CARTESIAN_POINT('',(-3.41153E2,1.589073110953E2,1.712910280903E1));
#3032=LINE('',#3031,#3030);
#3033=CURVE_STYLE('',#135,POSITIVE_LENGTH_MEASURE(2.E-2),#119);
#3034=PRESENTATION_STYLE_ASSIGNMENT((#3033));
#3035=STYLED_ITEM('',(#3034),#3032);
#3036=DIRECTION('',(-1.E0,0.E0,0.E0));
#3037=VECTOR('',#3036,1.5E0);
#3038=CARTESIAN_POINT('',(-3.42053E2,1.589073110953E2,1.121496260167E1));
#3039=LINE('',#3038,#3037);
#3040=CURVE_STYLE('',#135,POSITIVE_LENGTH_MEASURE(2.E-2),#119);
#3041=PRESENTATION_STYLE_ASSIGNMENT((#3040));
#3042=STYLED_ITEM('',(#3041),#3039);
#3043=DIRECTION('',(0.E0,1.E0,0.E0));
#3044=VECTOR('',#3043,1.177506150052E1);
#3045=CARTESIAN_POINT('',(-3.42053E2,1.589073110953E2,1.121496260167E1));
#3046=LINE('',#3045,#3044);
#3047=CURVE_STYLE('',#135,POSITIVE_LENGTH_MEASURE(2.E-2),#119);
#3048=PRESENTATION_STYLE_ASSIGNMENT((#3047));
#3049=STYLED_ITEM('',(#3048),#3046);
#3050=DIRECTION('',(-1.E0,1.894780628694E-14,0.E0));
#3051=VECTOR('',#3050,1.5E0);
#3052=CARTESIAN_POINT('',(-3.42053E2,1.706823725959E2,1.121496260167E1));
#3053=LINE('',#3052,#3051);
#3054=CURVE_STYLE('',#135,POSITIVE_LENGTH_MEASURE(2.E-2),#119);
#3055=PRESENTATION_STYLE_ASSIGNMENT((#3054));
#3056=STYLED_ITEM('',(#3055),#3053);
#3057=DIRECTION('',(-1.E0,0.E0,0.E0));
#3058=VECTOR('',#3057,1.5E0);
#3059=CARTESIAN_POINT('',(-3.42053E2,1.710361059759E2,1.136158929220E1));
#3060=LINE('',#3059,#3058);
#3061=CURVE_STYLE('',#135,POSITIVE_LENGTH_MEASURE(2.E-2),#119);
#3062=PRESENTATION_STYLE_ASSIGNMENT((#3061));
#3063=STYLED_ITEM('',(#3062),#3060);
#3064=DIRECTION('',(-1.E0,1.136868377216E-13,-9.592326932761E-14));
#3065=VECTOR('',#3064,1.5E0);
#3066=CARTESIAN_POINT('',(-3.42053E2,1.755638932404E2,1.136158929220E1));
#3067=LINE('',#3066,#3065);
#3068=CURVE_STYLE('',#135,POSITIVE_LENGTH_MEASURE(2.E-2),#119);
#3069=PRESENTATION_STYLE_ASSIGNMENT((#3068));
#3070=STYLED_ITEM('',(#3069),#3067);
#3071=DIRECTION('',(-1.E0,0.E0,0.E0));
#3072=VECTOR('',#3071,5.E-1);
#3073=CARTESIAN_POINT('',(-3.43553E2,1.764999996082E2,9.100000111596E0));
#3074=LINE('',#3073,#3072);
#3075=CURVE_STYLE('',#135,POSITIVE_LENGTH_MEASURE(2.E-2),#119);
#3076=PRESENTATION_STYLE_ASSIGNMENT((#3075));
#3077=STYLED_ITEM('',(#3076),#3074);
#3078=DIRECTION('',(-1.E0,0.E0,0.E0));
#3079=VECTOR('',#3078,5.E-1);
#3080=CARTESIAN_POINT('',(-3.43553E2,1.700999996082E2,9.100000111596E0));
#3081=LINE('',#3080,#3079);
#3082=CURVE_STYLE('',#135,POSITIVE_LENGTH_MEASURE(2.E-2),#119);
#3083=PRESENTATION_STYLE_ASSIGNMENT((#3082));
#3084=STYLED_ITEM('',(#3083),#3081);
#3085=DIRECTION('',(-1.E0,-3.789561257387E-14,0.E0));
#3086=VECTOR('',#3085,1.5E0);
#3087=CARTESIAN_POINT('',(-3.42053E2,1.759176266205E2,1.121496260167E1));
#3088=LINE('',#3087,#3086);
#3089=CURVE_STYLE('',#135,POSITIVE_LENGTH_MEASURE(2.E-2),#119);
#3090=PRESENTATION_STYLE_ASSIGNMENT((#3089));
#3091=STYLED_ITEM('',(#3090),#3088);
#3092=CARTESIAN_POINT('',(-3.44053E2,1.732999996082E2,9.100000111596E0));
#3093=DIRECTION('',(-1.E0,0.E0,0.E0));
#3094=DIRECTION('',(0.E0,1.E0,0.E0));
#3095=AXIS2_PLACEMENT_3D('',#3092,#3093,#3094);
#3097=CURVE_STYLE('',#135,POSITIVE_LENGTH_MEASURE(2.E-2),#119);
#3098=PRESENTATION_STYLE_ASSIGNMENT((#3097));
#3099=STYLED_ITEM('',(#3098),#3096);
#3100=CARTESIAN_POINT('',(-3.44053E2,1.732999996082E2,9.100000111596E0));
#3101=DIRECTION('',(-1.E0,0.E0,0.E0));
#3102=DIRECTION('',(0.E0,-1.E0,0.E0));
#3103=AXIS2_PLACEMENT_3D('',#3100,#3101,#3102);
#3105=CURVE_STYLE('',#135,POSITIVE_LENGTH_MEASURE(2.E-2),#119);
#3106=PRESENTATION_STYLE_ASSIGNMENT((#3105));
#3107=STYLED_ITEM('',(#3106),#3104);
#3108=DIRECTION('',(0.E0,1.E0,0.E0));
#3109=VECTOR('',#3108,1.5E0);
#3110=CARTESIAN_POINT('',(-3.35253E2,1.574073110953E2,7.499572363291E0));
#3111=LINE('',#3110,#3109);
#3112=CURVE_STYLE('',#135,POSITIVE_LENGTH_MEASURE(2.E-2),#119);
#3113=PRESENTATION_STYLE_ASSIGNMENT((#3112));
#3114=STYLED_ITEM('',(#3113),#3111);
#3115=DIRECTION('',(-1.E0,0.E0,0.E0));
#3116=VECTOR('',#3115,8.3E0);
#3117=CARTESIAN_POINT('',(-3.35253E2,1.589073110953E2,7.499572363291E0));
#3118=LINE('',#3117,#3116);
#3119=CURVE_STYLE('',#135,POSITIVE_LENGTH_MEASURE(2.E-2),#119);
#3120=PRESENTATION_STYLE_ASSIGNMENT((#3119));
#3121=STYLED_ITEM('',(#3120),#3118);
#3122=CARTESIAN_POINT('',(-3.44053E2,1.604073110953E2,7.499572363291E0));
#3123=DIRECTION('',(0.E0,0.E0,-1.E0));
#3124=DIRECTION('',(1.E0,0.E0,0.E0));
#3125=AXIS2_PLACEMENT_3D('',#3122,#3123,#3124);
#3127=CURVE_STYLE('',#135,POSITIVE_LENGTH_MEASURE(2.E-2),#119);
#3128=PRESENTATION_STYLE_ASSIGNMENT((#3127));
#3129=STYLED_ITEM('',(#3128),#3126);
#3130=CARTESIAN_POINT('',(-3.44553E2,1.579073110953E2,7.499572363291E0));
#3131=DIRECTION('',(0.E0,0.E0,-1.E0));
#3132=DIRECTION('',(0.E0,-1.E0,0.E0));
#3133=AXIS2_PLACEMENT_3D('',#3130,#3131,#3132);
#3135=CURVE_STYLE('',#135,POSITIVE_LENGTH_MEASURE(2.E-2),#119);
#3136=PRESENTATION_STYLE_ASSIGNMENT((#3135));
#3137=STYLED_ITEM('',(#3136),#3134);
#3138=DIRECTION('',(0.E0,0.E0,1.E0));
#3139=VECTOR('',#3138,9.129530445743E0);
#3140=CARTESIAN_POINT('',(-3.35253E2,1.574073110953E2,7.499572363291E0));
#3141=LINE('',#3140,#3139);
#3142=CURVE_STYLE('',#135,POSITIVE_LENGTH_MEASURE(2.E-2),#119);
#3143=PRESENTATION_STYLE_ASSIGNMENT((#3142));
#3144=STYLED_ITEM('',(#3143),#3141);
#3145=DIRECTION('',(-1.E0,0.E0,0.E0));
#3146=VECTOR('',#3145,9.3E0);
#3147=CARTESIAN_POINT('',(-3.35253E2,1.574073110953E2,7.499572363291E0));
#3148=LINE('',#3147,#3146);
#3149=CURVE_STYLE('',#135,POSITIVE_LENGTH_MEASURE(2.E-2),#119);
#3150=PRESENTATION_STYLE_ASSIGNMENT((#3149));
#3151=STYLED_ITEM('',(#3150),#3148);
#3152=DIRECTION('',(1.E0,-1.291895883200E-14,0.E0));
#3153=VECTOR('',#3152,2.2E0);
#3154=CARTESIAN_POINT('',(-3.44553E2,1.574073110953E2,1.221496260167E1));
#3155=LINE('',#3154,#3153);
#3156=CURVE_STYLE('',#135,POSITIVE_LENGTH_MEASURE(2.E-2),#119);
#3157=PRESENTATION_STYLE_ASSIGNMENT((#3156));
#3158=STYLED_ITEM('',(#3157),#3155);
#3159=DIRECTION('',(1.E0,0.E0,0.E0));
#3160=VECTOR('',#3159,1.7E0);
#3161=CARTESIAN_POINT('',(-3.44553E2,1.579073110953E2,1.271496260167E1));
#3162=LINE('',#3161,#3160);
#3163=CURVE_STYLE('',#135,POSITIVE_LENGTH_MEASURE(2.E-2),#119);
#3164=PRESENTATION_STYLE_ASSIGNMENT((#3163));
#3165=STYLED_ITEM('',(#3164),#3162);
#3166=DIRECTION('',(0.E0,0.E0,1.E0));
#3167=VECTOR('',#3166,1.141414020742E1);
#3168=CARTESIAN_POINT('',(-3.42853E2,1.579073110953E2,1.271496260167E1));
#3169=LINE('',#3168,#3167);
#3170=CURVE_STYLE('',#135,POSITIVE_LENGTH_MEASURE(2.E-2),#119);
#3171=PRESENTATION_STYLE_ASSIGNMENT((#3170));
#3172=STYLED_ITEM('',(#3171),#3169);
#3173=DIRECTION('',(0.E0,0.E0,1.E0));
#3174=VECTOR('',#3173,1.191414020742E1);
#3175=CARTESIAN_POINT('',(-3.42353E2,1.574073110953E2,1.221496260167E1));
#3176=LINE('',#3175,#3174);
#3177=CURVE_STYLE('',#135,POSITIVE_LENGTH_MEASURE(2.E-2),#119);
#3178=PRESENTATION_STYLE_ASSIGNMENT((#3177));
#3179=STYLED_ITEM('',(#3178),#3176);
#3180=CARTESIAN_POINT('',(-3.42853E2,1.579073110953E2,1.271496260167E1));
#3181=CARTESIAN_POINT('',(-3.42853E2,1.578920240772E2,1.271496260167E1));
#3182=CARTESIAN_POINT('',(-3.428516402190E2,1.578604115835E2,1.271357002108E1));
#3183=CARTESIAN_POINT('',(-3.428441200980E2,1.578086473978E2,1.270604663528E1));
#3184=CARTESIAN_POINT('',(-3.428311894972E2,1.577583615059E2,1.269317644308E1));
#3185=CARTESIAN_POINT('',(-3.428131968250E2,1.577089826386E2,1.267515209362E1));
#3186=CARTESIAN_POINT('',(-3.427859689886E2,1.576550895216E2,1.264778158196E1));
#3187=CARTESIAN_POINT('',(-3.427562033293E2,1.576096863477E2,1.261805338786E1));
#3188=CARTESIAN_POINT('',(-3.427151138093E2,1.575606082055E2,1.257711120771E1));
#3189=CARTESIAN_POINT('',(-3.426707675226E2,1.575196493247E2,1.253268004640E1));
#3190=CARTESIAN_POINT('',(-3.426180876315E2,1.574816102304E2,1.247994340291E1));
#3191=CARTESIAN_POINT('',(-3.425583463396E2,1.574497102886E2,1.242031007994E1));
#3192=CARTESIAN_POINT('',(-3.424930800792E2,1.574256117672E2,1.235504829456E1));
#3193=CARTESIAN_POINT('',(-3.424236722468E2,1.574106439191E2,1.228562522803E1));
#3194=CARTESIAN_POINT('',(-3.423766848891E2,1.574073110953E2,1.223864749080E1));
#3195=CARTESIAN_POINT('',(-3.42353E2,1.574073110953E2,1.221496260167E1));
#3197=CURVE_STYLE('',#135,POSITIVE_LENGTH_MEASURE(2.E-2),#119);
#3198=PRESENTATION_STYLE_ASSIGNMENT((#3197));
#3199=STYLED_ITEM('',(#3198),#3196);
#3200=CARTESIAN_POINT('',(-3.42353E2,1.674073110953E2,2.412910280908E1));
#3201=DIRECTION('',(1.E0,0.E0,-1.359797690222E-13));
#3202=DIRECTION('',(1.364242052659E-13,5.115907697473E-14,1.E0));
#3203=AXIS2_PLACEMENT_3D('',#3200,#3201,#3202);
#3205=CURVE_STYLE('',#135,POSITIVE_LENGTH_MEASURE(2.E-2),#119);
#3206=PRESENTATION_STYLE_ASSIGNMENT((#3205));
#3207=STYLED_ITEM('',(#3206),#3204);
#3208=CARTESIAN_POINT('',(-3.42353E2,1.579073110953E2,2.412910280908E1));
#3209=DIRECTION('',(1.359797690222E-13,0.E0,1.E0));
#3210=DIRECTION('',(-1.E0,0.E0,1.350031197944E-13));
#3211=AXIS2_PLACEMENT_3D('',#3208,#3209,#3210);
#3213=CURVE_STYLE('',#135,POSITIVE_LENGTH_MEASURE(2.E-2),#119);
#3214=PRESENTATION_STYLE_ASSIGNMENT((#3213));
#3215=STYLED_ITEM('',(#3214),#3212);
#3216=CARTESIAN_POINT('',(-3.42353E2,1.674073110953E2,3.362910280908E1));
#3217=DIRECTION('',(0.E0,-1.E0,5.296908065207E-14));
#3218=DIRECTION('',(-2.614797267597E-12,5.684341886081E-14,1.E0));
#3219=AXIS2_PLACEMENT_3D('',#3216,#3217,#3218);
#3221=CURVE_STYLE('',#135,POSITIVE_LENGTH_MEASURE(2.E-2),#119);
#3222=PRESENTATION_STYLE_ASSIGNMENT((#3221));
#3223=STYLED_ITEM('',(#3222),#3220);
#3224=DIRECTION('',(1.E0,-4.163179972904E-13,-1.461116048183E-13));
#3225=VECTOR('',#3224,7.1E0);
#3226=CARTESIAN_POINT('',(-3.42353E2,1.674073110953E2,3.412910280908E1));
#3227=LINE('',#3226,#3225);
#3228=CURVE_STYLE('',#135,POSITIVE_LENGTH_MEASURE(2.E-2),#119);
#3229=PRESENTATION_STYLE_ASSIGNMENT((#3228));
#3230=STYLED_ITEM('',(#3229),#3227);
#3231=DIRECTION('',(1.E0,0.E0,-6.597896832058E-14));
#3232=VECTOR('',#3231,7.E-1);
#3233=CARTESIAN_POINT('',(-3.42353E2,1.574073110953E2,2.412910280908E1));
#3234=LINE('',#3233,#3232);
#3235=CURVE_STYLE('',#135,POSITIVE_LENGTH_MEASURE(2.E-2),#119);
#3236=PRESENTATION_STYLE_ASSIGNMENT((#3235));
#3237=STYLED_ITEM('',(#3236),#3234);
#3238=DIRECTION('',(1.E0,0.E0,-1.365574320289E-13));
#3239=VECTOR('',#3238,6.399999999999E0);
#3240=CARTESIAN_POINT('',(-3.41653E2,1.648018021093E2,3.378370393620E1));
#3241=LINE('',#3240,#3239);
#3242=CURVE_STYLE('',#135,POSITIVE_LENGTH_MEASURE(2.E-2),#119);
#3243=PRESENTATION_STYLE_ASSIGNMENT((#3242));
#3244=STYLED_ITEM('',(#3243),#3241);
#3245=DIRECTION('',(1.E0,1.252440232597E-13,-5.262657515816E-13));
#3246=VECTOR('',#3245,5.900197278542E0);
#3247=CARTESIAN_POINT('',(-3.411531972785E2,1.644491146455E2,3.317156435731E1));
#3248=LINE('',#3247,#3246);
#3249=CURVE_STYLE('',#135,POSITIVE_LENGTH_MEASURE(2.E-2),#119);
#3250=PRESENTATION_STYLE_ASSIGNMENT((#3249));
#3251=STYLED_ITEM('',(#3250),#3248);
#3252=CARTESIAN_POINT('',(-3.41653E2,1.648018021093E2,3.378370393620E1));
#3253=CARTESIAN_POINT('',(-3.416292196371E2,1.647782466808E2,3.377734697956E1));
#3254=CARTESIAN_POINT('',(-3.415822453055E2,1.647326467272E2,3.376135516060E1));
#3255=CARTESIAN_POINT('',(-3.415139719760E2,1.646691445996E2,3.372823823395E1));
#3256=CARTESIAN_POINT('',(-3.414492973522E2,1.646118419393E2,3.368706006484E1));
#3257=CARTESIAN_POINT('',(-3.413902066349E2,1.645623937446E2,3.363983897845E1));
#3258=CARTESIAN_POINT('',(-3.413377935124E2,1.645213576231E2,3.358853215733E1));
#3259=CARTESIAN_POINT('',(-3.412922528436E2,1.644886254886E2,3.353466040665E1));
#3260=CARTESIAN_POINT('',(-3.412539748545E2,1.644640115686E2,3.348000599327E1));
#3261=CARTESIAN_POINT('',(-3.412225289199E2,1.644467478303E2,3.342546921751E1));
#3262=CARTESIAN_POINT('',(-3.411975114641E2,1.644361424857E2,3.337170090188E1));
#3263=CARTESIAN_POINT('',(-3.411784804912E2,1.644315352299E2,3.331948417414E1));
#3264=CARTESIAN_POINT('',(-3.411647936082E2,1.644322901337E2,3.326865423823E1));
#3265=CARTESIAN_POINT('',(-3.411562003078E2,1.644379318857E2,3.321955521829E1));
#3266=CARTESIAN_POINT('',(-3.411536563765E2,1.644448797234E2,3.318736930184E1));
#3267=CARTESIAN_POINT('',(-3.411531972785E2,1.644491146455E2,3.317156435731E1));
#3269=CURVE_STYLE('',#135,POSITIVE_LENGTH_MEASURE(2.E-2),#119);
#3270=PRESENTATION_STYLE_ASSIGNMENT((#3269));
#3271=STYLED_ITEM('',(#3270),#3268);
#3272=CARTESIAN_POINT('',(-3.41653E2,1.579073110953E2,2.412910280908E1));
#3273=DIRECTION('',(-1.359797690222E-13,0.E0,-1.E0));
#3274=DIRECTION('',(1.E0,0.E0,-1.350031197944E-13));
#3275=AXIS2_PLACEMENT_3D('',#3272,#3273,#3274);
#3277=CURVE_STYLE('',#135,POSITIVE_LENGTH_MEASURE(2.E-2),#119);
#3278=PRESENTATION_STYLE_ASSIGNMENT((#3277));
#3279=STYLED_ITEM('',(#3278),#3276);
#3280=CARTESIAN_POINT('',(-3.41653E2,1.674073110953E2,2.412910280908E1));
#3281=DIRECTION('',(1.E0,0.E0,-1.359797690222E-13));
#3282=DIRECTION('',(1.307398633799E-13,-2.605508986015E-1,9.654601127120E-1));
#3283=AXIS2_PLACEMENT_3D('',#3280,#3281,#3282);
#3285=CURVE_STYLE('',#135,POSITIVE_LENGTH_MEASURE(2.E-2),#119);
#3286=PRESENTATION_STYLE_ASSIGNMENT((#3285));
#3287=STYLED_ITEM('',(#3286),#3284);
#3288=CARTESIAN_POINT('',(-3.411531972785E2,1.644491146455E2,3.317156435731E1));
#3289=CARTESIAN_POINT('',(-3.411531534406E2,1.644495190259E2,3.317005518916E1));
#3290=CARTESIAN_POINT('',(-3.411530803775E2,1.644503278520E2,3.316703660908E1));
#3291=CARTESIAN_POINT('',(-3.411530146142E2,1.644515413506E2,3.316250777038E1));
#3292=CARTESIAN_POINT('',(-3.41153E2,1.644523503955E2,3.315948837371E1));
#3293=CARTESIAN_POINT('',(-3.41153E2,1.644527549400E2,3.315797859331E1));
#3295=CURVE_STYLE('',#135,POSITIVE_LENGTH_MEASURE(2.E-2),#119);
#3296=PRESENTATION_STYLE_ASSIGNMENT((#3295));
#3297=STYLED_ITEM('',(#3296),#3294);
#3298=CARTESIAN_POINT('',(-3.44553E2,1.579073110953E2,1.221496260167E1));
#3299=DIRECTION('',(1.E0,0.E0,0.E0));
#3300=DIRECTION('',(0.E0,-9.045340337333E-1,4.264014327112E-1));
#3301=AXIS2_PLACEMENT_3D('',#3298,#3299,#3300);
#3303=CURVE_STYLE('',#135,POSITIVE_LENGTH_MEASURE(2.E-2),#119);
#3304=PRESENTATION_STYLE_ASSIGNMENT((#3303));
#3305=STYLED_ITEM('',(#3304),#3302);
#3306=CARTESIAN_POINT('',(-3.44553E2,1.579073110953E2,1.221496260167E1));
#3307=DIRECTION('',(0.E0,0.E0,-1.E0));
#3308=DIRECTION('',(0.E0,-1.E0,0.E0));
#3309=AXIS2_PLACEMENT_3D('',#3306,#3307,#3308);
#3311=CURVE_STYLE('',#135,POSITIVE_LENGTH_MEASURE(2.E-2),#119);
#3312=PRESENTATION_STYLE_ASSIGNMENT((#3311));
#3313=STYLED_ITEM('',(#3312),#3310);
#3314=CARTESIAN_POINT('',(-3.44553E2,1.579073110953E2,1.221496260167E1));
#3315=DIRECTION('',(0.E0,1.E0,0.E0));
#3316=DIRECTION('',(-1.E0,0.E0,0.E0));
#3317=AXIS2_PLACEMENT_3D('',#3314,#3315,#3316);
#3319=CURVE_STYLE('',#135,POSITIVE_LENGTH_MEASURE(2.E-2),#119);
#3320=PRESENTATION_STYLE_ASSIGNMENT((#3319));
#3321=STYLED_ITEM('',(#3320),#3318);
#3322=DIRECTION('',(1.205487053822E-14,0.E0,-1.E0));
#3323=VECTOR('',#3322,4.715390238376E0);
#3324=CARTESIAN_POINT('',(-3.45053E2,1.579073110953E2,1.221496260167E1));
#3325=LINE('',#3324,#3323);
#3326=CURVE_STYLE('',#135,POSITIVE_LENGTH_MEASURE(2.E-2),#119);
#3327=PRESENTATION_STYLE_ASSIGNMENT((#3326));
#3328=STYLED_ITEM('',(#3327),#3325);
#3329=DIRECTION('',(1.205487053822E-14,0.E0,-1.E0));
#3330=VECTOR('',#3329,4.715390238376E0);
#3331=CARTESIAN_POINT('',(-3.44553E2,1.574073110953E2,1.221496260167E1));
#3332=LINE('',#3331,#3330);
#3333=CURVE_STYLE('',#135,POSITIVE_LENGTH_MEASURE(2.E-2),#119);
#3334=PRESENTATION_STYLE_ASSIGNMENT((#3333));
#3335=STYLED_ITEM('',(#3334),#3332);
#3336=CARTESIAN_POINT('',(-3.45053E2,1.672999996082E2,3.600000110724E0));
#3337=DIRECTION('',(-1.E0,0.E0,0.E0));
#3338=DIRECTION('',(0.E0,1.E0,0.E0));
#3339=AXIS2_PLACEMENT_3D('',#3336,#3337,#3338);
#3341=CURVE_STYLE('',#135,POSITIVE_LENGTH_MEASURE(2.E-2),#119);
#3342=PRESENTATION_STYLE_ASSIGNMENT((#3341));
#3343=STYLED_ITEM('',(#3342),#3340);
#3344=CARTESIAN_POINT('',(-3.45053E2,1.672999996082E2,3.600000110724E0));
#3345=DIRECTION('',(-1.E0,0.E0,0.E0));
#3346=DIRECTION('',(0.E0,-1.E0,0.E0));
#3347=AXIS2_PLACEMENT_3D('',#3344,#3345,#3346);
#3349=CURVE_STYLE('',#135,POSITIVE_LENGTH_MEASURE(2.E-2),#119);
#3350=PRESENTATION_STYLE_ASSIGNMENT((#3349));
#3351=STYLED_ITEM('',(#3350),#3348);
#3352=DIRECTION('',(0.E0,6.427876096865E-1,7.660444431190E-1));
#3353=VECTOR('',#3352,1.769953614868E1);
#3354=CARTESIAN_POINT('',(-3.45053E2,1.787808604574E2,-1.343668710811E0));
#3355=LINE('',#3354,#3353);
#3356=CURVE_STYLE('',#135,POSITIVE_LENGTH_MEASURE(2.E-2),#119);
#3357=PRESENTATION_STYLE_ASSIGNMENT((#3356));
#3358=STYLED_ITEM('',(#3357),#3355);
#3359=DIRECTION('',(0.E0,-1.E0,0.E0));
#3360=VECTOR('',#3359,2.E0);
#3361=CARTESIAN_POINT('',(-3.45053E2,1.599073110953E2,7.499572363291E0));
#3362=LINE('',#3361,#3360);
#3363=CURVE_STYLE('',#135,POSITIVE_LENGTH_MEASURE(2.E-2),#119);
#3364=PRESENTATION_STYLE_ASSIGNMENT((#3363));
#3365=STYLED_ITEM('',(#3364),#3362);
#3366=DIRECTION('',(0.E0,0.E0,-1.E0));
#3367=VECTOR('',#3366,9.843241074102E0);
#3368=CARTESIAN_POINT('',(-3.45053E2,1.599073110953E2,7.499572363291E0));
#3369=LINE('',#3368,#3367);
#3370=CURVE_STYLE('',#135,POSITIVE_LENGTH_MEASURE(2.E-2),#119);
#3371=PRESENTATION_STYLE_ASSIGNMENT((#3370));
#3372=STYLED_ITEM('',(#3371),#3369);
#3373=CARTESIAN_POINT('',(-3.45053E2,1.604073110953E2,-2.343668710811E0));
#3374=DIRECTION('',(-1.E0,0.E0,0.E0));
#3375=DIRECTION('',(0.E0,0.E0,-1.E0));
#3376=AXIS2_PLACEMENT_3D('',#3373,#3374,#3375);
#3378=CURVE_STYLE('',#135,POSITIVE_LENGTH_MEASURE(2.E-2),#119);
#3379=PRESENTATION_STYLE_ASSIGNMENT((#3378));
#3380=STYLED_ITEM('',(#3379),#3377);
#3381=DIRECTION('',(0.E0,-1.E0,0.E0));
#3382=VECTOR('',#3381,1.540775618358E1);
#3383=CARTESIAN_POINT('',(-3.45053E2,1.758150672789E2,-2.843668710811E0));
#3384=LINE('',#3383,#3382);
#3385=CURVE_STYLE('',#135,POSITIVE_LENGTH_MEASURE(2.E-2),#119);
#3386=PRESENTATION_STYLE_ASSIGNMENT((#3385));
#3387=STYLED_ITEM('',(#3386),#3384);
#3388=DIRECTION('',(0.E0,0.E0,1.E0));
#3389=VECTOR('',#3388,1.E0);
#3390=CARTESIAN_POINT('',(-3.45053E2,1.758150672789E2,-2.843668710811E0));
#3391=LINE('',#3390,#3389);
#3392=CURVE_STYLE('',#135,POSITIVE_LENGTH_MEASURE(2.E-2),#119);
#3393=PRESENTATION_STYLE_ASSIGNMENT((#3392));
#3394=STYLED_ITEM('',(#3393),#3391);
#3395=CARTESIAN_POINT('',(-3.45053E2,1.763150672789E2,-1.843668710811E0));
#3396=DIRECTION('',(1.E0,0.E0,0.E0));
#3397=DIRECTION('',(0.E0,0.E0,1.E0));
#3398=AXIS2_PLACEMENT_3D('',#3395,#3396,#3397);
#3400=CURVE_STYLE('',#135,POSITIVE_LENGTH_MEASURE(2.E-2),#119);
#3401=PRESENTATION_STYLE_ASSIGNMENT((#3400));
#3402=STYLED_ITEM('',(#3401),#3399);
#3403=DIRECTION('',(4.610558529971E-14,1.E0,0.E0));
#3404=VECTOR('',#3403,2.465793178475E0);
#3405=CARTESIAN_POINT('',(-3.45053E2,1.763150672789E2,-1.343668710811E0));
#3406=LINE('',#3405,#3404);
#3407=CURVE_STYLE('',#135,POSITIVE_LENGTH_MEASURE(2.E-2),#119);
#3408=PRESENTATION_STYLE_ASSIGNMENT((#3407));
#3409=STYLED_ITEM('',(#3408),#3406);
#3410=CARTESIAN_POINT('',(-3.44553E2,1.672999996082E2,3.600000110724E0));
#3411=DIRECTION('',(-1.E0,0.E0,0.E0));
#3412=DIRECTION('',(0.E0,1.E0,0.E0));
#3413=AXIS2_PLACEMENT_3D('',#3410,#3411,#3412);
#3415=CURVE_STYLE('',#135,POSITIVE_LENGTH_MEASURE(2.E-2),#119);
#3416=PRESENTATION_STYLE_ASSIGNMENT((#3415));
#3417=STYLED_ITEM('',(#3416),#3414);
#3418=CARTESIAN_POINT('',(-3.44553E2,1.712999996082E2,3.600000110724E0));
#3419=DIRECTION('',(0.E0,0.E0,-1.E0));
#3420=DIRECTION('',(0.E0,-1.E0,0.E0));
#3421=AXIS2_PLACEMENT_3D('',#3418,#3419,#3420);
#3423=CURVE_STYLE('',#135,POSITIVE_LENGTH_MEASURE(2.E-2),#119);
#3424=PRESENTATION_STYLE_ASSIGNMENT((#3423));
#3425=STYLED_ITEM('',(#3424),#3422);
#3426=CARTESIAN_POINT('',(-3.44553E2,1.632999996082E2,3.600000110724E0));
#3427=DIRECTION('',(0.E0,0.E0,1.E0));
#3428=DIRECTION('',(0.E0,1.E0,0.E0));
#3429=AXIS2_PLACEMENT_3D('',#3426,#3427,#3428);
#3431=CURVE_STYLE('',#135,POSITIVE_LENGTH_MEASURE(2.E-2),#119);
#3432=PRESENTATION_STYLE_ASSIGNMENT((#3431));
#3433=STYLED_ITEM('',(#3432),#3430);
#3434=CARTESIAN_POINT('',(-3.44553E2,1.672999996082E2,3.600000110724E0));
#3435=DIRECTION('',(-1.E0,0.E0,0.E0));
#3436=DIRECTION('',(0.E0,-1.E0,0.E0));
#3437=AXIS2_PLACEMENT_3D('',#3434,#3435,#3436);
#3439=CURVE_STYLE('',#135,POSITIVE_LENGTH_MEASURE(2.E-2),#119);
#3440=PRESENTATION_STYLE_ASSIGNMENT((#3439));
#3441=STYLED_ITEM('',(#3440),#3438);
#3442=DIRECTION('',(-1.E0,0.E0,0.E0));
#3443=VECTOR('',#3442,8.000000000001E-1);
#3444=CARTESIAN_POINT('',(-3.43753E2,1.707999996082E2,3.600000110724E0));
#3445=LINE('',#3444,#3443);
#3446=CURVE_STYLE('',#135,POSITIVE_LENGTH_MEASURE(2.E-2),#119);
#3447=PRESENTATION_STYLE_ASSIGNMENT((#3446));
#3448=STYLED_ITEM('',(#3447),#3445);
#3449=DIRECTION('',(-1.E0,0.E0,0.E0));
#3450=VECTOR('',#3449,8.000000000001E-1);
#3451=CARTESIAN_POINT('',(-3.43753E2,1.637999996082E2,3.600000110724E0));
#3452=LINE('',#3451,#3450);
#3453=CURVE_STYLE('',#135,POSITIVE_LENGTH_MEASURE(2.E-2),#119);
#3454=PRESENTATION_STYLE_ASSIGNMENT((#3453));
#3455=STYLED_ITEM('',(#3454),#3452);
#3456=CARTESIAN_POINT('',(-3.43753E2,1.672999996082E2,3.600000110724E0));
#3457=DIRECTION('',(-1.E0,0.E0,0.E0));
#3458=DIRECTION('',(0.E0,1.E0,0.E0));
#3459=AXIS2_PLACEMENT_3D('',#3456,#3457,#3458);
#3461=CURVE_STYLE('',#135,POSITIVE_LENGTH_MEASURE(2.E-2),#119);
#3462=PRESENTATION_STYLE_ASSIGNMENT((#3461));
#3463=STYLED_ITEM('',(#3462),#3460);
#3464=CARTESIAN_POINT('',(-3.43753E2,1.672999996082E2,3.600000110724E0));
#3465=DIRECTION('',(-1.E0,0.E0,0.E0));
#3466=DIRECTION('',(0.E0,-1.E0,0.E0));
#3467=AXIS2_PLACEMENT_3D('',#3464,#3465,#3466);
#3469=CURVE_STYLE('',#135,POSITIVE_LENGTH_MEASURE(2.E-2),#119);
#3470=PRESENTATION_STYLE_ASSIGNMENT((#3469));
#3471=STYLED_ITEM('',(#3470),#3468);
#3472=CARTESIAN_POINT('',(-3.43753E2,1.672999996082E2,3.600000110724E0));
#3473=DIRECTION('',(-1.E0,0.E0,0.E0));
#3474=DIRECTION('',(0.E0,1.E0,0.E0));
#3475=AXIS2_PLACEMENT_3D('',#3472,#3473,#3474);
#3477=CURVE_STYLE('',#135,POSITIVE_LENGTH_MEASURE(2.E-2),#119);
#3478=PRESENTATION_STYLE_ASSIGNMENT((#3477));
#3479=STYLED_ITEM('',(#3478),#3476);
#3480=CARTESIAN_POINT('',(-3.43753E2,1.672999996082E2,3.600000110724E0));
#3481=DIRECTION('',(-1.E0,0.E0,0.E0));
#3482=DIRECTION('',(0.E0,-1.E0,0.E0));
#3483=AXIS2_PLACEMENT_3D('',#3480,#3481,#3482);
#3485=CURVE_STYLE('',#135,POSITIVE_LENGTH_MEASURE(2.E-2),#119);
#3486=PRESENTATION_STYLE_ASSIGNMENT((#3485));
#3487=STYLED_ITEM('',(#3486),#3484);
#3488=CARTESIAN_POINT('',(-3.42553E2,1.672999996082E2,3.600000110724E0));
#3489=DIRECTION('',(-1.E0,0.E0,0.E0));
#3490=DIRECTION('',(0.E0,1.E0,0.E0));
#3491=AXIS2_PLACEMENT_3D('',#3488,#3489,#3490);
#3493=CURVE_STYLE('',#135,POSITIVE_LENGTH_MEASURE(2.E-2),#119);
#3494=PRESENTATION_STYLE_ASSIGNMENT((#3493));
#3495=STYLED_ITEM('',(#3494),#3492);
#3496=CARTESIAN_POINT('',(-3.42553E2,1.672999996082E2,3.600000110724E0));
#3497=DIRECTION('',(-1.E0,0.E0,0.E0));
#3498=DIRECTION('',(0.E0,-1.E0,0.E0));
#3499=AXIS2_PLACEMENT_3D('',#3496,#3497,#3498);
#3501=CURVE_STYLE('',#135,POSITIVE_LENGTH_MEASURE(2.E-2),#119);
#3502=PRESENTATION_STYLE_ASSIGNMENT((#3501));
#3503=STYLED_ITEM('',(#3502),#3500);
#3504=CARTESIAN_POINT('',(-3.42553E2,1.672999996082E2,3.600000110724E0));
#3505=DIRECTION('',(1.E0,0.E0,0.E0));
#3506=DIRECTION('',(0.E0,-1.E0,0.E0));
#3507=AXIS2_PLACEMENT_3D('',#3504,#3505,#3506);
#3509=CURVE_STYLE('',#135,POSITIVE_LENGTH_MEASURE(2.E-2),#119);
#3510=PRESENTATION_STYLE_ASSIGNMENT((#3509));
#3511=STYLED_ITEM('',(#3510),#3508);
#3512=CARTESIAN_POINT('',(-3.42553E2,1.672999996082E2,3.600000110724E0));
#3513=DIRECTION('',(1.E0,0.E0,0.E0));
#3514=DIRECTION('',(0.E0,1.E0,0.E0));
#3515=AXIS2_PLACEMENT_3D('',#3512,#3513,#3514);
#3517=CURVE_STYLE('',#135,POSITIVE_LENGTH_MEASURE(2.E-2),#119);
#3518=PRESENTATION_STYLE_ASSIGNMENT((#3517));
#3519=STYLED_ITEM('',(#3518),#3516);
#3520=DIRECTION('',(-1.E0,0.E0,0.E0));
#3521=VECTOR('',#3520,1.2E0);
#3522=CARTESIAN_POINT('',(-3.42553E2,1.687999996082E2,3.600000110724E0));
#3523=LINE('',#3522,#3521);
#3524=CURVE_STYLE('',#135,POSITIVE_LENGTH_MEASURE(2.E-2),#119);
#3525=PRESENTATION_STYLE_ASSIGNMENT((#3524));
#3526=STYLED_ITEM('',(#3525),#3523);
#3527=DIRECTION('',(-1.E0,0.E0,0.E0));
#3528=VECTOR('',#3527,1.2E0);
#3529=CARTESIAN_POINT('',(-3.42553E2,1.657999996082E2,3.600000110724E0));
#3530=LINE('',#3529,#3528);
#3531=CURVE_STYLE('',#135,POSITIVE_LENGTH_MEASURE(2.E-2),#119);
#3532=PRESENTATION_STYLE_ASSIGNMENT((#3531));
#3533=STYLED_ITEM('',(#3532),#3530);
#3534=CARTESIAN_POINT('',(-3.41553E2,1.672999996082E2,3.600000110724E0));
#3535=DIRECTION('',(1.E0,0.E0,0.E0));
#3536=DIRECTION('',(0.E0,-1.E0,0.E0));
#3537=AXIS2_PLACEMENT_3D('',#3534,#3535,#3536);
#3539=CURVE_STYLE('',#135,POSITIVE_LENGTH_MEASURE(2.E-2),#119);
#3540=PRESENTATION_STYLE_ASSIGNMENT((#3539));
#3541=STYLED_ITEM('',(#3540),#3538);
#3542=CARTESIAN_POINT('',(-3.41053E2,1.672999996082E2,3.600000110724E0));
#3543=DIRECTION('',(1.E0,0.E0,0.E0));
#3544=DIRECTION('',(0.E0,-1.E0,0.E0));
#3545=AXIS2_PLACEMENT_3D('',#3542,#3543,#3544);
#3547=CURVE_STYLE('',#135,POSITIVE_LENGTH_MEASURE(2.E-2),#119);
#3548=PRESENTATION_STYLE_ASSIGNMENT((#3547));
#3549=STYLED_ITEM('',(#3548),#3546);
#3550=CARTESIAN_POINT('',(-3.41053E2,1.672999996082E2,3.600000110724E0));
#3551=DIRECTION('',(1.E0,0.E0,0.E0));
#3552=DIRECTION('',(0.E0,1.E0,0.E0));
#3553=AXIS2_PLACEMENT_3D('',#3550,#3551,#3552);
#3555=CURVE_STYLE('',#135,POSITIVE_LENGTH_MEASURE(2.E-2),#119);
#3556=PRESENTATION_STYLE_ASSIGNMENT((#3555));
#3557=STYLED_ITEM('',(#3556),#3554);
#3558=CARTESIAN_POINT('',(-3.41053E2,1.672999996082E2,3.600000110724E0));
#3559=DIRECTION('',(1.E0,0.E0,0.E0));
#3560=DIRECTION('',(0.E0,-1.E0,0.E0));
#3561=AXIS2_PLACEMENT_3D('',#3558,#3559,#3560);
#3563=CURVE_STYLE('',#135,POSITIVE_LENGTH_MEASURE(2.E-2),#119);
#3564=PRESENTATION_STYLE_ASSIGNMENT((#3563));
#3565=STYLED_ITEM('',(#3564),#3562);
#3566=CARTESIAN_POINT('',(-3.41053E2,1.672999996082E2,3.600000110724E0));
#3567=DIRECTION('',(1.E0,0.E0,0.E0));
#3568=DIRECTION('',(0.E0,1.E0,0.E0));
#3569=AXIS2_PLACEMENT_3D('',#3566,#3567,#3568);
#3571=CURVE_STYLE('',#135,POSITIVE_LENGTH_MEASURE(2.E-2),#119);
#3572=PRESENTATION_STYLE_ASSIGNMENT((#3571));
#3573=STYLED_ITEM('',(#3572),#3570);
#3574=DIRECTION('',(7.071067811865E-1,-7.071067811866E-1,0.E0));
#3575=VECTOR('',#3574,7.071067811866E-1);
#3576=CARTESIAN_POINT('',(-3.41553E2,1.647499996082E2,3.600000110724E0));
#3577=LINE('',#3576,#3575);
#3578=CURVE_STYLE('',#135,POSITIVE_LENGTH_MEASURE(2.E-2),#119);
#3579=PRESENTATION_STYLE_ASSIGNMENT((#3578));
#3580=STYLED_ITEM('',(#3579),#3577);
#3581=DIRECTION('',(7.071067811866E-1,7.071067811865E-1,0.E0));
#3582=VECTOR('',#3581,7.071067811865E-1);
#3583=CARTESIAN_POINT('',(-3.41553E2,1.698499996082E2,3.600000110724E0));
#3584=LINE('',#3583,#3582);
#3585=CURVE_STYLE('',#135,POSITIVE_LENGTH_MEASURE(2.E-2),#119);
#3586=PRESENTATION_STYLE_ASSIGNMENT((#3585));
#3587=STYLED_ITEM('',(#3586),#3584);
#3588=CARTESIAN_POINT('',(-3.41553E2,1.672999996082E2,3.600000110724E0));
#3589=DIRECTION('',(1.E0,0.E0,0.E0));
#3590=DIRECTION('',(0.E0,1.E0,0.E0));
#3591=AXIS2_PLACEMENT_3D('',#3588,#3589,#3590);
#3593=CURVE_STYLE('',#135,POSITIVE_LENGTH_MEASURE(2.E-2),#119);
#3594=PRESENTATION_STYLE_ASSIGNMENT((#3593));
#3595=STYLED_ITEM('',(#3594),#3592);
#3596=DIRECTION('',(1.E0,2.842170943041E-14,0.E0));
#3597=VECTOR('',#3596,9.999999999999E-1);
#3598=CARTESIAN_POINT('',(-3.42553E2,1.647499996082E2,3.600000110724E0));
#3599=LINE('',#3598,#3597);
#3600=CURVE_STYLE('',#135,POSITIVE_LENGTH_MEASURE(2.E-2),#119);
#3601=PRESENTATION_STYLE_ASSIGNMENT((#3600));
#3602=STYLED_ITEM('',(#3601),#3599);
#3603=DIRECTION('',(1.E0,2.842170943041E-14,0.E0));
#3604=VECTOR('',#3603,9.999999999999E-1);
#3605=CARTESIAN_POINT('',(-3.42553E2,1.698499996082E2,3.600000110724E0));
#3606=LINE('',#3605,#3604);
#3607=CURVE_STYLE('',#135,POSITIVE_LENGTH_MEASURE(2.E-2),#119);
#3608=PRESENTATION_STYLE_ASSIGNMENT((#3607));
#3609=STYLED_ITEM('',(#3608),#3606);
#3610=DIRECTION('',(1.E0,0.E0,0.E0));
#3611=VECTOR('',#3610,1.5E0);
#3612=CARTESIAN_POINT('',(-3.42553E2,1.633999996082E2,3.600000110724E0));
#3613=LINE('',#3612,#3611);
#3614=CURVE_STYLE('',#135,POSITIVE_LENGTH_MEASURE(2.E-2),#119);
#3615=PRESENTATION_STYLE_ASSIGNMENT((#3614));
#3616=STYLED_ITEM('',(#3615),#3613);
#3617=DIRECTION('',(1.E0,0.E0,0.E0));
#3618=VECTOR('',#3617,1.5E0);
#3619=CARTESIAN_POINT('',(-3.42553E2,1.711999996082E2,3.600000110724E0));
#3620=LINE('',#3619,#3618);
#3621=CURVE_STYLE('',#135,POSITIVE_LENGTH_MEASURE(2.E-2),#119);
#3622=PRESENTATION_STYLE_ASSIGNMENT((#3621));
#3623=STYLED_ITEM('',(#3622),#3620);
#3624=CARTESIAN_POINT('',(-3.42553E2,1.672999996082E2,3.600000110724E0));
#3625=DIRECTION('',(1.E0,0.E0,0.E0));
#3626=DIRECTION('',(0.E0,-1.E0,0.E0));
#3627=AXIS2_PLACEMENT_3D('',#3624,#3625,#3626);
#3629=CURVE_STYLE('',#135,POSITIVE_LENGTH_MEASURE(2.E-2),#119);
#3630=PRESENTATION_STYLE_ASSIGNMENT((#3629));
#3631=STYLED_ITEM('',(#3630),#3628);
#3632=CARTESIAN_POINT('',(-3.42553E2,1.672999996082E2,3.600000110724E0));
#3633=DIRECTION('',(1.E0,0.E0,0.E0));
#3634=DIRECTION('',(0.E0,1.E0,0.E0));
#3635=AXIS2_PLACEMENT_3D('',#3632,#3633,#3634);
#3637=CURVE_STYLE('',#135,POSITIVE_LENGTH_MEASURE(2.E-2),#119);
#3638=PRESENTATION_STYLE_ASSIGNMENT((#3637));
#3639=STYLED_ITEM('',(#3638),#3636);
#3640=CARTESIAN_POINT('',(-3.42553E2,1.672999996082E2,3.600000110724E0));
#3641=DIRECTION('',(1.E0,0.E0,0.E0));
#3642=DIRECTION('',(0.E0,-1.E0,0.E0));
#3643=AXIS2_PLACEMENT_3D('',#3640,#3641,#3642);
#3645=CURVE_STYLE('',#135,POSITIVE_LENGTH_MEASURE(2.E-2),#119);
#3646=PRESENTATION_STYLE_ASSIGNMENT((#3645));
#3647=STYLED_ITEM('',(#3646),#3644);
#3648=CARTESIAN_POINT('',(-3.42553E2,1.672999996082E2,3.600000110724E0));
#3649=DIRECTION('',(1.E0,0.E0,0.E0));
#3650=DIRECTION('',(0.E0,1.E0,0.E0));
#3651=AXIS2_PLACEMENT_3D('',#3648,#3649,#3650);
#3653=CURVE_STYLE('',#135,POSITIVE_LENGTH_MEASURE(2.E-2),#119);
#3654=PRESENTATION_STYLE_ASSIGNMENT((#3653));
#3655=STYLED_ITEM('',(#3654),#3652);
#3656=DIRECTION('',(1.E0,0.E0,0.E0));
#3657=VECTOR('',#3656,1.E0);
#3658=CARTESIAN_POINT('',(-3.43553E2,1.625999996082E2,3.600000110724E0));
#3659=LINE('',#3658,#3657);
#3660=CURVE_STYLE('',#135,POSITIVE_LENGTH_MEASURE(2.E-2),#119);
#3661=PRESENTATION_STYLE_ASSIGNMENT((#3660));
#3662=STYLED_ITEM('',(#3661),#3659);
#3663=DIRECTION('',(1.E0,0.E0,0.E0));
#3664=VECTOR('',#3663,1.E0);
#3665=CARTESIAN_POINT('',(-3.43553E2,1.719999996082E2,3.600000110724E0));
#3666=LINE('',#3665,#3664);
#3667=CURVE_STYLE('',#135,POSITIVE_LENGTH_MEASURE(2.E-2),#119);
#3668=PRESENTATION_STYLE_ASSIGNMENT((#3667));
#3669=STYLED_ITEM('',(#3668),#3666);
#3670=DIRECTION('',(1.E0,1.671865260612E-14,0.E0));
#3671=VECTOR('',#3670,1.7E0);
#3672=CARTESIAN_POINT('',(-3.44553E2,1.905774528066E2,1.271496260167E1));
#3673=LINE('',#3672,#3671);
#3674=CURVE_STYLE('',#135,POSITIVE_LENGTH_MEASURE(2.E-2),#119);
#3675=PRESENTATION_STYLE_ASSIGNMENT((#3674));
#3676=STYLED_ITEM('',(#3675),#3673);
#3677=CARTESIAN_POINT('',(-3.44553E2,1.905774528066E2,1.271496260167E1));
#3678=CARTESIAN_POINT('',(-3.446010293185E2,1.905774528066E2,1.271496260167E1));
#3679=CARTESIAN_POINT('',(-3.446806859735E2,1.905669098157E2,1.270239795444E1));
#3680=CARTESIAN_POINT('',(-3.448086972940E2,1.905257033030E2,1.265328994491E1));
#3681=CARTESIAN_POINT('',(-3.449279043205E2,1.904479648484E2,1.256064486230E1));
#3682=CARTESIAN_POINT('',(-3.450233563675E2,1.903240843364E2,1.241300981710E1));
#3683=CARTESIAN_POINT('',(-3.45053E2,1.902196482927E2,1.228854778680E1));
#3684=CARTESIAN_POINT('',(-3.45053E2,1.901579029910E2,1.221496260167E1));
#3686=CURVE_STYLE('',#135,POSITIVE_LENGTH_MEASURE(2.E-2),#119);
#3687=PRESENTATION_STYLE_ASSIGNMENT((#3686));
#3688=STYLED_ITEM('',(#3687),#3685);
#3689=DIRECTION('',(1.E0,0.E0,0.E0));
#3690=VECTOR('',#3689,7.245E0);
#3691=CARTESIAN_POINT('',(-3.52298E2,1.787808604574E2,-1.343668710811E0));
#3692=LINE('',#3691,#3690);
#3693=CURVE_STYLE('',#135,POSITIVE_LENGTH_MEASURE(2.E-2),#119);
#3694=PRESENTATION_STYLE_ASSIGNMENT((#3693));
#3695=STYLED_ITEM('',(#3694),#3692);
#3696=DIRECTION('',(0.E0,-6.427876938745E-1,-7.660443724769E-1));
#3697=VECTOR('',#3696,3.218638996621E1);
#3698=CARTESIAN_POINT('',(-3.52298E2,1.994698758379E2,2.331253419315E1));
#3699=LINE('',#3698,#3697);
#3700=CURVE_STYLE('',#135,POSITIVE_LENGTH_MEASURE(2.E-2),#119);
#3701=PRESENTATION_STYLE_ASSIGNMENT((#3700));
#3702=STYLED_ITEM('',(#3701),#3699);
#3703=CARTESIAN_POINT('',(-3.52798E2,1.794335641021E2,-1.343668710811E0));
#3704=CARTESIAN_POINT('',(-3.52798E2,1.793375054650E2,-1.343668710811E0));
#3705=CARTESIAN_POINT('',(-3.527683563675E2,1.791750318234E2,
-1.343668710811E0));
#3706=CARTESIAN_POINT('',(-3.526729043205E2,1.789823079592E2,
-1.343668710811E0));
#3707=CARTESIAN_POINT('',(-3.525536972940E2,1.788613683931E2,
-1.343668710811E0));
#3708=CARTESIAN_POINT('',(-3.524256859735E2,1.787972624395E2,
-1.343668710811E0));
#3709=CARTESIAN_POINT('',(-3.523460293185E2,1.787808604574E2,
-1.343668710811E0));
#3710=CARTESIAN_POINT('',(-3.52298E2,1.787808604574E2,-1.343668710811E0));
#3712=CURVE_STYLE('',#135,POSITIVE_LENGTH_MEASURE(2.E-2),#119);
#3713=PRESENTATION_STYLE_ASSIGNMENT((#3712));
#3714=STYLED_ITEM('',(#3713),#3711);
#3715=CARTESIAN_POINT('',(-3.52298E2,2.059706763921E2,2.818616442761E1));
#3716=CARTESIAN_POINT('',(-3.523182167620E2,2.059706719761E2,2.818616248753E1));
#3717=CARTESIAN_POINT('',(-3.523589675706E2,2.059716793843E2,2.818384565810E1));
#3718=CARTESIAN_POINT('',(-3.524188711639E2,2.059761136325E2,2.817372299393E1));
#3719=CARTESIAN_POINT('',(-3.524769789657E2,2.059834164847E2,2.815707611930E1));
#3720=CARTESIAN_POINT('',(-3.525323875854E2,2.059936082712E2,2.813385940743E1));
#3721=CARTESIAN_POINT('',(-3.525837753604E2,2.060062156351E2,2.810515062392E1));
#3722=CARTESIAN_POINT('',(-3.526311114378E2,2.060211166045E2,2.807122732400E1));
#3723=CARTESIAN_POINT('',(-3.526734650655E2,2.060382091583E2,2.803232179759E1));
#3724=CARTESIAN_POINT('',(-3.527102355141E2,2.060572164081E2,2.798906425138E1));
#3725=CARTESIAN_POINT('',(-3.527412984329E2,2.060777966175E2,2.794223241805E1));
#3726=CARTESIAN_POINT('',(-3.527664036429E2,2.060999532833E2,2.789181841417E1));
#3727=CARTESIAN_POINT('',(-3.527844429600E2,2.061232029594E2,2.783892223834E1));
#3728=CARTESIAN_POINT('',(-3.527954600293E2,2.061472209517E2,2.778428297222E1));
#3729=CARTESIAN_POINT('',(-3.527979993778E2,2.061636341219E2,2.774694655330E1));
#3730=CARTESIAN_POINT('',(-3.527979999999E2,2.061717871997E2,2.772840143893E1));
#3732=CURVE_STYLE('',#135,POSITIVE_LENGTH_MEASURE(2.E-2),#119);
#3733=PRESENTATION_STYLE_ASSIGNMENT((#3732));
#3734=STYLED_ITEM('',(#3733),#3731);
#3735=CARTESIAN_POINT('',(-3.52298E2,2.131578179854E2,1.182698698570E1));
#3736=DIRECTION('',(-1.E0,0.E0,0.E0));
#3737=DIRECTION('',(0.E0,-7.660444431190E-1,6.427876096865E-1));
#3738=AXIS2_PLACEMENT_3D('',#3735,#3736,#3737);
#3740=CURVE_STYLE('',#135,POSITIVE_LENGTH_MEASURE(2.E-2),#119);
#3741=PRESENTATION_STYLE_ASSIGNMENT((#3740));
#3742=STYLED_ITEM('',(#3741),#3739);
#3743=CARTESIAN_POINT('',(-3.52298E2,1.998528953498E2,2.299114266208E1));
#3744=DIRECTION('',(0.E0,-6.427876096865E-1,-7.660444431190E-1));
#3745=DIRECTION('',(0.E0,-7.660444431190E-1,6.427876096865E-1));
#3746=AXIS2_PLACEMENT_3D('',#3743,#3744,#3745);
#3748=CURVE_STYLE('',#135,POSITIVE_LENGTH_MEASURE(2.E-2),#119);
#3749=PRESENTATION_STYLE_ASSIGNMENT((#3748));
#3750=STYLED_ITEM('',(#3749),#3747);
#3751=CARTESIAN_POINT('',(-3.52298E2,2.057695625706E2,2.864393427241E1));
#3752=DIRECTION('',(-1.E0,0.E0,0.E0));
#3753=DIRECTION('',(0.E0,1.E0,0.E0));
#3754=AXIS2_PLACEMENT_3D('',#3751,#3752,#3753);
#3756=CURVE_STYLE('',#135,POSITIVE_LENGTH_MEASURE(2.E-2),#119);
#3757=PRESENTATION_STYLE_ASSIGNMENT((#3756));
#3758=STYLED_ITEM('',(#3757),#3755);
#3759=CARTESIAN_POINT('',(-3.522979999999E2,2.062695465623E2,2.864393464193E1));
#3760=CARTESIAN_POINT('',(-3.523139932054E2,2.062695465623E2,2.864395467068E1));
#3761=CARTESIAN_POINT('',(-3.523468426226E2,2.062711038220E2,2.864561332826E1));
#3762=CARTESIAN_POINT('',(-3.523982491343E2,2.062787501969E2,2.865309577676E1));
#3763=CARTESIAN_POINT('',(-3.524509402234E2,2.062924518308E2,2.866515374952E1));
#3764=CARTESIAN_POINT('',(-3.525035824217E2,2.063125924052E2,2.868195658042E1));
#3765=CARTESIAN_POINT('',(-3.525548840676E2,2.063392666790E2,2.870380984056E1));
#3766=CARTESIAN_POINT('',(-3.526040901636E2,2.063726753128E2,2.873075092096E1));
#3767=CARTESIAN_POINT('',(-3.526502068627E2,2.064128643193E2,2.876267671700E1));
#3768=CARTESIAN_POINT('',(-3.526922380158E2,2.064598271388E2,2.879931731760E1));
#3769=CARTESIAN_POINT('',(-3.527288086639E2,2.065130273480E2,2.884093252894E1));
#3770=CARTESIAN_POINT('',(-3.527585346811E2,2.065712035488E2,2.888781874895E1));
#3771=CARTESIAN_POINT('',(-3.527807451270E2,2.066337182285E2,2.893865123076E1));
#3772=CARTESIAN_POINT('',(-3.527947334349E2,2.067001147115E2,2.899272515502E1));
#3773=CARTESIAN_POINT('',(-3.52798E2,2.067462444629E2,2.902976624568E1));
#3774=CARTESIAN_POINT('',(-3.52798E2,2.067695623619E2,2.904863239624E1));
#3776=CURVE_STYLE('',#135,POSITIVE_LENGTH_MEASURE(2.E-2),#119);
#3777=PRESENTATION_STYLE_ASSIGNMENT((#3776));
#3778=STYLED_ITEM('',(#3777),#3775);
#3779=DIRECTION('',(0.E0,-4.298455056012E-8,-1.E0));
#3780=VECTOR('',#3779,4.854639401304E0);
#3781=CARTESIAN_POINT('',(-3.52798E2,2.067695625706E2,3.390327179754E1));
#3782=LINE('',#3781,#3780);
#3783=CURVE_STYLE('',#135,POSITIVE_LENGTH_MEASURE(2.E-2),#119);
#3784=PRESENTATION_STYLE_ASSIGNMENT((#3783));
#3785=STYLED_ITEM('',(#3784),#3782);
#3786=DIRECTION('',(2.309690033378E-11,-3.043783783007E-6,-9.999999999954E-1));
#3787=VECTOR('',#3786,5.259337155638E0);
#3788=CARTESIAN_POINT('',(-3.52298E2,2.062695625706E2,3.390327179754E1));
#3789=LINE('',#3788,#3787);
#3790=CURVE_STYLE('',#135,POSITIVE_LENGTH_MEASURE(2.E-2),#119);
#3791=PRESENTATION_STYLE_ASSIGNMENT((#3790));
#3792=STYLED_ITEM('',(#3791),#3789);
#3793=CARTESIAN_POINT('',(-3.52298E2,2.067695625706E2,3.390327179754E1));
#3794=DIRECTION('',(0.E0,0.E0,-1.E0));
#3795=DIRECTION('',(0.E0,-1.E0,0.E0));
#3796=AXIS2_PLACEMENT_3D('',#3793,#3794,#3795);
#3798=CURVE_STYLE('',#135,POSITIVE_LENGTH_MEASURE(2.E-2),#119);
#3799=PRESENTATION_STYLE_ASSIGNMENT((#3798));
#3800=STYLED_ITEM('',(#3799),#3797);
#3801=CARTESIAN_POINT('',(-3.52298E2,2.067695625706E2,3.390327179754E1));
#3802=DIRECTION('',(0.E0,9.579753740389E-1,2.868504536079E-1));
#3803=DIRECTION('',(-1.E0,0.E0,4.263256414561E-14));
#3804=AXIS2_PLACEMENT_3D('',#3801,#3802,#3803);
#3806=CURVE_STYLE('',#135,POSITIVE_LENGTH_MEASURE(2.E-2),#119);
#3807=PRESENTATION_STYLE_ASSIGNMENT((#3806));
#3808=STYLED_ITEM('',(#3807),#3805);
#3809=CARTESIAN_POINT('',(-3.52298E2,2.067695625706E2,3.390327179754E1));
#3810=DIRECTION('',(1.E0,0.E0,0.E0));
#3811=DIRECTION('',(0.E0,-9.600541047732E-1,2.798144312006E-1));
#3812=AXIS2_PLACEMENT_3D('',#3809,#3810,#3811);
#3814=CURVE_STYLE('',#135,POSITIVE_LENGTH_MEASURE(2.E-2),#119);
#3815=PRESENTATION_STYLE_ASSIGNMENT((#3814));
#3816=STYLED_ITEM('',(#3815),#3813);
#3817=CARTESIAN_POINT('',(-3.52298E2,2.094946418799E2,3.430250574417E1));
#3818=DIRECTION('',(0.E0,-1.E0,0.E0));
#3819=DIRECTION('',(0.E0,0.E0,1.E0));
#3820=AXIS2_PLACEMENT_3D('',#3817,#3818,#3819);
#3822=CURVE_STYLE('',#135,POSITIVE_LENGTH_MEASURE(2.E-2),#119);
#3823=PRESENTATION_STYLE_ASSIGNMENT((#3822));
#3824=STYLED_ITEM('',(#3823),#3821);
#3825=CARTESIAN_POINT('',(-3.52298E2,2.094946418799E2,2.480250574417E1));
#3826=DIRECTION('',(1.E0,0.E0,0.E0));
#3827=DIRECTION('',(0.E0,0.E0,1.E0));
#3828=AXIS2_PLACEMENT_3D('',#3825,#3826,#3827);
#3830=CURVE_STYLE('',#135,POSITIVE_LENGTH_MEASURE(2.E-2),#119);
#3831=PRESENTATION_STYLE_ASSIGNMENT((#3830));
#3832=STYLED_ITEM('',(#3831),#3829);
#3833=DIRECTION('',(0.E0,1.E0,0.E0));
#3834=VECTOR('',#3833,2.905358120096E0);
#3835=CARTESIAN_POINT('',(-3.52298E2,2.094946418799E2,3.480250574417E1));
#3836=LINE('',#3835,#3834);
#3837=CURVE_STYLE('',#135,POSITIVE_LENGTH_MEASURE(2.E-2),#119);
#3838=PRESENTATION_STYLE_ASSIGNMENT((#3837));
#3839=STYLED_ITEM('',(#3838),#3836);
#3840=DIRECTION('',(0.E0,1.E0,0.E0));
#3841=VECTOR('',#3840,2.905358120096E0);
#3842=CARTESIAN_POINT('',(-3.52798E2,2.094946418799E2,3.430250574417E1));
#3843=LINE('',#3842,#3841);
#3844=CURVE_STYLE('',#135,POSITIVE_LENGTH_MEASURE(2.E-2),#119);
#3845=PRESENTATION_STYLE_ASSIGNMENT((#3844));
#3846=STYLED_ITEM('',(#3845),#3843);
#3847=CARTESIAN_POINT('',(-3.52298E2,2.124E2,3.430250574417E1));
#3848=DIRECTION('',(0.E0,-1.E0,0.E0));
#3849=DIRECTION('',(-9.045340337333E-1,0.E0,4.264014327112E-1));
#3850=AXIS2_PLACEMENT_3D('',#3847,#3848,#3849);
#3852=CURVE_STYLE('',#135,POSITIVE_LENGTH_MEASURE(2.E-2),#119);
#3853=PRESENTATION_STYLE_ASSIGNMENT((#3852));
#3854=STYLED_ITEM('',(#3853),#3851);
#3855=CARTESIAN_POINT('',(-3.52298E2,2.124E2,3.430250574417E1));
#3856=DIRECTION('',(0.E0,0.E0,-1.E0));
#3857=DIRECTION('',(-1.E0,0.E0,0.E0));
#3858=AXIS2_PLACEMENT_3D('',#3855,#3856,#3857);
#3860=CURVE_STYLE('',#135,POSITIVE_LENGTH_MEASURE(2.E-2),#119);
#3861=PRESENTATION_STYLE_ASSIGNMENT((#3860));
#3862=STYLED_ITEM('',(#3861),#3859);
#3863=CARTESIAN_POINT('',(-3.52298E2,2.124E2,3.430250574417E1));
#3864=DIRECTION('',(-1.E0,0.E0,0.E0));
#3865=DIRECTION('',(0.E0,9.486832980505E-1,3.162277660168E-1));
#3866=AXIS2_PLACEMENT_3D('',#3863,#3864,#3865);
#3868=CURVE_STYLE('',#135,POSITIVE_LENGTH_MEASURE(2.E-2),#119);
#3869=PRESENTATION_STYLE_ASSIGNMENT((#3868));
#3870=STYLED_ITEM('',(#3869),#3867);
#3871=DIRECTION('',(0.E0,0.E0,-1.E0));
#3872=VECTOR('',#3871,2.600782771227E1);
#3873=CARTESIAN_POINT('',(-3.52798E2,2.124E2,3.430250574417E1));
#3874=LINE('',#3873,#3872);
#3875=CURVE_STYLE('',#135,POSITIVE_LENGTH_MEASURE(2.E-2),#119);
#3876=PRESENTATION_STYLE_ASSIGNMENT((#3875));
#3877=STYLED_ITEM('',(#3876),#3874);
#3878=CARTESIAN_POINT('',(-3.52798E2,2.124E2,8.294678031903E0));
#3879=CARTESIAN_POINT('',(-3.52798E2,2.124262232694E2,8.327075345468E0));
#3880=CARTESIAN_POINT('',(-3.527938897855E2,2.124774602812E2,8.389707686996E0));
#3881=CARTESIAN_POINT('',(-3.527768377734E2,2.125500149723E2,8.476729802030E0));
#3882=CARTESIAN_POINT('',(-3.527503192426E2,2.126169201179E2,8.555612491769E0));
#3883=CARTESIAN_POINT('',(-3.527163328832E2,2.126765770322E2,8.624940662986E0));
#3884=CARTESIAN_POINT('',(-3.526766314023E2,2.127286103573E2,8.684555987581E0));
#3885=CARTESIAN_POINT('',(-3.526332720350E2,2.127725456222E2,8.734400162613E0));
#3886=CARTESIAN_POINT('',(-3.525874560563E2,2.128090342146E2,8.775447786171E0));
#3887=CARTESIAN_POINT('',(-3.525397470702E2,2.128388302604E2,8.808736146375E0));
#3888=CARTESIAN_POINT('',(-3.524911123982E2,2.128621986210E2,8.834608875888E0));
#3889=CARTESIAN_POINT('',(-3.524426985477E2,2.128794968449E2,8.853710519524E0));
#3890=CARTESIAN_POINT('',(-3.523941035797E2,2.128914961449E2,8.866970528845E0));
#3891=CARTESIAN_POINT('',(-3.523461711573E2,2.128984518549E2,8.874653739644E0));
#3892=CARTESIAN_POINT('',(-3.523139897644E2,2.129E2,8.876362531163E0));
#3893=CARTESIAN_POINT('',(-3.52298E2,2.129E2,8.876362531163E0));
#3895=CURVE_STYLE('',#135,POSITIVE_LENGTH_MEASURE(2.E-2),#119);
#3896=PRESENTATION_STYLE_ASSIGNMENT((#3895));
#3897=STYLED_ITEM('',(#3896),#3894);
#3898=DIRECTION('',(0.E0,0.E0,-1.E0));
#3899=VECTOR('',#3898,2.542614321301E1);
#3900=CARTESIAN_POINT('',(-3.52298E2,2.129E2,3.430250574417E1));
#3901=LINE('',#3900,#3899);
#3902=CURVE_STYLE('',#135,POSITIVE_LENGTH_MEASURE(2.E-2),#119);
#3903=PRESENTATION_STYLE_ASSIGNMENT((#3902));
#3904=STYLED_ITEM('',(#3903),#3901);
#3905=CARTESIAN_POINT('',(-3.52298E2,2.133999996082E2,3.600000110727E0));
#3906=DIRECTION('',(-1.E0,0.E0,0.E0));
#3907=DIRECTION('',(0.E0,-9.433954871871E-2,9.955400793276E-1));
#3908=AXIS2_PLACEMENT_3D('',#3905,#3906,#3907);
#3910=CURVE_STYLE('',#135,POSITIVE_LENGTH_MEASURE(2.E-2),#119);
#3911=PRESENTATION_STYLE_ASSIGNMENT((#3910));
#3912=STYLED_ITEM('',(#3911),#3909);
#3913=DIRECTION('',(-1.E0,0.E0,1.421085471520E-14));
#3914=VECTOR('',#3913,4.999999999999E-1);
#3915=CARTESIAN_POINT('',(-3.51798E2,2.129E2,8.876362531163E0));
#3916=LINE('',#3915,#3914);
#3917=CURVE_STYLE('',#135,POSITIVE_LENGTH_MEASURE(2.E-2),#119);
#3918=PRESENTATION_STYLE_ASSIGNMENT((#3917));
#3919=STYLED_ITEM('',(#3918),#3916);
#3920=DIRECTION('',(-1.E0,0.E0,0.E0));
#3921=VECTOR('',#3920,1.E0);
#3922=CARTESIAN_POINT('',(-3.51298E2,2.164E2,-7.692100752514E-1));
#3923=LINE('',#3922,#3921);
#3924=CURVE_STYLE('',#135,POSITIVE_LENGTH_MEASURE(2.E-2),#119);
#3925=PRESENTATION_STYLE_ASSIGNMENT((#3924));
#3926=STYLED_ITEM('',(#3925),#3923);
#3927=DIRECTION('',(-1.E0,0.E0,0.E0));
#3928=VECTOR('',#3927,7.045E0);
#3929=CARTESIAN_POINT('',(-3.44253E2,2.155371706355E2,-1.249999889273E0));
#3930=LINE('',#3929,#3928);
#3931=CURVE_STYLE('',#135,POSITIVE_LENGTH_MEASURE(2.E-2),#119);
#3932=PRESENTATION_STYLE_ASSIGNMENT((#3931));
#3933=STYLED_ITEM('',(#3932),#3930);
#3934=DIRECTION('',(-1.E0,0.E0,0.E0));
#3935=VECTOR('',#3934,7.045E0);
#3936=CARTESIAN_POINT('',(-3.44253E2,2.155371706355E2,8.450000110727E0));
#3937=LINE('',#3936,#3935);
#3938=CURVE_STYLE('',#135,POSITIVE_LENGTH_MEASURE(2.E-2),#119);
#3939=PRESENTATION_STYLE_ASSIGNMENT((#3938));
#3940=STYLED_ITEM('',(#3939),#3937);
#3941=DIRECTION('',(0.E0,0.E0,-1.E0));
#3942=VECTOR('',#3941,2.449770008630E1);
#3943=CARTESIAN_POINT('',(-3.51298E2,2.124E2,3.330250574417E1));
#3944=LINE('',#3943,#3942);
#3945=CURVE_STYLE('',#135,POSITIVE_LENGTH_MEASURE(2.E-2),#119);
#3946=PRESENTATION_STYLE_ASSIGNMENT((#3945));
#3947=STYLED_ITEM('',(#3946),#3944);
#3948=CARTESIAN_POINT('',(-3.51798E2,2.129E2,3.380250574417E1));
#3949=CARTESIAN_POINT('',(-3.517722357924E2,2.129E2,3.377674153658E1));
#3950=CARTESIAN_POINT('',(-3.517214916318E2,2.128960646125E2,3.372601088950E1));
#3951=CARTESIAN_POINT('',(-3.516476141953E2,2.128787904395E2,3.365210746710E1));
#3952=CARTESIAN_POINT('',(-3.515797691454E2,2.128517576993E2,3.358429874461E1));
#3953=CARTESIAN_POINT('',(-3.515191867390E2,2.128168583663E2,3.352380205891E1));
#3954=CARTESIAN_POINT('',(-3.514682654540E2,2.127775475896E2,3.347278757592E1));
#3955=CARTESIAN_POINT('',(-3.514249314120E2,2.127347798269E2,3.342943054088E1));
#3956=CARTESIAN_POINT('',(-3.513880502552E2,2.126879180014E2,3.339268705578E1));
#3957=CARTESIAN_POINT('',(-3.513613857904E2,2.126456102402E2,3.336602818228E1));
#3958=CARTESIAN_POINT('',(-3.513361864767E2,2.125941967637E2,3.334068998062E1));
#3959=CARTESIAN_POINT('',(-3.513197335748E2,2.125483339918E2,3.332421867522E1));
#3960=CARTESIAN_POINT('',(-3.513072571499E2,2.125002792586E2,3.331179623220E1));
#3961=CARTESIAN_POINT('',(-3.512995489696E2,2.124490716808E2,3.330409033885E1));
#3962=CARTESIAN_POINT('',(-3.51298E2,2.124162497672E2,3.330250574417E1));
#3963=CARTESIAN_POINT('',(-3.51298E2,2.124E2,3.330250574417E1));
#3965=CURVE_STYLE('',#135,POSITIVE_LENGTH_MEASURE(2.E-2),#119);
#3966=PRESENTATION_STYLE_ASSIGNMENT((#3965));
#3967=STYLED_ITEM('',(#3966),#3964);
#3968=DIRECTION('',(0.E0,0.E0,-1.E0));
#3969=VECTOR('',#3968,2.492614321301E1);
#3970=CARTESIAN_POINT('',(-3.51798E2,2.129E2,3.380250574417E1));
#3971=LINE('',#3970,#3969);
#3972=CURVE_STYLE('',#135,POSITIVE_LENGTH_MEASURE(2.E-2),#119);
#3973=PRESENTATION_STYLE_ASSIGNMENT((#3972));
#3974=STYLED_ITEM('',(#3973),#3971);
#3975=CARTESIAN_POINT('',(-3.51798E2,2.129E2,8.876362531163E0));
#3976=CARTESIAN_POINT('',(-3.517778629129E2,2.129E2,8.876362531163E0));
#3977=CARTESIAN_POINT('',(-3.517375966186E2,2.128975709810E2,8.876138185792E0));
#3978=CARTESIAN_POINT('',(-3.516779134442E2,2.128866167759E2,8.875090624986E0));
#3979=CARTESIAN_POINT('',(-3.516203885325E2,2.128686852750E2,8.873315485019E0));
#3980=CARTESIAN_POINT('',(-3.515652469070E2,2.128438914720E2,8.870768696496E0));
#3981=CARTESIAN_POINT('',(-3.515136742260E2,2.128127568108E2,8.867408001135E0));
#3982=CARTESIAN_POINT('',(-3.514661080012E2,2.127755817128E2,8.863146533050E0));
#3983=CARTESIAN_POINT('',(-3.514233959389E2,2.127329880383E2,8.857919830321E0));
#3984=CARTESIAN_POINT('',(-3.513861078723E2,2.126855886833E2,8.851690623926E0));
#3985=CARTESIAN_POINT('',(-3.513546651113E2,2.126338304092E2,8.844414998274E0));
#3986=CARTESIAN_POINT('',(-3.513296905146E2,2.125786322017E2,8.836076204005E0));
#3987=CARTESIAN_POINT('',(-3.513115290343E2,2.125207270655E2,8.826655547873E0));
#3988=CARTESIAN_POINT('',(-3.513004805651E2,2.124609058442E2,8.816248602515E0));
#3989=CARTESIAN_POINT('',(-3.51298E2,2.124203216156E2,8.808710051124E0));
#3990=CARTESIAN_POINT('',(-3.51298E2,2.124E2,8.804805657871E0));
#3992=CURVE_STYLE('',#135,POSITIVE_LENGTH_MEASURE(2.E-2),#119);
#3993=PRESENTATION_STYLE_ASSIGNMENT((#3992));
#3994=STYLED_ITEM('',(#3993),#3991);
#3995=DIRECTION('',(-1.E0,0.E0,0.E0));
#3996=VECTOR('',#3995,1.0045E1);
#3997=CARTESIAN_POINT('',(-3.41753E2,2.129E2,3.380250574417E1));
#3998=LINE('',#3997,#3996);
#3999=CURVE_STYLE('',#135,POSITIVE_LENGTH_MEASURE(2.E-2),#119);
#4000=PRESENTATION_STYLE_ASSIGNMENT((#3999));
#4001=STYLED_ITEM('',(#4000),#3998);
#4002=DIRECTION('',(-1.E0,0.E0,0.E0));
#4003=VECTOR('',#4002,9.545E0);
#4004=CARTESIAN_POINT('',(-3.41753E2,2.124E2,3.330250574417E1));
#4005=LINE('',#4004,#4003);
#4006=CURVE_STYLE('',#135,POSITIVE_LENGTH_MEASURE(2.E-2),#119);
#4007=PRESENTATION_STYLE_ASSIGNMENT((#4006));
#4008=STYLED_ITEM('',(#4007),#4005);
#4009=CARTESIAN_POINT('',(-3.41753E2,2.124E2,3.380250574417E1));
#4010=DIRECTION('',(1.E0,0.E0,0.E0));
#4011=DIRECTION('',(0.E0,0.E0,-1.E0));
#4012=AXIS2_PLACEMENT_3D('',#4009,#4010,#4011);
#4014=CURVE_STYLE('',#135,POSITIVE_LENGTH_MEASURE(2.E-2),#119);
#4015=PRESENTATION_STYLE_ASSIGNMENT((#4014));
#4016=STYLED_ITEM('',(#4015),#4013);
#4017=DIRECTION('',(0.E0,-1.E0,0.E0));
#4018=VECTOR('',#4017,1.E0);
#4019=CARTESIAN_POINT('',(-3.41753E2,2.124E2,3.330250574417E1));
#4020=LINE('',#4019,#4018);
#4021=CURVE_STYLE('',#135,POSITIVE_LENGTH_MEASURE(2.E-2),#119);
#4022=PRESENTATION_STYLE_ASSIGNMENT((#4021));
#4023=STYLED_ITEM('',(#4022),#4020);
#4024=DIRECTION('',(0.E0,0.E0,-1.E0));
#4025=VECTOR('',#4024,1.130230354089E0);
#4026=CARTESIAN_POINT('',(-3.41753E2,2.114E2,3.443273609826E1));
#4027=LINE('',#4026,#4025);
#4028=CURVE_STYLE('',#135,POSITIVE_LENGTH_MEASURE(2.E-2),#119);
#4029=PRESENTATION_STYLE_ASSIGNMENT((#4028));
#4030=STYLED_ITEM('',(#4029),#4027);
#4031=DIRECTION('',(0.E0,6.409410758457E-1,-7.675900841554E-1));
#4032=VECTOR('',#4031,1.071406610262E1);
#4033=CARTESIAN_POINT('',(-3.41753E2,2.045329149455E2,4.265674699962E1));
#4034=LINE('',#4033,#4032);
#4035=CURVE_STYLE('',#135,POSITIVE_LENGTH_MEASURE(2.E-2),#119);
#4036=PRESENTATION_STYLE_ASSIGNMENT((#4035));
#4037=STYLED_ITEM('',(#4036),#4034);
#4038=DIRECTION('',(0.E0,-8.715574273603E-2,-9.961946980928E-1));
#4039=VECTOR('',#4038,2.789139078447E0);
#4040=CARTESIAN_POINT('',(-3.41753E2,2.047760044334E2,4.543527256181E1));
#4041=LINE('',#4040,#4039);
#4042=CURVE_STYLE('',#135,POSITIVE_LENGTH_MEASURE(2.E-2),#119);
#4043=PRESENTATION_STYLE_ASSIGNMENT((#4042));
#4044=STYLED_ITEM('',(#4043),#4041);
#4045=CARTESIAN_POINT('',(-3.41753E2,2.016629070264E2,4.383570245253E1));
#4046=DIRECTION('',(1.E0,0.E0,0.E0));
#4047=DIRECTION('',(0.E0,8.894564020017E-1,4.570200312221E-1));
#4048=AXIS2_PLACEMENT_3D('',#4045,#4046,#4047);
#4050=CURVE_STYLE('',#135,POSITIVE_LENGTH_MEASURE(2.E-2),#119);
#4051=PRESENTATION_STYLE_ASSIGNMENT((#4050));
#4052=STYLED_ITEM('',(#4051),#4049);
#4053=DIRECTION('',(0.E0,8.715574273603E-2,9.961946980928E-1));
#4054=VECTOR('',#4053,1.180201652272E0);
#4055=CARTESIAN_POINT('',(-3.41753E2,2.004301612271E2,4.711142188409E1));
#4056=LINE('',#4055,#4054);
#4057=CURVE_STYLE('',#135,POSITIVE_LENGTH_MEASURE(2.E-2),#119);
#4058=PRESENTATION_STYLE_ASSIGNMENT((#4057));
#4059=STYLED_ITEM('',(#4058),#4056);
#4060=CARTESIAN_POINT('',(-3.41753E2,2.002341641693E2,4.831327923558E1));
#4061=DIRECTION('',(-1.E0,0.E0,0.E0));
#4062=DIRECTION('',(0.E0,-3.039878419500E-1,9.526759112870E-1));
#4063=AXIS2_PLACEMENT_3D('',#4060,#4061,#4062);
#4065=CURVE_STYLE('',#135,POSITIVE_LENGTH_MEASURE(2.E-2),#119);
#4066=PRESENTATION_STYLE_ASSIGNMENT((#4065));
#4067=STYLED_ITEM('',(#4066),#4064);
#4068=CARTESIAN_POINT('',(-3.41753E2,2.016629070264E2,4.383570245253E1));
#4069=DIRECTION('',(-1.E0,0.E0,0.E0));
#4070=DIRECTION('',(0.E0,-3.039878419494E-1,9.526759112872E-1));
#4071=AXIS2_PLACEMENT_3D('',#4068,#4069,#4070);
#4073=CURVE_STYLE('',#135,POSITIVE_LENGTH_MEASURE(2.E-2),#119);
#4074=PRESENTATION_STYLE_ASSIGNMENT((#4073));
#4075=STYLED_ITEM('',(#4074),#4072);
#4076=CARTESIAN_POINT('',(-3.41753E2,2.059992422932E2,4.564848938272E1));
#4077=DIRECTION('',(-1.E0,0.E0,0.E0));
#4078=DIRECTION('',(0.E0,9.226245248416E-1,3.856993468504E-1));
#4079=AXIS2_PLACEMENT_3D('',#4076,#4077,#4078);
#4081=CURVE_STYLE('',#135,POSITIVE_LENGTH_MEASURE(2.E-2),#119);
#4082=PRESENTATION_STYLE_ASSIGNMENT((#4081));
#4083=STYLED_ITEM('',(#4082),#4080);
#4084=DIRECTION('',(0.E0,-8.715574273603E-2,-9.961946980928E-1));
#4085=VECTOR('',#4084,2.488951254930E0);
#4086=CARTESIAN_POINT('',(-3.41753E2,2.062981007026E2,4.562234265990E1));
#4087=LINE('',#4086,#4085);
#4088=CURVE_STYLE('',#135,POSITIVE_LENGTH_MEASURE(2.E-2),#119);
#4089=PRESENTATION_STYLE_ASSIGNMENT((#4088));
#4090=STYLED_ITEM('',(#4089),#4087);
#4091=DIRECTION('',(0.E0,6.409410758457E-1,-7.675900841554E-1));
#4092=VECTOR('',#4091,1.052998937373E1);
#4093=CARTESIAN_POINT('',(-3.41753E2,2.060811743074E2,4.314286261593E1));
#4094=LINE('',#4093,#4092);
#4095=CURVE_STYLE('',#135,POSITIVE_LENGTH_MEASURE(2.E-2),#119);
#4096=PRESENTATION_STYLE_ASSIGNMENT((#4095));
#4097=STYLED_ITEM('',(#4096),#4094);
#4098=CARTESIAN_POINT('',(-3.41753E2,2.126E2,3.486786486364E1));
#4099=DIRECTION('',(-1.E0,0.E0,0.E0));
#4100=DIRECTION('',(0.E0,7.675900841567E-1,6.409410758442E-1));
#4101=AXIS2_PLACEMENT_3D('',#4098,#4099,#4100);
#4103=CURVE_STYLE('',#135,POSITIVE_LENGTH_MEASURE(2.E-2),#119);
#4104=PRESENTATION_STYLE_ASSIGNMENT((#4103));
#4105=STYLED_ITEM('',(#4104),#4102);
#4106=DIRECTION('',(-5.335611046271E-14,0.E0,-1.E0));
#4107=VECTOR('',#4106,1.065359119468E0);
#4108=CARTESIAN_POINT('',(-3.41753E2,2.129E2,3.486786486364E1));
#4109=LINE('',#4108,#4107);
#4110=CURVE_STYLE('',#135,POSITIVE_LENGTH_MEASURE(2.E-2),#119);
#4111=PRESENTATION_STYLE_ASSIGNMENT((#4110));
#4112=STYLED_ITEM('',(#4111),#4109);
#4113=DIRECTION('',(0.E0,1.E0,0.E0));
#4114=VECTOR('',#4113,2.905358120096E0);
#4115=CARTESIAN_POINT('',(-3.51298E2,2.094946418799E2,3.330250574417E1));
#4116=LINE('',#4115,#4114);
#4117=CURVE_STYLE('',#135,POSITIVE_LENGTH_MEASURE(2.E-2),#119);
#4118=PRESENTATION_STYLE_ASSIGNMENT((#4117));
#4119=STYLED_ITEM('',(#4118),#4116);
#4120=DIRECTION('',(-1.E0,-3.552713678800E-14,0.E0));
#4121=VECTOR('',#4120,8.E-1);
#4122=CARTESIAN_POINT('',(-3.41753E2,2.114E2,3.330250574417E1));
#4123=LINE('',#4122,#4121);
#4124=CURVE_STYLE('',#135,POSITIVE_LENGTH_MEASURE(2.E-2),#119);
#4125=PRESENTATION_STYLE_ASSIGNMENT((#4124));
#4126=STYLED_ITEM('',(#4125),#4123);
#4127=DIRECTION('',(1.E0,0.E0,0.E0));
#4128=VECTOR('',#4127,8.745E0);
#4129=CARTESIAN_POINT('',(-3.51298E2,2.094946418799E2,3.330250574417E1));
#4130=LINE('',#4129,#4128);
#4131=CURVE_STYLE('',#135,POSITIVE_LENGTH_MEASURE(2.E-2),#119);
#4132=PRESENTATION_STYLE_ASSIGNMENT((#4131));
#4133=STYLED_ITEM('',(#4132),#4130);
#4134=DIRECTION('',(1.E0,0.E0,0.E0));
#4135=VECTOR('',#4134,8.745E0);
#4136=CARTESIAN_POINT('',(-3.51298E2,2.081929951138E2,3.320225072222E1));
#4137=LINE('',#4136,#4135);
#4138=CURVE_STYLE('',#135,POSITIVE_LENGTH_MEASURE(2.E-2),#119);
#4139=PRESENTATION_STYLE_ASSIGNMENT((#4138));
#4140=STYLED_ITEM('',(#4139),#4137);
#4141=DIRECTION('',(1.E0,0.E0,0.E0));
#4142=VECTOR('',#4141,8.745E0);
#4143=CARTESIAN_POINT('',(-3.51298E2,2.077695625706E2,3.270814807646E1));
#4144=LINE('',#4143,#4142);
#4145=CURVE_STYLE('',#135,POSITIVE_LENGTH_MEASURE(2.E-2),#119);
#4146=PRESENTATION_STYLE_ASSIGNMENT((#4145));
#4147=STYLED_ITEM('',(#4146),#4144);
#4148=CARTESIAN_POINT('',(-3.42553E2,2.082695625706E2,3.270814807646E1));
#4149=DIRECTION('',(1.E0,0.E0,0.E0));
#4150=DIRECTION('',(0.E0,-1.531349136593E-1,9.882052915354E-1));
#4151=AXIS2_PLACEMENT_3D('',#4148,#4149,#4150);
#4153=CURVE_STYLE('',#135,POSITIVE_LENGTH_MEASURE(2.E-2),#119);
#4154=PRESENTATION_STYLE_ASSIGNMENT((#4153));
#4155=STYLED_ITEM('',(#4154),#4152);
#4156=CARTESIAN_POINT('',(-3.42553E2,2.072695625706E2,3.270814807646E1));
#4157=DIRECTION('',(0.E0,0.E0,-1.E0));
#4158=DIRECTION('',(0.E0,1.E0,0.E0));
#4159=AXIS2_PLACEMENT_3D('',#4156,#4157,#4158);
#4161=CURVE_STYLE('',#135,POSITIVE_LENGTH_MEASURE(2.E-2),#119);
#4162=PRESENTATION_STYLE_ASSIGNMENT((#4161));
#4163=STYLED_ITEM('',(#4162),#4160);
#4164=DIRECTION('',(1.013504520556E-14,0.E0,1.E0));
#4165=VECTOR('',#4164,5.608600426336E0);
#4166=CARTESIAN_POINT('',(-3.42053E2,2.072695625706E2,2.709954765012E1));
#4167=LINE('',#4166,#4165);
#4168=CURVE_STYLE('',#135,POSITIVE_LENGTH_MEASURE(2.E-2),#119);
#4169=PRESENTATION_STYLE_ASSIGNMENT((#4168));
#4170=STYLED_ITEM('',(#4169),#4167);
#4171=DIRECTION('',(0.E0,0.E0,1.E0));
#4172=VECTOR('',#4171,5.608600426336E0);
#4173=CARTESIAN_POINT('',(-3.42553E2,2.077695625706E2,2.709954765012E1));
#4174=LINE('',#4173,#4172);
#4175=CURVE_STYLE('',#135,POSITIVE_LENGTH_MEASURE(2.E-2),#119);
#4176=PRESENTATION_STYLE_ASSIGNMENT((#4175));
#4177=STYLED_ITEM('',(#4176),#4174);
#4178=DIRECTION('',(0.E0,0.E0,1.E0));
#4179=VECTOR('',#4178,5.608600426336E0);
#4180=CARTESIAN_POINT('',(-3.51298E2,2.077695625706E2,2.709954765012E1));
#4181=LINE('',#4180,#4179);
#4182=CURVE_STYLE('',#135,POSITIVE_LENGTH_MEASURE(2.E-2),#119);
#4183=PRESENTATION_STYLE_ASSIGNMENT((#4182));
#4184=STYLED_ITEM('',(#4183),#4181);
#4185=DIRECTION('',(-1.E0,0.E0,0.E0));
#4186=VECTOR('',#4185,8.745E0);
#4187=CARTESIAN_POINT('',(-3.42553E2,2.077695625706E2,2.709954765012E1));
#4188=LINE('',#4187,#4186);
#4189=CURVE_STYLE('',#135,POSITIVE_LENGTH_MEASURE(2.E-2),#119);
#4190=PRESENTATION_STYLE_ASSIGNMENT((#4189));
#4191=STYLED_ITEM('',(#4190),#4188);
#4192=CARTESIAN_POINT('',(-3.42553E2,2.072695625706E2,2.709954765012E1));
#4193=DIRECTION('',(-1.E0,0.E0,0.E0));
#4194=DIRECTION('',(0.E0,1.E0,0.E0));
#4195=AXIS2_PLACEMENT_3D('',#4192,#4193,#4194);
#4197=CURVE_STYLE('',#135,POSITIVE_LENGTH_MEASURE(2.E-2),#119);
#4198=PRESENTATION_STYLE_ASSIGNMENT((#4197));
#4199=STYLED_ITEM('',(#4198),#4196);
#4200=CARTESIAN_POINT('',(-3.42553E2,2.072695625706E2,2.709954765012E1));
#4201=DIRECTION('',(0.E0,-9.330547644181E-1,-3.597343555969E-1));
#4202=DIRECTION('',(0.E0,3.597343555969E-1,-9.330547644181E-1));
#4203=AXIS2_PLACEMENT_3D('',#4200,#4201,#4202);
#4205=CURVE_STYLE('',#135,POSITIVE_LENGTH_MEASURE(2.E-2),#119);
#4206=PRESENTATION_STYLE_ASSIGNMENT((#4205));
#4207=STYLED_ITEM('',(#4206),#4204);
#4208=CARTESIAN_POINT('',(-3.42553E2,2.072695625706E2,2.709954765012E1));
#4209=DIRECTION('',(0.E0,0.E0,1.E0));
#4210=DIRECTION('',(3.515698439073E-1,9.361616553005E-1,0.E0));
#4211=AXIS2_PLACEMENT_3D('',#4208,#4209,#4210);
#4213=CURVE_STYLE('',#135,POSITIVE_LENGTH_MEASURE(2.E-2),#119);
#4214=PRESENTATION_STYLE_ASSIGNMENT((#4213));
#4215=STYLED_ITEM('',(#4214),#4212);
#4216=CARTESIAN_POINT('',(-3.42553E2,2.131578179854E2,1.182698698570E1));
#4217=DIRECTION('',(-1.E0,0.E0,0.E0));
#4218=DIRECTION('',(0.E0,-7.660444431190E-1,6.427876096865E-1));
#4219=AXIS2_PLACEMENT_3D('',#4216,#4217,#4218);
#4221=CURVE_STYLE('',#135,POSITIVE_LENGTH_MEASURE(2.E-2),#119);
#4222=PRESENTATION_STYLE_ASSIGNMENT((#4221));
#4223=STYLED_ITEM('',(#4222),#4220);
#4224=CARTESIAN_POINT('',(-3.42553E2,2.006189395880E2,2.234835522436E1));
#4225=DIRECTION('',(0.E0,-6.427876096865E-1,-7.660444431190E-1));
#4226=DIRECTION('',(0.E0,7.660444431190E-1,-6.427876096865E-1));
#4227=AXIS2_PLACEMENT_3D('',#4224,#4225,#4226);
#4229=CURVE_STYLE('',#135,POSITIVE_LENGTH_MEASURE(2.E-2),#119);
#4230=PRESENTATION_STYLE_ASSIGNMENT((#4229));
#4231=STYLED_ITEM('',(#4230),#4228);
#4232=CARTESIAN_POINT('',(-3.42553E2,2.072695625706E2,2.709954765012E1));
#4233=DIRECTION('',(8.948166626776E-1,-3.360429821518E-1,2.939017766892E-1));
#4234=DIRECTION('',(4.464338027016E-1,6.735530732341E-1,-5.890866806696E-1));
#4235=AXIS2_PLACEMENT_3D('',#4232,#4233,#4234);
#4237=CURVE_STYLE('',#135,POSITIVE_LENGTH_MEASURE(2.E-2),#119);
#4238=PRESENTATION_STYLE_ASSIGNMENT((#4237));
#4239=STYLED_ITEM('',(#4238),#4236);
#4240=CARTESIAN_POINT('',(-3.42553E2,2.072695625706E2,2.709954765012E1));
#4241=DIRECTION('',(-8.948166626776E-1,3.360429821517E-1,-2.939017766894E-1));
#4242=DIRECTION('',(4.464338027016E-1,6.735530732341E-1,-5.890866806696E-1));
#4243=AXIS2_PLACEMENT_3D('',#4240,#4241,#4242);
#4245=CURVE_STYLE('',#135,POSITIVE_LENGTH_MEASURE(2.E-2),#119);
#4246=PRESENTATION_STYLE_ASSIGNMENT((#4245));
#4247=STYLED_ITEM('',(#4246),#4244);
#4248=CARTESIAN_POINT('',(-3.42553E2,2.072695625706E2,2.709954765012E1));
#4249=DIRECTION('',(0.E0,-9.330547644181E-1,-3.597343555969E-1));
#4250=DIRECTION('',(4.039316587158E-1,3.290810905199E-1,-8.535483881710E-1));
#4251=AXIS2_PLACEMENT_3D('',#4248,#4249,#4250);
#4253=CURVE_STYLE('',#135,POSITIVE_LENGTH_MEASURE(2.E-2),#119);
#4254=PRESENTATION_STYLE_ASSIGNMENT((#4253));
#4255=STYLED_ITEM('',(#4254),#4252);
#4256=CARTESIAN_POINT('',(-3.42553E2,2.072695625706E2,2.709954765012E1));
#4257=DIRECTION('',(0.E0,0.E0,1.E0));
#4258=DIRECTION('',(1.E0,0.E0,0.E0));
#4259=AXIS2_PLACEMENT_3D('',#4256,#4257,#4258);
#4261=CURVE_STYLE('',#135,POSITIVE_LENGTH_MEASURE(2.E-2),#119);
#4262=PRESENTATION_STYLE_ASSIGNMENT((#4261));
#4263=STYLED_ITEM('',(#4262),#4260);
#4264=DIRECTION('',(-1.E0,0.E0,0.E0));
#4265=VECTOR('',#4264,8.745E0);
#4266=CARTESIAN_POINT('',(-3.42553E2,2.074494297484E2,2.663302026791E1));
#4267=LINE('',#4266,#4265);
#4268=CURVE_STYLE('',#135,POSITIVE_LENGTH_MEASURE(2.E-2),#119);
#4269=PRESENTATION_STYLE_ASSIGNMENT((#4268));
#4270=STYLED_ITEM('',(#4269),#4267);
#4271=DIRECTION('',(-9.999999999999E-1,2.635261580898E-7,3.061261603653E-7));
#4272=VECTOR('',#4271,8.745000000001E0);
#4273=CARTESIAN_POINT('',(-3.42553E2,2.010019619120E2,2.202696133353E1));
#4274=LINE('',#4273,#4272);
#4275=CURVE_STYLE('',#135,POSITIVE_LENGTH_MEASURE(2.E-2),#119);
#4276=PRESENTATION_STYLE_ASSIGNMENT((#4275));
#4277=STYLED_ITEM('',(#4276),#4274);
#4278=DIRECTION('',(-1.208229483902E-14,6.427876024265E-1,7.660444492109E-1));
#4279=VECTOR('',#4278,1.411406184459E1);
#4280=CARTESIAN_POINT('',(-3.42553E2,1.919296179385E2,1.121496260167E1));
#4281=LINE('',#4280,#4279);
#4282=CURVE_STYLE('',#135,POSITIVE_LENGTH_MEASURE(2.E-2),#119);
#4283=PRESENTATION_STYLE_ASSIGNMENT((#4282));
#4284=STYLED_ITEM('',(#4283),#4281);
#4285=CARTESIAN_POINT('',(-3.42553E2,2.094946418799E2,3.380250574417E1));
#4286=DIRECTION('',(0.E0,-1.E0,0.E0));
#4287=DIRECTION('',(0.E0,0.E0,-1.E0));
#4288=AXIS2_PLACEMENT_3D('',#4285,#4286,#4287);
#4290=CURVE_STYLE('',#135,POSITIVE_LENGTH_MEASURE(2.E-2),#119);
#4291=PRESENTATION_STYLE_ASSIGNMENT((#4290));
#4292=STYLED_ITEM('',(#4291),#4289);
#4293=CARTESIAN_POINT('',(-3.42553E2,2.094946418799E2,2.480250574417E1));
#4294=DIRECTION('',(1.E0,0.E0,0.E0));
#4295=DIRECTION('',(0.E0,0.E0,1.E0));
#4296=AXIS2_PLACEMENT_3D('',#4293,#4294,#4295);
#4298=CURVE_STYLE('',#135,POSITIVE_LENGTH_MEASURE(2.E-2),#119);
#4299=PRESENTATION_STYLE_ASSIGNMENT((#4298));
#4300=STYLED_ITEM('',(#4299),#4297);
#4301=CARTESIAN_POINT('',(-3.42553E2,2.081164276569E2,3.369635336799E1));
#4302=DIRECTION('',(0.E0,-9.882052915354E-1,-1.531349136593E-1));
#4303=DIRECTION('',(0.E0,1.531349136593E-1,-9.882052915354E-1));
#4304=AXIS2_PLACEMENT_3D('',#4301,#4302,#4303);
#4306=CURVE_STYLE('',#135,POSITIVE_LENGTH_MEASURE(2.E-2),#119);
#4307=PRESENTATION_STYLE_ASSIGNMENT((#4306));
#4308=STYLED_ITEM('',(#4307),#4305);
#4309=DIRECTION('',(0.E0,-1.E0,0.E0));
#4310=VECTOR('',#4309,1.905358120096E0);
#4311=CARTESIAN_POINT('',(-3.42053E2,2.114E2,3.380250574417E1));
#4312=LINE('',#4311,#4310);
#4313=CURVE_STYLE('',#135,POSITIVE_LENGTH_MEASURE(2.E-2),#119);
#4314=PRESENTATION_STYLE_ASSIGNMENT((#4313));
#4315=STYLED_ITEM('',(#4314),#4312);
#4316=DIRECTION('',(-2.983345664066E-14,-1.E0,0.E0));
#4317=VECTOR('',#4316,1.905358120096E0);
#4318=CARTESIAN_POINT('',(-3.42553E2,2.114E2,3.330250574417E1));
#4319=LINE('',#4318,#4317);
#4320=CURVE_STYLE('',#135,POSITIVE_LENGTH_MEASURE(2.E-2),#119);
#4321=PRESENTATION_STYLE_ASSIGNMENT((#4320));
#4322=STYLED_ITEM('',(#4321),#4319);
#4323=DIRECTION('',(0.E0,4.509733503947E-14,1.E0));
#4324=VECTOR('',#4323,6.302303540891E-1);
#4325=CARTESIAN_POINT('',(-3.42053E2,2.114E2,3.380250574417E1));
#4326=LINE('',#4325,#4324);
#4327=CURVE_STYLE('',#135,POSITIVE_LENGTH_MEASURE(2.E-2),#119);
#4328=PRESENTATION_STYLE_ASSIGNMENT((#4327));
#4329=STYLED_ITEM('',(#4328),#4326);
#4330=CARTESIAN_POINT('',(-3.42553E2,2.114E2,3.380250574417E1));
#4331=DIRECTION('',(0.E0,-1.E0,0.E0));
#4332=DIRECTION('',(0.E0,0.E0,-1.E0));
#4333=AXIS2_PLACEMENT_3D('',#4330,#4331,#4332);
#4335=CURVE_STYLE('',#135,POSITIVE_LENGTH_MEASURE(2.E-2),#119);
#4336=PRESENTATION_STYLE_ASSIGNMENT((#4335));
#4337=STYLED_ITEM('',(#4336),#4334);
#4338=DIRECTION('',(1.E0,0.E0,-4.736951571734E-14));
#4339=VECTOR('',#4338,3.E-1);
#4340=CARTESIAN_POINT('',(-3.42053E2,2.045329149455E2,4.265674699962E1));
#4341=LINE('',#4340,#4339);
#4342=CURVE_STYLE('',#135,POSITIVE_LENGTH_MEASURE(2.E-2),#119);
#4343=PRESENTATION_STYLE_ASSIGNMENT((#4342));
#4344=STYLED_ITEM('',(#4343),#4341);
#4345=DIRECTION('',(1.E0,0.E0,-7.105427357601E-14));
#4346=VECTOR('',#4345,3.E-1);
#4347=CARTESIAN_POINT('',(-3.42053E2,2.114E2,3.443273609826E1));
#4348=LINE('',#4347,#4346);
#4349=CURVE_STYLE('',#135,POSITIVE_LENGTH_MEASURE(2.E-2),#119);
#4350=PRESENTATION_STYLE_ASSIGNMENT((#4349));
#4351=STYLED_ITEM('',(#4350),#4348);
#4352=DIRECTION('',(1.E0,0.E0,0.E0));
#4353=VECTOR('',#4352,3.753001E0);
#4354=CARTESIAN_POINT('',(-3.41753E2,2.004301612271E2,4.711142188409E1));
#4355=LINE('',#4354,#4353);
#4356=CURVE_STYLE('',#135,POSITIVE_LENGTH_MEASURE(2.E-2),#119);
#4357=PRESENTATION_STYLE_ASSIGNMENT((#4356));
#4358=STYLED_ITEM('',(#4357),#4355);
#4359=DIRECTION('',(1.E0,0.E0,-2.368475785867E-14));
#4360=VECTOR('',#4359,3.E-1);
#4361=CARTESIAN_POINT('',(-3.42053E2,2.047760044334E2,4.543527256181E1));
#4362=LINE('',#4361,#4360);
#4363=CURVE_STYLE('',#135,POSITIVE_LENGTH_MEASURE(2.E-2),#119);
#4364=PRESENTATION_STYLE_ASSIGNMENT((#4363));
#4365=STYLED_ITEM('',(#4364),#4362);
#4366=DIRECTION('',(1.E0,0.E0,0.E0));
#4367=VECTOR('',#4366,4.053001E0);
#4368=CARTESIAN_POINT('',(-3.42053E2,1.988089228784E2,4.586172675714E1));
#4369=LINE('',#4368,#4367);
#4370=CURVE_STYLE('',#135,POSITIVE_LENGTH_MEASURE(2.E-2),#119);
#4371=PRESENTATION_STYLE_ASSIGNMENT((#4370));
#4372=STYLED_ITEM('',(#4371),#4369);
#4373=DIRECTION('',(-1.E0,0.E0,0.E0));
#4374=VECTOR('',#4373,3.753001E0);
#4375=CARTESIAN_POINT('',(-3.37999999E2,2.005330225787E2,4.828713251276E1));
#4376=LINE('',#4375,#4374);
#4377=CURVE_STYLE('',#135,POSITIVE_LENGTH_MEASURE(2.E-2),#119);
#4378=PRESENTATION_STYLE_ASSIGNMENT((#4377));
#4379=STYLED_ITEM('',(#4378),#4376);
#4380=DIRECTION('',(0.E0,-4.075438856241E-13,-1.E0));
#4381=VECTOR('',#4380,6.973901568142E-2);
#4382=CARTESIAN_POINT('',(-3.37999999E2,1.988089228784E2,4.593146577282E1));
#4383=LINE('',#4382,#4381);
#4384=CURVE_STYLE('',#135,POSITIVE_LENGTH_MEASURE(2.E-2),#119);
#4385=PRESENTATION_STYLE_ASSIGNMENT((#4384));
#4386=STYLED_ITEM('',(#4385),#4383);
#4387=DIRECTION('',(0.E0,4.075438856239E-13,1.E0));
#4388=VECTOR('',#4387,6.973901568146E-2);
#4389=CARTESIAN_POINT('',(-3.42053E2,1.988089228784E2,4.586172675714E1));
#4390=LINE('',#4389,#4388);
#4391=CURVE_STYLE('',#135,POSITIVE_LENGTH_MEASURE(2.E-2),#119);
#4392=PRESENTATION_STYLE_ASSIGNMENT((#4391));
#4393=STYLED_ITEM('',(#4392),#4390);
#4394=DIRECTION('',(-1.E0,0.E0,0.E0));
#4395=VECTOR('',#4394,4.053001E0);
#4396=CARTESIAN_POINT('',(-3.37999999E2,1.988089228784E2,4.593146577282E1));
#4397=LINE('',#4396,#4395);
#4398=CURVE_STYLE('',#135,POSITIVE_LENGTH_MEASURE(2.E-2),#119);
#4399=PRESENTATION_STYLE_ASSIGNMENT((#4398));
#4400=STYLED_ITEM('',(#4399),#4397);
#4401=CARTESIAN_POINT('',(-3.42353E2,2.062981007026E2,4.562234265990E1));
#4402=CARTESIAN_POINT('',(-3.423648699403E2,2.062981007026E2,4.562234265991E1));
#4403=CARTESIAN_POINT('',(-3.423872048359E2,2.062979083833E2,4.562014443982E1));
#4404=CARTESIAN_POINT('',(-3.424167408917E2,2.062970908191E2,4.561079963887E1));
#4405=CARTESIAN_POINT('',(-3.424425593276E2,2.062957920427E2,4.559595455656E1));
#4406=CARTESIAN_POINT('',(-3.424723586392E2,2.062934825550E2,4.556955699092E1));
#4407=CARTESIAN_POINT('',(-3.425015570673E2,2.062896320290E2,4.552554527769E1));
#4408=CARTESIAN_POINT('',(-3.425257033845E2,2.062838525148E2,4.545948512754E1));
#4409=CARTESIAN_POINT('',(-3.425409472464E2,2.062772971004E2,4.538455639858E1));
#4410=CARTESIAN_POINT('',(-3.425492779944E2,2.062703487690E2,4.530513660689E1));
#4411=CARTESIAN_POINT('',(-3.425526849702E2,2.062633905032E2,4.522560326501E1));
#4412=CARTESIAN_POINT('',(-3.42553E2,2.062590003589E2,4.517542368595E1));
#4413=CARTESIAN_POINT('',(-3.42553E2,2.062569312919E2,4.515177414182E1));
#4415=CURVE_STYLE('',#135,POSITIVE_LENGTH_MEASURE(2.E-2),#119);
#4416=PRESENTATION_STYLE_ASSIGNMENT((#4415));
#4417=STYLED_ITEM('',(#4416),#4414);
#4418=DIRECTION('',(-8.456387216767E-14,-8.715574273603E-2,-9.961946980928E-1));
#4419=VECTOR('',#4418,2.016585241559E0);
#4420=CARTESIAN_POINT('',(-3.42553E2,2.062569312919E2,4.515177414182E1));
#4421=LINE('',#4420,#4419);
#4422=CURVE_STYLE('',#135,POSITIVE_LENGTH_MEASURE(2.E-2),#119);
#4423=PRESENTATION_STYLE_ASSIGNMENT((#4422));
#4424=STYLED_ITEM('',(#4423),#4421);
#4425=DIRECTION('',(1.E0,0.E0,0.E0));
#4426=VECTOR('',#4425,8.000000000001E-1);
#4427=CARTESIAN_POINT('',(-3.42553E2,2.060811743074E2,4.314286261593E1));
#4428=LINE('',#4427,#4426);
#4429=CURVE_STYLE('',#135,POSITIVE_LENGTH_MEASURE(2.E-2),#119);
#4430=PRESENTATION_STYLE_ASSIGNMENT((#4429));
#4431=STYLED_ITEM('',(#4430),#4428);
#4432=CARTESIAN_POINT('',(-3.42853E2,2.058085888501E2,4.346931055625E1));
#4433=CARTESIAN_POINT('',(-3.42853E2,2.058473278318E2,4.342291680912E1));
#4434=CARTESIAN_POINT('',(-3.428362300140E2,2.059140572222E2,4.334300178984E1));
#4435=CARTESIAN_POINT('',(-3.427804111763E2,2.059944975814E2,4.324666653477E1));
#4436=CARTESIAN_POINT('',(-3.427095851158E2,2.060459497041E2,4.318504754863E1));
#4437=CARTESIAN_POINT('',(-3.426321130770E2,2.060737726556E2,4.315172682315E1));
#4438=CARTESIAN_POINT('',(-3.425832203924E2,2.060811743074E2,4.314286261593E1));
#4439=CARTESIAN_POINT('',(-3.42553E2,2.060811743074E2,4.314286261593E1));
#4441=CURVE_STYLE('',#135,POSITIVE_LENGTH_MEASURE(2.E-2),#119);
#4442=PRESENTATION_STYLE_ASSIGNMENT((#4441));
#4443=STYLED_ITEM('',(#4442),#4440);
#4444=DIRECTION('',(-1.E0,0.E0,0.E0));
#4445=VECTOR('',#4444,6.999999999999E-1);
#4446=CARTESIAN_POINT('',(-3.42853E2,2.089485335418E2,3.970891743900E1));
#4447=LINE('',#4446,#4445);
#4448=CURVE_STYLE('',#135,POSITIVE_LENGTH_MEASURE(2.E-2),#119);
#4449=PRESENTATION_STYLE_ASSIGNMENT((#4448));
#4450=STYLED_ITEM('',(#4449),#4447);
#4451=DIRECTION('',(1.E0,0.E0,0.E0));
#4452=VECTOR('',#4451,1.8E0);
#4453=CARTESIAN_POINT('',(-3.43553E2,2.128302770252E2,3.506014718639E1));
#4454=LINE('',#4453,#4452);
#4455=CURVE_STYLE('',#135,POSITIVE_LENGTH_MEASURE(2.E-2),#119);
#4456=PRESENTATION_STYLE_ASSIGNMENT((#4455));
#4457=STYLED_ITEM('',(#4456),#4454);
#4458=DIRECTION('',(1.E0,0.E0,0.E0));
#4459=VECTOR('',#4458,1.8E0);
#4460=CARTESIAN_POINT('',(-3.43553E2,2.129E2,3.486786486364E1));
#4461=LINE('',#4460,#4459);
#4462=CURVE_STYLE('',#135,POSITIVE_LENGTH_MEASURE(2.E-2),#119);
#4463=PRESENTATION_STYLE_ASSIGNMENT((#4462));
#4464=STYLED_ITEM('',(#4463),#4461);
#4465=CARTESIAN_POINT('',(-3.43553E2,2.067695625706E2,3.390327179754E1));
#4466=DIRECTION('',(1.E0,0.E0,0.E0));
#4467=DIRECTION('',(0.E0,-2.868504536078E-1,9.579753740389E-1));
#4468=AXIS2_PLACEMENT_3D('',#4465,#4466,#4467);
#4470=CURVE_STYLE('',#135,POSITIVE_LENGTH_MEASURE(2.E-2),#119);
#4471=PRESENTATION_STYLE_ASSIGNMENT((#4470));
#4472=STYLED_ITEM('',(#4471),#4469);
#4473=CARTESIAN_POINT('',(-3.43553E2,2.094946418799E2,2.480250574417E1));
#4474=DIRECTION('',(1.E0,0.E0,0.E0));
#4475=DIRECTION('',(0.E0,-9.663381206337E-14,1.E0));
#4476=AXIS2_PLACEMENT_3D('',#4473,#4474,#4475);
#4478=CURVE_STYLE('',#135,POSITIVE_LENGTH_MEASURE(2.E-2),#119);
#4479=PRESENTATION_STYLE_ASSIGNMENT((#4478));
#4480=STYLED_ITEM('',(#4479),#4477);
#4481=CARTESIAN_POINT('',(-3.43553E2,2.124E2,3.430250574417E1));
#4482=DIRECTION('',(-1.E0,0.E0,0.E0));
#4483=DIRECTION('',(0.E0,0.E0,1.E0));
#4484=AXIS2_PLACEMENT_3D('',#4481,#4482,#4483);
#4486=CURVE_STYLE('',#135,POSITIVE_LENGTH_MEASURE(2.E-2),#119);
#4487=PRESENTATION_STYLE_ASSIGNMENT((#4486));
#4488=STYLED_ITEM('',(#4487),#4485);
#4489=CARTESIAN_POINT('',(-3.43553E2,2.126E2,3.486786486364E1));
#4490=DIRECTION('',(-1.E0,0.E0,0.E0));
#4491=DIRECTION('',(0.E0,7.675900841567E-1,6.409410758442E-1));
#4492=AXIS2_PLACEMENT_3D('',#4489,#4490,#4491);
#4494=CURVE_STYLE('',#135,POSITIVE_LENGTH_MEASURE(2.E-2),#119);
#4495=PRESENTATION_STYLE_ASSIGNMENT((#4494));
#4496=STYLED_ITEM('',(#4495),#4493);
#4497=DIRECTION('',(0.E0,-6.409410758457E-1,7.675900841554E-1));
#4498=VECTOR('',#4497,6.056318793797E0);
#4499=CARTESIAN_POINT('',(-3.43553E2,2.128302770252E2,3.506014718639E1));
#4500=LINE('',#4499,#4498);
#4501=CURVE_STYLE('',#135,POSITIVE_LENGTH_MEASURE(2.E-2),#119);
#4502=PRESENTATION_STYLE_ASSIGNMENT((#4501));
#4503=STYLED_ITEM('',(#4502),#4500);
#4504=DIRECTION('',(0.E0,-6.427876096865E-1,-7.660444431190E-1));
#4505=VECTOR('',#4504,4.167738971450E0);
#4506=CARTESIAN_POINT('',(-3.43553E2,2.089485335418E2,3.970891743900E1));
#4507=LINE('',#4506,#4505);
#4508=CURVE_STYLE('',#135,POSITIVE_LENGTH_MEASURE(2.E-2),#119);
#4509=PRESENTATION_STYLE_ASSIGNMENT((#4508));
#4510=STYLED_ITEM('',(#4509),#4507);
#4511=DIRECTION('',(0.E0,0.E0,1.E0));
#4512=VECTOR('',#4511,2.612972362005E0);
#4513=CARTESIAN_POINT('',(-3.43553E2,2.062695625706E2,3.390327179754E1));
#4514=LINE('',#4513,#4512);
#4515=CURVE_STYLE('',#135,POSITIVE_LENGTH_MEASURE(2.E-2),#119);
#4516=PRESENTATION_STYLE_ASSIGNMENT((#4515));
#4517=STYLED_ITEM('',(#4516),#4514);
#4518=DIRECTION('',(9.999999999986E-1,1.694895194861E-6,-3.912288889461E-8));
#4519=VECTOR('',#4518,9.444999999892E0);
#4520=CARTESIAN_POINT('',(-3.522979999999E2,2.062695465623E2,2.864393464193E1));
#4521=LINE('',#4520,#4519);
#4522=CURVE_STYLE('',#135,POSITIVE_LENGTH_MEASURE(2.E-2),#119);
#4523=PRESENTATION_STYLE_ASSIGNMENT((#4522));
#4524=STYLED_ITEM('',(#4523),#4521);
#4525=DIRECTION('',(1.E0,0.E0,0.E0));
#4526=VECTOR('',#4525,9.445E0);
#4527=CARTESIAN_POINT('',(-3.52298E2,2.059706763921E2,2.818616442761E1));
#4528=LINE('',#4527,#4526);
#4529=CURVE_STYLE('',#135,POSITIVE_LENGTH_MEASURE(2.E-2),#119);
#4530=PRESENTATION_STYLE_ASSIGNMENT((#4529));
#4531=STYLED_ITEM('',(#4530),#4528);
#4532=DIRECTION('',(-9.999999999999E-1,5.606198886098E-8,-5.305146525480E-7));
#4533=VECTOR('',#4532,9.445000000001E0);
#4534=CARTESIAN_POINT('',(-3.42853E2,1.994698753084E2,2.331253920386E1));
#4535=LINE('',#4534,#4533);
#4536=CURVE_STYLE('',#135,POSITIVE_LENGTH_MEASURE(2.E-2),#119);
#4537=PRESENTATION_STYLE_ASSIGNMENT((#4536));
#4538=STYLED_ITEM('',(#4537),#4535);
#4539=DIRECTION('',(1.E0,0.E0,0.E0));
#4540=VECTOR('',#4539,8.745E0);
#4541=CARTESIAN_POINT('',(-3.52298E2,2.062695625706E2,3.390327179754E1));
#4542=LINE('',#4541,#4540);
#4543=CURVE_STYLE('',#135,POSITIVE_LENGTH_MEASURE(2.E-2),#119);
#4544=PRESENTATION_STYLE_ASSIGNMENT((#4543));
#4545=STYLED_ITEM('',(#4544),#4542);
#4546=DIRECTION('',(1.E0,0.E0,0.E0));
#4547=VECTOR('',#4546,8.745E0);
#4548=CARTESIAN_POINT('',(-3.52298E2,2.066261373438E2,3.438225948456E1));
#4549=LINE('',#4548,#4547);
#4550=CURVE_STYLE('',#135,POSITIVE_LENGTH_MEASURE(2.E-2),#119);
#4551=PRESENTATION_STYLE_ASSIGNMENT((#4550));
#4552=STYLED_ITEM('',(#4551),#4549);
#4553=CARTESIAN_POINT('',(-3.52298E2,2.067695625706E2,3.390327179754E1));
#4554=DIRECTION('',(3.293709822106E-1,2.642009513148E-1,9.064836531356E-1));
#4555=DIRECTION('',(-7.071067811865E-1,-5.671971556716E-1,4.222409106162E-1));
#4556=AXIS2_PLACEMENT_3D('',#4553,#4554,#4555);
#4558=CURVE_STYLE('',#135,POSITIVE_LENGTH_MEASURE(2.E-2),#119);
#4559=PRESENTATION_STYLE_ASSIGNMENT((#4558));
#4560=STYLED_ITEM('',(#4559),#4557);
#4561=CARTESIAN_POINT('',(-3.52298E2,2.067695625706E2,3.390327179754E1));
#4562=DIRECTION('',(-3.293709822106E-1,-2.642009513148E-1,-9.064836531356E-1));
#4563=DIRECTION('',(-7.071067811865E-1,-5.671971556716E-1,4.222409106162E-1));
#4564=AXIS2_PLACEMENT_3D('',#4561,#4562,#4563);
#4566=CURVE_STYLE('',#135,POSITIVE_LENGTH_MEASURE(2.E-2),#119);
#4567=PRESENTATION_STYLE_ASSIGNMENT((#4566));
#4568=STYLED_ITEM('',(#4567),#4565);
#4569=CARTESIAN_POINT('',(-3.52298E2,2.067695625706E2,3.390327179754E1));
#4570=DIRECTION('',(0.E0,9.579753740389E-1,2.868504536079E-1));
#4571=DIRECTION('',(-9.234405943912E-1,-1.100763971086E-1,3.676148193831E-1));
#4572=AXIS2_PLACEMENT_3D('',#4569,#4570,#4571);
#4574=CURVE_STYLE('',#135,POSITIVE_LENGTH_MEASURE(2.E-2),#119);
#4575=PRESENTATION_STYLE_ASSIGNMENT((#4574));
#4576=STYLED_ITEM('',(#4575),#4573);
#4577=CARTESIAN_POINT('',(-3.52298E2,2.067695625706E2,3.390327179754E1));
#4578=DIRECTION('',(1.E0,0.E0,0.E0));
#4579=DIRECTION('',(0.E0,-2.868504536078E-1,9.579753740389E-1));
#4580=AXIS2_PLACEMENT_3D('',#4577,#4578,#4579);
#4582=CURVE_STYLE('',#135,POSITIVE_LENGTH_MEASURE(2.E-2),#119);
#4583=PRESENTATION_STYLE_ASSIGNMENT((#4582));
#4584=STYLED_ITEM('',(#4583),#4581);
#4585=DIRECTION('',(-1.E0,3.575057789988E-14,0.E0));
#4586=VECTOR('',#4585,8.745E0);
#4587=CARTESIAN_POINT('',(-3.43553E2,2.094946418799E2,3.480250574417E1));
#4588=LINE('',#4587,#4586);
#4589=CURVE_STYLE('',#135,POSITIVE_LENGTH_MEASURE(2.E-2),#119);
#4590=PRESENTATION_STYLE_ASSIGNMENT((#4589));
#4591=STYLED_ITEM('',(#4590),#4588);
#4592=DIRECTION('',(0.E0,-1.E0,0.E0));
#4593=VECTOR('',#4592,2.905358120096E0);
#4594=CARTESIAN_POINT('',(-3.43553E2,2.124E2,3.480250574417E1));
#4595=LINE('',#4594,#4593);
#4596=CURVE_STYLE('',#135,POSITIVE_LENGTH_MEASURE(2.E-2),#119);
#4597=PRESENTATION_STYLE_ASSIGNMENT((#4596));
#4598=STYLED_ITEM('',(#4597),#4595);
#4599=DIRECTION('',(1.E0,0.E0,0.E0));
#4600=VECTOR('',#4599,8.745E0);
#4601=CARTESIAN_POINT('',(-3.52298E2,2.129E2,3.430250574417E1));
#4602=LINE('',#4601,#4600);
#4603=CURVE_STYLE('',#135,POSITIVE_LENGTH_MEASURE(2.E-2),#119);
#4604=PRESENTATION_STYLE_ASSIGNMENT((#4603));
#4605=STYLED_ITEM('',(#4604),#4602);
#4606=DIRECTION('',(1.E0,0.E0,0.E0));
#4607=VECTOR('',#4606,8.745E0);
#4608=CARTESIAN_POINT('',(-3.52298E2,2.124E2,3.480250574417E1));
#4609=LINE('',#4608,#4607);
#4610=CURVE_STYLE('',#135,POSITIVE_LENGTH_MEASURE(2.E-2),#119);
#4611=PRESENTATION_STYLE_ASSIGNMENT((#4610));
#4612=STYLED_ITEM('',(#4611),#4609);
#4613=DIRECTION('',(2.010878286151E-13,0.E0,1.E0));
#4614=VECTOR('',#4613,5.653591194682E-1);
#4615=CARTESIAN_POINT('',(-3.43553E2,2.129E2,3.430250574417E1));
#4616=LINE('',#4615,#4614);
#4617=CURVE_STYLE('',#135,POSITIVE_LENGTH_MEASURE(2.E-2),#119);
#4618=PRESENTATION_STYLE_ASSIGNMENT((#4617));
#4619=STYLED_ITEM('',(#4618),#4616);
#4620=CARTESIAN_POINT('',(-3.52298E2,2.124E2,3.430250574417E1));
#4621=DIRECTION('',(4.082482904638E-1,-2.886751345948E-1,8.660254037844E-1));
#4622=DIRECTION('',(-7.071067811866E-1,5.E-1,5.E-1));
#4623=AXIS2_PLACEMENT_3D('',#4620,#4621,#4622);
#4625=CURVE_STYLE('',#135,POSITIVE_LENGTH_MEASURE(2.E-2),#119);
#4626=PRESENTATION_STYLE_ASSIGNMENT((#4625));
#4627=STYLED_ITEM('',(#4626),#4624);
#4628=CARTESIAN_POINT('',(-3.52298E2,2.124E2,3.430250574417E1));
#4629=DIRECTION('',(-4.082482904639E-1,2.886751345948E-1,-8.660254037844E-1));
#4630=DIRECTION('',(-7.071067811866E-1,5.E-1,5.E-1));
#4631=AXIS2_PLACEMENT_3D('',#4628,#4629,#4630);
#4633=CURVE_STYLE('',#135,POSITIVE_LENGTH_MEASURE(2.E-2),#119);
#4634=PRESENTATION_STYLE_ASSIGNMENT((#4633));
#4635=STYLED_ITEM('',(#4634),#4632);
#4636=CARTESIAN_POINT('',(-3.52298E2,2.124E2,3.430250574417E1));
#4637=DIRECTION('',(-1.E0,0.E0,0.E0));
#4638=DIRECTION('',(0.E0,0.E0,1.E0));
#4639=AXIS2_PLACEMENT_3D('',#4636,#4637,#4638);
#4641=CURVE_STYLE('',#135,POSITIVE_LENGTH_MEASURE(2.E-2),#119);
#4642=PRESENTATION_STYLE_ASSIGNMENT((#4641));
#4643=STYLED_ITEM('',(#4642),#4640);
#4644=CARTESIAN_POINT('',(-3.52298E2,2.124E2,3.430250574417E1));
#4645=DIRECTION('',(0.E0,-1.E0,0.E0));
#4646=DIRECTION('',(0.E0,0.E0,1.E0));
#4647=AXIS2_PLACEMENT_3D('',#4644,#4645,#4646);
#4649=CURVE_STYLE('',#135,POSITIVE_LENGTH_MEASURE(2.E-2),#119);
#4650=PRESENTATION_STYLE_ASSIGNMENT((#4649));
#4651=STYLED_ITEM('',(#4650),#4648);
#4652=DIRECTION('',(-1.E0,4.060244204344E-14,1.015061051086E-14));
#4653=VECTOR('',#4652,6.999999999999E-1);
#4654=CARTESIAN_POINT('',(-3.42853E2,2.062695625706E2,3.651624415955E1));
#4655=LINE('',#4654,#4653);
#4656=CURVE_STYLE('',#135,POSITIVE_LENGTH_MEASURE(2.E-2),#119);
#4657=PRESENTATION_STYLE_ASSIGNMENT((#4656));
#4658=STYLED_ITEM('',(#4657),#4655);
#4659=DIRECTION('',(-3.610346920331E-14,0.E0,-1.E0));
#4660=VECTOR('',#4659,1.574458635560E0);
#4661=CARTESIAN_POINT('',(-3.51298E2,2.164E2,-7.692100752514E-1));
#4662=LINE('',#4661,#4660);
#4663=CURVE_STYLE('',#135,POSITIVE_LENGTH_MEASURE(2.E-2),#119);
#4664=PRESENTATION_STYLE_ASSIGNMENT((#4663));
#4665=STYLED_ITEM('',(#4664),#4662);
#4666=DIRECTION('',(0.E0,-1.E0,0.E0));
#4667=VECTOR('',#4666,4.274342054632E0);
#4668=CARTESIAN_POINT('',(-3.51298E2,2.155371706355E2,-1.249999889273E0));
#4669=LINE('',#4668,#4667);
#4670=CURVE_STYLE('',#135,POSITIVE_LENGTH_MEASURE(2.E-2),#119);
#4671=PRESENTATION_STYLE_ASSIGNMENT((#4670));
#4672=STYLED_ITEM('',(#4671),#4669);
#4673=DIRECTION('',(-1.E0,0.E0,0.E0));
#4674=VECTOR('',#4673,7.045E0);
#4675=CARTESIAN_POINT('',(-3.44253E2,2.112628285809E2,-1.249999889273E0));
#4676=LINE('',#4675,#4674);
#4677=CURVE_STYLE('',#135,POSITIVE_LENGTH_MEASURE(2.E-2),#119);
#4678=PRESENTATION_STYLE_ASSIGNMENT((#4677));
#4679=STYLED_ITEM('',(#4678),#4676);
#4680=DIRECTION('',(-1.E0,0.E0,0.E0));
#4681=VECTOR('',#4680,7.045E0);
#4682=CARTESIAN_POINT('',(-3.44253E2,2.112628285809E2,8.450000110727E0));
#4683=LINE('',#4682,#4681);
#4684=CURVE_STYLE('',#135,POSITIVE_LENGTH_MEASURE(2.E-2),#119);
#4685=PRESENTATION_STYLE_ASSIGNMENT((#4684));
#4686=STYLED_ITEM('',(#4685),#4683);
#4687=DIRECTION('',(7.071067811062E-1,7.071067812669E-1,0.E0));
#4688=VECTOR('',#4687,2.414213571908E0);
#4689=CARTESIAN_POINT('',(-3.62298E2,1.771079604977E2,-1.343668710811E0));
#4690=LINE('',#4689,#4688);
#4691=CURVE_STYLE('',#135,POSITIVE_LENGTH_MEASURE(2.E-2),#119);
#4692=PRESENTATION_STYLE_ASSIGNMENT((#4691));
#4693=STYLED_ITEM('',(#4692),#4690);
#4694=CARTESIAN_POINT('',(-3.602980000004E2,1.805221740827E2,
-1.343668742923E0));
#4695=CARTESIAN_POINT('',(-3.603001767096E2,1.804567759133E2,
-1.343668689467E0));
#4696=CARTESIAN_POINT('',(-3.603000010203E2,1.803585322179E2,
-1.343668732405E0));
#4697=CARTESIAN_POINT('',(-3.602983106478E2,1.802276421672E2,
-1.343668707423E0));
#4698=CARTESIAN_POINT('',(-3.602981053999E2,1.801296560793E2,
-1.343668711739E0));
#4699=CARTESIAN_POINT('',(-3.602979572020E2,1.800477238587E2,
-1.343668710696E0));
#4700=CARTESIAN_POINT('',(-3.602980168228E2,1.799829532126E2,
-1.343668710833E0));
#4701=CARTESIAN_POINT('',(-3.602981543349E2,1.799358645407E2,
-1.343668710805E0));
#4702=CARTESIAN_POINT('',(-3.602982469954E2,1.798892495370E2,
-1.343668710813E0));
#4703=CARTESIAN_POINT('',(-3.602983995278E2,1.798418359848E2,
-1.343668710811E0));
#4704=CARTESIAN_POINT('',(-3.602979354271E2,1.797922051916E2,
-1.343668710811E0));
#4705=CARTESIAN_POINT('',(-3.603026147690E2,1.797395832267E2,
-1.343668710811E0));
#4706=CARTESIAN_POINT('',(-3.603086094413E2,1.796861484706E2,
-1.343668710811E0));
#4707=CARTESIAN_POINT('',(-3.603126049900E2,1.796338979535E2,
-1.343668710811E0));
#4708=CARTESIAN_POINT('',(-3.603168025838E2,1.795815832593E2,
-1.343668710811E0));
#4709=CARTESIAN_POINT('',(-3.603209499684E2,1.795292352362E2,
-1.343668710811E0));
#4710=CARTESIAN_POINT('',(-3.603251266210E2,1.794767010759E2,
-1.343668710811E0));
#4711=CARTESIAN_POINT('',(-3.603293084509E2,1.794240379600E2,
-1.343668710811E0));
#4712=CARTESIAN_POINT('',(-3.603327975910E2,1.793801588440E2,
-1.343668710811E0));
#4713=CARTESIAN_POINT('',(-3.603355804118E2,1.793450486169E2,
-1.343668710811E0));
#4714=CARTESIAN_POINT('',(-3.603373441509E2,1.793230508204E2,
-1.343668710811E0));
#4715=CARTESIAN_POINT('',(-3.603387025822E2,1.793055325831E2,
-1.343668710811E0));
#4716=CARTESIAN_POINT('',(-3.603398488180E2,1.792923823936E2,
-1.343668710811E0));
#4717=CARTESIAN_POINT('',(-3.603404910882E2,1.792794975109E2,
-1.343668710811E0));
#4718=CARTESIAN_POINT('',(-3.603402228477E2,1.792628483886E2,
-1.343668710811E0));
#4719=CARTESIAN_POINT('',(-3.603400255704E2,1.792462506278E2,
-1.343668710811E0));
#4720=CARTESIAN_POINT('',(-3.603421041561E2,1.792308564806E2,
-1.343668710811E0));
#4721=CARTESIAN_POINT('',(-3.603442343678E2,1.792216662582E2,
-1.343668710811E0));
#4722=CARTESIAN_POINT('',(-3.603472171166E2,1.792121849709E2,
-1.343668710811E0));
#4723=CARTESIAN_POINT('',(-3.603515229289E2,1.791995241929E2,
-1.343668710811E0));
#4724=CARTESIAN_POINT('',(-3.603594091981E2,1.791777860935E2,
-1.343668710811E0));
#4725=CARTESIAN_POINT('',(-3.603710472615E2,1.791483015153E2,
-1.343668710811E0));
#4726=CARTESIAN_POINT('',(-3.603873387114E2,1.791106946821E2,
-1.343668710811E0));
#4727=CARTESIAN_POINT('',(-3.604054436507E2,1.790723664111E2,
-1.343668710811E0));
#4728=CARTESIAN_POINT('',(-3.604249056356E2,1.790347114033E2,
-1.343668710811E0));
#4729=CARTESIAN_POINT('',(-3.604450345547E2,1.789995310466E2,
-1.343668710811E0));
#4730=CARTESIAN_POINT('',(-3.604660191261E2,1.789671091825E2,
-1.343668710811E0));
#4731=CARTESIAN_POINT('',(-3.604970776174E2,1.789234461604E2,
-1.343668710811E0));
#4732=CARTESIAN_POINT('',(-3.605383295972E2,1.788717925746E2,
-1.343668710811E0));
#4733=CARTESIAN_POINT('',(-3.605731141088E2,1.788338998531E2,
-1.343668710811E0));
#4734=CARTESIAN_POINT('',(-3.605908932123E2,1.788150672859E2,
-1.343668710811E0));
#4736=CURVE_STYLE('',#135,POSITIVE_LENGTH_MEASURE(2.E-2),#119);
#4737=PRESENTATION_STYLE_ASSIGNMENT((#4736));
#4738=STYLED_ITEM('',(#4737),#4735);
#4739=DIRECTION('',(7.071067811865E-1,7.071067811865E-1,9.323392891934E-13));
#4740=VECTOR('',#4739,2.414213566042E0);
#4741=CARTESIAN_POINT('',(-3.626515533906E2,1.774615138883E2,
-1.843668710811E0));
#4742=LINE('',#4741,#4740);
#4743=CURVE_STYLE('',#135,POSITIVE_LENGTH_MEASURE(2.E-2),#119);
#4744=PRESENTATION_STYLE_ASSIGNMENT((#4743));
#4745=STYLED_ITEM('',(#4744),#4742);
#4746=CARTESIAN_POINT('',(-3.62298E2,1.771079604977E2,-1.843668710811E0));
#4747=DIRECTION('',(0.E0,0.E0,1.E0));
#4748=DIRECTION('',(-9.919398077282E-1,1.267099753145E-1,0.E0));
#4749=AXIS2_PLACEMENT_3D('',#4746,#4747,#4748);
#4751=CURVE_STYLE('',#135,POSITIVE_LENGTH_MEASURE(2.E-2),#119);
#4752=PRESENTATION_STYLE_ASSIGNMENT((#4751));
#4753=STYLED_ITEM('',(#4752),#4750);
#4754=CARTESIAN_POINT('',(-3.62298E2,1.771079604977E2,-1.843668710811E0));
#4755=DIRECTION('',(-1.263623662813E-1,-9.892185757421E-1,7.402136039370E-2));
#4756=DIRECTION('',(-8.535533905933E-1,1.464466094068E-1,4.999999999999E-1));
#4757=AXIS2_PLACEMENT_3D('',#4754,#4755,#4756);
#4759=CURVE_STYLE('',#135,POSITIVE_LENGTH_MEASURE(2.E-2),#119);
#4760=PRESENTATION_STYLE_ASSIGNMENT((#4759));
#4761=STYLED_ITEM('',(#4760),#4758);
#4762=CARTESIAN_POINT('',(-3.62298E2,1.771079604977E2,-1.843668710811E0));
#4763=DIRECTION('',(1.263623662812E-1,9.892185757421E-1,-7.402136039393E-2));
#4764=DIRECTION('',(-8.535533905933E-1,1.464466094068E-1,4.999999999999E-1));
#4765=AXIS2_PLACEMENT_3D('',#4762,#4763,#4764);
#4767=CURVE_STYLE('',#135,POSITIVE_LENGTH_MEASURE(2.E-2),#119);
#4768=PRESENTATION_STYLE_ASSIGNMENT((#4767));
#4769=STYLED_ITEM('',(#4768),#4766);
#4770=CARTESIAN_POINT('',(-3.62298E2,1.771079604977E2,-1.843668710811E0));
#4771=DIRECTION('',(7.071067811865E-1,7.071067811865E-1,0.E0));
#4772=DIRECTION('',(-8.516199322094E-2,8.516199322094E-2,9.927209425721E-1));
#4773=AXIS2_PLACEMENT_3D('',#4770,#4771,#4772);
#4775=CURVE_STYLE('',#135,POSITIVE_LENGTH_MEASURE(2.E-2),#119);
#4776=PRESENTATION_STYLE_ASSIGNMENT((#4775));
#4777=STYLED_ITEM('',(#4776),#4774);
#4778=CARTESIAN_POINT('',(-3.62298E2,1.771079604977E2,-1.843668710811E0));
#4779=DIRECTION('',(0.E0,1.E0,0.E0));
#4780=DIRECTION('',(-1.E0,0.E0,0.E0));
#4781=AXIS2_PLACEMENT_3D('',#4778,#4779,#4780);
#4783=CURVE_STYLE('',#135,POSITIVE_LENGTH_MEASURE(2.E-2),#119);
#4784=PRESENTATION_STYLE_ASSIGNMENT((#4783));
#4785=STYLED_ITEM('',(#4784),#4782);
#4786=DIRECTION('',(0.E0,0.E0,1.E0));
#4787=VECTOR('',#4786,1.E0);
#4788=CARTESIAN_POINT('',(-3.62798E2,1.771079604977E2,-2.843668710811E0));
#4789=LINE('',#4788,#4787);
#4790=CURVE_STYLE('',#135,POSITIVE_LENGTH_MEASURE(2.E-2),#119);
#4791=PRESENTATION_STYLE_ASSIGNMENT((#4790));
#4792=STYLED_ITEM('',(#4791),#4789);
#4793=DIRECTION('',(2.842170943040E-13,2.842170943040E-13,1.E0));
#4794=VECTOR('',#4793,1.E0);
#4795=CARTESIAN_POINT('',(-3.626515533906E2,1.774615138883E2,
-2.843668710811E0));
#4796=LINE('',#4795,#4794);
#4797=CURVE_STYLE('',#135,POSITIVE_LENGTH_MEASURE(2.E-2),#119);
#4798=PRESENTATION_STYLE_ASSIGNMENT((#4797));
#4799=STYLED_ITEM('',(#4798),#4796);
#4800=DIRECTION('',(0.E0,1.E0,1.948963168630E-7));
#4801=VECTOR('',#4800,7.E-1);
#4802=CARTESIAN_POINT('',(-3.62798E2,1.763150672789E2,-2.843669074617E0));
#4803=LINE('',#4802,#4801);
#4804=CURVE_STYLE('',#135,POSITIVE_LENGTH_MEASURE(2.E-2),#119);
#4805=PRESENTATION_STYLE_ASSIGNMENT((#4804));
#4806=STYLED_ITEM('',(#4805),#4803);
#4807=DIRECTION('',(0.E0,1.E0,0.E0));
#4808=VECTOR('',#4807,7.928932188134E-1);
#4809=CARTESIAN_POINT('',(-3.62798E2,1.763150672789E2,-1.843668710811E0));
#4810=LINE('',#4809,#4808);
#4811=CURVE_STYLE('',#135,POSITIVE_LENGTH_MEASURE(2.E-2),#119);
#4812=PRESENTATION_STYLE_ASSIGNMENT((#4811));
#4813=STYLED_ITEM('',(#4812),#4810);
#4814=DIRECTION('',(-7.169114013344E-14,1.E0,0.E0));
#4815=VECTOR('',#4814,7.928932188134E-1);
#4816=CARTESIAN_POINT('',(-3.62298E2,1.763150672789E2,-1.343668710811E0));
#4817=LINE('',#4816,#4815);
#4818=CURVE_STYLE('',#135,POSITIVE_LENGTH_MEASURE(2.E-2),#119);
#4819=PRESENTATION_STYLE_ASSIGNMENT((#4818));
#4820=STYLED_ITEM('',(#4819),#4817);
#4821=CARTESIAN_POINT('',(-3.62298E2,1.763150672789E2,-1.843668710811E0));
#4822=DIRECTION('',(2.886751345944E-1,4.082482904641E-1,8.660254037844E-1));
#4823=DIRECTION('',(-5.E-1,-7.071067811866E-1,5.E-1));
#4824=AXIS2_PLACEMENT_3D('',#4821,#4822,#4823);
#4826=CURVE_STYLE('',#135,POSITIVE_LENGTH_MEASURE(2.E-2),#119);
#4827=PRESENTATION_STYLE_ASSIGNMENT((#4826));
#4828=STYLED_ITEM('',(#4827),#4825);
#4829=CARTESIAN_POINT('',(-3.62298E2,1.763150672789E2,-1.843668710811E0));
#4830=DIRECTION('',(-2.886751345948E-1,-4.082482904639E-1,-8.660254037844E-1));
#4831=DIRECTION('',(-5.E-1,-7.071067811866E-1,5.E-1));
#4832=AXIS2_PLACEMENT_3D('',#4829,#4830,#4831);
#4834=CURVE_STYLE('',#135,POSITIVE_LENGTH_MEASURE(2.E-2),#119);
#4835=PRESENTATION_STYLE_ASSIGNMENT((#4834));
#4836=STYLED_ITEM('',(#4835),#4833);
#4837=CARTESIAN_POINT('',(-3.62298E2,1.763150672789E2,-1.843668710811E0));
#4838=DIRECTION('',(0.E0,1.E0,0.E0));
#4839=DIRECTION('',(-9.486832980505E-1,0.E0,3.162277660169E-1));
#4840=AXIS2_PLACEMENT_3D('',#4837,#4838,#4839);
#4842=CURVE_STYLE('',#135,POSITIVE_LENGTH_MEASURE(2.E-2),#119);
#4843=PRESENTATION_STYLE_ASSIGNMENT((#4842));
#4844=STYLED_ITEM('',(#4843),#4841);
#4845=CARTESIAN_POINT('',(-3.62298E2,1.763150672789E2,-1.843668710811E0));
#4846=DIRECTION('',(1.E0,0.E0,0.E0));
#4847=DIRECTION('',(0.E0,0.E0,1.E0));
#4848=AXIS2_PLACEMENT_3D('',#4845,#4846,#4847);
#4850=CURVE_STYLE('',#135,POSITIVE_LENGTH_MEASURE(2.E-2),#119);
#4851=PRESENTATION_STYLE_ASSIGNMENT((#4850));
#4852=STYLED_ITEM('',(#4851),#4849);
#4853=CARTESIAN_POINT('',(-3.62298E2,1.763150672789E2,-1.843668710811E0));
#4854=DIRECTION('',(1.E0,0.E0,0.E0));
#4855=DIRECTION('',(0.E0,-9.045340337333E-1,4.264014327113E-1));
#4856=AXIS2_PLACEMENT_3D('',#4853,#4854,#4855);
#4858=CURVE_STYLE('',#135,POSITIVE_LENGTH_MEASURE(2.E-2),#119);
#4859=PRESENTATION_STYLE_ASSIGNMENT((#4858));
#4860=STYLED_ITEM('',(#4859),#4857);
#4861=CARTESIAN_POINT('',(-3.62298E2,1.763150672789E2,-1.843668710811E0));
#4862=DIRECTION('',(0.E0,0.E0,-1.E0));
#4863=DIRECTION('',(0.E0,-1.E0,0.E0));
#4864=AXIS2_PLACEMENT_3D('',#4861,#4862,#4863);
#4866=CURVE_STYLE('',#135,POSITIVE_LENGTH_MEASURE(2.E-2),#119);
#4867=PRESENTATION_STYLE_ASSIGNMENT((#4866));
#4868=STYLED_ITEM('',(#4867),#4865);
#4869=CARTESIAN_POINT('',(-3.62298E2,1.763150672789E2,-1.843668710811E0));
#4870=DIRECTION('',(0.E0,1.E0,0.E0));
#4871=DIRECTION('',(-1.E0,0.E0,0.E0));
#4872=AXIS2_PLACEMENT_3D('',#4869,#4870,#4871);
#4874=CURVE_STYLE('',#135,POSITIVE_LENGTH_MEASURE(2.E-2),#119);
#4875=PRESENTATION_STYLE_ASSIGNMENT((#4874));
#4876=STYLED_ITEM('',(#4875),#4873);
#4877=DIRECTION('',(-1.E0,0.E0,0.E0));
#4878=VECTOR('',#4877,1.7245E1);
#4879=CARTESIAN_POINT('',(-3.45053E2,1.763150672789E2,-1.343668710811E0));
#4880=LINE('',#4879,#4878);
#4881=CURVE_STYLE('',#135,POSITIVE_LENGTH_MEASURE(2.E-2),#119);
#4882=PRESENTATION_STYLE_ASSIGNMENT((#4881));
#4883=STYLED_ITEM('',(#4882),#4880);
#4884=DIRECTION('',(-1.E0,0.E0,0.E0));
#4885=VECTOR('',#4884,1.7245E1);
#4886=CARTESIAN_POINT('',(-3.45053E2,1.758150672789E2,-1.843668710811E0));
#4887=LINE('',#4886,#4885);
#4888=CURVE_STYLE('',#135,POSITIVE_LENGTH_MEASURE(2.E-2),#119);
#4889=PRESENTATION_STYLE_ASSIGNMENT((#4888));
#4890=STYLED_ITEM('',(#4889),#4887);
#4891=DIRECTION('',(1.894780513805E-14,0.E0,1.E0));
#4892=VECTOR('',#4891,6.000000363806E0);
#4893=CARTESIAN_POINT('',(-3.59598E2,1.758150672789E2,-8.843669074617E0));
#4894=LINE('',#4893,#4892);
#4895=CURVE_STYLE('',#135,POSITIVE_LENGTH_MEASURE(2.E-2),#119);
#4896=PRESENTATION_STYLE_ASSIGNMENT((#4895));
#4897=STYLED_ITEM('',(#4896),#4894);
#4898=DIRECTION('',(-1.E0,0.E0,0.E0));
#4899=VECTOR('',#4898,2.E0);
#4900=CARTESIAN_POINT('',(-3.62298E2,1.758150672789E2,-5.843669074617E0));
#4901=LINE('',#4900,#4899);
#4902=CURVE_STYLE('',#135,POSITIVE_LENGTH_MEASURE(2.E-2),#119);
#4903=PRESENTATION_STYLE_ASSIGNMENT((#4902));
#4904=STYLED_ITEM('',(#4903),#4901);
#4905=DIRECTION('',(0.E0,0.E0,1.E0));
#4906=VECTOR('',#4905,3.E0);
#4907=CARTESIAN_POINT('',(-3.64298E2,1.758150672789E2,-5.843669074617E0));
#4908=LINE('',#4907,#4906);
#4909=CURVE_STYLE('',#135,POSITIVE_LENGTH_MEASURE(2.E-2),#119);
#4910=PRESENTATION_STYLE_ASSIGNMENT((#4909));
#4911=STYLED_ITEM('',(#4910),#4908);
#4912=DIRECTION('',(-1.E0,0.E0,0.E0));
#4913=VECTOR('',#4912,2.E0);
#4914=CARTESIAN_POINT('',(-3.62298E2,1.758150672789E2,-2.843669074617E0));
#4915=LINE('',#4914,#4913);
#4916=CURVE_STYLE('',#135,POSITIVE_LENGTH_MEASURE(2.E-2),#119);
#4917=PRESENTATION_STYLE_ASSIGNMENT((#4916));
#4918=STYLED_ITEM('',(#4917),#4915);
#4919=CARTESIAN_POINT('',(-3.59598E2,2.010726429482E2,-3.343668710811E0));
#4920=DIRECTION('',(-1.E0,0.E0,0.E0));
#4921=DIRECTION('',(0.E0,-2.645958804002E-1,9.643593832567E-1));
#4922=AXIS2_PLACEMENT_3D('',#4919,#4920,#4921);
#4924=CURVE_STYLE('',#135,POSITIVE_LENGTH_MEASURE(2.E-2),#119);
#4925=PRESENTATION_STYLE_ASSIGNMENT((#4924));
#4926=STYLED_ITEM('',(#4925),#4923);
#4927=DIRECTION('',(0.E0,9.643593832567E-1,2.645958804004E-1));
#4928=VECTOR('',#4927,2.443106724595E1);
#4929=CARTESIAN_POINT('',(-3.59598E2,1.773800160664E2,-9.325848766246E0));
#4930=LINE('',#4929,#4928);
#4931=CURVE_STYLE('',#135,POSITIVE_LENGTH_MEASURE(2.E-2),#119);
#4932=PRESENTATION_STYLE_ASSIGNMENT((#4931));
#4933=STYLED_ITEM('',(#4932),#4930);
#4934=CARTESIAN_POINT('',(-3.59598E2,1.772477181262E2,-8.843669074617E0));
#4935=DIRECTION('',(1.E0,0.E0,0.E0));
#4936=DIRECTION('',(0.E0,0.E0,-1.E0));
#4937=AXIS2_PLACEMENT_3D('',#4934,#4935,#4936);
#4939=CURVE_STYLE('',#135,POSITIVE_LENGTH_MEASURE(2.E-2),#119);
#4940=PRESENTATION_STYLE_ASSIGNMENT((#4939));
#4941=STYLED_ITEM('',(#4940),#4938);
#4942=CARTESIAN_POINT('',(-3.59598E2,1.763150672789E2,-8.843669074617E0));
#4943=DIRECTION('',(-1.E0,0.E0,0.E0));
#4944=DIRECTION('',(0.E0,0.E0,-1.E0));
#4945=AXIS2_PLACEMENT_3D('',#4942,#4943,#4944);
#4947=CURVE_STYLE('',#135,POSITIVE_LENGTH_MEASURE(2.E-2),#119);
#4948=PRESENTATION_STYLE_ASSIGNMENT((#4947));
#4949=STYLED_ITEM('',(#4948),#4946);
#4950=DIRECTION('',(-1.E0,2.105311809660E-14,0.E0));
#4951=VECTOR('',#4950,2.7E0);
#4952=CARTESIAN_POINT('',(-3.59598E2,2.009403450080E2,-2.861489019183E0));
#4953=LINE('',#4952,#4951);
#4954=CURVE_STYLE('',#135,POSITIVE_LENGTH_MEASURE(2.E-2),#119);
#4955=PRESENTATION_STYLE_ASSIGNMENT((#4954));
#4956=STYLED_ITEM('',(#4955),#4953);
#4957=DIRECTION('',(-1.E0,1.052655904830E-14,0.E0));
#4958=VECTOR('',#4957,2.7E0);
#4959=CARTESIAN_POINT('',(-3.59598E2,2.010726429482E2,-2.843668710811E0));
#4960=LINE('',#4959,#4958);
#4961=CURVE_STYLE('',#135,POSITIVE_LENGTH_MEASURE(2.E-2),#119);
#4962=PRESENTATION_STYLE_ASSIGNMENT((#4961));
#4963=STYLED_ITEM('',(#4962),#4960);
#4964=CARTESIAN_POINT('',(-3.62298E2,2.010726429482E2,-3.343668710811E0));
#4965=DIRECTION('',(-1.E0,0.E0,0.E0));
#4966=DIRECTION('',(0.E0,-2.645958804003E-1,9.643593832567E-1));
#4967=AXIS2_PLACEMENT_3D('',#4964,#4965,#4966);
#4969=CURVE_STYLE('',#135,POSITIVE_LENGTH_MEASURE(2.E-2),#119);
#4970=PRESENTATION_STYLE_ASSIGNMENT((#4969));
#4971=STYLED_ITEM('',(#4970),#4968);
#4972=CARTESIAN_POINT('',(-3.62298E2,2.010726429482E2,-2.343668710811E0));
#4973=DIRECTION('',(0.E0,-1.E0,0.E0));
#4974=DIRECTION('',(-1.E0,0.E0,0.E0));
#4975=AXIS2_PLACEMENT_3D('',#4972,#4973,#4974);
#4977=CURVE_STYLE('',#135,POSITIVE_LENGTH_MEASURE(2.E-2),#119);
#4978=PRESENTATION_STYLE_ASSIGNMENT((#4977));
#4979=STYLED_ITEM('',(#4978),#4976);
#4980=CARTESIAN_POINT('',(-3.62298E2,2.008080470678E2,-2.379309327554E0));
#4981=DIRECTION('',(0.E0,9.643593832567E-1,2.645958804001E-1));
#4982=DIRECTION('',(0.E0,2.645958804001E-1,-9.643593832567E-1));
#4983=AXIS2_PLACEMENT_3D('',#4980,#4981,#4982);
#4985=CURVE_STYLE('',#135,POSITIVE_LENGTH_MEASURE(2.E-2),#119);
#4986=PRESENTATION_STYLE_ASSIGNMENT((#4985));
#4987=STYLED_ITEM('',(#4986),#4984);
#4988=DIRECTION('',(0.E0,-1.E0,0.E0));
#4989=VECTOR('',#4988,3.827357051798E0);
#4990=CARTESIAN_POINT('',(-3.62798E2,2.049E2,-2.343668710811E0));
#4991=LINE('',#4990,#4989);
#4992=CURVE_STYLE('',#135,POSITIVE_LENGTH_MEASURE(2.E-2),#119);
#4993=PRESENTATION_STYLE_ASSIGNMENT((#4992));
#4994=STYLED_ITEM('',(#4993),#4991);
#4995=DIRECTION('',(1.485187247793E-14,-1.E0,0.E0));
#4996=VECTOR('',#4995,3.827357051798E0);
#4997=CARTESIAN_POINT('',(-3.62298E2,2.049E2,-2.843668710811E0));
#4998=LINE('',#4997,#4996);
#4999=CURVE_STYLE('',#135,POSITIVE_LENGTH_MEASURE(2.E-2),#119);
#5000=PRESENTATION_STYLE_ASSIGNMENT((#4999));
#5001=STYLED_ITEM('',(#5000),#4998);
#5002=CARTESIAN_POINT('',(-3.62298E2,2.049E2,-2.343668710811E0));
#5003=DIRECTION('',(-2.886751345948E-1,4.082482904638E-1,8.660254037844E-1));
#5004=DIRECTION('',(-5.E-1,7.071067811866E-1,-5.E-1));
#5005=AXIS2_PLACEMENT_3D('',#5002,#5003,#5004);
#5007=CURVE_STYLE('',#135,POSITIVE_LENGTH_MEASURE(2.E-2),#119);
#5008=PRESENTATION_STYLE_ASSIGNMENT((#5007));
#5009=STYLED_ITEM('',(#5008),#5006);
#5010=CARTESIAN_POINT('',(-3.62298E2,2.049E2,-2.343668710811E0));
#5011=DIRECTION('',(0.E0,-1.E0,0.E0));
#5012=DIRECTION('',(-9.486832980505E-1,0.E0,-3.162277660169E-1));
#5013=AXIS2_PLACEMENT_3D('',#5010,#5011,#5012);
#5015=CURVE_STYLE('',#135,POSITIVE_LENGTH_MEASURE(2.E-2),#119);
#5016=PRESENTATION_STYLE_ASSIGNMENT((#5015));
#5017=STYLED_ITEM('',(#5016),#5014);
#5018=CARTESIAN_POINT('',(-3.62298E2,2.049E2,-2.343668710811E0));
#5019=DIRECTION('',(1.E0,0.E0,0.E0));
#5020=DIRECTION('',(0.E0,0.E0,-1.E0));
#5021=AXIS2_PLACEMENT_3D('',#5018,#5019,#5020);
#5023=CURVE_STYLE('',#135,POSITIVE_LENGTH_MEASURE(2.E-2),#119);
#5024=PRESENTATION_STYLE_ASSIGNMENT((#5023));
#5025=STYLED_ITEM('',(#5024),#5022);
#5026=CARTESIAN_POINT('',(-3.62298E2,2.049E2,-2.343668710811E0));
#5027=DIRECTION('',(2.886751345948E-1,-4.082482904639E-1,-8.660254037844E-1));
#5028=DIRECTION('',(-5.E-1,7.071067811866E-1,-5.E-1));
#5029=AXIS2_PLACEMENT_3D('',#5026,#5027,#5028);
#5031=CURVE_STYLE('',#135,POSITIVE_LENGTH_MEASURE(2.E-2),#119);
#5032=PRESENTATION_STYLE_ASSIGNMENT((#5031));
#5033=STYLED_ITEM('',(#5032),#5030);
#5034=DIRECTION('',(0.E0,9.643593832567E-1,2.645958804004E-1));
#5035=VECTOR('',#5034,2.443106724595E1);
#5036=CARTESIAN_POINT('',(-3.62298E2,1.773800160664E2,-9.325848766246E0));
#5037=LINE('',#5036,#5035);
#5038=CURVE_STYLE('',#135,POSITIVE_LENGTH_MEASURE(2.E-2),#119);
#5039=PRESENTATION_STYLE_ASSIGNMENT((#5038));
#5040=STYLED_ITEM('',(#5039),#5037);
#5041=CARTESIAN_POINT('',(-3.62298E2,1.772477181262E2,-8.843669074617E0));
#5042=DIRECTION('',(0.E0,1.E0,0.E0));
#5043=DIRECTION('',(0.E0,0.E0,-1.E0));
#5044=AXIS2_PLACEMENT_3D('',#5041,#5042,#5043);
#5046=CURVE_STYLE('',#135,POSITIVE_LENGTH_MEASURE(2.E-2),#119);
#5047=PRESENTATION_STYLE_ASSIGNMENT((#5046));
#5048=STYLED_ITEM('',(#5047),#5045);
#5049=CARTESIAN_POINT('',(-3.62298E2,1.772477181262E2,-8.843669074617E0));
#5050=DIRECTION('',(1.E0,0.E0,0.E0));
#5051=DIRECTION('',(0.E0,0.E0,-1.E0));
#5052=AXIS2_PLACEMENT_3D('',#5049,#5050,#5051);
#5054=CURVE_STYLE('',#135,POSITIVE_LENGTH_MEASURE(2.E-2),#119);
#5055=PRESENTATION_STYLE_ASSIGNMENT((#5054));
#5056=STYLED_ITEM('',(#5055),#5053);
#5057=CARTESIAN_POINT('',(-3.62298E2,1.772477181262E2,-8.843669074617E0));
#5058=DIRECTION('',(-6.892513232185E-2,-9.951912932486E-1,-6.959609167650E-2));
#5059=DIRECTION('',(-7.002897330090E-1,9.795044585007E-2,-7.071067811866E-1));
#5060=AXIS2_PLACEMENT_3D('',#5057,#5058,#5059);
#5062=CURVE_STYLE('',#135,POSITIVE_LENGTH_MEASURE(2.E-2),#119);
#5063=PRESENTATION_STYLE_ASSIGNMENT((#5062));
#5064=STYLED_ITEM('',(#5063),#5061);
#5065=CARTESIAN_POINT('',(-3.62298E2,1.772477181262E2,-8.843669074617E0));
#5066=DIRECTION('',(6.892513232159E-2,9.951912932486E-1,6.959609167675E-2));
#5067=DIRECTION('',(-7.002897330090E-1,9.795044585007E-2,-7.071067811866E-1));
#5068=AXIS2_PLACEMENT_3D('',#5065,#5066,#5067);
#5070=CURVE_STYLE('',#135,POSITIVE_LENGTH_MEASURE(2.E-2),#119);
#5071=PRESENTATION_STYLE_ASSIGNMENT((#5070));
#5072=STYLED_ITEM('',(#5071),#5069);
#5073=CARTESIAN_POINT('',(-3.62298E2,1.772477181262E2,-8.843669074617E0));
#5074=DIRECTION('',(0.E0,9.643593832567E-1,2.645958804003E-1));
#5075=DIRECTION('',(-9.434793404017E-1,8.769536763902E-2,-3.196189242360E-1));
#5076=AXIS2_PLACEMENT_3D('',#5073,#5074,#5075);
#5078=CURVE_STYLE('',#135,POSITIVE_LENGTH_MEASURE(2.E-2),#119);
#5079=PRESENTATION_STYLE_ASSIGNMENT((#5078));
#5080=STYLED_ITEM('',(#5079),#5077);
#5081=DIRECTION('',(0.E0,-1.E0,0.E0));
#5082=VECTOR('',#5081,9.326508472289E-1);
#5083=CARTESIAN_POINT('',(-3.62798E2,1.772477181262E2,-8.843669074617E0));
#5084=LINE('',#5083,#5082);
#5085=CURVE_STYLE('',#135,POSITIVE_LENGTH_MEASURE(2.E-2),#119);
#5086=PRESENTATION_STYLE_ASSIGNMENT((#5085));
#5087=STYLED_ITEM('',(#5086),#5084);
#5088=DIRECTION('',(0.E0,-1.E0,0.E0));
#5089=VECTOR('',#5088,9.326508472289E-1);
#5090=CARTESIAN_POINT('',(-3.62298E2,1.772477181262E2,-9.343669074617E0));
#5091=LINE('',#5090,#5089);
#5092=CURVE_STYLE('',#135,POSITIVE_LENGTH_MEASURE(2.E-2),#119);
#5093=PRESENTATION_STYLE_ASSIGNMENT((#5092));
#5094=STYLED_ITEM('',(#5093),#5091);
#5095=CARTESIAN_POINT('',(-3.62298E2,1.763150672789E2,-8.843669074617E0));
#5096=DIRECTION('',(0.E0,0.E0,-1.E0));
#5097=DIRECTION('',(0.E0,-1.E0,0.E0));
#5098=AXIS2_PLACEMENT_3D('',#5095,#5096,#5097);
#5100=CURVE_STYLE('',#135,POSITIVE_LENGTH_MEASURE(2.E-2),#119);
#5101=PRESENTATION_STYLE_ASSIGNMENT((#5100));
#5102=STYLED_ITEM('',(#5101),#5099);
#5103=CARTESIAN_POINT('',(-3.62298E2,1.763150672789E2,-8.843669074617E0));
#5104=DIRECTION('',(-1.E0,0.E0,0.E0));
#5105=DIRECTION('',(0.E0,-9.045340337333E-1,-4.264014327112E-1));
#5106=AXIS2_PLACEMENT_3D('',#5103,#5104,#5105);
#5108=CURVE_STYLE('',#135,POSITIVE_LENGTH_MEASURE(2.E-2),#119);
#5109=PRESENTATION_STYLE_ASSIGNMENT((#5108));
#5110=STYLED_ITEM('',(#5109),#5107);
#5111=CARTESIAN_POINT('',(-3.62298E2,1.763150672789E2,-8.843669074617E0));
#5112=DIRECTION('',(0.E0,1.E0,0.E0));
#5113=DIRECTION('',(-9.486832980505E-1,0.E0,-3.162277660169E-1));
#5114=AXIS2_PLACEMENT_3D('',#5111,#5112,#5113);
#5116=CURVE_STYLE('',#135,POSITIVE_LENGTH_MEASURE(2.E-2),#119);
#5117=PRESENTATION_STYLE_ASSIGNMENT((#5116));
#5118=STYLED_ITEM('',(#5117),#5115);
#5119=DIRECTION('',(0.E0,0.E0,1.E0));
#5120=VECTOR('',#5119,3.E0);
#5121=CARTESIAN_POINT('',(-3.62798E2,1.763150672789E2,-8.843669074617E0));
#5122=LINE('',#5121,#5120);
#5123=CURVE_STYLE('',#135,POSITIVE_LENGTH_MEASURE(2.E-2),#119);
#5124=PRESENTATION_STYLE_ASSIGNMENT((#5123));
#5125=STYLED_ITEM('',(#5124),#5122);
#5126=DIRECTION('',(0.E0,0.E0,1.E0));
#5127=VECTOR('',#5126,3.E0);
#5128=CARTESIAN_POINT('',(-3.62298E2,1.758150672789E2,-8.843669074617E0));
#5129=LINE('',#5128,#5127);
#5130=CURVE_STYLE('',#135,POSITIVE_LENGTH_MEASURE(2.E-2),#119);
#5131=PRESENTATION_STYLE_ASSIGNMENT((#5130));
#5132=STYLED_ITEM('',(#5131),#5129);
#5133=CARTESIAN_POINT('',(-3.65298E2,1.768150672789E2,-5.843669074617E0));
#5134=DIRECTION('',(0.E0,0.E0,-1.E0));
#5135=DIRECTION('',(-1.E0,0.E0,0.E0));
#5136=AXIS2_PLACEMENT_3D('',#5133,#5134,#5135);
#5138=CURVE_STYLE('',#135,POSITIVE_LENGTH_MEASURE(2.E-2),#119);
#5139=PRESENTATION_STYLE_ASSIGNMENT((#5138));
#5140=STYLED_ITEM('',(#5139),#5137);
#5141=CARTESIAN_POINT('',(-3.65298E2,1.743150672789E2,-5.843669074617E0));
#5142=DIRECTION('',(0.E0,0.E0,-1.E0));
#5143=DIRECTION('',(0.E0,-1.E0,0.E0));
#5144=AXIS2_PLACEMENT_3D('',#5141,#5142,#5143);
#5146=CURVE_STYLE('',#135,POSITIVE_LENGTH_MEASURE(2.E-2),#119);
#5147=PRESENTATION_STYLE_ASSIGNMENT((#5146));
#5148=STYLED_ITEM('',(#5147),#5145);
#5149=CARTESIAN_POINT('',(-3.62298E2,1.763150672789E2,-5.843669074617E0));
#5150=DIRECTION('',(0.E0,0.E0,-1.E0));
#5151=DIRECTION('',(0.E0,-1.E0,0.E0));
#5152=AXIS2_PLACEMENT_3D('',#5149,#5150,#5151);
#5154=CURVE_STYLE('',#135,POSITIVE_LENGTH_MEASURE(2.E-2),#119);
#5155=PRESENTATION_STYLE_ASSIGNMENT((#5154));
#5156=STYLED_ITEM('',(#5155),#5153);
#5157=DIRECTION('',(0.E0,-1.E0,0.E0));
#5158=VECTOR('',#5157,5.E-1);
#5159=CARTESIAN_POINT('',(-3.62798E2,1.768150672789E2,-5.843669074617E0));
#5160=LINE('',#5159,#5158);
#5161=CURVE_STYLE('',#135,POSITIVE_LENGTH_MEASURE(2.E-2),#119);
#5162=PRESENTATION_STYLE_ASSIGNMENT((#5161));
#5163=STYLED_ITEM('',(#5162),#5160);
#5164=CARTESIAN_POINT('',(-3.62298E2,1.768150672789E2,-5.843669074617E0));
#5165=DIRECTION('',(0.E0,0.E0,-1.E0));
#5166=DIRECTION('',(-1.E0,0.E0,0.E0));
#5167=AXIS2_PLACEMENT_3D('',#5164,#5165,#5166);
#5169=CURVE_STYLE('',#135,POSITIVE_LENGTH_MEASURE(2.E-2),#119);
#5170=PRESENTATION_STYLE_ASSIGNMENT((#5169));
#5171=STYLED_ITEM('',(#5170),#5168);
#5172=DIRECTION('',(-1.E0,-2.236395717308E-14,0.E0));
#5173=VECTOR('',#5172,2.541742430504E0);
#5174=CARTESIAN_POINT('',(-3.627562575695E2,1.770150672789E2,
-5.843669074617E0));
#5175=LINE('',#5174,#5173);
#5176=CURVE_STYLE('',#135,POSITIVE_LENGTH_MEASURE(2.E-2),#119);
#5177=PRESENTATION_STYLE_ASSIGNMENT((#5176));
#5178=STYLED_ITEM('',(#5177),#5175);
#5179=DIRECTION('',(-1.E0,0.E0,0.E0));
#5180=VECTOR('',#5179,3.E0);
#5181=CARTESIAN_POINT('',(-3.62298E2,1.773150672789E2,-5.543669074617E0));
#5182=LINE('',#5181,#5180);
#5183=CURVE_STYLE('',#135,POSITIVE_LENGTH_MEASURE(2.E-2),#119);
#5184=PRESENTATION_STYLE_ASSIGNMENT((#5183));
#5185=STYLED_ITEM('',(#5184),#5182);
#5186=DIRECTION('',(0.E0,0.E0,-1.E0));
#5187=VECTOR('',#5186,2.600229567042E0);
#5188=CARTESIAN_POINT('',(-3.62798E2,1.768150672789E2,-5.843669074617E0));
#5189=LINE('',#5188,#5187);
#5190=CURVE_STYLE('',#135,POSITIVE_LENGTH_MEASURE(2.E-2),#119);
#5191=PRESENTATION_STYLE_ASSIGNMENT((#5190));
#5192=STYLED_ITEM('',(#5191),#5189);
#5193=DIRECTION('',(0.E0,1.266246745470E-14,-1.E0));
#5194=VECTOR('',#5193,2.244563275846E0);
#5195=CARTESIAN_POINT('',(-3.62298E2,1.773150672789E2,-5.543669074617E0));
#5196=LINE('',#5195,#5194);
#5197=CURVE_STYLE('',#135,POSITIVE_LENGTH_MEASURE(2.E-2),#119);
#5198=PRESENTATION_STYLE_ASSIGNMENT((#5197));
#5199=STYLED_ITEM('',(#5198),#5196);
#5200=CARTESIAN_POINT('',(-3.62298E2,1.773150672789E2,-5.543669074617E0));
#5201=CARTESIAN_POINT('',(-3.623221494476E2,1.773150672789E2,
-5.562375156276E0));
#5202=CARTESIAN_POINT('',(-3.623693012919E2,1.773115830649E2,
-5.598896946220E0));
#5203=CARTESIAN_POINT('',(-3.624361954314E2,1.772971519151E2,
-5.650170334806E0));
#5204=CARTESIAN_POINT('',(-3.624982438676E2,1.772747380715E2,
-5.696777907952E0));
#5205=CARTESIAN_POINT('',(-3.625546909412E2,1.772456472243E2,
-5.737687405933E0));
#5206=CARTESIAN_POINT('',(-3.626048105274E2,1.772113322881E2,
-5.772248358544E0));
#5207=CARTESIAN_POINT('',(-3.626477259393E2,1.771738103133E2,
-5.799567774553E0));
#5208=CARTESIAN_POINT('',(-3.626835744413E2,1.771347628287E2,
-5.819868890441E0));
#5209=CARTESIAN_POINT('',(-3.627132246933E2,1.770949895231E2,
-5.833838359198E0));
#5210=CARTESIAN_POINT('',(-3.627374305859E2,1.770550523647E2,
-5.841929965104E0));
#5211=CARTESIAN_POINT('',(-3.627504721372E2,1.770283233696E2,
-5.843669074617E0));
#5212=CARTESIAN_POINT('',(-3.627562575695E2,1.770150672789E2,
-5.843669074617E0));
#5214=CURVE_STYLE('',#135,POSITIVE_LENGTH_MEASURE(2.E-2),#119);
#5215=PRESENTATION_STYLE_ASSIGNMENT((#5214));
#5216=STYLED_ITEM('',(#5215),#5213);
#5217=CARTESIAN_POINT('',(-3.65298E2,1.768150672789E2,-5.543669074617E0));
#5218=DIRECTION('',(0.E0,0.E0,-1.E0));
#5219=DIRECTION('',(-1.E0,0.E0,0.E0));
#5220=AXIS2_PLACEMENT_3D('',#5217,#5218,#5219);
#5222=CURVE_STYLE('',#135,POSITIVE_LENGTH_MEASURE(2.E-2),#119);
#5223=PRESENTATION_STYLE_ASSIGNMENT((#5222));
#5224=STYLED_ITEM('',(#5223),#5221);
#5225=CARTESIAN_POINT('',(-3.65498E2,1.768150672789E2,-5.543669074617E0));
#5226=DIRECTION('',(0.E0,1.E0,0.E0));
#5227=DIRECTION('',(0.E0,0.E0,-1.E0));
#5228=AXIS2_PLACEMENT_3D('',#5225,#5226,#5227);
#5230=CURVE_STYLE('',#135,POSITIVE_LENGTH_MEASURE(2.E-2),#119);
#5231=PRESENTATION_STYLE_ASSIGNMENT((#5230));
#5232=STYLED_ITEM('',(#5231),#5229);
#5233=CARTESIAN_POINT('',(-3.65298E2,1.770150672789E2,-5.543669074617E0));
#5234=DIRECTION('',(1.E0,0.E0,0.E0));
#5235=DIRECTION('',(0.E0,0.E0,-1.E0));
#5236=AXIS2_PLACEMENT_3D('',#5233,#5234,#5235);
#5238=CURVE_STYLE('',#135,POSITIVE_LENGTH_MEASURE(2.E-2),#119);
#5239=PRESENTATION_STYLE_ASSIGNMENT((#5238));
#5240=STYLED_ITEM('',(#5239),#5237);
#5241=DIRECTION('',(0.E0,0.E0,-1.E0));
#5242=VECTOR('',#5241,2.4E0);
#5243=CARTESIAN_POINT('',(-3.65798E2,1.768150672789E2,-3.143669074617E0));
#5244=LINE('',#5243,#5242);
#5245=CURVE_STYLE('',#135,POSITIVE_LENGTH_MEASURE(2.E-2),#119);
#5246=PRESENTATION_STYLE_ASSIGNMENT((#5245));
#5247=STYLED_ITEM('',(#5246),#5244);
#5248=DIRECTION('',(0.E0,0.E0,-1.E0));
#5249=VECTOR('',#5248,2.4E0);
#5250=CARTESIAN_POINT('',(-3.65298E2,1.773150672789E2,-3.143669074617E0));
#5251=LINE('',#5250,#5249);
#5252=CURVE_STYLE('',#135,POSITIVE_LENGTH_MEASURE(2.E-2),#119);
#5253=PRESENTATION_STYLE_ASSIGNMENT((#5252));
#5254=STYLED_ITEM('',(#5253),#5251);
#5255=CARTESIAN_POINT('',(-3.65298E2,1.768150672789E2,-3.143669074617E0));
#5256=DIRECTION('',(0.E0,0.E0,-1.E0));
#5257=DIRECTION('',(-1.E0,0.E0,0.E0));
#5258=AXIS2_PLACEMENT_3D('',#5255,#5256,#5257);
#5260=CURVE_STYLE('',#135,POSITIVE_LENGTH_MEASURE(2.E-2),#119);
#5261=PRESENTATION_STYLE_ASSIGNMENT((#5260));
#5262=STYLED_ITEM('',(#5261),#5259);
#5263=CARTESIAN_POINT('',(-3.65298E2,1.770150672789E2,-3.143669074617E0));
#5264=DIRECTION('',(-1.E0,0.E0,0.E0));
#5265=DIRECTION('',(0.E0,0.E0,1.E0));
#5266=AXIS2_PLACEMENT_3D('',#5263,#5264,#5265);
#5268=CURVE_STYLE('',#135,POSITIVE_LENGTH_MEASURE(2.E-2),#119);
#5269=PRESENTATION_STYLE_ASSIGNMENT((#5268));
#5270=STYLED_ITEM('',(#5269),#5267);
#5271=CARTESIAN_POINT('',(-3.65498E2,1.768150672789E2,-3.143669074617E0));
#5272=DIRECTION('',(0.E0,-1.E0,0.E0));
#5273=DIRECTION('',(0.E0,0.E0,1.E0));
#5274=AXIS2_PLACEMENT_3D('',#5271,#5272,#5273);
#5276=CURVE_STYLE('',#135,POSITIVE_LENGTH_MEASURE(2.E-2),#119);
#5277=PRESENTATION_STYLE_ASSIGNMENT((#5276));
#5278=STYLED_ITEM('',(#5277),#5275);
#5279=DIRECTION('',(-1.E0,0.E0,-5.457096712291E-8));
#5280=VECTOR('',#5279,2.5E0);
#5281=CARTESIAN_POINT('',(-3.62798E2,1.770150672789E2,-2.843668938190E0));
#5282=LINE('',#5281,#5280);
#5283=CURVE_STYLE('',#135,POSITIVE_LENGTH_MEASURE(2.E-2),#119);
#5284=PRESENTATION_STYLE_ASSIGNMENT((#5283));
#5285=STYLED_ITEM('',(#5284),#5282);
#5286=DIRECTION('',(-1.E0,0.E0,0.E0));
#5287=VECTOR('',#5286,4.5E0);
#5288=CARTESIAN_POINT('',(-3.60798E2,1.773150672789E2,-3.143669074617E0));
#5289=LINE('',#5288,#5287);
#5290=CURVE_STYLE('',#135,POSITIVE_LENGTH_MEASURE(2.E-2),#119);
#5291=PRESENTATION_STYLE_ASSIGNMENT((#5290));
#5292=STYLED_ITEM('',(#5291),#5289);
#5293=DIRECTION('',(-9.999999999996E-1,8.467504954976E-7,-5.305510741847E-8));
#5294=VECTOR('',#5293,2.000000000001E0);
#5295=CARTESIAN_POINT('',(-3.60798E2,1.770150655854E2,-2.843668832080E0));
#5296=LINE('',#5295,#5294);
#5297=CURVE_STYLE('',#135,POSITIVE_LENGTH_MEASURE(2.E-2),#119);
#5298=PRESENTATION_STYLE_ASSIGNMENT((#5297));
#5299=STYLED_ITEM('',(#5298),#5296);
#5300=CARTESIAN_POINT('',(-3.62298E2,1.763150672789E2,-2.843669074617E0));
#5301=DIRECTION('',(0.E0,0.E0,-1.E0));
#5302=DIRECTION('',(0.E0,-1.E0,0.E0));
#5303=AXIS2_PLACEMENT_3D('',#5300,#5301,#5302);
#5305=CURVE_STYLE('',#135,POSITIVE_LENGTH_MEASURE(2.E-2),#119);
#5306=PRESENTATION_STYLE_ASSIGNMENT((#5305));
#5307=STYLED_ITEM('',(#5306),#5304);
#5308=CARTESIAN_POINT('',(-3.65298E2,1.743150672789E2,-2.843669074617E0));
#5309=DIRECTION('',(0.E0,0.E0,-1.E0));
#5310=DIRECTION('',(0.E0,-1.E0,0.E0));
#5311=AXIS2_PLACEMENT_3D('',#5308,#5309,#5310);
#5313=CURVE_STYLE('',#135,POSITIVE_LENGTH_MEASURE(2.E-2),#119);
#5314=PRESENTATION_STYLE_ASSIGNMENT((#5313));
#5315=STYLED_ITEM('',(#5314),#5312);
#5316=CARTESIAN_POINT('',(-3.65298E2,1.768150672789E2,-2.843669074617E0));
#5317=DIRECTION('',(0.E0,0.E0,-1.E0));
#5318=DIRECTION('',(-1.E0,0.E0,0.E0));
#5319=AXIS2_PLACEMENT_3D('',#5316,#5317,#5318);
#5321=CURVE_STYLE('',#135,POSITIVE_LENGTH_MEASURE(2.E-2),#119);
#5322=PRESENTATION_STYLE_ASSIGNMENT((#5321));
#5323=STYLED_ITEM('',(#5322),#5320);
#5324=DIRECTION('',(0.E0,-2.842169909041E-14,-1.E0));
#5325=VECTOR('',#5324,1.000000363806E0);
#5326=CARTESIAN_POINT('',(-3.62798E2,1.763150672789E2,-1.843668710811E0));
#5327=LINE('',#5326,#5325);
#5328=CURVE_STYLE('',#135,POSITIVE_LENGTH_MEASURE(2.E-2),#119);
#5329=PRESENTATION_STYLE_ASSIGNMENT((#5328));
#5330=STYLED_ITEM('',(#5329),#5327);
#5331=DIRECTION('',(0.E0,-2.842169909041E-14,-1.E0));
#5332=VECTOR('',#5331,1.000000363806E0);
#5333=CARTESIAN_POINT('',(-3.62298E2,1.758150672789E2,-1.843668710811E0));
#5334=LINE('',#5333,#5332);
#5335=CURVE_STYLE('',#135,POSITIVE_LENGTH_MEASURE(2.E-2),#119);
#5336=PRESENTATION_STYLE_ASSIGNMENT((#5335));
#5337=STYLED_ITEM('',(#5336),#5334);
#5338=DIRECTION('',(0.E0,0.E0,-1.E0));
#5339=VECTOR('',#5338,2.4E0);
#5340=CARTESIAN_POINT('',(-3.64298E2,1.738150672789E2,-3.143669074617E0));
#5341=LINE('',#5340,#5339);
#5342=CURVE_STYLE('',#135,POSITIVE_LENGTH_MEASURE(2.E-2),#119);
#5343=PRESENTATION_STYLE_ASSIGNMENT((#5342));
#5344=STYLED_ITEM('',(#5343),#5341);
#5345=CARTESIAN_POINT('',(-3.64298E2,1.741150672789E2,-3.143669074617E0));
#5346=DIRECTION('',(-1.E0,0.E0,0.E0));
#5347=DIRECTION('',(0.E0,-1.E0,0.E0));
#5348=AXIS2_PLACEMENT_3D('',#5345,#5346,#5347);
#5350=CURVE_STYLE('',#135,POSITIVE_LENGTH_MEASURE(2.E-2),#119);
#5351=PRESENTATION_STYLE_ASSIGNMENT((#5350));
#5352=STYLED_ITEM('',(#5351),#5349);
#5353=DIRECTION('',(0.E0,1.E0,0.E0));
#5354=VECTOR('',#5353,1.7E0);
#5355=CARTESIAN_POINT('',(-3.64298E2,1.741150672789E2,-2.843669074617E0));
#5356=LINE('',#5355,#5354);
#5357=CURVE_STYLE('',#135,POSITIVE_LENGTH_MEASURE(2.E-2),#119);
#5358=PRESENTATION_STYLE_ASSIGNMENT((#5357));
#5359=STYLED_ITEM('',(#5358),#5356);
#5360=DIRECTION('',(0.E0,-1.E0,0.E0));
#5361=VECTOR('',#5360,1.7E0);
#5362=CARTESIAN_POINT('',(-3.64298E2,1.758150672789E2,-5.843669074617E0));
#5363=LINE('',#5362,#5361);
#5364=CURVE_STYLE('',#135,POSITIVE_LENGTH_MEASURE(2.E-2),#119);
#5365=PRESENTATION_STYLE_ASSIGNMENT((#5364));
#5366=STYLED_ITEM('',(#5365),#5363);
#5367=CARTESIAN_POINT('',(-3.64298E2,1.741150672789E2,-5.543669074617E0));
#5368=DIRECTION('',(1.E0,0.E0,0.E0));
#5369=DIRECTION('',(0.E0,-1.E0,0.E0));
#5370=AXIS2_PLACEMENT_3D('',#5367,#5368,#5369);
#5372=CURVE_STYLE('',#135,POSITIVE_LENGTH_MEASURE(2.E-2),#119);
#5373=PRESENTATION_STYLE_ASSIGNMENT((#5372));
#5374=STYLED_ITEM('',(#5373),#5371);
#5375=DIRECTION('',(0.E0,0.E0,-1.E0));
#5376=VECTOR('',#5375,2.4E0);
#5377=CARTESIAN_POINT('',(-3.65298E2,1.738150672789E2,-3.143669074617E0));
#5378=LINE('',#5377,#5376);
#5379=CURVE_STYLE('',#135,POSITIVE_LENGTH_MEASURE(2.E-2),#119);
#5380=PRESENTATION_STYLE_ASSIGNMENT((#5379));
#5381=STYLED_ITEM('',(#5380),#5378);
#5382=DIRECTION('',(0.E0,0.E0,-1.E0));
#5383=VECTOR('',#5382,2.4E0);
#5384=CARTESIAN_POINT('',(-3.65798E2,1.743150672789E2,-3.143669074617E0));
#5385=LINE('',#5384,#5383);
#5386=CURVE_STYLE('',#135,POSITIVE_LENGTH_MEASURE(2.E-2),#119);
#5387=PRESENTATION_STYLE_ASSIGNMENT((#5386));
#5388=STYLED_ITEM('',(#5387),#5385);
#5389=CARTESIAN_POINT('',(-3.65298E2,1.743150672789E2,-3.143669074617E0));
#5390=DIRECTION('',(0.E0,0.E0,-1.E0));
#5391=DIRECTION('',(0.E0,-1.E0,0.E0));
#5392=AXIS2_PLACEMENT_3D('',#5389,#5390,#5391);
#5394=CURVE_STYLE('',#135,POSITIVE_LENGTH_MEASURE(2.E-2),#119);
#5395=PRESENTATION_STYLE_ASSIGNMENT((#5394));
#5396=STYLED_ITEM('',(#5395),#5393);
#5397=CARTESIAN_POINT('',(-3.65498E2,1.743150672789E2,-3.143669074617E0));
#5398=DIRECTION('',(0.E0,-1.E0,0.E0));
#5399=DIRECTION('',(0.E0,0.E0,1.E0));
#5400=AXIS2_PLACEMENT_3D('',#5397,#5398,#5399);
#5402=CURVE_STYLE('',#135,POSITIVE_LENGTH_MEASURE(2.E-2),#119);
#5403=PRESENTATION_STYLE_ASSIGNMENT((#5402));
#5404=STYLED_ITEM('',(#5403),#5401);
#5405=CARTESIAN_POINT('',(-3.65298E2,1.741150672789E2,-3.143669074617E0));
#5406=DIRECTION('',(-1.E0,0.E0,0.E0));
#5407=DIRECTION('',(0.E0,-1.E0,0.E0));
#5408=AXIS2_PLACEMENT_3D('',#5405,#5406,#5407);
#5410=CURVE_STYLE('',#135,POSITIVE_LENGTH_MEASURE(2.E-2),#119);
#5411=PRESENTATION_STYLE_ASSIGNMENT((#5410));
#5412=STYLED_ITEM('',(#5411),#5409);
#5413=DIRECTION('',(0.E0,1.E0,0.E0));
#5414=VECTOR('',#5413,2.5E0);
#5415=CARTESIAN_POINT('',(-3.65498E2,1.743150672789E2,-2.843669074617E0));
#5416=LINE('',#5415,#5414);
#5417=CURVE_STYLE('',#135,POSITIVE_LENGTH_MEASURE(2.E-2),#119);
#5418=PRESENTATION_STYLE_ASSIGNMENT((#5417));
#5419=STYLED_ITEM('',(#5418),#5416);
#5420=DIRECTION('',(0.E0,1.E0,0.E0));
#5421=VECTOR('',#5420,2.5E0);
#5422=CARTESIAN_POINT('',(-3.65798E2,1.743150672789E2,-3.143669074617E0));
#5423=LINE('',#5422,#5421);
#5424=CURVE_STYLE('',#135,POSITIVE_LENGTH_MEASURE(2.E-2),#119);
#5425=PRESENTATION_STYLE_ASSIGNMENT((#5424));
#5426=STYLED_ITEM('',(#5425),#5423);
#5427=DIRECTION('',(0.E0,1.E0,0.E0));
#5428=VECTOR('',#5427,2.5E0);
#5429=CARTESIAN_POINT('',(-3.65498E2,1.743150672789E2,-5.843669074617E0));
#5430=LINE('',#5429,#5428);
#5431=CURVE_STYLE('',#135,POSITIVE_LENGTH_MEASURE(2.E-2),#119);
#5432=PRESENTATION_STYLE_ASSIGNMENT((#5431));
#5433=STYLED_ITEM('',(#5432),#5430);
#5434=DIRECTION('',(0.E0,1.E0,0.E0));
#5435=VECTOR('',#5434,2.5E0);
#5436=CARTESIAN_POINT('',(-3.65798E2,1.743150672789E2,-5.543669074617E0));
#5437=LINE('',#5436,#5435);
#5438=CURVE_STYLE('',#135,POSITIVE_LENGTH_MEASURE(2.E-2),#119);
#5439=PRESENTATION_STYLE_ASSIGNMENT((#5438));
#5440=STYLED_ITEM('',(#5439),#5437);
#5441=CARTESIAN_POINT('',(-3.65298E2,1.743150672789E2,-5.543669074617E0));
#5442=DIRECTION('',(0.E0,0.E0,-1.E0));
#5443=DIRECTION('',(0.E0,-1.E0,0.E0));
#5444=AXIS2_PLACEMENT_3D('',#5441,#5442,#5443);
#5446=CURVE_STYLE('',#135,POSITIVE_LENGTH_MEASURE(2.E-2),#119);
#5447=PRESENTATION_STYLE_ASSIGNMENT((#5446));
#5448=STYLED_ITEM('',(#5447),#5445);
#5449=CARTESIAN_POINT('',(-3.65298E2,1.741150672789E2,-5.543669074617E0));
#5450=DIRECTION('',(1.E0,0.E0,0.E0));
#5451=DIRECTION('',(0.E0,-1.E0,0.E0));
#5452=AXIS2_PLACEMENT_3D('',#5449,#5450,#5451);
#5454=CURVE_STYLE('',#135,POSITIVE_LENGTH_MEASURE(2.E-2),#119);
#5455=PRESENTATION_STYLE_ASSIGNMENT((#5454));
#5456=STYLED_ITEM('',(#5455),#5453);
#5457=CARTESIAN_POINT('',(-3.65498E2,1.743150672789E2,-5.543669074617E0));
#5458=DIRECTION('',(0.E0,1.E0,0.E0));
#5459=DIRECTION('',(0.E0,0.E0,-1.E0));
#5460=AXIS2_PLACEMENT_3D('',#5457,#5458,#5459);
#5462=CURVE_STYLE('',#135,POSITIVE_LENGTH_MEASURE(2.E-2),#119);
#5463=PRESENTATION_STYLE_ASSIGNMENT((#5462));
#5464=STYLED_ITEM('',(#5463),#5461);
#5465=DIRECTION('',(-1.E0,0.E0,0.E0));
#5466=VECTOR('',#5465,1.E0);
#5467=CARTESIAN_POINT('',(-3.64298E2,1.741150672789E2,-5.843669074617E0));
#5468=LINE('',#5467,#5466);
#5469=CURVE_STYLE('',#135,POSITIVE_LENGTH_MEASURE(2.E-2),#119);
#5470=PRESENTATION_STYLE_ASSIGNMENT((#5469));
#5471=STYLED_ITEM('',(#5470),#5468);
#5472=DIRECTION('',(-1.E0,2.842170943040E-14,0.E0));
#5473=VECTOR('',#5472,1.E0);
#5474=CARTESIAN_POINT('',(-3.64298E2,1.738150672789E2,-5.543669074617E0));
#5475=LINE('',#5474,#5473);
#5476=CURVE_STYLE('',#135,POSITIVE_LENGTH_MEASURE(2.E-2),#119);
#5477=PRESENTATION_STYLE_ASSIGNMENT((#5476));
#5478=STYLED_ITEM('',(#5477),#5475);
#5479=DIRECTION('',(-1.E0,-8.526512829121E-14,0.E0));
#5480=VECTOR('',#5479,1.E0);
#5481=CARTESIAN_POINT('',(-3.64298E2,1.741150672789E2,-2.843669074617E0));
#5482=LINE('',#5481,#5480);
#5483=CURVE_STYLE('',#135,POSITIVE_LENGTH_MEASURE(2.E-2),#119);
#5484=PRESENTATION_STYLE_ASSIGNMENT((#5483));
#5485=STYLED_ITEM('',(#5484),#5482);
#5486=DIRECTION('',(-1.E0,2.842170943040E-14,0.E0));
#5487=VECTOR('',#5486,1.E0);
#5488=CARTESIAN_POINT('',(-3.64298E2,1.738150672789E2,-3.143669074617E0));
#5489=LINE('',#5488,#5487);
#5490=CURVE_STYLE('',#135,POSITIVE_LENGTH_MEASURE(2.E-2),#119);
#5491=PRESENTATION_STYLE_ASSIGNMENT((#5490));
#5492=STYLED_ITEM('',(#5491),#5489);
#5493=CARTESIAN_POINT('',(-3.60798E2,1.770150672789E2,-3.143669074617E0));
#5494=DIRECTION('',(-1.E0,0.E0,0.E0));
#5495=DIRECTION('',(0.E0,-1.693498916211E-5,9.999999998566E-1));
#5496=AXIS2_PLACEMENT_3D('',#5493,#5494,#5495);
#5498=CURVE_STYLE('',#135,POSITIVE_LENGTH_MEASURE(2.E-2),#119);
#5499=PRESENTATION_STYLE_ASSIGNMENT((#5498));
#5500=STYLED_ITEM('',(#5499),#5497);
#5501=DIRECTION('',(0.E0,0.E0,-1.E0));
#5502=VECTOR('',#5501,4.644563275846E0);
#5503=CARTESIAN_POINT('',(-3.60798E2,1.773150672789E2,-3.143669074617E0));
#5504=LINE('',#5503,#5502);
#5505=CURVE_STYLE('',#135,POSITIVE_LENGTH_MEASURE(2.E-2),#119);
#5506=PRESENTATION_STYLE_ASSIGNMENT((#5505));
#5507=STYLED_ITEM('',(#5506),#5504);
#5508=DIRECTION('',(0.E0,9.643593832567E-1,2.645958804003E-1));
#5509=VECTOR('',#5508,2.246657669295E1);
#5510=CARTESIAN_POINT('',(-3.60798E2,1.773150672789E2,-7.788232350463E0));
#5511=LINE('',#5510,#5509);
#5512=CURVE_STYLE('',#135,POSITIVE_LENGTH_MEASURE(2.E-2),#119);
#5513=PRESENTATION_STYLE_ASSIGNMENT((#5512));
#5514=STYLED_ITEM('',(#5513),#5511);
#5515=DIRECTION('',(0.E0,0.E0,1.E0));
#5516=VECTOR('',#5515,9.999999999906E-1);
#5517=CARTESIAN_POINT('',(-3.60798E2,1.795221740601E2,-2.843668710811E0));
#5518=LINE('',#5517,#5516);
#5519=CURVE_STYLE('',#135,POSITIVE_LENGTH_MEASURE(2.E-2),#119);
#5520=PRESENTATION_STYLE_ASSIGNMENT((#5519));
#5521=STYLED_ITEM('',(#5520),#5518);
#5522=DIRECTION('',(2.594788384152E-9,2.594845227571E-9,1.E0));
#5523=VECTOR('',#5522,1.000000000002E0);
#5524=CARTESIAN_POINT('',(-3.609444466094E2,1.791686206695E2,
-2.843668710811E0));
#5525=LINE('',#5524,#5523);
#5526=CURVE_STYLE('',#135,POSITIVE_LENGTH_MEASURE(2.E-2),#119);
#5527=PRESENTATION_STYLE_ASSIGNMENT((#5526));
#5528=STYLED_ITEM('',(#5527),#5525);
#5529=CARTESIAN_POINT('',(-3.608211320526E2,1.793718478962E2,
-1.843649670193E0));
#5530=CARTESIAN_POINT('',(-3.608205279791E2,1.793737640150E2,
-1.843649670193E0));
#5531=CARTESIAN_POINT('',(-3.608150628379E2,1.793914896394E2,
-1.843745960397E0));
#5532=CARTESIAN_POINT('',(-3.608066095760E2,1.794254884824E2,
-1.843635608836E0));
#5533=CARTESIAN_POINT('',(-3.607995292221E2,1.794740334398E2,
-1.843678168524E0));
#5534=CARTESIAN_POINT('',(-3.60798E2,1.795062289171E2,-1.843668710821E0));
#5535=CARTESIAN_POINT('',(-3.60798E2,1.795221740601E2,-1.843668710820E0));
#5537=CURVE_STYLE('',#135,POSITIVE_LENGTH_MEASURE(2.E-2),#119);
#5538=PRESENTATION_STYLE_ASSIGNMENT((#5537));
#5539=STYLED_ITEM('',(#5538),#5536);
#5540=CARTESIAN_POINT('',(-3.607609521401E2,1.795962586170E2,
-1.654760959490E0));
#5541=CARTESIAN_POINT('',(-3.607658139062E2,1.795865043089E2,
-1.666675584123E0));
#5542=CARTESIAN_POINT('',(-3.607746191139E2,1.795688807852E2,
-1.690945781368E0));
#5543=CARTESIAN_POINT('',(-3.607849643801E2,1.795482359624E2,
-1.728049063129E0));
#5544=CARTESIAN_POINT('',(-3.607926038463E2,1.795329759639E2,
-1.766794261730E0));
#5545=CARTESIAN_POINT('',(-3.607971508115E2,1.795238871121E2,
-1.806831310383E0));
#5546=CARTESIAN_POINT('',(-3.60798E2,1.795220476526E2,-1.831592744818E0));
#5547=CARTESIAN_POINT('',(-3.60798E2,1.795221740601E2,-1.843668710820E0));
#5549=CURVE_STYLE('',#135,POSITIVE_LENGTH_MEASURE(2.E-2),#119);
#5550=PRESENTATION_STYLE_ASSIGNMENT((#5549));
#5551=STYLED_ITEM('',(#5550),#5548);
#5552=CARTESIAN_POINT('',(-3.607609521401E2,1.795962586170E2,
-1.654760959490E0));
#5553=CARTESIAN_POINT('',(-3.607638657355E2,1.795875699524E2,
-1.661881343101E0));
#5554=CARTESIAN_POINT('',(-3.607691575005E2,1.795707903770E2,
-1.675698570941E0));
#5555=CARTESIAN_POINT('',(-3.607758259631E2,1.795475687202E2,
-1.695080672078E0));
#5556=CARTESIAN_POINT('',(-3.607815560812E2,1.795260691150E2,
-1.713136430163E0));
#5557=CARTESIAN_POINT('',(-3.607865593955E2,1.795061771516E2,
-1.729860747226E0));
#5558=CARTESIAN_POINT('',(-3.607909864371E2,1.794878527867E2,
-1.745212447563E0));
#5559=CARTESIAN_POINT('',(-3.607949767645E2,1.794708986969E2,
-1.759296204179E0));
#5560=CARTESIAN_POINT('',(-3.607986277145E2,1.794555119087E2,
-1.772106717036E0));
#5561=CARTESIAN_POINT('',(-3.608019430065E2,1.794417376129E2,
-1.783627550959E0));
#5562=CARTESIAN_POINT('',(-3.608050634187E2,1.794290971766E2,
-1.793763285360E0));
#5563=CARTESIAN_POINT('',(-3.608080728677E2,1.794173398018E2,
-1.804222548279E0));
#5564=CARTESIAN_POINT('',(-3.608108686126E2,1.794067363822E2,
-1.816418974985E0));
#5565=CARTESIAN_POINT('',(-3.608136427599E2,1.793966776029E2,
-1.827940487682E0));
#5566=CARTESIAN_POINT('',(-3.608167976615E2,1.793857874707E2,
-1.838449687093E0));
#5567=CARTESIAN_POINT('',(-3.608195421232E2,1.793768548326E2,
-1.843184904685E0));
#5568=CARTESIAN_POINT('',(-3.608211320526E2,1.793718478962E2,
-1.843649670193E0));
#5570=CURVE_STYLE('',#135,POSITIVE_LENGTH_MEASURE(2.E-2),#119);
#5571=PRESENTATION_STYLE_ASSIGNMENT((#5570));
#5572=STYLED_ITEM('',(#5571),#5569);
#5573=CARTESIAN_POINT('',(-3.605908932188E2,1.788150672789E2,
-1.843668710811E0));
#5574=DIRECTION('',(7.071067811865E-1,7.071067811865E-1,0.E0));
#5575=DIRECTION('',(-7.071067811865E-1,7.071067811865E-1,0.E0));
#5576=AXIS2_PLACEMENT_3D('',#5573,#5574,#5575);
#5578=CURVE_STYLE('',#135,POSITIVE_LENGTH_MEASURE(2.E-2),#119);
#5579=PRESENTATION_STYLE_ASSIGNMENT((#5578));
#5580=STYLED_ITEM('',(#5579),#5577);
#5581=CARTESIAN_POINT('',(-3.609444466068E2,1.791686206721E2,
-1.843668710809E0));
#5582=CARTESIAN_POINT('',(-3.609330734622E2,1.791799938167E2,
-1.843671529097E0));
#5583=CARTESIAN_POINT('',(-3.609114755576E2,1.792037918640E2,
-1.843654589262E0));
#5584=CARTESIAN_POINT('',(-3.608828269756E2,1.792421840557E2,
-1.843735923430E0));
#5585=CARTESIAN_POINT('',(-3.608579738956E2,1.792831302042E2,
-1.843400581997E0));
#5586=CARTESIAN_POINT('',(-3.608371126339E2,1.793263356112E2,
-1.843204288326E0));
#5587=CARTESIAN_POINT('',(-3.608259702778E2,1.793564999721E2,
-1.843459508534E0));
#5588=CARTESIAN_POINT('',(-3.608211320526E2,1.793718478962E2,
-1.843649670193E0));
#5590=CURVE_STYLE('',#135,POSITIVE_LENGTH_MEASURE(2.E-2),#119);
#5591=PRESENTATION_STYLE_ASSIGNMENT((#5590));
#5592=STYLED_ITEM('',(#5591),#5589);
#5593=DIRECTION('',(0.E0,1.E0,4.828582914790E-13));
#5594=VECTOR('',#5593,1.945874726231E1);
#5595=CARTESIAN_POINT('',(-3.60798E2,1.795221740601E2,-1.843668710820E0));
#5596=LINE('',#5595,#5594);
#5597=CURVE_STYLE('',#135,POSITIVE_LENGTH_MEASURE(2.E-2),#119);
#5598=PRESENTATION_STYLE_ASSIGNMENT((#5597));
#5599=STYLED_ITEM('',(#5598),#5596);
#5600=CARTESIAN_POINT('',(-3.604302979402E2,2.007382975497E2,
-1.361489019183E0));
#5601=CARTESIAN_POINT('',(-3.604587982373E2,2.007097972526E2,
-1.369308781530E0));
#5602=CARTESIAN_POINT('',(-3.605031576378E2,2.006478761946E2,
-1.386298357339E0));
#5603=CARTESIAN_POINT('',(-3.605716601187E2,2.005161650691E2,
-1.422436566621E0));
#5604=CARTESIAN_POINT('',(-3.606339359744E2,2.003424365238E2,
-1.470103295637E0));
#5605=CARTESIAN_POINT('',(-3.606893934822E2,2.001264602363E2,
-1.529361739048E0));
#5606=CARTESIAN_POINT('',(-3.607446693381E2,1.998312257115E2,
-1.610366642770E0));
#5607=CARTESIAN_POINT('',(-3.607868255390E2,1.994516969556E2,
-1.714499756491E0));
#5608=CARTESIAN_POINT('',(-3.60798E2,1.991392963842E2,-1.800214590248E0));
#5609=CARTESIAN_POINT('',(-3.60798E2,1.989809213224E2,-1.843668710811E0));
#5611=CURVE_STYLE('',#135,POSITIVE_LENGTH_MEASURE(2.E-2),#119);
#5612=PRESENTATION_STYLE_ASSIGNMENT((#5611));
#5613=STYLED_ITEM('',(#5612),#5610);
#5614=DIRECTION('',(1.821365321448E-11,1.E0,1.578125863121E-9));
#5615=VECTOR('',#5614,2.034842140718E1);
#5616=CARTESIAN_POINT('',(-3.602980000004E2,1.805221740827E2,
-1.343668742923E0));
#5617=LINE('',#5616,#5615);
#5618=CURVE_STYLE('',#135,POSITIVE_LENGTH_MEASURE(2.E-2),#119);
#5619=PRESENTATION_STYLE_ASSIGNMENT((#5618));
#5620=STYLED_ITEM('',(#5619),#5617);
#5621=CARTESIAN_POINT('',(-3.602980000004E2,1.805221740827E2,
-1.343668742923E0));
#5622=CARTESIAN_POINT('',(-3.603276769704E2,1.804662958428E2,
-1.343668742923E0));
#5623=CARTESIAN_POINT('',(-3.603853513664E2,1.803573509687E2,
-1.349080983811E0));
#5624=CARTESIAN_POINT('',(-3.604619452610E2,1.801990978454E2,
-1.369119486661E0));
#5625=CARTESIAN_POINT('',(-3.605351255920E2,1.800558212076E2,
-1.401123680093E0));
#5626=CARTESIAN_POINT('',(-3.606031599984E2,1.799090398344E2,
-1.444463751760E0));
#5627=CARTESIAN_POINT('',(-3.606714416596E2,1.797818781802E2,
-1.506759177506E0));
#5628=CARTESIAN_POINT('',(-3.607260911781E2,1.796901564374E2,
-1.580439254099E0));
#5629=CARTESIAN_POINT('',(-3.607508774512E2,1.796265216292E2,
-1.630071138226E0));
#5630=CARTESIAN_POINT('',(-3.607609521401E2,1.795962586170E2,
-1.654760959490E0));
#5632=CURVE_STYLE('',#135,POSITIVE_LENGTH_MEASURE(2.E-2),#119);
#5633=PRESENTATION_STYLE_ASSIGNMENT((#5632));
#5634=STYLED_ITEM('',(#5633),#5631);
#5635=DIRECTION('',(7.071067811866E-1,7.071067811865E-1,0.E0));
#5636=VECTOR('',#5635,2.414213562373E0);
#5637=CARTESIAN_POINT('',(-3.626515533906E2,1.774615138883E2,
-2.843668710811E0));
#5638=LINE('',#5637,#5636);
#5639=CURVE_STYLE('',#135,POSITIVE_LENGTH_MEASURE(2.E-2),#119);
#5640=PRESENTATION_STYLE_ASSIGNMENT((#5639));
#5641=STYLED_ITEM('',(#5640),#5638);
#5642=CARTESIAN_POINT('',(-3.62298E2,1.771079604977E2,-2.843668710811E0));
#5643=DIRECTION('',(0.E0,0.E0,1.E0));
#5644=DIRECTION('',(-7.071067811881E-1,7.071067811850E-1,0.E0));
#5645=AXIS2_PLACEMENT_3D('',#5642,#5643,#5644);
#5647=CURVE_STYLE('',#135,POSITIVE_LENGTH_MEASURE(2.E-2),#119);
#5648=PRESENTATION_STYLE_ASSIGNMENT((#5647));
#5649=STYLED_ITEM('',(#5648),#5646);
#5650=DIRECTION('',(0.E0,-9.999999999970E-1,-2.447746303110E-6));
#5651=VECTOR('',#5650,9.289321881379E-2);
#5652=CARTESIAN_POINT('',(-3.62798E2,1.771079604977E2,-2.843668710811E0));
#5653=LINE('',#5652,#5651);
#5654=CURVE_STYLE('',#135,POSITIVE_LENGTH_MEASURE(2.E-2),#119);
#5655=PRESENTATION_STYLE_ASSIGNMENT((#5654));
#5656=STYLED_ITEM('',(#5655),#5653);
#5657=DIRECTION('',(0.E0,1.E0,4.836999249249E-8));
#5658=VECTOR('',#5657,2.507108474688E0);
#5659=CARTESIAN_POINT('',(-3.60798E2,1.770150655854E2,-2.843668832080E0));
#5660=LINE('',#5659,#5658);
#5661=CURVE_STYLE('',#135,POSITIVE_LENGTH_MEASURE(2.E-2),#119);
#5662=PRESENTATION_STYLE_ASSIGNMENT((#5661));
#5663=STYLED_ITEM('',(#5662),#5660);
#5664=CARTESIAN_POINT('',(-3.61298E2,1.795221740601E2,-2.843668710811E0));
#5665=DIRECTION('',(0.E0,0.E0,1.E0));
#5666=DIRECTION('',(7.071067811850E-1,-7.071067811881E-1,0.E0));
#5667=AXIS2_PLACEMENT_3D('',#5664,#5665,#5666);
#5669=CURVE_STYLE('',#135,POSITIVE_LENGTH_MEASURE(2.E-2),#119);
#5670=PRESENTATION_STYLE_ASSIGNMENT((#5669));
#5671=STYLED_ITEM('',(#5670),#5668);
#5672=DIRECTION('',(1.E0,-1.052655904830E-14,0.E0));
#5673=VECTOR('',#5672,2.7E0);
#5674=CARTESIAN_POINT('',(-3.62298E2,1.763150672789E2,-9.343669074617E0));
#5675=LINE('',#5674,#5673);
#5676=CURVE_STYLE('',#135,POSITIVE_LENGTH_MEASURE(2.E-2),#119);
#5677=PRESENTATION_STYLE_ASSIGNMENT((#5676));
#5678=STYLED_ITEM('',(#5677),#5675);
#5679=DIRECTION('',(1.E0,-1.052655904830E-14,0.E0));
#5680=VECTOR('',#5679,2.7E0);
#5681=CARTESIAN_POINT('',(-3.62298E2,1.758150672789E2,-8.843669074617E0));
#5682=LINE('',#5681,#5680);
#5683=CURVE_STYLE('',#135,POSITIVE_LENGTH_MEASURE(2.E-2),#119);
#5684=PRESENTATION_STYLE_ASSIGNMENT((#5683));
#5685=STYLED_ITEM('',(#5684),#5682);
#5686=DIRECTION('',(0.E0,-1.E0,0.E0));
#5687=VECTOR('',#5686,9.326508472290E-1);
#5688=CARTESIAN_POINT('',(-3.59598E2,1.772477181262E2,-9.343669074617E0));
#5689=LINE('',#5688,#5687);
#5690=CURVE_STYLE('',#135,POSITIVE_LENGTH_MEASURE(2.E-2),#119);
#5691=PRESENTATION_STYLE_ASSIGNMENT((#5690));
#5692=STYLED_ITEM('',(#5691),#5689);
#5693=DIRECTION('',(1.E0,1.052655904830E-14,0.E0));
#5694=VECTOR('',#5693,2.7E0);
#5695=CARTESIAN_POINT('',(-3.62298E2,1.772477181262E2,-9.343669074617E0));
#5696=LINE('',#5695,#5694);
#5697=CURVE_STYLE('',#135,POSITIVE_LENGTH_MEASURE(2.E-2),#119);
#5698=PRESENTATION_STYLE_ASSIGNMENT((#5697));
#5699=STYLED_ITEM('',(#5698),#5696);
#5700=DIRECTION('',(1.E0,-2.105311809660E-14,0.E0));
#5701=VECTOR('',#5700,2.7E0);
#5702=CARTESIAN_POINT('',(-3.62298E2,1.773800160664E2,-9.325848766246E0));
#5703=LINE('',#5702,#5701);
#5704=CURVE_STYLE('',#135,POSITIVE_LENGTH_MEASURE(2.E-2),#119);
#5705=PRESENTATION_STYLE_ASSIGNMENT((#5704));
#5706=STYLED_ITEM('',(#5705),#5703);
#5707=CARTESIAN_POINT('',(-3.62298E2,1.772477181262E2,-8.843669074617E0));
#5708=DIRECTION('',(1.E0,0.E0,0.E0));
#5709=DIRECTION('',(0.E0,6.976199720049E-2,-9.975636640068E-1));
#5710=AXIS2_PLACEMENT_3D('',#5707,#5708,#5709);
#5712=CURVE_STYLE('',#135,POSITIVE_LENGTH_MEASURE(2.E-2),#119);
#5713=PRESENTATION_STYLE_ASSIGNMENT((#5712));
#5714=STYLED_ITEM('',(#5713),#5711);
#5715=CARTESIAN_POINT('',(-3.62298E2,1.772477181262E2,-8.843669074617E0));
#5716=DIRECTION('',(0.E0,9.643593832567E-1,2.645958804003E-1));
#5717=DIRECTION('',(0.E0,2.645958804003E-1,-9.643593832567E-1));
#5718=AXIS2_PLACEMENT_3D('',#5715,#5716,#5717);
#5720=CURVE_STYLE('',#135,POSITIVE_LENGTH_MEASURE(2.E-2),#119);
#5721=PRESENTATION_STYLE_ASSIGNMENT((#5720));
#5722=STYLED_ITEM('',(#5721),#5719);
#5723=CARTESIAN_POINT('',(-3.62298E2,1.763150672789E2,-8.843669074617E0));
#5724=DIRECTION('',(-2.886751345949E-1,-4.082482904638E-1,8.660254037844E-1));
#5725=DIRECTION('',(-5.E-1,-7.071067811866E-1,-5.E-1));
#5726=AXIS2_PLACEMENT_3D('',#5723,#5724,#5725);
#5728=CURVE_STYLE('',#135,POSITIVE_LENGTH_MEASURE(2.E-2),#119);
#5729=PRESENTATION_STYLE_ASSIGNMENT((#5728));
#5730=STYLED_ITEM('',(#5729),#5727);
#5731=CARTESIAN_POINT('',(-3.62298E2,1.763150672789E2,-8.843669074617E0));
#5732=DIRECTION('',(-1.E0,0.E0,0.E0));
#5733=DIRECTION('',(0.E0,0.E0,-1.E0));
#5734=AXIS2_PLACEMENT_3D('',#5731,#5732,#5733);
#5736=CURVE_STYLE('',#135,POSITIVE_LENGTH_MEASURE(2.E-2),#119);
#5737=PRESENTATION_STYLE_ASSIGNMENT((#5736));
#5738=STYLED_ITEM('',(#5737),#5735);
#5739=CARTESIAN_POINT('',(-3.62298E2,1.763150672789E2,-8.843669074617E0));
#5740=DIRECTION('',(0.E0,1.E0,0.E0));
#5741=DIRECTION('',(0.E0,0.E0,-1.E0));
#5742=AXIS2_PLACEMENT_3D('',#5739,#5740,#5741);
#5744=CURVE_STYLE('',#135,POSITIVE_LENGTH_MEASURE(2.E-2),#119);
#5745=PRESENTATION_STYLE_ASSIGNMENT((#5744));
#5746=STYLED_ITEM('',(#5745),#5743);
#5747=CARTESIAN_POINT('',(-3.62298E2,1.763150672789E2,-8.843669074617E0));
#5748=DIRECTION('',(2.886751345948E-1,4.082482904639E-1,-8.660254037844E-1));
#5749=DIRECTION('',(-5.E-1,-7.071067811866E-1,-5.E-1));
#5750=AXIS2_PLACEMENT_3D('',#5747,#5748,#5749);
#5752=CURVE_STYLE('',#135,POSITIVE_LENGTH_MEASURE(2.E-2),#119);
#5753=PRESENTATION_STYLE_ASSIGNMENT((#5752));
#5754=STYLED_ITEM('',(#5753),#5751);
#5755=CARTESIAN_POINT('',(-3.62298E2,1.771079604977E2,-1.843668710811E0));
#5756=DIRECTION('',(0.E0,0.E0,1.E0));
#5757=DIRECTION('',(-7.071067811865E-1,7.071067811865E-1,0.E0));
#5758=AXIS2_PLACEMENT_3D('',#5755,#5756,#5757);
#5760=CURVE_STYLE('',#135,POSITIVE_LENGTH_MEASURE(2.E-2),#119);
#5761=PRESENTATION_STYLE_ASSIGNMENT((#5760));
#5762=STYLED_ITEM('',(#5761),#5759);
#5763=CARTESIAN_POINT('',(-3.62298E2,1.771079604977E2,-1.843668710811E0));
#5764=DIRECTION('',(7.071067811865E-1,7.071067811865E-1,0.E0));
#5765=DIRECTION('',(-7.071067811865E-1,7.071067811865E-1,0.E0));
#5766=AXIS2_PLACEMENT_3D('',#5763,#5764,#5765);
#5768=CURVE_STYLE('',#135,POSITIVE_LENGTH_MEASURE(2.E-2),#119);
#5769=PRESENTATION_STYLE_ASSIGNMENT((#5768));
#5770=STYLED_ITEM('',(#5769),#5767);
#5771=DIRECTION('',(0.E0,-1.E0,0.E0));
#5772=VECTOR('',#5771,4.029404510111E0);
#5773=CARTESIAN_POINT('',(-3.62298E2,2.049E2,-1.343668710811E0));
#5774=LINE('',#5773,#5772);
#5775=CURVE_STYLE('',#135,POSITIVE_LENGTH_MEASURE(2.E-2),#119);
#5776=PRESENTATION_STYLE_ASSIGNMENT((#5775));
#5777=STYLED_ITEM('',(#5776),#5774);
#5778=DIRECTION('',(0.E0,-1.E0,0.E0));
#5779=VECTOR('',#5778,4.029404510111E0);
#5780=CARTESIAN_POINT('',(-3.62798E2,2.049E2,-1.843668710811E0));
#5781=LINE('',#5780,#5779);
#5782=CURVE_STYLE('',#135,POSITIVE_LENGTH_MEASURE(2.E-2),#119);
#5783=PRESENTATION_STYLE_ASSIGNMENT((#5782));
#5784=STYLED_ITEM('',(#5783),#5781);
#5785=CARTESIAN_POINT('',(-3.62298E2,2.049E2,-1.843668710811E0));
#5786=DIRECTION('',(0.E0,1.E0,0.E0));
#5787=DIRECTION('',(-1.E0,0.E0,0.E0));
#5788=AXIS2_PLACEMENT_3D('',#5785,#5786,#5787);
#5790=CURVE_STYLE('',#135,POSITIVE_LENGTH_MEASURE(2.E-2),#119);
#5791=PRESENTATION_STYLE_ASSIGNMENT((#5790));
#5792=STYLED_ITEM('',(#5791),#5789);
#5793=CARTESIAN_POINT('',(-3.62298E2,2.049E2,-1.843668710811E0));
#5794=DIRECTION('',(0.E0,0.E0,-1.E0));
#5795=DIRECTION('',(-1.E0,0.E0,0.E0));
#5796=AXIS2_PLACEMENT_3D('',#5793,#5794,#5795);
#5798=CURVE_STYLE('',#135,POSITIVE_LENGTH_MEASURE(2.E-2),#119);
#5799=PRESENTATION_STYLE_ASSIGNMENT((#5798));
#5800=STYLED_ITEM('',(#5799),#5797);
#5801=CARTESIAN_POINT('',(-3.62298E2,2.049E2,-1.843668710811E0));
#5802=DIRECTION('',(1.E0,0.E0,0.E0));
#5803=DIRECTION('',(0.E0,3.162277660168E-1,9.486832980505E-1));
#5804=AXIS2_PLACEMENT_3D('',#5801,#5802,#5803);
#5806=CURVE_STYLE('',#135,POSITIVE_LENGTH_MEASURE(2.E-2),#119);
#5807=PRESENTATION_STYLE_ASSIGNMENT((#5806));
#5808=STYLED_ITEM('',(#5807),#5805);
#5809=CARTESIAN_POINT('',(-3.62298E2,2.049E2,-1.843668710811E0));
#5810=DIRECTION('',(-4.082482904639E-1,-8.660254037844E-1,2.886751345947E-1));
#5811=DIRECTION('',(-7.071067811866E-1,5.E-1,5.E-1));
#5812=AXIS2_PLACEMENT_3D('',#5809,#5810,#5811);
#5814=CURVE_STYLE('',#135,POSITIVE_LENGTH_MEASURE(2.E-2),#119);
#5815=PRESENTATION_STYLE_ASSIGNMENT((#5814));
#5816=STYLED_ITEM('',(#5815),#5813);
#5817=CARTESIAN_POINT('',(-3.62298E2,2.049E2,-1.843668710811E0));
#5818=DIRECTION('',(0.E0,0.E0,-1.E0));
#5819=DIRECTION('',(-9.045340337333E-1,4.264014327112E-1,0.E0));
#5820=AXIS2_PLACEMENT_3D('',#5817,#5818,#5819);
#5822=CURVE_STYLE('',#135,POSITIVE_LENGTH_MEASURE(2.E-2),#119);
#5823=PRESENTATION_STYLE_ASSIGNMENT((#5822));
#5824=STYLED_ITEM('',(#5823),#5821);
#5825=CARTESIAN_POINT('',(-3.62298E2,2.049E2,-1.843668710811E0));
#5826=DIRECTION('',(1.E0,0.E0,0.E0));
#5827=DIRECTION('',(0.E0,1.E0,0.E0));
#5828=AXIS2_PLACEMENT_3D('',#5825,#5826,#5827);
#5830=CURVE_STYLE('',#135,POSITIVE_LENGTH_MEASURE(2.E-2),#119);
#5831=PRESENTATION_STYLE_ASSIGNMENT((#5830));
#5832=STYLED_ITEM('',(#5831),#5829);
#5833=CARTESIAN_POINT('',(-3.62298E2,2.049E2,-1.843668710811E0));
#5834=DIRECTION('',(4.082482904639E-1,8.660254037844E-1,-2.886751345948E-1));
#5835=DIRECTION('',(-7.071067811866E-1,5.E-1,5.E-1));
#5836=AXIS2_PLACEMENT_3D('',#5833,#5834,#5835);
#5838=CURVE_STYLE('',#135,POSITIVE_LENGTH_MEASURE(2.E-2),#119);
#5839=PRESENTATION_STYLE_ASSIGNMENT((#5838));
#5840=STYLED_ITEM('',(#5839),#5837);
#5841=DIRECTION('',(-1.E0,0.E0,0.E0));
#5842=VECTOR('',#5841,9.5E0);
#5843=CARTESIAN_POINT('',(-3.52798E2,2.054E2,-1.843668710811E0));
#5844=LINE('',#5843,#5842);
#5845=CURVE_STYLE('',#135,POSITIVE_LENGTH_MEASURE(2.E-2),#119);
#5846=PRESENTATION_STYLE_ASSIGNMENT((#5845));
#5847=STYLED_ITEM('',(#5846),#5844);
#5848=DIRECTION('',(-1.E0,0.E0,0.E0));
#5849=VECTOR('',#5848,9.5E0);
#5850=CARTESIAN_POINT('',(-3.52798E2,2.049E2,-1.343668710811E0));
#5851=LINE('',#5850,#5849);
#5852=CURVE_STYLE('',#135,POSITIVE_LENGTH_MEASURE(2.E-2),#119);
#5853=PRESENTATION_STYLE_ASSIGNMENT((#5852));
#5854=STYLED_ITEM('',(#5853),#5851);
#5855=DIRECTION('',(0.E0,1.E0,0.E0));
#5856=VECTOR('',#5855,3.225059189562E1);
#5857=CARTESIAN_POINT('',(-3.45053E2,1.579073110953E2,1.221496260167E1));
#5858=LINE('',#5857,#5856);
#5859=CURVE_STYLE('',#135,POSITIVE_LENGTH_MEASURE(2.E-2),#119);
#5860=PRESENTATION_STYLE_ASSIGNMENT((#5859));
#5861=STYLED_ITEM('',(#5860),#5858);
#5862=DIRECTION('',(0.E0,1.E0,0.E0));
#5863=VECTOR('',#5862,3.267014171121E1);
#5864=CARTESIAN_POINT('',(-3.44553E2,1.579073110953E2,1.271496260167E1));
#5865=LINE('',#5864,#5863);
#5866=CURVE_STYLE('',#135,POSITIVE_LENGTH_MEASURE(2.E-2),#119);
#5867=PRESENTATION_STYLE_ASSIGNMENT((#5866));
#5868=STYLED_ITEM('',(#5867),#5865);
#5869=CARTESIAN_POINT('',(-3.44553E2,1.579073110953E2,1.221496260167E1));
#5870=DIRECTION('',(2.886751345948E-1,4.082482904639E-1,8.660254037844E-1));
#5871=DIRECTION('',(-5.E-1,-7.071067811866E-1,5.E-1));
#5872=AXIS2_PLACEMENT_3D('',#5869,#5870,#5871);
#5874=CURVE_STYLE('',#135,POSITIVE_LENGTH_MEASURE(2.E-2),#119);
#5875=PRESENTATION_STYLE_ASSIGNMENT((#5874));
#5876=STYLED_ITEM('',(#5875),#5873);
#5877=CARTESIAN_POINT('',(-3.44553E2,1.579073110953E2,1.221496260167E1));
#5878=DIRECTION('',(-2.886751345948E-1,-4.082482904639E-1,-8.660254037844E-1));
#5879=DIRECTION('',(-5.E-1,-7.071067811866E-1,5.E-1));
#5880=AXIS2_PLACEMENT_3D('',#5877,#5878,#5879);
#5882=CURVE_STYLE('',#135,POSITIVE_LENGTH_MEASURE(2.E-2),#119);
#5883=PRESENTATION_STYLE_ASSIGNMENT((#5882));
#5884=STYLED_ITEM('',(#5883),#5881);
#5885=CARTESIAN_POINT('',(-3.44553E2,1.579073110953E2,1.221496260167E1));
#5886=DIRECTION('',(0.E0,1.E0,0.E0));
#5887=DIRECTION('',(-9.486832980505E-1,0.E0,3.162277660169E-1));
#5888=AXIS2_PLACEMENT_3D('',#5885,#5886,#5887);
#5890=CURVE_STYLE('',#135,POSITIVE_LENGTH_MEASURE(2.E-2),#119);
#5891=PRESENTATION_STYLE_ASSIGNMENT((#5890));
#5892=STYLED_ITEM('',(#5891),#5889);
#5893=CARTESIAN_POINT('',(-3.44553E2,1.579073110953E2,1.221496260167E1));
#5894=DIRECTION('',(1.E0,0.E0,0.E0));
#5895=DIRECTION('',(0.E0,0.E0,1.E0));
#5896=AXIS2_PLACEMENT_3D('',#5893,#5894,#5895);
#5898=CURVE_STYLE('',#135,POSITIVE_LENGTH_MEASURE(2.E-2),#119);
#5899=PRESENTATION_STYLE_ASSIGNMENT((#5898));
#5900=STYLED_ITEM('',(#5899),#5897);
#5901=DIRECTION('',(1.E0,0.E0,0.E0));
#5902=VECTOR('',#5901,1.E0);
#5903=CARTESIAN_POINT('',(-3.45053E2,1.599073110953E2,7.499572363291E0));
#5904=LINE('',#5903,#5902);
#5905=CURVE_STYLE('',#135,POSITIVE_LENGTH_MEASURE(2.E-2),#119);
#5906=PRESENTATION_STYLE_ASSIGNMENT((#5905));
#5907=STYLED_ITEM('',(#5906),#5904);
#5908=DIRECTION('',(0.E0,0.E0,1.E0));
#5909=VECTOR('',#5908,1.034324107410E1);
#5910=CARTESIAN_POINT('',(-3.43553E2,1.604073110953E2,-2.843668710811E0));
#5911=LINE('',#5910,#5909);
#5912=CURVE_STYLE('',#135,POSITIVE_LENGTH_MEASURE(2.E-2),#119);
#5913=PRESENTATION_STYLE_ASSIGNMENT((#5912));
#5914=STYLED_ITEM('',(#5913),#5911);
#5915=CARTESIAN_POINT('',(-3.43553E2,1.604073110953E2,-2.843668710811E0));
#5916=CARTESIAN_POINT('',(-3.43553E2,1.603910613281E2,-2.843668710811E0));
#5917=CARTESIAN_POINT('',(-3.435545489696E2,1.603582394145E2,
-2.842084116130E0));
#5918=CARTESIAN_POINT('',(-3.435622571499E2,1.603070318367E2,
-2.834378222783E0));
#5919=CARTESIAN_POINT('',(-3.435747335748E2,1.602589771035E2,
-2.821955779762E0));
#5920=CARTESIAN_POINT('',(-3.435911864767E2,1.602131143317E2,
-2.805484474361E0));
#5921=CARTESIAN_POINT('',(-3.436163857904E2,1.601617008551E2,
-2.780146272703E0));
#5922=CARTESIAN_POINT('',(-3.436430502552E2,1.601193930939E2,
-2.753487399204E0));
#5923=CARTESIAN_POINT('',(-3.436799314120E2,1.600725312684E2,
-2.716743914105E0));
#5924=CARTESIAN_POINT('',(-3.437232654540E2,1.600297635057E2,
-2.673386879064E0));
#5925=CARTESIAN_POINT('',(-3.437741867390E2,1.599904527291E2,
-2.622372396075E0));
#5926=CARTESIAN_POINT('',(-3.438347691454E2,1.599555533960E2,
-2.561875710374E0));
#5927=CARTESIAN_POINT('',(-3.439026141953E2,1.599285206558E2,
-2.494066987885E0));
#5928=CARTESIAN_POINT('',(-3.439764916318E2,1.599112464828E2,
-2.420163565485E0));
#5929=CARTESIAN_POINT('',(-3.440272357924E2,1.599073110953E2,
-2.369432918400E0));
#5930=CARTESIAN_POINT('',(-3.44053E2,1.599073110953E2,-2.343668710811E0));
#5932=CURVE_STYLE('',#135,POSITIVE_LENGTH_MEASURE(2.E-2),#119);
#5933=PRESENTATION_STYLE_ASSIGNMENT((#5932));
#5934=STYLED_ITEM('',(#5933),#5931);
#5935=DIRECTION('',(0.E0,0.E0,1.E0));
#5936=VECTOR('',#5935,9.843241074102E0);
#5937=CARTESIAN_POINT('',(-3.44053E2,1.599073110953E2,-2.343668710811E0));
#5938=LINE('',#5937,#5936);
#5939=CURVE_STYLE('',#135,POSITIVE_LENGTH_MEASURE(2.E-2),#119);
#5940=PRESENTATION_STYLE_ASSIGNMENT((#5939));
#5941=STYLED_ITEM('',(#5940),#5938);
#5942=DIRECTION('',(-1.E0,-1.894780628694E-14,0.E0));
#5943=VECTOR('',#5942,1.5E0);
#5944=CARTESIAN_POINT('',(-3.43553E2,1.604073110953E2,-2.843668710811E0));
#5945=LINE('',#5944,#5943);
#5946=CURVE_STYLE('',#135,POSITIVE_LENGTH_MEASURE(2.E-2),#119);
#5947=PRESENTATION_STYLE_ASSIGNMENT((#5946));
#5948=STYLED_ITEM('',(#5947),#5945);
#5949=DIRECTION('',(-1.E0,0.E0,0.E0));
#5950=VECTOR('',#5949,1.E0);
#5951=CARTESIAN_POINT('',(-3.44053E2,1.599073110953E2,-2.343668710811E0));
#5952=LINE('',#5951,#5950);
#5953=CURVE_STYLE('',#135,POSITIVE_LENGTH_MEASURE(2.E-2),#119);
#5954=PRESENTATION_STYLE_ASSIGNMENT((#5953));
#5955=STYLED_ITEM('',(#5954),#5952);
#5956=DIRECTION('',(1.E0,0.E0,3.259022681353E-10));
#5957=VECTOR('',#5956,8.999999999999E-1);
#5958=CARTESIAN_POINT('',(-3.42053E2,1.589073110953E2,2.412910280903E1));
#5959=LINE('',#5958,#5957);
#5960=CURVE_STYLE('',#135,POSITIVE_LENGTH_MEASURE(2.E-2),#119);
#5961=PRESENTATION_STYLE_ASSIGNMENT((#5960));
#5962=STYLED_ITEM('',(#5961),#5959);
#5963=DIRECTION('',(1.E0,6.252776074689E-12,2.052679014418E-13));
#5964=VECTOR('',#5963,8.999999999999E-1);
#5965=CARTESIAN_POINT('',(-3.42053E2,1.674073110948E2,3.262910280905E1));
#5966=LINE('',#5965,#5964);
#5967=CURVE_STYLE('',#135,POSITIVE_LENGTH_MEASURE(2.E-2),#119);
#5968=PRESENTATION_STYLE_ASSIGNMENT((#5967));
#5969=STYLED_ITEM('',(#5968),#5966);
#5970=DIRECTION('',(0.E0,-1.E0,-2.331652356753E-14));
#5971=VECTOR('',#5970,9.142135623721E-1);
#5972=CARTESIAN_POINT('',(-3.404E2,1.888074567538E2,3.592999964820E1));
#5973=LINE('',#5972,#5971);
#5974=CURVE_STYLE('',#135,POSITIVE_LENGTH_MEASURE(2.E-2),#119);
#5975=PRESENTATION_STYLE_ASSIGNMENT((#5974));
#5976=STYLED_ITEM('',(#5975),#5973);
#5977=DIRECTION('',(0.E0,7.071067811866E-1,7.071067811865E-1));
#5978=VECTOR('',#5977,4.668173077939E0);
#5979=CARTESIAN_POINT('',(-3.404E2,1.855065599146E2,3.262910280903E1));
#5980=LINE('',#5979,#5978);
#5981=CURVE_STYLE('',#135,POSITIVE_LENGTH_MEASURE(2.E-2),#119);
#5982=PRESENTATION_STYLE_ASSIGNMENT((#5981));
#5983=STYLED_ITEM('',(#5982),#5980);
#5984=DIRECTION('',(0.E0,1.E0,-3.466297383542E-14));
#5985=VECTOR('',#5984,1.106924867821E1);
#5986=CARTESIAN_POINT('',(-3.404E2,1.744373112364E2,3.262910280903E1));
#5987=LINE('',#5986,#5985);
#5988=CURVE_STYLE('',#135,POSITIVE_LENGTH_MEASURE(2.E-2),#119);
#5989=PRESENTATION_STYLE_ASSIGNMENT((#5988));
#5990=STYLED_ITEM('',(#5989),#5987);
#5991=DIRECTION('',(3.410605131575E-13,-1.515824502922E-13,-1.E0));
#5992=VECTOR('',#5991,1.500000000032E0);
#5993=CARTESIAN_POINT('',(-3.404E2,1.744373112364E2,3.412910280907E1));
#5994=LINE('',#5993,#5992);
#5995=CURVE_STYLE('',#135,POSITIVE_LENGTH_MEASURE(2.E-2),#119);
#5996=PRESENTATION_STYLE_ASSIGNMENT((#5995));
#5997=STYLED_ITEM('',(#5996),#5994);
#5998=DIRECTION('',(9.991205629074E-14,1.E0,-2.359034662420E-14));
#5999=VECTOR('',#5998,1.024082155328E1);
#6000=CARTESIAN_POINT('',(-3.404E2,1.744373112364E2,3.412910280907E1));
#6001=LINE('',#6000,#5999);
#6002=CURVE_STYLE('',#135,POSITIVE_LENGTH_MEASURE(2.E-2),#119);
#6003=PRESENTATION_STYLE_ASSIGNMENT((#6002));
#6004=STYLED_ITEM('',(#6003),#6001);
#6005=CARTESIAN_POINT('',(-3.404E2,1.846781327900E2,3.462910280908E1));
#6006=DIRECTION('',(-1.E0,1.387923669726E-13,1.359797690221E-13));
#6007=DIRECTION('',(0.E0,7.071067811873E-1,-7.071067811858E-1));
#6008=AXIS2_PLACEMENT_3D('',#6005,#6006,#6007);
#6010=CURVE_STYLE('',#135,POSITIVE_LENGTH_MEASURE(2.E-2),#119);
#6011=PRESENTATION_STYLE_ASSIGNMENT((#6010));
#6012=STYLED_ITEM('',(#6011),#6009);
#6013=DIRECTION('',(9.615863379115E-14,7.071067811839E-1,7.071067811892E-1));
#6014=VECTOR('',#6013,3.546852734052E0);
#6015=CARTESIAN_POINT('',(-3.404E2,1.850316861806E2,3.427554941849E1));
#6016=LINE('',#6015,#6014);
#6017=CURVE_STYLE('',#135,POSITIVE_LENGTH_MEASURE(2.E-2),#119);
#6018=PRESENTATION_STYLE_ASSIGNMENT((#6017));
#6019=STYLED_ITEM('',(#6018),#6016);
#6020=CARTESIAN_POINT('',(-3.404E2,1.878932431914E2,3.642999964820E1));
#6021=DIRECTION('',(1.E0,0.E0,0.E0));
#6022=DIRECTION('',(0.E0,-7.071067821129E-1,7.071067802602E-1));
#6023=AXIS2_PLACEMENT_3D('',#6020,#6021,#6022);
#6025=CURVE_STYLE('',#135,POSITIVE_LENGTH_MEASURE(2.E-2),#119);
#6026=PRESENTATION_STYLE_ASSIGNMENT((#6025));
#6027=STYLED_ITEM('',(#6026),#6024);
#6028=DIRECTION('',(0.E0,-1.E0,-2.331652356752E-14));
#6029=VECTOR('',#6028,9.142135623725E-1);
#6030=CARTESIAN_POINT('',(-3.369E2,1.888074567538E2,3.592999964820E1));
#6031=LINE('',#6030,#6029);
#6032=CURVE_STYLE('',#135,POSITIVE_LENGTH_MEASURE(2.E-2),#119);
#6033=PRESENTATION_STYLE_ASSIGNMENT((#6032));
#6034=STYLED_ITEM('',(#6033),#6031);
#6035=DIRECTION('',(1.E0,0.E0,0.E0));
#6036=VECTOR('',#6035,3.5E0);
#6037=CARTESIAN_POINT('',(-3.404E2,1.888074567538E2,3.592999964820E1));
#6038=LINE('',#6037,#6036);
#6039=CURVE_STYLE('',#135,POSITIVE_LENGTH_MEASURE(2.E-2),#119);
#6040=PRESENTATION_STYLE_ASSIGNMENT((#6039));
#6041=STYLED_ITEM('',(#6040),#6038);
#6042=DIRECTION('',(1.E0,-3.206094022514E-11,-3.206094022514E-11));
#6043=VECTOR('',#6042,4.353553390280E0);
#6044=CARTESIAN_POINT('',(-3.404E2,1.875396898007E2,3.678355303862E1));
#6045=LINE('',#6044,#6043);
#6046=CURVE_STYLE('',#135,POSITIVE_LENGTH_MEASURE(2.E-2),#119);
#6047=PRESENTATION_STYLE_ASSIGNMENT((#6046));
#6048=STYLED_ITEM('',(#6047),#6045);
#6049=DIRECTION('',(1.E0,-1.218073261303E-13,0.E0));
#6050=VECTOR('',#6049,3.5E0);
#6051=CARTESIAN_POINT('',(-3.404E2,1.878932431914E2,3.592999964820E1));
#6052=LINE('',#6051,#6050);
#6053=CURVE_STYLE('',#135,POSITIVE_LENGTH_MEASURE(2.E-2),#119);
#6054=PRESENTATION_STYLE_ASSIGNMENT((#6053));
#6055=STYLED_ITEM('',(#6054),#6052);
#6056=DIRECTION('',(-5.773502691896E-1,-5.773502691896E-1,-5.773502691896E-1));
#6057=VECTOR('',#6056,1.732050807569E0);
#6058=CARTESIAN_POINT('',(-3.359E2,1.898074567538E2,3.692999964820E1));
#6059=LINE('',#6058,#6057);
#6060=CURVE_STYLE('',#135,POSITIVE_LENGTH_MEASURE(2.E-2),#119);
#6061=PRESENTATION_STYLE_ASSIGNMENT((#6060));
#6062=STYLED_ITEM('',(#6061),#6059);
#6063=CARTESIAN_POINT('',(-3.369E2,1.878932431914E2,3.592999964820E1));
#6064=CARTESIAN_POINT('',(-3.369E2,1.878652691850E2,3.592999964820E1));
#6065=CARTESIAN_POINT('',(-3.368958464979E2,1.878206687511E2,3.593415315031E1));
#6066=CARTESIAN_POINT('',(-3.368809903932E2,1.877493603582E2,3.594900925498E1));
#6067=CARTESIAN_POINT('',(-3.368549071380E2,1.876807511044E2,3.597509251015E1));
#6068=CARTESIAN_POINT('',(-3.368175167784E2,1.876150594280E2,3.601248286975E1));
#6069=CARTESIAN_POINT('',(-3.367618510192E2,1.875433490590E2,3.606814862900E1));
#6070=CARTESIAN_POINT('',(-3.366840508676E2,1.874761629616E2,3.614594878060E1));
#6071=CARTESIAN_POINT('',(-3.365808626398E2,1.874223903654E2,3.624913700840E1));
#6072=CARTESIAN_POINT('',(-3.364686105700E2,1.873933806459E2,3.636138907822E1));
#6073=CARTESIAN_POINT('',(-3.363670636426E2,1.873910719463E2,3.646293600561E1));
#6074=CARTESIAN_POINT('',(-3.362795624227E2,1.874063376730E2,3.655043722546E1));
#6075=CARTESIAN_POINT('',(-3.362100040910E2,1.874285305304E2,3.661999555717E1));
#6076=CARTESIAN_POINT('',(-3.361347103199E2,1.874663928997E2,3.669528932827E1));
#6077=CARTESIAN_POINT('',(-3.360787482106E2,1.875073881998E2,3.675125143763E1));
#6078=CARTESIAN_POINT('',(-3.360464466103E2,1.875396897999E2,3.678355303791E1));
#6080=CURVE_STYLE('',#135,POSITIVE_LENGTH_MEASURE(2.E-2),#119);
#6081=PRESENTATION_STYLE_ASSIGNMENT((#6080));
#6082=STYLED_ITEM('',(#6081),#6079);
#6083=DIRECTION('',(-5.773502691646E-1,-5.773502692398E-1,-5.773502691644E-1));
#6084=VECTOR('',#6083,2.536529686415E-1);
#6085=CARTESIAN_POINT('',(-3.359E2,1.876861364103E2,3.692999964820E1));
#6086=LINE('',#6085,#6084);
#6087=CURVE_STYLE('',#135,POSITIVE_LENGTH_MEASURE(2.E-2),#119);
#6088=PRESENTATION_STYLE_ASSIGNMENT((#6087));
#6089=STYLED_ITEM('',(#6088),#6086);
#6090=DIRECTION('',(-2.679624462894E-14,-1.E0,-6.364108099374E-14));
#6091=VECTOR('',#6090,2.121320343501E0);
#6092=CARTESIAN_POINT('',(-3.359E2,1.898074567538E2,3.692999964820E1));
#6093=LINE('',#6092,#6091);
#6094=CURVE_STYLE('',#135,POSITIVE_LENGTH_MEASURE(2.E-2),#119);
#6095=PRESENTATION_STYLE_ASSIGNMENT((#6094));
#6096=STYLED_ITEM('',(#6095),#6093);
#6097=DIRECTION('',(-7.918518585924E-14,-7.071067811832E-1,-7.071067811899E-1));
#6098=VECTOR('',#6097,2.871416831014E0);
#6099=CARTESIAN_POINT('',(-3.359E2,1.897165347231E2,3.896039796103E1));
#6100=LINE('',#6099,#6098);
#6101=CURVE_STYLE('',#135,POSITIVE_LENGTH_MEASURE(2.E-2),#119);
#6102=PRESENTATION_STYLE_ASSIGNMENT((#6101));
#6103=STYLED_ITEM('',(#6102),#6100);
#6104=CARTESIAN_POINT('',(-3.359E2,1.900700881135E2,3.860684457030E1));
#6105=DIRECTION('',(-1.E0,0.E0,0.E0));
#6106=DIRECTION('',(0.E0,-7.071067802627E-1,7.071067821104E-1));
#6107=AXIS2_PLACEMENT_3D('',#6104,#6105,#6106);
#6109=CURVE_STYLE('',#135,POSITIVE_LENGTH_MEASURE(2.E-2),#119);
#6110=PRESENTATION_STYLE_ASSIGNMENT((#6109));
#6111=STYLED_ITEM('',(#6110),#6108);
#6112=DIRECTION('',(0.E0,0.E0,-1.E0));
#6113=VECTOR('',#6112,9.142135623718E-1);
#6114=CARTESIAN_POINT('',(-3.359E2,1.905700881135E2,3.860684457030E1));
#6115=LINE('',#6114,#6113);
#6116=CURVE_STYLE('',#135,POSITIVE_LENGTH_MEASURE(2.E-2),#119);
#6117=PRESENTATION_STYLE_ASSIGNMENT((#6116));
#6118=STYLED_ITEM('',(#6117),#6115);
#6119=DIRECTION('',(0.E0,-7.071067811866E-1,-7.071067811865E-1));
#6120=VECTOR('',#6119,1.078523612026E0);
#6121=CARTESIAN_POINT('',(-3.359E2,1.905700881135E2,3.769263100793E1));
#6122=LINE('',#6121,#6120);
#6123=CURVE_STYLE('',#135,POSITIVE_LENGTH_MEASURE(2.E-2),#119);
#6124=PRESENTATION_STYLE_ASSIGNMENT((#6123));
#6125=STYLED_ITEM('',(#6124),#6122);
#6126=DIRECTION('',(-1.E0,1.455284661210E-14,1.091463495908E-14));
#6127=VECTOR('',#6126,1.952999999792E0);
#6128=CARTESIAN_POINT('',(-3.404E2,1.850316861806E2,3.427554941849E1));
#6129=LINE('',#6128,#6127);
#6130=CURVE_STYLE('',#135,POSITIVE_LENGTH_MEASURE(2.E-2),#119);
#6131=PRESENTATION_STYLE_ASSIGNMENT((#6130));
#6132=STYLED_ITEM('',(#6131),#6129);
#6133=DIRECTION('',(-1.E0,1.479733443519E-10,8.426098188410E-12));
#6134=VECTOR('',#6133,1.952999999791E0);
#6135=CARTESIAN_POINT('',(-3.404E2,1.846781327897E2,3.412910280907E1));
#6136=LINE('',#6135,#6134);
#6137=CURVE_STYLE('',#135,POSITIVE_LENGTH_MEASURE(2.E-2),#119);
#6138=PRESENTATION_STYLE_ASSIGNMENT((#6137));
#6139=STYLED_ITEM('',(#6138),#6136);
#6140=DIRECTION('',(-1.E0,0.E0,0.E0));
#6141=VECTOR('',#6140,1.1156E1);
#6142=CARTESIAN_POINT('',(-3.52798E2,1.954E2,1.002750574417E1));
#6143=LINE('',#6142,#6141);
#6144=CURVE_STYLE('',#135,POSITIVE_LENGTH_MEASURE(2.E-2),#119);
#6145=PRESENTATION_STYLE_ASSIGNMENT((#6144));
#6146=STYLED_ITEM('',(#6145),#6143);
#6147=DIRECTION('',(-1.E0,0.E0,0.E0));
#6148=VECTOR('',#6147,8.604999988272E0);
#6149=CARTESIAN_POINT('',(-3.52798E2,1.982504327132E2,1.215064991875E1));
#6150=LINE('',#6149,#6148);
#6151=CURVE_STYLE('',#135,POSITIVE_LENGTH_MEASURE(2.E-2),#119);
#6152=PRESENTATION_STYLE_ASSIGNMENT((#6151));
#6153=STYLED_ITEM('',(#6152),#6150);
#6154=DIRECTION('',(-1.E0,0.E0,0.E0));
#6155=VECTOR('',#6154,8.604999988272E0);
#6156=CARTESIAN_POINT('',(-3.52798E2,1.983321436144E2,1.350565465312E1));
#6157=LINE('',#6156,#6155);
#6158=CURVE_STYLE('',#135,POSITIVE_LENGTH_MEASURE(2.E-2),#119);
#6159=PRESENTATION_STYLE_ASSIGNMENT((#6158));
#6160=STYLED_ITEM('',(#6159),#6157);
#6161=DIRECTION('',(-1.E0,0.E0,0.E0));
#6162=VECTOR('',#6161,1.1156E1);
#6163=CARTESIAN_POINT('',(-3.52798E2,1.954E2,1.597750574417E1));
#6164=LINE('',#6163,#6162);
#6165=CURVE_STYLE('',#135,POSITIVE_LENGTH_MEASURE(2.E-2),#119);
#6166=PRESENTATION_STYLE_ASSIGNMENT((#6165));
#6167=STYLED_ITEM('',(#6166),#6164);
#6168=DIRECTION('',(7.071067811865E-1,7.071067811865E-1,0.E0));
#6169=VECTOR('',#6168,7.071067811865E-1);
#6170=CARTESIAN_POINT('',(-3.64454E2,1.97875E2,1.300250574417E1));
#6171=LINE('',#6170,#6169);
#6172=CURVE_STYLE('',#135,POSITIVE_LENGTH_MEASURE(2.E-2),#119);
#6173=PRESENTATION_STYLE_ASSIGNMENT((#6172));
#6174=STYLED_ITEM('',(#6173),#6171);
#6175=CARTESIAN_POINT('',(-3.63954E2,1.954E2,1.300250574417E1));
#6176=DIRECTION('',(-1.E0,0.E0,0.E0));
#6177=DIRECTION('',(0.E0,0.E0,1.E0));
#6178=AXIS2_PLACEMENT_3D('',#6175,#6176,#6177);
#6180=CURVE_STYLE('',#135,POSITIVE_LENGTH_MEASURE(2.E-2),#119);
#6181=PRESENTATION_STYLE_ASSIGNMENT((#6180));
#6182=STYLED_ITEM('',(#6181),#6179);
#6183=CARTESIAN_POINT('',(-3.63954E2,1.954E2,1.300250574417E1));
#6184=DIRECTION('',(-1.E0,0.E0,0.E0));
#6185=DIRECTION('',(0.E0,-1.E0,0.E0));
#6186=AXIS2_PLACEMENT_3D('',#6183,#6184,#6185);
#6188=CURVE_STYLE('',#135,POSITIVE_LENGTH_MEASURE(2.E-2),#119);
#6189=PRESENTATION_STYLE_ASSIGNMENT((#6188));
#6190=STYLED_ITEM('',(#6189),#6187);
#6191=DIRECTION('',(7.071067811865E-1,-7.071067811865E-1,0.E0));
#6192=VECTOR('',#6191,7.071067811865E-1);
#6193=CARTESIAN_POINT('',(-3.64454E2,1.92925E2,1.300250574417E1));
#6194=LINE('',#6193,#6192);
#6195=CURVE_STYLE('',#135,POSITIVE_LENGTH_MEASURE(2.E-2),#119);
#6196=PRESENTATION_STYLE_ASSIGNMENT((#6195));
#6197=STYLED_ITEM('',(#6196),#6194);
#6198=CARTESIAN_POINT('',(-3.64454E2,1.954E2,1.300250574417E1));
#6199=DIRECTION('',(-1.E0,0.E0,0.E0));
#6200=DIRECTION('',(0.E0,0.E0,-1.E0));
#6201=AXIS2_PLACEMENT_3D('',#6198,#6199,#6200);
#6203=CURVE_STYLE('',#135,POSITIVE_LENGTH_MEASURE(2.E-2),#119);
#6204=PRESENTATION_STYLE_ASSIGNMENT((#6203));
#6205=STYLED_ITEM('',(#6204),#6202);
#6206=CARTESIAN_POINT('',(-3.64454E2,1.954E2,1.300250574417E1));
#6207=DIRECTION('',(-1.E0,0.E0,0.E0));
#6208=DIRECTION('',(0.E0,0.E0,1.E0));
#6209=AXIS2_PLACEMENT_3D('',#6206,#6207,#6208);
#6211=CURVE_STYLE('',#135,POSITIVE_LENGTH_MEASURE(2.E-2),#119);
#6212=PRESENTATION_STYLE_ASSIGNMENT((#6211));
#6213=STYLED_ITEM('',(#6212),#6210);
#6214=CARTESIAN_POINT('',(-3.64454E2,1.954E2,1.300250574417E1));
#6215=DIRECTION('',(-1.E0,0.E0,0.E0));
#6216=DIRECTION('',(0.E0,-1.E0,0.E0));
#6217=AXIS2_PLACEMENT_3D('',#6214,#6215,#6216);
#6219=CURVE_STYLE('',#135,POSITIVE_LENGTH_MEASURE(2.E-2),#119);
#6220=PRESENTATION_STYLE_ASSIGNMENT((#6219));
#6221=STYLED_ITEM('',(#6220),#6218);
#6222=CARTESIAN_POINT('',(-3.64454E2,1.954E2,1.300250574417E1));
#6223=DIRECTION('',(-1.E0,0.E0,0.E0));
#6224=DIRECTION('',(0.E0,1.E0,0.E0));
#6225=AXIS2_PLACEMENT_3D('',#6222,#6223,#6224);
#6227=CURVE_STYLE('',#135,POSITIVE_LENGTH_MEASURE(2.E-2),#119);
#6228=PRESENTATION_STYLE_ASSIGNMENT((#6227));
#6229=STYLED_ITEM('',(#6228),#6226);
#6230=CARTESIAN_POINT('',(-3.64454E2,1.954E2,1.300250574417E1));
#6231=DIRECTION('',(-1.E0,0.E0,0.E0));
#6232=DIRECTION('',(0.E0,0.E0,1.E0));
#6233=AXIS2_PLACEMENT_3D('',#6230,#6231,#6232);
#6235=CURVE_STYLE('',#135,POSITIVE_LENGTH_MEASURE(2.E-2),#119);
#6236=PRESENTATION_STYLE_ASSIGNMENT((#6235));
#6237=STYLED_ITEM('',(#6236),#6234);
#6238=DIRECTION('',(-1.E0,0.E0,0.E0));
#6239=VECTOR('',#6238,1.1656E1);
#6240=CARTESIAN_POINT('',(-3.52798E2,1.954E2,1.176500574417E1));
#6241=LINE('',#6240,#6239);
#6242=CURVE_STYLE('',#135,POSITIVE_LENGTH_MEASURE(2.E-2),#119);
#6243=PRESENTATION_STYLE_ASSIGNMENT((#6242));
#6244=STYLED_ITEM('',(#6243),#6241);
#6245=DIRECTION('',(-1.E0,0.E0,0.E0));
#6246=VECTOR('',#6245,1.1656E1);
#6247=CARTESIAN_POINT('',(-3.52798E2,1.954E2,1.424000574417E1));
#6248=LINE('',#6247,#6246);
#6249=CURVE_STYLE('',#135,POSITIVE_LENGTH_MEASURE(2.E-2),#119);
#6250=PRESENTATION_STYLE_ASSIGNMENT((#6249));
#6251=STYLED_ITEM('',(#6250),#6248);
#6252=CARTESIAN_POINT('',(-3.52798E2,1.954E2,1.300250574417E1));
#6253=DIRECTION('',(-1.E0,0.E0,0.E0));
#6254=DIRECTION('',(0.E0,0.E0,-1.E0));
#6255=AXIS2_PLACEMENT_3D('',#6252,#6253,#6254);
#6257=CURVE_STYLE('',#135,POSITIVE_LENGTH_MEASURE(2.E-2),#119);
#6258=PRESENTATION_STYLE_ASSIGNMENT((#6257));
#6259=STYLED_ITEM('',(#6258),#6256);
#6260=CARTESIAN_POINT('',(-3.52798E2,1.954E2,1.300250574417E1));
#6261=DIRECTION('',(-1.E0,0.E0,0.E0));
#6262=DIRECTION('',(0.E0,0.E0,1.E0));
#6263=AXIS2_PLACEMENT_3D('',#6260,#6261,#6262);
#6265=CURVE_STYLE('',#135,POSITIVE_LENGTH_MEASURE(2.E-2),#119);
#6266=PRESENTATION_STYLE_ASSIGNMENT((#6265));
#6267=STYLED_ITEM('',(#6266),#6264);
#6268=CARTESIAN_POINT('',(-3.63954E2,1.954E2,1.300250574417E1));
#6269=DIRECTION('',(-1.E0,0.E0,0.E0));
#6270=DIRECTION('',(0.E0,0.E0,-1.E0));
#6271=AXIS2_PLACEMENT_3D('',#6268,#6269,#6270);
#6273=CURVE_STYLE('',#135,POSITIVE_LENGTH_MEASURE(2.E-2),#119);
#6274=PRESENTATION_STYLE_ASSIGNMENT((#6273));
#6275=STYLED_ITEM('',(#6274),#6272);
#6276=CARTESIAN_POINT('',(-3.63954E2,1.954E2,1.300250574417E1));
#6277=DIRECTION('',(-1.E0,0.E0,0.E0));
#6278=DIRECTION('',(0.E0,1.E0,0.E0));
#6279=AXIS2_PLACEMENT_3D('',#6276,#6277,#6278);
#6281=CURVE_STYLE('',#135,POSITIVE_LENGTH_MEASURE(2.E-2),#119);
#6282=PRESENTATION_STYLE_ASSIGNMENT((#6281));
#6283=STYLED_ITEM('',(#6282),#6280);
#6284=DIRECTION('',(1.E0,0.E0,0.E0));
#6285=VECTOR('',#6284,8.604999988278E0);
#6286=CARTESIAN_POINT('',(-3.614029999883E2,2.047595657713E2,1.466621519467E1));
#6287=LINE('',#6286,#6285);
#6288=CURVE_STYLE('',#135,POSITIVE_LENGTH_MEASURE(2.E-2),#119);
#6289=PRESENTATION_STYLE_ASSIGNMENT((#6288));
#6290=STYLED_ITEM('',(#6289),#6287);
#6291=DIRECTION('',(1.E0,0.E0,0.E0));
#6292=VECTOR('',#6291,8.604999988265E0);
#6293=CARTESIAN_POINT('',(-3.614029999883E2,2.051091097656E2,1.514304114861E1));
#6294=LINE('',#6293,#6292);
#6295=CURVE_STYLE('',#135,POSITIVE_LENGTH_MEASURE(2.E-2),#119);
#6296=PRESENTATION_STYLE_ASSIGNMENT((#6295));
#6297=STYLED_ITEM('',(#6296),#6294);
#6298=DIRECTION('',(0.E0,0.E0,1.E0));
#6299=VECTOR('',#6298,2.096828545636E-1);
#6300=CARTESIAN_POINT('',(-3.52798E2,2.051091097656E2,1.514304114861E1));
#6301=LINE('',#6300,#6299);
#6302=CURVE_STYLE('',#135,POSITIVE_LENGTH_MEASURE(2.E-2),#119);
#6303=PRESENTATION_STYLE_ASSIGNMENT((#6302));
#6304=STYLED_ITEM('',(#6303),#6301);
#6305=DIRECTION('',(1.E0,0.E0,0.E0));
#6306=VECTOR('',#6305,8.604999988264E0);
#6307=CARTESIAN_POINT('',(-3.614029999883E2,2.051091097656E2,1.535272400318E1));
#6308=LINE('',#6307,#6306);
#6309=CURVE_STYLE('',#135,POSITIVE_LENGTH_MEASURE(2.E-2),#119);
#6310=PRESENTATION_STYLE_ASSIGNMENT((#6309));
#6311=STYLED_ITEM('',(#6310),#6308);
#6312=DIRECTION('',(1.E0,0.E0,0.E0));
#6313=VECTOR('',#6312,8.604999988277E0);
#6314=CARTESIAN_POINT('',(-3.614029999883E2,2.044591911028E2,1.582971917563E1));
#6315=LINE('',#6314,#6313);
#6316=CURVE_STYLE('',#135,POSITIVE_LENGTH_MEASURE(2.E-2),#119);
#6317=PRESENTATION_STYLE_ASSIGNMENT((#6316));
#6318=STYLED_ITEM('',(#6317),#6315);
#6319=DIRECTION('',(-8.132770652007E-13,0.E0,-1.E0));
#6320=VECTOR('',#6319,2.096828545636E-1);
#6321=CARTESIAN_POINT('',(-3.614029999883E2,2.051091097656E2,1.535272400318E1));
#6322=LINE('',#6321,#6320);
#6323=CURVE_STYLE('',#135,POSITIVE_LENGTH_MEASURE(2.E-2),#119);
#6324=PRESENTATION_STYLE_ASSIGNMENT((#6323));
#6325=STYLED_ITEM('',(#6324),#6322);
#6326=CARTESIAN_POINT('',(-3.614029999883E2,2.046091097656E2,1.535272400318E1));
#6327=DIRECTION('',(1.E0,0.E0,0.E0));
#6328=DIRECTION('',(0.E0,1.E0,0.E0));
#6329=AXIS2_PLACEMENT_3D('',#6326,#6327,#6328);
#6331=CURVE_STYLE('',#135,POSITIVE_LENGTH_MEASURE(2.E-2),#119);
#6332=PRESENTATION_STYLE_ASSIGNMENT((#6331));
#6333=STYLED_ITEM('',(#6332),#6330);
#6334=CARTESIAN_POINT('',(-3.614029999883E2,2.214E2,-3.807073531142E1));
#6335=DIRECTION('',(1.E0,0.E0,0.E0));
#6336=DIRECTION('',(0.E0,-2.998373256131E-1,9.539903449035E-1));
#6337=AXIS2_PLACEMENT_3D('',#6334,#6335,#6336);
#6339=CURVE_STYLE('',#135,POSITIVE_LENGTH_MEASURE(2.E-2),#119);
#6340=PRESENTATION_STYLE_ASSIGNMENT((#6339));
#6341=STYLED_ITEM('',(#6340),#6338);
#6342=CARTESIAN_POINT('',(-3.614029999882E2,1.954E2,1.300250574417E1));
#6343=DIRECTION('',(-1.E0,0.E0,0.E0));
#6344=DIRECTION('',(0.E0,9.855944922326E-1,1.691256836814E-1));
#6345=AXIS2_PLACEMENT_3D('',#6342,#6343,#6344);
#6347=CURVE_STYLE('',#135,POSITIVE_LENGTH_MEASURE(2.E-2),#119);
#6348=PRESENTATION_STYLE_ASSIGNMENT((#6347));
#6349=STYLED_ITEM('',(#6348),#6346);
#6350=CARTESIAN_POINT('',(-3.614029999883E2,2.214E2,-3.807073531142E1));
#6351=DIRECTION('',(1.E0,0.E0,0.E0));
#6352=DIRECTION('',(0.E0,-3.009120113680E-1,9.536519078859E-1));
#6353=AXIS2_PLACEMENT_3D('',#6350,#6351,#6352);
#6355=CURVE_STYLE('',#135,POSITIVE_LENGTH_MEASURE(2.E-2),#119);
#6356=PRESENTATION_STYLE_ASSIGNMENT((#6355));
#6357=STYLED_ITEM('',(#6356),#6354);
#6358=CARTESIAN_POINT('',(-3.614029999883E2,2.046091097656E2,1.514304114861E1));
#6359=DIRECTION('',(1.E0,0.E0,0.E0));
#6360=DIRECTION('',(0.E0,3.009120113683E-1,-9.536519078858E-1));
#6361=AXIS2_PLACEMENT_3D('',#6358,#6359,#6360);
#6363=CURVE_STYLE('',#135,POSITIVE_LENGTH_MEASURE(2.E-2),#119);
#6364=PRESENTATION_STYLE_ASSIGNMENT((#6363));
#6365=STYLED_ITEM('',(#6364),#6362);
#6366=DIRECTION('',(0.E0,1.E0,0.E0));
#6367=VECTOR('',#6366,1.05E1);
#6368=CARTESIAN_POINT('',(-3.52798E2,2.054E2,-2.343668710811E0));
#6369=LINE('',#6368,#6367);
#6370=CURVE_STYLE('',#135,POSITIVE_LENGTH_MEASURE(2.E-2),#119);
#6371=PRESENTATION_STYLE_ASSIGNMENT((#6370));
#6372=STYLED_ITEM('',(#6371),#6369);
#6373=CARTESIAN_POINT('',(-3.52298E2,2.049E2,-2.843668710811E0));
#6374=CARTESIAN_POINT('',(-3.523237642076E2,2.049257642076E2,
-2.843668710811E0));
#6375=CARTESIAN_POINT('',(-3.523745083682E2,2.049764948546E2,
-2.839733323372E0));
#6376=CARTESIAN_POINT('',(-3.524483858047E2,2.050503982770E2,
-2.822459150337E0));
#6377=CARTESIAN_POINT('',(-3.525162308546E2,2.051182069995E2,
-2.795426410116E0));
#6378=CARTESIAN_POINT('',(-3.525768132609E2,2.051787036852E2,
-2.760527077105E0));
#6379=CARTESIAN_POINT('',(-3.526277345460E2,2.052297181682E2,
-2.721216300456E0));
#6380=CARTESIAN_POINT('',(-3.526710685880E2,2.052730752033E2,
-2.678448537748E0));
#6381=CARTESIAN_POINT('',(-3.527079497448E2,2.053098186884E2,
-2.631586712298E0));
#6382=CARTESIAN_POINT('',(-3.527346142096E2,2.053364775619E2,
-2.589278951034E0));
#6383=CARTESIAN_POINT('',(-3.527598135232E2,2.053618157635E2,
-2.537865474503E0));
#6384=CARTESIAN_POINT('',(-3.527762664252E2,2.053782870689E2,
-2.492002702688E0));
#6385=CARTESIAN_POINT('',(-3.527887428500E2,2.053907095119E2,
-2.443947969486E0));
#6386=CARTESIAN_POINT('',(-3.527964510304E2,2.053984154053E2,
-2.392740391646E0));
#6387=CARTESIAN_POINT('',(-3.52798E2,2.054E2,-2.359918478095E0));
#6388=CARTESIAN_POINT('',(-3.52798E2,2.054E2,-2.343668710811E0));
#6390=CURVE_STYLE('',#135,POSITIVE_LENGTH_MEASURE(2.E-2),#119);
#6391=PRESENTATION_STYLE_ASSIGNMENT((#6390));
#6392=STYLED_ITEM('',(#6391),#6389);
#6393=DIRECTION('',(0.E0,1.E0,0.E0));
#6394=VECTOR('',#6393,1.1E1);
#6395=CARTESIAN_POINT('',(-3.52298E2,2.049E2,-2.843668710811E0));
#6396=LINE('',#6395,#6394);
#6397=CURVE_STYLE('',#135,POSITIVE_LENGTH_MEASURE(2.E-2),#119);
#6398=PRESENTATION_STYLE_ASSIGNMENT((#6397));
#6399=STYLED_ITEM('',(#6398),#6396);
#6400=CARTESIAN_POINT('',(-3.62298E2,1.773150672789E2,-7.788232350463E0));
#6401=CARTESIAN_POINT('',(-3.60798E2,1.773150672789E2,-7.788232350463E0));
#6402=VERTEX_POINT('',#6400);
#6403=VERTEX_POINT('',#6401);
#6404=CARTESIAN_POINT('',(-3.62298E2,1.773150672789E2,-5.543669074617E0));
#6405=VERTEX_POINT('',#6404);
#6406=VERTEX_POINT('',#226);
#6407=CARTESIAN_POINT('',(-3.62798E2,1.768150672789E2,-5.843669074617E0));
#6408=VERTEX_POINT('',#6407);
#6409=CARTESIAN_POINT('',(-3.62798E2,2.008705954899E2,-1.843668710811E0));
#6410=VERTEX_POINT('',#6409);
#6411=CARTESIAN_POINT('',(-3.62798E2,2.049E2,-1.843668710811E0));
#6412=VERTEX_POINT('',#6411);
#6413=CARTESIAN_POINT('',(-3.62798E2,2.049E2,-2.343668710811E0));
#6414=VERTEX_POINT('',#6413);
#6415=CARTESIAN_POINT('',(-3.62798E2,2.010726429482E2,-2.343668710811E0));
#6416=VERTEX_POINT('',#6415);
#6417=CARTESIAN_POINT('',(-3.62798E2,2.008080470678E2,-2.379309327554E0));
#6418=VERTEX_POINT('',#6417);
#6419=CARTESIAN_POINT('',(-3.62298E2,2.010726429482E2,-2.843668710811E0));
#6420=VERTEX_POINT('',#6419);
#6421=CARTESIAN_POINT('',(-3.627723416490E2,2.049E2,-2.501782593819E0));
#6422=VERTEX_POINT('',#6421);
#6423=CARTESIAN_POINT('',(-3.62298E2,2.049E2,-2.843668710811E0));
#6424=VERTEX_POINT('',#6423);
#6425=CARTESIAN_POINT('',(-3.52298E2,2.049E2,-2.843668710811E0));
#6426=VERTEX_POINT('',#6425);
#6427=CARTESIAN_POINT('',(-3.52298E2,2.159E2,-2.843668710811E0));
#6428=VERTEX_POINT('',#6427);
#6429=VERTEX_POINT('',#6388);
#6430=CARTESIAN_POINT('',(-3.62298E2,2.053522670168E2,-2.556869427167E0));
#6431=VERTEX_POINT('',#6430);
#6432=CARTESIAN_POINT('',(-3.62298E2,2.054E2,-2.343668710811E0));
#6433=VERTEX_POINT('',#6432);
#6434=CARTESIAN_POINT('',(-3.62298E2,2.054E2,-1.843668710811E0));
#6435=VERTEX_POINT('',#6434);
#6436=CARTESIAN_POINT('',(-3.627502670169E2,2.051132007163E2,
-1.843668710811E0));
#6437=VERTEX_POINT('',#6436);
#6438=CARTESIAN_POINT('',(-3.62298E2,2.049E2,-1.343668710811E0));
#6439=VERTEX_POINT('',#6438);
#6440=CARTESIAN_POINT('',(-3.62298E2,2.008705954899E2,-1.343668710811E0));
#6441=VERTEX_POINT('',#6440);
#6442=CARTESIAN_POINT('',(-3.60298E2,2.008705954899E2,-1.343668710811E0));
#6443=VERTEX_POINT('',#6442);
#6444=CARTESIAN_POINT('',(-3.62298E2,2.007382975497E2,-1.361489019183E0));
#6445=CARTESIAN_POINT('',(-3.62298E2,2.008398780932E2,-1.344613161254E0));
#6446=VERTEX_POINT('',#6444);
#6447=VERTEX_POINT('',#6445);
#6448=CARTESIAN_POINT('',(-3.604302979402E2,2.007382975497E2,
-1.361489019183E0));
#6449=VERTEX_POINT('',#6448);
#6450=CARTESIAN_POINT('',(-3.627743926571E2,2.008304239125E2,
-1.697257370283E0));
#6451=VERTEX_POINT('',#6450);
#6452=CARTESIAN_POINT('',(-3.60798E2,1.989809213224E2,-1.843668710811E0));
#6453=VERTEX_POINT('',#6452);
#6454=CARTESIAN_POINT('',(-3.60798E2,1.773150672789E2,-3.143669074617E0));
#6455=VERTEX_POINT('',#6454);
#6456=CARTESIAN_POINT('',(-3.60798E2,1.770150621984E2,-2.843669074660E0));
#6457=VERTEX_POINT('',#6456);
#6458=CARTESIAN_POINT('',(-3.60798E2,1.795221740601E2,-2.843668710811E0));
#6459=VERTEX_POINT('',#6458);
#6460=CARTESIAN_POINT('',(-3.62798E2,1.770150672789E2,-2.843668938190E0));
#6461=VERTEX_POINT('',#6460);
#6462=CARTESIAN_POINT('',(-3.62798E2,1.771079604977E2,-2.843668710811E0));
#6463=VERTEX_POINT('',#6462);
#6464=CARTESIAN_POINT('',(-3.626515533906E2,1.774615138883E2,
-2.843668710811E0));
#6465=VERTEX_POINT('',#6464);
#6466=CARTESIAN_POINT('',(-3.62798E2,1.771079604977E2,-1.843668710811E0));
#6467=VERTEX_POINT('',#6466);
#6468=CARTESIAN_POINT('',(-3.62798E2,1.763150672789E2,-2.843669074617E0));
#6469=VERTEX_POINT('',#6468);
#6470=CARTESIAN_POINT('',(-3.62798E2,1.763150672789E2,-1.843668710811E0));
#6471=VERTEX_POINT('',#6470);
#6472=CARTESIAN_POINT('',(-3.627723416490E2,1.763150672789E2,
-1.685554827803E0));
#6473=VERTEX_POINT('',#6472);
#6474=CARTESIAN_POINT('',(-3.62298E2,1.763150672789E2,-1.343668710811E0));
#6475=CARTESIAN_POINT('',(-3.62298E2,1.771079604977E2,-1.343668710811E0));
#6476=VERTEX_POINT('',#6474);
#6477=VERTEX_POINT('',#6475);
#6478=CARTESIAN_POINT('',(-3.626515533906E2,1.774615138883E2,
-1.843668710811E0));
#6479=CARTESIAN_POINT('',(-3.623405809966E2,1.771505414943E2,
-1.347308239525E0));
#6480=VERTEX_POINT('',#6478);
#6481=VERTEX_POINT('',#6479);
#6482=CARTESIAN_POINT('',(-3.627939699039E2,1.771713154854E2,
-1.843668710811E0));
#6483=VERTEX_POINT('',#6482);
#6484=CARTESIAN_POINT('',(-3.609444466068E2,1.791686206721E2,
-1.843668710809E0));
#6485=VERTEX_POINT('',#6484);
#6486=CARTESIAN_POINT('',(-3.609444466094E2,1.791686206695E2,
-2.843668710811E0));
#6487=VERTEX_POINT('',#6486);
#6488=CARTESIAN_POINT('',(-3.60798E2,1.795221740601E2,-1.843668710820E0));
#6489=VERTEX_POINT('',#6488);
#6490=VERTEX_POINT('',#5540);
#6491=CARTESIAN_POINT('',(-3.605908932188E2,1.788150672789E2,
-1.343668710811E0));
#6492=VERTEX_POINT('',#6491);
#6493=VERTEX_POINT('',#4694);
#6494=CARTESIAN_POINT('',(-3.45053E2,1.763150672789E2,-1.343668710811E0));
#6495=VERTEX_POINT('',#6494);
#6496=CARTESIAN_POINT('',(-3.62298E2,1.758628002621E2,-1.630467994455E0));
#6497=CARTESIAN_POINT('',(-3.62298E2,1.758150672789E2,-1.843668710811E0));
#6498=VERTEX_POINT('',#6496);
#6499=VERTEX_POINT('',#6497);
#6500=CARTESIAN_POINT('',(-3.45053E2,1.758150672789E2,-1.843668710811E0));
#6501=VERTEX_POINT('',#6500);
#6502=CARTESIAN_POINT('',(-3.62298E2,1.758150672789E2,-2.843669074617E0));
#6503=VERTEX_POINT('',#6502);
#6504=CARTESIAN_POINT('',(-3.65298E2,1.770150672789E2,-2.843669074617E0));
#6505=VERTEX_POINT('',#6504);
#6506=CARTESIAN_POINT('',(-3.65498E2,1.768150672789E2,-2.843669074617E0));
#6507=VERTEX_POINT('',#6506);
#6508=CARTESIAN_POINT('',(-3.65298E2,1.773150672789E2,-3.143669074617E0));
#6509=VERTEX_POINT('',#6508);
#6510=CARTESIAN_POINT('',(-3.65798E2,1.768150672789E2,-3.143669074617E0));
#6511=VERTEX_POINT('',#6510);
#6512=CARTESIAN_POINT('',(-3.65298E2,1.773150672789E2,-5.543669074617E0));
#6513=VERTEX_POINT('',#6512);
#6514=CARTESIAN_POINT('',(-3.65798E2,1.768150672789E2,-5.543669074617E0));
#6515=VERTEX_POINT('',#6514);
#6516=CARTESIAN_POINT('',(-3.65798E2,1.743150672789E2,-5.543669074617E0));
#6517=VERTEX_POINT('',#6516);
#6518=CARTESIAN_POINT('',(-3.65498E2,1.768150672789E2,-5.843669074617E0));
#6519=VERTEX_POINT('',#6518);
#6520=CARTESIAN_POINT('',(-3.65498E2,1.743150672789E2,-5.843669074617E0));
#6521=VERTEX_POINT('',#6520);
#6522=CARTESIAN_POINT('',(-3.65298E2,1.770150672789E2,-5.843669074617E0));
#6523=VERTEX_POINT('',#6522);
#6524=VERTEX_POINT('',#5212);
#6525=CARTESIAN_POINT('',(-3.62798E2,1.763150672789E2,-5.843669074617E0));
#6526=VERTEX_POINT('',#6525);
#6527=CARTESIAN_POINT('',(-3.62298E2,1.758150672789E2,-5.843669074617E0));
#6528=VERTEX_POINT('',#6527);
#6529=CARTESIAN_POINT('',(-3.62798E2,1.763150672789E2,-8.843669074617E0));
#6530=VERTEX_POINT('',#6529);
#6531=CARTESIAN_POINT('',(-3.62298E2,1.758150672789E2,-8.843669074617E0));
#6532=VERTEX_POINT('',#6531);
#6533=CARTESIAN_POINT('',(-3.59598E2,1.758150672789E2,-8.843669074617E0));
#6534=VERTEX_POINT('',#6533);
#6535=CARTESIAN_POINT('',(-3.62298E2,1.758628002621E2,-9.056869790973E0));
#6536=VERTEX_POINT('',#6535);
#6537=CARTESIAN_POINT('',(-3.627723416490E2,1.763150672789E2,
-9.001782957626E0));
#6538=VERTEX_POINT('',#6537);
#6539=CARTESIAN_POINT('',(-3.62798E2,1.772477181262E2,-8.843669074617E0));
#6540=VERTEX_POINT('',#6539);
#6541=CARTESIAN_POINT('',(-3.62298E2,1.772477181262E2,-9.343669074617E0));
#6542=VERTEX_POINT('',#6541);
#6543=CARTESIAN_POINT('',(-3.62298E2,1.763150672789E2,-9.343669074617E0));
#6544=VERTEX_POINT('',#6543);
#6545=CARTESIAN_POINT('',(-3.59598E2,1.772477181262E2,-9.343669074617E0));
#6546=VERTEX_POINT('',#6545);
#6547=CARTESIAN_POINT('',(-3.59598E2,1.763150672789E2,-9.343669074617E0));
#6548=VERTEX_POINT('',#6547);
#6549=CARTESIAN_POINT('',(-3.59598E2,1.773800160664E2,-9.325848766246E0));
#6550=VERTEX_POINT('',#6549);
#6551=CARTESIAN_POINT('',(-3.62298E2,1.772825991248E2,-9.342450906621E0));
#6552=VERTEX_POINT('',#6551);
#6553=CARTESIAN_POINT('',(-3.627697396702E2,1.772915658100E2,
-9.003478536735E0));
#6554=VERTEX_POINT('',#6553);
#6555=CARTESIAN_POINT('',(-3.62298E2,2.009403450080E2,-2.861489019183E0));
#6556=VERTEX_POINT('',#6555);
#6557=CARTESIAN_POINT('',(-3.62298E2,1.773800160664E2,-9.325848766246E0));
#6558=VERTEX_POINT('',#6557);
#6559=CARTESIAN_POINT('',(-3.59598E2,2.009403450080E2,-2.861489019183E0));
#6560=VERTEX_POINT('',#6559);
#6561=CARTESIAN_POINT('',(-3.59598E2,2.010726429482E2,-2.843668710811E0));
#6562=VERTEX_POINT('',#6561);
#6563=CARTESIAN_POINT('',(-3.51298E2,2.159E2,-2.843668710811E0));
#6564=VERTEX_POINT('',#6563);
#6565=CARTESIAN_POINT('',(-3.51298E2,1.801330255893E2,-2.843668710811E0));
#6566=VERTEX_POINT('',#6565);
#6567=CARTESIAN_POINT('',(-3.51298E2,2.164E2,-2.343668710811E0));
#6568=VERTEX_POINT('',#6567);
#6569=CARTESIAN_POINT('',(-3.52298E2,2.163522670168E2,-2.556869427167E0));
#6570=VERTEX_POINT('',#6569);
#6571=CARTESIAN_POINT('',(-3.52298E2,2.164E2,-2.343668710811E0));
#6572=VERTEX_POINT('',#6571);
#6573=CARTESIAN_POINT('',(-3.52298E2,2.164E2,-7.692100752514E-1));
#6574=VERTEX_POINT('',#6573);
#6575=CARTESIAN_POINT('',(-3.52798E2,2.159E2,-2.343668710811E0));
#6576=VERTEX_POINT('',#6575);
#6577=CARTESIAN_POINT('',(-3.527723416490E2,2.159E2,-2.501782593819E0));
#6578=VERTEX_POINT('',#6577);
#6579=CARTESIAN_POINT('',(-3.52798E2,2.054E2,-1.843668710811E0));
#6580=VERTEX_POINT('',#6579);
#6581=CARTESIAN_POINT('',(-3.52798E2,2.049E2,-1.343668710811E0));
#6582=VERTEX_POINT('',#6581);
#6583=CARTESIAN_POINT('',(-3.62298E2,2.050581138830E2,-1.369327061786E0));
#6584=VERTEX_POINT('',#6583);
#6585=CARTESIAN_POINT('',(-3.52798E2,1.794335641021E2,-1.343668710811E0));
#6586=VERTEX_POINT('',#6585);
#6587=CARTESIAN_POINT('',(-3.527979999993E2,1.998528838666E2,2.299115229782E1));
#6588=VERTEX_POINT('',#6587);
#6589=VERTEX_POINT('',#591);
#6590=VERTEX_POINT('',#574);
#6591=CARTESIAN_POINT('',(-3.52798E2,2.067695625706E2,3.390327179754E1));
#6592=VERTEX_POINT('',#6591);
#6593=CARTESIAN_POINT('',(-3.52798E2,2.094946418799E2,3.430250574417E1));
#6594=VERTEX_POINT('',#6593);
#6595=CARTESIAN_POINT('',(-3.52798E2,2.124E2,3.430250574417E1));
#6596=VERTEX_POINT('',#6595);
#6597=CARTESIAN_POINT('',(-3.52798E2,2.124E2,8.294678031903E0));
#6598=VERTEX_POINT('',#6597);
#6599=CARTESIAN_POINT('',(-3.52798E2,2.159E2,-4.975598999438E-1));
#6600=VERTEX_POINT('',#6599);
#6601=VERTEX_POINT('',#3893);
#6602=CARTESIAN_POINT('',(-3.52298E2,2.129E2,3.430250574417E1));
#6603=VERTEX_POINT('',#6602);
#6604=CARTESIAN_POINT('',(-3.527502670169E2,2.124E2,3.451570646053E1));
#6605=VERTEX_POINT('',#6604);
#6606=CARTESIAN_POINT('',(-3.52298E2,2.094946418799E2,3.480250574417E1));
#6607=VERTEX_POINT('',#6606);
#6608=CARTESIAN_POINT('',(-3.52298E2,2.124E2,3.480250574417E1));
#6609=VERTEX_POINT('',#6608);
#6610=CARTESIAN_POINT('',(-3.43553E2,2.094946418799E2,3.480250574417E1));
#6611=VERTEX_POINT('',#6610);
#6612=CARTESIAN_POINT('',(-3.52298E2,2.066261373438E2,3.438225948456E1));
#6613=VERTEX_POINT('',#6612);
#6614=CARTESIAN_POINT('',(-3.527597202972E2,2.067145243720E2,3.408707920723E1));
#6615=VERTEX_POINT('',#6614);
#6616=CARTESIAN_POINT('',(-3.52298E2,2.062695625706E2,3.390327179754E1));
#6617=VERTEX_POINT('',#6616);
#6618=VERTEX_POINT('',#3759);
#6619=VERTEX_POINT('',#3715);
#6620=CARTESIAN_POINT('',(-3.52298E2,1.994698731283E2,2.331253646692E1));
#6621=VERTEX_POINT('',#6620);
#6622=VERTEX_POINT('',#3710);
#6623=CARTESIAN_POINT('',(-3.45053E2,1.787808604574E2,-1.343668710811E0));
#6624=VERTEX_POINT('',#6623);
#6625=CARTESIAN_POINT('',(-3.45053E2,1.901579029910E2,1.221496260167E1));
#6626=VERTEX_POINT('',#6625);
#6627=CARTESIAN_POINT('',(-3.45053E2,1.758150672789E2,-2.843668710811E0));
#6628=VERTEX_POINT('',#6627);
#6629=CARTESIAN_POINT('',(-3.45053E2,1.604073110953E2,-2.843668710811E0));
#6630=VERTEX_POINT('',#6629);
#6631=CARTESIAN_POINT('',(-3.45053E2,1.599073110953E2,-2.343668710811E0));
#6632=VERTEX_POINT('',#6631);
#6633=CARTESIAN_POINT('',(-3.43553E2,1.604073110953E2,-2.843668710811E0));
#6634=VERTEX_POINT('',#6633);
#6635=CARTESIAN_POINT('',(-3.59598E2,1.758150672789E2,-2.843668710811E0));
#6636=VERTEX_POINT('',#6635);
#6637=VERTEX_POINT('',#5930);
#6638=CARTESIAN_POINT('',(-3.43553E2,1.604073110953E2,7.499572363291E0));
#6639=VERTEX_POINT('',#6638);
#6640=CARTESIAN_POINT('',(-3.43553E2,1.794803219446E2,-2.843668710811E0));
#6641=VERTEX_POINT('',#6640);
#6642=CARTESIAN_POINT('',(-3.43553E2,1.912769142938E2,1.121496260167E1));
#6643=VERTEX_POINT('',#6642);
#6644=CARTESIAN_POINT('',(-3.43553E2,1.759176266205E2,1.121496260167E1));
#6645=VERTEX_POINT('',#6644);
#6646=CARTESIAN_POINT('',(-3.43553E2,1.755638932404E2,1.136158929220E1));
#6647=VERTEX_POINT('',#6646);
#6648=CARTESIAN_POINT('',(-3.42053E2,1.759176266205E2,1.121496260167E1));
#6649=VERTEX_POINT('',#6648);
#6650=VERTEX_POINT('',#1291);
#6651=CARTESIAN_POINT('',(-3.42553E2,1.919296179385E2,1.121496260167E1));
#6652=VERTEX_POINT('',#6651);
#6653=CARTESIAN_POINT('',(-3.44053E2,1.801330255893E2,-2.843668710811E0));
#6654=VERTEX_POINT('',#6653);
#6655=CARTESIAN_POINT('',(-3.51298E2,2.010019642166E2,2.202696401061E1));
#6656=VERTEX_POINT('',#6655);
#6657=CARTESIAN_POINT('',(-3.42553E2,2.010019619120E2,2.202696133353E1));
#6658=VERTEX_POINT('',#6657);
#6659=CARTESIAN_POINT('',(-3.51298E2,2.074494297484E2,2.663302026791E1));
#6660=VERTEX_POINT('',#6659);
#6661=CARTESIAN_POINT('',(-3.42553E2,2.074494297484E2,2.663302026791E1));
#6662=VERTEX_POINT('',#6661);
#6663=CARTESIAN_POINT('',(-3.51298E2,2.077695625706E2,2.709954765012E1));
#6664=VERTEX_POINT('',#6663);
#6665=CARTESIAN_POINT('',(-3.42553E2,2.077695625706E2,2.709954765012E1));
#6666=VERTEX_POINT('',#6665);
#6667=CARTESIAN_POINT('',(-3.51298E2,2.077695625706E2,3.270814807646E1));
#6668=VERTEX_POINT('',#6667);
#6669=CARTESIAN_POINT('',(-3.42553E2,2.077695625706E2,3.270814807646E1));
#6670=VERTEX_POINT('',#6669);
#6671=CARTESIAN_POINT('',(-3.51298E2,2.081929951138E2,3.320225072222E1));
#6672=VERTEX_POINT('',#6671);
#6673=CARTESIAN_POINT('',(-3.42553E2,2.081929951138E2,3.320225072222E1));
#6674=VERTEX_POINT('',#6673);
#6675=CARTESIAN_POINT('',(-3.51298E2,2.094946418799E2,3.330250574417E1));
#6676=VERTEX_POINT('',#6675);
#6677=CARTESIAN_POINT('',(-3.42553E2,2.094946418799E2,3.330250574417E1));
#6678=VERTEX_POINT('',#6677);
#6679=CARTESIAN_POINT('',(-3.51298E2,2.124E2,3.330250574417E1));
#6680=VERTEX_POINT('',#6679);
#6681=CARTESIAN_POINT('',(-3.41753E2,2.124E2,3.330250574417E1));
#6682=VERTEX_POINT('',#6681);
#6683=VERTEX_POINT('',#3948);
#6684=CARTESIAN_POINT('',(-3.41753E2,2.129E2,3.380250574417E1));
#6685=VERTEX_POINT('',#6684);
#6686=CARTESIAN_POINT('',(-3.51798E2,2.129E2,8.876362531163E0));
#6687=VERTEX_POINT('',#6686);
#6688=CARTESIAN_POINT('',(-3.51298E2,2.124E2,8.804805657871E0));
#6689=VERTEX_POINT('',#6688);
#6690=CARTESIAN_POINT('',(-3.51298E2,2.155371706355E2,8.450000110727E0));
#6691=VERTEX_POINT('',#6690);
#6692=CARTESIAN_POINT('',(-3.44253E2,2.155371706355E2,8.450000110727E0));
#6693=VERTEX_POINT('',#6692);
#6694=CARTESIAN_POINT('',(-3.44253E2,2.155371706355E2,-1.249999889273E0));
#6695=VERTEX_POINT('',#6694);
#6696=CARTESIAN_POINT('',(-3.44253E2,2.112628285809E2,8.450000110727E0));
#6697=VERTEX_POINT('',#6696);
#6698=CARTESIAN_POINT('',(-3.44253E2,2.112628285809E2,-1.249999889273E0));
#6699=VERTEX_POINT('',#6698);
#6700=CARTESIAN_POINT('',(-3.51298E2,2.112628285809E2,-1.249999889273E0));
#6701=VERTEX_POINT('',#6700);
#6702=CARTESIAN_POINT('',(-3.51298E2,2.155371706355E2,-1.249999889273E0));
#6703=VERTEX_POINT('',#6702);
#6704=CARTESIAN_POINT('',(-3.51298E2,2.112628285809E2,8.450000110727E0));
#6705=VERTEX_POINT('',#6704);
#6706=CARTESIAN_POINT('',(-3.51298E2,2.164E2,-7.692100752514E-1));
#6707=VERTEX_POINT('',#6706);
#6708=CARTESIAN_POINT('',(-3.43553E2,2.129E2,3.430250574417E1));
#6709=VERTEX_POINT('',#6708);
#6710=CARTESIAN_POINT('',(-3.43553E2,2.129E2,3.486786486364E1));
#6711=VERTEX_POINT('',#6710);
#6712=CARTESIAN_POINT('',(-3.41753E2,2.129E2,3.486786486364E1));
#6713=VERTEX_POINT('',#6712);
#6714=CARTESIAN_POINT('',(-3.43553E2,2.128302770252E2,3.506014718639E1));
#6715=VERTEX_POINT('',#6714);
#6716=CARTESIAN_POINT('',(-3.41753E2,2.128302770252E2,3.506014718639E1));
#6717=VERTEX_POINT('',#6716);
#6718=CARTESIAN_POINT('',(-3.43553E2,2.089485335418E2,3.970891743900E1));
#6719=VERTEX_POINT('',#6718);
#6720=CARTESIAN_POINT('',(-3.42853E2,2.089485335418E2,3.970891743900E1));
#6721=VERTEX_POINT('',#6720);
#6722=CARTESIAN_POINT('',(-3.43553E2,2.062695625706E2,3.651624415955E1));
#6723=VERTEX_POINT('',#6722);
#6724=CARTESIAN_POINT('',(-3.43553E2,2.124E2,3.480250574417E1));
#6725=VERTEX_POINT('',#6724);
#6726=CARTESIAN_POINT('',(-3.52298E2,2.128743416490E2,3.446061962718E1));
#6727=VERTEX_POINT('',#6726);
#6728=CARTESIAN_POINT('',(-3.43553E2,2.066261373438E2,3.438225948456E1));
#6729=VERTEX_POINT('',#6728);
#6730=CARTESIAN_POINT('',(-3.43553E2,2.062695625706E2,3.390327179754E1));
#6731=VERTEX_POINT('',#6730);
#6732=CARTESIAN_POINT('',(-3.52298E2,2.062895355182E2,3.404317901314E1));
#6733=VERTEX_POINT('',#6732);
#6734=CARTESIAN_POINT('',(-3.42853E2,2.062695625706E2,2.864393427241E1));
#6735=VERTEX_POINT('',#6734);
#6736=CARTESIAN_POINT('',(-3.42853E2,2.062695625706E2,3.651624415955E1));
#6737=VERTEX_POINT('',#6736);
#6738=CARTESIAN_POINT('',(-3.42853E2,2.059706763921E2,2.818616442761E1));
#6739=VERTEX_POINT('',#6738);
#6740=CARTESIAN_POINT('',(-3.42853E2,1.994698753084E2,2.331253920386E1));
#6741=VERTEX_POINT('',#6740);
#6742=CARTESIAN_POINT('',(-3.42853E2,1.905774528066E2,1.271496260167E1));
#6743=VERTEX_POINT('',#6742);
#6744=CARTESIAN_POINT('',(-3.42853E2,1.579073110953E2,1.271496260167E1));
#6745=VERTEX_POINT('',#6744);
#6746=CARTESIAN_POINT('',(-3.42853E2,1.579073110953E2,2.412910280908E1));
#6747=VERTEX_POINT('',#6746);
#6748=CARTESIAN_POINT('',(-3.42853E2,1.674073110953E2,3.362910280908E1));
#6749=VERTEX_POINT('',#6748);
#6750=CARTESIAN_POINT('',(-3.42353E2,1.574073110953E2,2.412910280908E1));
#6751=VERTEX_POINT('',#6750);
#6752=VERTEX_POINT('',#3195);
#6753=CARTESIAN_POINT('',(-3.44553E2,1.574073110953E2,1.221496260167E1));
#6754=VERTEX_POINT('',#6753);
#6755=CARTESIAN_POINT('',(-3.44553E2,1.574073110953E2,7.499572363291E0));
#6756=VERTEX_POINT('',#6755);
#6757=CARTESIAN_POINT('',(-3.45053E2,1.579073110953E2,1.221496260167E1));
#6758=VERTEX_POINT('',#6757);
#6759=CARTESIAN_POINT('',(-3.44553E2,1.574550440785E2,1.242816331802E1));
#6760=VERTEX_POINT('',#6759);
#6761=CARTESIAN_POINT('',(-3.44553E2,1.579073110953E2,1.271496260167E1));
#6762=VERTEX_POINT('',#6761);
#6763=CARTESIAN_POINT('',(-3.44553E2,1.905774528066E2,1.271496260167E1));
#6764=VERTEX_POINT('',#6763);
#6765=CARTESIAN_POINT('',(-3.45053E2,1.712999996082E2,3.600000110724E0));
#6766=CARTESIAN_POINT('',(-3.45053E2,1.632999996082E2,3.600000110724E0));
#6767=VERTEX_POINT('',#6765);
#6768=VERTEX_POINT('',#6766);
#6769=CARTESIAN_POINT('',(-3.44553E2,1.707999996082E2,3.600000110724E0));
#6770=CARTESIAN_POINT('',(-3.44553E2,1.637999996082E2,3.600000110724E0));
#6771=VERTEX_POINT('',#6769);
#6772=VERTEX_POINT('',#6770);
#6773=CARTESIAN_POINT('',(-3.43753E2,1.707999996082E2,3.600000110724E0));
#6774=CARTESIAN_POINT('',(-3.43753E2,1.637999996082E2,3.600000110724E0));
#6775=VERTEX_POINT('',#6773);
#6776=VERTEX_POINT('',#6774);
#6777=CARTESIAN_POINT('',(-3.43753E2,1.687999996082E2,3.600000110724E0));
#6778=CARTESIAN_POINT('',(-3.43753E2,1.657999996082E2,3.600000110724E0));
#6779=VERTEX_POINT('',#6777);
#6780=VERTEX_POINT('',#6778);
#6781=CARTESIAN_POINT('',(-3.42553E2,1.687999996082E2,3.600000110724E0));
#6782=CARTESIAN_POINT('',(-3.42553E2,1.657999996082E2,3.600000110724E0));
#6783=VERTEX_POINT('',#6781);
#6784=VERTEX_POINT('',#6782);
#6785=CARTESIAN_POINT('',(-3.42553E2,1.647499996082E2,3.600000110724E0));
#6786=CARTESIAN_POINT('',(-3.42553E2,1.698499996082E2,3.600000110724E0));
#6787=VERTEX_POINT('',#6785);
#6788=VERTEX_POINT('',#6786);
#6789=CARTESIAN_POINT('',(-3.41553E2,1.647499996082E2,3.600000110724E0));
#6790=CARTESIAN_POINT('',(-3.41553E2,1.698499996082E2,3.600000110724E0));
#6791=VERTEX_POINT('',#6789);
#6792=VERTEX_POINT('',#6790);
#6793=CARTESIAN_POINT('',(-3.41053E2,1.642499996082E2,3.600000110724E0));
#6794=CARTESIAN_POINT('',(-3.41053E2,1.703499996082E2,3.600000110724E0));
#6795=VERTEX_POINT('',#6793);
#6796=VERTEX_POINT('',#6794);
#6797=CARTESIAN_POINT('',(-3.41053E2,1.633999996082E2,3.600000110724E0));
#6798=CARTESIAN_POINT('',(-3.41053E2,1.711999996082E2,3.600000110724E0));
#6799=VERTEX_POINT('',#6797);
#6800=VERTEX_POINT('',#6798);
#6801=CARTESIAN_POINT('',(-3.42553E2,1.633999996082E2,3.600000110724E0));
#6802=CARTESIAN_POINT('',(-3.42553E2,1.711999996082E2,3.600000110724E0));
#6803=VERTEX_POINT('',#6801);
#6804=VERTEX_POINT('',#6802);
#6805=CARTESIAN_POINT('',(-3.42553E2,1.625999996082E2,3.600000110724E0));
#6806=CARTESIAN_POINT('',(-3.42553E2,1.719999996082E2,3.600000110724E0));
#6807=VERTEX_POINT('',#6805);
#6808=VERTEX_POINT('',#6806);
#6809=CARTESIAN_POINT('',(-3.43553E2,1.625999996082E2,3.600000110724E0));
#6810=CARTESIAN_POINT('',(-3.43553E2,1.719999996082E2,3.600000110724E0));
#6811=VERTEX_POINT('',#6809);
#6812=VERTEX_POINT('',#6810);
#6813=CARTESIAN_POINT('',(-3.450273416490E2,1.579073110953E2,1.237307648468E1));
#6814=VERTEX_POINT('',#6813);
#6815=CARTESIAN_POINT('',(-3.45053E2,1.579073110953E2,7.499572363291E0));
#6816=VERTEX_POINT('',#6815);
#6817=CARTESIAN_POINT('',(-3.45053E2,1.599073110953E2,7.499572363291E0));
#6818=VERTEX_POINT('',#6817);
#6819=CARTESIAN_POINT('',(-3.44053E2,1.599073110953E2,7.499572363291E0));
#6820=VERTEX_POINT('',#6819);
#6821=CARTESIAN_POINT('',(-3.43553E2,1.589073110953E2,7.499572363291E0));
#6822=VERTEX_POINT('',#6821);
#6823=CARTESIAN_POINT('',(-3.35253E2,1.589073110953E2,7.499572363291E0));
#6824=VERTEX_POINT('',#6823);
#6825=CARTESIAN_POINT('',(-3.35253E2,1.574073110953E2,7.499572363291E0));
#6826=VERTEX_POINT('',#6825);
#6827=CARTESIAN_POINT('',(-3.35253E2,1.574073110953E2,1.662910280903E1));
#6828=VERTEX_POINT('',#6827);
#6829=CARTESIAN_POINT('',(-3.35253E2,1.589073110953E2,1.712910280903E1));
#6830=VERTEX_POINT('',#6829);
#6831=CARTESIAN_POINT('',(-3.35253E2,1.579073110953E2,1.712910280903E1));
#6832=VERTEX_POINT('',#6831);
#6833=CARTESIAN_POINT('',(-3.41153E2,1.579073110953E2,1.712910280903E1));
#6834=VERTEX_POINT('',#6833);
#6835=VERTEX_POINT('',#2974);
#6836=CARTESIAN_POINT('',(-3.41653E2,1.574073110953E2,2.412910280908E1));
#6837=VERTEX_POINT('',#6836);
#6838=CARTESIAN_POINT('',(-3.41153E2,1.579073110953E2,2.412910280908E1));
#6839=VERTEX_POINT('',#6838);
#6840=CARTESIAN_POINT('',(-3.41153E2,1.589073110953E2,1.712910280903E1));
#6841=VERTEX_POINT('',#6840);
#6842=CARTESIAN_POINT('',(-3.41153E2,1.589073110953E2,2.412910280933E1));
#6843=VERTEX_POINT('',#6842);
#6844=CARTESIAN_POINT('',(-3.41153E2,1.674073110938E2,3.262910280908E1));
#6845=VERTEX_POINT('',#6844);
#6846=CARTESIAN_POINT('',(-3.41153E2,1.645944667793E2,3.262910280903E1));
#6847=VERTEX_POINT('',#6846);
#6848=CARTESIAN_POINT('',(-3.41153E2,1.644527549400E2,3.315797859331E1));
#6849=VERTEX_POINT('',#6848);
#6850=VERTEX_POINT('',#3288);
#6851=VERTEX_POINT('',#3252);
#6852=CARTESIAN_POINT('',(-3.35253E2,1.648018021093E2,3.378370393620E1));
#6853=VERTEX_POINT('',#6852);
#6854=CARTESIAN_POINT('',(-3.35253E2,1.674073110953E2,3.412910280908E1));
#6855=VERTEX_POINT('',#6854);
#6856=CARTESIAN_POINT('',(-3.42353E2,1.674073110953E2,3.412910280908E1));
#6857=VERTEX_POINT('',#6856);
#6858=CARTESIAN_POINT('',(-3.35253E2,1.744373112364E2,3.412910280908E1));
#6859=VERTEX_POINT('',#6858);
#6860=CARTESIAN_POINT('',(-3.35253E2,1.644491146455E2,3.317156435734E1));
#6861=VERTEX_POINT('',#6860);
#6862=CARTESIAN_POINT('',(-3.35253E2,1.645944667793E2,3.262910280903E1));
#6863=VERTEX_POINT('',#6862);
#6864=CARTESIAN_POINT('',(-3.35253E2,1.744373112364E2,3.262910280903E1));
#6865=VERTEX_POINT('',#6864);
#6866=CARTESIAN_POINT('',(-3.404E2,1.744373112364E2,3.262910280903E1));
#6867=VERTEX_POINT('',#6866);
#6868=CARTESIAN_POINT('',(-3.42053E2,1.674073110948E2,3.262910280905E1));
#6869=VERTEX_POINT('',#6868);
#6870=CARTESIAN_POINT('',(-3.42053E2,1.589073110953E2,2.412910280903E1));
#6871=VERTEX_POINT('',#6870);
#6872=CARTESIAN_POINT('',(-3.43553E2,1.589073110953E2,1.121496260167E1));
#6873=VERTEX_POINT('',#6872);
#6874=CARTESIAN_POINT('',(-3.42053E2,1.589073110953E2,1.121496260167E1));
#6875=VERTEX_POINT('',#6874);
#6876=CARTESIAN_POINT('',(-3.43553E2,1.706823725959E2,1.121496260167E1));
#6877=VERTEX_POINT('',#6876);
#6878=CARTESIAN_POINT('',(-3.42053E2,1.706823725959E2,1.121496260167E1));
#6879=VERTEX_POINT('',#6878);
#6880=CARTESIAN_POINT('',(-3.43553E2,1.710361059759E2,1.136158929220E1));
#6881=VERTEX_POINT('',#6880);
#6882=CARTESIAN_POINT('',(-3.42053E2,1.710361059759E2,1.136158929220E1));
#6883=VERTEX_POINT('',#6882);
#6884=CARTESIAN_POINT('',(-3.43553E2,1.700999996082E2,9.100000111596E0));
#6885=VERTEX_POINT('',#6884);
#6886=CARTESIAN_POINT('',(-3.42053E2,1.755638932404E2,1.136158929220E1));
#6887=VERTEX_POINT('',#6886);
#6888=CARTESIAN_POINT('',(-3.42053E2,1.912769142938E2,1.121496260167E1));
#6889=VERTEX_POINT('',#6888);
#6890=CARTESIAN_POINT('',(-3.42053E2,2.006189419950E2,2.234835781545E1));
#6891=VERTEX_POINT('',#6890);
#6892=CARTESIAN_POINT('',(-3.42053E2,2.072695625706E2,2.709954765012E1));
#6893=VERTEX_POINT('',#6892);
#6894=CARTESIAN_POINT('',(-3.42053E2,2.072695625706E2,3.270814807646E1));
#6895=VERTEX_POINT('',#6894);
#6896=CARTESIAN_POINT('',(-3.42053E2,2.081164276569E2,3.369635336799E1));
#6897=VERTEX_POINT('',#6896);
#6898=CARTESIAN_POINT('',(-3.42053E2,2.094946418799E2,3.380250574417E1));
#6899=VERTEX_POINT('',#6898);
#6900=CARTESIAN_POINT('',(-3.42553E2,2.114E2,3.330250574417E1));
#6901=VERTEX_POINT('',#6900);
#6902=CARTESIAN_POINT('',(-3.42053E2,2.114E2,3.380250574417E1));
#6903=VERTEX_POINT('',#6902);
#6904=CARTESIAN_POINT('',(-3.42053E2,2.114E2,3.443273609826E1));
#6905=VERTEX_POINT('',#6904);
#6906=CARTESIAN_POINT('',(-3.42053E2,2.045329149455E2,4.265674699962E1));
#6907=VERTEX_POINT('',#6906);
#6908=CARTESIAN_POINT('',(-3.42053E2,2.047760044334E2,4.543527256181E1));
#6909=VERTEX_POINT('',#6908);
#6910=CARTESIAN_POINT('',(-3.42053E2,1.988089228784E2,4.586172675714E1));
#6911=VERTEX_POINT('',#6910);
#6912=CARTESIAN_POINT('',(-3.42053E2,1.988089228784E2,4.593146577282E1));
#6913=VERTEX_POINT('',#6912);
#6914=CARTESIAN_POINT('',(-3.42053E2,1.944999983222E2,4.162254121659E1));
#6915=VERTEX_POINT('',#6914);
#6916=CARTESIAN_POINT('',(-3.42053E2,1.944999983222E2,3.101082993829E1));
#6917=VERTEX_POINT('',#6916);
#6918=CARTESIAN_POINT('',(-3.42053E2,1.932999983222E2,3.101082993829E1));
#6919=VERTEX_POINT('',#6918);
#6920=CARTESIAN_POINT('',(-3.42053E2,1.932999983222E2,4.042254121659E1));
#6921=VERTEX_POINT('',#6920);
#6922=CARTESIAN_POINT('',(-3.42053E2,1.855065599146E2,3.262910280903E1));
#6923=VERTEX_POINT('',#6922);
#6924=CARTESIAN_POINT('',(-3.42053E2,1.823555828915E2,2.112910280903E1));
#6925=CARTESIAN_POINT('',(-3.42053E2,1.793555828915E2,2.112910280903E1));
#6926=VERTEX_POINT('',#6924);
#6927=VERTEX_POINT('',#6925);
#6928=CARTESIAN_POINT('',(-3.42553E2,1.823555828915E2,2.112910280903E1));
#6929=CARTESIAN_POINT('',(-3.42553E2,1.793555828915E2,2.112910280903E1));
#6930=VERTEX_POINT('',#6928);
#6931=VERTEX_POINT('',#6929);
#6932=CARTESIAN_POINT('',(-3.42853E2,1.826555828915E2,2.112910280903E1));
#6933=CARTESIAN_POINT('',(-3.42853E2,1.790555828915E2,2.112910280903E1));
#6934=VERTEX_POINT('',#6932);
#6935=VERTEX_POINT('',#6933);
#6936=CARTESIAN_POINT('',(-3.42853E2,1.651573110953E2,3.276432418116E1));
#6937=CARTESIAN_POINT('',(-3.42853E2,1.651573110953E2,2.696432418116E1));
#6938=VERTEX_POINT('',#6936);
#6939=VERTEX_POINT('',#6937);
#6940=CARTESIAN_POINT('',(-3.42853E2,1.654143874693E2,2.652730231453E1));
#6941=VERTEX_POINT('',#6940);
#6942=CARTESIAN_POINT('',(-3.42953E2,1.651573110953E2,2.696432418116E1));
#6943=VERTEX_POINT('',#6942);
#6944=CARTESIAN_POINT('',(-3.42953E2,1.656573110953E2,2.646432418116E1));
#6945=VERTEX_POINT('',#6944);
#6946=CARTESIAN_POINT('',(-3.428391032616E2,1.656573110953E2,2.646432418116E1));
#6947=VERTEX_POINT('',#6946);
#6948=CARTESIAN_POINT('',(-3.42953E2,1.661573110953E2,2.646432418116E1));
#6949=VERTEX_POINT('',#6948);
#6950=CARTESIAN_POINT('',(-3.43253E2,1.656573110953E2,2.676432418116E1));
#6951=VERTEX_POINT('',#6950);
#6952=CARTESIAN_POINT('',(-3.43253E2,1.654573110953E2,2.696432418116E1));
#6953=VERTEX_POINT('',#6952);
#6954=CARTESIAN_POINT('',(-3.43253E2,1.654573110953E2,3.276432418116E1));
#6955=VERTEX_POINT('',#6954);
#6956=CARTESIAN_POINT('',(-3.43253E2,1.656573110953E2,3.296432418116E1));
#6957=VERTEX_POINT('',#6956);
#6958=CARTESIAN_POINT('',(-3.42953E2,1.651573110953E2,3.276432418116E1));
#6959=VERTEX_POINT('',#6958);
#6960=CARTESIAN_POINT('',(-3.42853E2,1.656573110953E2,3.326432418116E1));
#6961=VERTEX_POINT('',#6960);
#6962=CARTESIAN_POINT('',(-3.42953E2,1.656573110953E2,3.326432418116E1));
#6963=VERTEX_POINT('',#6962);
#6964=CARTESIAN_POINT('',(-3.42953E2,1.661573110953E2,3.326432418116E1));
#6965=VERTEX_POINT('',#6964);
#6966=CARTESIAN_POINT('',(-3.43253E2,1.661573110953E2,3.296432418116E1));
#6967=VERTEX_POINT('',#6966);
#6968=CARTESIAN_POINT('',(-3.43253E2,1.663573110953E2,3.276432418116E1));
#6969=VERTEX_POINT('',#6968);
#6970=CARTESIAN_POINT('',(-3.42953E2,1.666573110953E2,3.276432418116E1));
#6971=VERTEX_POINT('',#6970);
#6972=CARTESIAN_POINT('',(-3.42853E2,1.661573110953E2,3.326432418116E1));
#6973=VERTEX_POINT('',#6972);
#6974=CARTESIAN_POINT('',(-3.42853E2,1.666573110953E2,3.276432418116E1));
#6975=VERTEX_POINT('',#6974);
#6976=CARTESIAN_POINT('',(-3.42853E2,1.666573110953E2,2.696432418116E1));
#6977=VERTEX_POINT('',#6976);
#6978=CARTESIAN_POINT('',(-3.42953E2,1.666573110953E2,2.696432418116E1));
#6979=VERTEX_POINT('',#6978);
#6980=CARTESIAN_POINT('',(-3.42853E2,1.664002347214E2,2.652730231453E1));
#6981=VERTEX_POINT('',#6980);
#6982=VERTEX_POINT('',#1890);
#6983=CARTESIAN_POINT('',(-3.42853E2,1.626073110953E2,2.326432418116E1));
#6984=VERTEX_POINT('',#6983);
#6985=CARTESIAN_POINT('',(-3.42553E2,1.689073110953E2,2.326432418116E1));
#6986=CARTESIAN_POINT('',(-3.42553E2,1.629073110953E2,2.326432418116E1));
#6987=VERTEX_POINT('',#6985);
#6988=VERTEX_POINT('',#6986);
#6989=CARTESIAN_POINT('',(-3.42053E2,1.689073110953E2,2.326432418116E1));
#6990=CARTESIAN_POINT('',(-3.42053E2,1.629073110953E2,2.326432418116E1));
#6991=VERTEX_POINT('',#6989);
#6992=VERTEX_POINT('',#6990);
#6993=CARTESIAN_POINT('',(-3.43253E2,1.661573110953E2,2.676432418116E1));
#6994=VERTEX_POINT('',#6993);
#6995=CARTESIAN_POINT('',(-3.43253E2,1.663573110953E2,2.696432418116E1));
#6996=VERTEX_POINT('',#6995);
#6997=CARTESIAN_POINT('',(-3.42853E2,1.904499983222E2,2.670240795339E1));
#6998=CARTESIAN_POINT('',(-3.42853E2,1.956787435809E2,2.965851439679E1));
#6999=VERTEX_POINT('',#6997);
#7000=VERTEX_POINT('',#6998);
#7001=VERTEX_POINT('',#2073);
#7002=CARTESIAN_POINT('',(-3.42853E2,1.905215711040E2,3.481568687363E1));
#7003=VERTEX_POINT('',#7002);
#7004=CARTESIAN_POINT('',(-3.42953E2,1.905215711040E2,3.481568687363E1));
#7005=VERTEX_POINT('',#7004);
#7006=CARTESIAN_POINT('',(-3.42953E2,1.975926389159E2,2.774461906176E1));
#7007=VERTEX_POINT('',#7006);
#7008=CARTESIAN_POINT('',(-3.43253E2,1.907337031384E2,3.502781890798E1));
#7009=VERTEX_POINT('',#7008);
#7010=CARTESIAN_POINT('',(-3.43253E2,1.978047709503E2,2.795675109612E1));
#7011=VERTEX_POINT('',#7010);
#7012=CARTESIAN_POINT('',(-3.43253E2,1.907337031384E2,3.531066162046E1));
#7013=VERTEX_POINT('',#7012);
#7014=CARTESIAN_POINT('',(-3.42953E2,1.905215711040E2,3.552279365481E1));
#7015=VERTEX_POINT('',#7014);
#7016=CARTESIAN_POINT('',(-3.42853E2,1.905215711040E2,3.552279365481E1));
#7017=VERTEX_POINT('',#7016);
#7018=CARTESIAN_POINT('',(-3.42853E2,1.908751244946E2,3.587634704541E1));
#7019=VERTEX_POINT('',#7018);
#7020=CARTESIAN_POINT('',(-3.42953E2,1.908751244946E2,3.587634704541E1));
#7021=VERTEX_POINT('',#7020);
#7022=CARTESIAN_POINT('',(-3.43253E2,1.910872565290E2,3.566421501105E1));
#7023=VERTEX_POINT('',#7022);
#7024=CARTESIAN_POINT('',(-3.42953E2,1.915822312758E2,3.587634704541E1));
#7025=VERTEX_POINT('',#7024);
#7026=CARTESIAN_POINT('',(-3.42853E2,1.915822312758E2,3.587634704541E1));
#7027=VERTEX_POINT('',#7026);
#7028=CARTESIAN_POINT('',(-3.42853E2,1.986532990877E2,2.880527923354E1));
#7029=VERTEX_POINT('',#7028);
#7030=CARTESIAN_POINT('',(-3.42953E2,1.986532990877E2,2.880527923354E1));
#7031=VERTEX_POINT('',#7030);
#7032=CARTESIAN_POINT('',(-3.42853E2,1.986532990877E2,2.809817245236E1));
#7033=VERTEX_POINT('',#7032);
#7034=CARTESIAN_POINT('',(-3.42953E2,1.986532990877E2,2.809817245236E1));
#7035=VERTEX_POINT('',#7034);
#7036=CARTESIAN_POINT('',(-3.42853E2,1.982997456971E2,2.774461906176E1));
#7037=VERTEX_POINT('',#7036);
#7038=CARTESIAN_POINT('',(-3.42953E2,1.982997456971E2,2.774461906176E1));
#7039=VERTEX_POINT('',#7038);
#7040=CARTESIAN_POINT('',(-3.43253E2,1.980876136627E2,2.795675109612E1));
#7041=VERTEX_POINT('',#7040);
#7042=CARTESIAN_POINT('',(-3.42853E2,1.975926389159E2,2.774461906176E1));
#7043=VERTEX_POINT('',#7042);
#7044=CARTESIAN_POINT('',(-3.43253E2,1.984411670533E2,2.859314719919E1));
#7045=CARTESIAN_POINT('',(-3.43253E2,1.913700992415E2,3.566421501105E1));
#7046=VERTEX_POINT('',#7044);
#7047=VERTEX_POINT('',#7045);
#7048=CARTESIAN_POINT('',(-3.43253E2,1.984411670533E2,2.831030448671E1));
#7049=VERTEX_POINT('',#7048);
#7050=CARTESIAN_POINT('',(-3.42553E2,1.970499983222E2,2.670240795339E1));
#7051=CARTESIAN_POINT('',(-3.42553E2,1.907499983222E2,2.670240795339E1));
#7052=VERTEX_POINT('',#7050);
#7053=VERTEX_POINT('',#7051);
#7054=CARTESIAN_POINT('',(-3.414E2,1.970499983222E2,2.670240795339E1));
#7055=CARTESIAN_POINT('',(-3.414E2,1.907499983222E2,2.670240795339E1));
#7056=VERTEX_POINT('',#7054);
#7057=VERTEX_POINT('',#7055);
#7058=CARTESIAN_POINT('',(-3.414E2,1.953999983222E2,2.670240795339E1));
#7059=CARTESIAN_POINT('',(-3.414E2,1.923999983222E2,2.670240795339E1));
#7060=VERTEX_POINT('',#7058);
#7061=VERTEX_POINT('',#7059);
#7062=CARTESIAN_POINT('',(-3.404E2,1.953999983222E2,2.670240795339E1));
#7063=CARTESIAN_POINT('',(-3.404E2,1.923999983222E2,2.670240795339E1));
#7064=VERTEX_POINT('',#7062);
#7065=VERTEX_POINT('',#7063);
#7066=CARTESIAN_POINT('',(-3.404E2,1.965999998220E2,4.563675627869E1));
#7067=CARTESIAN_POINT('',(-3.404E2,1.965999998220E2,4.372254271637E1));
#7068=VERTEX_POINT('',#7066);
#7069=VERTEX_POINT('',#7067);
#7070=CARTESIAN_POINT('',(-3.404E2,1.967464464314E2,4.599030966928E1));
#7071=VERTEX_POINT('',#7070);
#7072=CARTESIAN_POINT('',(-3.37999999E2,1.965999998220E2,4.563675627869E1));
#7073=VERTEX_POINT('',#7072);
#7074=CARTESIAN_POINT('',(-3.37999999E2,1.967464464314E2,4.599030966928E1));
#7075=VERTEX_POINT('',#7074);
#7076=CARTESIAN_POINT('',(-3.37999999E2,1.981273731208E2,4.737123635872E1));
#7077=VERTEX_POINT('',#7076);
#7078=CARTESIAN_POINT('',(-3.37999999E2,1.965999998220E2,4.372254271637E1));
#7079=VERTEX_POINT('',#7078);
#7080=CARTESIAN_POINT('',(-3.37999999E2,1.988089228784E2,4.593146577282E1));
#7081=VERTEX_POINT('',#7080);
#7082=CARTESIAN_POINT('',(-3.37999999E2,1.988089228784E2,4.586172675714E1));
#7083=VERTEX_POINT('',#7082);
#7084=CARTESIAN_POINT('',(-3.37999999E2,2.004301612271E2,4.711142188409E1));
#7085=VERTEX_POINT('',#7084);
#7086=CARTESIAN_POINT('',(-3.37999999E2,2.005330225787E2,4.828713251276E1));
#7087=VERTEX_POINT('',#7086);
#7088=CARTESIAN_POINT('',(-3.37999999E2,2.001429678167E2,4.859908200897E1));
#7089=VERTEX_POINT('',#7088);
#7090=CARTESIAN_POINT('',(-3.41753E2,2.005330225787E2,4.828713251276E1));
#7091=VERTEX_POINT('',#7090);
#7092=CARTESIAN_POINT('',(-3.41753E2,2.004301612271E2,4.711142188409E1));
#7093=VERTEX_POINT('',#7092);
#7094=CARTESIAN_POINT('',(-3.41753E2,2.047760044334E2,4.543527256181E1));
#7095=VERTEX_POINT('',#7094);
#7096=CARTESIAN_POINT('',(-3.41753E2,2.045329149455E2,4.265674699962E1));
#7097=VERTEX_POINT('',#7096);
#7098=CARTESIAN_POINT('',(-3.41753E2,2.114E2,3.443273609826E1));
#7099=VERTEX_POINT('',#7098);
#7100=CARTESIAN_POINT('',(-3.41753E2,2.114E2,3.330250574417E1));
#7101=VERTEX_POINT('',#7100);
#7102=CARTESIAN_POINT('',(-3.41753E2,2.060811743074E2,4.314286261593E1));
#7103=VERTEX_POINT('',#7102);
#7104=CARTESIAN_POINT('',(-3.41753E2,2.062981007026E2,4.562234265990E1));
#7105=VERTEX_POINT('',#7104);
#7106=CARTESIAN_POINT('',(-3.41753E2,2.062760296506E2,4.576419918678E1));
#7107=VERTEX_POINT('',#7106);
#7108=CARTESIAN_POINT('',(-3.42353E2,2.062981007026E2,4.562234265990E1));
#7109=VERTEX_POINT('',#7108);
#7110=CARTESIAN_POINT('',(-3.42353E2,2.062760296506E2,4.576419918678E1));
#7111=VERTEX_POINT('',#7110);
#7112=CARTESIAN_POINT('',(-3.42353E2,1.981273731205E2,4.737123635846E1));
#7113=VERTEX_POINT('',#7112);
#7114=VERTEX_POINT('',#2724);
#7115=VERTEX_POINT('',#4413);
#7116=CARTESIAN_POINT('',(-3.42553E2,2.060811743074E2,4.314286261593E1));
#7117=VERTEX_POINT('',#7116);
#7118=VERTEX_POINT('',#4432);
#7119=CARTESIAN_POINT('',(-3.42853E2,1.984809265119E2,4.701768296865E1));
#7120=VERTEX_POINT('',#7119);
#7121=CARTESIAN_POINT('',(-3.42853E2,1.850923463524E2,3.362910280908E1));
#7122=VERTEX_POINT('',#7121);
#7123=VERTEX_POINT('',#2779);
#7124=VERTEX_POINT('',#2810);
#7125=CARTESIAN_POINT('',(-3.404E2,1.744373112364E2,3.412910280907E1));
#7126=VERTEX_POINT('',#7125);
#7127=CARTESIAN_POINT('',(-3.404E2,1.846781327897E2,3.412910280907E1));
#7128=VERTEX_POINT('',#7127);
#7129=CARTESIAN_POINT('',(-3.404E2,1.855065599146E2,3.262910280903E1));
#7130=VERTEX_POINT('',#7129);
#7131=CARTESIAN_POINT('',(-3.404E2,1.888074567538E2,3.592999964820E1));
#7132=VERTEX_POINT('',#7131);
#7133=CARTESIAN_POINT('',(-3.404E2,1.932999983222E2,4.042254121659E1));
#7134=VERTEX_POINT('',#7133);
#7135=CARTESIAN_POINT('',(-3.4115E2,1.932999983222E2,3.101082993829E1));
#7136=VERTEX_POINT('',#7135);
#7137=CARTESIAN_POINT('',(-3.4115E2,1.944999983222E2,3.101082993829E1));
#7138=VERTEX_POINT('',#7137);
#7139=CARTESIAN_POINT('',(-3.404E2,1.944999983222E2,4.162254121659E1));
#7140=VERTEX_POINT('',#7139);
#7141=CARTESIAN_POINT('',(-3.404E2,1.944999983222E2,3.025205582325E1));
#7142=VERTEX_POINT('',#7141);
#7143=CARTESIAN_POINT('',(-3.404E2,1.932999983222E2,3.025205582325E1));
#7144=VERTEX_POINT('',#7143);
#7145=CARTESIAN_POINT('',(-3.404E2,1.905700881135E2,3.769263100793E1));
#7146=VERTEX_POINT('',#7145);
#7147=CARTESIAN_POINT('',(-3.359E2,1.905700881135E2,3.769263100793E1));
#7148=VERTEX_POINT('',#7147);
#7149=CARTESIAN_POINT('',(-3.359E2,1.898074567538E2,3.692999964820E1));
#7150=VERTEX_POINT('',#7149);
#7151=CARTESIAN_POINT('',(-3.359E2,1.905700881135E2,3.860684457030E1));
#7152=VERTEX_POINT('',#7151);
#7153=CARTESIAN_POINT('',(-3.359E2,1.897165347234E2,3.896039796136E1));
#7154=VERTEX_POINT('',#7153);
#7155=CARTESIAN_POINT('',(-3.359E2,1.876861364103E2,3.692999964820E1));
#7156=VERTEX_POINT('',#7155);
#7157=CARTESIAN_POINT('',(-3.360464466097E2,1.875396898006E2,3.678355303848E1));
#7158=VERTEX_POINT('',#7157);
#7159=CARTESIAN_POINT('',(-3.404E2,1.897165347231E2,3.896039796103E1));
#7160=VERTEX_POINT('',#7159);
#7161=CARTESIAN_POINT('',(-3.404E2,1.905700881135E2,3.860684457030E1));
#7162=VERTEX_POINT('',#7161);
#7163=VERTEX_POINT('',#6063);
#7164=CARTESIAN_POINT('',(-3.404E2,1.875396898007E2,3.678355303862E1));
#7165=VERTEX_POINT('',#7164);
#7166=CARTESIAN_POINT('',(-3.404E2,1.878932431914E2,3.592999964820E1));
#7167=VERTEX_POINT('',#7166);
#7168=CARTESIAN_POINT('',(-3.404E2,1.850316861806E2,3.427554941849E1));
#7169=VERTEX_POINT('',#7168);
#7170=CARTESIAN_POINT('',(-3.369E2,1.888074567538E2,3.592999964820E1));
#7171=VERTEX_POINT('',#7170);
#7172=CARTESIAN_POINT('',(-3.41753E2,2.001429678167E2,4.859908200897E1));
#7173=VERTEX_POINT('',#7172);
#7174=CARTESIAN_POINT('',(-3.423772150780E2,2.077376433982E2,2.709954765012E1));
#7175=VERTEX_POINT('',#7174);
#7176=CARTESIAN_POINT('',(-3.423510341706E2,2.074341031159E2,2.667277345603E1));
#7177=VERTEX_POINT('',#7176);
#7178=CARTESIAN_POINT('',(-3.44053E2,1.764999996082E2,9.100000111596E0));
#7179=CARTESIAN_POINT('',(-3.44053E2,1.700999996082E2,9.100000111596E0));
#7180=VERTEX_POINT('',#7178);
#7181=VERTEX_POINT('',#7179);
#7182=CARTESIAN_POINT('',(-3.44253E2,2.153615041328E2,-4.499998892733E-1));
#7183=CARTESIAN_POINT('',(-3.44253E2,2.114384950836E2,-4.499998892733E-1));
#7184=VERTEX_POINT('',#7182);
#7185=VERTEX_POINT('',#7183);
#7186=CARTESIAN_POINT('',(-3.44253E2,2.114384950836E2,7.650000110727E0));
#7187=VERTEX_POINT('',#7186);
#7188=CARTESIAN_POINT('',(-3.44253E2,2.153615041328E2,7.650000110727E0));
#7189=VERTEX_POINT('',#7188);
#7190=CARTESIAN_POINT('',(-3.42753E2,2.153615041328E2,7.650000110727E0));
#7191=VERTEX_POINT('',#7190);
#7192=CARTESIAN_POINT('',(-3.42753E2,2.153615041328E2,-4.499998892733E-1));
#7193=VERTEX_POINT('',#7192);
#7194=CARTESIAN_POINT('',(-3.42753E2,2.114384950836E2,7.650000110727E0));
#7195=VERTEX_POINT('',#7194);
#7196=CARTESIAN_POINT('',(-3.42753E2,2.114384950836E2,-4.499998892733E-1));
#7197=VERTEX_POINT('',#7196);
#7198=CARTESIAN_POINT('',(-3.42753E2,2.149803476711E2,1.050000110727E0));
#7199=CARTESIAN_POINT('',(-3.42753E2,2.118196515452E2,1.050000110727E0));
#7200=VERTEX_POINT('',#7198);
#7201=VERTEX_POINT('',#7199);
#7202=CARTESIAN_POINT('',(-3.44253E2,2.149803476711E2,1.050000110727E0));
#7203=VERTEX_POINT('',#7202);
#7204=CARTESIAN_POINT('',(-3.44253E2,2.118196515452E2,1.050000110727E0));
#7205=VERTEX_POINT('',#7204);
#7206=CARTESIAN_POINT('',(-3.44253E2,2.149803476711E2,6.150000110727E0));
#7207=VERTEX_POINT('',#7206);
#7208=CARTESIAN_POINT('',(-3.44253E2,2.118196515452E2,6.150000110727E0));
#7209=VERTEX_POINT('',#7208);
#7210=CARTESIAN_POINT('',(-3.42753E2,2.118196515452E2,6.150000110727E0));
#7211=VERTEX_POINT('',#7210);
#7212=CARTESIAN_POINT('',(-3.42753E2,2.149803476711E2,6.150000110727E0));
#7213=VERTEX_POINT('',#7212);
#7214=CARTESIAN_POINT('',(-3.44253E2,2.148999996082E2,3.600000110727E0));
#7215=CARTESIAN_POINT('',(-3.44253E2,2.118999996082E2,3.600000110727E0));
#7216=VERTEX_POINT('',#7214);
#7217=VERTEX_POINT('',#7215);
#7218=CARTESIAN_POINT('',(-3.45753E2,2.148999996082E2,3.600000110727E0));
#7219=CARTESIAN_POINT('',(-3.45753E2,2.118999996082E2,3.600000110727E0));
#7220=VERTEX_POINT('',#7218);
#7221=VERTEX_POINT('',#7219);
#7222=CARTESIAN_POINT('',(-3.45753E2,2.148798644669E2,1.000001107267E-1));
#7223=CARTESIAN_POINT('',(-3.45753E2,2.119201347495E2,1.000001107267E-1));
#7224=VERTEX_POINT('',#7222);
#7225=VERTEX_POINT('',#7223);
#7226=CARTESIAN_POINT('',(-3.45753E2,2.119201347495E2,7.100000110727E0));
#7227=VERTEX_POINT('',#7226);
#7228=CARTESIAN_POINT('',(-3.45753E2,2.148798644669E2,7.100000110727E0));
#7229=VERTEX_POINT('',#7228);
#7230=CARTESIAN_POINT('',(-3.52298E2,2.148798644669E2,7.100000110727E0));
#7231=VERTEX_POINT('',#7230);
#7232=CARTESIAN_POINT('',(-3.52298E2,2.119201347495E2,7.100000110727E0));
#7233=VERTEX_POINT('',#7232);
#7234=CARTESIAN_POINT('',(-3.52298E2,2.119201347495E2,1.000001107267E-1));
#7235=VERTEX_POINT('',#7234);
#7236=CARTESIAN_POINT('',(-3.52298E2,2.148798644669E2,1.000001107267E-1));
#7237=VERTEX_POINT('',#7236);
#7238=VERTEX_POINT('',#698);
#7239=CARTESIAN_POINT('',(-3.52798E2,2.118220262244E2,-3.999998892734E-1));
#7240=VERTEX_POINT('',#7239);
#7241=CARTESIAN_POINT('',(-3.52798E2,2.118220262244E2,7.600000110727E0));
#7242=VERTEX_POINT('',#7241);
#7243=CARTESIAN_POINT('',(-3.52798E2,2.149779729920E2,7.600000110727E0));
#7244=VERTEX_POINT('',#7243);
#7245=CARTESIAN_POINT('',(-3.52798E2,1.954E2,1.002750574417E1));
#7246=CARTESIAN_POINT('',(-3.52798E2,1.954E2,1.597750574417E1));
#7247=VERTEX_POINT('',#7245);
#7248=VERTEX_POINT('',#7246);
#7249=CARTESIAN_POINT('',(-3.52798E2,2.047595657713E2,1.466621519467E1));
#7250=CARTESIAN_POINT('',(-3.52798E2,1.982504327132E2,1.215064991875E1));
#7251=VERTEX_POINT('',#7249);
#7252=VERTEX_POINT('',#7250);
#7253=CARTESIAN_POINT('',(-3.52798E2,2.051091097656E2,1.514304114861E1));
#7254=VERTEX_POINT('',#7253);
#7255=CARTESIAN_POINT('',(-3.614029999883E2,2.047595657713E2,1.466621519467E1));
#7256=VERTEX_POINT('',#7255);
#7257=CARTESIAN_POINT('',(-3.614029999883E2,1.982504327132E2,1.215064991875E1));
#7258=VERTEX_POINT('',#7257);
#7259=CARTESIAN_POINT('',(-3.614029999882E2,1.983321436144E2,1.350565465312E1));
#7260=VERTEX_POINT('',#7259);
#7261=CARTESIAN_POINT('',(-3.614029999883E2,2.044591911028E2,1.582971917563E1));
#7262=VERTEX_POINT('',#7261);
#7263=CARTESIAN_POINT('',(-3.614029999883E2,2.051091097656E2,1.535272400318E1));
#7264=VERTEX_POINT('',#7263);
#7265=CARTESIAN_POINT('',(-3.52798E2,2.044591911028E2,1.582971917563E1));
#7266=VERTEX_POINT('',#7265);
#7267=CARTESIAN_POINT('',(-3.52798E2,2.051091097656E2,1.535272400318E1));
#7268=VERTEX_POINT('',#7267);
#7269=CARTESIAN_POINT('',(-3.52798E2,1.983321436144E2,1.350565465312E1));
#7270=VERTEX_POINT('',#7269);
#7271=CARTESIAN_POINT('',(-3.63954E2,1.954E2,1.002750574417E1));
#7272=CARTESIAN_POINT('',(-3.63954E2,1.92425E2,1.300250574417E1));
#7273=VERTEX_POINT('',#7271);
#7274=VERTEX_POINT('',#7272);
#7275=CARTESIAN_POINT('',(-3.64454E2,1.92925E2,1.300250574417E1));
#7276=CARTESIAN_POINT('',(-3.64454E2,1.954E2,1.547750574417E1));
#7277=VERTEX_POINT('',#7275);
#7278=VERTEX_POINT('',#7276);
#7279=CARTESIAN_POINT('',(-3.64454E2,1.954E2,1.176500574417E1));
#7280=CARTESIAN_POINT('',(-3.64454E2,1.954E2,1.424000574417E1));
#7281=VERTEX_POINT('',#7279);
#7282=VERTEX_POINT('',#7280);
#7283=CARTESIAN_POINT('',(-3.52798E2,1.954E2,1.176500574417E1));
#7284=CARTESIAN_POINT('',(-3.52798E2,1.954E2,1.424000574417E1));
#7285=VERTEX_POINT('',#7283);
#7286=VERTEX_POINT('',#7284);
#7287=CARTESIAN_POINT('',(-3.614029999883E2,2.051091097656E2,1.514304114861E1));
#7288=VERTEX_POINT('',#7287);
#7289=CARTESIAN_POINT('',(-3.64298E2,1.758150672789E2,-5.843669074617E0));
#7290=VERTEX_POINT('',#7289);
#7291=CARTESIAN_POINT('',(-3.64298E2,1.741150672789E2,-5.843669074617E0));
#7292=VERTEX_POINT('',#7291);
#7293=CARTESIAN_POINT('',(-3.65298E2,1.741150672789E2,-5.843669074617E0));
#7294=VERTEX_POINT('',#7293);
#7295=CARTESIAN_POINT('',(-3.65298E2,1.738150672789E2,-5.543669074617E0));
#7296=VERTEX_POINT('',#7295);
#7297=CARTESIAN_POINT('',(-3.64298E2,1.738150672789E2,-5.543669074617E0));
#7298=VERTEX_POINT('',#7297);
#7299=CARTESIAN_POINT('',(-3.64298E2,1.738150672789E2,-3.143669074617E0));
#7300=VERTEX_POINT('',#7299);
#7301=CARTESIAN_POINT('',(-3.65298E2,1.738150672789E2,-3.143669074617E0));
#7302=VERTEX_POINT('',#7301);
#7303=CARTESIAN_POINT('',(-3.64298E2,1.741150672789E2,-2.843669074617E0));
#7304=VERTEX_POINT('',#7303);
#7305=CARTESIAN_POINT('',(-3.65298E2,1.741150672789E2,-2.843669074617E0));
#7306=VERTEX_POINT('',#7305);
#7307=CARTESIAN_POINT('',(-3.64298E2,1.758150672789E2,-2.843669074617E0));
#7308=VERTEX_POINT('',#7307);
#7309=CARTESIAN_POINT('',(-3.65498E2,1.743150672789E2,-2.843669074617E0));
#7310=VERTEX_POINT('',#7309);
#7311=CARTESIAN_POINT('',(-3.65798E2,1.743150672789E2,-3.143669074617E0));
#7312=VERTEX_POINT('',#7311);
#7313=CARTESIAN_POINT('',(-3.43553E2,1.764999996082E2,9.100000111596E0));
#7314=VERTEX_POINT('',#7313);
#7315=CARTESIAN_POINT('',(-3.42853E2,1.692073110953E2,2.326432418116E1));
#7316=VERTEX_POINT('',#7315);
#7317=CARTESIAN_POINT('',(-3.42853E2,1.973499983222E2,2.670240795339E1));
#7318=VERTEX_POINT('',#7317);
#7319=CARTESIAN_POINT('',(-3.63954E2,1.954E2,1.597750574417E1));
#7320=CARTESIAN_POINT('',(-3.63954E2,1.98375E2,1.300250574417E1));
#7321=VERTEX_POINT('',#7319);
#7322=VERTEX_POINT('',#7320);
#7323=CARTESIAN_POINT('',(-3.64454E2,1.97875E2,1.300250574417E1));
#7324=VERTEX_POINT('',#7323);
#7325=CARTESIAN_POINT('',(-3.44803E2,1.575537577048E2,1.246496260167E1));
#7326=VERTEX_POINT('',#7325);
#7327=CARTESIAN_POINT('',(-3.52548E2,2.162535533906E2,-2.593668710811E0));
#7328=VERTEX_POINT('',#7327);
#7329=CARTESIAN_POINT('',(-3.62548E2,1.759615138883E2,-1.593668710811E0));
#7330=VERTEX_POINT('',#7329);
#7331=CARTESIAN_POINT('',(-3.627247766953E2,1.771811838024E2,
-1.593668710811E0));
#7332=VERTEX_POINT('',#7331);
#7333=CARTESIAN_POINT('',(-3.626481448665E2,1.772966933491E2,
-9.197222465211E0));
#7334=VERTEX_POINT('',#7333);
#7335=CARTESIAN_POINT('',(-3.62548E2,1.759615138883E2,-9.093669074617E0));
#7336=VERTEX_POINT('',#7335);
#7337=CARTESIAN_POINT('',(-3.626606658526E2,2.008258680816E2,
-1.502387392408E0));
#7338=VERTEX_POINT('',#7337);
#7339=CARTESIAN_POINT('',(-3.62548E2,2.052535533906E2,-2.593668710811E0));
#7340=VERTEX_POINT('',#7339);
#7341=CARTESIAN_POINT('',(-3.626515533906E2,2.0515E2,-1.593668710811E0));
#7342=VERTEX_POINT('',#7341);
#7343=CARTESIAN_POINT('',(-3.526515533906E2,2.1265E2,3.455250574417E1));
#7344=VERTEX_POINT('',#7343);
#7345=CARTESIAN_POINT('',(-3.423297830986E2,2.076063391072E2,2.680500430978E1));
#7346=VERTEX_POINT('',#7345);
#7347=CARTESIAN_POINT('',(-3.526515533906E2,2.064859639928E2,3.411439225285E1));
#7348=VERTEX_POINT('',#7347);
#7349=VERTEX_POINT('',#5568);
#7350=CARTESIAN_POINT('',(-3.54298E2,1.773150672789E2,-9.343669074617E0));
#7351=DIRECTION('',(0.E0,1.E0,0.E0));
#7352=DIRECTION('',(0.E0,0.E0,1.E0));
#7353=AXIS2_PLACEMENT_3D('',#7350,#7351,#7352);
#7354=PLANE('',#7353);
#7356=ORIENTED_EDGE('',*,*,#7355,.T.);
#7358=ORIENTED_EDGE('',*,*,#7357,.F.);
#7360=ORIENTED_EDGE('',*,*,#7359,.T.);
#7362=ORIENTED_EDGE('',*,*,#7361,.T.);
#7364=ORIENTED_EDGE('',*,*,#7363,.F.);
#7366=ORIENTED_EDGE('',*,*,#7365,.T.);
#7367=EDGE_LOOP('',(#7356,#7358,#7360,#7362,#7364,#7366));
#7368=FACE_OUTER_BOUND('',#7367,.F.);
#7370=CARTESIAN_POINT('',(-3.60798E2,2.008032463371E2,-1.343668710811E0));
#7371=DIRECTION('',(0.E0,-2.645958804003E-1,9.643593832567E-1));
#7372=DIRECTION('',(0.E0,-9.643593832567E-1,-2.645958804003E-1));
#7373=AXIS2_PLACEMENT_3D('',#7370,#7371,#7372);
#7374=PLANE('',#7373);
#7376=ORIENTED_EDGE('',*,*,#7375,.F.);
#7378=ORIENTED_EDGE('',*,*,#7377,.T.);
#7380=ORIENTED_EDGE('',*,*,#7379,.F.);
#7381=ORIENTED_EDGE('',*,*,#7355,.F.);
#7383=ORIENTED_EDGE('',*,*,#7382,.F.);
#7384=EDGE_LOOP('',(#7376,#7378,#7380,#7381,#7383));
#7385=FACE_OUTER_BOUND('',#7384,.F.);
#7387=CARTESIAN_POINT('',(-4.19842E2,2.008705954899E2,-1.843668710811E0));
#7388=DIRECTION('',(-1.E0,0.E0,0.E0));
#7389=DIRECTION('',(0.E0,-1.E0,0.E0));
#7390=AXIS2_PLACEMENT_3D('',#7387,#7388,#7389);
#7391=CYLINDRICAL_SURFACE('',#7390,5.E-1);
#7393=ORIENTED_EDGE('',*,*,#7392,.T.);
#7395=ORIENTED_EDGE('',*,*,#7394,.F.);
#7397=ORIENTED_EDGE('',*,*,#7396,.F.);
#7398=ORIENTED_EDGE('',*,*,#7375,.T.);
#7400=ORIENTED_EDGE('',*,*,#7399,.T.);
#7401=EDGE_LOOP('',(#7393,#7395,#7397,#7398,#7400));
#7402=FACE_OUTER_BOUND('',#7401,.F.);
#7404=CARTESIAN_POINT('',(-3.62298E2,2.008705954899E2,-1.843668710811E0));
#7405=DIRECTION('',(-7.253317052455E-1,-8.945481653245E-2,6.825626368069E-1));
#7406=DIRECTION('',(6.853101263927E-1,0.E0,7.282513512954E-1));
#7407=AXIS2_PLACEMENT_3D('',#7404,#7405,#7406);
#7408=SPHERICAL_SURFACE('',#7407,5.E-1);
#7409=ORIENTED_EDGE('',*,*,#7392,.F.);
#7411=ORIENTED_EDGE('',*,*,#7410,.F.);
#7413=ORIENTED_EDGE('',*,*,#7412,.T.);
#7415=ORIENTED_EDGE('',*,*,#7414,.F.);
#7417=ORIENTED_EDGE('',*,*,#7416,.T.);
#7418=EDGE_LOOP('',(#7409,#7411,#7413,#7415,#7417));
#7419=FACE_OUTER_BOUND('',#7418,.F.);
#7421=CARTESIAN_POINT('',(-3.62298E2,2.008705954899E2,-1.843668710811E0));
#7422=DIRECTION('',(-7.253317052455E-1,-8.945481653245E-2,6.825626368069E-1));
#7423=DIRECTION('',(6.853101263927E-1,0.E0,7.282513512954E-1));
#7424=AXIS2_PLACEMENT_3D('',#7421,#7422,#7423);
#7425=SPHERICAL_SURFACE('',#7424,5.E-1);
#7426=ORIENTED_EDGE('',*,*,#7412,.F.);
#7427=ORIENTED_EDGE('',*,*,#7410,.T.);
#7428=ORIENTED_EDGE('',*,*,#7399,.F.);
#7430=ORIENTED_EDGE('',*,*,#7429,.F.);
#7431=EDGE_LOOP('',(#7426,#7427,#7428,#7430));
#7432=FACE_OUTER_BOUND('',#7431,.F.);
#7434=CARTESIAN_POINT('',(-3.62298E2,-2.06E1,-6.260961158839E1));
#7435=DIRECTION('',(0.E0,9.643593832567E-1,2.645958804003E-1));
#7436=DIRECTION('',(0.E0,-2.645958804003E-1,9.643593832567E-1));
#7437=AXIS2_PLACEMENT_3D('',#7434,#7435,#7436);
#7438=CYLINDRICAL_SURFACE('',#7437,5.E-1);
#7440=ORIENTED_EDGE('',*,*,#7439,.F.);
#7441=ORIENTED_EDGE('',*,*,#7414,.T.);
#7442=ORIENTED_EDGE('',*,*,#7429,.T.);
#7443=ORIENTED_EDGE('',*,*,#7382,.T.);
#7445=ORIENTED_EDGE('',*,*,#7444,.F.);
#7446=EDGE_LOOP('',(#7440,#7441,#7442,#7443,#7445));
#7447=FACE_OUTER_BOUND('',#7446,.F.);
#7449=CARTESIAN_POINT('',(-3.62798E2,1.854738264420E2,-1.147255399222E0));
#7450=DIRECTION('',(-1.E0,0.E0,0.E0));
#7451=DIRECTION('',(0.E0,-1.E0,0.E0));
#7452=AXIS2_PLACEMENT_3D('',#7449,#7450,#7451);
#7453=PLANE('',#7452);
#7455=ORIENTED_EDGE('',*,*,#7454,.F.);
#7457=ORIENTED_EDGE('',*,*,#7456,.T.);
#7458=ORIENTED_EDGE('',*,*,#7439,.T.);
#7460=ORIENTED_EDGE('',*,*,#7459,.F.);
#7462=ORIENTED_EDGE('',*,*,#7461,.T.);
#7464=ORIENTED_EDGE('',*,*,#7463,.F.);
#7466=ORIENTED_EDGE('',*,*,#7465,.F.);
#7468=ORIENTED_EDGE('',*,*,#7467,.T.);
#7470=ORIENTED_EDGE('',*,*,#7469,.T.);
#7472=ORIENTED_EDGE('',*,*,#7471,.F.);
#7473=EDGE_LOOP('',(#7455,#7457,#7458,#7460,#7462,#7464,#7466,#7468,#7470,
#7472));
#7474=FACE_OUTER_BOUND('',#7473,.F.);
#7476=CARTESIAN_POINT('',(-3.62298E2,2.049E2,-4.634775240272E1));
#7477=DIRECTION('',(0.E0,0.E0,-1.E0));
#7478=DIRECTION('',(0.E0,1.E0,0.E0));
#7479=AXIS2_PLACEMENT_3D('',#7476,#7477,#7478);
#7480=CYLINDRICAL_SURFACE('',#7479,5.E-1);
#7481=ORIENTED_EDGE('',*,*,#7454,.T.);
#7483=ORIENTED_EDGE('',*,*,#7482,.T.);
#7485=ORIENTED_EDGE('',*,*,#7484,.F.);
#7487=ORIENTED_EDGE('',*,*,#7486,.F.);
#7489=ORIENTED_EDGE('',*,*,#7488,.F.);
#7490=EDGE_LOOP('',(#7481,#7483,#7485,#7487,#7489));
#7491=FACE_OUTER_BOUND('',#7490,.F.);
#7493=CARTESIAN_POINT('',(-3.62298E2,2.049E2,-2.343668710811E0));
#7494=DIRECTION('',(-5.E-1,7.071067811866E-1,-5.E-1));
#7495=DIRECTION('',(8.164965809277E-1,5.773502691896E-1,1.232347557334E-14));
#7496=AXIS2_PLACEMENT_3D('',#7493,#7494,#7495);
#7497=SPHERICAL_SURFACE('',#7496,5.E-1);
#7499=ORIENTED_EDGE('',*,*,#7498,.T.);
#7500=ORIENTED_EDGE('',*,*,#7482,.F.);
#7502=ORIENTED_EDGE('',*,*,#7501,.T.);
#7504=ORIENTED_EDGE('',*,*,#7503,.F.);
#7506=ORIENTED_EDGE('',*,*,#7505,.T.);
#7507=EDGE_LOOP('',(#7499,#7500,#7502,#7504,#7506));
#7508=FACE_OUTER_BOUND('',#7507,.F.);
#7510=CARTESIAN_POINT('',(-4.19842E2,2.049E2,-2.343668710811E0));
#7511=DIRECTION('',(1.E0,0.E0,0.E0));
#7512=DIRECTION('',(0.E0,1.E0,0.E0));
#7513=AXIS2_PLACEMENT_3D('',#7510,#7511,#7512);
#7514=CYLINDRICAL_SURFACE('',#7513,5.E-1);
#7516=ORIENTED_EDGE('',*,*,#7515,.T.);
#7518=ORIENTED_EDGE('',*,*,#7517,.T.);
#7520=ORIENTED_EDGE('',*,*,#7519,.F.);
#7521=ORIENTED_EDGE('',*,*,#7498,.F.);
#7523=ORIENTED_EDGE('',*,*,#7522,.F.);
#7524=EDGE_LOOP('',(#7516,#7518,#7520,#7521,#7523));
#7525=FACE_OUTER_BOUND('',#7524,.F.);
#7527=CARTESIAN_POINT('',(-3.50298E2,2.164E2,-2.843668710811E0));
#7528=DIRECTION('',(0.E0,0.E0,-1.E0));
#7529=DIRECTION('',(0.E0,-1.E0,0.E0));
#7530=AXIS2_PLACEMENT_3D('',#7527,#7528,#7529);
#7531=PLANE('',#7530);
#7533=ORIENTED_EDGE('',*,*,#7532,.T.);
#7535=ORIENTED_EDGE('',*,*,#7534,.F.);
#7536=ORIENTED_EDGE('',*,*,#7515,.F.);
#7538=ORIENTED_EDGE('',*,*,#7537,.T.);
#7540=ORIENTED_EDGE('',*,*,#7539,.F.);
#7542=ORIENTED_EDGE('',*,*,#7541,.T.);
#7544=ORIENTED_EDGE('',*,*,#7543,.T.);
#7546=ORIENTED_EDGE('',*,*,#7545,.T.);
#7548=ORIENTED_EDGE('',*,*,#7547,.F.);
#7550=ORIENTED_EDGE('',*,*,#7549,.T.);
#7552=ORIENTED_EDGE('',*,*,#7551,.F.);
#7554=ORIENTED_EDGE('',*,*,#7553,.T.);
#7556=ORIENTED_EDGE('',*,*,#7555,.T.);
#7557=EDGE_LOOP('',(#7533,#7535,#7536,#7538,#7540,#7542,#7544,#7546,#7548,#7550,
#7552,#7554,#7556));
#7558=FACE_OUTER_BOUND('',#7557,.F.);
#7560=CARTESIAN_POINT('',(-4.19842E2,2.159E2,-2.343668710811E0));
#7561=DIRECTION('',(-1.E0,0.E0,0.E0));
#7562=DIRECTION('',(0.E0,-1.E0,0.E0));
#7563=AXIS2_PLACEMENT_3D('',#7560,#7561,#7562);
#7564=CYLINDRICAL_SURFACE('',#7563,5.E-1);
#7566=ORIENTED_EDGE('',*,*,#7565,.T.);
#7567=ORIENTED_EDGE('',*,*,#7532,.F.);
#7569=ORIENTED_EDGE('',*,*,#7568,.F.);
#7571=ORIENTED_EDGE('',*,*,#7570,.T.);
#7573=ORIENTED_EDGE('',*,*,#7572,.T.);
#7574=EDGE_LOOP('',(#7566,#7567,#7569,#7571,#7573));
#7575=FACE_OUTER_BOUND('',#7574,.F.);
#7577=CARTESIAN_POINT('',(-3.52298E2,2.159E2,-2.343668710811E0));
#7578=DIRECTION('',(-5.E-1,7.071067811866E-1,-5.E-1));
#7579=DIRECTION('',(8.164965809277E-1,5.773502691896E-1,1.232347557334E-14));
#7580=AXIS2_PLACEMENT_3D('',#7577,#7578,#7579);
#7581=SPHERICAL_SURFACE('',#7580,5.E-1);
#7582=ORIENTED_EDGE('',*,*,#7565,.F.);
#7584=ORIENTED_EDGE('',*,*,#7583,.F.);
#7586=ORIENTED_EDGE('',*,*,#7585,.T.);
#7588=ORIENTED_EDGE('',*,*,#7587,.F.);
#7589=EDGE_LOOP('',(#7582,#7584,#7586,#7588));
#7590=FACE_OUTER_BOUND('',#7589,.F.);
#7592=CARTESIAN_POINT('',(-3.52298E2,2.159E2,-2.343668710811E0));
#7593=DIRECTION('',(-5.E-1,7.071067811866E-1,-5.E-1));
#7594=DIRECTION('',(8.164965809277E-1,5.773502691896E-1,1.232347557334E-14));
#7595=AXIS2_PLACEMENT_3D('',#7592,#7593,#7594);
#7596=SPHERICAL_SURFACE('',#7595,5.E-1);
#7597=ORIENTED_EDGE('',*,*,#7585,.F.);
#7598=ORIENTED_EDGE('',*,*,#7583,.T.);
#7599=ORIENTED_EDGE('',*,*,#7572,.F.);
#7601=ORIENTED_EDGE('',*,*,#7600,.F.);
#7603=ORIENTED_EDGE('',*,*,#7602,.F.);
#7604=EDGE_LOOP('',(#7597,#7598,#7599,#7601,#7603));
#7605=FACE_OUTER_BOUND('',#7604,.F.);
#7607=CARTESIAN_POINT('',(-3.52298E2,2.159E2,-4.634775240272E1));
#7608=DIRECTION('',(0.E0,0.E0,-1.E0));
#7609=DIRECTION('',(0.E0,1.E0,0.E0));
#7610=AXIS2_PLACEMENT_3D('',#7607,#7608,#7609);
#7611=CYLINDRICAL_SURFACE('',#7610,5.E-1);
#7613=ORIENTED_EDGE('',*,*,#7612,.F.);
#7614=ORIENTED_EDGE('',*,*,#7600,.T.);
#7616=ORIENTED_EDGE('',*,*,#7615,.T.);
#7618=ORIENTED_EDGE('',*,*,#7617,.F.);
#7619=EDGE_LOOP('',(#7613,#7614,#7616,#7618));
#7620=FACE_OUTER_BOUND('',#7619,.F.);
#7622=CARTESIAN_POINT('',(-3.52798E2,2.252856246960E2,-4.877063447339E1));
#7623=DIRECTION('',(1.E0,0.E0,0.E0));
#7624=DIRECTION('',(0.E0,1.E0,0.E0));
#7625=AXIS2_PLACEMENT_3D('',#7622,#7623,#7624);
#7626=PLANE('',#7625);
#7628=ORIENTED_EDGE('',*,*,#7627,.F.);
#7630=ORIENTED_EDGE('',*,*,#7629,.F.);
#7632=ORIENTED_EDGE('',*,*,#7631,.T.);
#7634=ORIENTED_EDGE('',*,*,#7633,.T.);
#7636=ORIENTED_EDGE('',*,*,#7635,.F.);
#7638=ORIENTED_EDGE('',*,*,#7637,.T.);
#7640=ORIENTED_EDGE('',*,*,#7639,.T.);
#7641=ORIENTED_EDGE('',*,*,#7612,.T.);
#7643=ORIENTED_EDGE('',*,*,#7642,.F.);
#7645=ORIENTED_EDGE('',*,*,#7644,.F.);
#7647=ORIENTED_EDGE('',*,*,#7646,.F.);
#7649=ORIENTED_EDGE('',*,*,#7648,.T.);
#7651=ORIENTED_EDGE('',*,*,#7650,.T.);
#7652=EDGE_LOOP('',(#7628,#7630,#7632,#7634,#7636,#7638,#7640,#7641,#7643,#7645,
#7647,#7649,#7651));
#7653=FACE_OUTER_BOUND('',#7652,.F.);
#7655=ORIENTED_EDGE('',*,*,#7654,.T.);
#7657=ORIENTED_EDGE('',*,*,#7656,.F.);
#7659=ORIENTED_EDGE('',*,*,#7658,.F.);
#7661=ORIENTED_EDGE('',*,*,#7660,.F.);
#7663=ORIENTED_EDGE('',*,*,#7662,.F.);
#7665=ORIENTED_EDGE('',*,*,#7664,.T.);
#7667=ORIENTED_EDGE('',*,*,#7666,.T.);
#7669=ORIENTED_EDGE('',*,*,#7668,.T.);
#7670=EDGE_LOOP('',(#7655,#7657,#7659,#7661,#7663,#7665,#7667,#7669));
#7671=FACE_BOUND('',#7670,.F.);
#7673=ORIENTED_EDGE('',*,*,#7672,.T.);
#7675=ORIENTED_EDGE('',*,*,#7674,.F.);
#7677=ORIENTED_EDGE('',*,*,#7676,.T.);
#7679=ORIENTED_EDGE('',*,*,#7678,.F.);
#7680=EDGE_LOOP('',(#7673,#7675,#7677,#7679));
#7681=FACE_BOUND('',#7680,.F.);
#7683=CARTESIAN_POINT('',(-3.52298E2,2.133999996082E2,3.600000110727E0));
#7684=DIRECTION('',(-1.E0,0.E0,0.E0));
#7685=DIRECTION('',(0.E0,-1.E0,0.E0));
#7686=AXIS2_PLACEMENT_3D('',#7683,#7684,#7685);
#7687=TOROIDAL_SURFACE('',#7686,4.3E0,5.E-1);
#7688=ORIENTED_EDGE('',*,*,#7672,.F.);
#7690=ORIENTED_EDGE('',*,*,#7689,.T.);
#7692=ORIENTED_EDGE('',*,*,#7691,.T.);
#7694=ORIENTED_EDGE('',*,*,#7693,.F.);
#7695=EDGE_LOOP('',(#7688,#7690,#7692,#7694));
#7696=FACE_OUTER_BOUND('',#7695,.F.);
#7698=CARTESIAN_POINT('',(-3.52298E2,-2.06E1,-3.999998892733E-1));
#7699=DIRECTION('',(0.E0,1.E0,0.E0));
#7700=DIRECTION('',(0.E0,0.E0,1.E0));
#7701=AXIS2_PLACEMENT_3D('',#7698,#7699,#7700);
#7702=CYLINDRICAL_SURFACE('',#7701,5.E-1);
#7704=ORIENTED_EDGE('',*,*,#7703,.F.);
#7705=ORIENTED_EDGE('',*,*,#7689,.F.);
#7706=ORIENTED_EDGE('',*,*,#7678,.T.);
#7708=ORIENTED_EDGE('',*,*,#7707,.F.);
#7709=EDGE_LOOP('',(#7704,#7705,#7706,#7708));
#7710=FACE_OUTER_BOUND('',#7709,.F.);
#7712=CARTESIAN_POINT('',(-3.52798E2,2.119201347495E2,1.000001107267E-1));
#7713=DIRECTION('',(0.E0,0.E0,1.E0));
#7714=DIRECTION('',(0.E0,-1.E0,0.E0));
#7715=AXIS2_PLACEMENT_3D('',#7712,#7713,#7714);
#7716=PLANE('',#7715);
#7717=ORIENTED_EDGE('',*,*,#7703,.T.);
#7719=ORIENTED_EDGE('',*,*,#7718,.F.);
#7721=ORIENTED_EDGE('',*,*,#7720,.T.);
#7723=ORIENTED_EDGE('',*,*,#7722,.T.);
#7724=EDGE_LOOP('',(#7717,#7719,#7721,#7723));
#7725=FACE_OUTER_BOUND('',#7724,.F.);
#7727=CARTESIAN_POINT('',(-3.52798E2,2.133999996082E2,3.600000110727E0));
#7728=DIRECTION('',(-1.E0,0.E0,0.E0));
#7729=DIRECTION('',(0.E0,-1.E0,0.E0));
#7730=AXIS2_PLACEMENT_3D('',#7727,#7728,#7729);
#7731=CYLINDRICAL_SURFACE('',#7730,3.8E0);
#7733=ORIENTED_EDGE('',*,*,#7732,.F.);
#7735=ORIENTED_EDGE('',*,*,#7734,.F.);
#7737=ORIENTED_EDGE('',*,*,#7736,.T.);
#7738=ORIENTED_EDGE('',*,*,#7718,.T.);
#7739=EDGE_LOOP('',(#7733,#7735,#7737,#7738));
#7740=FACE_OUTER_BOUND('',#7739,.F.);
#7742=CARTESIAN_POINT('',(-3.52298E2,2.133999996082E2,3.600000110727E0));
#7743=DIRECTION('',(-1.E0,0.E0,0.E0));
#7744=DIRECTION('',(0.E0,-1.E0,0.E0));
#7745=AXIS2_PLACEMENT_3D('',#7742,#7743,#7744);
#7746=TOROIDAL_SURFACE('',#7745,4.3E0,5.E-1);
#7747=ORIENTED_EDGE('',*,*,#7732,.T.);
#7748=ORIENTED_EDGE('',*,*,#7707,.T.);
#7749=ORIENTED_EDGE('',*,*,#7676,.F.);
#7751=ORIENTED_EDGE('',*,*,#7750,.T.);
#7752=EDGE_LOOP('',(#7747,#7748,#7749,#7751));
#7753=FACE_OUTER_BOUND('',#7752,.F.);
#7755=CARTESIAN_POINT('',(-3.52298E2,-2.06E1,7.600000110727E0));
#7756=DIRECTION('',(0.E0,-1.E0,0.E0));
#7757=DIRECTION('',(0.E0,0.E0,-1.E0));
#7758=AXIS2_PLACEMENT_3D('',#7755,#7756,#7757);
#7759=CYLINDRICAL_SURFACE('',#7758,5.E-1);
#7761=ORIENTED_EDGE('',*,*,#7760,.F.);
#7762=ORIENTED_EDGE('',*,*,#7750,.F.);
#7763=ORIENTED_EDGE('',*,*,#7674,.T.);
#7764=ORIENTED_EDGE('',*,*,#7693,.T.);
#7765=EDGE_LOOP('',(#7761,#7762,#7763,#7764));
#7766=FACE_OUTER_BOUND('',#7765,.F.);
#7768=CARTESIAN_POINT('',(-3.52798E2,2.148798644669E2,7.100000110727E0));
#7769=DIRECTION('',(0.E0,0.E0,-1.E0));
#7770=DIRECTION('',(0.E0,1.E0,0.E0));
#7771=AXIS2_PLACEMENT_3D('',#7768,#7769,#7770);
#7772=PLANE('',#7771);
#7773=ORIENTED_EDGE('',*,*,#7760,.T.);
#7775=ORIENTED_EDGE('',*,*,#7774,.F.);
#7777=ORIENTED_EDGE('',*,*,#7776,.T.);
#7778=ORIENTED_EDGE('',*,*,#7734,.T.);
#7779=EDGE_LOOP('',(#7773,#7775,#7777,#7778));
#7780=FACE_OUTER_BOUND('',#7779,.F.);
#7782=CARTESIAN_POINT('',(-3.52798E2,2.133999996082E2,3.600000110727E0));
#7783=DIRECTION('',(-1.E0,0.E0,0.E0));
#7784=DIRECTION('',(0.E0,-1.E0,0.E0));
#7785=AXIS2_PLACEMENT_3D('',#7782,#7783,#7784);
#7786=CYLINDRICAL_SURFACE('',#7785,3.8E0);
#7787=ORIENTED_EDGE('',*,*,#7691,.F.);
#7788=ORIENTED_EDGE('',*,*,#7722,.F.);
#7790=ORIENTED_EDGE('',*,*,#7789,.T.);
#7791=ORIENTED_EDGE('',*,*,#7774,.T.);
#7792=EDGE_LOOP('',(#7787,#7788,#7790,#7791));
#7793=FACE_OUTER_BOUND('',#7792,.F.);
#7795=CARTESIAN_POINT('',(-3.45753E2,2.034586045870E2,1.690068989375E0));
#7796=DIRECTION('',(-1.E0,0.E0,0.E0));
#7797=DIRECTION('',(0.E0,-1.E0,0.E0));
#7798=AXIS2_PLACEMENT_3D('',#7795,#7796,#7797);
#7799=PLANE('',#7798);
#7800=ORIENTED_EDGE('',*,*,#7720,.F.);
#7801=ORIENTED_EDGE('',*,*,#7736,.F.);
#7802=ORIENTED_EDGE('',*,*,#7776,.F.);
#7803=ORIENTED_EDGE('',*,*,#7789,.F.);
#7804=EDGE_LOOP('',(#7800,#7801,#7802,#7803));
#7805=FACE_OUTER_BOUND('',#7804,.F.);
#7807=ORIENTED_EDGE('',*,*,#7806,.T.);
#7809=ORIENTED_EDGE('',*,*,#7808,.T.);
#7810=EDGE_LOOP('',(#7807,#7809));
#7811=FACE_BOUND('',#7810,.F.);
#7813=CARTESIAN_POINT('',(-3.321961E2,2.133999996082E2,3.600000110727E0));
#7814=DIRECTION('',(-1.E0,0.E0,0.E0));
#7815=DIRECTION('',(0.E0,-1.E0,0.E0));
#7816=AXIS2_PLACEMENT_3D('',#7813,#7814,#7815);
#7817=CYLINDRICAL_SURFACE('',#7816,1.5E0);
#7819=ORIENTED_EDGE('',*,*,#7818,.T.);
#7821=ORIENTED_EDGE('',*,*,#7820,.T.);
#7822=ORIENTED_EDGE('',*,*,#7806,.F.);
#7824=ORIENTED_EDGE('',*,*,#7823,.F.);
#7825=EDGE_LOOP('',(#7819,#7821,#7822,#7824));
#7826=FACE_OUTER_BOUND('',#7825,.F.);
#7828=CARTESIAN_POINT('',(-3.44253E2,1.883853435417E2,2.607263460411E1));
#7829=DIRECTION('',(-1.E0,0.E0,0.E0));
#7830=DIRECTION('',(0.E0,-1.E0,0.E0));
#7831=AXIS2_PLACEMENT_3D('',#7828,#7829,#7830);
#7832=PLANE('',#7831);
#7834=ORIENTED_EDGE('',*,*,#7833,.F.);
#7836=ORIENTED_EDGE('',*,*,#7835,.F.);
#7838=ORIENTED_EDGE('',*,*,#7837,.F.);
#7840=ORIENTED_EDGE('',*,*,#7839,.F.);
#7841=EDGE_LOOP('',(#7834,#7836,#7838,#7840));
#7842=FACE_OUTER_BOUND('',#7841,.F.);
#7843=ORIENTED_EDGE('',*,*,#7818,.F.);
#7845=ORIENTED_EDGE('',*,*,#7844,.F.);
#7846=EDGE_LOOP('',(#7843,#7845));
#7847=FACE_BOUND('',#7846,.F.);
#7849=CARTESIAN_POINT('',(-3.321961E2,2.133999996082E2,3.600000110727E0));
#7850=DIRECTION('',(-1.E0,0.E0,0.E0));
#7851=DIRECTION('',(0.E0,-1.E0,0.E0));
#7852=AXIS2_PLACEMENT_3D('',#7849,#7850,#7851);
#7853=CYLINDRICAL_SURFACE('',#7852,1.5E0);
#7854=ORIENTED_EDGE('',*,*,#7823,.T.);
#7855=ORIENTED_EDGE('',*,*,#7808,.F.);
#7856=ORIENTED_EDGE('',*,*,#7820,.F.);
#7857=ORIENTED_EDGE('',*,*,#7844,.T.);
#7858=EDGE_LOOP('',(#7854,#7855,#7856,#7857));
#7859=FACE_OUTER_BOUND('',#7858,.F.);
#7861=CARTESIAN_POINT('',(-3.43253E2,2.120923299251E2,1.050000110727E0));
#7862=DIRECTION('',(0.E0,0.E0,1.E0));
#7863=DIRECTION('',(0.E0,1.E0,0.E0));
#7864=AXIS2_PLACEMENT_3D('',#7861,#7862,#7863);
#7865=PLANE('',#7864);
#7867=ORIENTED_EDGE('',*,*,#7866,.T.);
#7869=ORIENTED_EDGE('',*,*,#7868,.F.);
#7870=ORIENTED_EDGE('',*,*,#7833,.T.);
#7872=ORIENTED_EDGE('',*,*,#7871,.T.);
#7873=EDGE_LOOP('',(#7867,#7869,#7870,#7872));
#7874=FACE_OUTER_BOUND('',#7873,.F.);
#7876=CARTESIAN_POINT('',(-3.42753E2,2.165243695511E2,6.521322499199E0));
#7877=DIRECTION('',(1.E0,0.E0,0.E0));
#7878=DIRECTION('',(0.E0,1.E0,0.E0));
#7879=AXIS2_PLACEMENT_3D('',#7876,#7877,#7878);
#7880=PLANE('',#7879);
#7882=ORIENTED_EDGE('',*,*,#7881,.F.);
#7884=ORIENTED_EDGE('',*,*,#7883,.F.);
#7886=ORIENTED_EDGE('',*,*,#7885,.F.);
#7888=ORIENTED_EDGE('',*,*,#7887,.F.);
#7889=EDGE_LOOP('',(#7882,#7884,#7886,#7888));
#7890=FACE_OUTER_BOUND('',#7889,.F.);
#7891=ORIENTED_EDGE('',*,*,#7866,.F.);
#7893=ORIENTED_EDGE('',*,*,#7892,.T.);
#7895=ORIENTED_EDGE('',*,*,#7894,.F.);
#7897=ORIENTED_EDGE('',*,*,#7896,.T.);
#7898=EDGE_LOOP('',(#7891,#7893,#7895,#7897));
#7899=FACE_BOUND('',#7898,.F.);
#7901=CARTESIAN_POINT('',(-3.43253E2,2.133999996082E2,3.600000110727E0));
#7902=DIRECTION('',(1.E0,0.E0,0.E0));
#7903=DIRECTION('',(0.E0,1.E0,0.E0));
#7904=AXIS2_PLACEMENT_3D('',#7901,#7902,#7903);
#7905=CYLINDRICAL_SURFACE('',#7904,3.E0);
#7906=ORIENTED_EDGE('',*,*,#7892,.F.);
#7907=ORIENTED_EDGE('',*,*,#7871,.F.);
#7908=ORIENTED_EDGE('',*,*,#7839,.T.);
#7910=ORIENTED_EDGE('',*,*,#7909,.T.);
#7911=EDGE_LOOP('',(#7906,#7907,#7908,#7910));
#7912=FACE_OUTER_BOUND('',#7911,.F.);
#7914=CARTESIAN_POINT('',(-3.43253E2,2.147076692912E2,6.150000110727E0));
#7915=DIRECTION('',(0.E0,0.E0,-1.E0));
#7916=DIRECTION('',(0.E0,-1.E0,0.E0));
#7917=AXIS2_PLACEMENT_3D('',#7914,#7915,#7916);
#7918=PLANE('',#7917);
#7919=ORIENTED_EDGE('',*,*,#7894,.T.);
#7920=ORIENTED_EDGE('',*,*,#7909,.F.);
#7921=ORIENTED_EDGE('',*,*,#7837,.T.);
#7923=ORIENTED_EDGE('',*,*,#7922,.T.);
#7924=EDGE_LOOP('',(#7919,#7920,#7921,#7923));
#7925=FACE_OUTER_BOUND('',#7924,.F.);
#7927=CARTESIAN_POINT('',(-3.43253E2,2.133999996082E2,3.600000110727E0));
#7928=DIRECTION('',(1.E0,0.E0,0.E0));
#7929=DIRECTION('',(0.E0,1.E0,0.E0));
#7930=AXIS2_PLACEMENT_3D('',#7927,#7928,#7929);
#7931=CYLINDRICAL_SURFACE('',#7930,3.E0);
#7932=ORIENTED_EDGE('',*,*,#7896,.F.);
#7933=ORIENTED_EDGE('',*,*,#7922,.F.);
#7934=ORIENTED_EDGE('',*,*,#7835,.T.);
#7935=ORIENTED_EDGE('',*,*,#7868,.T.);
#7936=EDGE_LOOP('',(#7932,#7933,#7934,#7935));
#7937=FACE_OUTER_BOUND('',#7936,.F.);
#7939=CARTESIAN_POINT('',(-3.43253E2,2.150155490503E2,-4.499998892733E-1));
#7940=DIRECTION('',(0.E0,0.E0,-1.E0));
#7941=DIRECTION('',(0.E0,-1.E0,0.E0));
#7942=AXIS2_PLACEMENT_3D('',#7939,#7940,#7941);
#7943=PLANE('',#7942);
#7945=ORIENTED_EDGE('',*,*,#7944,.T.);
#7947=ORIENTED_EDGE('',*,*,#7946,.T.);
#7948=ORIENTED_EDGE('',*,*,#7881,.T.);
#7950=ORIENTED_EDGE('',*,*,#7949,.F.);
#7951=EDGE_LOOP('',(#7945,#7947,#7948,#7950));
#7952=FACE_OUTER_BOUND('',#7951,.F.);
#7954=CARTESIAN_POINT('',(-3.44253E2,1.883853435417E2,2.607263460411E1));
#7955=DIRECTION('',(-1.E0,0.E0,0.E0));
#7956=DIRECTION('',(0.E0,-1.E0,0.E0));
#7957=AXIS2_PLACEMENT_3D('',#7954,#7955,#7956);
#7958=PLANE('',#7957);
#7960=ORIENTED_EDGE('',*,*,#7959,.F.);
#7962=ORIENTED_EDGE('',*,*,#7961,.T.);
#7964=ORIENTED_EDGE('',*,*,#7963,.F.);
#7966=ORIENTED_EDGE('',*,*,#7965,.T.);
#7967=EDGE_LOOP('',(#7960,#7962,#7964,#7966));
#7968=FACE_OUTER_BOUND('',#7967,.F.);
#7969=ORIENTED_EDGE('',*,*,#7944,.F.);
#7971=ORIENTED_EDGE('',*,*,#7970,.T.);
#7973=ORIENTED_EDGE('',*,*,#7972,.F.);
#7975=ORIENTED_EDGE('',*,*,#7974,.T.);
#7976=EDGE_LOOP('',(#7969,#7971,#7973,#7975));
#7977=FACE_BOUND('',#7976,.F.);
#7979=CARTESIAN_POINT('',(-3.43253E2,2.133999996082E2,3.600000110727E0));
#7980=DIRECTION('',(1.E0,0.E0,0.E0));
#7981=DIRECTION('',(0.E0,1.E0,0.E0));
#7982=AXIS2_PLACEMENT_3D('',#7979,#7980,#7981);
#7983=CYLINDRICAL_SURFACE('',#7982,4.5E0);
#7984=ORIENTED_EDGE('',*,*,#7970,.F.);
#7985=ORIENTED_EDGE('',*,*,#7949,.T.);
#7986=ORIENTED_EDGE('',*,*,#7887,.T.);
#7988=ORIENTED_EDGE('',*,*,#7987,.F.);
#7989=EDGE_LOOP('',(#7984,#7985,#7986,#7988));
#7990=FACE_OUTER_BOUND('',#7989,.F.);
#7992=CARTESIAN_POINT('',(-3.43253E2,2.117844501660E2,7.650000110727E0));
#7993=DIRECTION('',(0.E0,0.E0,1.E0));
#7994=DIRECTION('',(0.E0,1.E0,0.E0));
#7995=AXIS2_PLACEMENT_3D('',#7992,#7993,#7994);
#7996=PLANE('',#7995);
#7997=ORIENTED_EDGE('',*,*,#7972,.T.);
#7998=ORIENTED_EDGE('',*,*,#7987,.T.);
#7999=ORIENTED_EDGE('',*,*,#7885,.T.);
#8001=ORIENTED_EDGE('',*,*,#8000,.F.);
#8002=EDGE_LOOP('',(#7997,#7998,#7999,#8001));
#8003=FACE_OUTER_BOUND('',#8002,.F.);
#8005=CARTESIAN_POINT('',(-3.43253E2,2.133999996082E2,3.600000110727E0));
#8006=DIRECTION('',(1.E0,0.E0,0.E0));
#8007=DIRECTION('',(0.E0,1.E0,0.E0));
#8008=AXIS2_PLACEMENT_3D('',#8005,#8006,#8007);
#8009=CYLINDRICAL_SURFACE('',#8008,4.5E0);
#8010=ORIENTED_EDGE('',*,*,#7974,.F.);
#8011=ORIENTED_EDGE('',*,*,#8000,.T.);
#8012=ORIENTED_EDGE('',*,*,#7883,.T.);
#8013=ORIENTED_EDGE('',*,*,#7946,.F.);
#8014=EDGE_LOOP('',(#8010,#8011,#8012,#8013));
#8015=FACE_OUTER_BOUND('',#8014,.F.);
#8017=CARTESIAN_POINT('',(-3.52798E2,2.151578391913E2,8.450000110727E0));
#8018=DIRECTION('',(0.E0,0.E0,-1.E0));
#8019=DIRECTION('',(0.E0,1.E0,0.E0));
#8020=AXIS2_PLACEMENT_3D('',#8017,#8018,#8019);
#8021=PLANE('',#8020);
#8023=ORIENTED_EDGE('',*,*,#8022,.T.);
#8025=ORIENTED_EDGE('',*,*,#8024,.F.);
#8026=ORIENTED_EDGE('',*,*,#7959,.T.);
#8028=ORIENTED_EDGE('',*,*,#8027,.T.);
#8029=EDGE_LOOP('',(#8023,#8025,#8026,#8028));
#8030=FACE_OUTER_BOUND('',#8029,.F.);
#8032=CARTESIAN_POINT('',(-3.51298E2,2.007461298728E2,-2.896007496720E0));
#8033=DIRECTION('',(1.E0,0.E0,0.E0));
#8034=DIRECTION('',(0.E0,1.E0,0.E0));
#8035=AXIS2_PLACEMENT_3D('',#8032,#8033,#8034);
#8036=PLANE('',#8035);
#8037=ORIENTED_EDGE('',*,*,#7555,.F.);
#8039=ORIENTED_EDGE('',*,*,#8038,.F.);
#8041=ORIENTED_EDGE('',*,*,#8040,.T.);
#8043=ORIENTED_EDGE('',*,*,#8042,.F.);
#8045=ORIENTED_EDGE('',*,*,#8044,.T.);
#8047=ORIENTED_EDGE('',*,*,#8046,.F.);
#8049=ORIENTED_EDGE('',*,*,#8048,.F.);
#8051=ORIENTED_EDGE('',*,*,#8050,.T.);
#8053=ORIENTED_EDGE('',*,*,#8052,.T.);
#8055=ORIENTED_EDGE('',*,*,#8054,.T.);
#8056=ORIENTED_EDGE('',*,*,#8022,.F.);
#8058=ORIENTED_EDGE('',*,*,#8057,.F.);
#8060=ORIENTED_EDGE('',*,*,#8059,.F.);
#8062=ORIENTED_EDGE('',*,*,#8061,.F.);
#8064=ORIENTED_EDGE('',*,*,#8063,.T.);
#8065=ORIENTED_EDGE('',*,*,#7568,.T.);
#8066=EDGE_LOOP('',(#8037,#8039,#8041,#8043,#8045,#8047,#8049,#8051,#8053,#8055,
#8056,#8058,#8060,#8062,#8064,#8065));
#8067=FACE_OUTER_BOUND('',#8066,.F.);
#8069=CARTESIAN_POINT('',(-3.42053E2,2.039983358360E2,2.559790051412E1));
#8070=DIRECTION('',(0.E0,-7.660444431190E-1,6.427876096865E-1));
#8071=DIRECTION('',(0.E0,6.427876096865E-1,7.660444431190E-1));
#8072=AXIS2_PLACEMENT_3D('',#8069,#8070,#8071);
#8073=PLANE('',#8072);
#8074=ORIENTED_EDGE('',*,*,#7553,.F.);
#8076=ORIENTED_EDGE('',*,*,#8075,.T.);
#8078=ORIENTED_EDGE('',*,*,#8077,.T.);
#8080=ORIENTED_EDGE('',*,*,#8079,.T.);
#8082=ORIENTED_EDGE('',*,*,#8081,.T.);
#8083=ORIENTED_EDGE('',*,*,#8038,.T.);
#8084=EDGE_LOOP('',(#8074,#8076,#8078,#8080,#8082,#8083));
#8085=FACE_OUTER_BOUND('',#8084,.F.);
#8087=CARTESIAN_POINT('',(-3.44053E2,1.429760613640E2,-4.634775240272E1));
#8088=DIRECTION('',(0.E0,-6.427876096865E-1,-7.660444431190E-1));
#8089=DIRECTION('',(0.E0,7.660444431190E-1,-6.427876096865E-1));
#8090=AXIS2_PLACEMENT_3D('',#8087,#8088,#8089);
#8091=CYLINDRICAL_SURFACE('',#8090,5.E-1);
#8093=ORIENTED_EDGE('',*,*,#8092,.T.);
#8095=ORIENTED_EDGE('',*,*,#8094,.F.);
#8096=ORIENTED_EDGE('',*,*,#8075,.F.);
#8097=ORIENTED_EDGE('',*,*,#7551,.T.);
#8098=EDGE_LOOP('',(#8093,#8095,#8096,#8097));
#8099=FACE_OUTER_BOUND('',#8098,.F.);
#8101=CARTESIAN_POINT('',(-3.43553E2,1.703281398241E2,-1.445430677868E0));
#8102=DIRECTION('',(1.E0,0.E0,0.E0));
#8103=DIRECTION('',(0.E0,1.E0,0.E0));
#8104=AXIS2_PLACEMENT_3D('',#8101,#8102,#8103);
#8105=PLANE('',#8104);
#8107=ORIENTED_EDGE('',*,*,#8106,.F.);
#8108=ORIENTED_EDGE('',*,*,#8092,.F.);
#8109=ORIENTED_EDGE('',*,*,#7549,.F.);
#8111=ORIENTED_EDGE('',*,*,#8110,.T.);
#8113=ORIENTED_EDGE('',*,*,#8112,.F.);
#8115=ORIENTED_EDGE('',*,*,#8114,.T.);
#8117=ORIENTED_EDGE('',*,*,#8116,.F.);
#8119=ORIENTED_EDGE('',*,*,#8118,.F.);
#8121=ORIENTED_EDGE('',*,*,#8120,.F.);
#8123=ORIENTED_EDGE('',*,*,#8122,.F.);
#8125=ORIENTED_EDGE('',*,*,#8124,.F.);
#8127=ORIENTED_EDGE('',*,*,#8126,.F.);
#8128=EDGE_LOOP('',(#8107,#8108,#8109,#8111,#8113,#8115,#8117,#8119,#8121,#8123,
#8125,#8127));
#8129=FACE_OUTER_BOUND('',#8128,.F.);
#8131=ORIENTED_EDGE('',*,*,#8130,.T.);
#8133=ORIENTED_EDGE('',*,*,#8132,.T.);
#8134=EDGE_LOOP('',(#8131,#8133));
#8135=FACE_BOUND('',#8134,.F.);
#8137=CARTESIAN_POINT('',(-3.42053E2,1.589073110953E2,1.121496260167E1));
#8138=DIRECTION('',(0.E0,0.E0,-1.E0));
#8139=DIRECTION('',(0.E0,-1.E0,0.E0));
#8140=AXIS2_PLACEMENT_3D('',#8137,#8138,#8139);
#8141=PLANE('',#8140);
#8143=ORIENTED_EDGE('',*,*,#8142,.T.);
#8145=ORIENTED_EDGE('',*,*,#8144,.F.);
#8146=ORIENTED_EDGE('',*,*,#8077,.F.);
#8147=ORIENTED_EDGE('',*,*,#8094,.T.);
#8148=ORIENTED_EDGE('',*,*,#8106,.T.);
#8150=ORIENTED_EDGE('',*,*,#8149,.F.);
#8151=EDGE_LOOP('',(#8143,#8145,#8146,#8147,#8148,#8150));
#8152=FACE_OUTER_BOUND('',#8151,.F.);
#8154=CARTESIAN_POINT('',(-3.42053E2,1.270697979305E2,1.2485E2));
#8155=DIRECTION('',(1.E0,0.E0,0.E0));
#8156=DIRECTION('',(0.E0,-1.E0,0.E0));
#8157=AXIS2_PLACEMENT_3D('',#8154,#8155,#8156);
#8158=PLANE('',#8157);
#8160=ORIENTED_EDGE('',*,*,#8159,.F.);
#8162=ORIENTED_EDGE('',*,*,#8161,.F.);
#8164=ORIENTED_EDGE('',*,*,#8163,.F.);
#8165=ORIENTED_EDGE('',*,*,#8142,.F.);
#8167=ORIENTED_EDGE('',*,*,#8166,.T.);
#8169=ORIENTED_EDGE('',*,*,#8168,.F.);
#8171=ORIENTED_EDGE('',*,*,#8170,.T.);
#8173=ORIENTED_EDGE('',*,*,#8172,.F.);
#8175=ORIENTED_EDGE('',*,*,#8174,.F.);
#8177=ORIENTED_EDGE('',*,*,#8176,.F.);
#8179=ORIENTED_EDGE('',*,*,#8178,.F.);
#8181=ORIENTED_EDGE('',*,*,#8180,.F.);
#8183=ORIENTED_EDGE('',*,*,#8182,.F.);
#8185=ORIENTED_EDGE('',*,*,#8184,.F.);
#8187=ORIENTED_EDGE('',*,*,#8186,.F.);
#8189=ORIENTED_EDGE('',*,*,#8188,.F.);
#8191=ORIENTED_EDGE('',*,*,#8190,.F.);
#8193=ORIENTED_EDGE('',*,*,#8192,.F.);
#8195=ORIENTED_EDGE('',*,*,#8194,.F.);
#8197=ORIENTED_EDGE('',*,*,#8196,.F.);
#8199=ORIENTED_EDGE('',*,*,#8198,.F.);
#8201=ORIENTED_EDGE('',*,*,#8200,.T.);
#8203=ORIENTED_EDGE('',*,*,#8202,.T.);
#8205=ORIENTED_EDGE('',*,*,#8204,.T.);
#8206=EDGE_LOOP('',(#8160,#8162,#8164,#8165,#8167,#8169,#8171,#8173,#8175,#8177,
#8179,#8181,#8183,#8185,#8187,#8189,#8191,#8193,#8195,#8197,#8199,#8201,#8203,
#8205));
#8207=FACE_OUTER_BOUND('',#8206,.F.);
#8209=ORIENTED_EDGE('',*,*,#8208,.F.);
#8211=ORIENTED_EDGE('',*,*,#8210,.F.);
#8212=EDGE_LOOP('',(#8209,#8211));
#8213=FACE_BOUND('',#8212,.F.);
#8215=ORIENTED_EDGE('',*,*,#8214,.F.);
#8217=ORIENTED_EDGE('',*,*,#8216,.F.);
#8218=EDGE_LOOP('',(#8215,#8217));
#8219=FACE_BOUND('',#8218,.F.);
#8221=CARTESIAN_POINT('',(-3.321961E2,1.808555828915E2,2.112910280903E1));
#8222=DIRECTION('',(-1.E0,0.E0,0.E0));
#8223=DIRECTION('',(0.E0,-1.E0,0.E0));
#8224=AXIS2_PLACEMENT_3D('',#8221,#8222,#8223);
#8225=CYLINDRICAL_SURFACE('',#8224,1.5E0);
#8226=ORIENTED_EDGE('',*,*,#8214,.T.);
#8228=ORIENTED_EDGE('',*,*,#8227,.T.);
#8230=ORIENTED_EDGE('',*,*,#8229,.F.);
#8232=ORIENTED_EDGE('',*,*,#8231,.F.);
#8233=EDGE_LOOP('',(#8226,#8228,#8230,#8232));
#8234=FACE_OUTER_BOUND('',#8233,.F.);
#8236=CARTESIAN_POINT('',(-3.321961E2,1.808555828915E2,2.112910280903E1));
#8237=DIRECTION('',(-1.E0,0.E0,0.E0));
#8238=DIRECTION('',(0.E0,-1.E0,0.E0));
#8239=AXIS2_PLACEMENT_3D('',#8236,#8237,#8238);
#8240=CYLINDRICAL_SURFACE('',#8239,1.5E0);
#8241=ORIENTED_EDGE('',*,*,#8231,.T.);
#8243=ORIENTED_EDGE('',*,*,#8242,.F.);
#8244=ORIENTED_EDGE('',*,*,#8227,.F.);
#8245=ORIENTED_EDGE('',*,*,#8216,.T.);
#8246=EDGE_LOOP('',(#8241,#8243,#8244,#8245));
#8247=FACE_OUTER_BOUND('',#8246,.F.);
#8249=CARTESIAN_POINT('',(-3.42553E2,1.808555828915E2,2.112910280903E1));
#8250=DIRECTION('',(-1.E0,0.E0,0.E0));
#8251=DIRECTION('',(0.E0,-1.E0,0.E0));
#8252=AXIS2_PLACEMENT_3D('',#8249,#8250,#8251);
#8253=TOROIDAL_SURFACE('',#8252,1.8E0,3.E-1);
#8255=ORIENTED_EDGE('',*,*,#8254,.T.);
#8257=ORIENTED_EDGE('',*,*,#8256,.F.);
#8259=ORIENTED_EDGE('',*,*,#8258,.F.);
#8260=ORIENTED_EDGE('',*,*,#8242,.T.);
#8261=EDGE_LOOP('',(#8255,#8257,#8259,#8260));
#8262=FACE_OUTER_BOUND('',#8261,.F.);
#8264=CARTESIAN_POINT('',(-3.42553E2,1.808555828915E2,2.112910280903E1));
#8265=DIRECTION('',(-1.E0,0.E0,0.E0));
#8266=DIRECTION('',(0.E0,-1.E0,0.E0));
#8267=AXIS2_PLACEMENT_3D('',#8264,#8265,#8266);
#8268=TOROIDAL_SURFACE('',#8267,1.8E0,3.E-1);
#8269=ORIENTED_EDGE('',*,*,#8229,.T.);
#8270=ORIENTED_EDGE('',*,*,#8258,.T.);
#8272=ORIENTED_EDGE('',*,*,#8271,.F.);
#8273=ORIENTED_EDGE('',*,*,#8254,.F.);
#8274=EDGE_LOOP('',(#8269,#8270,#8272,#8273));
#8275=FACE_OUTER_BOUND('',#8274,.F.);
#8277=CARTESIAN_POINT('',(-3.42853E2,2.002923168935E2,2.537578812684E1));
#8278=DIRECTION('',(1.E0,0.E0,0.E0));
#8279=DIRECTION('',(0.E0,1.E0,0.E0));
#8280=AXIS2_PLACEMENT_3D('',#8277,#8278,#8279);
#8281=PLANE('',#8280);
#8283=ORIENTED_EDGE('',*,*,#8282,.F.);
#8285=ORIENTED_EDGE('',*,*,#8284,.F.);
#8287=ORIENTED_EDGE('',*,*,#8286,.F.);
#8289=ORIENTED_EDGE('',*,*,#8288,.T.);
#8291=ORIENTED_EDGE('',*,*,#8290,.F.);
#8293=ORIENTED_EDGE('',*,*,#8292,.F.);
#8295=ORIENTED_EDGE('',*,*,#8294,.F.);
#8297=ORIENTED_EDGE('',*,*,#8296,.T.);
#8299=ORIENTED_EDGE('',*,*,#8298,.F.);
#8301=ORIENTED_EDGE('',*,*,#8300,.F.);
#8303=ORIENTED_EDGE('',*,*,#8302,.T.);
#8305=ORIENTED_EDGE('',*,*,#8304,.F.);
#8307=ORIENTED_EDGE('',*,*,#8306,.F.);
#8308=EDGE_LOOP('',(#8283,#8285,#8287,#8289,#8291,#8293,#8295,#8297,#8299,#8301,
#8303,#8305,#8307));
#8309=FACE_OUTER_BOUND('',#8308,.F.);
#8311=ORIENTED_EDGE('',*,*,#8310,.F.);
#8313=ORIENTED_EDGE('',*,*,#8312,.T.);
#8315=ORIENTED_EDGE('',*,*,#8314,.F.);
#8317=ORIENTED_EDGE('',*,*,#8316,.T.);
#8319=ORIENTED_EDGE('',*,*,#8318,.F.);
#8321=ORIENTED_EDGE('',*,*,#8320,.F.);
#8323=ORIENTED_EDGE('',*,*,#8322,.T.);
#8325=ORIENTED_EDGE('',*,*,#8324,.T.);
#8327=ORIENTED_EDGE('',*,*,#8326,.T.);
#8329=ORIENTED_EDGE('',*,*,#8328,.T.);
#8330=EDGE_LOOP('',(#8311,#8313,#8315,#8317,#8319,#8321,#8323,#8325,#8327,
#8329));
#8331=FACE_BOUND('',#8330,.F.);
#8333=ORIENTED_EDGE('',*,*,#8332,.T.);
#8335=ORIENTED_EDGE('',*,*,#8334,.T.);
#8337=ORIENTED_EDGE('',*,*,#8336,.T.);
#8339=ORIENTED_EDGE('',*,*,#8338,.F.);
#8341=ORIENTED_EDGE('',*,*,#8340,.T.);
#8343=ORIENTED_EDGE('',*,*,#8342,.F.);
#8345=ORIENTED_EDGE('',*,*,#8344,.F.);
#8347=ORIENTED_EDGE('',*,*,#8346,.F.);
#8349=ORIENTED_EDGE('',*,*,#8348,.T.);
#8351=ORIENTED_EDGE('',*,*,#8350,.T.);
#8353=ORIENTED_EDGE('',*,*,#8352,.T.);
#8355=ORIENTED_EDGE('',*,*,#8354,.T.);
#8356=EDGE_LOOP('',(#8333,#8335,#8337,#8339,#8341,#8343,#8345,#8347,#8349,#8351,
#8353,#8355));
#8357=FACE_BOUND('',#8356,.F.);
#8358=ORIENTED_EDGE('',*,*,#8271,.T.);
#8359=ORIENTED_EDGE('',*,*,#8256,.T.);
#8360=EDGE_LOOP('',(#8358,#8359));
#8361=FACE_BOUND('',#8360,.F.);
#8363=CARTESIAN_POINT('',(-3.42853E2,1.651573110953E2,3.326432418116E1));
#8364=DIRECTION('',(0.E0,-1.E0,0.E0));
#8365=DIRECTION('',(0.E0,0.E0,-1.E0));
#8366=AXIS2_PLACEMENT_3D('',#8363,#8364,#8365);
#8367=PLANE('',#8366);
#8369=ORIENTED_EDGE('',*,*,#8368,.F.);
#8370=ORIENTED_EDGE('',*,*,#8310,.T.);
#8372=ORIENTED_EDGE('',*,*,#8371,.T.);
#8374=ORIENTED_EDGE('',*,*,#8373,.T.);
#8375=EDGE_LOOP('',(#8369,#8370,#8372,#8374));
#8376=FACE_OUTER_BOUND('',#8375,.F.);
#8378=CARTESIAN_POINT('',(-4.19842E2,1.656573110953E2,3.276432418116E1));
#8379=DIRECTION('',(-1.E0,0.E0,0.E0));
#8380=DIRECTION('',(0.E0,-1.E0,0.E0));
#8381=AXIS2_PLACEMENT_3D('',#8378,#8379,#8380);
#8382=CYLINDRICAL_SURFACE('',#8381,5.E-1);
#8384=ORIENTED_EDGE('',*,*,#8383,.T.);
#8386=ORIENTED_EDGE('',*,*,#8385,.F.);
#8387=ORIENTED_EDGE('',*,*,#8312,.F.);
#8388=ORIENTED_EDGE('',*,*,#8368,.T.);
#8389=EDGE_LOOP('',(#8384,#8386,#8387,#8388));
#8390=FACE_OUTER_BOUND('',#8389,.F.);
#8392=CARTESIAN_POINT('',(-3.429410027201E2,1.651584504526E2,3.273435537120E1));
#8393=CARTESIAN_POINT('',(-3.431279468055E2,1.651509818636E2,3.273390669935E1));
#8394=CARTESIAN_POINT('',(-3.432602420665E2,1.652830390456E2,3.274183997019E1));
#8395=CARTESIAN_POINT('',(-3.432527600128E2,1.654696467056E2,3.275305033442E1));
#8396=CARTESIAN_POINT('',(-3.429410027201E2,1.651391766340E2,3.305518724815E1));
#8397=CARTESIAN_POINT('',(-3.431279468055E2,1.651314194910E2,3.305954184443E1));
#8398=CARTESIAN_POINT('',(-3.432602420665E2,1.652685787916E2,3.298254527730E1));
#8399=CARTESIAN_POINT('',(-3.432527600128E2,1.654623961649E2,3.287374279484E1));
#8400=CARTESIAN_POINT('',(-3.429410027201E2,1.653664480283E2,3.328245864248E1));
#8401=CARTESIAN_POINT('',(-3.431279468055E2,1.653620934320E2,3.329021578545E1));
#8402=CARTESIAN_POINT('',(-3.432602420665E2,1.654390899992E2,3.315305648487E1));
#8403=CARTESIAN_POINT('',(-3.432527600128E2,1.655478924816E2,3.295923911155E1));
#8404=CARTESIAN_POINT('',(-3.429410027201E2,1.656872799053E2,3.326318482385E1));
#8405=CARTESIAN_POINT('',(-3.431279468055E2,1.656877285771E2,3.327065341282E1));
#8406=CARTESIAN_POINT('',(-3.432602420665E2,1.656797953063E2,3.313859623087E1));
#8407=CARTESIAN_POINT('',(-3.432527600128E2,1.656685849420E2,3.295198857082E1));
#8408=(BOUNDED_SURFACE()B_SPLINE_SURFACE(3,3,((#8392,#8393,#8394,#8395),(#8396,
#8397,#8398,#8399),(#8400,#8401,#8402,#8403),(#8404,#8405,#8406,#8407)),
.UNSPECIFIED.,.F.,.F.,.F.)B_SPLINE_SURFACE_WITH_KNOTS((4,4),(4,4),(0.E0,1.E0),(
0.E0,1.E0),.UNSPECIFIED.)GEOMETRIC_REPRESENTATION_ITEM()RATIONAL_B_SPLINE_SURFACE(((1.432830936972E0,1.125501372994E0,1.125501372994E0,1.432830936972E0),(
1.111333878147E0,8.729625899563E-1,8.729625899563E-1,1.111333878147E0),(
1.111333878147E0,8.729625899563E-1,8.729625899563E-1,1.111333878147E0),(
1.432830936972E0,1.125501372994E0,1.125501372994E0,1.432830936972E0)))REPRESENTATION_ITEM('')SURFACE());
#8409=ORIENTED_EDGE('',*,*,#8383,.F.);
#8411=ORIENTED_EDGE('',*,*,#8410,.F.);
#8413=ORIENTED_EDGE('',*,*,#8412,.T.);
#8415=ORIENTED_EDGE('',*,*,#8414,.T.);
#8416=EDGE_LOOP('',(#8409,#8411,#8413,#8415));
#8417=FACE_OUTER_BOUND('',#8416,.F.);
#8419=CARTESIAN_POINT('',(-3.42953E2,1.654573110953E2,-4.634775240272E1));
#8420=DIRECTION('',(0.E0,0.E0,1.E0));
#8421=DIRECTION('',(0.E0,-1.E0,0.E0));
#8422=AXIS2_PLACEMENT_3D('',#8419,#8420,#8421);
#8423=CYLINDRICAL_SURFACE('',#8422,3.E-1);
#8425=ORIENTED_EDGE('',*,*,#8424,.T.);
#8426=ORIENTED_EDGE('',*,*,#8410,.T.);
#8427=ORIENTED_EDGE('',*,*,#8373,.F.);
#8429=ORIENTED_EDGE('',*,*,#8428,.F.);
#8430=EDGE_LOOP('',(#8425,#8426,#8427,#8429));
#8431=FACE_OUTER_BOUND('',#8430,.F.);
#8433=CARTESIAN_POINT('',(-3.43253E2,1.666232724875E2,1.670307521524E1));
#8434=DIRECTION('',(-1.E0,0.E0,0.E0));
#8435=DIRECTION('',(0.E0,-1.E0,0.E0));
#8436=AXIS2_PLACEMENT_3D('',#8433,#8434,#8435);
#8437=PLANE('',#8436);
#8439=ORIENTED_EDGE('',*,*,#8438,.T.);
#8441=ORIENTED_EDGE('',*,*,#8440,.F.);
#8443=ORIENTED_EDGE('',*,*,#8442,.T.);
#8444=ORIENTED_EDGE('',*,*,#8412,.F.);
#8445=ORIENTED_EDGE('',*,*,#8424,.F.);
#8447=ORIENTED_EDGE('',*,*,#8446,.F.);
#8449=ORIENTED_EDGE('',*,*,#8448,.F.);
#8451=ORIENTED_EDGE('',*,*,#8450,.T.);
#8452=EDGE_LOOP('',(#8439,#8441,#8443,#8444,#8445,#8447,#8449,#8451));
#8453=FACE_OUTER_BOUND('',#8452,.F.);
#8455=CARTESIAN_POINT('',(-3.42953E2,1.663573110953E2,-4.634775240272E1));
#8456=DIRECTION('',(0.E0,0.E0,-1.E0));
#8457=DIRECTION('',(0.E0,1.E0,0.E0));
#8458=AXIS2_PLACEMENT_3D('',#8455,#8456,#8457);
#8459=CYLINDRICAL_SURFACE('',#8458,3.E-1);
#8460=ORIENTED_EDGE('',*,*,#8438,.F.);
#8462=ORIENTED_EDGE('',*,*,#8461,.T.);
#8464=ORIENTED_EDGE('',*,*,#8463,.T.);
#8466=ORIENTED_EDGE('',*,*,#8465,.F.);
#8467=EDGE_LOOP('',(#8460,#8462,#8464,#8466));
#8468=FACE_OUTER_BOUND('',#8467,.F.);
#8470=CARTESIAN_POINT('',(-3.432527600128E2,1.661460372486E2,2.677665979149E1));
#8471=CARTESIAN_POINT('',(-3.432602420665E2,1.661348268843E2,2.659005213144E1));
#8472=CARTESIAN_POINT('',(-3.431279468055E2,1.661268936135E2,2.645799494949E1));
#8473=CARTESIAN_POINT('',(-3.429410027201E2,1.661273422853E2,2.646546353847E1));
#8474=CARTESIAN_POINT('',(-3.432527600128E2,1.662667297090E2,2.676940925076E1));
#8475=CARTESIAN_POINT('',(-3.432602420665E2,1.663755321914E2,2.657559187744E1));
#8476=CARTESIAN_POINT('',(-3.431279468055E2,1.664525287586E2,2.643843257687E1));
#8477=CARTESIAN_POINT('',(-3.429410027201E2,1.664481741623E2,2.644618971984E1));
#8478=CARTESIAN_POINT('',(-3.432527600128E2,1.663522260257E2,2.685490556747E1));
#8479=CARTESIAN_POINT('',(-3.432602420665E2,1.665460433990E2,2.674610308501E1));
#8480=CARTESIAN_POINT('',(-3.431279468055E2,1.666832026996E2,2.666910651788E1));
#8481=CARTESIAN_POINT('',(-3.429410027201E2,1.666754455566E2,2.667346111416E1));
#8482=CARTESIAN_POINT('',(-3.432527600128E2,1.663449754850E2,2.697559802790E1));
#8483=CARTESIAN_POINT('',(-3.432602420665E2,1.665315831450E2,2.698680839212E1));
#8484=CARTESIAN_POINT('',(-3.431279468055E2,1.666636403270E2,2.699474166296E1));
#8485=CARTESIAN_POINT('',(-3.429410027201E2,1.666561717380E2,2.699429299112E1));
#8486=(BOUNDED_SURFACE()B_SPLINE_SURFACE(3,3,((#8470,#8471,#8472,#8473),(#8474,
#8475,#8476,#8477),(#8478,#8479,#8480,#8481),(#8482,#8483,#8484,#8485)),
.UNSPECIFIED.,.F.,.F.,.F.)B_SPLINE_SURFACE_WITH_KNOTS((4,4),(4,4),(0.E0,1.E0),(
0.E0,1.E0),.UNSPECIFIED.)GEOMETRIC_REPRESENTATION_ITEM()RATIONAL_B_SPLINE_SURFACE(((1.432830936972E0,1.125501372994E0,1.125501372994E0,1.432830936972E0),(
1.111333878147E0,8.729625899563E-1,8.729625899563E-1,1.111333878147E0),(
1.111333878147E0,8.729625899563E-1,8.729625899563E-1,1.111333878147E0),(
1.432830936972E0,1.125501372994E0,1.125501372994E0,1.432830936972E0)))REPRESENTATION_ITEM('')SURFACE());
#8488=ORIENTED_EDGE('',*,*,#8487,.T.);
#8489=ORIENTED_EDGE('',*,*,#8461,.F.);
#8490=ORIENTED_EDGE('',*,*,#8450,.F.);
#8492=ORIENTED_EDGE('',*,*,#8491,.T.);
#8493=EDGE_LOOP('',(#8488,#8489,#8490,#8492));
#8494=FACE_OUTER_BOUND('',#8493,.F.);
#8496=CARTESIAN_POINT('',(-4.19842E2,1.661573110953E2,2.696432418116E1));
#8497=DIRECTION('',(1.E0,0.E0,0.E0));
#8498=DIRECTION('',(0.E0,1.E0,0.E0));
#8499=AXIS2_PLACEMENT_3D('',#8496,#8497,#8498);
#8500=CYLINDRICAL_SURFACE('',#8499,5.E-1);
#8502=ORIENTED_EDGE('',*,*,#8501,.T.);
#8504=ORIENTED_EDGE('',*,*,#8503,.F.);
#8505=ORIENTED_EDGE('',*,*,#8320,.T.);
#8507=ORIENTED_EDGE('',*,*,#8506,.F.);
#8508=ORIENTED_EDGE('',*,*,#8487,.F.);
#8509=EDGE_LOOP('',(#8502,#8504,#8505,#8507,#8508));
#8510=FACE_OUTER_BOUND('',#8509,.F.);
#8512=CARTESIAN_POINT('',(-3.42853E2,1.651573110953E2,2.646432418116E1));
#8513=DIRECTION('',(0.E0,0.E0,-1.E0));
#8514=DIRECTION('',(0.E0,1.E0,0.E0));
#8515=AXIS2_PLACEMENT_3D('',#8512,#8513,#8514);
#8516=PLANE('',#8515);
#8518=ORIENTED_EDGE('',*,*,#8517,.F.);
#8519=ORIENTED_EDGE('',*,*,#8501,.F.);
#8521=ORIENTED_EDGE('',*,*,#8520,.T.);
#8523=ORIENTED_EDGE('',*,*,#8522,.F.);
#8524=EDGE_LOOP('',(#8518,#8519,#8521,#8523));
#8525=FACE_OUTER_BOUND('',#8524,.F.);
#8527=CARTESIAN_POINT('',(-3.42553E2,1.659073110953E2,2.326432418116E1));
#8528=DIRECTION('',(-1.E0,0.E0,0.E0));
#8529=DIRECTION('',(0.E0,-1.E0,0.E0));
#8530=AXIS2_PLACEMENT_3D('',#8527,#8528,#8529);
#8531=TOROIDAL_SURFACE('',#8530,3.3E0,3.E-1);
#8533=ORIENTED_EDGE('',*,*,#8532,.T.);
#8534=ORIENTED_EDGE('',*,*,#8322,.F.);
#8535=ORIENTED_EDGE('',*,*,#8503,.T.);
#8536=ORIENTED_EDGE('',*,*,#8517,.T.);
#8538=ORIENTED_EDGE('',*,*,#8537,.F.);
#8539=ORIENTED_EDGE('',*,*,#8326,.F.);
#8541=ORIENTED_EDGE('',*,*,#8540,.F.);
#8543=ORIENTED_EDGE('',*,*,#8542,.T.);
#8544=EDGE_LOOP('',(#8533,#8534,#8535,#8536,#8538,#8539,#8541,#8543));
#8545=FACE_OUTER_BOUND('',#8544,.F.);
#8547=CARTESIAN_POINT('',(-3.42553E2,1.659073110953E2,2.326432418116E1));
#8548=DIRECTION('',(-1.E0,0.E0,0.E0));
#8549=DIRECTION('',(0.E0,-1.E0,0.E0));
#8550=AXIS2_PLACEMENT_3D('',#8547,#8548,#8549);
#8551=TOROIDAL_SURFACE('',#8550,3.3E0,3.E-1);
#8553=ORIENTED_EDGE('',*,*,#8552,.T.);
#8554=ORIENTED_EDGE('',*,*,#8540,.T.);
#8555=ORIENTED_EDGE('',*,*,#8324,.F.);
#8556=ORIENTED_EDGE('',*,*,#8532,.F.);
#8557=EDGE_LOOP('',(#8553,#8554,#8555,#8556));
#8558=FACE_OUTER_BOUND('',#8557,.F.);
#8560=CARTESIAN_POINT('',(-3.321961E2,1.659073110953E2,2.326432418116E1));
#8561=DIRECTION('',(-1.E0,0.E0,0.E0));
#8562=DIRECTION('',(0.E0,-1.E0,0.E0));
#8563=AXIS2_PLACEMENT_3D('',#8560,#8561,#8562);
#8564=CYLINDRICAL_SURFACE('',#8563,3.E0);
#8565=ORIENTED_EDGE('',*,*,#8208,.T.);
#8567=ORIENTED_EDGE('',*,*,#8566,.T.);
#8568=ORIENTED_EDGE('',*,*,#8552,.F.);
#8570=ORIENTED_EDGE('',*,*,#8569,.F.);
#8571=EDGE_LOOP('',(#8565,#8567,#8568,#8570));
#8572=FACE_OUTER_BOUND('',#8571,.F.);
#8574=FILL_AREA_STYLE_COLOUR('',#105);
#8575=FILL_AREA_STYLE('',(#8574));
#8576=SURFACE_STYLE_FILL_AREA(#8575);
#8577=SURFACE_SIDE_STYLE('',(#8576));
#8578=SURFACE_STYLE_USAGE(.BOTH.,#8577);
#8579=PRESENTATION_STYLE_ASSIGNMENT((#8578));
#8580=OVER_RIDING_STYLED_ITEM('',(#8579),#8573,#130);
#8581=CARTESIAN_POINT('',(-3.321961E2,1.659073110953E2,2.326432418116E1));
#8582=DIRECTION('',(-1.E0,0.E0,0.E0));
#8583=DIRECTION('',(0.E0,-1.E0,0.E0));
#8584=AXIS2_PLACEMENT_3D('',#8581,#8582,#8583);
#8585=CYLINDRICAL_SURFACE('',#8584,3.E0);
#8586=ORIENTED_EDGE('',*,*,#8569,.T.);
#8587=ORIENTED_EDGE('',*,*,#8542,.F.);
#8588=ORIENTED_EDGE('',*,*,#8566,.F.);
#8589=ORIENTED_EDGE('',*,*,#8210,.T.);
#8590=EDGE_LOOP('',(#8586,#8587,#8588,#8589));
#8591=FACE_OUTER_BOUND('',#8590,.F.);
#8593=FILL_AREA_STYLE_COLOUR('',#105);
#8594=FILL_AREA_STYLE('',(#8593));
#8595=SURFACE_STYLE_FILL_AREA(#8594);
#8596=SURFACE_SIDE_STYLE('',(#8595));
#8597=SURFACE_STYLE_USAGE(.BOTH.,#8596);
#8598=PRESENTATION_STYLE_ASSIGNMENT((#8597));
#8599=OVER_RIDING_STYLED_ITEM('',(#8598),#8592,#130);
#8600=CARTESIAN_POINT('',(-4.19842E2,1.656573110953E2,2.696432418116E1));
#8601=DIRECTION('',(-1.E0,0.E0,0.E0));
#8602=DIRECTION('',(0.E0,-1.E0,0.E0));
#8603=AXIS2_PLACEMENT_3D('',#8600,#8601,#8602);
#8604=CYLINDRICAL_SURFACE('',#8603,5.E-1);
#8605=ORIENTED_EDGE('',*,*,#8537,.T.);
#8606=ORIENTED_EDGE('',*,*,#8522,.T.);
#8608=ORIENTED_EDGE('',*,*,#8607,.T.);
#8609=ORIENTED_EDGE('',*,*,#8371,.F.);
#8610=ORIENTED_EDGE('',*,*,#8328,.F.);
#8611=EDGE_LOOP('',(#8605,#8606,#8608,#8609,#8610));
#8612=FACE_OUTER_BOUND('',#8611,.F.);
#8614=CARTESIAN_POINT('',(-3.429410027201E2,1.656872799053E2,2.646546353847E1));
#8615=CARTESIAN_POINT('',(-3.431279468055E2,1.656877285771E2,2.645799494949E1));
#8616=CARTESIAN_POINT('',(-3.432602420665E2,1.656797953063E2,2.659005213144E1));
#8617=CARTESIAN_POINT('',(-3.432527600128E2,1.656685849420E2,2.677665979149E1));
#8618=CARTESIAN_POINT('',(-3.429410027201E2,1.653664480283E2,2.644618971983E1));
#8619=CARTESIAN_POINT('',(-3.431279468055E2,1.653620934320E2,2.643843257687E1));
#8620=CARTESIAN_POINT('',(-3.432602420665E2,1.654390899992E2,2.657559187744E1));
#8621=CARTESIAN_POINT('',(-3.432527600128E2,1.655478924816E2,2.676940925076E1));
#8622=CARTESIAN_POINT('',(-3.429410027201E2,1.651391766340E2,2.667346111416E1));
#8623=CARTESIAN_POINT('',(-3.431279468055E2,1.651314194910E2,2.666910651788E1));
#8624=CARTESIAN_POINT('',(-3.432602420665E2,1.652685787916E2,2.674610308501E1));
#8625=CARTESIAN_POINT('',(-3.432527600128E2,1.654623961649E2,2.685490556747E1));
#8626=CARTESIAN_POINT('',(-3.429410027201E2,1.651584504526E2,2.699429299112E1));
#8627=CARTESIAN_POINT('',(-3.431279468055E2,1.651509818636E2,2.699474166296E1));
#8628=CARTESIAN_POINT('',(-3.432602420665E2,1.652830390456E2,2.698680839212E1));
#8629=CARTESIAN_POINT('',(-3.432527600128E2,1.654696467056E2,2.697559802790E1));
#8630=(BOUNDED_SURFACE()B_SPLINE_SURFACE(3,3,((#8614,#8615,#8616,#8617),(#8618,
#8619,#8620,#8621),(#8622,#8623,#8624,#8625),(#8626,#8627,#8628,#8629)),
.UNSPECIFIED.,.F.,.F.,.F.)B_SPLINE_SURFACE_WITH_KNOTS((4,4),(4,4),(0.E0,1.E0),(
0.E0,1.E0),.UNSPECIFIED.)GEOMETRIC_REPRESENTATION_ITEM()RATIONAL_B_SPLINE_SURFACE(((1.432830936972E0,1.125501372994E0,1.125501372994E0,1.432830936972E0),(
1.111333878147E0,8.729625899563E-1,8.729625899563E-1,1.111333878147E0),(
1.111333878147E0,8.729625899563E-1,8.729625899563E-1,1.111333878147E0),(
1.432830936972E0,1.125501372994E0,1.125501372994E0,1.432830936972E0)))REPRESENTATION_ITEM('')SURFACE());
#8631=ORIENTED_EDGE('',*,*,#8607,.F.);
#8633=ORIENTED_EDGE('',*,*,#8632,.F.);
#8634=ORIENTED_EDGE('',*,*,#8446,.T.);
#8635=ORIENTED_EDGE('',*,*,#8428,.T.);
#8636=EDGE_LOOP('',(#8631,#8633,#8634,#8635));
#8637=FACE_OUTER_BOUND('',#8636,.F.);
#8639=CARTESIAN_POINT('',(-3.42953E2,-2.06E1,2.676432418116E1));
#8640=DIRECTION('',(0.E0,-1.E0,0.E0));
#8641=DIRECTION('',(0.E0,0.E0,-1.E0));
#8642=AXIS2_PLACEMENT_3D('',#8639,#8640,#8641);
#8643=CYLINDRICAL_SURFACE('',#8642,3.E-1);
#8644=ORIENTED_EDGE('',*,*,#8448,.T.);
#8645=ORIENTED_EDGE('',*,*,#8632,.T.);
#8646=ORIENTED_EDGE('',*,*,#8520,.F.);
#8647=ORIENTED_EDGE('',*,*,#8491,.F.);
#8648=EDGE_LOOP('',(#8644,#8645,#8646,#8647));
#8649=FACE_OUTER_BOUND('',#8648,.F.);
#8651=CARTESIAN_POINT('',(-3.42853E2,1.666573110953E2,2.626432418116E1));
#8652=DIRECTION('',(0.E0,1.E0,0.E0));
#8653=DIRECTION('',(0.E0,0.E0,1.E0));
#8654=AXIS2_PLACEMENT_3D('',#8651,#8652,#8653);
#8655=PLANE('',#8654);
#8656=ORIENTED_EDGE('',*,*,#8318,.T.);
#8658=ORIENTED_EDGE('',*,*,#8657,.T.);
#8659=ORIENTED_EDGE('',*,*,#8463,.F.);
#8660=ORIENTED_EDGE('',*,*,#8506,.T.);
#8661=EDGE_LOOP('',(#8656,#8658,#8659,#8660));
#8662=FACE_OUTER_BOUND('',#8661,.F.);
#8664=CARTESIAN_POINT('',(-4.19842E2,1.661573110953E2,3.276432418116E1));
#8665=DIRECTION('',(-1.E0,0.E0,0.E0));
#8666=DIRECTION('',(0.E0,-1.E0,0.E0));
#8667=AXIS2_PLACEMENT_3D('',#8664,#8665,#8666);
#8668=CYLINDRICAL_SURFACE('',#8667,5.E-1);
#8670=ORIENTED_EDGE('',*,*,#8669,.T.);
#8671=ORIENTED_EDGE('',*,*,#8657,.F.);
#8672=ORIENTED_EDGE('',*,*,#8316,.F.);
#8674=ORIENTED_EDGE('',*,*,#8673,.T.);
#8675=EDGE_LOOP('',(#8670,#8671,#8672,#8674));
#8676=FACE_OUTER_BOUND('',#8675,.F.);
#8678=CARTESIAN_POINT('',(-3.429410027201E2,1.661273422853E2,3.326318482385E1));
#8679=CARTESIAN_POINT('',(-3.431279468055E2,1.661268936135E2,3.327065341282E1));
#8680=CARTESIAN_POINT('',(-3.432602420665E2,1.661348268843E2,3.313859623087E1));
#8681=CARTESIAN_POINT('',(-3.432527600128E2,1.661460372486E2,3.295198857082E1));
#8682=CARTESIAN_POINT('',(-3.429410027201E2,1.664481741623E2,3.328245864248E1));
#8683=CARTESIAN_POINT('',(-3.431279468055E2,1.664525287586E2,3.329021578545E1));
#8684=CARTESIAN_POINT('',(-3.432602420665E2,1.663755321914E2,3.315305648487E1));
#8685=CARTESIAN_POINT('',(-3.432527600128E2,1.662667297090E2,3.295923911155E1));
#8686=CARTESIAN_POINT('',(-3.429410027201E2,1.666754455566E2,3.305518724815E1));
#8687=CARTESIAN_POINT('',(-3.431279468055E2,1.666832026996E2,3.305954184443E1));
#8688=CARTESIAN_POINT('',(-3.432602420665E2,1.665460433990E2,3.298254527730E1));
#8689=CARTESIAN_POINT('',(-3.432527600128E2,1.663522260257E2,3.287374279484E1));
#8690=CARTESIAN_POINT('',(-3.429410027201E2,1.666561717380E2,3.273435537120E1));
#8691=CARTESIAN_POINT('',(-3.431279468055E2,1.666636403270E2,3.273390669935E1));
#8692=CARTESIAN_POINT('',(-3.432602420665E2,1.665315831450E2,3.274183997019E1));
#8693=CARTESIAN_POINT('',(-3.432527600128E2,1.663449754850E2,3.275305033442E1));
#8694=(BOUNDED_SURFACE()B_SPLINE_SURFACE(3,3,((#8678,#8679,#8680,#8681),(#8682,
#8683,#8684,#8685),(#8686,#8687,#8688,#8689),(#8690,#8691,#8692,#8693)),
.UNSPECIFIED.,.F.,.F.,.F.)B_SPLINE_SURFACE_WITH_KNOTS((4,4),(4,4),(0.E0,1.E0),(
0.E0,1.E0),.UNSPECIFIED.)GEOMETRIC_REPRESENTATION_ITEM()RATIONAL_B_SPLINE_SURFACE(((1.432830936972E0,1.125501372994E0,1.125501372994E0,1.432830936972E0),(
1.111333878147E0,8.729625899563E-1,8.729625899563E-1,1.111333878147E0),(
1.111333878147E0,8.729625899563E-1,8.729625899563E-1,1.111333878147E0),(
1.432830936972E0,1.125501372994E0,1.125501372994E0,1.432830936972E0)))REPRESENTATION_ITEM('')SURFACE());
#8695=ORIENTED_EDGE('',*,*,#8669,.F.);
#8697=ORIENTED_EDGE('',*,*,#8696,.F.);
#8698=ORIENTED_EDGE('',*,*,#8440,.T.);
#8699=ORIENTED_EDGE('',*,*,#8465,.T.);
#8700=EDGE_LOOP('',(#8695,#8697,#8698,#8699));
#8701=FACE_OUTER_BOUND('',#8700,.F.);
#8703=CARTESIAN_POINT('',(-3.42953E2,-2.06E1,3.296432418116E1));
#8704=DIRECTION('',(0.E0,1.E0,0.E0));
#8705=DIRECTION('',(0.E0,0.E0,1.E0));
#8706=AXIS2_PLACEMENT_3D('',#8703,#8704,#8705);
#8707=CYLINDRICAL_SURFACE('',#8706,3.E-1);
#8708=ORIENTED_EDGE('',*,*,#8442,.F.);
#8709=ORIENTED_EDGE('',*,*,#8696,.T.);
#8711=ORIENTED_EDGE('',*,*,#8710,.T.);
#8712=ORIENTED_EDGE('',*,*,#8414,.F.);
#8713=EDGE_LOOP('',(#8708,#8709,#8711,#8712));
#8714=FACE_OUTER_BOUND('',#8713,.F.);
#8716=CARTESIAN_POINT('',(-3.42853E2,1.666573110953E2,3.326432418116E1));
#8717=DIRECTION('',(0.E0,0.E0,1.E0));
#8718=DIRECTION('',(0.E0,-1.E0,0.E0));
#8719=AXIS2_PLACEMENT_3D('',#8716,#8717,#8718);
#8720=PLANE('',#8719);
#8721=ORIENTED_EDGE('',*,*,#8673,.F.);
#8722=ORIENTED_EDGE('',*,*,#8314,.T.);
#8723=ORIENTED_EDGE('',*,*,#8385,.T.);
#8724=ORIENTED_EDGE('',*,*,#8710,.F.);
#8725=EDGE_LOOP('',(#8721,#8722,#8723,#8724));
#8726=FACE_OUTER_BOUND('',#8725,.F.);
#8728=CARTESIAN_POINT('',(-3.42553E2,1.938999983222E2,2.670240795339E1));
#8729=DIRECTION('',(-1.E0,0.E0,0.E0));
#8730=DIRECTION('',(0.E0,-1.E0,0.E0));
#8731=AXIS2_PLACEMENT_3D('',#8728,#8729,#8730);
#8732=TOROIDAL_SURFACE('',#8731,3.45E0,3.E-1);
#8734=ORIENTED_EDGE('',*,*,#8733,.T.);
#8735=ORIENTED_EDGE('',*,*,#8332,.F.);
#8737=ORIENTED_EDGE('',*,*,#8736,.F.);
#8739=ORIENTED_EDGE('',*,*,#8738,.T.);
#8741=ORIENTED_EDGE('',*,*,#8740,.T.);
#8742=ORIENTED_EDGE('',*,*,#8352,.F.);
#8743=EDGE_LOOP('',(#8734,#8735,#8737,#8739,#8741,#8742));
#8744=FACE_OUTER_BOUND('',#8743,.F.);
#8746=CARTESIAN_POINT('',(-3.42853E2,1.901680177134E2,3.516924026422E1));
#8747=DIRECTION('',(0.E0,-7.071067811865E-1,-7.071067811865E-1));
#8748=DIRECTION('',(0.E0,7.071067811865E-1,-7.071067811865E-1));
#8749=AXIS2_PLACEMENT_3D('',#8746,#8747,#8748);
#8750=PLANE('',#8749);
#8751=ORIENTED_EDGE('',*,*,#8334,.F.);
#8752=ORIENTED_EDGE('',*,*,#8733,.F.);
#8753=ORIENTED_EDGE('',*,*,#8350,.F.);
#8755=ORIENTED_EDGE('',*,*,#8754,.T.);
#8757=ORIENTED_EDGE('',*,*,#8756,.T.);
#8759=ORIENTED_EDGE('',*,*,#8758,.F.);
#8760=EDGE_LOOP('',(#8751,#8752,#8753,#8755,#8757,#8759));
#8761=FACE_OUTER_BOUND('',#8760,.F.);
#8763=CARTESIAN_POINT('',(-4.19842E2,1.979461923065E2,2.809817245236E1));
#8764=DIRECTION('',(-1.E0,0.E0,0.E0));
#8765=DIRECTION('',(0.E0,-1.E0,0.E0));
#8766=AXIS2_PLACEMENT_3D('',#8763,#8764,#8765);
#8767=CYLINDRICAL_SURFACE('',#8766,5.E-1);
#8769=ORIENTED_EDGE('',*,*,#8768,.T.);
#8770=ORIENTED_EDGE('',*,*,#8754,.F.);
#8771=ORIENTED_EDGE('',*,*,#8348,.F.);
#8773=ORIENTED_EDGE('',*,*,#8772,.T.);
#8774=EDGE_LOOP('',(#8769,#8770,#8771,#8773));
#8775=FACE_OUTER_BOUND('',#8774,.F.);
#8777=CARTESIAN_POINT('',(-3.429410027201E2,1.983201311986E2,2.776661585779E1));
#8778=CARTESIAN_POINT('',(-3.431279468055E2,1.983257295474E2,2.776165202678E1));
#8779=CARTESIAN_POINT('',(-3.432602420665E2,1.982267413489E2,2.784942088603E1));
#8780=CARTESIAN_POINT('',(-3.432527600128E2,1.980868628825E2,2.797344550332E1));
#8781=CARTESIAN_POINT('',(-3.429410027201E2,1.981068974506E2,2.752612481412E1));
#8782=CARTESIAN_POINT('',(-3.431279468055E2,1.981093034144E2,2.751756052117E1));
#8783=CARTESIAN_POINT('',(-3.432602420665E2,1.980667619376E2,2.766899158745E1));
#8784=CARTESIAN_POINT('',(-3.432527600128E2,1.980066473318E2,2.788297613959E1));
#8785=CARTESIAN_POINT('',(-3.429410027201E2,1.977854871624E2,2.752612481412E1));
#8786=CARTESIAN_POINT('',(-3.431279468055E2,1.977830811986E2,2.751756052117E1));
#8787=CARTESIAN_POINT('',(-3.432602420665E2,1.978256226753E2,2.766899158745E1));
#8788=CARTESIAN_POINT('',(-3.432527600128E2,1.978857372812E2,2.788297613959E1));
#8789=CARTESIAN_POINT('',(-3.429410027201E2,1.975722534144E2,2.776661585779E1));
#8790=CARTESIAN_POINT('',(-3.431279468055E2,1.975666550656E2,2.776165202678E1));
#8791=CARTESIAN_POINT('',(-3.432602420665E2,1.976656432641E2,2.784942088604E1));
#8792=CARTESIAN_POINT('',(-3.432527600128E2,1.978055217305E2,2.797344550332E1));
#8793=(BOUNDED_SURFACE()B_SPLINE_SURFACE(3,3,((#8777,#8778,#8779,#8780),(#8781,
#8782,#8783,#8784),(#8785,#8786,#8787,#8788),(#8789,#8790,#8791,#8792)),
.UNSPECIFIED.,.F.,.F.,.F.)B_SPLINE_SURFACE_WITH_KNOTS((4,4),(4,4),(0.E0,1.E0),(
0.E0,1.E0),.UNSPECIFIED.)GEOMETRIC_REPRESENTATION_ITEM()RATIONAL_B_SPLINE_SURFACE(((1.432830936972E0,1.125501372994E0,1.125501372994E0,1.432830936972E0),(
1.111333878147E0,8.729625899563E-1,8.729625899563E-1,1.111333878147E0),(
1.111333878147E0,8.729625899563E-1,8.729625899563E-1,1.111333878147E0),(
1.432830936972E0,1.125501372994E0,1.125501372994E0,1.432830936972E0)))REPRESENTATION_ITEM('')SURFACE());
#8794=ORIENTED_EDGE('',*,*,#8768,.F.);
#8796=ORIENTED_EDGE('',*,*,#8795,.F.);
#8798=ORIENTED_EDGE('',*,*,#8797,.T.);
#8800=ORIENTED_EDGE('',*,*,#8799,.T.);
#8801=EDGE_LOOP('',(#8794,#8796,#8798,#8800));
#8802=FACE_OUTER_BOUND('',#8801,.F.);
#8804=CARTESIAN_POINT('',(-3.42953E2,1.237831101639E2,-4.634775240272E1));
#8805=DIRECTION('',(0.E0,-7.071067811865E-1,-7.071067811866E-1));
#8806=DIRECTION('',(0.E0,7.071067811866E-1,-7.071067811865E-1));
#8807=AXIS2_PLACEMENT_3D('',#8804,#8805,#8806);
#8808=CYLINDRICAL_SURFACE('',#8807,3.E-1);
#8810=ORIENTED_EDGE('',*,*,#8809,.T.);
#8811=ORIENTED_EDGE('',*,*,#8795,.T.);
#8813=ORIENTED_EDGE('',*,*,#8812,.F.);
#8815=ORIENTED_EDGE('',*,*,#8814,.T.);
#8816=EDGE_LOOP('',(#8810,#8811,#8813,#8815));
#8817=FACE_OUTER_BOUND('',#8816,.F.);
#8819=CARTESIAN_POINT('',(-3.43253E2,1.711487558871E2,1.840013149009E1));
#8820=DIRECTION('',(-1.E0,0.E0,0.E0));
#8821=DIRECTION('',(0.E0,-1.E0,0.E0));
#8822=AXIS2_PLACEMENT_3D('',#8819,#8820,#8821);
#8823=PLANE('',#8822);
#8825=ORIENTED_EDGE('',*,*,#8824,.T.);
#8827=ORIENTED_EDGE('',*,*,#8826,.F.);
#8829=ORIENTED_EDGE('',*,*,#8828,.F.);
#8831=ORIENTED_EDGE('',*,*,#8830,.F.);
#8833=ORIENTED_EDGE('',*,*,#8832,.F.);
#8834=ORIENTED_EDGE('',*,*,#8797,.F.);
#8835=ORIENTED_EDGE('',*,*,#8809,.F.);
#8837=ORIENTED_EDGE('',*,*,#8836,.T.);
#8838=EDGE_LOOP('',(#8825,#8827,#8829,#8831,#8833,#8834,#8835,#8837));
#8839=FACE_OUTER_BOUND('',#8838,.F.);
#8841=CARTESIAN_POINT('',(-3.42953E2,2.716850103804E2,-4.465069612787E1));
#8842=DIRECTION('',(0.E0,7.071067811865E-1,-7.071067811865E-1));
#8843=DIRECTION('',(0.E0,7.071067811865E-1,7.071067811865E-1));
#8844=AXIS2_PLACEMENT_3D('',#8841,#8842,#8843);
#8845=CYLINDRICAL_SURFACE('',#8844,3.E-1);
#8846=ORIENTED_EDGE('',*,*,#8824,.F.);
#8848=ORIENTED_EDGE('',*,*,#8847,.F.);
#8850=ORIENTED_EDGE('',*,*,#8849,.T.);
#8852=ORIENTED_EDGE('',*,*,#8851,.F.);
#8853=EDGE_LOOP('',(#8846,#8848,#8850,#8852));
#8854=FACE_OUTER_BOUND('',#8853,.F.);
#8856=CARTESIAN_POINT('',(-3.432527600128E2,1.984244726461E2,2.831105526695E1));
#8857=CARTESIAN_POINT('',(-3.432602420665E2,1.985484972634E2,2.817117680055E1));
#8858=CARTESIAN_POINT('',(-3.431279468055E2,1.986362661227E2,2.807218860207E1));
#8859=CARTESIAN_POINT('',(-3.429410027201E2,1.986313022917E2,2.807778695089E1));
#8860=CARTESIAN_POINT('',(-3.432527600128E2,1.985149420098E2,2.839127081763E1));
#8861=CARTESIAN_POINT('',(-3.432602420665E2,1.987289265620E2,2.833115621181E1));
#8862=CARTESIAN_POINT('',(-3.431279468055E2,1.988803576283E2,2.828861473501E1));
#8863=CARTESIAN_POINT('',(-3.429410027201E2,1.988717933353E2,2.829102069885E1));
#8864=CARTESIAN_POINT('',(-3.432527600128E2,1.985149420098E2,2.851218086826E1));
#8865=CARTESIAN_POINT('',(-3.432602420665E2,1.987289265620E2,2.857229547409E1));
#8866=CARTESIAN_POINT('',(-3.431279468055E2,1.988803576283E2,2.861483695089E1));
#8867=CARTESIAN_POINT('',(-3.429410027201E2,1.988717933353E2,2.861243098705E1));
#8868=CARTESIAN_POINT('',(-3.432527600128E2,1.984244726461E2,2.859239641895E1));
#8869=CARTESIAN_POINT('',(-3.432602420665E2,1.985484972634E2,2.873227488535E1));
#8870=CARTESIAN_POINT('',(-3.431279468055E2,1.986362661227E2,2.883126308382E1));
#8871=CARTESIAN_POINT('',(-3.429410027201E2,1.986313022917E2,2.882566473501E1));
#8872=(BOUNDED_SURFACE()B_SPLINE_SURFACE(3,3,((#8856,#8857,#8858,#8859),(#8860,
#8861,#8862,#8863),(#8864,#8865,#8866,#8867),(#8868,#8869,#8870,#8871)),
.UNSPECIFIED.,.F.,.F.,.F.)B_SPLINE_SURFACE_WITH_KNOTS((4,4),(4,4),(0.E0,1.E0),(
0.E0,1.E0),.UNSPECIFIED.)GEOMETRIC_REPRESENTATION_ITEM()RATIONAL_B_SPLINE_SURFACE(((1.432830936972E0,1.125501372994E0,1.125501372994E0,1.432830936972E0),(
1.111333878147E0,8.729625899562E-1,8.729625899562E-1,1.111333878147E0),(
1.111333878147E0,8.729625899563E-1,8.729625899563E-1,1.111333878147E0),(
1.432830936972E0,1.125501372994E0,1.125501372994E0,1.432830936972E0)))REPRESENTATION_ITEM('')SURFACE());
#8874=ORIENTED_EDGE('',*,*,#8873,.T.);
#8875=ORIENTED_EDGE('',*,*,#8847,.T.);
#8876=ORIENTED_EDGE('',*,*,#8836,.F.);
#8877=ORIENTED_EDGE('',*,*,#8814,.F.);
#8878=EDGE_LOOP('',(#8874,#8875,#8876,#8877));
#8879=FACE_OUTER_BOUND('',#8878,.F.);
#8881=CARTESIAN_POINT('',(-4.19842E2,1.982997456971E2,2.845172584295E1));
#8882=DIRECTION('',(1.E0,0.E0,0.E0));
#8883=DIRECTION('',(0.E0,1.E0,0.E0));
#8884=AXIS2_PLACEMENT_3D('',#8881,#8882,#8883);
#8885=CYLINDRICAL_SURFACE('',#8884,5.E-1);
#8886=ORIENTED_EDGE('',*,*,#8873,.F.);
#8888=ORIENTED_EDGE('',*,*,#8887,.T.);
#8889=ORIENTED_EDGE('',*,*,#8344,.T.);
#8891=ORIENTED_EDGE('',*,*,#8890,.F.);
#8892=EDGE_LOOP('',(#8886,#8888,#8889,#8891));
#8893=FACE_OUTER_BOUND('',#8892,.F.);
#8895=CARTESIAN_POINT('',(-3.42853E2,1.979461923065E2,2.739106567117E1));
#8896=DIRECTION('',(0.E0,7.071067811866E-1,-7.071067811865E-1));
#8897=DIRECTION('',(0.E0,7.071067811865E-1,7.071067811866E-1));
#8898=AXIS2_PLACEMENT_3D('',#8895,#8896,#8897);
#8899=PLANE('',#8898);
#8900=ORIENTED_EDGE('',*,*,#8887,.F.);
#8901=ORIENTED_EDGE('',*,*,#8812,.T.);
#8902=ORIENTED_EDGE('',*,*,#8772,.F.);
#8903=ORIENTED_EDGE('',*,*,#8346,.T.);
#8904=EDGE_LOOP('',(#8900,#8901,#8902,#8903));
#8905=FACE_OUTER_BOUND('',#8904,.F.);
#8907=CARTESIAN_POINT('',(-3.42853E2,2.004210660406E2,2.703751228058E1));
#8908=DIRECTION('',(0.E0,7.071067811865E-1,7.071067811865E-1));
#8909=DIRECTION('',(0.E0,-7.071067811865E-1,7.071067811865E-1));
#8910=AXIS2_PLACEMENT_3D('',#8907,#8908,#8909);
#8911=PLANE('',#8910);
#8912=ORIENTED_EDGE('',*,*,#8342,.T.);
#8914=ORIENTED_EDGE('',*,*,#8913,.T.);
#8915=ORIENTED_EDGE('',*,*,#8849,.F.);
#8916=ORIENTED_EDGE('',*,*,#8890,.T.);
#8917=EDGE_LOOP('',(#8912,#8914,#8915,#8916));
#8918=FACE_OUTER_BOUND('',#8917,.F.);
#8920=CARTESIAN_POINT('',(-4.19842E2,1.912286778852E2,3.552279365481E1));
#8921=DIRECTION('',(-1.E0,0.E0,0.E0));
#8922=DIRECTION('',(0.E0,-1.E0,0.E0));
#8923=AXIS2_PLACEMENT_3D('',#8920,#8921,#8922);
#8924=CYLINDRICAL_SURFACE('',#8923,5.E-1);
#8926=ORIENTED_EDGE('',*,*,#8925,.T.);
#8927=ORIENTED_EDGE('',*,*,#8913,.F.);
#8928=ORIENTED_EDGE('',*,*,#8340,.F.);
#8930=ORIENTED_EDGE('',*,*,#8929,.T.);
#8931=EDGE_LOOP('',(#8926,#8927,#8928,#8930));
#8932=FACE_OUTER_BOUND('',#8931,.F.);
#8934=CARTESIAN_POINT('',(-3.429410027201E2,1.908547389932E2,3.585435024938E1));
#8935=CARTESIAN_POINT('',(-3.431279468055E2,1.908491406443E2,3.585931408039E1));
#8936=CARTESIAN_POINT('',(-3.432602420665E2,1.909481288428E2,3.577154522114E1));
#8937=CARTESIAN_POINT('',(-3.432527600128E2,1.910880073092E2,3.564752060385E1));
#8938=CARTESIAN_POINT('',(-3.429410027201E2,1.910679727411E2,3.609484129305E1));
#8939=CARTESIAN_POINT('',(-3.431279468055E2,1.910655667773E2,3.610340558600E1));
#8940=CARTESIAN_POINT('',(-3.432602420665E2,1.911081082541E2,3.595197451972E1));
#8941=CARTESIAN_POINT('',(-3.432527600128E2,1.911682228599E2,3.573798996758E1));
#8942=CARTESIAN_POINT('',(-3.429410027201E2,1.913893830293E2,3.609484129305E1));
#8943=CARTESIAN_POINT('',(-3.431279468055E2,1.913917889932E2,3.610340558600E1));
#8944=CARTESIAN_POINT('',(-3.432602420665E2,1.913492475164E2,3.595197451972E1));
#8945=CARTESIAN_POINT('',(-3.432527600128E2,1.912891329105E2,3.573798996758E1));
#8946=CARTESIAN_POINT('',(-3.429410027201E2,1.916026167773E2,3.585435024938E1));
#8947=CARTESIAN_POINT('',(-3.431279468055E2,1.916082151261E2,3.585931408039E1));
#8948=CARTESIAN_POINT('',(-3.432602420665E2,1.915092269276E2,3.577154522114E1));
#8949=CARTESIAN_POINT('',(-3.432527600128E2,1.913693484612E2,3.564752060385E1));
#8950=(BOUNDED_SURFACE()B_SPLINE_SURFACE(3,3,((#8934,#8935,#8936,#8937),(#8938,
#8939,#8940,#8941),(#8942,#8943,#8944,#8945),(#8946,#8947,#8948,#8949)),
.UNSPECIFIED.,.F.,.F.,.F.)B_SPLINE_SURFACE_WITH_KNOTS((4,4),(4,4),(0.E0,1.E0),(
0.E0,1.E0),.UNSPECIFIED.)GEOMETRIC_REPRESENTATION_ITEM()RATIONAL_B_SPLINE_SURFACE(((1.432830936972E0,1.125501372994E0,1.125501372994E0,1.432830936972E0),(
1.111333878147E0,8.729625899563E-1,8.729625899563E-1,1.111333878147E0),(
1.111333878147E0,8.729625899563E-1,8.729625899563E-1,1.111333878147E0),(
1.432830936972E0,1.125501372994E0,1.125501372994E0,1.432830936972E0)))REPRESENTATION_ITEM('')SURFACE());
#8951=ORIENTED_EDGE('',*,*,#8925,.F.);
#8953=ORIENTED_EDGE('',*,*,#8952,.F.);
#8954=ORIENTED_EDGE('',*,*,#8826,.T.);
#8955=ORIENTED_EDGE('',*,*,#8851,.T.);
#8956=EDGE_LOOP('',(#8951,#8953,#8954,#8955));
#8957=FACE_OUTER_BOUND('',#8956,.F.);
#8959=CARTESIAN_POINT('',(-3.42953E2,1.107723453901E2,-4.465069612787E1));
#8960=DIRECTION('',(0.E0,7.071067811865E-1,7.071067811866E-1));
#8961=DIRECTION('',(0.E0,-7.071067811866E-1,7.071067811865E-1));
#8962=AXIS2_PLACEMENT_3D('',#8959,#8960,#8961);
#8963=CYLINDRICAL_SURFACE('',#8962,3.E-1);
#8964=ORIENTED_EDGE('',*,*,#8828,.T.);
#8965=ORIENTED_EDGE('',*,*,#8952,.T.);
#8967=ORIENTED_EDGE('',*,*,#8966,.F.);
#8969=ORIENTED_EDGE('',*,*,#8968,.F.);
#8970=EDGE_LOOP('',(#8964,#8965,#8967,#8969));
#8971=FACE_OUTER_BOUND('',#8970,.F.);
#8973=CARTESIAN_POINT('',(-3.42853E2,1.912286778852E2,3.622990043600E1));
#8974=DIRECTION('',(0.E0,-7.071067811866E-1,7.071067811865E-1));
#8975=DIRECTION('',(0.E0,-7.071067811865E-1,-7.071067811866E-1));
#8976=AXIS2_PLACEMENT_3D('',#8973,#8974,#8975);
#8977=PLANE('',#8976);
#8978=ORIENTED_EDGE('',*,*,#8929,.F.);
#8979=ORIENTED_EDGE('',*,*,#8338,.T.);
#8981=ORIENTED_EDGE('',*,*,#8980,.T.);
#8982=ORIENTED_EDGE('',*,*,#8966,.T.);
#8983=EDGE_LOOP('',(#8978,#8979,#8981,#8982));
#8984=FACE_OUTER_BOUND('',#8983,.F.);
#8986=CARTESIAN_POINT('',(-4.19842E2,1.908751244946E2,3.516924026422E1));
#8987=DIRECTION('',(-1.E0,0.E0,0.E0));
#8988=DIRECTION('',(0.E0,-1.E0,0.E0));
#8989=AXIS2_PLACEMENT_3D('',#8986,#8987,#8988);
#8990=CYLINDRICAL_SURFACE('',#8989,5.E-1);
#8992=ORIENTED_EDGE('',*,*,#8991,.T.);
#8993=ORIENTED_EDGE('',*,*,#8980,.F.);
#8994=ORIENTED_EDGE('',*,*,#8336,.F.);
#8995=ORIENTED_EDGE('',*,*,#8758,.T.);
#8996=EDGE_LOOP('',(#8992,#8993,#8994,#8995));
#8997=FACE_OUTER_BOUND('',#8996,.F.);
#8999=CARTESIAN_POINT('',(-3.429410027201E2,1.905435679001E2,3.479530137216E1));
#9000=CARTESIAN_POINT('',(-3.431279468055E2,1.905386040690E2,3.478970302335E1));
#9001=CARTESIAN_POINT('',(-3.432602420665E2,1.906263729283E2,3.488869122182E1));
#9002=CARTESIAN_POINT('',(-3.432527600128E2,1.907503975456E2,3.502856968822E1));
#9003=CARTESIAN_POINT('',(-3.429410027201E2,1.903030768564E2,3.500853512013E1));
#9004=CARTESIAN_POINT('',(-3.431279468055E2,1.902945125634E2,3.500612915628E1));
#9005=CARTESIAN_POINT('',(-3.432602420665E2,1.904459436297E2,3.504867063308E1));
#9006=CARTESIAN_POINT('',(-3.432527600128E2,1.906599281819E2,3.510878523891E1));
#9007=CARTESIAN_POINT('',(-3.429410027201E2,1.903030768564E2,3.532994540832E1));
#9008=CARTESIAN_POINT('',(-3.431279468055E2,1.902945125634E2,3.533235137216E1));
#9009=CARTESIAN_POINT('',(-3.432602420665E2,1.904459436297E2,3.528980989536E1));
#9010=CARTESIAN_POINT('',(-3.432527600128E2,1.906599281819E2,3.522969528954E1));
#9011=CARTESIAN_POINT('',(-3.429410027201E2,1.905435679001E2,3.554317915628E1));
#9012=CARTESIAN_POINT('',(-3.431279468055E2,1.905386040690E2,3.554877750510E1));
#9013=CARTESIAN_POINT('',(-3.432602420665E2,1.906263729283E2,3.544978930662E1));
#9014=CARTESIAN_POINT('',(-3.432527600128E2,1.907503975456E2,3.530991084022E1));
#9015=(BOUNDED_SURFACE()B_SPLINE_SURFACE(3,3,((#8999,#9000,#9001,#9002),(#9003,
#9004,#9005,#9006),(#9007,#9008,#9009,#9010),(#9011,#9012,#9013,#9014)),
.UNSPECIFIED.,.F.,.F.,.F.)B_SPLINE_SURFACE_WITH_KNOTS((4,4),(4,4),(0.E0,1.E0),(
0.E0,1.E0),.UNSPECIFIED.)GEOMETRIC_REPRESENTATION_ITEM()RATIONAL_B_SPLINE_SURFACE(((1.432830936972E0,1.125501372994E0,1.125501372994E0,1.432830936972E0),(
1.111333878147E0,8.729625899563E-1,8.729625899563E-1,1.111333878147E0),(
1.111333878147E0,8.729625899563E-1,8.729625899563E-1,1.111333878147E0),(
1.432830936972E0,1.125501372994E0,1.125501372994E0,1.432830936972E0)))REPRESENTATION_ITEM('')SURFACE());
#9016=ORIENTED_EDGE('',*,*,#8991,.F.);
#9018=ORIENTED_EDGE('',*,*,#9017,.F.);
#9019=ORIENTED_EDGE('',*,*,#8830,.T.);
#9020=ORIENTED_EDGE('',*,*,#8968,.T.);
#9021=EDGE_LOOP('',(#9016,#9018,#9019,#9020));
#9022=FACE_OUTER_BOUND('',#9021,.F.);
#9024=CARTESIAN_POINT('',(-3.42953E2,2.704122181742E2,-4.465069612787E1));
#9025=DIRECTION('',(0.E0,-7.071067811865E-1,7.071067811865E-1));
#9026=DIRECTION('',(0.E0,-7.071067811865E-1,-7.071067811865E-1));
#9027=AXIS2_PLACEMENT_3D('',#9024,#9025,#9026);
#9028=CYLINDRICAL_SURFACE('',#9027,3.E-1);
#9029=ORIENTED_EDGE('',*,*,#8832,.T.);
#9030=ORIENTED_EDGE('',*,*,#9017,.T.);
#9031=ORIENTED_EDGE('',*,*,#8756,.F.);
#9032=ORIENTED_EDGE('',*,*,#8799,.F.);
#9033=EDGE_LOOP('',(#9029,#9030,#9031,#9032));
#9034=FACE_OUTER_BOUND('',#9033,.F.);
#9036=CARTESIAN_POINT('',(-3.42553E2,1.938999983222E2,2.670240795339E1));
#9037=DIRECTION('',(-1.E0,0.E0,0.E0));
#9038=DIRECTION('',(0.E0,-1.E0,0.E0));
#9039=AXIS2_PLACEMENT_3D('',#9036,#9037,#9038);
#9040=TOROIDAL_SURFACE('',#9039,3.45E0,3.E-1);
#9041=ORIENTED_EDGE('',*,*,#8740,.F.);
#9043=ORIENTED_EDGE('',*,*,#9042,.T.);
#9044=ORIENTED_EDGE('',*,*,#8736,.T.);
#9045=ORIENTED_EDGE('',*,*,#8354,.F.);
#9046=EDGE_LOOP('',(#9041,#9043,#9044,#9045));
#9047=FACE_OUTER_BOUND('',#9046,.F.);
#9049=CARTESIAN_POINT('',(-3.42853E2,1.938999983222E2,2.670240795339E1));
#9050=DIRECTION('',(-1.E0,0.E0,0.E0));
#9051=DIRECTION('',(0.E0,-1.E0,0.E0));
#9052=AXIS2_PLACEMENT_3D('',#9049,#9050,#9051);
#9053=CYLINDRICAL_SURFACE('',#9052,3.15E0);
#9054=ORIENTED_EDGE('',*,*,#9042,.F.);
#9056=ORIENTED_EDGE('',*,*,#9055,.F.);
#9058=ORIENTED_EDGE('',*,*,#9057,.T.);
#9060=ORIENTED_EDGE('',*,*,#9059,.T.);
#9061=EDGE_LOOP('',(#9054,#9056,#9058,#9060));
#9062=FACE_OUTER_BOUND('',#9061,.F.);
#9064=CARTESIAN_POINT('',(-3.42853E2,1.938999983222E2,2.670240795339E1));
#9065=DIRECTION('',(-1.E0,0.E0,0.E0));
#9066=DIRECTION('',(0.E0,-1.E0,0.E0));
#9067=AXIS2_PLACEMENT_3D('',#9064,#9065,#9066);
#9068=CYLINDRICAL_SURFACE('',#9067,3.15E0);
#9069=ORIENTED_EDGE('',*,*,#9055,.T.);
#9070=ORIENTED_EDGE('',*,*,#8738,.F.);
#9071=ORIENTED_EDGE('',*,*,#9059,.F.);
#9073=ORIENTED_EDGE('',*,*,#9072,.T.);
#9074=EDGE_LOOP('',(#9069,#9070,#9071,#9073));
#9075=FACE_OUTER_BOUND('',#9074,.F.);
#9077=CARTESIAN_POINT('',(-3.414E2,1.883853435417E2,2.807263460411E1));
#9078=DIRECTION('',(-1.E0,0.E0,0.E0));
#9079=DIRECTION('',(0.E0,-1.E0,0.E0));
#9080=AXIS2_PLACEMENT_3D('',#9077,#9078,#9079);
#9081=PLANE('',#9080);
#9082=ORIENTED_EDGE('',*,*,#9057,.F.);
#9083=ORIENTED_EDGE('',*,*,#9072,.F.);
#9084=EDGE_LOOP('',(#9082,#9083));
#9085=FACE_OUTER_BOUND('',#9084,.F.);
#9087=ORIENTED_EDGE('',*,*,#9086,.T.);
#9089=ORIENTED_EDGE('',*,*,#9088,.T.);
#9090=EDGE_LOOP('',(#9087,#9089));
#9091=FACE_BOUND('',#9090,.F.);
#9093=CARTESIAN_POINT('',(-3.321961E2,1.938999983222E2,2.670240795339E1));
#9094=DIRECTION('',(-1.E0,0.E0,0.E0));
#9095=DIRECTION('',(0.E0,-1.E0,0.E0));
#9096=AXIS2_PLACEMENT_3D('',#9093,#9094,#9095);
#9097=CYLINDRICAL_SURFACE('',#9096,1.5E0);
#9099=ORIENTED_EDGE('',*,*,#9098,.T.);
#9101=ORIENTED_EDGE('',*,*,#9100,.T.);
#9102=ORIENTED_EDGE('',*,*,#9086,.F.);
#9104=ORIENTED_EDGE('',*,*,#9103,.F.);
#9105=EDGE_LOOP('',(#9099,#9101,#9102,#9104));
#9106=FACE_OUTER_BOUND('',#9105,.F.);
#9108=CARTESIAN_POINT('',(-3.404E2,1.883853435417E2,2.807263460411E1));
#9109=DIRECTION('',(-1.E0,0.E0,0.E0));
#9110=DIRECTION('',(0.E0,-1.E0,0.E0));
#9111=AXIS2_PLACEMENT_3D('',#9108,#9109,#9110);
#9112=PLANE('',#9111);
#9114=ORIENTED_EDGE('',*,*,#9113,.T.);
#9116=ORIENTED_EDGE('',*,*,#9115,.T.);
#9118=ORIENTED_EDGE('',*,*,#9117,.F.);
#9120=ORIENTED_EDGE('',*,*,#9119,.T.);
#9122=ORIENTED_EDGE('',*,*,#9121,.T.);
#9124=ORIENTED_EDGE('',*,*,#9123,.F.);
#9126=ORIENTED_EDGE('',*,*,#9125,.F.);
#9128=ORIENTED_EDGE('',*,*,#9127,.F.);
#9130=ORIENTED_EDGE('',*,*,#9129,.T.);
#9132=ORIENTED_EDGE('',*,*,#9131,.T.);
#9133=EDGE_LOOP('',(#9114,#9116,#9118,#9120,#9122,#9124,#9126,#9128,#9130,
#9132));
#9134=FACE_OUTER_BOUND('',#9133,.F.);
#9135=ORIENTED_EDGE('',*,*,#9098,.F.);
#9137=ORIENTED_EDGE('',*,*,#9136,.F.);
#9138=EDGE_LOOP('',(#9135,#9137));
#9139=FACE_BOUND('',#9138,.F.);
#9141=CARTESIAN_POINT('',(-3.321961E2,1.938999983222E2,2.670240795339E1));
#9142=DIRECTION('',(-1.E0,0.E0,0.E0));
#9143=DIRECTION('',(0.E0,-1.E0,0.E0));
#9144=AXIS2_PLACEMENT_3D('',#9141,#9142,#9143);
#9145=CYLINDRICAL_SURFACE('',#9144,1.5E0);
#9146=ORIENTED_EDGE('',*,*,#9103,.T.);
#9147=ORIENTED_EDGE('',*,*,#9088,.F.);
#9148=ORIENTED_EDGE('',*,*,#9100,.F.);
#9149=ORIENTED_EDGE('',*,*,#9136,.T.);
#9150=EDGE_LOOP('',(#9146,#9147,#9148,#9149));
#9151=FACE_OUTER_BOUND('',#9150,.F.);
#9153=CARTESIAN_POINT('',(-3.37999999E2,1.965999998220E2,4.372254271637E1));
#9154=DIRECTION('',(0.E0,1.E0,0.E0));
#9155=DIRECTION('',(0.E0,0.E0,-1.E0));
#9156=AXIS2_PLACEMENT_3D('',#9153,#9154,#9155);
#9157=PLANE('',#9156);
#9159=ORIENTED_EDGE('',*,*,#9158,.F.);
#9161=ORIENTED_EDGE('',*,*,#9160,.T.);
#9163=ORIENTED_EDGE('',*,*,#9162,.T.);
#9164=ORIENTED_EDGE('',*,*,#9113,.F.);
#9165=EDGE_LOOP('',(#9159,#9161,#9163,#9164));
#9166=FACE_OUTER_BOUND('',#9165,.F.);
#9168=FILL_AREA_STYLE_COLOUR('',#105);
#9169=FILL_AREA_STYLE('',(#9168));
#9170=SURFACE_STYLE_FILL_AREA(#9169);
#9171=SURFACE_SIDE_STYLE('',(#9170));
#9172=SURFACE_STYLE_USAGE(.BOTH.,#9171);
#9173=PRESENTATION_STYLE_ASSIGNMENT((#9172));
#9174=OVER_RIDING_STYLED_ITEM('',(#9173),#9167,#130);
#9175=CARTESIAN_POINT('',(-4.19842E2,1.970999998220E2,4.563675627869E1));
#9176=DIRECTION('',(1.E0,0.E0,0.E0));
#9177=DIRECTION('',(0.E0,0.E0,-1.E0));
#9178=AXIS2_PLACEMENT_3D('',#9175,#9176,#9177);
#9179=CYLINDRICAL_SURFACE('',#9178,5.E-1);
#9181=ORIENTED_EDGE('',*,*,#9180,.F.);
#9183=ORIENTED_EDGE('',*,*,#9182,.T.);
#9184=ORIENTED_EDGE('',*,*,#9158,.T.);
#9185=ORIENTED_EDGE('',*,*,#9131,.F.);
#9186=EDGE_LOOP('',(#9181,#9183,#9184,#9185));
#9187=FACE_OUTER_BOUND('',#9186,.F.);
#9189=FILL_AREA_STYLE_COLOUR('',#105);
#9190=FILL_AREA_STYLE('',(#9189));
#9191=SURFACE_STYLE_FILL_AREA(#9190);
#9192=SURFACE_SIDE_STYLE('',(#9191));
#9193=SURFACE_STYLE_USAGE(.BOTH.,#9192);
#9194=PRESENTATION_STYLE_ASSIGNMENT((#9193));
#9195=OVER_RIDING_STYLED_ITEM('',(#9194),#9188,#130);
#9196=CARTESIAN_POINT('',(-3.433999994821E2,1.981273731206E2,4.737123635851E1));
#9197=DIRECTION('',(0.E0,7.071067811865E-1,-7.071067811865E-1));
#9198=DIRECTION('',(2.458188489080E-13,7.071067811865E-1,7.071067811865E-1));
#9199=AXIS2_PLACEMENT_3D('',#9196,#9197,#9198);
#9200=PLANE('',#9199);
#9201=ORIENTED_EDGE('',*,*,#9180,.T.);
#9202=ORIENTED_EDGE('',*,*,#9129,.F.);
#9204=ORIENTED_EDGE('',*,*,#9203,.T.);
#9206=ORIENTED_EDGE('',*,*,#9205,.T.);
#9208=ORIENTED_EDGE('',*,*,#9207,.T.);
#9210=ORIENTED_EDGE('',*,*,#9209,.F.);
#9212=ORIENTED_EDGE('',*,*,#9211,.F.);
#9214=ORIENTED_EDGE('',*,*,#9213,.T.);
#9216=ORIENTED_EDGE('',*,*,#9215,.T.);
#9218=ORIENTED_EDGE('',*,*,#9217,.F.);
#9220=ORIENTED_EDGE('',*,*,#9219,.F.);
#9221=EDGE_LOOP('',(#9201,#9202,#9204,#9206,#9208,#9210,#9212,#9214,#9216,#9218,
#9220));
#9222=FACE_OUTER_BOUND('',#9221,.F.);
#9224=FILL_AREA_STYLE_COLOUR('',#105);
#9225=FILL_AREA_STYLE('',(#9224));
#9226=SURFACE_STYLE_FILL_AREA(#9225);
#9227=SURFACE_SIDE_STYLE('',(#9226));
#9228=SURFACE_STYLE_USAGE(.BOTH.,#9227);
#9229=PRESENTATION_STYLE_ASSIGNMENT((#9228));
#9230=OVER_RIDING_STYLED_ITEM('',(#9229),#9223,#130);
#9231=CARTESIAN_POINT('',(-3.404E2,1.900700881135E2,3.860684457030E1));
#9232=DIRECTION('',(-1.E0,0.E0,0.E0));
#9233=DIRECTION('',(0.E0,0.E0,1.E0));
#9234=AXIS2_PLACEMENT_3D('',#9231,#9232,#9233);
#9235=CYLINDRICAL_SURFACE('',#9234,5.E-1);
#9236=ORIENTED_EDGE('',*,*,#9127,.T.);
#9238=ORIENTED_EDGE('',*,*,#9237,.T.);
#9240=ORIENTED_EDGE('',*,*,#9239,.F.);
#9241=ORIENTED_EDGE('',*,*,#9203,.F.);
#9242=EDGE_LOOP('',(#9236,#9238,#9240,#9241));
#9243=FACE_OUTER_BOUND('',#9242,.F.);
#9245=FILL_AREA_STYLE_COLOUR('',#105);
#9246=FILL_AREA_STYLE('',(#9245));
#9247=SURFACE_STYLE_FILL_AREA(#9246);
#9248=SURFACE_SIDE_STYLE('',(#9247));
#9249=SURFACE_STYLE_USAGE(.BOTH.,#9248);
#9250=PRESENTATION_STYLE_ASSIGNMENT((#9249));
#9251=OVER_RIDING_STYLED_ITEM('',(#9250),#9244,#130);
#9252=CARTESIAN_POINT('',(-3.404E2,1.905700881135E2,3.860684457030E1));
#9253=DIRECTION('',(0.E0,1.E0,-1.907309554417E-14));
#9254=DIRECTION('',(0.E0,-1.907309554417E-14,-1.E0));
#9255=AXIS2_PLACEMENT_3D('',#9252,#9253,#9254);
#9256=PLANE('',#9255);
#9257=ORIENTED_EDGE('',*,*,#9125,.T.);
#9259=ORIENTED_EDGE('',*,*,#9258,.T.);
#9261=ORIENTED_EDGE('',*,*,#9260,.F.);
#9262=ORIENTED_EDGE('',*,*,#9237,.F.);
#9263=EDGE_LOOP('',(#9257,#9259,#9261,#9262));
#9264=FACE_OUTER_BOUND('',#9263,.F.);
#9266=FILL_AREA_STYLE_COLOUR('',#105);
#9267=FILL_AREA_STYLE('',(#9266));
#9268=SURFACE_STYLE_FILL_AREA(#9267);
#9269=SURFACE_SIDE_STYLE('',(#9268));
#9270=SURFACE_STYLE_USAGE(.BOTH.,#9269);
#9271=PRESENTATION_STYLE_ASSIGNMENT((#9270));
#9272=OVER_RIDING_STYLED_ITEM('',(#9271),#9265,#130);
#9273=CARTESIAN_POINT('',(-3.41753E2,2.029406730385E2,5.006321593292E1));
#9274=DIRECTION('',(0.E0,7.071067811865E-1,-7.071067811865E-1));
#9275=DIRECTION('',(0.E0,-7.071067811865E-1,-7.071067811865E-1));
#9276=AXIS2_PLACEMENT_3D('',#9273,#9274,#9275);
#9277=PLANE('',#9276);
#9278=ORIENTED_EDGE('',*,*,#9123,.T.);
#9280=ORIENTED_EDGE('',*,*,#9279,.T.);
#9281=ORIENTED_EDGE('',*,*,#8180,.T.);
#9283=ORIENTED_EDGE('',*,*,#9282,.T.);
#9285=ORIENTED_EDGE('',*,*,#9284,.T.);
#9287=ORIENTED_EDGE('',*,*,#9286,.T.);
#9289=ORIENTED_EDGE('',*,*,#9288,.F.);
#9291=ORIENTED_EDGE('',*,*,#9290,.F.);
#9292=ORIENTED_EDGE('',*,*,#9258,.F.);
#9293=EDGE_LOOP('',(#9278,#9280,#9281,#9283,#9285,#9287,#9289,#9291,#9292));
#9294=FACE_OUTER_BOUND('',#9293,.F.);
#9296=CARTESIAN_POINT('',(-3.404E2,1.932999983222E2,3.025205582325E1));
#9297=DIRECTION('',(0.E0,1.E0,0.E0));
#9298=DIRECTION('',(0.E0,0.E0,-1.E0));
#9299=AXIS2_PLACEMENT_3D('',#9296,#9297,#9298);
#9300=PLANE('',#9299);
#9301=ORIENTED_EDGE('',*,*,#8182,.T.);
#9302=ORIENTED_EDGE('',*,*,#9279,.F.);
#9303=ORIENTED_EDGE('',*,*,#9121,.F.);
#9305=ORIENTED_EDGE('',*,*,#9304,.T.);
#9307=ORIENTED_EDGE('',*,*,#9306,.T.);
#9308=EDGE_LOOP('',(#9301,#9302,#9303,#9305,#9307));
#9309=FACE_OUTER_BOUND('',#9308,.F.);
#9311=CARTESIAN_POINT('',(-3.40775E2,1.938999983222E2,2.670240795339E1));
#9312=DIRECTION('',(-1.E0,0.E0,0.E0));
#9313=DIRECTION('',(0.E0,-1.E0,0.E0));
#9314=AXIS2_PLACEMENT_3D('',#9311,#9312,#9313);
#9315=CONICAL_SURFACE('',#9314,3.975E0,4.5E1);
#9316=ORIENTED_EDGE('',*,*,#9119,.F.);
#9318=ORIENTED_EDGE('',*,*,#9317,.F.);
#9320=ORIENTED_EDGE('',*,*,#9319,.T.);
#9321=ORIENTED_EDGE('',*,*,#9304,.F.);
#9322=EDGE_LOOP('',(#9316,#9318,#9320,#9321));
#9323=FACE_OUTER_BOUND('',#9322,.F.);
#9325=CARTESIAN_POINT('',(-3.404E2,1.944999983222E2,3.879411409178E1));
#9326=DIRECTION('',(0.E0,-1.E0,0.E0));
#9327=DIRECTION('',(0.E0,0.E0,1.E0));
#9328=AXIS2_PLACEMENT_3D('',#9325,#9326,#9327);
#9329=PLANE('',#9328);
#9331=ORIENTED_EDGE('',*,*,#9330,.F.);
#9332=ORIENTED_EDGE('',*,*,#9317,.T.);
#9333=ORIENTED_EDGE('',*,*,#9117,.T.);
#9335=ORIENTED_EDGE('',*,*,#9334,.T.);
#9336=ORIENTED_EDGE('',*,*,#8186,.T.);
#9337=EDGE_LOOP('',(#9331,#9332,#9333,#9335,#9336));
#9338=FACE_OUTER_BOUND('',#9337,.F.);
#9340=CARTESIAN_POINT('',(-3.42853E2,1.938999983222E2,2.670240795339E1));
#9341=DIRECTION('',(-1.E0,0.E0,0.E0));
#9342=DIRECTION('',(0.E0,-1.E0,0.E0));
#9343=AXIS2_PLACEMENT_3D('',#9340,#9341,#9342);
#9344=CYLINDRICAL_SURFACE('',#9343,4.35E0);
#9345=ORIENTED_EDGE('',*,*,#9319,.F.);
#9346=ORIENTED_EDGE('',*,*,#9330,.T.);
#9347=ORIENTED_EDGE('',*,*,#8184,.T.);
#9348=ORIENTED_EDGE('',*,*,#9306,.F.);
#9349=EDGE_LOOP('',(#9345,#9346,#9347,#9348));
#9350=FACE_OUTER_BOUND('',#9349,.F.);
#9352=CARTESIAN_POINT('',(-3.37999999E2,1.973089228784E2,4.443146577282E1));
#9353=DIRECTION('',(0.E0,-7.071067811865E-1,7.071067811865E-1));
#9354=DIRECTION('',(0.E0,7.071067811865E-1,7.071067811865E-1));
#9355=AXIS2_PLACEMENT_3D('',#9352,#9353,#9354);
#9356=PLANE('',#9355);
#9357=ORIENTED_EDGE('',*,*,#9162,.F.);
#9359=ORIENTED_EDGE('',*,*,#9358,.T.);
#9361=ORIENTED_EDGE('',*,*,#9360,.T.);
#9362=ORIENTED_EDGE('',*,*,#8188,.T.);
#9363=ORIENTED_EDGE('',*,*,#9334,.F.);
#9364=ORIENTED_EDGE('',*,*,#9115,.F.);
#9365=EDGE_LOOP('',(#9357,#9359,#9361,#9362,#9363,#9364));
#9366=FACE_OUTER_BOUND('',#9365,.F.);
#9368=CARTESIAN_POINT('',(-3.37999999E2,1.935112947871E2,3.886607072852E1));
#9369=DIRECTION('',(1.E0,0.E0,0.E0));
#9370=DIRECTION('',(0.E0,0.E0,-1.E0));
#9371=AXIS2_PLACEMENT_3D('',#9368,#9369,#9370);
#9372=PLANE('',#9371);
#9373=ORIENTED_EDGE('',*,*,#9358,.F.);
#9374=ORIENTED_EDGE('',*,*,#9160,.F.);
#9375=ORIENTED_EDGE('',*,*,#9182,.F.);
#9376=ORIENTED_EDGE('',*,*,#9219,.T.);
#9378=ORIENTED_EDGE('',*,*,#9377,.T.);
#9380=ORIENTED_EDGE('',*,*,#9379,.T.);
#9382=ORIENTED_EDGE('',*,*,#9381,.F.);
#9384=ORIENTED_EDGE('',*,*,#9383,.T.);
#9386=ORIENTED_EDGE('',*,*,#9385,.F.);
#9387=EDGE_LOOP('',(#9373,#9374,#9375,#9376,#9378,#9380,#9382,#9384,#9386));
#9388=FACE_OUTER_BOUND('',#9387,.F.);
#9390=CARTESIAN_POINT('',(-3.43253E2,2.016629070264E2,4.383570245253E1));
#9391=DIRECTION('',(-1.E0,0.E0,0.E0));
#9392=DIRECTION('',(0.E0,-1.E0,0.E0));
#9393=AXIS2_PLACEMENT_3D('',#9390,#9391,#9392);
#9394=CYLINDRICAL_SURFACE('',#9393,5.E0);
#9396=ORIENTED_EDGE('',*,*,#9395,.F.);
#9398=ORIENTED_EDGE('',*,*,#9397,.F.);
#9400=ORIENTED_EDGE('',*,*,#9399,.F.);
#9401=ORIENTED_EDGE('',*,*,#9377,.F.);
#9402=ORIENTED_EDGE('',*,*,#9217,.T.);
#9404=ORIENTED_EDGE('',*,*,#9403,.T.);
#9405=EDGE_LOOP('',(#9396,#9398,#9400,#9401,#9402,#9404));
#9406=FACE_OUTER_BOUND('',#9405,.F.);
#9408=CARTESIAN_POINT('',(-3.43253E2,2.059992422932E2,4.564848938272E1));
#9409=DIRECTION('',(-1.E0,0.E0,0.E0));
#9410=DIRECTION('',(0.E0,-1.E0,0.E0));
#9411=AXIS2_PLACEMENT_3D('',#9408,#9409,#9410);
#9412=CYLINDRICAL_SURFACE('',#9411,3.E-1);
#9413=ORIENTED_EDGE('',*,*,#9395,.T.);
#9415=ORIENTED_EDGE('',*,*,#9414,.T.);
#9417=ORIENTED_EDGE('',*,*,#9416,.F.);
#9419=ORIENTED_EDGE('',*,*,#9418,.F.);
#9420=EDGE_LOOP('',(#9413,#9415,#9417,#9419));
#9421=FACE_OUTER_BOUND('',#9420,.F.);
#9423=CARTESIAN_POINT('',(-3.423446985552E2,2.062722179719E2,4.577295328502E1));
#9424=CARTESIAN_POINT('',(-3.423640497315E2,2.062770300117E2,4.576252970309E1));
#9425=CARTESIAN_POINT('',(-3.424000006433E2,2.062838401101E2,4.574233814545E1));
#9426=CARTESIAN_POINT('',(-3.424520069060E2,2.062882011317E2,4.571073501248E1));
#9427=CARTESIAN_POINT('',(-3.425003360176E2,2.062875621926E2,4.567909292831E1));
#9428=CARTESIAN_POINT('',(-3.425628835654E2,2.062805167682E2,4.563480193416E1));
#9429=CARTESIAN_POINT('',(-3.426363071712E2,2.062604290175E2,4.557582275561E1));
#9430=CARTESIAN_POINT('',(-3.427131581612E2,2.062197328534E2,4.550039621040E1));
#9431=CARTESIAN_POINT('',(-3.427756654332E2,2.061645699702E2,4.542159164237E1));
#9432=CARTESIAN_POINT('',(-3.428214290625E2,2.060977698852E2,4.534080013575E1));
#9433=CARTESIAN_POINT('',(-3.428494552786E2,2.060206560063E2,4.525718413904E1));
#9434=CARTESIAN_POINT('',(-3.428540506098E2,2.059653016525E2,4.520126376695E1));
#9435=CARTESIAN_POINT('',(-3.428522857216E2,2.059363895815E2,4.517256602199E1));
#9436=CARTESIAN_POINT('',(-3.423448836106E2,2.062753216662E2,4.576593385629E1));
#9437=CARTESIAN_POINT('',(-3.423638006821E2,2.062799443589E2,4.575566982486E1));
#9438=CARTESIAN_POINT('',(-3.423989823521E2,2.062867062098E2,4.573580368895E1));
#9439=CARTESIAN_POINT('',(-3.424498749407E2,2.062914873463E2,4.570466800799E1));
#9440=CARTESIAN_POINT('',(-3.424971562958E2,2.062915267523E2,4.567342852975E1));
#9441=CARTESIAN_POINT('',(-3.425583660420E2,2.062856576074E2,4.562960715945E1));
#9442=CARTESIAN_POINT('',(-3.426303739629E2,2.062674658644E2,4.557109753447E1));
#9443=CARTESIAN_POINT('',(-3.427064040525E2,2.062297368072E2,4.549615918135E1));
#9444=CARTESIAN_POINT('',(-3.427692005013E2,2.061782130315E2,4.541786683190E1));
#9445=CARTESIAN_POINT('',(-3.428163089421E2,2.061154203882E2,4.533762180116E1));
#9446=CARTESIAN_POINT('',(-3.428466970162E2,2.060422450171E2,4.525454511071E1));
#9447=CARTESIAN_POINT('',(-3.428538211424E2,2.059890537025E2,4.519895694746E1));
#9448=CARTESIAN_POINT('',(-3.428539613821E2,2.059611514609E2,4.517046817511E1));
#9449=CARTESIAN_POINT('',(-3.423451947906E2,2.062806475061E2,4.575303856789E1));
#9450=CARTESIAN_POINT('',(-3.423633880811E2,2.062844068006E2,4.574324164005E1));
#9451=CARTESIAN_POINT('',(-3.423972063653E2,2.062901311700E2,4.572429817141E1));
#9452=CARTESIAN_POINT('',(-3.424459601970E2,2.062944742468E2,4.569444271690E1));
#9453=CARTESIAN_POINT('',(-3.424911068982E2,2.062948280882E2,4.566426778121E1));
#9454=CARTESIAN_POINT('',(-3.425494265224E2,2.062901892993E2,4.562162376492E1));
#9455=CARTESIAN_POINT('',(-3.426180066524E2,2.062748904948E2,4.556413199320E1));
#9456=CARTESIAN_POINT('',(-3.426911411150E2,2.062426164069E2,4.548994030645E1));
#9457=CARTESIAN_POINT('',(-3.427529416798E2,2.061982861483E2,4.541221416996E1));
#9458=CARTESIAN_POINT('',(-3.428012964767E2,2.061437941059E2,4.533250443356E1));
#9459=CARTESIAN_POINT('',(-3.428355492342E2,2.060793022352E2,4.524997318693E1));
#9460=CARTESIAN_POINT('',(-3.428476669054E2,2.060314099952E2,4.519480973566E1));
#9461=CARTESIAN_POINT('',(-3.428515312123E2,2.060060767156E2,4.516666859934E1));
#9462=CARTESIAN_POINT('',(-3.423457180600E2,2.062890838E2,4.572777101626E1));
#9463=CARTESIAN_POINT('',(-3.423627005749E2,2.062911398870E2,4.571970631797E1));
#9464=CARTESIAN_POINT('',(-3.423941545513E2,2.062944848611E2,4.570394069683E1));
#9465=CARTESIAN_POINT('',(-3.424390642593E2,2.062970761851E2,4.567817539699E1));
#9466=CARTESIAN_POINT('',(-3.424802652844E2,2.062970865752E2,4.565121344690E1));
#9467=CARTESIAN_POINT('',(-3.425330522103E2,2.062935868910E2,4.561189581578E1));
#9468=CARTESIAN_POINT('',(-3.425945524121E2,2.062825205038E2,4.555680884145E1));
#9469=CARTESIAN_POINT('',(-3.426602723481E2,2.062594623556E2,4.548344985602E1));
#9470=CARTESIAN_POINT('',(-3.427170553700E2,2.062280038937E2,4.540546250064E1));
#9471=CARTESIAN_POINT('',(-3.427638942642E2,2.061891609286E2,4.532514683424E1));
#9472=CARTESIAN_POINT('',(-3.428012211598E2,2.061423573888E2,4.524218936868E1));
#9473=CARTESIAN_POINT('',(-3.428195809170E2,2.061066474767E2,4.518732644537E1));
#9474=CARTESIAN_POINT('',(-3.428282728927E2,2.060875843945E2,4.515979937663E1));
#9475=CARTESIAN_POINT('',(-3.423461334103E2,2.062947022262E2,4.570305708540E1));
#9476=CARTESIAN_POINT('',(-3.423621593150E2,2.062956616068E2,4.569749339875E1));
#9477=CARTESIAN_POINT('',(-3.423916855679E2,2.062972838290E2,4.568611780483E1));
#9478=CARTESIAN_POINT('',(-3.424333907844E2,2.062983155098E2,4.566574779532E1));
#9479=CARTESIAN_POINT('',(-3.424712399877E2,2.062977325692E2,4.564288893432E1));
#9480=CARTESIAN_POINT('',(-3.425191838787E2,2.062946463646E2,4.560768053426E1));
#9481=CARTESIAN_POINT('',(-3.425740456715E2,2.062863613762E2,4.555530130648E1));
#9482=CARTESIAN_POINT('',(-3.426314962298E2,2.062701032221E2,4.548227155847E1));
#9483=CARTESIAN_POINT('',(-3.426806484737E2,2.062486222660E2,4.540291123232E1));
#9484=CARTESIAN_POINT('',(-3.427216118639E2,2.062226055860E2,4.532063144091E1));
#9485=CARTESIAN_POINT('',(-3.427557822384E2,2.061915354434E2,4.523604264121E1));
#9486=CARTESIAN_POINT('',(-3.427744917263E2,2.061679202020E2,4.518108717221E1));
#9487=CARTESIAN_POINT('',(-3.427839722310E2,2.061554027727E2,4.515411700960E1));
#9488=CARTESIAN_POINT('',(-3.423464724883E2,2.062979679802E2,4.567800996758E1));
#9489=CARTESIAN_POINT('',(-3.423617291372E2,2.062982856292E2,4.567495075185E1));
#9490=CARTESIAN_POINT('',(-3.423895490028E2,2.062987892032E2,4.566780572235E1));
#9491=CARTESIAN_POINT('',(-3.424281717563E2,2.062986963479E2,4.565247581436E1));
#9492=CARTESIAN_POINT('',(-3.424626653621E2,2.062976349192E2,4.563342581638E1));
#9493=CARTESIAN_POINT('',(-3.425056288266E2,2.062947867809E2,4.560209098241E1));
#9494=CARTESIAN_POINT('',(-3.425534275057E2,2.062885107209E2,4.555249388216E1));
#9495=CARTESIAN_POINT('',(-3.426015055246E2,2.062772666405E2,4.548032568879E1));
#9496=CARTESIAN_POINT('',(-3.426410893424E2,2.062631509868E2,4.540027661932E1));
#9497=CARTESIAN_POINT('',(-3.426732088592E2,2.062467134489E2,4.531669119017E1));
#9498=CARTESIAN_POINT('',(-3.426999023761E2,2.062277241088E2,4.523106669145E1));
#9499=CARTESIAN_POINT('',(-3.427148754125E2,2.062137392975E2,4.517629408836E1));
#9500=CARTESIAN_POINT('',(-3.427225189309E2,2.062064794068E2,4.514987434655E1));
#9501=CARTESIAN_POINT('',(-3.423466884855E2,2.062992458435E2,4.565921636440E1));
#9502=CARTESIAN_POINT('',(-3.423614644424E2,2.062992780260E2,4.565782050249E1));
#9503=CARTESIAN_POINT('',(-3.423880915433E2,2.062992314319E2,4.565337943857E1));
#9504=CARTESIAN_POINT('',(-3.424243693605E2,2.062985500790E2,4.564117798895E1));
#9505=CARTESIAN_POINT('',(-3.424562241999E2,2.062972405693E2,4.562449569603E1));
#9506=CARTESIAN_POINT('',(-3.424952135888E2,2.062945542831E2,4.559564687809E1));
#9507=CARTESIAN_POINT('',(-3.425373325118E2,2.062894621708E2,4.554808368453E1));
#9508=CARTESIAN_POINT('',(-3.425778361888E2,2.062810987056E2,4.547707549226E1));
#9509=CARTESIAN_POINT('',(-3.426095378068E2,2.062711313712E2,4.539730161381E1));
#9510=CARTESIAN_POINT('',(-3.426340229676E2,2.062600403383E2,4.531356996087E1));
#9511=CARTESIAN_POINT('',(-3.426536244979E2,2.062478159392E2,4.522790516020E1));
#9512=CARTESIAN_POINT('',(-3.426643892291E2,2.062392677852E2,4.517355092132E1));
#9513=CARTESIAN_POINT('',(-3.426698061434E2,2.062349609766E2,4.514753201759E1));
#9514=CARTESIAN_POINT('',(-3.423468808893E2,2.062993457329E2,4.563902886635E1));
#9515=CARTESIAN_POINT('',(-3.423612420555E2,2.062993031040E2,4.563900484096E1));
#9516=CARTESIAN_POINT('',(-3.423866549664E2,2.062990431340E2,4.563662393054E1));
#9517=CARTESIAN_POINT('',(-3.424202926763E2,2.062981150116E2,4.562665763820E1));
#9518=CARTESIAN_POINT('',(-3.424490791174E2,2.062967484857E2,4.561168383169E1));
#9519=CARTESIAN_POINT('',(-3.424834067122E2,2.062943016036E2,4.558478333937E1));
#9520=CARTESIAN_POINT('',(-3.425189006305E2,2.062901587848E2,4.553927655719E1));
#9521=CARTESIAN_POINT('',(-3.425507611221E2,2.062838710667E2,4.547031532285E1));
#9522=CARTESIAN_POINT('',(-3.425735468567E2,2.062767351819E2,4.539212214304E1));
#9523=CARTESIAN_POINT('',(-3.425892240215E2,2.062691764729E2,4.530960627964E1));
#9524=CARTESIAN_POINT('',(-3.426001742431E2,2.062613625176E2,4.522509888959E1));
#9525=CARTESIAN_POINT('',(-3.426053760882E2,2.062563390635E2,4.517162357452E1));
#9526=CARTESIAN_POINT('',(-3.426078381513E2,2.062539155023E2,4.514600591838E1));
#9527=CARTESIAN_POINT('',(-3.423469819754E2,2.062984344707E2,4.562529408898E1));
#9528=CARTESIAN_POINT('',(-3.423611392275E2,2.062984817536E2,4.562573695021E1));
#9529=CARTESIAN_POINT('',(-3.423857555959E2,2.062983246791E2,4.562383452018E1));
#9530=CARTESIAN_POINT('',(-3.424174264330E2,2.062974902002E2,4.561418166708E1));
#9531=CARTESIAN_POINT('',(-3.424438501829E2,2.062962165991E2,4.559948055029E1));
#9532=CARTESIAN_POINT('',(-3.424745737037E2,2.062939367823E2,4.557313537033E1));
#9533=CARTESIAN_POINT('',(-3.425050376398E2,2.062901150511E2,4.552887927959E1));
#9534=CARTESIAN_POINT('',(-3.425306620930E2,2.062843621403E2,4.546213799609E1));
#9535=CARTESIAN_POINT('',(-3.425472719662E2,2.062778379727E2,4.538636535497E1));
#9536=CARTESIAN_POINT('',(-3.425568778799E2,2.062709414390E2,4.530611589109E1));
#9537=CARTESIAN_POINT('',(-3.425616462338E2,2.062638801047E2,4.522363565321E1));
#9538=CARTESIAN_POINT('',(-3.425627011935E2,2.062594160893E2,4.517117109723E1));
#9539=CARTESIAN_POINT('',(-3.425630431621E2,2.062572611508E2,4.514577559319E1));
#9540=CARTESIAN_POINT('',(-3.423470279657E2,2.062976713660E2,4.561780078476E1));
#9541=CARTESIAN_POINT('',(-3.423610992888E2,2.062977099988E2,4.561827743217E1));
#9542=CARTESIAN_POINT('',(-3.423852758262E2,2.062975262947E2,4.561621340473E1));
#9543=CARTESIAN_POINT('',(-3.424157657176E2,2.062966463528E2,4.560619357904E1));
#9544=CARTESIAN_POINT('',(-3.424407436876E2,2.062953343443E2,4.559125017010E1));
#9545=CARTESIAN_POINT('',(-3.424692602029E2,2.062930167025E2,4.556487230939E1));
#9546=CARTESIAN_POINT('',(-3.424966906707E2,2.062891784054E2,4.552123587385E1));
#9547=CARTESIAN_POINT('',(-3.425187285287E2,2.062834407613E2,4.545606768659E1));
#9548=CARTESIAN_POINT('',(-3.425319745063E2,2.062769339207E2,4.538220395973E1));
#9549=CARTESIAN_POINT('',(-3.425384042809E2,2.062700228688E2,4.530381738873E1));
#9550=CARTESIAN_POINT('',(-3.425400019159E2,2.062628834896E2,4.522296996148E1));
#9551=CARTESIAN_POINT('',(-3.425390026422E2,2.062583016016E2,4.517121356421E1));
#9552=CARTESIAN_POINT('',(-3.425383851979E2,2.062560587309E2,4.514590396599E1));
#9553=B_SPLINE_SURFACE_WITH_KNOTS('',3,3,((#9423,#9424,#9425,#9426,#9427,#9428,
#9429,#9430,#9431,#9432,#9433,#9434,#9435),(#9436,#9437,#9438,#9439,#9440,#9441,
#9442,#9443,#9444,#9445,#9446,#9447,#9448),(#9449,#9450,#9451,#9452,#9453,#9454,
#9455,#9456,#9457,#9458,#9459,#9460,#9461),(#9462,#9463,#9464,#9465,#9466,#9467,
#9468,#9469,#9470,#9471,#9472,#9473,#9474),(#9475,#9476,#9477,#9478,#9479,#9480,
#9481,#9482,#9483,#9484,#9485,#9486,#9487),(#9488,#9489,#9490,#9491,#9492,#9493,
#9494,#9495,#9496,#9497,#9498,#9499,#9500),(#9501,#9502,#9503,#9504,#9505,#9506,
#9507,#9508,#9509,#9510,#9511,#9512,#9513),(#9514,#9515,#9516,#9517,#9518,#9519,
#9520,#9521,#9522,#9523,#9524,#9525,#9526),(#9527,#9528,#9529,#9530,#9531,#9532,
#9533,#9534,#9535,#9536,#9537,#9538,#9539),(#9540,#9541,#9542,#9543,#9544,#9545,
#9546,#9547,#9548,#9549,#9550,#9551,#9552)),.UNSPECIFIED.,.F.,.F.,.F.,(4,1,1,1,
1,1,1,4),(4,1,1,1,1,1,1,1,1,1,4),(-3.191754536285E-2,1.25E-1,2.5E-1,5.E-1,
6.25E-1,7.5E-1,8.75E-1,1.030725299684E0),(-1.042824814027E-2,6.25E-2,1.25E-1,
1.875E-1,2.5E-1,3.75E-1,5.E-1,6.25E-1,7.5E-1,8.75E-1,1.010477743475E0),
.UNSPECIFIED.);
#9554=ORIENTED_EDGE('',*,*,#9414,.F.);
#9556=ORIENTED_EDGE('',*,*,#9555,.F.);
#9558=ORIENTED_EDGE('',*,*,#9557,.F.);
#9560=ORIENTED_EDGE('',*,*,#9559,.F.);
#9561=EDGE_LOOP('',(#9554,#9556,#9558,#9560));
#9562=FACE_OUTER_BOUND('',#9561,.F.);
#9564=CARTESIAN_POINT('',(-3.42353E2,2.016629070264E2,4.383570245253E1));
#9565=DIRECTION('',(-1.E0,0.E0,0.E0));
#9566=DIRECTION('',(0.E0,-1.E0,0.E0));
#9567=AXIS2_PLACEMENT_3D('',#9564,#9565,#9566);
#9568=TOROIDAL_SURFACE('',#9567,4.5E0,5.E-1);
#9569=ORIENTED_EDGE('',*,*,#8282,.T.);
#9570=ORIENTED_EDGE('',*,*,#9555,.T.);
#9571=ORIENTED_EDGE('',*,*,#9403,.F.);
#9573=ORIENTED_EDGE('',*,*,#9572,.F.);
#9574=EDGE_LOOP('',(#9569,#9570,#9571,#9573));
#9575=FACE_OUTER_BOUND('',#9574,.F.);
#9577=CARTESIAN_POINT('',(-3.42353E2,-2.06E1,-1.720632435433E2));
#9578=DIRECTION('',(0.E0,7.071067811865E-1,7.071067811865E-1));
#9579=DIRECTION('',(0.E0,-7.071067811865E-1,7.071067811865E-1));
#9580=AXIS2_PLACEMENT_3D('',#9577,#9578,#9579);
#9581=CYLINDRICAL_SURFACE('',#9580,5.E-1);
#9582=ORIENTED_EDGE('',*,*,#8284,.T.);
#9583=ORIENTED_EDGE('',*,*,#9572,.T.);
#9584=ORIENTED_EDGE('',*,*,#9215,.F.);
#9586=ORIENTED_EDGE('',*,*,#9585,.F.);
#9587=EDGE_LOOP('',(#9582,#9583,#9584,#9586));
#9588=FACE_OUTER_BOUND('',#9587,.F.);
#9590=FILL_AREA_STYLE_COLOUR('',#105);
#9591=FILL_AREA_STYLE('',(#9590));
#9592=SURFACE_STYLE_FILL_AREA(#9591);
#9593=SURFACE_SIDE_STYLE('',(#9592));
#9594=SURFACE_STYLE_USAGE(.BOTH.,#9593);
#9595=PRESENTATION_STYLE_ASSIGNMENT((#9594));
#9596=OVER_RIDING_STYLED_ITEM('',(#9595),#9589,#130);
#9597=CARTESIAN_POINT('',(-3.42853E2,1.850923463524E2,3.362910280908E1));
#9598=CARTESIAN_POINT('',(-3.42853E2,1.850923463524E2,3.362910280908E1));
#9599=CARTESIAN_POINT('',(-3.42853E2,1.850923463524E2,3.362910280908E1));
#9600=CARTESIAN_POINT('',(-3.42853E2,1.850923463524E2,3.362910280908E1));
#9601=CARTESIAN_POINT('',(-3.42853E2,1.850923463524E2,3.362910280908E1));
#9602=CARTESIAN_POINT('',(-3.42853E2,1.850923463524E2,3.362910280908E1));
#9603=CARTESIAN_POINT('',(-3.42853E2,1.850923463524E2,3.362910280908E1));
#9604=CARTESIAN_POINT('',(-3.428530002155E2,1.850800634737E2,3.364363281584E1));
#9605=CARTESIAN_POINT('',(-3.428529993705E2,1.850810048865E2,3.364399558301E1));
#9606=CARTESIAN_POINT('',(-3.428529981766E2,1.850828008312E2,3.364470108415E1));
#9607=CARTESIAN_POINT('',(-3.428529976068E2,1.850854401002E2,3.364577597668E1));
#9608=CARTESIAN_POINT('',(-3.428529981766E2,1.850880662900E2,3.364688210777E1));
#9609=CARTESIAN_POINT('',(-3.428529993704E2,1.850898349616E2,3.364765311474E1));
#9610=CARTESIAN_POINT('',(-3.428530002152E2,1.850907570386E2,3.364806222500E1));
#9611=CARTESIAN_POINT('',(-3.428517541645E2,1.850554567404E2,3.367260372007E1));
#9612=CARTESIAN_POINT('',(-3.428516683113E2,1.850582677592E2,3.367375722985E1));
#9613=CARTESIAN_POINT('',(-3.428515470528E2,1.850636425461E2,3.367596813519E1));
#9614=CARTESIAN_POINT('',(-3.428514891989E2,1.850715759900E2,3.367924689957E1));
#9615=CARTESIAN_POINT('',(-3.428515470501E2,1.850795038593E2,3.368253810593E1));
#9616=CARTESIAN_POINT('',(-3.428516682951E2,1.850848673949E2,3.368477515766E1));
#9617=CARTESIAN_POINT('',(-3.428517541315E2,1.850876703812E2,3.368594704282E1));
#9618=CARTESIAN_POINT('',(-3.428442117005E2,1.850063703286E2,3.373011790328E1));
#9619=CARTESIAN_POINT('',(-3.428436905515E2,1.850129113842E2,3.373285739778E1));
#9620=CARTESIAN_POINT('',(-3.428429532070E2,1.850254481029E2,3.373809310046E1));
#9621=CARTESIAN_POINT('',(-3.428426009707E2,1.850440081824E2,3.374580147449E1));
#9622=CARTESIAN_POINT('',(-3.428429531911E2,1.850625819425E2,3.375347444136E1));
#9623=CARTESIAN_POINT('',(-3.428436904528E2,1.850751481016E2,3.375863669592E1));
#9624=CARTESIAN_POINT('',(-3.428442115003E2,1.850817096030E2,3.376132446411E1));
#9625=CARTESIAN_POINT('',(-3.428252165015E2,1.849457638196E2,3.380142699866E1));
#9626=CARTESIAN_POINT('',(-3.428237773424E2,1.849571523722E2,3.380533916259E1));
#9627=CARTESIAN_POINT('',(-3.428217350595E2,1.849789189921E2,3.381321373115E1));
#9628=CARTESIAN_POINT('',(-3.428207573527E2,1.850108353268E2,3.382588783243E1));
#9629=CARTESIAN_POINT('',(-3.428217350152E2,1.850423640980E2,3.383949352976E1));
#9630=CARTESIAN_POINT('',(-3.428237770690E2,1.850633222063E2,3.384931599500E1));
#9631=CARTESIAN_POINT('',(-3.428252159487E2,1.850741400965E2,3.385460188437E1));
#9632=CARTESIAN_POINT('',(-3.427870388778E2,1.848763070300E2,3.388326401543E1));
#9633=CARTESIAN_POINT('',(-3.427839627688E2,1.848932013098E2,3.388818929135E1));
#9634=CARTESIAN_POINT('',(-3.427795630284E2,1.849256304421E2,3.389865880346E1));
#9635=CARTESIAN_POINT('',(-3.427774446244E2,1.849731331813E2,3.391690886352E1));
#9636=CARTESIAN_POINT('',(-3.427795629325E2,1.850196253250E2,3.393759269412E1));
#9637=CARTESIAN_POINT('',(-3.427839621799E2,1.850499572934E2,3.395311934913E1));
#9638=CARTESIAN_POINT('',(-3.427870376963E2,1.850653841833E2,3.396158154060E1));
#9639=CARTESIAN_POINT('',(-3.427414747633E2,1.848225136798E2,3.394678626710E1));
#9640=CARTESIAN_POINT('',(-3.427370316200E2,1.848437486347E2,3.395182688115E1));
#9641=CARTESIAN_POINT('',(-3.427306213178E2,1.848847122723E2,3.396338110218E1));
#9642=CARTESIAN_POINT('',(-3.427275149211E2,1.849446807560E2,3.398559909443E1));
#9643=CARTESIAN_POINT('',(-3.427306211771E2,1.850027927376E2,3.401229151357E1));
#9644=CARTESIAN_POINT('',(-3.427370307619E2,1.850399261335E2,3.403308553718E1));
#9645=CARTESIAN_POINT('',(-3.427414730567E2,1.850585036008E2,3.404453505059E1));
#9646=CARTESIAN_POINT('',(-3.426963314503E2,1.847828201997E2,3.399378789380E1));
#9647=CARTESIAN_POINT('',(-3.426910695229E2,1.848074029159E2,3.399822910785E1));
#9648=CARTESIAN_POINT('',(-3.426834225311E2,1.848549905407E2,3.400959978413E1));
#9649=CARTESIAN_POINT('',(-3.426796963636E2,1.849244969485E2,3.403432711626E1));
#9650=CARTESIAN_POINT('',(-3.426834223623E2,1.849911272461E2,3.406598926978E1));
#9651=CARTESIAN_POINT('',(-3.426910684993E2,1.850328144990E2,3.409159652623E1));
#9652=CARTESIAN_POINT('',(-3.426963294292E2,1.850533352143E2,3.410583667646E1));
#9653=CARTESIAN_POINT('',(-3.426582604214E2,1.847554383784E2,3.402627160257E1));
#9654=CARTESIAN_POINT('',(-3.426527204123E2,1.847823937225E2,3.402998273379E1));
#9655=CARTESIAN_POINT('',(-3.426446255821E2,1.848347024173E2,3.404076225201E1));
#9656=CARTESIAN_POINT('',(-3.426406648219E2,1.849109545595E2,3.406702133563E1));
#9657=CARTESIAN_POINT('',(-3.426446254027E2,1.849834376582E2,3.410237016473E1));
#9658=CARTESIAN_POINT('',(-3.426527193287E2,1.850280450741E2,3.413173339786E1));
#9659=CARTESIAN_POINT('',(-3.426582582935E2,1.850497271889E2,3.414816715602E1));
#9660=CARTESIAN_POINT('',(-3.426159904711E2,1.847308430954E2,3.405549704677E1));
#9661=CARTESIAN_POINT('',(-3.426104730314E2,1.847599688914E2,3.405831686746E1));
#9662=CARTESIAN_POINT('',(-3.426023688179E2,1.848166287340E2,3.406821230152E1));
#9663=CARTESIAN_POINT('',(-3.425983873584E2,1.848990768507E2,3.409569666120E1));
#9664=CARTESIAN_POINT('',(-3.426023686375E2,1.849768073283E2,3.413456014565E1));
#9665=CARTESIAN_POINT('',(-3.426104719466E2,1.850238662380E2,3.416762491052E1));
#9666=CARTESIAN_POINT('',(-3.426159883519E2,1.850464528231E2,3.418622332564E1));
#9667=CARTESIAN_POINT('',(-3.425694126555E2,1.847094166367E2,3.408099195930E1));
#9668=CARTESIAN_POINT('',(-3.425641593139E2,1.847404603189E2,3.408286458846E1));
#9669=CARTESIAN_POINT('',(-3.425564050215E2,1.848009915283E2,3.409172775469E1));
#9670=CARTESIAN_POINT('',(-3.425525808161E2,1.848889412812E2,3.412016609064E1));
#9671=CARTESIAN_POINT('',(-3.425564048482E2,1.849712363593E2,3.416224511055E1));
#9672=CARTESIAN_POINT('',(-3.425641582760E2,1.850203027532E2,3.419877695029E1));
#9673=CARTESIAN_POINT('',(-3.425694106377E2,1.850435757282E2,3.421940096723E1));
#9674=CARTESIAN_POINT('',(-3.425191095373E2,1.846919488156E2,3.410181599216E1));
#9675=CARTESIAN_POINT('',(-3.425148001969E2,1.847246028100E2,3.410270430254E1));
#9676=CARTESIAN_POINT('',(-3.425084114796E2,1.847883970762E2,3.411040304507E1));
#9677=CARTESIAN_POINT('',(-3.425052498650E2,1.848809436868E2,3.413947399144E1));
#9678=CARTESIAN_POINT('',(-3.425084113364E2,1.849669363898E2,3.418435603051E1));
#9679=CARTESIAN_POINT('',(-3.425147993418E2,1.850174867103E2,3.422401827967E1));
#9680=CARTESIAN_POINT('',(-3.425191078821E2,1.850412023580E2,3.424647669213E1));
#9681=CARTESIAN_POINT('',(-3.424746740914E2,1.846811050770E2,3.411476349183E1));
#9682=CARTESIAN_POINT('',(-3.424714364249E2,1.847147741605E2,3.411494156540E1));
#9683=CARTESIAN_POINT('',(-3.424666236438E2,1.847806412950E2,3.412176364879E1));
#9684=CARTESIAN_POINT('',(-3.424642368462E2,1.848761031277E2,3.415116013492E1));
#9685=CARTESIAN_POINT('',(-3.424666235356E2,1.849643872915E2,3.419787327295E1));
#9686=CARTESIAN_POINT('',(-3.424714357806E2,1.850157834502E2,3.423962095674E1));
#9687=CARTESIAN_POINT('',(-3.424746728478E2,1.850397146915E2,3.426329916945E1));
#9688=CARTESIAN_POINT('',(-3.424379291701E2,1.846748900204E2,3.412218807481E1));
#9689=CARTESIAN_POINT('',(-3.424355727877E2,1.847091374225E2,3.412194883233E1));
#9690=CARTESIAN_POINT('',(-3.424320644679E2,1.847761950526E2,3.412825096141E1));
#9691=CARTESIAN_POINT('',(-3.424303223857E2,1.848733411404E2,3.415782816193E1));
#9692=CARTESIAN_POINT('',(-3.424320643889E2,1.849629439772E2,3.420560441565E1));
#9693=CARTESIAN_POINT('',(-3.424355723181E2,1.850148142764E2,3.424856145649E1));
#9694=CARTESIAN_POINT('',(-3.424379282650E2,1.850388593835E2,3.427294358066E1));
#9695=CARTESIAN_POINT('',(-3.424097984786E2,1.846715088422E2,3.412622845607E1));
#9696=CARTESIAN_POINT('',(-3.424080517938E2,1.847060580315E2,3.412577098231E1));
#9697=CARTESIAN_POINT('',(-3.424054486171E2,1.847737530997E2,3.413180259274E1));
#9698=CARTESIAN_POINT('',(-3.424041549531E2,1.848718249840E2,3.416148848743E1));
#9699=CARTESIAN_POINT('',(-3.424054485585E2,1.849621592829E2,3.420984249356E1));
#9700=CARTESIAN_POINT('',(-3.424080514453E2,1.850142890318E2,3.425344149700E1));
#9701=CARTESIAN_POINT('',(-3.424097978077E2,1.850383932338E2,3.427819127445E1));
#9702=CARTESIAN_POINT('',(-3.423784752890E2,1.846693135801E2,3.412883966504E1));
#9703=CARTESIAN_POINT('',(-3.423775377576E2,1.847040763229E2,3.412827450674E1));
#9704=CARTESIAN_POINT('',(-3.423761401511E2,1.847721823508E2,3.413418051422E1));
#9705=CARTESIAN_POINT('',(-3.423754454614E2,1.848708067016E2,3.416394683845E1));
#9706=CARTESIAN_POINT('',(-3.423761401196E2,1.849615885054E2,3.421263461004E1));
#9707=CARTESIAN_POINT('',(-3.423775375705E2,1.850139200252E2,3.425661298487E1));
#9708=CARTESIAN_POINT('',(-3.423784749289E2,1.850380990862E2,3.428158987549E1));
#9709=CARTESIAN_POINT('',(-3.423563984284E2,1.846688816876E2,3.412935361622E1));
#9710=CARTESIAN_POINT('',(-3.423563086900E2,1.847036884710E2,3.412868513102E1));
#9711=CARTESIAN_POINT('',(-3.423561747195E2,1.847719090382E2,3.413444436697E1));
#9712=CARTESIAN_POINT('',(-3.423561080511E2,1.848707093480E2,3.416418187089E1));
#9713=CARTESIAN_POINT('',(-3.423561747165E2,1.849615951898E2,3.421301443675E1));
#9714=CARTESIAN_POINT('',(-3.423563086721E2,1.850139039258E2,3.425717756808E1));
#9715=CARTESIAN_POINT('',(-3.423563983939E2,1.850380410781E2,3.428225864794E1));
#9716=CARTESIAN_POINT('',(-3.423438562526E2,1.846691282376E2,3.412909220951E1));
#9717=CARTESIAN_POINT('',(-3.423441512566E2,1.847039076193E2,3.412846595841E1));
#9718=CARTESIAN_POINT('',(-3.423445912375E2,1.847720652229E2,3.413428368306E1));
#9719=CARTESIAN_POINT('',(-3.423448100164E2,1.848707735095E2,3.416402697144E1));
#9720=CARTESIAN_POINT('',(-3.423445912474E2,1.849615983741E2,3.421279037995E1));
#9721=CARTESIAN_POINT('',(-3.423441513154E2,1.850139039434E2,3.425686763985E1));
#9722=CARTESIAN_POINT('',(-3.423438563659E2,1.850380515793E2,3.428189948721E1));
#9723=B_SPLINE_SURFACE_WITH_KNOTS('',3,3,((#9597,#9598,#9599,#9600,#9601,#9602,
#9603),(#9604,#9605,#9606,#9607,#9608,#9609,#9610),(#9611,#9612,#9613,#9614,
#9615,#9616,#9617),(#9618,#9619,#9620,#9621,#9622,#9623,#9624),(#9625,#9626,
#9627,#9628,#9629,#9630,#9631),(#9632,#9633,#9634,#9635,#9636,#9637,#9638),(
#9639,#9640,#9641,#9642,#9643,#9644,#9645),(#9646,#9647,#9648,#9649,#9650,#9651,
#9652),(#9653,#9654,#9655,#9656,#9657,#9658,#9659),(#9660,#9661,#9662,#9663,
#9664,#9665,#9666),(#9667,#9668,#9669,#9670,#9671,#9672,#9673),(#9674,#9675,
#9676,#9677,#9678,#9679,#9680),(#9681,#9682,#9683,#9684,#9685,#9686,#9687),(
#9688,#9689,#9690,#9691,#9692,#9693,#9694),(#9695,#9696,#9697,#9698,#9699,#9700,
#9701),(#9702,#9703,#9704,#9705,#9706,#9707,#9708),(#9709,#9710,#9711,#9712,
#9713,#9714,#9715),(#9716,#9717,#9718,#9719,#9720,#9721,#9722)),.UNSPECIFIED.,
.F.,.F.,.F.,(4,1,1,1,1,1,1,1,1,1,1,1,1,1,1,4),(4,1,1,1,4),(0.E0,
5.677688756099E-2,1.135537751220E-1,2.271075502439E-1,3.406613253659E-1,
4.542151004879E-1,5.109919880489E-1,5.677688756099E-1,6.245457631708E-1,
6.813226507318E-1,7.380995382928E-1,7.948764258538E-1,8.232648696343E-1,
8.516533134148E-1,8.800417571953E-1,9.175399848713E-1),(-2.382316091047E-2,
2.5E-1,5.E-1,7.5E-1,1.023788101507E0),.UNSPECIFIED.);
#9725=ORIENTED_EDGE('',*,*,#9724,.F.);
#9726=ORIENTED_EDGE('',*,*,#9585,.T.);
#9728=ORIENTED_EDGE('',*,*,#9727,.T.);
#9729=EDGE_LOOP('',(#9725,#9726,#9728));
#9730=FACE_OUTER_BOUND('',#9729,.F.);
#9732=FILL_AREA_STYLE_COLOUR('',#105);
#9733=FILL_AREA_STYLE('',(#9732));
#9734=SURFACE_STYLE_FILL_AREA(#9733);
#9735=SURFACE_SIDE_STYLE('',(#9734));
#9736=SURFACE_STYLE_USAGE(.BOTH.,#9735);
#9737=PRESENTATION_STYLE_ASSIGNMENT((#9736));
#9738=OVER_RIDING_STYLED_ITEM('',(#9737),#9731,#130);
#9739=CARTESIAN_POINT('',(-3.42353E2,-2.06E1,3.362910280909E1));
#9740=DIRECTION('',(0.E0,1.E0,-5.194455976463E-14));
#9741=DIRECTION('',(0.E0,5.194455976463E-14,1.E0));
#9742=AXIS2_PLACEMENT_3D('',#9739,#9740,#9741);
#9743=CYLINDRICAL_SURFACE('',#9742,5.E-1);
#9744=ORIENTED_EDGE('',*,*,#9724,.T.);
#9746=ORIENTED_EDGE('',*,*,#9745,.F.);
#9748=ORIENTED_EDGE('',*,*,#9747,.T.);
#9749=ORIENTED_EDGE('',*,*,#8286,.T.);
#9750=EDGE_LOOP('',(#9744,#9746,#9748,#9749));
#9751=FACE_OUTER_BOUND('',#9750,.F.);
#9753=FILL_AREA_STYLE_COLOUR('',#105);
#9754=FILL_AREA_STYLE('',(#9753));
#9755=SURFACE_STYLE_FILL_AREA(#9754);
#9756=SURFACE_SIDE_STYLE('',(#9755));
#9757=SURFACE_STYLE_USAGE(.BOTH.,#9756);
#9758=PRESENTATION_STYLE_ASSIGNMENT((#9757));
#9759=OVER_RIDING_STYLED_ITEM('',(#9758),#9752,#130);
#9760=CARTESIAN_POINT('',(1.240000061343E1,1.776051325121E2,3.412910280903E1));
#9761=DIRECTION('',(-1.359797690222E-13,-5.194455976463E-14,-1.E0));
#9762=DIRECTION('',(-2.981966404121E-13,-1.E0,5.194455976467E-14));
#9763=AXIS2_PLACEMENT_3D('',#9760,#9761,#9762);
#9764=PLANE('',#9763);
#9766=ORIENTED_EDGE('',*,*,#9765,.T.);
#9768=ORIENTED_EDGE('',*,*,#9767,.F.);
#9770=ORIENTED_EDGE('',*,*,#9769,.F.);
#9771=ORIENTED_EDGE('',*,*,#9745,.T.);
#9773=ORIENTED_EDGE('',*,*,#9772,.F.);
#9775=ORIENTED_EDGE('',*,*,#9774,.F.);
#9776=EDGE_LOOP('',(#9766,#9768,#9770,#9771,#9773,#9775));
#9777=FACE_OUTER_BOUND('',#9776,.F.);
#9779=FILL_AREA_STYLE_COLOUR('',#105);
#9780=FILL_AREA_STYLE('',(#9779));
#9781=SURFACE_STYLE_FILL_AREA(#9780);
#9782=SURFACE_SIDE_STYLE('',(#9781));
#9783=SURFACE_STYLE_USAGE(.BOTH.,#9782);
#9784=PRESENTATION_STYLE_ASSIGNMENT((#9783));
#9785=OVER_RIDING_STYLED_ITEM('',(#9784),#9778,#130);
#9786=CARTESIAN_POINT('',(-3.41753E2,1.744373112364E2,3.412910280903E1));
#9787=DIRECTION('',(0.E0,1.E0,0.E0));
#9788=DIRECTION('',(0.E0,0.E0,-1.E0));
#9789=AXIS2_PLACEMENT_3D('',#9786,#9787,#9788);
#9790=PLANE('',#9789);
#9792=ORIENTED_EDGE('',*,*,#9791,.T.);
#9793=ORIENTED_EDGE('',*,*,#9765,.F.);
#9795=ORIENTED_EDGE('',*,*,#9794,.T.);
#9797=ORIENTED_EDGE('',*,*,#9796,.T.);
#9798=EDGE_LOOP('',(#9792,#9793,#9795,#9797));
#9799=FACE_OUTER_BOUND('',#9798,.F.);
#9801=CARTESIAN_POINT('',(-3.35253E2,1.605600315896E2,3.115384605822E1));
#9802=DIRECTION('',(1.E0,0.E0,0.E0));
#9803=DIRECTION('',(0.E0,1.E0,0.E0));
#9804=AXIS2_PLACEMENT_3D('',#9801,#9802,#9803);
#9805=PLANE('',#9804);
#9806=ORIENTED_EDGE('',*,*,#9791,.F.);
#9808=ORIENTED_EDGE('',*,*,#9807,.T.);
#9810=ORIENTED_EDGE('',*,*,#9809,.F.);
#9812=ORIENTED_EDGE('',*,*,#9811,.F.);
#9814=ORIENTED_EDGE('',*,*,#9813,.F.);
#9815=ORIENTED_EDGE('',*,*,#9767,.T.);
#9816=EDGE_LOOP('',(#9806,#9808,#9810,#9812,#9814,#9815));
#9817=FACE_OUTER_BOUND('',#9816,.F.);
#9819=CARTESIAN_POINT('',(-3.41753E2,1.749972612364E2,3.262910280903E1));
#9820=DIRECTION('',(0.E0,-5.263825276994E-14,-1.E0));
#9821=DIRECTION('',(0.E0,-1.E0,5.263825276994E-14));
#9822=AXIS2_PLACEMENT_3D('',#9819,#9820,#9821);
#9823=PLANE('',#9822);
#9825=ORIENTED_EDGE('',*,*,#9824,.T.);
#9827=ORIENTED_EDGE('',*,*,#9826,.T.);
#9828=ORIENTED_EDGE('',*,*,#9807,.F.);
#9829=ORIENTED_EDGE('',*,*,#9796,.F.);
#9831=ORIENTED_EDGE('',*,*,#9830,.T.);
#9832=ORIENTED_EDGE('',*,*,#9282,.F.);
#9833=ORIENTED_EDGE('',*,*,#8178,.T.);
#9835=ORIENTED_EDGE('',*,*,#9834,.T.);
#9836=EDGE_LOOP('',(#9825,#9827,#9828,#9829,#9831,#9832,#9833,#9835));
#9837=FACE_OUTER_BOUND('',#9836,.F.);
#9839=CARTESIAN_POINT('',(-3.41153E2,1.901066020919E2,1.999672945019E1));
#9840=DIRECTION('',(1.E0,0.E0,0.E0));
#9841=DIRECTION('',(0.E0,0.E0,-1.E0));
#9842=AXIS2_PLACEMENT_3D('',#9839,#9840,#9841);
#9843=PLANE('',#9842);
#9845=ORIENTED_EDGE('',*,*,#9844,.T.);
#9847=ORIENTED_EDGE('',*,*,#9846,.F.);
#9849=ORIENTED_EDGE('',*,*,#9848,.T.);
#9850=ORIENTED_EDGE('',*,*,#9824,.F.);
#9852=ORIENTED_EDGE('',*,*,#9851,.T.);
#9854=ORIENTED_EDGE('',*,*,#9853,.T.);
#9856=ORIENTED_EDGE('',*,*,#9855,.F.);
#9857=EDGE_LOOP('',(#9845,#9847,#9849,#9850,#9852,#9854,#9856));
#9858=FACE_OUTER_BOUND('',#9857,.F.);
#9860=CARTESIAN_POINT('',(-3.41653E2,1.579073110953E2,-4.634775240272E1));
#9861=DIRECTION('',(0.E0,0.E0,1.E0));
#9862=DIRECTION('',(1.E0,0.E0,0.E0));
#9863=AXIS2_PLACEMENT_3D('',#9860,#9861,#9862);
#9864=CYLINDRICAL_SURFACE('',#9863,5.E-1);
#9865=ORIENTED_EDGE('',*,*,#9844,.F.);
#9867=ORIENTED_EDGE('',*,*,#9866,.T.);
#9869=ORIENTED_EDGE('',*,*,#9868,.T.);
#9871=ORIENTED_EDGE('',*,*,#9870,.F.);
#9872=EDGE_LOOP('',(#9865,#9867,#9869,#9871));
#9873=FACE_OUTER_BOUND('',#9872,.F.);
#9875=CARTESIAN_POINT('',(-4.19842E2,1.579073110953E2,1.662910280903E1));
#9876=DIRECTION('',(1.E0,0.E0,0.E0));
#9877=DIRECTION('',(0.E0,1.E0,0.E0));
#9878=AXIS2_PLACEMENT_3D('',#9875,#9876,#9877);
#9879=CYLINDRICAL_SURFACE('',#9878,5.E-1);
#9881=ORIENTED_EDGE('',*,*,#9880,.F.);
#9883=ORIENTED_EDGE('',*,*,#9882,.F.);
#9884=ORIENTED_EDGE('',*,*,#9866,.F.);
#9886=ORIENTED_EDGE('',*,*,#9885,.T.);
#9887=EDGE_LOOP('',(#9881,#9883,#9884,#9886));
#9888=FACE_OUTER_BOUND('',#9887,.F.);
#9890=CARTESIAN_POINT('',(-3.35253E2,1.605600315896E2,3.115384605822E1));
#9891=DIRECTION('',(1.E0,0.E0,0.E0));
#9892=DIRECTION('',(0.E0,1.E0,0.E0));
#9893=AXIS2_PLACEMENT_3D('',#9890,#9891,#9892);
#9894=PLANE('',#9893);
#9895=ORIENTED_EDGE('',*,*,#9880,.T.);
#9897=ORIENTED_EDGE('',*,*,#9896,.F.);
#9899=ORIENTED_EDGE('',*,*,#9898,.T.);
#9901=ORIENTED_EDGE('',*,*,#9900,.F.);
#9903=ORIENTED_EDGE('',*,*,#9902,.T.);
#9904=EDGE_LOOP('',(#9895,#9897,#9899,#9901,#9903));
#9905=FACE_OUTER_BOUND('',#9904,.F.);
#9907=CARTESIAN_POINT('',(-3.42053E2,1.569073110953E2,1.712910280903E1));
#9908=DIRECTION('',(0.E0,5.248551037451E-14,1.E0));
#9909=DIRECTION('',(0.E0,1.E0,-5.248551037451E-14));
#9910=AXIS2_PLACEMENT_3D('',#9907,#9908,#9909);
#9911=PLANE('',#9910);
#9912=ORIENTED_EDGE('',*,*,#9896,.T.);
#9913=ORIENTED_EDGE('',*,*,#9885,.F.);
#9914=ORIENTED_EDGE('',*,*,#9855,.T.);
#9916=ORIENTED_EDGE('',*,*,#9915,.T.);
#9917=EDGE_LOOP('',(#9912,#9913,#9914,#9916));
#9918=FACE_OUTER_BOUND('',#9917,.F.);
#9920=CARTESIAN_POINT('',(-3.42053E2,1.589073110953E2,1.812910280903E1));
#9921=DIRECTION('',(0.E0,1.E0,0.E0));
#9922=DIRECTION('',(0.E0,0.E0,-1.E0));
#9923=AXIS2_PLACEMENT_3D('',#9920,#9921,#9922);
#9924=PLANE('',#9923);
#9925=ORIENTED_EDGE('',*,*,#8174,.T.);
#9927=ORIENTED_EDGE('',*,*,#9926,.T.);
#9928=ORIENTED_EDGE('',*,*,#8114,.F.);
#9930=ORIENTED_EDGE('',*,*,#9929,.F.);
#9931=ORIENTED_EDGE('',*,*,#9898,.F.);
#9932=ORIENTED_EDGE('',*,*,#9915,.F.);
#9933=ORIENTED_EDGE('',*,*,#9853,.F.);
#9935=ORIENTED_EDGE('',*,*,#9934,.F.);
#9936=EDGE_LOOP('',(#9925,#9927,#9928,#9930,#9931,#9932,#9933,#9935));
#9937=FACE_OUTER_BOUND('',#9936,.F.);
#9939=CARTESIAN_POINT('',(-3.42053E2,1.589073110953E2,1.121496260167E1));
#9940=DIRECTION('',(0.E0,0.E0,-1.E0));
#9941=DIRECTION('',(0.E0,-1.E0,0.E0));
#9942=AXIS2_PLACEMENT_3D('',#9939,#9940,#9941);
#9943=PLANE('',#9942);
#9945=ORIENTED_EDGE('',*,*,#9944,.T.);
#9946=ORIENTED_EDGE('',*,*,#8116,.T.);
#9947=ORIENTED_EDGE('',*,*,#9926,.F.);
#9948=ORIENTED_EDGE('',*,*,#8172,.T.);
#9949=EDGE_LOOP('',(#9945,#9946,#9947,#9948));
#9950=FACE_OUTER_BOUND('',#9949,.F.);
#9952=CARTESIAN_POINT('',(-3.321961E2,1.706823725959E2,1.171496260167E1));
#9953=DIRECTION('',(-1.E0,0.E0,0.E0));
#9954=DIRECTION('',(0.E0,-1.E0,0.E0));
#9955=AXIS2_PLACEMENT_3D('',#9952,#9953,#9954);
#9956=CYLINDRICAL_SURFACE('',#9955,5.E-1);
#9958=ORIENTED_EDGE('',*,*,#9957,.T.);
#9959=ORIENTED_EDGE('',*,*,#8118,.T.);
#9960=ORIENTED_EDGE('',*,*,#9944,.F.);
#9961=ORIENTED_EDGE('',*,*,#8170,.F.);
#9962=EDGE_LOOP('',(#9958,#9959,#9960,#9961));
#9963=FACE_OUTER_BOUND('',#9962,.F.);
#9965=CARTESIAN_POINT('',(-3.321961E2,1.732999996082E2,9.100000111596E0));
#9966=DIRECTION('',(-1.E0,0.E0,0.E0));
#9967=DIRECTION('',(0.E0,-1.E0,0.E0));
#9968=AXIS2_PLACEMENT_3D('',#9965,#9966,#9967);
#9969=CYLINDRICAL_SURFACE('',#9968,3.2E0);
#9970=ORIENTED_EDGE('',*,*,#9957,.F.);
#9971=ORIENTED_EDGE('',*,*,#8168,.T.);
#9973=ORIENTED_EDGE('',*,*,#9972,.T.);
#9974=ORIENTED_EDGE('',*,*,#8124,.T.);
#9976=ORIENTED_EDGE('',*,*,#9975,.T.);
#9978=ORIENTED_EDGE('',*,*,#9977,.F.);
#9980=ORIENTED_EDGE('',*,*,#9979,.F.);
#9981=ORIENTED_EDGE('',*,*,#8120,.T.);
#9982=EDGE_LOOP('',(#9970,#9971,#9973,#9974,#9976,#9978,#9980,#9981));
#9983=FACE_OUTER_BOUND('',#9982,.F.);
#9985=CARTESIAN_POINT('',(-3.321961E2,1.759176266205E2,1.171496260167E1));
#9986=DIRECTION('',(-1.E0,0.E0,0.E0));
#9987=DIRECTION('',(0.E0,-1.E0,0.E0));
#9988=AXIS2_PLACEMENT_3D('',#9985,#9986,#9987);
#9989=CYLINDRICAL_SURFACE('',#9988,5.E-1);
#9990=ORIENTED_EDGE('',*,*,#8149,.T.);
#9991=ORIENTED_EDGE('',*,*,#8126,.T.);
#9992=ORIENTED_EDGE('',*,*,#9972,.F.);
#9993=ORIENTED_EDGE('',*,*,#8166,.F.);
#9994=EDGE_LOOP('',(#9990,#9991,#9992,#9993));
#9995=FACE_OUTER_BOUND('',#9994,.F.);
#9997=CARTESIAN_POINT('',(-3.321961E2,1.732999996082E2,9.100000111596E0));
#9998=DIRECTION('',(-1.E0,0.E0,0.E0));
#9999=DIRECTION('',(0.E0,-1.E0,0.E0));
#10000=AXIS2_PLACEMENT_3D('',#9997,#9998,#9999);
#10001=CYLINDRICAL_SURFACE('',#10000,3.2E0);
#10002=ORIENTED_EDGE('',*,*,#9975,.F.);
#10003=ORIENTED_EDGE('',*,*,#8122,.T.);
#10004=ORIENTED_EDGE('',*,*,#9979,.T.);
#10006=ORIENTED_EDGE('',*,*,#10005,.F.);
#10007=EDGE_LOOP('',(#10002,#10003,#10004,#10006));
#10008=FACE_OUTER_BOUND('',#10007,.F.);
#10010=CARTESIAN_POINT('',(-3.44053E2,1.801875474128E2,9.364405956890E0));
#10011=DIRECTION('',(-1.E0,0.E0,0.E0));
#10012=DIRECTION('',(0.E0,-1.E0,0.E0));
#10013=AXIS2_PLACEMENT_3D('',#10010,#10011,#10012);
#10014=PLANE('',#10013);
#10015=ORIENTED_EDGE('',*,*,#10005,.T.);
#10016=ORIENTED_EDGE('',*,*,#9977,.T.);
#10017=EDGE_LOOP('',(#10015,#10016));
#10018=FACE_OUTER_BOUND('',#10017,.F.);
#10020=CARTESIAN_POINT('',(-3.432170708350E2,1.578155745117E2,
7.499572363291E0));
#10021=DIRECTION('',(0.E0,0.E0,-1.E0));
#10022=DIRECTION('',(-1.E0,0.E0,0.E0));
#10023=AXIS2_PLACEMENT_3D('',#10020,#10021,#10022);
#10024=PLANE('',#10023);
#10026=ORIENTED_EDGE('',*,*,#10025,.F.);
#10027=ORIENTED_EDGE('',*,*,#9900,.T.);
#10028=ORIENTED_EDGE('',*,*,#9929,.T.);
#10029=ORIENTED_EDGE('',*,*,#8112,.T.);
#10031=ORIENTED_EDGE('',*,*,#10030,.T.);
#10033=ORIENTED_EDGE('',*,*,#10032,.F.);
#10035=ORIENTED_EDGE('',*,*,#10034,.T.);
#10037=ORIENTED_EDGE('',*,*,#10036,.F.);
#10038=EDGE_LOOP('',(#10026,#10027,#10028,#10029,#10031,#10033,#10035,#10037));
#10039=FACE_OUTER_BOUND('',#10038,.F.);
#10041=CARTESIAN_POINT('',(-3.44253E2,1.574073110953E2,6.021572363291E0));
#10042=DIRECTION('',(0.E0,1.E0,0.E0));
#10043=DIRECTION('',(0.E0,0.E0,-1.E0));
#10044=AXIS2_PLACEMENT_3D('',#10041,#10042,#10043);
#10045=PLANE('',#10044);
#10047=ORIENTED_EDGE('',*,*,#10046,.T.);
#10049=ORIENTED_EDGE('',*,*,#10048,.T.);
#10051=ORIENTED_EDGE('',*,*,#10050,.T.);
#10052=ORIENTED_EDGE('',*,*,#9868,.F.);
#10053=ORIENTED_EDGE('',*,*,#9882,.T.);
#10054=ORIENTED_EDGE('',*,*,#9902,.F.);
#10055=ORIENTED_EDGE('',*,*,#10025,.T.);
#10057=ORIENTED_EDGE('',*,*,#10056,.F.);
#10058=EDGE_LOOP('',(#10047,#10049,#10051,#10052,#10053,#10054,#10055,#10057));
#10059=FACE_OUTER_BOUND('',#10058,.F.);
#10061=CARTESIAN_POINT('',(-4.19842E2,1.579073110953E2,1.221496260167E1));
#10062=DIRECTION('',(1.E0,0.E0,0.E0));
#10063=DIRECTION('',(0.E0,1.E0,0.E0));
#10064=AXIS2_PLACEMENT_3D('',#10061,#10062,#10063);
#10065=CYLINDRICAL_SURFACE('',#10064,5.E-1);
#10067=ORIENTED_EDGE('',*,*,#10066,.T.);
#10068=ORIENTED_EDGE('',*,*,#10046,.F.);
#10070=ORIENTED_EDGE('',*,*,#10069,.F.);
#10072=ORIENTED_EDGE('',*,*,#10071,.F.);
#10074=ORIENTED_EDGE('',*,*,#10073,.T.);
#10075=EDGE_LOOP('',(#10067,#10068,#10070,#10072,#10074));
#10076=FACE_OUTER_BOUND('',#10075,.F.);
#10078=CARTESIAN_POINT('',(-3.42353E2,1.579073110953E2,-4.634775240272E1));
#10079=DIRECTION('',(0.E0,0.E0,1.E0));
#10080=DIRECTION('',(0.E0,-1.E0,0.E0));
#10081=AXIS2_PLACEMENT_3D('',#10078,#10079,#10080);
#10082=CYLINDRICAL_SURFACE('',#10081,5.E-1);
#10083=ORIENTED_EDGE('',*,*,#8290,.T.);
#10085=ORIENTED_EDGE('',*,*,#10084,.T.);
#10086=ORIENTED_EDGE('',*,*,#10048,.F.);
#10087=ORIENTED_EDGE('',*,*,#10066,.F.);
#10088=EDGE_LOOP('',(#10083,#10085,#10086,#10087));
#10089=FACE_OUTER_BOUND('',#10088,.F.);
#10091=CARTESIAN_POINT('',(-3.42353E2,1.674073110953E2,2.412910280908E1));
#10092=DIRECTION('',(1.E0,0.E0,-1.359797690222E-13));
#10093=DIRECTION('',(-1.359797690222E-13,0.E0,-1.E0));
#10094=AXIS2_PLACEMENT_3D('',#10091,#10092,#10093);
#10095=TOROIDAL_SURFACE('',#10094,9.5E0,5.E-1);
#10097=ORIENTED_EDGE('',*,*,#10096,.T.);
#10098=ORIENTED_EDGE('',*,*,#10084,.F.);
#10099=ORIENTED_EDGE('',*,*,#8288,.F.);
#10100=ORIENTED_EDGE('',*,*,#9747,.F.);
#10101=EDGE_LOOP('',(#10097,#10098,#10099,#10100));
#10102=FACE_OUTER_BOUND('',#10101,.F.);
#10104=CARTESIAN_POINT('',(-4.19842E2,1.674073110953E2,2.412910280909E1));
#10105=DIRECTION('',(1.E0,0.E0,-1.359797690222E-13));
#10106=DIRECTION('',(-1.359797690222E-13,0.E0,-1.E0));
#10107=AXIS2_PLACEMENT_3D('',#10104,#10105,#10106);
#10108=CYLINDRICAL_SURFACE('',#10107,1.E1);
#10109=ORIENTED_EDGE('',*,*,#10096,.F.);
#10110=ORIENTED_EDGE('',*,*,#9769,.T.);
#10111=ORIENTED_EDGE('',*,*,#9813,.T.);
#10113=ORIENTED_EDGE('',*,*,#10112,.F.);
#10115=ORIENTED_EDGE('',*,*,#10114,.T.);
#10116=ORIENTED_EDGE('',*,*,#10050,.F.);
#10117=EDGE_LOOP('',(#10109,#10110,#10111,#10113,#10115,#10116));
#10118=FACE_OUTER_BOUND('',#10117,.F.);
#10120=CARTESIAN_POINT('',(-4.19842E2,1.649320775586E2,3.330097387986E1));
#10121=DIRECTION('',(1.E0,0.E0,-1.359797690222E-13));
#10122=DIRECTION('',(-1.359797690222E-13,0.E0,-1.E0));
#10123=AXIS2_PLACEMENT_3D('',#10120,#10121,#10122);
#10124=CYLINDRICAL_SURFACE('',#10123,5.E-1);
#10125=ORIENTED_EDGE('',*,*,#10112,.T.);
#10126=ORIENTED_EDGE('',*,*,#9811,.T.);
#10128=ORIENTED_EDGE('',*,*,#10127,.F.);
#10130=ORIENTED_EDGE('',*,*,#10129,.F.);
#10131=EDGE_LOOP('',(#10125,#10126,#10128,#10130));
#10132=FACE_OUTER_BOUND('',#10131,.F.);
#10134=CARTESIAN_POINT('',(-3.35253E2,1.643531948180E2,3.352954202682E1));
#10135=DIRECTION('',(0.E0,-9.659258262891E-1,-2.588190451025E-1));
#10136=DIRECTION('',(0.E0,-2.588190451025E-1,9.659258262891E-1));
#10137=AXIS2_PLACEMENT_3D('',#10134,#10135,#10136);
#10138=PLANE('',#10137);
#10139=ORIENTED_EDGE('',*,*,#9826,.F.);
#10140=ORIENTED_EDGE('',*,*,#9848,.F.);
#10142=ORIENTED_EDGE('',*,*,#10141,.F.);
#10143=ORIENTED_EDGE('',*,*,#10127,.T.);
#10144=ORIENTED_EDGE('',*,*,#9809,.T.);
#10145=EDGE_LOOP('',(#10139,#10140,#10142,#10143,#10144));
#10146=FACE_OUTER_BOUND('',#10145,.F.);
#10148=CARTESIAN_POINT('',(-3.41653E2,1.674073110953E2,2.412910280908E1));
#10149=DIRECTION('',(1.E0,0.E0,-1.359797690222E-13));
#10150=DIRECTION('',(-1.359797690222E-13,0.E0,-1.E0));
#10151=AXIS2_PLACEMENT_3D('',#10148,#10149,#10150);
#10152=TOROIDAL_SURFACE('',#10151,9.5E0,5.E-1);
#10153=ORIENTED_EDGE('',*,*,#9846,.T.);
#10154=ORIENTED_EDGE('',*,*,#9870,.T.);
#10155=ORIENTED_EDGE('',*,*,#10114,.F.);
#10156=ORIENTED_EDGE('',*,*,#10129,.T.);
#10157=ORIENTED_EDGE('',*,*,#10141,.T.);
#10158=EDGE_LOOP('',(#10153,#10154,#10155,#10156,#10157));
#10159=FACE_OUTER_BOUND('',#10158,.F.);
#10161=CARTESIAN_POINT('',(-3.44553E2,1.579073110953E2,1.221496260167E1));
#10162=DIRECTION('',(-5.E-1,-7.071067811866E-1,5.E-1));
#10163=DIRECTION('',(-8.164965809277E-1,5.773502691896E-1,0.E0));
#10164=AXIS2_PLACEMENT_3D('',#10161,#10162,#10163);
#10165=SPHERICAL_SURFACE('',#10164,5.E-1);
#10166=ORIENTED_EDGE('',*,*,#10069,.T.);
#10168=ORIENTED_EDGE('',*,*,#10167,.T.);
#10170=ORIENTED_EDGE('',*,*,#10169,.T.);
#10172=ORIENTED_EDGE('',*,*,#10171,.F.);
#10174=ORIENTED_EDGE('',*,*,#10173,.T.);
#10175=EDGE_LOOP('',(#10166,#10168,#10170,#10172,#10174));
#10176=FACE_OUTER_BOUND('',#10175,.F.);
#10178=CARTESIAN_POINT('',(-3.44553E2,1.579073110953E2,-4.634775240272E1));
#10179=DIRECTION('',(0.E0,0.E0,-1.E0));
#10180=DIRECTION('',(0.E0,1.E0,0.E0));
#10181=AXIS2_PLACEMENT_3D('',#10178,#10179,#10180);
#10182=CYLINDRICAL_SURFACE('',#10181,5.E-1);
#10184=ORIENTED_EDGE('',*,*,#10183,.F.);
#10185=ORIENTED_EDGE('',*,*,#10167,.F.);
#10186=ORIENTED_EDGE('',*,*,#10056,.T.);
#10187=ORIENTED_EDGE('',*,*,#10036,.T.);
#10188=EDGE_LOOP('',(#10184,#10185,#10186,#10187));
#10189=FACE_OUTER_BOUND('',#10188,.F.);
#10191=CARTESIAN_POINT('',(-3.45053E2,2.127131783852E2,3.863718110828E1));
#10192=DIRECTION('',(-1.E0,0.E0,0.E0));
#10193=DIRECTION('',(0.E0,-1.E0,0.E0));
#10194=AXIS2_PLACEMENT_3D('',#10191,#10192,#10193);
#10195=PLANE('',#10194);
#10197=ORIENTED_EDGE('',*,*,#10196,.T.);
#10199=ORIENTED_EDGE('',*,*,#10198,.F.);
#10200=ORIENTED_EDGE('',*,*,#10183,.T.);
#10201=ORIENTED_EDGE('',*,*,#10034,.F.);
#10203=ORIENTED_EDGE('',*,*,#10202,.T.);
#10205=ORIENTED_EDGE('',*,*,#10204,.F.);
#10206=ORIENTED_EDGE('',*,*,#7545,.F.);
#10208=ORIENTED_EDGE('',*,*,#10207,.T.);
#10210=ORIENTED_EDGE('',*,*,#10209,.F.);
#10212=ORIENTED_EDGE('',*,*,#10211,.T.);
#10213=EDGE_LOOP('',(#10197,#10199,#10200,#10201,#10203,#10205,#10206,#10208,
#10210,#10212));
#10214=FACE_OUTER_BOUND('',#10213,.F.);
#10216=ORIENTED_EDGE('',*,*,#10215,.T.);
#10218=ORIENTED_EDGE('',*,*,#10217,.T.);
#10219=EDGE_LOOP('',(#10216,#10218));
#10220=FACE_BOUND('',#10219,.F.);
#10222=CARTESIAN_POINT('',(-3.44553E2,1.672999996082E2,3.600000110724E0));
#10223=DIRECTION('',(-1.E0,0.E0,0.E0));
#10224=DIRECTION('',(0.E0,-1.E0,0.E0));
#10225=AXIS2_PLACEMENT_3D('',#10222,#10223,#10224);
#10226=TOROIDAL_SURFACE('',#10225,4.E0,5.E-1);
#10227=ORIENTED_EDGE('',*,*,#10215,.F.);
#10229=ORIENTED_EDGE('',*,*,#10228,.F.);
#10231=ORIENTED_EDGE('',*,*,#10230,.T.);
#10233=ORIENTED_EDGE('',*,*,#10232,.T.);
#10234=EDGE_LOOP('',(#10227,#10229,#10231,#10233));
#10235=FACE_OUTER_BOUND('',#10234,.F.);
#10237=CARTESIAN_POINT('',(-3.44553E2,1.672999996082E2,3.600000110724E0));
#10238=DIRECTION('',(-1.E0,0.E0,0.E0));
#10239=DIRECTION('',(0.E0,-1.E0,0.E0));
#10240=AXIS2_PLACEMENT_3D('',#10237,#10238,#10239);
#10241=TOROIDAL_SURFACE('',#10240,4.E0,5.E-1);
#10242=ORIENTED_EDGE('',*,*,#10228,.T.);
#10243=ORIENTED_EDGE('',*,*,#10217,.F.);
#10244=ORIENTED_EDGE('',*,*,#10232,.F.);
#10246=ORIENTED_EDGE('',*,*,#10245,.T.);
#10247=EDGE_LOOP('',(#10242,#10243,#10244,#10246));
#10248=FACE_OUTER_BOUND('',#10247,.F.);
#10250=CARTESIAN_POINT('',(-3.43253E2,1.672999996082E2,3.600000110724E0));
#10251=DIRECTION('',(-1.E0,0.E0,0.E0));
#10252=DIRECTION('',(0.E0,-1.E0,0.E0));
#10253=AXIS2_PLACEMENT_3D('',#10250,#10251,#10252);
#10254=CYLINDRICAL_SURFACE('',#10253,3.5E0);
#10256=ORIENTED_EDGE('',*,*,#10255,.T.);
#10257=ORIENTED_EDGE('',*,*,#10245,.F.);
#10259=ORIENTED_EDGE('',*,*,#10258,.F.);
#10261=ORIENTED_EDGE('',*,*,#10260,.T.);
#10262=EDGE_LOOP('',(#10256,#10257,#10259,#10261));
#10263=FACE_OUTER_BOUND('',#10262,.F.);
#10265=CARTESIAN_POINT('',(-3.43253E2,1.672999996082E2,3.600000110724E0));
#10266=DIRECTION('',(-1.E0,0.E0,0.E0));
#10267=DIRECTION('',(0.E0,-1.E0,0.E0));
#10268=AXIS2_PLACEMENT_3D('',#10265,#10266,#10267);
#10269=CYLINDRICAL_SURFACE('',#10268,3.5E0);
#10271=ORIENTED_EDGE('',*,*,#10270,.T.);
#10272=ORIENTED_EDGE('',*,*,#10258,.T.);
#10273=ORIENTED_EDGE('',*,*,#10230,.F.);
#10274=ORIENTED_EDGE('',*,*,#10255,.F.);
#10275=EDGE_LOOP('',(#10271,#10272,#10273,#10274));
#10276=FACE_OUTER_BOUND('',#10275,.F.);
#10278=CARTESIAN_POINT('',(-3.43753E2,1.795521166849E2,1.069012131827E1));
#10279=DIRECTION('',(-1.E0,0.E0,0.E0));
#10280=DIRECTION('',(0.E0,-1.E0,0.E0));
#10281=AXIS2_PLACEMENT_3D('',#10278,#10279,#10280);
#10282=PLANE('',#10281);
#10283=ORIENTED_EDGE('',*,*,#10270,.F.);
#10284=ORIENTED_EDGE('',*,*,#10260,.F.);
#10285=EDGE_LOOP('',(#10283,#10284));
#10286=FACE_OUTER_BOUND('',#10285,.F.);
#10288=ORIENTED_EDGE('',*,*,#10287,.T.);
#10290=ORIENTED_EDGE('',*,*,#10289,.T.);
#10291=EDGE_LOOP('',(#10288,#10290));
#10292=FACE_BOUND('',#10291,.F.);
#10294=CARTESIAN_POINT('',(-3.321961E2,1.672999996082E2,3.600000110724E0));
#10295=DIRECTION('',(-1.E0,0.E0,0.E0));
#10296=DIRECTION('',(0.E0,-1.E0,0.E0));
#10297=AXIS2_PLACEMENT_3D('',#10294,#10295,#10296);
#10298=CYLINDRICAL_SURFACE('',#10297,1.5E0);
#10300=ORIENTED_EDGE('',*,*,#10299,.T.);
#10302=ORIENTED_EDGE('',*,*,#10301,.T.);
#10303=ORIENTED_EDGE('',*,*,#10287,.F.);
#10305=ORIENTED_EDGE('',*,*,#10304,.F.);
#10306=EDGE_LOOP('',(#10300,#10302,#10303,#10305));
#10307=FACE_OUTER_BOUND('',#10306,.F.);
#10309=CARTESIAN_POINT('',(-3.42553E2,1.729712175731E2,8.336734290566E0));
#10310=DIRECTION('',(1.E0,0.E0,0.E0));
#10311=DIRECTION('',(0.E0,1.E0,0.E0));
#10312=AXIS2_PLACEMENT_3D('',#10309,#10310,#10311);
#10313=PLANE('',#10312);
#10315=ORIENTED_EDGE('',*,*,#10314,.F.);
#10317=ORIENTED_EDGE('',*,*,#10316,.F.);
#10318=EDGE_LOOP('',(#10315,#10317));
#10319=FACE_OUTER_BOUND('',#10318,.F.);
#10320=ORIENTED_EDGE('',*,*,#10299,.F.);
#10322=ORIENTED_EDGE('',*,*,#10321,.F.);
#10323=EDGE_LOOP('',(#10320,#10322));
#10324=FACE_BOUND('',#10323,.F.);
#10326=CARTESIAN_POINT('',(-3.321961E2,1.672999996082E2,3.600000110724E0));
#10327=DIRECTION('',(-1.E0,0.E0,0.E0));
#10328=DIRECTION('',(0.E0,-1.E0,0.E0));
#10329=AXIS2_PLACEMENT_3D('',#10326,#10327,#10328);
#10330=CYLINDRICAL_SURFACE('',#10329,1.5E0);
#10331=ORIENTED_EDGE('',*,*,#10304,.T.);
#10332=ORIENTED_EDGE('',*,*,#10289,.F.);
#10333=ORIENTED_EDGE('',*,*,#10301,.F.);
#10334=ORIENTED_EDGE('',*,*,#10321,.T.);
#10335=EDGE_LOOP('',(#10331,#10332,#10333,#10334));
#10336=FACE_OUTER_BOUND('',#10335,.F.);
#10338=CARTESIAN_POINT('',(-3.39053E2,1.672999996082E2,3.600000110724E0));
#10339=DIRECTION('',(1.E0,0.E0,0.E0));
#10340=DIRECTION('',(0.E0,1.E0,0.E0));
#10341=AXIS2_PLACEMENT_3D('',#10338,#10339,#10340);
#10342=CYLINDRICAL_SURFACE('',#10341,2.55E0);
#10344=ORIENTED_EDGE('',*,*,#10343,.F.);
#10346=ORIENTED_EDGE('',*,*,#10345,.F.);
#10347=ORIENTED_EDGE('',*,*,#10314,.T.);
#10349=ORIENTED_EDGE('',*,*,#10348,.T.);
#10350=EDGE_LOOP('',(#10344,#10346,#10347,#10349));
#10351=FACE_OUTER_BOUND('',#10350,.F.);
#10353=CARTESIAN_POINT('',(-3.41303E2,1.672999996082E2,3.600000110724E0));
#10354=DIRECTION('',(1.E0,0.E0,0.E0));
#10355=DIRECTION('',(0.E0,1.E0,0.E0));
#10356=AXIS2_PLACEMENT_3D('',#10353,#10354,#10355);
#10357=CONICAL_SURFACE('',#10356,2.8E0,4.5E1);
#10359=ORIENTED_EDGE('',*,*,#10358,.F.);
#10361=ORIENTED_EDGE('',*,*,#10360,.F.);
#10362=ORIENTED_EDGE('',*,*,#10343,.T.);
#10364=ORIENTED_EDGE('',*,*,#10363,.T.);
#10365=EDGE_LOOP('',(#10359,#10361,#10362,#10364));
#10366=FACE_OUTER_BOUND('',#10365,.F.);
#10368=CARTESIAN_POINT('',(-3.41053E2,1.724700394251E2,8.287637567842E0));
#10369=DIRECTION('',(1.E0,0.E0,0.E0));
#10370=DIRECTION('',(0.E0,1.E0,0.E0));
#10371=AXIS2_PLACEMENT_3D('',#10368,#10369,#10370);
#10372=PLANE('',#10371);
#10374=ORIENTED_EDGE('',*,*,#10373,.F.);
#10376=ORIENTED_EDGE('',*,*,#10375,.F.);
#10377=EDGE_LOOP('',(#10374,#10376));
#10378=FACE_OUTER_BOUND('',#10377,.F.);
#10379=ORIENTED_EDGE('',*,*,#10358,.T.);
#10381=ORIENTED_EDGE('',*,*,#10380,.T.);
#10382=EDGE_LOOP('',(#10379,#10381));
#10383=FACE_BOUND('',#10382,.F.);
#10385=CARTESIAN_POINT('',(-3.41303E2,1.672999996082E2,3.600000110724E0));
#10386=DIRECTION('',(1.E0,0.E0,0.E0));
#10387=DIRECTION('',(0.E0,1.E0,0.E0));
#10388=AXIS2_PLACEMENT_3D('',#10385,#10386,#10387);
#10389=CONICAL_SURFACE('',#10388,2.8E0,4.5E1);
#10390=ORIENTED_EDGE('',*,*,#10360,.T.);
#10391=ORIENTED_EDGE('',*,*,#10380,.F.);
#10392=ORIENTED_EDGE('',*,*,#10363,.F.);
#10394=ORIENTED_EDGE('',*,*,#10393,.T.);
#10395=EDGE_LOOP('',(#10390,#10391,#10392,#10394));
#10396=FACE_OUTER_BOUND('',#10395,.F.);
#10398=CARTESIAN_POINT('',(-3.39053E2,1.672999996082E2,3.600000110724E0));
#10399=DIRECTION('',(1.E0,0.E0,0.E0));
#10400=DIRECTION('',(0.E0,1.E0,0.E0));
#10401=AXIS2_PLACEMENT_3D('',#10398,#10399,#10400);
#10402=CYLINDRICAL_SURFACE('',#10401,2.55E0);
#10403=ORIENTED_EDGE('',*,*,#10345,.T.);
#10404=ORIENTED_EDGE('',*,*,#10393,.F.);
#10405=ORIENTED_EDGE('',*,*,#10348,.F.);
#10406=ORIENTED_EDGE('',*,*,#10316,.T.);
#10407=EDGE_LOOP('',(#10403,#10404,#10405,#10406));
#10408=FACE_OUTER_BOUND('',#10407,.F.);
#10410=CARTESIAN_POINT('',(-3.39053E2,1.672999996082E2,3.600000110724E0));
#10411=DIRECTION('',(1.E0,0.E0,0.E0));
#10412=DIRECTION('',(0.E0,1.E0,0.E0));
#10413=AXIS2_PLACEMENT_3D('',#10410,#10411,#10412);
#10414=CYLINDRICAL_SURFACE('',#10413,3.9E0);
#10415=ORIENTED_EDGE('',*,*,#10373,.T.);
#10417=ORIENTED_EDGE('',*,*,#10416,.F.);
#10419=ORIENTED_EDGE('',*,*,#10418,.F.);
#10421=ORIENTED_EDGE('',*,*,#10420,.T.);
#10422=EDGE_LOOP('',(#10415,#10417,#10419,#10421));
#10423=FACE_OUTER_BOUND('',#10422,.F.);
#10425=CARTESIAN_POINT('',(-3.39053E2,1.672999996082E2,3.600000110724E0));
#10426=DIRECTION('',(1.E0,0.E0,0.E0));
#10427=DIRECTION('',(0.E0,1.E0,0.E0));
#10428=AXIS2_PLACEMENT_3D('',#10425,#10426,#10427);
#10429=CYLINDRICAL_SURFACE('',#10428,3.9E0);
#10430=ORIENTED_EDGE('',*,*,#10420,.F.);
#10432=ORIENTED_EDGE('',*,*,#10431,.F.);
#10433=ORIENTED_EDGE('',*,*,#10416,.T.);
#10434=ORIENTED_EDGE('',*,*,#10375,.T.);
#10435=EDGE_LOOP('',(#10430,#10432,#10433,#10434));
#10436=FACE_OUTER_BOUND('',#10435,.F.);
#10438=CARTESIAN_POINT('',(-3.42553E2,1.729712175731E2,8.336734290566E0));
#10439=DIRECTION('',(1.E0,0.E0,0.E0));
#10440=DIRECTION('',(0.E0,1.E0,0.E0));
#10441=AXIS2_PLACEMENT_3D('',#10438,#10439,#10440);
#10442=PLANE('',#10441);
#10444=ORIENTED_EDGE('',*,*,#10443,.F.);
#10446=ORIENTED_EDGE('',*,*,#10445,.F.);
#10447=EDGE_LOOP('',(#10444,#10446));
#10448=FACE_OUTER_BOUND('',#10447,.F.);
#10449=ORIENTED_EDGE('',*,*,#10418,.T.);
#10450=ORIENTED_EDGE('',*,*,#10431,.T.);
#10451=EDGE_LOOP('',(#10449,#10450));
#10452=FACE_BOUND('',#10451,.F.);
#10454=CARTESIAN_POINT('',(-3.42053E2,1.672999996082E2,3.600000110724E0));
#10455=DIRECTION('',(1.E0,0.E0,0.E0));
#10456=DIRECTION('',(0.E0,1.E0,0.E0));
#10457=AXIS2_PLACEMENT_3D('',#10454,#10455,#10456);
#10458=CYLINDRICAL_SURFACE('',#10457,4.7E0);
#10459=ORIENTED_EDGE('',*,*,#10443,.T.);
#10461=ORIENTED_EDGE('',*,*,#10460,.F.);
#10462=ORIENTED_EDGE('',*,*,#8130,.F.);
#10464=ORIENTED_EDGE('',*,*,#10463,.T.);
#10465=EDGE_LOOP('',(#10459,#10461,#10462,#10464));
#10466=FACE_OUTER_BOUND('',#10465,.F.);
#10468=CARTESIAN_POINT('',(-3.42053E2,1.672999996082E2,3.600000110724E0));
#10469=DIRECTION('',(1.E0,0.E0,0.E0));
#10470=DIRECTION('',(0.E0,1.E0,0.E0));
#10471=AXIS2_PLACEMENT_3D('',#10468,#10469,#10470);
#10472=CYLINDRICAL_SURFACE('',#10471,4.7E0);
#10473=ORIENTED_EDGE('',*,*,#10463,.F.);
#10474=ORIENTED_EDGE('',*,*,#8132,.F.);
#10475=ORIENTED_EDGE('',*,*,#10460,.T.);
#10476=ORIENTED_EDGE('',*,*,#10445,.T.);
#10477=EDGE_LOOP('',(#10473,#10474,#10475,#10476));
#10478=FACE_OUTER_BOUND('',#10477,.F.);
#10480=CARTESIAN_POINT('',(-3.52798E2,1.790505418805E2,-1.022274905968E0));
#10481=DIRECTION('',(0.E0,-7.660444431190E-1,6.427876096865E-1));
#10482=DIRECTION('',(0.E0,-6.427876096865E-1,-7.660444431190E-1));
#10483=AXIS2_PLACEMENT_3D('',#10480,#10481,#10482);
#10484=PLANE('',#10483);
#10486=ORIENTED_EDGE('',*,*,#10485,.F.);
#10488=ORIENTED_EDGE('',*,*,#10487,.F.);
#10489=ORIENTED_EDGE('',*,*,#8294,.T.);
#10491=ORIENTED_EDGE('',*,*,#10490,.F.);
#10493=ORIENTED_EDGE('',*,*,#10492,.T.);
#10494=ORIENTED_EDGE('',*,*,#10196,.F.);
#10496=ORIENTED_EDGE('',*,*,#10495,.F.);
#10497=EDGE_LOOP('',(#10486,#10488,#10489,#10491,#10493,#10494,#10496));
#10498=FACE_OUTER_BOUND('',#10497,.F.);
#10500=CARTESIAN_POINT('',(-3.52298E2,1.416706540747E2,-4.634775240272E1));
#10501=DIRECTION('',(0.E0,-6.427876096865E-1,-7.660444431190E-1));
#10502=DIRECTION('',(0.E0,7.660444431190E-1,-6.427876096865E-1));
#10503=AXIS2_PLACEMENT_3D('',#10500,#10501,#10502);
#10504=CYLINDRICAL_SURFACE('',#10503,5.E-1);
#10505=ORIENTED_EDGE('',*,*,#7631,.F.);
#10507=ORIENTED_EDGE('',*,*,#10506,.F.);
#10508=ORIENTED_EDGE('',*,*,#10485,.T.);
#10510=ORIENTED_EDGE('',*,*,#10509,.F.);
#10511=EDGE_LOOP('',(#10505,#10507,#10508,#10510));
#10512=FACE_OUTER_BOUND('',#10511,.F.);
#10514=CARTESIAN_POINT('',(-3.527979359042E2,1.998077770355E2,
2.292478550585E1));
#10515=CARTESIAN_POINT('',(-3.527989297232E2,1.997607839219E2,
2.296385056231E1));
#10516=CARTESIAN_POINT('',(-3.527783546421E2,1.996605453910E2,
2.304717817313E1));
#10517=CARTESIAN_POINT('',(-3.526621134293E2,1.995217055368E2,
2.316259480260E1));
#10518=CARTESIAN_POINT('',(-3.524815985397E2,1.994323332884E2,
2.323688934694E1));
#10519=CARTESIAN_POINT('',(-3.523512858327E2,1.994165034745E2,
2.325004856400E1));
#10520=CARTESIAN_POINT('',(-3.522902024461E2,1.994172578823E2,
2.324942142986E1));
#10521=CARTESIAN_POINT('',(-3.527979359042E2,1.999450507867E2,
2.308990807203E1));
#10522=CARTESIAN_POINT('',(-3.527989297232E2,1.998985408872E2,
2.312955437084E1));
#10523=CARTESIAN_POINT('',(-3.527783546428E2,1.997993330743E2,
2.321412180002E1));
#10524=CARTESIAN_POINT('',(-3.526621134320E2,1.996619208610E2,
2.333125569744E1));
#10525=CARTESIAN_POINT('',(-3.524815985430E2,1.995734675952E2,
2.340665566115E1));
#10526=CARTESIAN_POINT('',(-3.523512858341E2,1.995578005534E2,
2.342001067286E1));
#10527=CARTESIAN_POINT('',(-3.522902024459E2,1.995585472040E2,
2.341937420766E1));
#10528=CARTESIAN_POINT('',(-3.527979359042E2,2.003183832949E2,
2.352245302322E1));
#10529=CARTESIAN_POINT('',(-3.527989297231E2,2.002731875554E2,
2.356362190855E1));
#10530=CARTESIAN_POINT('',(-3.527783546451E2,2.001767829057E2,
2.365143708949E1));
#10531=CARTESIAN_POINT('',(-3.526621134405E2,2.000432533337E2,
2.377306943685E1));
#10532=CARTESIAN_POINT('',(-3.524815985529E2,1.999572993503E2,
2.385136508979E1));
#10533=CARTESIAN_POINT('',(-3.523512858382E2,1.999420749864E2,
2.386523299330E1));
#10534=CARTESIAN_POINT('',(-3.522902024453E2,1.999428005401E2,
2.386457208501E1));
#10535=CARTESIAN_POINT('',(-3.527979359042E2,2.012003299218E2,
2.444771359210E1));
#10536=CARTESIAN_POINT('',(-3.527989297227E2,2.011582387610E2,
2.449213947009E1));
#10537=CARTESIAN_POINT('',(-3.527783546534E2,2.010684562680E2,
2.458690196277E1));
#10538=CARTESIAN_POINT('',(-3.526621134724E2,2.009440988838E2,
2.471815697787E1));
#10539=CARTESIAN_POINT('',(-3.524815985904E2,2.008640490359E2,
2.480264680444E1));
#10540=CARTESIAN_POINT('',(-3.523512858538E2,2.008498704096E2,
2.481761183179E1));
#10541=CARTESIAN_POINT('',(-3.522902024431E2,2.008505461261E2,
2.481689863742E1));
#10542=CARTESIAN_POINT('',(-3.527979359042E2,2.022653021696E2,
2.537712777480E1));
#10543=CARTESIAN_POINT('',(-3.527989297228E2,2.022269594349E2,
2.542482511071E1));
#10544=CARTESIAN_POINT('',(-3.527783546501E2,2.021451728299E2,
2.552656591038E1));
#10545=CARTESIAN_POINT('',(-3.526621134594E2,2.020318912211E2,
2.566748683893E1));
#10546=CARTESIAN_POINT('',(-3.524815985750E2,2.019589713287E2,
2.575819885137E1));
#10547=CARTESIAN_POINT('',(-3.523512858474E2,2.019460556679E2,
2.577426600450E1));
#10548=CARTESIAN_POINT('',(-3.522902024440E2,2.019466711950E2,
2.577350028579E1));
#10549=CARTESIAN_POINT('',(-3.527979359041E2,2.034053431060E2,
2.620212158949E1));
#10550=CARTESIAN_POINT('',(-3.527989297245E2,2.033710141620E2,
2.625272337873E1));
#10551=CARTESIAN_POINT('',(-3.527783546136E2,2.032977884750E2,
2.636065914095E1));
#10552=CARTESIAN_POINT('',(-3.526621133209E2,2.031963630065E2,
2.651015984105E1));
#10553=CARTESIAN_POINT('',(-3.524815984127E2,2.031310741432E2,
2.660639425080E1));
#10554=CARTESIAN_POINT('',(-3.523512857800E2,2.031195099092E2,
2.662343943581E1));
#10555=CARTESIAN_POINT('',(-3.522902024537E2,2.031200610302E2,
2.662262710632E1));
#10556=CARTESIAN_POINT('',(-3.527979359041E2,2.041470740039E2,
2.667308644992E1));
#10557=CARTESIAN_POINT('',(-3.527989297248E2,2.041153555654E2,
2.672534590798E1));
#10558=CARTESIAN_POINT('',(-3.527783546069E2,2.040476986055E2,
2.683681770117E1));
#10559=CARTESIAN_POINT('',(-3.526621132944E2,2.039539872401E2,
2.699121646475E1));
#10560=CARTESIAN_POINT('',(-3.524815983808E2,2.038936644988E2,
2.709060397580E1));
#10561=CARTESIAN_POINT('',(-3.523512857667E2,2.038829799930E2,
2.710820768826E1));
#10562=CARTESIAN_POINT('',(-3.522902024556E2,2.038834891911E2,
2.710736874217E1));
#10563=CARTESIAN_POINT('',(-3.527979359041E2,2.047566891719E2,
2.702231002850E1));
#10564=CARTESIAN_POINT('',(-3.527989297248E2,2.047271281939E2,
2.707580387898E1));
#10565=CARTESIAN_POINT('',(-3.527783546067E2,2.046640627875E2,
2.718990410028E1));
#10566=CARTESIAN_POINT('',(-3.526621132939E2,2.045766878013E2,
2.734793319052E1));
#10567=CARTESIAN_POINT('',(-3.524815983803E2,2.045204308577E2,
2.744965185029E1));
#10568=CARTESIAN_POINT('',(-3.523512857665E2,2.045104635011E2,
2.746766714151E1));
#10569=CARTESIAN_POINT('',(-3.522902024556E2,2.045109385185E2,
2.746680857928E1));
#10570=CARTESIAN_POINT('',(-3.527979359041E2,2.052216999486E2,
2.727027170053E1));
#10571=CARTESIAN_POINT('',(-3.527989297246E2,2.051937648950E2,
2.732463363752E1));
#10572=CARTESIAN_POINT('',(-3.527783546121E2,2.051341775104E2,
2.744058980886E1));
#10573=CARTESIAN_POINT('',(-3.526621133096E2,2.050516420096E2,
2.760119916753E1));
#10574=CARTESIAN_POINT('',(-3.524815983950E2,2.049985125598E2,
2.770458409720E1));
#10575=CARTESIAN_POINT('',(-3.523512857721E2,2.049891019898E2,
2.772289575253E1));
#10576=CARTESIAN_POINT('',(-3.522902024548E2,2.049895504788E2,
2.772202306917E1));
#10577=CARTESIAN_POINT('',(-3.527979359041E2,2.056154320512E2,
2.746511970917E1));
#10578=CARTESIAN_POINT('',(-3.527989297245E2,2.055889465642E2,
2.752019539623E1));
#10579=CARTESIAN_POINT('',(-3.527783546140E2,2.055323939522E2,
2.763764895212E1));
#10580=CARTESIAN_POINT('',(-3.526621133265E2,2.054539335226E2,
2.780027607115E1));
#10581=CARTESIAN_POINT('',(-3.524815984224E2,2.054033558869E2,
2.790492859434E1));
#10582=CARTESIAN_POINT('',(-3.523512857845E2,2.053943808229E2,
2.792345755286E1));
#10583=CARTESIAN_POINT('',(-3.522902024530E2,2.053948085244E2,
2.792257449907E1));
#10584=CARTESIAN_POINT('',(-3.527979359041E2,2.059580762286E2,
2.762507201723E1));
#10585=CARTESIAN_POINT('',(-3.527989297237E2,2.059326841006E2,
2.768066143455E1));
#10586=CARTESIAN_POINT('',(-3.527783546315E2,2.058785651377E2,
2.779925517645E1));
#10587=CARTESIAN_POINT('',(-3.526621133664E2,2.058037031724E2,
2.796356110636E1));
#10588=CARTESIAN_POINT('',(-3.524815984489E2,2.057555683905E2,
2.806934958409E1));
#10589=CARTESIAN_POINT('',(-3.523512857927E2,2.057470552230E2,
2.808809250641E1));
#10590=CARTESIAN_POINT('',(-3.522902024518E2,2.057474609650E2,
2.808719927886E1));
#10591=CARTESIAN_POINT('',(-3.527979359041E2,2.061429362796E2,
2.770747182239E1));
#10592=CARTESIAN_POINT('',(-3.527989297246E2,2.061185155218E2,
2.776349164240E1));
#10593=CARTESIAN_POINT('',(-3.527783546106E2,2.060661800514E2,
2.788287716444E1));
#10594=CARTESIAN_POINT('',(-3.526621133512E2,2.059931411753E2,
2.804799647786E1));
#10595=CARTESIAN_POINT('',(-3.524815984796E2,2.059458202622E2,
2.815415116223E1));
#10596=CARTESIAN_POINT('',(-3.523512858122E2,2.059373681774E2,
2.817292261830E1));
#10597=CARTESIAN_POINT('',(-3.522902024491E2,2.059377708462E2,
2.817202795998E1));
#10598=CARTESIAN_POINT('',(-3.527979359042E2,2.062480529411E2,
2.775307450147E1));
#10599=CARTESIAN_POINT('',(-3.527989297228E2,2.062233946407E2,
2.780898832126E1));
#10600=CARTESIAN_POINT('',(-3.527783546499E2,2.061710991047E2,
2.792838755760E1));
#10601=CARTESIAN_POINT('',(-3.526621134116E2,2.060993418825E2,
2.809406386304E1));
#10602=CARTESIAN_POINT('',(-3.524815984832E2,2.060535274581E2,
2.820087596457E1));
#10603=CARTESIAN_POINT('',(-3.523512858042E2,2.060454995971E2,
2.821983286494E1));
#10604=CARTESIAN_POINT('',(-3.522902024501E2,2.060458823511E2,
2.821892950147E1));
#10605=B_SPLINE_SURFACE_WITH_KNOTS('',3,3,((#10514,#10515,#10516,#10517,#10518,
#10519,#10520),(#10521,#10522,#10523,#10524,#10525,#10526,#10527),(#10528,
#10529,#10530,#10531,#10532,#10533,#10534),(#10535,#10536,#10537,#10538,#10539,
#10540,#10541),(#10542,#10543,#10544,#10545,#10546,#10547,#10548),(#10549,
#10550,#10551,#10552,#10553,#10554,#10555),(#10556,#10557,#10558,#10559,#10560,
#10561,#10562),(#10563,#10564,#10565,#10566,#10567,#10568,#10569),(#10570,
#10571,#10572,#10573,#10574,#10575,#10576),(#10577,#10578,#10579,#10580,#10581,
#10582,#10583),(#10584,#10585,#10586,#10587,#10588,#10589,#10590),(#10591,
#10592,#10593,#10594,#10595,#10596,#10597),(#10598,#10599,#10600,#10601,#10602,
#10603,#10604)),.UNSPECIFIED.,.F.,.F.,.F.,(4,1,1,1,1,1,1,1,1,1,4),(4,1,1,1,4),(
1.234379111832E1,1.299807199720E1,1.408369269363E1,1.625493408648E1,
1.734055478290E1,1.842617547933E1,1.896898582754E1,1.951179617575E1,
2.005460652397E1,2.032601169807E1,2.067942001513E1),(-1.120668921447E-2,2.5E-1,
5.E-1,7.5E-1,1.011067522640E0),.UNSPECIFIED.);
#10606=ORIENTED_EDGE('',*,*,#7629,.T.);
#10608=ORIENTED_EDGE('',*,*,#10607,.F.);
#10610=ORIENTED_EDGE('',*,*,#10609,.F.);
#10611=ORIENTED_EDGE('',*,*,#10506,.T.);
#10612=EDGE_LOOP('',(#10606,#10608,#10610,#10611));
#10613=FACE_OUTER_BOUND('',#10612,.F.);
#10615=CARTESIAN_POINT('',(-3.527979381798E2,2.061616618942E2,
2.771486216229E1));
#10616=CARTESIAN_POINT('',(-3.527984408488E2,2.061493541310E2,
2.774427464148E1));
#10617=CARTESIAN_POINT('',(-3.527935584205E2,2.061246851847E2,
2.780313951947E1));
#10618=CARTESIAN_POINT('',(-3.527662605065E2,2.060871499944E2,
2.789247751858E1));
#10619=CARTESIAN_POINT('',(-3.527197138203E2,2.060519474237E2,
2.797608199834E1));
#10620=CARTESIAN_POINT('',(-3.526541857378E2,2.060204656652E2,
2.805070212205E1));
#10621=CARTESIAN_POINT('',(-3.525733172097E2,2.059949059748E2,
2.811117347119E1));
#10622=CARTESIAN_POINT('',(-3.524827018719E2,2.059767157883E2,
2.815413262453E1));
#10623=CARTESIAN_POINT('',(-3.523858723757E2,2.059660287194E2,
2.817932617853E1));
#10624=CARTESIAN_POINT('',(-3.523220656877E2,2.059641108315E2,
2.818383509743E1));
#10625=CARTESIAN_POINT('',(-3.522901858727E2,2.059643071347E2,
2.818337331287E1));
#10626=CARTESIAN_POINT('',(-3.527979380807E2,2.061781887292E2,
2.772271338414E1));
#10627=CARTESIAN_POINT('',(-3.527984415601E2,2.061652200414E2,
2.775182206257E1));
#10628=CARTESIAN_POINT('',(-3.527935510836E2,2.061392922531E2,
2.781009110230E1));
#10629=CARTESIAN_POINT('',(-3.527662207296E2,2.061000130172E2,
2.789855651174E1));
#10630=CARTESIAN_POINT('',(-3.527196331825E2,2.060633111582E2,
2.798136965186E1));
#10631=CARTESIAN_POINT('',(-3.526540676722E2,2.060305994299E2,
2.805530397072E1));
#10632=CARTESIAN_POINT('',(-3.525731786753E2,2.060041252026E2,
2.811523503743E1));
#10633=CARTESIAN_POINT('',(-3.524825712306E2,2.059853418615E2,
2.815782092812E1));
#10634=CARTESIAN_POINT('',(-3.523857863327E2,2.059743406911E2,
2.818280177327E1));
#10635=CARTESIAN_POINT('',(-3.523220369985E2,2.059723756835E2,
2.818727415977E1));
#10636=CARTESIAN_POINT('',(-3.522901939767E2,2.059725770314E2,
2.818681601675E1));
#10637=CARTESIAN_POINT('',(-3.527979380256E2,2.062092375801E2,
2.773779678430E1));
#10638=CARTESIAN_POINT('',(-3.527984419558E2,2.061950834342E2,
2.776633167602E1));
#10639=CARTESIAN_POINT('',(-3.527935470038E2,2.061668119196E2,
2.782345747498E1));
#10640=CARTESIAN_POINT('',(-3.527661984656E2,2.061240507257E2,
2.791020105847E1));
#10641=CARTESIAN_POINT('',(-3.527195878153E2,2.060841503338E2,
2.799141332736E1));
#10642=CARTESIAN_POINT('',(-3.526540008283E2,2.060486327313E2,
2.806392714731E1));
#10643=CARTESIAN_POINT('',(-3.525730995462E2,2.060199219581E2,
2.812271316951E1));
#10644=CARTESIAN_POINT('',(-3.524824954618E2,2.059995755721E2,
2.816448954171E1));
#10645=CARTESIAN_POINT('',(-3.523857343103E2,2.059876733970E2,
2.818899758639E1));
#10646=CARTESIAN_POINT('',(-3.523220162338E2,2.059855516843E2,
2.819338534057E1));
#10647=CARTESIAN_POINT('',(-3.522901933712E2,2.059857695451E2,
2.819293529363E1));
#10648=CARTESIAN_POINT('',(-3.527979380637E2,2.062460552358E2,
2.775673860030E1));
#10649=CARTESIAN_POINT('',(-3.527984416822E2,2.062306489034E2,
2.778461986464E1));
#10650=CARTESIAN_POINT('',(-3.527935498295E2,2.061998389480E2,
2.784043083893E1));
#10651=CARTESIAN_POINT('',(-3.527662135105E2,2.061531409678E2,
2.792516143466E1));
#10652=CARTESIAN_POINT('',(-3.527196178759E2,2.061094893345E2,
2.800447579354E1));
#10653=CARTESIAN_POINT('',(-3.526540440423E2,2.060705691045E2,
2.807528395571E1));
#10654=CARTESIAN_POINT('',(-3.525731489171E2,2.060390596738E2,
2.813267856898E1));
#10655=CARTESIAN_POINT('',(-3.524825398050E2,2.060166970451E2,
2.817345982388E1));
#10656=CARTESIAN_POINT('',(-3.523857594122E2,2.060035960935E2,
2.819737976570E1));
#10657=CARTESIAN_POINT('',(-3.523220179746E2,2.060012559971E2,
2.820166030183E1));
#10658=CARTESIAN_POINT('',(-3.522901803316E2,2.060014967345E2,
2.820122039032E1));
#10659=CARTESIAN_POINT('',(-3.527979380925E2,2.062697362583E2,
2.776958752270E1));
#10660=CARTESIAN_POINT('',(-3.527984414756E2,2.062536115722E2,
2.779707001591E1));
#10661=CARTESIAN_POINT('',(-3.527935519630E2,2.062213444886E2,
2.785207907929E1));
#10662=CARTESIAN_POINT('',(-3.527662249071E2,2.061723844362E2,
2.793558260959E1));
#10663=CARTESIAN_POINT('',(-3.527196407048E2,2.061265755783E2,
2.801374058107E1));
#10664=CARTESIAN_POINT('',(-3.526540769633E2,2.060856971846E2,
2.808350993927E1));
#10665=CARTESIAN_POINT('',(-3.525731866955E2,2.060525761027E2,
2.814005749472E1));
#10666=CARTESIAN_POINT('',(-3.524825740098E2,2.060290516602E2,
2.818023321808E1));
#10667=CARTESIAN_POINT('',(-3.523857792933E2,2.060152594965E2,
2.820379550321E1));
#10668=CARTESIAN_POINT('',(-3.523220203189E2,2.060127933385E2,
2.820801094924E1));
#10669=CARTESIAN_POINT('',(-3.522901715577E2,2.060130472517E2,
2.820757725653E1));
#10670=CARTESIAN_POINT('',(-3.527979381028E2,2.062910120969E2,
2.778171307773E1));
#10671=CARTESIAN_POINT('',(-3.527984414012E2,2.062743289576E2,
2.780886437495E1));
#10672=CARTESIAN_POINT('',(-3.527935527325E2,2.062409422801E2,
2.786321028767E1));
#10673=CARTESIAN_POINT('',(-3.527662289540E2,2.061902780367E2,
2.794570653427E1));
#10674=CARTESIAN_POINT('',(-3.527196487052E2,2.061428703991E2,
2.802292115578E1));
#10675=CARTESIAN_POINT('',(-3.526540882990E2,2.061005618609E2,
2.809184789115E1));
#10676=CARTESIAN_POINT('',(-3.525731993509E2,2.060662794595E2,
2.814771201451E1));
#10677=CARTESIAN_POINT('',(-3.524825848523E2,2.060419284778E2,
2.818740171565E1));
#10678=CARTESIAN_POINT('',(-3.523857843860E2,2.060276507889E2,
2.821067850526E1));
#10679=CARTESIAN_POINT('',(-3.523220186918E2,2.060250976769E2,
2.821484250942E1));
#10680=CARTESIAN_POINT('',(-3.522901657202E2,2.060253606598E2,
2.821441384217E1));
#10681=CARTESIAN_POINT('',(-3.527979381110E2,2.063174609753E2,
2.779777500230E1));
#10682=CARTESIAN_POINT('',(-3.527984413422E2,2.063000545054E2,
2.782447390466E1));
#10683=CARTESIAN_POINT('',(-3.527935533428E2,2.062652194007E2,
2.787791563774E1));
#10684=CARTESIAN_POINT('',(-3.527662321207E2,2.062123548857E2,
2.795904279062E1));
#10685=CARTESIAN_POINT('',(-3.527196548871E2,2.061628866052E2,
2.803497866277E1));
#10686=CARTESIAN_POINT('',(-3.526540968949E2,2.061187376313E2,
2.810276602299E1));
#10687=CARTESIAN_POINT('',(-3.525732086335E2,2.060829628881E2,
2.815770821409E1));
#10688=CARTESIAN_POINT('',(-3.524825922100E2,2.060575512197E2,
2.819674383142E1));
#10689=CARTESIAN_POINT('',(-3.523857865690E2,2.060426512917E2,
2.821963738785E1));
#10690=CARTESIAN_POINT('',(-3.523220150691E2,2.060399869176E2,
2.822373268362E1));
#10691=CARTESIAN_POINT('',(-3.522901584996E2,2.060402614603E2,
2.822331081948E1));
#10692=CARTESIAN_POINT('',(-3.527979380974E2,2.063481933165E2,
2.781844502930E1));
#10693=CARTESIAN_POINT('',(-3.527984414404E2,2.063299500964E2,
2.784459094215E1));
#10694=CARTESIAN_POINT('',(-3.527935523319E2,2.062934356814E2,
2.789691887105E1));
#10695=CARTESIAN_POINT('',(-3.527662265359E2,2.062380103331E2,2.79763372E1));
#10696=CARTESIAN_POINT('',(-3.527196433680E2,2.061861358509E2,
2.805065922507E1));
#10697=CARTESIAN_POINT('',(-3.526540796012E2,2.061398313386E2,
2.811699421612E1));
#10698=CARTESIAN_POINT('',(-3.525731874966E2,2.061023037588E2,
2.817075036335E1));
#10699=CARTESIAN_POINT('',(-3.524825706827E2,2.060756427303E2,
2.820893720134E1));
#10700=CARTESIAN_POINT('',(-3.523857692027E2,2.060600076312E2,
2.823132930688E1));
#10701=CARTESIAN_POINT('',(-3.523220039794E2,2.060572109967E2,
2.823533389489E1));
#10702=CARTESIAN_POINT('',(-3.522901515745E2,2.060574990484E2,
2.823492132768E1));
#10703=CARTESIAN_POINT('',(-3.527979380837E2,2.063894404149E2,
2.784871081067E1));
#10704=CARTESIAN_POINT('',(-3.527984415384E2,2.063699610127E2,
2.787395045858E1));
#10705=CARTESIAN_POINT('',(-3.527935513233E2,2.063309747112E2,
2.792446417911E1));
#10706=CARTESIAN_POINT('',(-3.527662208864E2,2.062718034939E2,
2.800112793492E1));
#10707=CARTESIAN_POINT('',(-3.527196316038E2,2.062164281321E2,
2.807287119007E1));
#10708=CARTESIAN_POINT('',(-3.526540617627E2,2.061670027928E2,
2.813690368670E1));
#10709=CARTESIAN_POINT('',(-3.525731654500E2,2.061269491773E2,
2.818879321331E1));
#10710=CARTESIAN_POINT('',(-3.524825479094E2,2.060984959081E2,
2.822565343565E1));
#10711=CARTESIAN_POINT('',(-3.523857503693E2,2.060818113565E2,
2.824726710122E1));
#10712=CARTESIAN_POINT('',(-3.523219914029E2,2.060788276933E2,
2.825113210766E1));
#10713=CARTESIAN_POINT('',(-3.522901431891E2,2.060791353004E2,
2.825073367646E1));
#10714=CARTESIAN_POINT('',(-3.527979380751E2,2.064406048993E2,
2.789091804509E1));
#10715=CARTESIAN_POINT('',(-3.527984415998E2,2.064194504616E2,
2.791478219106E1));
#10716=CARTESIAN_POINT('',(-3.527935506935E2,2.063771230784E2,
2.796255186545E1));
#10717=CARTESIAN_POINT('',(-3.527662172097E2,2.063129106206E2,
2.803507397653E1));
#10718=CARTESIAN_POINT('',(-3.527196237296E2,2.062528412175E2,
2.810295959783E1));
#10719=CARTESIAN_POINT('',(-3.526540494677E2,2.061992457855E2,
2.816356370675E1));
#10720=CARTESIAN_POINT('',(-3.525731497413E2,2.061558279102E2,
2.821268589512E1));
#10721=CARTESIAN_POINT('',(-3.524825309654E2,2.061249954657E2,
2.824758752960E1));
#10722=CARTESIAN_POINT('',(-3.523857352580E2,2.061069227038E2,
2.826805665262E1));
#10723=CARTESIAN_POINT('',(-3.523219799777E2,2.061036933381E2,
2.827171750918E1));
#10724=CARTESIAN_POINT('',(-3.522901343265E2,2.061040270735E2,
2.827133956992E1));
#10725=CARTESIAN_POINT('',(-3.527979380741E2,2.064989169856E2,
2.794685522111E1));
#10726=CARTESIAN_POINT('',(-3.527984416067E2,2.064757993578E2,
2.796887274676E1));
#10727=CARTESIAN_POINT('',(-3.527935506256E2,2.064295510266E2,
2.801295097277E1));
#10728=CARTESIAN_POINT('',(-3.527662165916E2,2.063594090393E2,
2.807988178517E1));
#10729=CARTESIAN_POINT('',(-3.527196220877E2,2.062938077665E2,
2.814254373241E1));
#10730=CARTESIAN_POINT('',(-3.526540463845E2,2.062352891555E2,
2.819849253177E1));
#10731=CARTESIAN_POINT('',(-3.525731450408E2,2.061878927534E2,
2.824384725187E1));
#10732=CARTESIAN_POINT('',(-3.524825248147E2,2.061542420728E2,
2.827607575792E1));
#10733=CARTESIAN_POINT('',(-3.523857281171E2,2.061345220685E2,
2.829497882885E1));
#10734=CARTESIAN_POINT('',(-3.523219726650E2,2.061310002933E2,
2.829835935314E1));
#10735=CARTESIAN_POINT('',(-3.522901270676E2,2.061313650024E2,
2.829800960271E1));
#10736=CARTESIAN_POINT('',(-3.527979380787E2,2.065511385108E2,
2.800599751413E1));
#10737=CARTESIAN_POINT('',(-3.527984415743E2,2.065264282407E2,
2.802621916078E1));
#10738=CARTESIAN_POINT('',(-3.527935509603E2,2.064769688499E2,
2.806667178141E1));
#10739=CARTESIAN_POINT('',(-3.527662183711E2,2.064018919861E2,
2.812801827210E1));
#10740=CARTESIAN_POINT('',(-3.527196256285E2,2.063316234751E2,
2.818538904411E1));
#10741=CARTESIAN_POINT('',(-3.526540514230E2,2.062688992337E2,
2.823656218858E1));
#10742=CARTESIAN_POINT('',(-3.525731506628E2,2.062180643114E2,
2.827800651022E1));
#10743=CARTESIAN_POINT('',(-3.524825295664E2,2.061819500609E2,
2.830742944430E1));
#10744=CARTESIAN_POINT('',(-3.523857301447E2,2.061607728614E2,
2.832467078353E1));
#10745=CARTESIAN_POINT('',(-3.523219715076E2,2.061569869383E2,
2.832774958818E1));
#10746=CARTESIAN_POINT('',(-3.522901239147E2,2.061573786117E2,
2.832743073640E1));
#10747=CARTESIAN_POINT('',(-3.527979380809E2,2.065985174174E2,
2.806903704038E1));
#10748=CARTESIAN_POINT('',(-3.527984415579E2,2.065723146217E2,
2.808725613720E1));
#10749=CARTESIAN_POINT('',(-3.527935511271E2,2.065198636244E2,
2.812369893260E1));
#10750=CARTESIAN_POINT('',(-3.527662194205E2,2.064402346017E2,
2.817895461229E1));
#10751=CARTESIAN_POINT('',(-3.527196279795E2,2.063656965338E2,
2.823062142658E1));
#10752=CARTESIAN_POINT('',(-3.526540552513E2,2.062991536606E2,
2.827670042549E1));
#10753=CARTESIAN_POINT('',(-3.525731557622E2,2.062452180081E2,
2.831401428993E1));
#10754=CARTESIAN_POINT('',(-3.524825353263E2,2.062068965451E2,
2.834050161038E1));
#10755=CARTESIAN_POINT('',(-3.523857356327E2,2.061844219413E2,
2.835602084640E1));
#10756=CARTESIAN_POINT('',(-3.523219760315E2,2.061804025594E2,
2.835879167909E1));
#10757=CARTESIAN_POINT('',(-3.522901277285E2,2.061808176222E2,
2.835850476418E1));
#10758=CARTESIAN_POINT('',(-3.527979380809E2,2.066407602164E2,
2.813545322271E1));
#10759=CARTESIAN_POINT('',(-3.527984415581E2,2.066132107755E2,
2.815153511889E1));
#10760=CARTESIAN_POINT('',(-3.527935511219E2,2.065580681723E2,
2.818371019186E1));
#10761=CARTESIAN_POINT('',(-3.527662196586E2,2.064743632135E2,
2.823251386968E1));
#10762=CARTESIAN_POINT('',(-3.527196288828E2,2.063960178796E2,
2.827816286060E1));
#10763=CARTESIAN_POINT('',(-3.526540573257E2,2.063260824438E2,
2.831888729580E1));
#10764=CARTESIAN_POINT('',(-3.525731594281E2,2.062694014551E2,
2.835187471375E1));
#10765=CARTESIAN_POINT('',(-3.524825407904E2,2.062291320696E2,
2.837529763201E1));
#10766=CARTESIAN_POINT('',(-3.523857429066E2,2.062055160002E2,
2.838902562316E1));
#10767=CARTESIAN_POINT('',(-3.523219843658E2,2.062012918578E2,
2.839147804646E1));
#10768=CARTESIAN_POINT('',(-3.522901365544E2,2.062017271200E2,
2.839122441544E1));
#10769=CARTESIAN_POINT('',(-3.527979380773E2,2.066777016999E2,
2.820484102733E1));
#10770=CARTESIAN_POINT('',(-3.527984415843E2,2.066489614089E2,
2.821868230595E1));
#10771=CARTESIAN_POINT('',(-3.527935508466E2,2.065914443509E2,
2.824638791544E1));
#10772=CARTESIAN_POINT('',(-3.527662185046E2,2.065041587152E2,
2.828844706169E1));
#10773=CARTESIAN_POINT('',(-3.527196270876E2,2.064224806768E2,
2.832781537647E1));
#10774=CARTESIAN_POINT('',(-3.526540556885E2,2.063495852356E2,
2.836295953898E1));
#10775=CARTESIAN_POINT('',(-3.525731591667E2,2.062905162372E2,
2.839144438262E1));
#10776=CARTESIAN_POINT('',(-3.524825433014E2,2.062485573918E2,
2.841168248385E1));
#10777=CARTESIAN_POINT('',(-3.523857496754E2,2.062239541250E2,
2.842355150292E1));
#10778=CARTESIAN_POINT('',(-3.523219948897E2,2.062195534778E2,
2.842567429594E1));
#10779=CARTESIAN_POINT('',(-3.522901492308E2,2.062200059787E2,
2.842545525116E1));
#10780=CARTESIAN_POINT('',(-3.527979380691E2,2.067091416978E2,
2.827678442365E1));
#10781=CARTESIAN_POINT('',(-3.527984416431E2,2.066793857765E2,
2.828832171075E1));
#10782=CARTESIAN_POINT('',(-3.527935502356E2,2.066198453940E2,
2.831142704921E1));
#10783=CARTESIAN_POINT('',(-3.527662155535E2,2.065295131740E2,
2.834653278861E1));
#10784=CARTESIAN_POINT('',(-3.527196216939E2,2.064450032061E2,
2.837941668816E1));
#10785=CARTESIAN_POINT('',(-3.526540488848E2,2.063695955155E2,
2.840879198062E1));
#10786=CARTESIAN_POINT('',(-3.525731530530E2,2.063085019889E2,
2.843261626395E1));
#10787=CARTESIAN_POINT('',(-3.524825406996E2,2.062651123625E2,
2.844955376123E1));
#10788=CARTESIAN_POINT('',(-3.523857538994E2,2.062396739288E2,
2.845949377972E1));
#10789=CARTESIAN_POINT('',(-3.523220059386E2,2.062351241509E2,
2.846127384228E1));
#10790=CARTESIAN_POINT('',(-3.522901643670E2,2.062355911736E2,
2.846109071944E1));
#10791=CARTESIAN_POINT('',(-3.527979380574E2,2.067305999121E2,
2.833846052680E1));
#10792=CARTESIAN_POINT('',(-3.527984417275E2,2.067001581895E2,
2.834806327020E1));
#10793=CARTESIAN_POINT('',(-3.527935493611E2,2.066392496547E2,
2.836729480150E1));
#10794=CARTESIAN_POINT('',(-3.527662110903E2,2.065468523781E2,
2.839651595022E1));
#10795=CARTESIAN_POINT('',(-3.527196131091E2,2.064604188576E2,
2.842388869894E1));
#10796=CARTESIAN_POINT('',(-3.526540372002E2,2.063833014986E2,
2.844834176373E1));
#10797=CARTESIAN_POINT('',(-3.525731409E2,2.063208277546E2,2.846817476131E1));
#10798=CARTESIAN_POINT('',(-3.524825319396E2,2.062764610341E2,
2.848227541499E1));
#10799=CARTESIAN_POINT('',(-3.523857532756E2,2.062504513173E2,
2.849055124730E1));
#10800=CARTESIAN_POINT('',(-3.523220141338E2,2.062457993559E2,
2.849203380334E1));
#10801=CARTESIAN_POINT('',(-3.522901779748E2,2.062462764124E2,
2.849188166221E1));
#10802=CARTESIAN_POINT('',(-3.527979380451E2,2.067448215186E2,
2.838874026378E1));
#10803=CARTESIAN_POINT('',(-3.527984418156E2,2.067139354859E2,
2.839679363043E1));
#10804=CARTESIAN_POINT('',(-3.527935484493E2,2.066521372494E2,
2.841291296758E1));
#10805=CARTESIAN_POINT('',(-3.527662063306E2,2.065583884252E2,
2.843738129712E1));
#10806=CARTESIAN_POINT('',(-3.527196037758E2,2.064706890524E2,
2.846028274805E1));
#10807=CARTESIAN_POINT('',(-3.526540241592E2,2.063924409720E2,
2.848072592160E1));
#10808=CARTESIAN_POINT('',(-3.525731267344E2,2.063290501548E2,
2.849729491373E1));
#10809=CARTESIAN_POINT('',(-3.524825206047E2,2.062840313469E2,
2.850906697644E1));
#10810=CARTESIAN_POINT('',(-3.523857497270E2,2.062576387420E2,
2.851597148883E1));
#10811=CARTESIAN_POINT('',(-3.523220193851E2,2.062529179740E2,
2.851720730051E1));
#10812=CARTESIAN_POINT('',(-3.522901886904E2,2.062534019070E2,
2.851708063394E1));
#10813=CARTESIAN_POINT('',(-3.527979380287E2,2.067570593401E2,
2.843917305921E1));
#10814=CARTESIAN_POINT('',(-3.527984419337E2,2.067258043778E2,
2.844572647318E1));
#10815=CARTESIAN_POINT('',(-3.527935472293E2,2.066632628703E2,
2.845881972345E1));
#10816=CARTESIAN_POINT('',(-3.527661998630E2,2.065683732072E2,
2.847863253022E1));
#10817=CARTESIAN_POINT('',(-3.527195909287E2,2.064795960104E2,
2.849712706999E1));
#10818=CARTESIAN_POINT('',(-3.526540058957E2,2.064003776293E2,
2.851359606233E1));
#10819=CARTESIAN_POINT('',(-3.525731063412E2,2.063361941918E2,
2.852691340666E1));
#10820=CARTESIAN_POINT('',(-3.524825032754E2,2.062906079809E2,
2.853635418563E1));
#10821=CARTESIAN_POINT('',(-3.523857420588E2,2.062638800522E2,
2.854187883482E1));
#10822=CARTESIAN_POINT('',(-3.523220230197E2,2.062590985933E2,
2.854286433187E1));
#10823=CARTESIAN_POINT('',(-3.522901994087E2,2.062595887405E2,
2.854276327958E1));
#10824=CARTESIAN_POINT('',(-3.527979380279E2,2.067683782577E2,2.850822676E1));
#10825=CARTESIAN_POINT('',(-3.527984419397E2,2.067367717948E2,
2.851238144779E1));
#10826=CARTESIAN_POINT('',(-3.527935471659E2,2.066735245533E2,
2.852068362305E1));
#10827=CARTESIAN_POINT('',(-3.527661996449E2,2.065775579348E2,
2.853325021023E1));
#10828=CARTESIAN_POINT('',(-3.527195907145E2,2.064877682085E2,
2.854498360251E1));
#10829=CARTESIAN_POINT('',(-3.526540060576E2,2.064076422848E2,
2.855543433368E1));
#10830=CARTESIAN_POINT('',(-3.525731074401E2,2.063427204783E2,
2.856388694504E1));
#10831=CARTESIAN_POINT('',(-3.524825059891E2,2.062966077242E2,
2.856988032491E1));
#10832=CARTESIAN_POINT('',(-3.523857471590E2,2.062695697997E2,
2.857338833319E1));
#10833=CARTESIAN_POINT('',(-3.523220302033E2,2.062647325252E2,
2.857401428965E1));
#10834=CARTESIAN_POINT('',(-3.522902077818E2,2.062652283685E2,
2.857395009949E1));
#10835=CARTESIAN_POINT('',(-3.527979380453E2,2.067747399163E2,
2.857612083198E1));
#10836=CARTESIAN_POINT('',(-3.527984418145E2,2.067429315473E2,
2.857798038330E1));
#10837=CARTESIAN_POINT('',(-3.527935484573E2,2.066792791888E2,
2.858170981099E1));
#10838=CARTESIAN_POINT('',(-3.527662066217E2,2.065826950522E2,
2.858739020378E1));
#10839=CARTESIAN_POINT('',(-3.527196048222E2,2.064923253083E2,
2.859272224460E1));
#10840=CARTESIAN_POINT('',(-3.526540266558E2,2.064116799749E2,
2.859749447676E1));
#10841=CARTESIAN_POINT('',(-3.525731315268E2,2.063463359517E2,
2.860137184637E1));
#10842=CARTESIAN_POINT('',(-3.524825285873E2,2.062999223837E2,
2.860413320945E1));
#10843=CARTESIAN_POINT('',(-3.523857618528E2,2.062727075545E2,
2.860575669050E1));
#10844=CARTESIAN_POINT('',(-3.523220348119E2,2.062678385237E2,
2.860604830858E1));
#10845=CARTESIAN_POINT('',(-3.522902059326E2,2.062683376561E2,
2.860601843125E1));
#10846=CARTESIAN_POINT('',(-3.527979380656E2,2.067771733050E2,
2.862494469132E1));
#10847=CARTESIAN_POINT('',(-3.527984416690E2,2.067452903118E2,
2.862545253841E1));
#10848=CARTESIAN_POINT('',(-3.527935499597E2,2.066814866156E2,
2.862647931207E1));
#10849=CARTESIAN_POINT('',(-3.527662146952E2,2.065846676079E2,
2.862806468835E1));
#10850=CARTESIAN_POINT('',(-3.527196210608E2,2.064940739109E2,
2.862956990570E1));
#10851=CARTESIAN_POINT('',(-3.526540501671E2,2.064132252840E2,
2.863093094324E1));
#10852=CARTESIAN_POINT('',(-3.525731586152E2,2.063477138965E2,
2.863204725511E1));
#10853=CARTESIAN_POINT('',(-3.524825532192E2,2.063011795941E2,
2.863284944746E1));
#10854=CARTESIAN_POINT('',(-3.523857762808E2,2.062738928038E2,
2.863332534200E1));
#10855=CARTESIAN_POINT('',(-3.523220366570E2,2.062690105005E2,
2.863341195063E1));
#10856=CARTESIAN_POINT('',(-3.522901997861E2,2.062695108953E2,
2.863340308322E1));
#10857=CARTESIAN_POINT('',(-3.527979380835E2,2.067774736074E2,
2.865675984821E1));
#10858=CARTESIAN_POINT('',(-3.527984415399E2,2.067455877351E2,
2.865666683058E1));
#10859=CARTESIAN_POINT('',(-3.527935512942E2,2.066817750714E2,
2.865647448843E1));
#10860=CARTESIAN_POINT('',(-3.527662216855E2,2.065849341368E2,
2.865616648030E1));
#10861=CARTESIAN_POINT('',(-3.527196348108E2,2.064943133387E2,
2.865586540616E1));
#10862=CARTESIAN_POINT('',(-3.526540694677E2,2.064134352427E2,
2.865558624416E1));
#10863=CARTESIAN_POINT('',(-3.525731797500E2,2.063478960651E2,
2.865535209573E1));
#10864=CARTESIAN_POINT('',(-3.524825704604E2,2.063013394622E2,
2.865518033222E1));
#10865=CARTESIAN_POINT('',(-3.523857824334E2,2.062740382564E2,
2.865507639795E1));
#10866=CARTESIAN_POINT('',(-3.523220301631E2,2.062691532709E2,
2.865505698337E1));
#10867=CARTESIAN_POINT('',(-3.522901854197E2,2.062696542119E2,
2.865505900529E1));
#10868=CARTESIAN_POINT('',(-3.527979381E2,2.067773913743E2,2.868571265057E1));
#10869=CARTESIAN_POINT('',(-3.527984414219E2,2.067455155195E2,
2.868530110031E1));
#10870=CARTESIAN_POINT('',(-3.527935525083E2,2.066817199513E2,
2.868445479780E1));
#10871=CARTESIAN_POINT('',(-3.527662285072E2,2.065848971366E2,
2.868311138550E1));
#10872=CARTESIAN_POINT('',(-3.527196490150E2,2.064942868439E2,
2.868180711044E1));
#10873=CARTESIAN_POINT('',(-3.526540909246E2,2.064134125652E2,
2.868060463754E1));
#10874=CARTESIAN_POINT('',(-3.525732059896E2,2.063478718654E2,
2.867960100697E1));
#10875=CARTESIAN_POINT('',(-3.524825969082E2,2.063013105071E2,
2.867886794794E1));
#10876=CARTESIAN_POINT('',(-3.523858029366E2,2.062740035714E2,
2.867842601059E1));
#10877=CARTESIAN_POINT('',(-3.523220419360E2,2.062691157436E2,
2.867834360316E1));
#10878=CARTESIAN_POINT('',(-3.522901914305E2,2.062696158423E2,
2.867835188577E1));
#10879=CARTESIAN_POINT('',(-3.527979381180E2,2.067774158778E2,
2.872283744796E1));
#10880=CARTESIAN_POINT('',(-3.527984412927E2,2.067455466612E2,
2.872218599539E1));
#10881=CARTESIAN_POINT('',(-3.527935538262E2,2.066817620324E2,
2.872085043779E1));
#10882=CARTESIAN_POINT('',(-3.527662367599E2,2.065849492803E2,
2.871874068274E1));
#10883=CARTESIAN_POINT('',(-3.527196675464E2,2.064943425056E2,
2.871670019990E1));
#10884=CARTESIAN_POINT('',(-3.526541213918E2,2.064134655673E2,
2.871482505014E1));
#10885=CARTESIAN_POINT('',(-3.525732474213E2,2.063479170222E2,
2.871326435363E1));
#10886=CARTESIAN_POINT('',(-3.524826455685E2,2.063013445453E2,
2.871212720859E1));
#10887=CARTESIAN_POINT('',(-3.523858529511E2,2.062740253429E2,
2.871144308620E1));
#10888=CARTESIAN_POINT('',(-3.523220877619E2,2.062691304396E2,
2.871131560712E1));
#10889=CARTESIAN_POINT('',(-3.522902336857E2,2.062696276018E2,
2.871132811624E1));
#10890=CARTESIAN_POINT('',(-3.527979381342E2,2.067774013385E2,
2.876625861506E1));
#10891=CARTESIAN_POINT('',(-3.527984411773E2,2.067455390788E2,
2.876564288501E1));
#10892=CARTESIAN_POINT('',(-3.527935549854E2,2.066817672898E2,
2.876438115451E1));
#10893=CARTESIAN_POINT('',(-3.527662452573E2,2.065849704045E2,
2.876238950524E1));
#10894=CARTESIAN_POINT('',(-3.527196883931E2,2.064943743252E2,
2.876046435013E1));
#10895=CARTESIAN_POINT('',(-3.526541586681E2,2.064135016990E2,
2.875869599450E1));
#10896=CARTESIAN_POINT('',(-3.525733027638E2,2.063479502853E2,
2.875722470648E1));
#10897=CARTESIAN_POINT('',(-3.524827174771E2,2.063013683597E2,
2.875615295638E1));
#10898=CARTESIAN_POINT('',(-3.523859374200E2,2.062740346674E2,
2.875550817006E1));
#10899=CARTESIAN_POINT('',(-3.523221762377E2,2.062691285721E2,
2.875538780888E1));
#10900=CARTESIAN_POINT('',(-3.522903229223E2,2.062696200932E2,
2.875539939155E1));
#10901=CARTESIAN_POINT('',(-3.527979381430E2,2.067774045993E2,
2.881618016521E1));
#10902=CARTESIAN_POINT('',(-3.527984411155E2,2.067455456490E2,
2.881585889991E1));
#10903=CARTESIAN_POINT('',(-3.527935555893E2,2.066817808694E2,
2.881520126649E1));
#10904=CARTESIAN_POINT('',(-3.527662509678E2,2.065849947831E2,
2.881416502008E1));
#10905=CARTESIAN_POINT('',(-3.527197039691E2,2.064944075965E2,
2.881316485241E1));
#10906=CARTESIAN_POINT('',(-3.526541889638E2,2.064135399559E2,
2.881224741421E1));
#10907=CARTESIAN_POINT('',(-3.525733512331E2,2.063479878086E2,
2.881148517244E1));
#10908=CARTESIAN_POINT('',(-3.524827852197E2,2.063013988608E2,
2.881093085336E1));
#10909=CARTESIAN_POINT('',(-3.523860235921E2,2.062740523738E2,
2.881059827215E1));
#10910=CARTESIAN_POINT('',(-3.523222725655E2,2.062691350940E2,
2.881053696538E1));
#10911=CARTESIAN_POINT('',(-3.522904237465E2,2.062696205738E2,
2.881054345724E1));
#10912=CARTESIAN_POINT('',(-3.527979381416E2,2.067774034565E2,
2.886588929519E1));
#10913=CARTESIAN_POINT('',(-3.527984411258E2,2.067455444374E2,
2.886588628404E1));
#10914=CARTESIAN_POINT('',(-3.527935554709E2,2.066817802118E2,
2.886588097319E1));
#10915=CARTESIAN_POINT('',(-3.527662512247E2,2.065849964837E2,
2.886587503325E1));
#10916=CARTESIAN_POINT('',(-3.527197059746E2,2.064944122595E2,
2.886587145572E1));
#10917=CARTESIAN_POINT('',(-3.526541947031E2,2.064135472125E2,
2.886587026465E1));
#10918=CARTESIAN_POINT('',(-3.525733628440E2,2.063479962707E2,
2.886587135944E1));
#10919=CARTESIAN_POINT('',(-3.524828045441E2,2.063014064739E2,
2.886587434846E1));
#10920=CARTESIAN_POINT('',(-3.523860521837E2,2.062740568506E2,
2.886587877033E1));
#10921=CARTESIAN_POINT('',(-3.523223079477E2,2.062691360851E2,
2.886588224028E1));
#10922=CARTESIAN_POINT('',(-3.522904627211E2,2.062696194977E2,
2.886588405501E1));
#10923=CARTESIAN_POINT('',(-3.527979381281E2,2.067774045779E2,
2.891840633024E1));
#10924=CARTESIAN_POINT('',(-3.527984412216E2,2.067455420311E2,
2.891840279410E1));
#10925=CARTESIAN_POINT('',(-3.527935545241E2,2.066817698330E2,
2.891839654534E1));
#10926=CARTESIAN_POINT('',(-3.527662430716E2,2.065849727212E2,
2.891838962641E1));
#10927=CARTESIAN_POINT('',(-3.527196845078E2,2.064943766804E2,
2.891838565687E1));
#10928=CARTESIAN_POINT('',(-3.526541540646E2,2.064135041965E2,
2.891838476978E1));
#10929=CARTESIAN_POINT('',(-3.525732993483E2,2.063479528586E2,
2.891838692257E1));
#10930=CARTESIAN_POINT('',(-3.524827178077E2,2.063013708106E2,
2.891839168596E1));
#10931=CARTESIAN_POINT('',(-3.523859445290E2,2.062740367282E2,
2.891839854810E1));
#10932=CARTESIAN_POINT('',(-3.523221899395E2,2.062691301922E2,
2.891840397871E1));
#10933=CARTESIAN_POINT('',(-3.522903405367E2,2.062696214474E2,
2.891840686176E1));
#10934=CARTESIAN_POINT('',(-3.527979381172E2,2.067774051125E2,
2.897092658570E1));
#10935=CARTESIAN_POINT('',(-3.527984412985E2,2.067455397887E2,
2.897092270024E1));
#10936=CARTESIAN_POINT('',(-3.527935537645E2,2.066817612567E2,
2.897091574474E1));
#10937=CARTESIAN_POINT('',(-3.527662365001E2,2.065849533984E2,
2.897090778720E1));
#10938=CARTESIAN_POINT('',(-3.527196671730E2,2.064943478032E2,
2.897090293374E1));
#10939=CARTESIAN_POINT('',(-3.526541212021E2,2.064134692592E2,
2.897090141099E1));
#10940=CARTESIAN_POINT('',(-3.525732479415E2,2.063479175390E2,
2.897090327816E1));
#10941=CARTESIAN_POINT('',(-3.524826475084E2,2.063013417114E2,
2.897090816299E1));
#10942=CARTESIAN_POINT('',(-3.523858571768E2,2.062740201897E2,
2.897091557238E1));
#10943=CARTESIAN_POINT('',(-3.523220941010E2,2.062691251934E2,
2.897092163940E1));
#10944=CARTESIAN_POINT('',(-3.522902412574E2,2.062696228186E2,
2.897092491102E1));
#10945=CARTESIAN_POINT('',(-3.527979381086E2,2.067774055982E2,
2.901780812941E1));
#10946=CARTESIAN_POINT('',(-3.527984413598E2,2.067455380488E2,
2.901780419396E1));
#10947=CARTESIAN_POINT('',(-3.527935531590E2,2.066817544645E2,
2.901779710690E1));
#10948=CARTESIAN_POINT('',(-3.527662312813E2,2.065849380800E2,
2.901778888649E1));
#10949=CARTESIAN_POINT('',(-3.527196534269E2,2.064943249314E2,
2.901778375783E1));
#10950=CARTESIAN_POINT('',(-3.526540951726E2,2.064134416159E2,
2.901778199407E1));
#10951=CARTESIAN_POINT('',(-3.525732072631E2,2.063478896201E2,
2.901778370875E1));
#10952=CARTESIAN_POINT('',(-3.524825919312E2,2.063013187307E2,
2.901778857259E1));
#10953=CARTESIAN_POINT('',(-3.523857881840E2,2.062740071430E2,
2.901779612005E1));
#10954=CARTESIAN_POINT('',(-3.523220184627E2,2.062691212563E2,
2.901780239497E1));
#10955=CARTESIAN_POINT('',(-3.522901629363E2,2.062696239054E2,
2.901780580305E1));
#10956=CARTESIAN_POINT('',(-3.527979381035E2,2.067774058646E2,
2.904718325733E1));
#10957=CARTESIAN_POINT('',(-3.527984413957E2,2.067455370156E2,
2.904717927826E1));
#10958=CARTESIAN_POINT('',(-3.527935528046E2,2.066817504877E2,
2.904717208621E1));
#10959=CARTESIAN_POINT('',(-3.527662282372E2,2.065849291494E2,
2.904716366966E1));
#10960=CARTESIAN_POINT('',(-3.527196454201E2,2.064943116204E2,
2.904715833864E1));
#10961=CARTESIAN_POINT('',(-3.526540800269E2,2.064134255449E2,
2.904715639303E1));
#10962=CARTESIAN_POINT('',(-3.525731836149E2,2.063478734001E2,
2.904715797889E1));
#10963=CARTESIAN_POINT('',(-3.524825596487E2,2.063013053851E2,
2.904716279268E1));
#10964=CARTESIAN_POINT('',(-3.523857481443E2,2.062739995660E2,
2.904717038419E1));
#10965=CARTESIAN_POINT('',(-3.523219745967E2,2.062691189626E2,
2.904717675746E1));
#10966=CARTESIAN_POINT('',(-3.522901175320E2,2.062696245240E2,
2.904718023360E1));
#10967=CARTESIAN_POINT('',(-3.527979381015E2,2.067774059689E2,
2.905905177980E1));
#10968=CARTESIAN_POINT('',(-3.527984414100E2,2.067455366026E2,
2.905904777736E1));
#10969=CARTESIAN_POINT('',(-3.527935526634E2,2.066817489047E2,
2.905904053261E1));
#10970=CARTESIAN_POINT('',(-3.527662270267E2,2.065849256003E2,
2.905903202479E1));
#10971=CARTESIAN_POINT('',(-3.527196422384E2,2.064943063346E2,
2.905902660396E1));
#10972=CARTESIAN_POINT('',(-3.526540740118E2,2.064134191665E2,
2.905902458080E1));
#10973=CARTESIAN_POINT('',(-3.525731742275E2,2.063478669651E2,
2.905902611438E1));
#10974=CARTESIAN_POINT('',(-3.524825468395E2,2.063013000921E2,
2.905903091090E1));
#10975=CARTESIAN_POINT('',(-3.523857322648E2,2.062739965617E2,
2.905903852553E1));
#10976=CARTESIAN_POINT('',(-3.523219572062E2,2.062691180531E2,
2.905904494296E1));
#10977=CARTESIAN_POINT('',(-3.522900995354E2,2.062696247689E2,
2.905904844892E1));
#10978=B_SPLINE_SURFACE_WITH_KNOTS('',3,3,((#10615,#10616,#10617,#10618,#10619,
#10620,#10621,#10622,#10623,#10624,#10625),(#10626,#10627,#10628,#10629,#10630,
#10631,#10632,#10633,#10634,#10635,#10636),(#10637,#10638,#10639,#10640,#10641,
#10642,#10643,#10644,#10645,#10646,#10647),(#10648,#10649,#10650,#10651,#10652,
#10653,#10654,#10655,#10656,#10657,#10658),(#10659,#10660,#10661,#10662,#10663,
#10664,#10665,#10666,#10667,#10668,#10669),(#10670,#10671,#10672,#10673,#10674,
#10675,#10676,#10677,#10678,#10679,#10680),(#10681,#10682,#10683,#10684,#10685,
#10686,#10687,#10688,#10689,#10690,#10691),(#10692,#10693,#10694,#10695,#10696,
#10697,#10698,#10699,#10700,#10701,#10702),(#10703,#10704,#10705,#10706,#10707,
#10708,#10709,#10710,#10711,#10712,#10713),(#10714,#10715,#10716,#10717,#10718,
#10719,#10720,#10721,#10722,#10723,#10724),(#10725,#10726,#10727,#10728,#10729,
#10730,#10731,#10732,#10733,#10734,#10735),(#10736,#10737,#10738,#10739,#10740,
#10741,#10742,#10743,#10744,#10745,#10746),(#10747,#10748,#10749,#10750,#10751,
#10752,#10753,#10754,#10755,#10756,#10757),(#10758,#10759,#10760,#10761,#10762,
#10763,#10764,#10765,#10766,#10767,#10768),(#10769,#10770,#10771,#10772,#10773,
#10774,#10775,#10776,#10777,#10778,#10779),(#10780,#10781,#10782,#10783,#10784,
#10785,#10786,#10787,#10788,#10789,#10790),(#10791,#10792,#10793,#10794,#10795,
#10796,#10797,#10798,#10799,#10800,#10801),(#10802,#10803,#10804,#10805,#10806,
#10807,#10808,#10809,#10810,#10811,#10812),(#10813,#10814,#10815,#10816,#10817,
#10818,#10819,#10820,#10821,#10822,#10823),(#10824,#10825,#10826,#10827,#10828,
#10829,#10830,#10831,#10832,#10833,#10834),(#10835,#10836,#10837,#10838,#10839,
#10840,#10841,#10842,#10843,#10844,#10845),(#10846,#10847,#10848,#10849,#10850,
#10851,#10852,#10853,#10854,#10855,#10856),(#10857,#10858,#10859,#10860,#10861,
#10862,#10863,#10864,#10865,#10866,#10867),(#10868,#10869,#10870,#10871,#10872,
#10873,#10874,#10875,#10876,#10877,#10878),(#10879,#10880,#10881,#10882,#10883,
#10884,#10885,#10886,#10887,#10888,#10889),(#10890,#10891,#10892,#10893,#10894,
#10895,#10896,#10897,#10898,#10899,#10900),(#10901,#10902,#10903,#10904,#10905,
#10906,#10907,#10908,#10909,#10910,#10911),(#10912,#10913,#10914,#10915,#10916,
#10917,#10918,#10919,#10920,#10921,#10922),(#10923,#10924,#10925,#10926,#10927,
#10928,#10929,#10930,#10931,#10932,#10933),(#10934,#10935,#10936,#10937,#10938,
#10939,#10940,#10941,#10942,#10943,#10944),(#10945,#10946,#10947,#10948,#10949,
#10950,#10951,#10952,#10953,#10954,#10955),(#10956,#10957,#10958,#10959,#10960,
#10961,#10962,#10963,#10964,#10965,#10966),(#10967,#10968,#10969,#10970,#10971,
#10972,#10973,#10974,#10975,#10976,#10977)),.UNSPECIFIED.,.F.,.F.,.F.,(4,1,1,1,
1,1,1,1,1,1,1,1,1,1,1,1,1,1,1,1,1,1,1,1,1,1,1,1,1,1,4),(4,1,1,1,1,1,1,1,4),(
-9.366951221801E-3,2.625963315520E-2,5.251926631041E-2,6.564908288801E-2,
7.877889946561E-2,1.050385326208E-1,1.312981657760E-1,1.575577989312E-1,
2.100770652416E-1,2.625963315520E-1,3.151155978625E-1,3.676348641729E-1,
4.201541304833E-1,4.726733967937E-1,5.251926631041E-1,5.777119294145E-1,
6.039715625697E-1,6.302311957249E-1,6.827504620353E-1,7.352697283457E-1,
7.615293615009E-1,7.877889946561E-1,8.140486278113E-1,8.403082609665E-1,
8.928275272770E-1,9.453467935874E-1,9.978660598978E-1,1.050385326208E0,
1.102904592519E0,1.155423858829E0,1.191028994164E0),(-1.112947878671E-2,1.25E-1,
2.5E-1,3.75E-1,5.E-1,6.25E-1,7.5E-1,8.75E-1,1.011081631203E0),.UNSPECIFIED.);
#10979=ORIENTED_EDGE('',*,*,#7627,.T.);
#10981=ORIENTED_EDGE('',*,*,#10980,.F.);
#10983=ORIENTED_EDGE('',*,*,#10982,.T.);
#10984=ORIENTED_EDGE('',*,*,#10607,.T.);
#10985=EDGE_LOOP('',(#10979,#10981,#10983,#10984));
#10986=FACE_OUTER_BOUND('',#10985,.F.);
#10988=CARTESIAN_POINT('',(-3.52298E2,2.067695625706E2,-4.634775240272E1));
#10989=DIRECTION('',(0.E0,0.E0,-1.E0));
#10990=DIRECTION('',(0.E0,1.E0,0.E0));
#10991=AXIS2_PLACEMENT_3D('',#10988,#10989,#10990);
#10992=CYLINDRICAL_SURFACE('',#10991,5.E-1);
#10993=ORIENTED_EDGE('',*,*,#10980,.T.);
#10994=ORIENTED_EDGE('',*,*,#7650,.F.);
#10996=ORIENTED_EDGE('',*,*,#10995,.F.);
#10998=ORIENTED_EDGE('',*,*,#10997,.T.);
#10999=EDGE_LOOP('',(#10993,#10994,#10996,#10998));
#11000=FACE_OUTER_BOUND('',#10999,.F.);
#11002=CARTESIAN_POINT('',(-3.52298E2,2.067695625706E2,3.390327179754E1));
#11003=DIRECTION('',(-7.071067811865E-1,-5.671971556716E-1,4.222409106162E-1));
#11004=DIRECTION('',(-6.257113999901E-1,7.800546416261E-1,0.E0));
#11005=AXIS2_PLACEMENT_3D('',#11002,#11003,#11004);
#11006=SPHERICAL_SURFACE('',#11005,5.E-1);
#11007=ORIENTED_EDGE('',*,*,#10995,.T.);
#11009=ORIENTED_EDGE('',*,*,#11008,.T.);
#11011=ORIENTED_EDGE('',*,*,#11010,.F.);
#11013=ORIENTED_EDGE('',*,*,#11012,.T.);
#11015=ORIENTED_EDGE('',*,*,#11014,.T.);
#11016=EDGE_LOOP('',(#11007,#11009,#11011,#11013,#11015));
#11017=FACE_OUTER_BOUND('',#11016,.F.);
#11019=CARTESIAN_POINT('',(-3.52298E2,2.094946418799E2,2.480250574417E1));
#11020=DIRECTION('',(1.E0,0.E0,0.E0));
#11021=DIRECTION('',(0.E0,1.E0,0.E0));
#11022=AXIS2_PLACEMENT_3D('',#11019,#11020,#11021);
#11023=TOROIDAL_SURFACE('',#11022,9.5E0,5.E-1);
#11024=ORIENTED_EDGE('',*,*,#7648,.F.);
#11026=ORIENTED_EDGE('',*,*,#11025,.F.);
#11028=ORIENTED_EDGE('',*,*,#11027,.T.);
#11030=ORIENTED_EDGE('',*,*,#11029,.F.);
#11031=ORIENTED_EDGE('',*,*,#11008,.F.);
#11032=EDGE_LOOP('',(#11024,#11026,#11028,#11030,#11031));
#11033=FACE_OUTER_BOUND('',#11032,.F.);
#11035=CARTESIAN_POINT('',(-3.52298E2,-2.06E1,3.430250574417E1));
#11036=DIRECTION('',(0.E0,-1.E0,0.E0));
#11037=DIRECTION('',(0.E0,0.E0,-1.E0));
#11038=AXIS2_PLACEMENT_3D('',#11035,#11036,#11037);
#11039=CYLINDRICAL_SURFACE('',#11038,5.E-1);
#11041=ORIENTED_EDGE('',*,*,#11040,.F.);
#11043=ORIENTED_EDGE('',*,*,#11042,.F.);
#11045=ORIENTED_EDGE('',*,*,#11044,.F.);
#11046=ORIENTED_EDGE('',*,*,#11025,.T.);
#11047=ORIENTED_EDGE('',*,*,#7646,.T.);
#11048=EDGE_LOOP('',(#11041,#11043,#11045,#11046,#11047));
#11049=FACE_OUTER_BOUND('',#11048,.F.);
#11051=CARTESIAN_POINT('',(-3.52298E2,2.124E2,3.430250574417E1));
#11052=DIRECTION('',(-7.071067811866E-1,5.E-1,5.E-1));
#11053=DIRECTION('',(5.773502691896E-1,8.164965809277E-1,1.232347557334E-14));
#11054=AXIS2_PLACEMENT_3D('',#11051,#11052,#11053);
#11055=SPHERICAL_SURFACE('',#11054,5.E-1);
#11056=ORIENTED_EDGE('',*,*,#11040,.T.);
#11058=ORIENTED_EDGE('',*,*,#11057,.T.);
#11060=ORIENTED_EDGE('',*,*,#11059,.F.);
#11062=ORIENTED_EDGE('',*,*,#11061,.F.);
#11064=ORIENTED_EDGE('',*,*,#11063,.T.);
#11065=EDGE_LOOP('',(#11056,#11058,#11060,#11062,#11064));
#11066=FACE_OUTER_BOUND('',#11065,.F.);
#11068=CARTESIAN_POINT('',(-3.52298E2,2.124E2,-4.634775240272E1));
#11069=DIRECTION('',(0.E0,0.E0,-1.E0));
#11070=DIRECTION('',(0.E0,1.E0,0.E0));
#11071=AXIS2_PLACEMENT_3D('',#11068,#11069,#11070);
#11072=CYLINDRICAL_SURFACE('',#11071,5.E-1);
#11073=ORIENTED_EDGE('',*,*,#7644,.T.);
#11075=ORIENTED_EDGE('',*,*,#11074,.T.);
#11077=ORIENTED_EDGE('',*,*,#11076,.F.);
#11078=ORIENTED_EDGE('',*,*,#11057,.F.);
#11079=EDGE_LOOP('',(#11073,#11075,#11077,#11078));
#11080=FACE_OUTER_BOUND('',#11079,.F.);
#11082=CARTESIAN_POINT('',(-3.52298E2,2.133999996082E2,3.600000110727E0));
#11083=DIRECTION('',(-1.E0,0.E0,0.E0));
#11084=DIRECTION('',(0.E0,-1.E0,0.E0));
#11085=AXIS2_PLACEMENT_3D('',#11082,#11083,#11084);
#11086=TOROIDAL_SURFACE('',#11085,4.8E0,5.E-1);
#11087=ORIENTED_EDGE('',*,*,#7642,.T.);
#11088=ORIENTED_EDGE('',*,*,#7617,.T.);
#11090=ORIENTED_EDGE('',*,*,#11089,.F.);
#11091=ORIENTED_EDGE('',*,*,#11074,.F.);
#11092=EDGE_LOOP('',(#11087,#11088,#11090,#11091));
#11093=FACE_OUTER_BOUND('',#11092,.F.);
#11095=CARTESIAN_POINT('',(-3.52798E2,2.133999996082E2,3.600000110727E0));
#11096=DIRECTION('',(-1.E0,0.E0,0.E0));
#11097=DIRECTION('',(0.E0,-1.E0,0.E0));
#11098=AXIS2_PLACEMENT_3D('',#11095,#11096,#11097);
#11099=CYLINDRICAL_SURFACE('',#11098,5.3E0);
#11100=ORIENTED_EDGE('',*,*,#8054,.F.);
#11102=ORIENTED_EDGE('',*,*,#11101,.F.);
#11104=ORIENTED_EDGE('',*,*,#11103,.T.);
#11105=ORIENTED_EDGE('',*,*,#11089,.T.);
#11107=ORIENTED_EDGE('',*,*,#11106,.F.);
#11108=ORIENTED_EDGE('',*,*,#8061,.T.);
#11110=ORIENTED_EDGE('',*,*,#11109,.F.);
#11111=ORIENTED_EDGE('',*,*,#7961,.F.);
#11112=ORIENTED_EDGE('',*,*,#8024,.T.);
#11113=EDGE_LOOP('',(#11100,#11102,#11104,#11105,#11107,#11108,#11110,#11111,
#11112));
#11114=FACE_OUTER_BOUND('',#11113,.F.);
#11116=CARTESIAN_POINT('',(-3.51798E2,2.124E2,-4.634775240272E1));
#11117=DIRECTION('',(0.E0,0.E0,-1.E0));
#11118=DIRECTION('',(0.E0,1.E0,0.E0));
#11119=AXIS2_PLACEMENT_3D('',#11116,#11117,#11118);
#11120=CYLINDRICAL_SURFACE('',#11119,5.E-1);
#11121=ORIENTED_EDGE('',*,*,#8052,.F.);
#11123=ORIENTED_EDGE('',*,*,#11122,.F.);
#11125=ORIENTED_EDGE('',*,*,#11124,.T.);
#11126=ORIENTED_EDGE('',*,*,#11101,.T.);
#11127=EDGE_LOOP('',(#11121,#11123,#11125,#11126));
#11128=FACE_OUTER_BOUND('',#11127,.F.);
#11130=CARTESIAN_POINT('',(-4.19842E2,2.124E2,3.380250574417E1));
#11131=DIRECTION('',(-1.E0,0.E0,0.E0));
#11132=DIRECTION('',(0.E0,-1.E0,0.E0));
#11133=AXIS2_PLACEMENT_3D('',#11130,#11131,#11132);
#11134=CYLINDRICAL_SURFACE('',#11133,5.E-1);
#11136=ORIENTED_EDGE('',*,*,#11135,.T.);
#11138=ORIENTED_EDGE('',*,*,#11137,.T.);
#11139=ORIENTED_EDGE('',*,*,#11122,.T.);
#11141=ORIENTED_EDGE('',*,*,#11140,.F.);
#11142=EDGE_LOOP('',(#11136,#11138,#11139,#11141));
#11143=FACE_OUTER_BOUND('',#11142,.F.);
#11145=CARTESIAN_POINT('',(-3.41753E2,2.016305441719E2,4.223594465844E1));
#11146=DIRECTION('',(1.E0,0.E0,0.E0));
#11147=DIRECTION('',(0.E0,1.E0,0.E0));
#11148=AXIS2_PLACEMENT_3D('',#11145,#11146,#11147);
#11149=PLANE('',#11148);
#11150=ORIENTED_EDGE('',*,*,#11135,.F.);
#11152=ORIENTED_EDGE('',*,*,#11151,.T.);
#11154=ORIENTED_EDGE('',*,*,#11153,.F.);
#11156=ORIENTED_EDGE('',*,*,#11155,.F.);
#11158=ORIENTED_EDGE('',*,*,#11157,.F.);
#11160=ORIENTED_EDGE('',*,*,#11159,.T.);
#11162=ORIENTED_EDGE('',*,*,#11161,.T.);
#11164=ORIENTED_EDGE('',*,*,#11163,.F.);
#11165=ORIENTED_EDGE('',*,*,#9397,.T.);
#11166=ORIENTED_EDGE('',*,*,#9418,.T.);
#11168=ORIENTED_EDGE('',*,*,#11167,.T.);
#11170=ORIENTED_EDGE('',*,*,#11169,.T.);
#11172=ORIENTED_EDGE('',*,*,#11171,.T.);
#11174=ORIENTED_EDGE('',*,*,#11173,.T.);
#11175=EDGE_LOOP('',(#11150,#11152,#11154,#11156,#11158,#11160,#11162,#11164,
#11165,#11166,#11168,#11170,#11172,#11174));
#11176=FACE_OUTER_BOUND('',#11175,.F.);
#11178=CARTESIAN_POINT('',(-3.43253E2,2.094946418799E2,3.330250574417E1));
#11179=DIRECTION('',(0.E0,0.E0,1.E0));
#11180=DIRECTION('',(0.E0,-1.E0,0.E0));
#11181=AXIS2_PLACEMENT_3D('',#11178,#11179,#11180);
#11182=PLANE('',#11181);
#11183=ORIENTED_EDGE('',*,*,#11151,.F.);
#11184=ORIENTED_EDGE('',*,*,#11140,.T.);
#11185=ORIENTED_EDGE('',*,*,#8050,.F.);
#11187=ORIENTED_EDGE('',*,*,#11186,.T.);
#11189=ORIENTED_EDGE('',*,*,#11188,.F.);
#11191=ORIENTED_EDGE('',*,*,#11190,.F.);
#11192=EDGE_LOOP('',(#11183,#11184,#11185,#11187,#11189,#11191));
#11193=FACE_OUTER_BOUND('',#11192,.F.);
#11195=CARTESIAN_POINT('',(-3.43253E2,2.094946418799E2,2.480250574417E1));
#11196=DIRECTION('',(1.E0,0.E0,0.E0));
#11197=DIRECTION('',(0.E0,1.E0,0.E0));
#11198=AXIS2_PLACEMENT_3D('',#11195,#11196,#11197);
#11199=CYLINDRICAL_SURFACE('',#11198,8.5E0);
#11201=ORIENTED_EDGE('',*,*,#11200,.T.);
#11203=ORIENTED_EDGE('',*,*,#11202,.F.);
#11204=ORIENTED_EDGE('',*,*,#11186,.F.);
#11205=ORIENTED_EDGE('',*,*,#8048,.T.);
#11206=EDGE_LOOP('',(#11201,#11203,#11204,#11205));
#11207=FACE_OUTER_BOUND('',#11206,.F.);
#11209=CARTESIAN_POINT('',(-3.43253E2,2.082695625706E2,3.270814807646E1));
#11210=DIRECTION('',(1.E0,0.E0,0.E0));
#11211=DIRECTION('',(0.E0,1.E0,0.E0));
#11212=AXIS2_PLACEMENT_3D('',#11209,#11210,#11211);
#11213=CYLINDRICAL_SURFACE('',#11212,5.E-1);
#11215=ORIENTED_EDGE('',*,*,#11214,.F.);
#11216=ORIENTED_EDGE('',*,*,#11200,.F.);
#11217=ORIENTED_EDGE('',*,*,#8046,.T.);
#11219=ORIENTED_EDGE('',*,*,#11218,.T.);
#11220=EDGE_LOOP('',(#11215,#11216,#11217,#11219));
#11221=FACE_OUTER_BOUND('',#11220,.F.);
#11223=CARTESIAN_POINT('',(-3.42553E2,2.082695625706E2,3.270814807646E1));
#11224=DIRECTION('',(1.E0,0.E0,0.E0));
#11225=DIRECTION('',(0.E0,1.E0,0.E0));
#11226=AXIS2_PLACEMENT_3D('',#11223,#11224,#11225);
#11227=TOROIDAL_SURFACE('',#11226,1.E0,5.E-1);
#11228=ORIENTED_EDGE('',*,*,#11214,.T.);
#11230=ORIENTED_EDGE('',*,*,#11229,.T.);
#11231=ORIENTED_EDGE('',*,*,#8204,.F.);
#11233=ORIENTED_EDGE('',*,*,#11232,.F.);
#11234=EDGE_LOOP('',(#11228,#11230,#11231,#11233));
#11235=FACE_OUTER_BOUND('',#11234,.F.);
#11237=CARTESIAN_POINT('',(-3.42553E2,2.072695625706E2,-4.634775240272E1));
#11238=DIRECTION('',(0.E0,0.E0,1.E0));
#11239=DIRECTION('',(0.E0,-1.E0,0.E0));
#11240=AXIS2_PLACEMENT_3D('',#11237,#11238,#11239);
#11241=CYLINDRICAL_SURFACE('',#11240,5.E-1);
#11242=ORIENTED_EDGE('',*,*,#8159,.T.);
#11243=ORIENTED_EDGE('',*,*,#11229,.F.);
#11245=ORIENTED_EDGE('',*,*,#11244,.F.);
#11247=ORIENTED_EDGE('',*,*,#11246,.F.);
#11249=ORIENTED_EDGE('',*,*,#11248,.F.);
#11250=EDGE_LOOP('',(#11242,#11243,#11245,#11247,#11249));
#11251=FACE_OUTER_BOUND('',#11250,.F.);
#11253=CARTESIAN_POINT('',(-3.49193E2,2.077695625706E2,3.005655193513E1));
#11254=DIRECTION('',(0.E0,1.E0,0.E0));
#11255=DIRECTION('',(0.E0,0.E0,1.E0));
#11256=AXIS2_PLACEMENT_3D('',#11253,#11254,#11255);
#11257=PLANE('',#11256);
#11259=ORIENTED_EDGE('',*,*,#11258,.F.);
#11260=ORIENTED_EDGE('',*,*,#11244,.T.);
#11261=ORIENTED_EDGE('',*,*,#11218,.F.);
#11262=ORIENTED_EDGE('',*,*,#8044,.F.);
#11263=EDGE_LOOP('',(#11259,#11260,#11261,#11262));
#11264=FACE_OUTER_BOUND('',#11263,.F.);
#11266=CARTESIAN_POINT('',(-3.52798E2,2.072695625706E2,2.709954765012E1));
#11267=DIRECTION('',(-1.E0,0.E0,0.E0));
#11268=DIRECTION('',(0.E0,-1.E0,0.E0));
#11269=AXIS2_PLACEMENT_3D('',#11266,#11267,#11268);
#11270=CYLINDRICAL_SURFACE('',#11269,5.E-1);
#11272=ORIENTED_EDGE('',*,*,#11271,.F.);
#11273=ORIENTED_EDGE('',*,*,#11258,.T.);
#11274=ORIENTED_EDGE('',*,*,#8042,.T.);
#11276=ORIENTED_EDGE('',*,*,#11275,.F.);
#11277=EDGE_LOOP('',(#11272,#11273,#11274,#11276));
#11278=FACE_OUTER_BOUND('',#11277,.F.);
#11280=CARTESIAN_POINT('',(-3.42553E2,2.072695625706E2,2.709954765012E1));
#11281=DIRECTION('',(4.464338027016E-1,6.735530732341E-1,-5.890866806696E-1));
#11282=DIRECTION('',(0.E0,-6.583322654128E-1,-7.527274595207E-1));
#11283=AXIS2_PLACEMENT_3D('',#11280,#11281,#11282);
#11284=SPHERICAL_SURFACE('',#11283,5.E-1);
#11285=ORIENTED_EDGE('',*,*,#11271,.T.);
#11287=ORIENTED_EDGE('',*,*,#11286,.T.);
#11289=ORIENTED_EDGE('',*,*,#11288,.F.);
#11291=ORIENTED_EDGE('',*,*,#11290,.T.);
#11292=ORIENTED_EDGE('',*,*,#11246,.T.);
#11293=EDGE_LOOP('',(#11285,#11287,#11289,#11291,#11292));
#11294=FACE_OUTER_BOUND('',#11293,.F.);
#11296=CARTESIAN_POINT('',(-3.42553E2,2.131578179854E2,1.182698698570E1));
#11297=DIRECTION('',(-1.E0,0.E0,0.E0));
#11298=DIRECTION('',(0.E0,-1.E0,0.E0));
#11299=AXIS2_PLACEMENT_3D('',#11296,#11297,#11298);
#11300=TOROIDAL_SURFACE('',#11299,1.636834326004E1,5.E-1);
#11301=ORIENTED_EDGE('',*,*,#8161,.T.);
#11303=ORIENTED_EDGE('',*,*,#11302,.F.);
#11304=ORIENTED_EDGE('',*,*,#11286,.F.);
#11306=ORIENTED_EDGE('',*,*,#11305,.F.);
#11308=ORIENTED_EDGE('',*,*,#11307,.T.);
#11309=EDGE_LOOP('',(#11301,#11303,#11304,#11306,#11308));
#11310=FACE_OUTER_BOUND('',#11309,.F.);
#11312=CARTESIAN_POINT('',(-3.42553E2,2.072695625706E2,2.709954765012E1));
#11313=DIRECTION('',(4.464338027016E-1,6.735530732341E-1,-5.890866806696E-1));
#11314=DIRECTION('',(0.E0,-6.583322654128E-1,-7.527274595207E-1));
#11315=AXIS2_PLACEMENT_3D('',#11312,#11313,#11314);
#11316=SPHERICAL_SURFACE('',#11315,5.E-1);
#11317=ORIENTED_EDGE('',*,*,#11290,.F.);
#11318=ORIENTED_EDGE('',*,*,#11288,.T.);
#11319=ORIENTED_EDGE('',*,*,#11302,.T.);
#11320=ORIENTED_EDGE('',*,*,#11248,.T.);
#11321=EDGE_LOOP('',(#11317,#11318,#11319,#11320));
#11322=FACE_OUTER_BOUND('',#11321,.F.);
#11324=CARTESIAN_POINT('',(-3.52798E2,2.131578179854E2,1.182698698570E1));
#11325=DIRECTION('',(-1.E0,0.E0,0.E0));
#11326=DIRECTION('',(0.E0,0.E0,-1.E0));
#11327=AXIS2_PLACEMENT_3D('',#11324,#11325,#11326);
#11328=CYLINDRICAL_SURFACE('',#11327,1.586834326004E1);
#11329=ORIENTED_EDGE('',*,*,#11275,.T.);
#11330=ORIENTED_EDGE('',*,*,#8040,.F.);
#11331=ORIENTED_EDGE('',*,*,#8081,.F.);
#11332=ORIENTED_EDGE('',*,*,#11305,.T.);
#11333=EDGE_LOOP('',(#11329,#11330,#11331,#11332));
#11334=FACE_OUTER_BOUND('',#11333,.F.);
#11336=FILL_AREA_STYLE_COLOUR('',#105);
#11337=FILL_AREA_STYLE('',(#11336));
#11338=SURFACE_STYLE_FILL_AREA(#11337);
#11339=SURFACE_SIDE_STYLE('',(#11338));
#11340=SURFACE_STYLE_USAGE(.BOTH.,#11339);
#11341=PRESENTATION_STYLE_ASSIGNMENT((#11340));
#11342=OVER_RIDING_STYLED_ITEM('',(#11341),#11335,#130);
#11343=CARTESIAN_POINT('',(-3.42553E2,1.429760613640E2,-4.634775240272E1));
#11344=DIRECTION('',(0.E0,-6.427876096865E-1,-7.660444431190E-1));
#11345=DIRECTION('',(0.E0,7.660444431190E-1,-6.427876096865E-1));
#11346=AXIS2_PLACEMENT_3D('',#11343,#11344,#11345);
#11347=CYLINDRICAL_SURFACE('',#11346,5.E-1);
#11348=ORIENTED_EDGE('',*,*,#11307,.F.);
#11349=ORIENTED_EDGE('',*,*,#8079,.F.);
#11350=ORIENTED_EDGE('',*,*,#8144,.T.);
#11351=ORIENTED_EDGE('',*,*,#8163,.T.);
#11352=EDGE_LOOP('',(#11348,#11349,#11350,#11351));
#11353=FACE_OUTER_BOUND('',#11352,.F.);
#11355=CARTESIAN_POINT('',(-3.42553E2,2.094946418799E2,2.480250574417E1));
#11356=DIRECTION('',(1.E0,0.E0,0.E0));
#11357=DIRECTION('',(0.E0,1.E0,0.E0));
#11358=AXIS2_PLACEMENT_3D('',#11355,#11356,#11357);
#11359=TOROIDAL_SURFACE('',#11358,9.E0,5.E-1);
#11360=ORIENTED_EDGE('',*,*,#8202,.F.);
#11362=ORIENTED_EDGE('',*,*,#11361,.F.);
#11363=ORIENTED_EDGE('',*,*,#11202,.T.);
#11364=ORIENTED_EDGE('',*,*,#11232,.T.);
#11365=EDGE_LOOP('',(#11360,#11362,#11363,#11364));
#11366=FACE_OUTER_BOUND('',#11365,.F.);
#11368=CARTESIAN_POINT('',(-3.42553E2,-2.06E1,3.380250574417E1));
#11369=DIRECTION('',(0.E0,-1.E0,0.E0));
#11370=DIRECTION('',(0.E0,0.E0,-1.E0));
#11371=AXIS2_PLACEMENT_3D('',#11368,#11369,#11370);
#11372=CYLINDRICAL_SURFACE('',#11371,5.E-1);
#11373=ORIENTED_EDGE('',*,*,#8200,.F.);
#11375=ORIENTED_EDGE('',*,*,#11374,.F.);
#11376=ORIENTED_EDGE('',*,*,#11188,.T.);
#11377=ORIENTED_EDGE('',*,*,#11361,.T.);
#11378=EDGE_LOOP('',(#11373,#11375,#11376,#11377));
#11379=FACE_OUTER_BOUND('',#11378,.F.);
#11381=CARTESIAN_POINT('',(-3.42053E2,2.114E2,3.330250574417E1));
#11382=DIRECTION('',(0.E0,-1.E0,0.E0));
#11383=DIRECTION('',(0.E0,0.E0,1.E0));
#11384=AXIS2_PLACEMENT_3D('',#11381,#11382,#11383);
#11385=PLANE('',#11384);
#11386=ORIENTED_EDGE('',*,*,#8198,.T.);
#11388=ORIENTED_EDGE('',*,*,#11387,.T.);
#11389=ORIENTED_EDGE('',*,*,#11153,.T.);
#11390=ORIENTED_EDGE('',*,*,#11190,.T.);
#11391=ORIENTED_EDGE('',*,*,#11374,.T.);
#11392=EDGE_LOOP('',(#11386,#11388,#11389,#11390,#11391));
#11393=FACE_OUTER_BOUND('',#11392,.F.);
#11395=CARTESIAN_POINT('',(-3.42053E2,2.114E2,3.443273609826E1));
#11396=DIRECTION('',(0.E0,-7.675900841554E-1,-6.409410758457E-1));
#11397=DIRECTION('',(0.E0,-6.409410758457E-1,7.675900841554E-1));
#11398=AXIS2_PLACEMENT_3D('',#11395,#11396,#11397);
#11399=PLANE('',#11398);
#11400=ORIENTED_EDGE('',*,*,#8196,.T.);
#11402=ORIENTED_EDGE('',*,*,#11401,.T.);
#11403=ORIENTED_EDGE('',*,*,#11155,.T.);
#11404=ORIENTED_EDGE('',*,*,#11387,.F.);
#11405=EDGE_LOOP('',(#11400,#11402,#11403,#11404));
#11406=FACE_OUTER_BOUND('',#11405,.F.);
#11408=CARTESIAN_POINT('',(-3.42053E2,2.045329149455E2,4.265674699962E1));
#11409=DIRECTION('',(0.E0,-9.961946980928E-1,8.715574273603E-2));
#11410=DIRECTION('',(0.E0,8.715574273603E-2,9.961946980928E-1));
#11411=AXIS2_PLACEMENT_3D('',#11408,#11409,#11410);
#11412=PLANE('',#11411);
#11413=ORIENTED_EDGE('',*,*,#8194,.T.);
#11415=ORIENTED_EDGE('',*,*,#11414,.T.);
#11416=ORIENTED_EDGE('',*,*,#11157,.T.);
#11417=ORIENTED_EDGE('',*,*,#11401,.F.);
#11418=EDGE_LOOP('',(#11413,#11415,#11416,#11417));
#11419=FACE_OUTER_BOUND('',#11418,.F.);
#11421=CARTESIAN_POINT('',(-3.42053E2,2.016629070264E2,4.383570245253E1));
#11422=DIRECTION('',(1.E0,0.E0,0.E0));
#11423=DIRECTION('',(0.E0,1.E0,0.E0));
#11424=AXIS2_PLACEMENT_3D('',#11421,#11422,#11423);
#11425=CYLINDRICAL_SURFACE('',#11424,3.5E0);
#11427=ORIENTED_EDGE('',*,*,#11426,.F.);
#11428=ORIENTED_EDGE('',*,*,#11159,.F.);
#11429=ORIENTED_EDGE('',*,*,#11414,.F.);
#11430=ORIENTED_EDGE('',*,*,#8192,.T.);
#11432=ORIENTED_EDGE('',*,*,#11431,.T.);
#11433=ORIENTED_EDGE('',*,*,#9383,.F.);
#11434=EDGE_LOOP('',(#11427,#11428,#11429,#11430,#11432,#11433));
#11435=FACE_OUTER_BOUND('',#11434,.F.);
#11437=CARTESIAN_POINT('',(1.730000098425E1,1.990353594031E2,3.116876408149E1));
#11438=DIRECTION('',(0.E0,9.961946980928E-1,-8.715574273603E-2));
#11439=DIRECTION('',(0.E0,-8.715574273603E-2,-9.961946980928E-1));
#11440=AXIS2_PLACEMENT_3D('',#11437,#11438,#11439);
#11441=PLANE('',#11440);
#11443=ORIENTED_EDGE('',*,*,#11442,.T.);
#11444=ORIENTED_EDGE('',*,*,#11161,.F.);
#11445=ORIENTED_EDGE('',*,*,#11426,.T.);
#11446=ORIENTED_EDGE('',*,*,#9381,.T.);
#11447=EDGE_LOOP('',(#11443,#11444,#11445,#11446));
#11448=FACE_OUTER_BOUND('',#11447,.F.);
#11450=CARTESIAN_POINT('',(-3.43253E2,2.002341641693E2,4.831327923558E1));
#11451=DIRECTION('',(-1.E0,0.E0,0.E0));
#11452=DIRECTION('',(0.E0,-1.E0,0.E0));
#11453=AXIS2_PLACEMENT_3D('',#11450,#11451,#11452);
#11454=CYLINDRICAL_SURFACE('',#11453,3.E-1);
#11455=ORIENTED_EDGE('',*,*,#11442,.F.);
#11456=ORIENTED_EDGE('',*,*,#9379,.F.);
#11457=ORIENTED_EDGE('',*,*,#9399,.T.);
#11458=ORIENTED_EDGE('',*,*,#11163,.T.);
#11459=EDGE_LOOP('',(#11455,#11456,#11457,#11458));
#11460=FACE_OUTER_BOUND('',#11459,.F.);
#11462=CARTESIAN_POINT('',(-3.37999999E2,1.988089228784E2,4.593146577282E1));
#11463=DIRECTION('',(0.E0,-1.E0,-8.038873387795E-14));
#11464=DIRECTION('',(0.E0,-8.038873387795E-14,1.E0));
#11465=AXIS2_PLACEMENT_3D('',#11462,#11463,#11464);
#11466=PLANE('',#11465);
#11467=ORIENTED_EDGE('',*,*,#9385,.T.);
#11468=ORIENTED_EDGE('',*,*,#11431,.F.);
#11469=ORIENTED_EDGE('',*,*,#8190,.T.);
#11470=ORIENTED_EDGE('',*,*,#9360,.F.);
#11471=EDGE_LOOP('',(#11467,#11468,#11469,#11470));
#11472=FACE_OUTER_BOUND('',#11471,.F.);
#11474=CARTESIAN_POINT('',(-3.688549E2,2.060811743074E2,4.314286261593E1));
#11475=DIRECTION('',(0.E0,-9.961946980928E-1,8.715574273603E-2));
#11476=DIRECTION('',(0.E0,8.715574273603E-2,9.961946980928E-1));
#11477=AXIS2_PLACEMENT_3D('',#11474,#11475,#11476);
#11478=PLANE('',#11477);
#11479=ORIENTED_EDGE('',*,*,#9416,.T.);
#11480=ORIENTED_EDGE('',*,*,#9559,.T.);
#11482=ORIENTED_EDGE('',*,*,#11481,.T.);
#11484=ORIENTED_EDGE('',*,*,#11483,.T.);
#11485=ORIENTED_EDGE('',*,*,#11167,.F.);
#11486=EDGE_LOOP('',(#11479,#11480,#11482,#11484,#11485));
#11487=FACE_OUTER_BOUND('',#11486,.F.);
#11489=CARTESIAN_POINT('',(-3.42553E2,1.979506140511E2,-4.634775240272E1));
#11490=DIRECTION('',(0.E0,-8.715574273603E-2,-9.961946980928E-1));
#11491=DIRECTION('',(0.E0,9.961946980928E-1,-8.715574273603E-2));
#11492=AXIS2_PLACEMENT_3D('',#11489,#11490,#11491);
#11493=CYLINDRICAL_SURFACE('',#11492,3.E-1);
#11494=ORIENTED_EDGE('',*,*,#8306,.T.);
#11496=ORIENTED_EDGE('',*,*,#11495,.T.);
#11497=ORIENTED_EDGE('',*,*,#11481,.F.);
#11498=ORIENTED_EDGE('',*,*,#9557,.T.);
#11499=EDGE_LOOP('',(#11494,#11496,#11497,#11498));
#11500=FACE_OUTER_BOUND('',#11499,.F.);
#11502=CARTESIAN_POINT('',(-3.688549E2,2.129E2,3.497664705498E1));
#11503=DIRECTION('',(0.E0,-7.675900841554E-1,-6.409410758457E-1));
#11504=DIRECTION('',(0.E0,-6.409410758457E-1,7.675900841554E-1));
#11505=AXIS2_PLACEMENT_3D('',#11502,#11503,#11504);
#11506=PLANE('',#11505);
#11508=ORIENTED_EDGE('',*,*,#11507,.T.);
#11509=ORIENTED_EDGE('',*,*,#11169,.F.);
#11510=ORIENTED_EDGE('',*,*,#11483,.F.);
#11511=ORIENTED_EDGE('',*,*,#11495,.F.);
#11512=ORIENTED_EDGE('',*,*,#8304,.T.);
#11514=ORIENTED_EDGE('',*,*,#11513,.T.);
#11516=ORIENTED_EDGE('',*,*,#11515,.F.);
#11517=EDGE_LOOP('',(#11508,#11509,#11510,#11511,#11512,#11514,#11516));
#11518=FACE_OUTER_BOUND('',#11517,.F.);
#11520=CARTESIAN_POINT('',(-4.19842E2,2.126E2,3.486786486364E1));
#11521=DIRECTION('',(-1.E0,0.E0,0.E0));
#11522=DIRECTION('',(0.E0,-1.E0,0.E0));
#11523=AXIS2_PLACEMENT_3D('',#11520,#11521,#11522);
#11524=CYLINDRICAL_SURFACE('',#11523,3.E-1);
#11525=ORIENTED_EDGE('',*,*,#11507,.F.);
#11527=ORIENTED_EDGE('',*,*,#11526,.T.);
#11529=ORIENTED_EDGE('',*,*,#11528,.T.);
#11530=ORIENTED_EDGE('',*,*,#11171,.F.);
#11531=EDGE_LOOP('',(#11525,#11527,#11529,#11530));
#11532=FACE_OUTER_BOUND('',#11531,.F.);
#11534=CARTESIAN_POINT('',(-3.43553E2,2.127131783852E2,3.863718110828E1));
#11535=DIRECTION('',(-1.E0,0.E0,0.E0));
#11536=DIRECTION('',(0.E0,-1.E0,0.E0));
#11537=AXIS2_PLACEMENT_3D('',#11534,#11535,#11536);
#11538=PLANE('',#11537);
#11540=ORIENTED_EDGE('',*,*,#11539,.F.);
#11542=ORIENTED_EDGE('',*,*,#11541,.F.);
#11544=ORIENTED_EDGE('',*,*,#11543,.F.);
#11546=ORIENTED_EDGE('',*,*,#11545,.F.);
#11548=ORIENTED_EDGE('',*,*,#11547,.T.);
#11550=ORIENTED_EDGE('',*,*,#11549,.T.);
#11551=ORIENTED_EDGE('',*,*,#11526,.F.);
#11552=ORIENTED_EDGE('',*,*,#11515,.T.);
#11554=ORIENTED_EDGE('',*,*,#11553,.T.);
#11555=EDGE_LOOP('',(#11540,#11542,#11544,#11546,#11548,#11550,#11551,#11552,
#11554));
#11556=FACE_OUTER_BOUND('',#11555,.F.);
#11558=CARTESIAN_POINT('',(-3.507930000117E2,2.062695625706E2,
3.426817336188E1));
#11559=DIRECTION('',(0.E0,-1.E0,0.E0));
#11560=DIRECTION('',(0.E0,0.E0,1.E0));
#11561=AXIS2_PLACEMENT_3D('',#11558,#11559,#11560);
#11562=PLANE('',#11561);
#11564=ORIENTED_EDGE('',*,*,#11563,.F.);
#11565=ORIENTED_EDGE('',*,*,#10997,.F.);
#11567=ORIENTED_EDGE('',*,*,#11566,.T.);
#11568=ORIENTED_EDGE('',*,*,#11539,.T.);
#11570=ORIENTED_EDGE('',*,*,#11569,.F.);
#11571=ORIENTED_EDGE('',*,*,#8300,.T.);
#11572=EDGE_LOOP('',(#11564,#11565,#11567,#11568,#11570,#11571));
#11573=FACE_OUTER_BOUND('',#11572,.F.);
#11575=CARTESIAN_POINT('',(-3.52798E2,2.057695625706E2,2.864393427241E1));
#11576=DIRECTION('',(-1.E0,0.E0,0.E0));
#11577=DIRECTION('',(0.E0,-1.E0,0.E0));
#11578=AXIS2_PLACEMENT_3D('',#11575,#11576,#11577);
#11579=CYLINDRICAL_SURFACE('',#11578,5.E-1);
#11580=ORIENTED_EDGE('',*,*,#11563,.T.);
#11581=ORIENTED_EDGE('',*,*,#8298,.T.);
#11583=ORIENTED_EDGE('',*,*,#11582,.F.);
#11584=ORIENTED_EDGE('',*,*,#10982,.F.);
#11585=EDGE_LOOP('',(#11580,#11581,#11583,#11584));
#11586=FACE_OUTER_BOUND('',#11585,.F.);
#11588=CARTESIAN_POINT('',(-3.52798E2,2.131578179854E2,1.182698698570E1));
#11589=DIRECTION('',(-1.E0,0.E0,0.E0));
#11590=DIRECTION('',(0.E0,0.E0,-1.E0));
#11591=AXIS2_PLACEMENT_3D('',#11588,#11589,#11590);
#11592=CYLINDRICAL_SURFACE('',#11591,1.786834326004E1);
#11593=ORIENTED_EDGE('',*,*,#10609,.T.);
#11594=ORIENTED_EDGE('',*,*,#11582,.T.);
#11595=ORIENTED_EDGE('',*,*,#8296,.F.);
#11596=ORIENTED_EDGE('',*,*,#10487,.T.);
#11597=EDGE_LOOP('',(#11593,#11594,#11595,#11596));
#11598=FACE_OUTER_BOUND('',#11597,.F.);
#11600=FILL_AREA_STYLE_COLOUR('',#105);
#11601=FILL_AREA_STYLE('',(#11600));
#11602=SURFACE_STYLE_FILL_AREA(#11601);
#11603=SURFACE_SIDE_STYLE('',(#11602));
#11604=SURFACE_STYLE_USAGE(.BOTH.,#11603);
#11605=PRESENTATION_STYLE_ASSIGNMENT((#11604));
#11606=OVER_RIDING_STYLED_ITEM('',(#11605),#11599,#130);
#11607=CARTESIAN_POINT('',(-3.43253E2,2.067695625706E2,3.390327179754E1));
#11608=DIRECTION('',(1.E0,0.E0,0.E0));
#11609=DIRECTION('',(0.E0,1.E0,0.E0));
#11610=AXIS2_PLACEMENT_3D('',#11607,#11608,#11609);
#11611=CYLINDRICAL_SURFACE('',#11610,5.E-1);
#11612=ORIENTED_EDGE('',*,*,#11566,.F.);
#11613=ORIENTED_EDGE('',*,*,#11014,.F.);
#11615=ORIENTED_EDGE('',*,*,#11614,.F.);
#11617=ORIENTED_EDGE('',*,*,#11616,.T.);
#11618=ORIENTED_EDGE('',*,*,#11541,.T.);
#11619=EDGE_LOOP('',(#11612,#11613,#11615,#11617,#11618));
#11620=FACE_OUTER_BOUND('',#11619,.F.);
#11622=CARTESIAN_POINT('',(-3.52298E2,2.067695625706E2,3.390327179754E1));
#11623=DIRECTION('',(-7.071067811865E-1,-5.671971556716E-1,4.222409106162E-1));
#11624=DIRECTION('',(-6.257113999901E-1,7.800546416261E-1,0.E0));
#11625=AXIS2_PLACEMENT_3D('',#11622,#11623,#11624);
#11626=SPHERICAL_SURFACE('',#11625,5.E-1);
#11627=ORIENTED_EDGE('',*,*,#11012,.F.);
#11628=ORIENTED_EDGE('',*,*,#11010,.T.);
#11629=ORIENTED_EDGE('',*,*,#11029,.T.);
#11630=ORIENTED_EDGE('',*,*,#11614,.T.);
#11631=EDGE_LOOP('',(#11627,#11628,#11629,#11630));
#11632=FACE_OUTER_BOUND('',#11631,.F.);
#11634=CARTESIAN_POINT('',(-3.43253E2,2.094946418799E2,2.480250574417E1));
#11635=DIRECTION('',(1.E0,0.E0,0.E0));
#11636=DIRECTION('',(0.E0,1.E0,0.E0));
#11637=AXIS2_PLACEMENT_3D('',#11634,#11635,#11636);
#11638=CYLINDRICAL_SURFACE('',#11637,1.E1);
#11639=ORIENTED_EDGE('',*,*,#11543,.T.);
#11640=ORIENTED_EDGE('',*,*,#11616,.F.);
#11641=ORIENTED_EDGE('',*,*,#11027,.F.);
#11643=ORIENTED_EDGE('',*,*,#11642,.F.);
#11644=EDGE_LOOP('',(#11639,#11640,#11641,#11643));
#11645=FACE_OUTER_BOUND('',#11644,.F.);
#11647=CARTESIAN_POINT('',(-3.43253E2,2.253999999999E2,3.480250574417E1));
#11648=DIRECTION('',(0.E0,0.E0,1.E0));
#11649=DIRECTION('',(0.E0,-1.E0,0.E0));
#11650=AXIS2_PLACEMENT_3D('',#11647,#11648,#11649);
#11651=PLANE('',#11650);
#11652=ORIENTED_EDGE('',*,*,#11545,.T.);
#11653=ORIENTED_EDGE('',*,*,#11642,.T.);
#11654=ORIENTED_EDGE('',*,*,#11044,.T.);
#11656=ORIENTED_EDGE('',*,*,#11655,.T.);
#11657=EDGE_LOOP('',(#11652,#11653,#11654,#11656));
#11658=FACE_OUTER_BOUND('',#11657,.F.);
#11660=CARTESIAN_POINT('',(-4.19842E2,2.124E2,3.430250574417E1));
#11661=DIRECTION('',(-1.E0,0.E0,0.E0));
#11662=DIRECTION('',(0.E0,-1.E0,0.E0));
#11663=AXIS2_PLACEMENT_3D('',#11660,#11661,#11662);
#11664=CYLINDRICAL_SURFACE('',#11663,5.E-1);
#11666=ORIENTED_EDGE('',*,*,#11665,.T.);
#11667=ORIENTED_EDGE('',*,*,#11547,.F.);
#11668=ORIENTED_EDGE('',*,*,#11655,.F.);
#11670=ORIENTED_EDGE('',*,*,#11669,.T.);
#11671=ORIENTED_EDGE('',*,*,#11059,.T.);
#11672=EDGE_LOOP('',(#11666,#11667,#11668,#11670,#11671));
#11673=FACE_OUTER_BOUND('',#11672,.F.);
#11675=CARTESIAN_POINT('',(-3.688549E2,2.129E2,3.480250574417E1));
#11676=DIRECTION('',(0.E0,-1.E0,0.E0));
#11677=DIRECTION('',(0.E0,0.E0,1.E0));
#11678=AXIS2_PLACEMENT_3D('',#11675,#11676,#11677);
#11679=PLANE('',#11678);
#11680=ORIENTED_EDGE('',*,*,#11137,.F.);
#11681=ORIENTED_EDGE('',*,*,#11173,.F.);
#11682=ORIENTED_EDGE('',*,*,#11528,.F.);
#11683=ORIENTED_EDGE('',*,*,#11549,.F.);
#11684=ORIENTED_EDGE('',*,*,#11665,.F.);
#11685=ORIENTED_EDGE('',*,*,#11076,.T.);
#11686=ORIENTED_EDGE('',*,*,#11103,.F.);
#11687=ORIENTED_EDGE('',*,*,#11124,.F.);
#11688=EDGE_LOOP('',(#11680,#11681,#11682,#11683,#11684,#11685,#11686,#11687));
#11689=FACE_OUTER_BOUND('',#11688,.F.);
#11691=CARTESIAN_POINT('',(-3.52298E2,2.124E2,3.430250574417E1));
#11692=DIRECTION('',(-7.071067811866E-1,5.E-1,5.E-1));
#11693=DIRECTION('',(5.773502691896E-1,8.164965809277E-1,1.232347557334E-14));
#11694=AXIS2_PLACEMENT_3D('',#11691,#11692,#11693);
#11695=SPHERICAL_SURFACE('',#11694,5.E-1);
#11696=ORIENTED_EDGE('',*,*,#11063,.F.);
#11697=ORIENTED_EDGE('',*,*,#11061,.T.);
#11698=ORIENTED_EDGE('',*,*,#11669,.F.);
#11699=ORIENTED_EDGE('',*,*,#11042,.T.);
#11700=EDGE_LOOP('',(#11696,#11697,#11698,#11699));
#11701=FACE_OUTER_BOUND('',#11700,.F.);
#11703=CARTESIAN_POINT('',(-4.19842E2,2.506118024603E2,8.936126785176E1));
#11704=DIRECTION('',(0.E0,7.660444431190E-1,-6.427876096865E-1));
#11705=DIRECTION('',(0.E0,6.427876096865E-1,7.660444431190E-1));
#11706=AXIS2_PLACEMENT_3D('',#11703,#11704,#11705);
#11707=PLANE('',#11706);
#11708=ORIENTED_EDGE('',*,*,#11513,.F.);
#11709=ORIENTED_EDGE('',*,*,#8302,.F.);
#11710=ORIENTED_EDGE('',*,*,#11569,.T.);
#11711=ORIENTED_EDGE('',*,*,#11553,.F.);
#11712=EDGE_LOOP('',(#11708,#11709,#11710,#11711));
#11713=FACE_OUTER_BOUND('',#11712,.F.);
#11715=CARTESIAN_POINT('',(-3.50798E2,2.164E2,-9.343669074617E0));
#11716=DIRECTION('',(0.E0,-1.E0,0.E0));
#11717=DIRECTION('',(0.E0,0.E0,-1.E0));
#11718=AXIS2_PLACEMENT_3D('',#11715,#11716,#11717);
#11719=PLANE('',#11718);
#11720=ORIENTED_EDGE('',*,*,#11106,.T.);
#11721=ORIENTED_EDGE('',*,*,#7615,.F.);
#11722=ORIENTED_EDGE('',*,*,#7570,.F.);
#11723=ORIENTED_EDGE('',*,*,#8063,.F.);
#11724=EDGE_LOOP('',(#11720,#11721,#11722,#11723));
#11725=FACE_OUTER_BOUND('',#11724,.F.);
#11727=CARTESIAN_POINT('',(-3.52798E2,2.116421600250E2,-1.249999889273E0));
#11728=DIRECTION('',(0.E0,0.E0,1.E0));
#11729=DIRECTION('',(0.E0,-1.E0,0.E0));
#11730=AXIS2_PLACEMENT_3D('',#11727,#11728,#11729);
#11731=PLANE('',#11730);
#11732=ORIENTED_EDGE('',*,*,#11109,.T.);
#11733=ORIENTED_EDGE('',*,*,#8059,.T.);
#11735=ORIENTED_EDGE('',*,*,#11734,.F.);
#11736=ORIENTED_EDGE('',*,*,#7963,.T.);
#11737=EDGE_LOOP('',(#11732,#11733,#11735,#11736));
#11738=FACE_OUTER_BOUND('',#11737,.F.);
#11740=CARTESIAN_POINT('',(-3.52798E2,2.133999996082E2,3.600000110727E0));
#11741=DIRECTION('',(-1.E0,0.E0,0.E0));
#11742=DIRECTION('',(0.E0,-1.E0,0.E0));
#11743=AXIS2_PLACEMENT_3D('',#11740,#11741,#11742);
#11744=CYLINDRICAL_SURFACE('',#11743,5.3E0);
#11745=ORIENTED_EDGE('',*,*,#11734,.T.);
#11746=ORIENTED_EDGE('',*,*,#8057,.T.);
#11747=ORIENTED_EDGE('',*,*,#8027,.F.);
#11748=ORIENTED_EDGE('',*,*,#7965,.F.);
#11749=EDGE_LOOP('',(#11745,#11746,#11747,#11748));
#11750=FACE_OUTER_BOUND('',#11749,.F.);
#11752=CARTESIAN_POINT('',(-3.51798E2,1.773150672789E2,-1.343668710811E0));
#11753=DIRECTION('',(0.E0,0.E0,1.E0));
#11754=DIRECTION('',(0.E0,-1.E0,0.E0));
#11755=AXIS2_PLACEMENT_3D('',#11752,#11753,#11754);
#11756=PLANE('',#11755);
#11758=ORIENTED_EDGE('',*,*,#11757,.T.);
#11760=ORIENTED_EDGE('',*,*,#11759,.F.);
#11762=ORIENTED_EDGE('',*,*,#11761,.T.);
#11763=ORIENTED_EDGE('',*,*,#7394,.T.);
#11765=ORIENTED_EDGE('',*,*,#11764,.F.);
#11767=ORIENTED_EDGE('',*,*,#11766,.F.);
#11768=ORIENTED_EDGE('',*,*,#7633,.F.);
#11769=ORIENTED_EDGE('',*,*,#10509,.T.);
#11770=ORIENTED_EDGE('',*,*,#10495,.T.);
#11771=ORIENTED_EDGE('',*,*,#10211,.F.);
#11773=ORIENTED_EDGE('',*,*,#11772,.T.);
#11775=ORIENTED_EDGE('',*,*,#11774,.T.);
#11776=EDGE_LOOP('',(#11758,#11760,#11762,#11763,#11765,#11767,#11768,#11769,
#11770,#11771,#11773,#11775));
#11777=FACE_OUTER_BOUND('',#11776,.F.);
#11779=CARTESIAN_POINT('',(-3.605881968805E2,1.788177636172E2,
-1.843668710811E0));
#11780=DIRECTION('',(-7.071067811865E-1,-7.071067811865E-1,0.E0));
#11781=DIRECTION('',(7.071067811865E-1,-7.071067811865E-1,0.E0));
#11782=AXIS2_PLACEMENT_3D('',#11779,#11780,#11781);
#11783=CYLINDRICAL_SURFACE('',#11782,5.E-1);
#11784=ORIENTED_EDGE('',*,*,#11757,.F.);
#11786=ORIENTED_EDGE('',*,*,#11785,.F.);
#11788=ORIENTED_EDGE('',*,*,#11787,.F.);
#11790=ORIENTED_EDGE('',*,*,#11789,.T.);
#11792=ORIENTED_EDGE('',*,*,#11791,.T.);
#11793=EDGE_LOOP('',(#11784,#11786,#11788,#11790,#11792));
#11794=FACE_OUTER_BOUND('',#11793,.F.);
#11796=CARTESIAN_POINT('',(-3.62298E2,1.771079604977E2,-1.843668710811E0));
#11797=DIRECTION('',(-8.535533905933E-1,1.464466094068E-1,4.999999999999E-1));
#11798=DIRECTION('',(5.054494651244E-1,0.E0,8.628562094611E-1));
#11799=AXIS2_PLACEMENT_3D('',#11796,#11797,#11798);
#11800=SPHERICAL_SURFACE('',#11799,5.E-1);
#11802=ORIENTED_EDGE('',*,*,#11801,.F.);
#11804=ORIENTED_EDGE('',*,*,#11803,.F.);
#11806=ORIENTED_EDGE('',*,*,#11805,.T.);
#11807=ORIENTED_EDGE('',*,*,#11785,.T.);
#11809=ORIENTED_EDGE('',*,*,#11808,.F.);
#11810=EDGE_LOOP('',(#11802,#11804,#11806,#11807,#11809));
#11811=FACE_OUTER_BOUND('',#11810,.F.);
#11813=CARTESIAN_POINT('',(-3.62298E2,1.771079604977E2,-4.634775240272E1));
#11814=DIRECTION('',(0.E0,0.E0,1.E0));
#11815=DIRECTION('',(0.E0,-1.E0,0.E0));
#11816=AXIS2_PLACEMENT_3D('',#11813,#11814,#11815);
#11817=CYLINDRICAL_SURFACE('',#11816,5.E-1);
#11819=ORIENTED_EDGE('',*,*,#11818,.F.);
#11821=ORIENTED_EDGE('',*,*,#11820,.F.);
#11823=ORIENTED_EDGE('',*,*,#11822,.T.);
#11825=ORIENTED_EDGE('',*,*,#11824,.T.);
#11826=ORIENTED_EDGE('',*,*,#11801,.T.);
#11827=EDGE_LOOP('',(#11819,#11821,#11823,#11825,#11826));
#11828=FACE_OUTER_BOUND('',#11827,.F.);
#11830=CARTESIAN_POINT('',(-3.62798E2,1.854738264420E2,-1.147255399222E0));
#11831=DIRECTION('',(-1.E0,0.E0,0.E0));
#11832=DIRECTION('',(0.E0,-1.E0,0.E0));
#11833=AXIS2_PLACEMENT_3D('',#11830,#11831,#11832);
#11834=PLANE('',#11833);
#11835=ORIENTED_EDGE('',*,*,#11818,.T.);
#11837=ORIENTED_EDGE('',*,*,#11836,.F.);
#11839=ORIENTED_EDGE('',*,*,#11838,.T.);
#11841=ORIENTED_EDGE('',*,*,#11840,.T.);
#11843=ORIENTED_EDGE('',*,*,#11842,.F.);
#11844=EDGE_LOOP('',(#11835,#11837,#11839,#11841,#11843));
#11845=FACE_OUTER_BOUND('',#11844,.F.);
#11847=CARTESIAN_POINT('',(-3.62298E2,-2.06E1,-1.843668710811E0));
#11848=DIRECTION('',(0.E0,1.E0,0.E0));
#11849=DIRECTION('',(0.E0,0.E0,1.E0));
#11850=AXIS2_PLACEMENT_3D('',#11847,#11848,#11849);
#11851=CYLINDRICAL_SURFACE('',#11850,5.E-1);
#11852=ORIENTED_EDGE('',*,*,#11836,.T.);
#11853=ORIENTED_EDGE('',*,*,#11808,.T.);
#11854=ORIENTED_EDGE('',*,*,#11774,.F.);
#11856=ORIENTED_EDGE('',*,*,#11855,.F.);
#11858=ORIENTED_EDGE('',*,*,#11857,.F.);
#11859=EDGE_LOOP('',(#11852,#11853,#11854,#11856,#11858));
#11860=FACE_OUTER_BOUND('',#11859,.F.);
#11862=CARTESIAN_POINT('',(-3.62298E2,1.763150672789E2,-1.843668710811E0));
#11863=DIRECTION('',(-5.E-1,-7.071067811866E-1,5.E-1));
#11864=DIRECTION('',(-8.164965809277E-1,5.773502691896E-1,0.E0));
#11865=AXIS2_PLACEMENT_3D('',#11862,#11863,#11864);
#11866=SPHERICAL_SURFACE('',#11865,5.E-1);
#11868=ORIENTED_EDGE('',*,*,#11867,.F.);
#11870=ORIENTED_EDGE('',*,*,#11869,.T.);
#11871=ORIENTED_EDGE('',*,*,#11855,.T.);
#11873=ORIENTED_EDGE('',*,*,#11872,.T.);
#11874=EDGE_LOOP('',(#11868,#11870,#11871,#11873));
#11875=FACE_OUTER_BOUND('',#11874,.F.);
#11877=CARTESIAN_POINT('',(-3.62298E2,1.763150672789E2,-1.843668710811E0));
#11878=DIRECTION('',(-5.E-1,-7.071067811866E-1,5.E-1));
#11879=DIRECTION('',(-8.164965809277E-1,5.773502691896E-1,0.E0));
#11880=AXIS2_PLACEMENT_3D('',#11877,#11878,#11879);
#11881=SPHERICAL_SURFACE('',#11880,5.E-1);
#11883=ORIENTED_EDGE('',*,*,#11882,.T.);
#11885=ORIENTED_EDGE('',*,*,#11884,.T.);
#11886=ORIENTED_EDGE('',*,*,#11857,.T.);
#11887=ORIENTED_EDGE('',*,*,#11869,.F.);
#11888=ORIENTED_EDGE('',*,*,#11867,.T.);
#11889=EDGE_LOOP('',(#11883,#11885,#11886,#11887,#11888));
#11890=FACE_OUTER_BOUND('',#11889,.F.);
#11892=CARTESIAN_POINT('',(-4.19842E2,1.763150672789E2,-1.843668710811E0));
#11893=DIRECTION('',(1.E0,0.E0,0.E0));
#11894=DIRECTION('',(0.E0,1.E0,0.E0));
#11895=AXIS2_PLACEMENT_3D('',#11892,#11893,#11894);
#11896=CYLINDRICAL_SURFACE('',#11895,5.E-1);
#11897=ORIENTED_EDGE('',*,*,#11882,.F.);
#11898=ORIENTED_EDGE('',*,*,#11872,.F.);
#11899=ORIENTED_EDGE('',*,*,#11772,.F.);
#11900=ORIENTED_EDGE('',*,*,#10209,.T.);
#11902=ORIENTED_EDGE('',*,*,#11901,.T.);
#11903=EDGE_LOOP('',(#11897,#11898,#11899,#11900,#11902));
#11904=FACE_OUTER_BOUND('',#11903,.F.);
#11906=CARTESIAN_POINT('',(-3.50798E2,1.758150672789E2,1.022426079843E0));
#11907=DIRECTION('',(0.E0,1.E0,0.E0));
#11908=DIRECTION('',(0.E0,0.E0,1.E0));
#11909=AXIS2_PLACEMENT_3D('',#11906,#11907,#11908);
#11910=PLANE('',#11909);
#11911=ORIENTED_EDGE('',*,*,#11901,.F.);
#11912=ORIENTED_EDGE('',*,*,#10207,.F.);
#11913=ORIENTED_EDGE('',*,*,#7543,.F.);
#11915=ORIENTED_EDGE('',*,*,#11914,.F.);
#11917=ORIENTED_EDGE('',*,*,#11916,.F.);
#11919=ORIENTED_EDGE('',*,*,#11918,.T.);
#11921=ORIENTED_EDGE('',*,*,#11920,.T.);
#11923=ORIENTED_EDGE('',*,*,#11922,.T.);
#11925=ORIENTED_EDGE('',*,*,#11924,.F.);
#11927=ORIENTED_EDGE('',*,*,#11926,.F.);
#11928=EDGE_LOOP('',(#11911,#11912,#11913,#11915,#11917,#11919,#11921,#11923,
#11925,#11927));
#11929=FACE_OUTER_BOUND('',#11928,.F.);
#11931=CARTESIAN_POINT('',(-3.59598E2,1.940316406639E2,1.801666015441E1));
#11932=DIRECTION('',(-1.E0,0.E0,0.E0));
#11933=DIRECTION('',(0.E0,-1.E0,0.E0));
#11934=AXIS2_PLACEMENT_3D('',#11931,#11932,#11933);
#11935=PLANE('',#11934);
#11936=ORIENTED_EDGE('',*,*,#7541,.F.);
#11938=ORIENTED_EDGE('',*,*,#11937,.F.);
#11940=ORIENTED_EDGE('',*,*,#11939,.F.);
#11942=ORIENTED_EDGE('',*,*,#11941,.F.);
#11944=ORIENTED_EDGE('',*,*,#11943,.T.);
#11946=ORIENTED_EDGE('',*,*,#11945,.T.);
#11947=ORIENTED_EDGE('',*,*,#11914,.T.);
#11948=EDGE_LOOP('',(#11936,#11938,#11940,#11942,#11944,#11946,#11947));
#11949=FACE_OUTER_BOUND('',#11948,.F.);
#11951=CARTESIAN_POINT('',(-4.19842E2,2.010726429482E2,-3.343668710811E0));
#11952=DIRECTION('',(-1.E0,0.E0,0.E0));
#11953=DIRECTION('',(0.E0,-1.E0,0.E0));
#11954=AXIS2_PLACEMENT_3D('',#11951,#11952,#11953);
#11955=CYLINDRICAL_SURFACE('',#11954,5.E-1);
#11957=ORIENTED_EDGE('',*,*,#11956,.F.);
#11959=ORIENTED_EDGE('',*,*,#11958,.F.);
#11960=ORIENTED_EDGE('',*,*,#11937,.T.);
#11961=ORIENTED_EDGE('',*,*,#7539,.T.);
#11962=EDGE_LOOP('',(#11957,#11959,#11960,#11961));
#11963=FACE_OUTER_BOUND('',#11962,.F.);
#11965=CARTESIAN_POINT('',(-3.62298E2,2.010726429482E2,-3.343668710811E0));
#11966=DIRECTION('',(-1.E0,0.E0,0.E0));
#11967=DIRECTION('',(0.E0,-1.E0,0.E0));
#11968=AXIS2_PLACEMENT_3D('',#11965,#11966,#11967);
#11969=TOROIDAL_SURFACE('',#11968,1.E0,5.E-1);
#11970=ORIENTED_EDGE('',*,*,#11956,.T.);
#11972=ORIENTED_EDGE('',*,*,#11971,.F.);
#11973=ORIENTED_EDGE('',*,*,#7469,.F.);
#11975=ORIENTED_EDGE('',*,*,#11974,.F.);
#11976=EDGE_LOOP('',(#11970,#11972,#11973,#11975));
#11977=FACE_OUTER_BOUND('',#11976,.F.);
#11979=CARTESIAN_POINT('',(-3.62298E2,-2.06E1,-2.343668710811E0));
#11980=DIRECTION('',(0.E0,-1.E0,0.E0));
#11981=DIRECTION('',(0.E0,0.E0,-1.E0));
#11982=AXIS2_PLACEMENT_3D('',#11979,#11980,#11981);
#11983=CYLINDRICAL_SURFACE('',#11982,5.E-1);
#11984=ORIENTED_EDGE('',*,*,#7471,.T.);
#11985=ORIENTED_EDGE('',*,*,#11971,.T.);
#11986=ORIENTED_EDGE('',*,*,#7537,.F.);
#11988=ORIENTED_EDGE('',*,*,#11987,.F.);
#11989=ORIENTED_EDGE('',*,*,#7501,.F.);
#11990=EDGE_LOOP('',(#11984,#11985,#11986,#11988,#11989));
#11991=FACE_OUTER_BOUND('',#11990,.F.);
#11993=CARTESIAN_POINT('',(-3.62298E2,2.049E2,-2.343668710811E0));
#11994=DIRECTION('',(-5.E-1,7.071067811866E-1,-5.E-1));
#11995=DIRECTION('',(8.164965809277E-1,5.773502691896E-1,1.232347557334E-14));
#11996=AXIS2_PLACEMENT_3D('',#11993,#11994,#11995);
#11997=SPHERICAL_SURFACE('',#11996,5.E-1);
#11998=ORIENTED_EDGE('',*,*,#7503,.T.);
#11999=ORIENTED_EDGE('',*,*,#11987,.T.);
#12000=ORIENTED_EDGE('',*,*,#7522,.T.);
#12001=ORIENTED_EDGE('',*,*,#7505,.F.);
#12002=EDGE_LOOP('',(#11998,#11999,#12000,#12001));
#12003=FACE_OUTER_BOUND('',#12002,.F.);
#12005=CARTESIAN_POINT('',(-3.62298E2,-2.06E1,-6.312809049644E1));
#12006=DIRECTION('',(0.E0,9.643593832567E-1,2.645958804003E-1));
#12007=DIRECTION('',(0.E0,-2.645958804003E-1,9.643593832567E-1));
#12008=AXIS2_PLACEMENT_3D('',#12005,#12006,#12007);
#12009=CYLINDRICAL_SURFACE('',#12008,5.E-1);
#12010=ORIENTED_EDGE('',*,*,#7467,.F.);
#12012=ORIENTED_EDGE('',*,*,#12011,.F.);
#12014=ORIENTED_EDGE('',*,*,#12013,.F.);
#12016=ORIENTED_EDGE('',*,*,#12015,.T.);
#12017=ORIENTED_EDGE('',*,*,#11974,.T.);
#12018=EDGE_LOOP('',(#12010,#12012,#12014,#12016,#12017));
#12019=FACE_OUTER_BOUND('',#12018,.F.);
#12021=CARTESIAN_POINT('',(-3.62298E2,1.772477181262E2,-8.843669074617E0));
#12022=DIRECTION('',(-7.002897330090E-1,9.795044585008E-2,-7.071067811865E-1));
#12023=DIRECTION('',(-7.105234802430E-1,0.E0,7.036734924831E-1));
#12024=AXIS2_PLACEMENT_3D('',#12021,#12022,#12023);
#12025=SPHERICAL_SURFACE('',#12024,5.E-1);
#12027=ORIENTED_EDGE('',*,*,#12026,.F.);
#12029=ORIENTED_EDGE('',*,*,#12028,.T.);
#12031=ORIENTED_EDGE('',*,*,#12030,.F.);
#12033=ORIENTED_EDGE('',*,*,#12032,.T.);
#12034=ORIENTED_EDGE('',*,*,#12011,.T.);
#12035=EDGE_LOOP('',(#12027,#12029,#12031,#12033,#12034));
#12036=FACE_OUTER_BOUND('',#12035,.F.);
#12038=CARTESIAN_POINT('',(-3.62298E2,-2.06E1,-8.843669074617E0));
#12039=DIRECTION('',(0.E0,1.E0,0.E0));
#12040=DIRECTION('',(0.E0,0.E0,1.E0));
#12041=AXIS2_PLACEMENT_3D('',#12038,#12039,#12040);
#12042=CYLINDRICAL_SURFACE('',#12041,5.E-1);
#12043=ORIENTED_EDGE('',*,*,#12026,.T.);
#12044=ORIENTED_EDGE('',*,*,#7465,.T.);
#12046=ORIENTED_EDGE('',*,*,#12045,.F.);
#12048=ORIENTED_EDGE('',*,*,#12047,.F.);
#12050=ORIENTED_EDGE('',*,*,#12049,.F.);
#12051=EDGE_LOOP('',(#12043,#12044,#12046,#12048,#12050));
#12052=FACE_OUTER_BOUND('',#12051,.F.);
#12054=CARTESIAN_POINT('',(-3.62298E2,1.763150672789E2,-8.843669074617E0));
#12055=DIRECTION('',(-5.E-1,-7.071067811866E-1,-5.E-1));
#12056=DIRECTION('',(-8.164965809277E-1,5.773502691896E-1,0.E0));
#12057=AXIS2_PLACEMENT_3D('',#12054,#12055,#12056);
#12058=SPHERICAL_SURFACE('',#12057,5.E-1);
#12060=ORIENTED_EDGE('',*,*,#12059,.F.);
#12062=ORIENTED_EDGE('',*,*,#12061,.F.);
#12064=ORIENTED_EDGE('',*,*,#12063,.F.);
#12066=ORIENTED_EDGE('',*,*,#12065,.T.);
#12067=ORIENTED_EDGE('',*,*,#12045,.T.);
#12068=EDGE_LOOP('',(#12060,#12062,#12064,#12066,#12067));
#12069=FACE_OUTER_BOUND('',#12068,.F.);
#12071=CARTESIAN_POINT('',(-3.62298E2,1.763150672789E2,-4.634775240272E1));
#12072=DIRECTION('',(0.E0,0.E0,-1.E0));
#12073=DIRECTION('',(0.E0,1.E0,0.E0));
#12074=AXIS2_PLACEMENT_3D('',#12071,#12072,#12073);
#12075=CYLINDRICAL_SURFACE('',#12074,5.E-1);
#12076=ORIENTED_EDGE('',*,*,#12059,.T.);
#12077=ORIENTED_EDGE('',*,*,#7463,.T.);
#12079=ORIENTED_EDGE('',*,*,#12078,.F.);
#12080=ORIENTED_EDGE('',*,*,#11918,.F.);
#12081=EDGE_LOOP('',(#12076,#12077,#12079,#12080));
#12082=FACE_OUTER_BOUND('',#12081,.F.);
#12084=CARTESIAN_POINT('',(-3.62798E2,1.758150672789E2,-5.843669074617E0));
#12085=DIRECTION('',(0.E0,0.E0,-1.E0));
#12086=DIRECTION('',(0.E0,1.E0,0.E0));
#12087=AXIS2_PLACEMENT_3D('',#12084,#12085,#12086);
#12088=PLANE('',#12087);
#12090=ORIENTED_EDGE('',*,*,#12089,.T.);
#12092=ORIENTED_EDGE('',*,*,#12091,.F.);
#12094=ORIENTED_EDGE('',*,*,#12093,.F.);
#12096=ORIENTED_EDGE('',*,*,#12095,.F.);
#12098=ORIENTED_EDGE('',*,*,#12097,.F.);
#12100=ORIENTED_EDGE('',*,*,#12099,.F.);
#12101=ORIENTED_EDGE('',*,*,#11920,.F.);
#12102=ORIENTED_EDGE('',*,*,#12078,.T.);
#12103=ORIENTED_EDGE('',*,*,#7461,.F.);
#12105=ORIENTED_EDGE('',*,*,#12104,.T.);
#12106=EDGE_LOOP('',(#12090,#12092,#12094,#12096,#12098,#12100,#12101,#12102,
#12103,#12105));
#12107=FACE_OUTER_BOUND('',#12106,.F.);
#12109=CARTESIAN_POINT('',(-4.19842E2,1.770150672789E2,-5.543669074617E0));
#12110=DIRECTION('',(1.E0,0.E0,0.E0));
#12111=DIRECTION('',(0.E0,1.E0,0.E0));
#12112=AXIS2_PLACEMENT_3D('',#12109,#12110,#12111);
#12113=CYLINDRICAL_SURFACE('',#12112,3.E-1);
#12114=ORIENTED_EDGE('',*,*,#12089,.F.);
#12116=ORIENTED_EDGE('',*,*,#12115,.F.);
#12117=ORIENTED_EDGE('',*,*,#7363,.T.);
#12119=ORIENTED_EDGE('',*,*,#12118,.F.);
#12120=EDGE_LOOP('',(#12114,#12116,#12117,#12119));
#12121=FACE_OUTER_BOUND('',#12120,.F.);
#12123=CARTESIAN_POINT('',(-3.62298E2,1.768150672789E2,-4.634775240272E1));
#12124=DIRECTION('',(0.E0,0.E0,-1.E0));
#12125=DIRECTION('',(0.E0,1.E0,0.E0));
#12126=AXIS2_PLACEMENT_3D('',#12123,#12124,#12125);
#12127=CYLINDRICAL_SURFACE('',#12126,5.E-1);
#12128=ORIENTED_EDGE('',*,*,#7459,.T.);
#12129=ORIENTED_EDGE('',*,*,#7444,.T.);
#12130=ORIENTED_EDGE('',*,*,#7365,.F.);
#12131=ORIENTED_EDGE('',*,*,#12115,.T.);
#12132=ORIENTED_EDGE('',*,*,#12104,.F.);
#12133=EDGE_LOOP('',(#12128,#12129,#12130,#12131,#12132));
#12134=FACE_OUTER_BOUND('',#12133,.F.);
#12136=CARTESIAN_POINT('',(-3.657968606427E2,1.767850984690E2,
-5.531671794726E0));
#12137=CARTESIAN_POINT('',(-3.658043292317E2,1.767846497971E2,
-5.718615880098E0));
#12138=CARTESIAN_POINT('',(-3.656722720497E2,1.767925830680E2,
-5.850911141131E0));
#12139=CARTESIAN_POINT('',(-3.654856643897E2,1.768037934322E2,
-5.843429087420E0));
#12140=CARTESIAN_POINT('',(-3.658161344613E2,1.771059303459E2,
-5.531671794726E0));
#12141=CARTESIAN_POINT('',(-3.658238916043E2,1.771102849422E2,
-5.718615880098E0));
#12142=CARTESIAN_POINT('',(-3.656867323037E2,1.770332883751E2,
-5.850911141131E0));
#12143=CARTESIAN_POINT('',(-3.654929149304E2,1.769244858926E2,
-5.843429087420E0));
#12144=CARTESIAN_POINT('',(-3.655888630670E2,1.773332017402E2,
-5.531671794726E0));
#12145=CARTESIAN_POINT('',(-3.655932176633E2,1.773409588832E2,
-5.718615880098E0));
#12146=CARTESIAN_POINT('',(-3.655162210961E2,1.772037995826E2,
-5.850911141131E0));
#12147=CARTESIAN_POINT('',(-3.654074186137E2,1.770099822093E2,
-5.843429087420E0));
#12148=CARTESIAN_POINT('',(-3.652680311900E2,1.773139279216E2,
-5.531671794726E0));
#12149=CARTESIAN_POINT('',(-3.652675825182E2,1.773213965106E2,
-5.718615880098E0));
#12150=CARTESIAN_POINT('',(-3.652755157890E2,1.771893393286E2,
-5.850911141131E0));
#12151=CARTESIAN_POINT('',(-3.652867261532E2,1.770027316686E2,
-5.843429087420E0));
#12152=(BOUNDED_SURFACE()B_SPLINE_SURFACE(3,3,((#12136,#12137,#12138,#12139),(
#12140,#12141,#12142,#12143),(#12144,#12145,#12146,#12147),(#12148,#12149,
#12150,#12151)),.UNSPECIFIED.,.F.,.F.,.F.)B_SPLINE_SURFACE_WITH_KNOTS((4,4),(4,
4),(0.E0,1.E0),(0.E0,1.E0),.UNSPECIFIED.)GEOMETRIC_REPRESENTATION_ITEM()RATIONAL_B_SPLINE_SURFACE(((1.432830936972E0,1.125501372994E0,1.125501372994E0,
1.432830936972E0),(1.111333878147E0,8.729625899563E-1,8.729625899563E-1,
1.111333878147E0),(1.111333878147E0,8.729625899563E-1,8.729625899563E-1,
1.111333878147E0),(1.432830936972E0,1.125501372994E0,1.125501372994E0,
1.432830936972E0)))REPRESENTATION_ITEM('')SURFACE());
#12154=ORIENTED_EDGE('',*,*,#12153,.F.);
#12156=ORIENTED_EDGE('',*,*,#12155,.F.);
#12157=ORIENTED_EDGE('',*,*,#12091,.T.);
#12158=ORIENTED_EDGE('',*,*,#12118,.T.);
#12159=EDGE_LOOP('',(#12154,#12156,#12157,#12158));
#12160=FACE_OUTER_BOUND('',#12159,.F.);
#12162=CARTESIAN_POINT('',(-3.65298E2,1.768150672789E2,-4.634775240272E1));
#12163=DIRECTION('',(0.E0,0.E0,-1.E0));
#12164=DIRECTION('',(0.E0,1.E0,0.E0));
#12165=AXIS2_PLACEMENT_3D('',#12162,#12163,#12164);
#12166=CYLINDRICAL_SURFACE('',#12165,5.E-1);
#12168=ORIENTED_EDGE('',*,*,#12167,.F.);
#12170=ORIENTED_EDGE('',*,*,#12169,.T.);
#12171=ORIENTED_EDGE('',*,*,#12153,.T.);
#12172=ORIENTED_EDGE('',*,*,#7361,.F.);
#12173=EDGE_LOOP('',(#12168,#12170,#12171,#12172));
#12174=FACE_OUTER_BOUND('',#12173,.F.);
#12176=CARTESIAN_POINT('',(-3.654856643897E2,1.768037934322E2,
-2.843909061815E0));
#12177=CARTESIAN_POINT('',(-3.656722720497E2,1.767925830680E2,
-2.836427008104E0));
#12178=CARTESIAN_POINT('',(-3.658043292317E2,1.767846497971E2,
-2.968722269137E0));
#12179=CARTESIAN_POINT('',(-3.657968606427E2,1.767850984690E2,
-3.155666354509E0));
#12180=CARTESIAN_POINT('',(-3.654929149304E2,1.769244858926E2,
-2.843909061815E0));
#12181=CARTESIAN_POINT('',(-3.656867323037E2,1.770332883751E2,
-2.836427008104E0));
#12182=CARTESIAN_POINT('',(-3.658238916043E2,1.771102849422E2,
-2.968722269137E0));
#12183=CARTESIAN_POINT('',(-3.658161344613E2,1.771059303459E2,
-3.155666354509E0));
#12184=CARTESIAN_POINT('',(-3.654074186137E2,1.770099822093E2,
-2.843909061815E0));
#12185=CARTESIAN_POINT('',(-3.655162210961E2,1.772037995826E2,
-2.836427008104E0));
#12186=CARTESIAN_POINT('',(-3.655932176633E2,1.773409588832E2,
-2.968722269137E0));
#12187=CARTESIAN_POINT('',(-3.655888630670E2,1.773332017402E2,
-3.155666354509E0));
#12188=CARTESIAN_POINT('',(-3.652867261532E2,1.770027316686E2,
-2.843909061815E0));
#12189=CARTESIAN_POINT('',(-3.652755157890E2,1.771893393286E2,
-2.836427008104E0));
#12190=CARTESIAN_POINT('',(-3.652675825182E2,1.773213965106E2,
-2.968722269137E0));
#12191=CARTESIAN_POINT('',(-3.652680311900E2,1.773139279216E2,
-3.155666354509E0));
#12192=(BOUNDED_SURFACE()B_SPLINE_SURFACE(3,3,((#12176,#12177,#12178,#12179),(
#12180,#12181,#12182,#12183),(#12184,#12185,#12186,#12187),(#12188,#12189,
#12190,#12191)),.UNSPECIFIED.,.F.,.F.,.F.)B_SPLINE_SURFACE_WITH_KNOTS((4,4),(4,
4),(0.E0,1.E0),(0.E0,1.E0),.UNSPECIFIED.)GEOMETRIC_REPRESENTATION_ITEM()RATIONAL_B_SPLINE_SURFACE(((1.432830936972E0,1.125501372994E0,1.125501372994E0,
1.432830936972E0),(1.111333878147E0,8.729625899563E-1,8.729625899563E-1,
1.111333878147E0),(1.111333878147E0,8.729625899563E-1,8.729625899563E-1,
1.111333878147E0),(1.432830936972E0,1.125501372994E0,1.125501372994E0,
1.432830936972E0)))REPRESENTATION_ITEM('')SURFACE());
#12193=ORIENTED_EDGE('',*,*,#12167,.T.);
#12195=ORIENTED_EDGE('',*,*,#12194,.F.);
#12197=ORIENTED_EDGE('',*,*,#12196,.F.);
#12199=ORIENTED_EDGE('',*,*,#12198,.T.);
#12200=EDGE_LOOP('',(#12193,#12195,#12197,#12199));
#12201=FACE_OUTER_BOUND('',#12200,.F.);
#12203=CARTESIAN_POINT('',(-4.19842E2,1.770150672789E2,-3.143669074617E0));
#12204=DIRECTION('',(-1.E0,0.E0,0.E0));
#12205=DIRECTION('',(0.E0,-1.E0,0.E0));
#12206=AXIS2_PLACEMENT_3D('',#12203,#12204,#12205);
#12207=CYLINDRICAL_SURFACE('',#12206,3.E-1);
#12209=ORIENTED_EDGE('',*,*,#12208,.T.);
#12210=ORIENTED_EDGE('',*,*,#12194,.T.);
#12211=ORIENTED_EDGE('',*,*,#7359,.F.);
#12213=ORIENTED_EDGE('',*,*,#12212,.F.);
#12215=ORIENTED_EDGE('',*,*,#12214,.T.);
#12216=EDGE_LOOP('',(#12209,#12210,#12211,#12213,#12215));
#12217=FACE_OUTER_BOUND('',#12216,.F.);
#12219=CARTESIAN_POINT('',(-3.62798E2,1.773150672789E2,-2.843669074617E0));
#12220=DIRECTION('',(0.E0,0.E0,1.E0));
#12221=DIRECTION('',(0.E0,-1.E0,0.E0));
#12222=AXIS2_PLACEMENT_3D('',#12219,#12220,#12221);
#12223=PLANE('',#12222);
#12224=ORIENTED_EDGE('',*,*,#12208,.F.);
#12225=ORIENTED_EDGE('',*,*,#11840,.F.);
#12227=ORIENTED_EDGE('',*,*,#12226,.F.);
#12228=ORIENTED_EDGE('',*,*,#11924,.T.);
#12230=ORIENTED_EDGE('',*,*,#12229,.F.);
#12232=ORIENTED_EDGE('',*,*,#12231,.T.);
#12234=ORIENTED_EDGE('',*,*,#12233,.T.);
#12236=ORIENTED_EDGE('',*,*,#12235,.T.);
#12237=ORIENTED_EDGE('',*,*,#12196,.T.);
#12238=EDGE_LOOP('',(#12224,#12225,#12227,#12228,#12230,#12232,#12234,#12236,
#12237));
#12239=FACE_OUTER_BOUND('',#12238,.F.);
#12241=CARTESIAN_POINT('',(-3.62298E2,1.763150672789E2,-4.634775240272E1));
#12242=DIRECTION('',(0.E0,0.E0,-1.E0));
#12243=DIRECTION('',(0.E0,1.E0,0.E0));
#12244=AXIS2_PLACEMENT_3D('',#12241,#12242,#12243);
#12245=CYLINDRICAL_SURFACE('',#12244,5.E-1);
#12246=ORIENTED_EDGE('',*,*,#11838,.F.);
#12247=ORIENTED_EDGE('',*,*,#11884,.F.);
#12248=ORIENTED_EDGE('',*,*,#11926,.T.);
#12249=ORIENTED_EDGE('',*,*,#12226,.T.);
#12250=EDGE_LOOP('',(#12246,#12247,#12248,#12249));
#12251=FACE_OUTER_BOUND('',#12250,.F.);
#12253=CARTESIAN_POINT('',(-3.64298E2,1.773150672789E2,-2.843669074617E0));
#12254=DIRECTION('',(-1.E0,0.E0,0.E0));
#12255=DIRECTION('',(0.E0,1.E0,0.E0));
#12256=AXIS2_PLACEMENT_3D('',#12253,#12254,#12255);
#12257=PLANE('',#12256);
#12259=ORIENTED_EDGE('',*,*,#12258,.F.);
#12261=ORIENTED_EDGE('',*,*,#12260,.T.);
#12262=ORIENTED_EDGE('',*,*,#12229,.T.);
#12263=ORIENTED_EDGE('',*,*,#11922,.F.);
#12264=ORIENTED_EDGE('',*,*,#12099,.T.);
#12266=ORIENTED_EDGE('',*,*,#12265,.F.);
#12267=EDGE_LOOP('',(#12259,#12261,#12262,#12263,#12264,#12266));
#12268=FACE_OUTER_BOUND('',#12267,.F.);
#12270=CARTESIAN_POINT('',(-3.64298E2,1.738150672789E2,-2.843669074617E0));
#12271=DIRECTION('',(0.E0,1.E0,0.E0));
#12272=DIRECTION('',(1.E0,0.E0,0.E0));
#12273=AXIS2_PLACEMENT_3D('',#12270,#12271,#12272);
#12274=PLANE('',#12273);
#12276=ORIENTED_EDGE('',*,*,#12275,.F.);
#12278=ORIENTED_EDGE('',*,*,#12277,.F.);
#12279=ORIENTED_EDGE('',*,*,#12258,.T.);
#12281=ORIENTED_EDGE('',*,*,#12280,.T.);
#12282=EDGE_LOOP('',(#12276,#12278,#12279,#12281));
#12283=FACE_OUTER_BOUND('',#12282,.F.);
#12285=CARTESIAN_POINT('',(-3.65298E2,1.743150672789E2,-4.634775240272E1));
#12286=DIRECTION('',(0.E0,0.E0,-1.E0));
#12287=DIRECTION('',(0.E0,1.E0,0.E0));
#12288=AXIS2_PLACEMENT_3D('',#12285,#12286,#12287);
#12289=CYLINDRICAL_SURFACE('',#12288,5.E-1);
#12291=ORIENTED_EDGE('',*,*,#12290,.F.);
#12292=ORIENTED_EDGE('',*,*,#12275,.T.);
#12294=ORIENTED_EDGE('',*,*,#12293,.T.);
#12296=ORIENTED_EDGE('',*,*,#12295,.F.);
#12297=EDGE_LOOP('',(#12291,#12292,#12294,#12296));
#12298=FACE_OUTER_BOUND('',#12297,.F.);
#12300=CARTESIAN_POINT('',(-3.652867261532E2,1.741274028893E2,
-2.843909061815E0));
#12301=CARTESIAN_POINT('',(-3.652755157890E2,1.739407952292E2,
-2.836427008104E0));
#12302=CARTESIAN_POINT('',(-3.652675825182E2,1.738087380473E2,
-2.968722269137E0));
#12303=CARTESIAN_POINT('',(-3.652680311900E2,1.738162066362E2,
-3.155666354509E0));
#12304=CARTESIAN_POINT('',(-3.654074186137E2,1.741201523485E2,
-2.843909061815E0));
#12305=CARTESIAN_POINT('',(-3.655162210961E2,1.739263349752E2,
-2.836427008104E0));
#12306=CARTESIAN_POINT('',(-3.655932176633E2,1.737891756746E2,
-2.968722269137E0));
#12307=CARTESIAN_POINT('',(-3.655888630670E2,1.737969328176E2,
-3.155666354509E0));
#12308=CARTESIAN_POINT('',(-3.654929149304E2,1.742056486652E2,
-2.843909061815E0));
#12309=CARTESIAN_POINT('',(-3.656867323037E2,1.740968461828E2,
-2.836427008104E0));
#12310=CARTESIAN_POINT('',(-3.658238916043E2,1.740198496157E2,
-2.968722269137E0));
#12311=CARTESIAN_POINT('',(-3.658161344613E2,1.740242042119E2,
-3.155666354509E0));
#12312=CARTESIAN_POINT('',(-3.654856643897E2,1.743263411257E2,
-2.843909061815E0));
#12313=CARTESIAN_POINT('',(-3.656722720497E2,1.743375514899E2,
-2.836427008104E0));
#12314=CARTESIAN_POINT('',(-3.658043292317E2,1.743454847607E2,
-2.968722269137E0));
#12315=CARTESIAN_POINT('',(-3.657968606427E2,1.743450360889E2,
-3.155666354509E0));
#12316=(BOUNDED_SURFACE()B_SPLINE_SURFACE(3,3,((#12300,#12301,#12302,#12303),(
#12304,#12305,#12306,#12307),(#12308,#12309,#12310,#12311),(#12312,#12313,
#12314,#12315)),.UNSPECIFIED.,.F.,.F.,.F.)B_SPLINE_SURFACE_WITH_KNOTS((4,4),(4,
4),(0.E0,1.E0),(0.E0,1.E0),.UNSPECIFIED.)GEOMETRIC_REPRESENTATION_ITEM()RATIONAL_B_SPLINE_SURFACE(((1.432830936972E0,1.125501372994E0,1.125501372994E0,
1.432830936972E0),(1.111333878147E0,8.729625899563E-1,8.729625899563E-1,
1.111333878147E0),(1.111333878147E0,8.729625899563E-1,8.729625899563E-1,
1.111333878147E0),(1.432830936972E0,1.125501372994E0,1.125501372994E0,
1.432830936972E0)))REPRESENTATION_ITEM('')SURFACE());
#12317=ORIENTED_EDGE('',*,*,#12290,.T.);
#12319=ORIENTED_EDGE('',*,*,#12318,.F.);
#12320=ORIENTED_EDGE('',*,*,#12233,.F.);
#12322=ORIENTED_EDGE('',*,*,#12321,.F.);
#12323=EDGE_LOOP('',(#12317,#12319,#12320,#12322));
#12324=FACE_OUTER_BOUND('',#12323,.F.);
#12326=CARTESIAN_POINT('',(-3.65498E2,-2.06E1,-3.143669074617E0));
#12327=DIRECTION('',(0.E0,-1.E0,0.E0));
#12328=DIRECTION('',(0.E0,0.E0,-1.E0));
#12329=AXIS2_PLACEMENT_3D('',#12326,#12327,#12328);
#12330=CYLINDRICAL_SURFACE('',#12329,3.E-1);
#12331=ORIENTED_EDGE('',*,*,#12235,.F.);
#12332=ORIENTED_EDGE('',*,*,#12318,.T.);
#12334=ORIENTED_EDGE('',*,*,#12333,.T.);
#12335=ORIENTED_EDGE('',*,*,#12198,.F.);
#12336=EDGE_LOOP('',(#12331,#12332,#12334,#12335));
#12337=FACE_OUTER_BOUND('',#12336,.F.);
#12339=CARTESIAN_POINT('',(-3.65798E2,1.759980799965E2,-4.242420439199E0));
#12340=DIRECTION('',(-1.E0,0.E0,0.E0));
#12341=DIRECTION('',(0.E0,-1.E0,0.E0));
#12342=AXIS2_PLACEMENT_3D('',#12339,#12340,#12341);
#12343=PLANE('',#12342);
#12344=ORIENTED_EDGE('',*,*,#12295,.T.);
#12346=ORIENTED_EDGE('',*,*,#12345,.T.);
#12347=ORIENTED_EDGE('',*,*,#12169,.F.);
#12348=ORIENTED_EDGE('',*,*,#12333,.F.);
#12349=EDGE_LOOP('',(#12344,#12346,#12347,#12348));
#12350=FACE_OUTER_BOUND('',#12349,.F.);
#12352=CARTESIAN_POINT('',(-3.65498E2,-2.06E1,-5.543669074617E0));
#12353=DIRECTION('',(0.E0,1.E0,0.E0));
#12354=DIRECTION('',(0.E0,0.E0,1.E0));
#12355=AXIS2_PLACEMENT_3D('',#12352,#12353,#12354);
#12356=CYLINDRICAL_SURFACE('',#12355,3.E-1);
#12357=ORIENTED_EDGE('',*,*,#12093,.T.);
#12358=ORIENTED_EDGE('',*,*,#12155,.T.);
#12359=ORIENTED_EDGE('',*,*,#12345,.F.);
#12361=ORIENTED_EDGE('',*,*,#12360,.F.);
#12362=EDGE_LOOP('',(#12357,#12358,#12359,#12361));
#12363=FACE_OUTER_BOUND('',#12362,.F.);
#12365=CARTESIAN_POINT('',(-3.652680311900E2,1.738162066362E2,
-5.531671794726E0));
#12366=CARTESIAN_POINT('',(-3.652675825182E2,1.738087380473E2,
-5.718615880098E0));
#12367=CARTESIAN_POINT('',(-3.652755157890E2,1.739407952292E2,
-5.850911141131E0));
#12368=CARTESIAN_POINT('',(-3.652867261532E2,1.741274028893E2,
-5.843429087420E0));
#12369=CARTESIAN_POINT('',(-3.655888630670E2,1.737969328176E2,
-5.531671794726E0));
#12370=CARTESIAN_POINT('',(-3.655932176633E2,1.737891756746E2,
-5.718615880098E0));
#12371=CARTESIAN_POINT('',(-3.655162210961E2,1.739263349752E2,
-5.850911141131E0));
#12372=CARTESIAN_POINT('',(-3.654074186137E2,1.741201523485E2,
-5.843429087420E0));
#12373=CARTESIAN_POINT('',(-3.658161344613E2,1.740242042119E2,
-5.531671794726E0));
#12374=CARTESIAN_POINT('',(-3.658238916043E2,1.740198496157E2,
-5.718615880098E0));
#12375=CARTESIAN_POINT('',(-3.656867323037E2,1.740968461828E2,
-5.850911141131E0));
#12376=CARTESIAN_POINT('',(-3.654929149304E2,1.742056486652E2,
-5.843429087420E0));
#12377=CARTESIAN_POINT('',(-3.657968606427E2,1.743450360889E2,
-5.531671794726E0));
#12378=CARTESIAN_POINT('',(-3.658043292317E2,1.743454847607E2,
-5.718615880098E0));
#12379=CARTESIAN_POINT('',(-3.656722720497E2,1.743375514899E2,
-5.850911141131E0));
#12380=CARTESIAN_POINT('',(-3.654856643897E2,1.743263411257E2,
-5.843429087420E0));
#12381=(BOUNDED_SURFACE()B_SPLINE_SURFACE(3,3,((#12365,#12366,#12367,#12368),(
#12369,#12370,#12371,#12372),(#12373,#12374,#12375,#12376),(#12377,#12378,
#12379,#12380)),.UNSPECIFIED.,.F.,.F.,.F.)B_SPLINE_SURFACE_WITH_KNOTS((4,4),(4,
4),(0.E0,1.E0),(0.E0,1.E0),.UNSPECIFIED.)GEOMETRIC_REPRESENTATION_ITEM()RATIONAL_B_SPLINE_SURFACE(((1.432830936972E0,1.125501372994E0,1.125501372994E0,
1.432830936972E0),(1.111333878147E0,8.729625899563E-1,8.729625899563E-1,
1.111333878147E0),(1.111333878147E0,8.729625899563E-1,8.729625899563E-1,
1.111333878147E0),(1.432830936972E0,1.125501372994E0,1.125501372994E0,
1.432830936972E0)))REPRESENTATION_ITEM('')SURFACE());
#12382=ORIENTED_EDGE('',*,*,#12293,.F.);
#12384=ORIENTED_EDGE('',*,*,#12383,.T.);
#12385=ORIENTED_EDGE('',*,*,#12095,.T.);
#12386=ORIENTED_EDGE('',*,*,#12360,.T.);
#12387=EDGE_LOOP('',(#12382,#12384,#12385,#12386));
#12388=FACE_OUTER_BOUND('',#12387,.F.);
#12390=CARTESIAN_POINT('',(-4.19842E2,1.741150672789E2,-5.543669074617E0));
#12391=DIRECTION('',(1.E0,0.E0,0.E0));
#12392=DIRECTION('',(0.E0,1.E0,0.E0));
#12393=AXIS2_PLACEMENT_3D('',#12390,#12391,#12392);
#12394=CYLINDRICAL_SURFACE('',#12393,3.E-1);
#12395=ORIENTED_EDGE('',*,*,#12097,.T.);
#12396=ORIENTED_EDGE('',*,*,#12383,.F.);
#12397=ORIENTED_EDGE('',*,*,#12280,.F.);
#12398=ORIENTED_EDGE('',*,*,#12265,.T.);
#12399=EDGE_LOOP('',(#12395,#12396,#12397,#12398));
#12400=FACE_OUTER_BOUND('',#12399,.F.);
#12402=CARTESIAN_POINT('',(-4.19842E2,1.741150672789E2,-3.143669074617E0));
#12403=DIRECTION('',(-1.E0,0.E0,0.E0));
#12404=DIRECTION('',(0.E0,-1.E0,0.E0));
#12405=AXIS2_PLACEMENT_3D('',#12402,#12403,#12404);
#12406=CYLINDRICAL_SURFACE('',#12405,3.E-1);
#12407=ORIENTED_EDGE('',*,*,#12231,.F.);
#12408=ORIENTED_EDGE('',*,*,#12260,.F.);
#12409=ORIENTED_EDGE('',*,*,#12277,.T.);
#12410=ORIENTED_EDGE('',*,*,#12321,.T.);
#12411=EDGE_LOOP('',(#12407,#12408,#12409,#12410));
#12412=FACE_OUTER_BOUND('',#12411,.F.);
#12414=CARTESIAN_POINT('',(-3.60798E2,1.940316406639E2,1.801666015441E1));
#12415=DIRECTION('',(-1.E0,0.E0,0.E0));
#12416=DIRECTION('',(0.E0,-1.E0,0.E0));
#12417=AXIS2_PLACEMENT_3D('',#12414,#12415,#12416);
#12418=PLANE('',#12417);
#12420=ORIENTED_EDGE('',*,*,#12419,.F.);
#12422=ORIENTED_EDGE('',*,*,#12421,.F.);
#12423=ORIENTED_EDGE('',*,*,#12212,.T.);
#12424=ORIENTED_EDGE('',*,*,#7357,.T.);
#12425=ORIENTED_EDGE('',*,*,#7379,.T.);
#12427=ORIENTED_EDGE('',*,*,#12426,.F.);
#12428=EDGE_LOOP('',(#12420,#12422,#12423,#12424,#12425,#12427));
#12429=FACE_OUTER_BOUND('',#12428,.F.);
#12431=CARTESIAN_POINT('',(-3.61298E2,1.795221740601E2,-4.634775240272E1));
#12432=DIRECTION('',(0.E0,0.E0,1.E0));
#12433=DIRECTION('',(0.E0,-1.E0,0.E0));
#12434=AXIS2_PLACEMENT_3D('',#12431,#12432,#12433);
#12435=CYLINDRICAL_SURFACE('',#12434,5.E-1);
#12436=ORIENTED_EDGE('',*,*,#12419,.T.);
#12438=ORIENTED_EDGE('',*,*,#12437,.F.);
#12440=ORIENTED_EDGE('',*,*,#12439,.F.);
#12442=ORIENTED_EDGE('',*,*,#12441,.F.);
#12444=ORIENTED_EDGE('',*,*,#12443,.T.);
#12445=EDGE_LOOP('',(#12436,#12438,#12440,#12442,#12444));
#12446=FACE_OUTER_BOUND('',#12445,.F.);
#12448=CARTESIAN_POINT('',(-3.607631489347E2,1.794406067216E2,
-1.582306346680E0));
#12449=CARTESIAN_POINT('',(-3.607623066878E2,1.794446054020E2,
-1.584317829624E0));
#12450=CARTESIAN_POINT('',(-3.607583888897E2,1.794646511587E2,
-1.594272766347E0));
#12451=CARTESIAN_POINT('',(-3.607539245968E2,1.795014183310E2,
-1.611382062653E0));
#12452=CARTESIAN_POINT('',(-3.607534305057E2,1.795531425242E2,
-1.633022707349E0));
#12453=CARTESIAN_POINT('',(-3.607570648053E2,1.795881059109E2,
-1.645996209693E0));
#12454=CARTESIAN_POINT('',(-3.607600172499E2,1.796063908458E2,
-1.652345840883E0));
#12455=CARTESIAN_POINT('',(-3.607672765717E2,1.794354509069E2,
-1.590864983398E0));
#12456=CARTESIAN_POINT('',(-3.607664017034E2,1.794394468469E2,
-1.592806656560E0));
#12457=CARTESIAN_POINT('',(-3.607623185740E2,1.794594777550E2,
-1.602416958922E0));
#12458=CARTESIAN_POINT('',(-3.607575348414E2,1.794962088903E2,
-1.618942558898E0));
#12459=CARTESIAN_POINT('',(-3.607565582092E2,1.795478738239E2,
-1.639870976423E0));
#12460=CARTESIAN_POINT('',(-3.607598461148E2,1.795827982933E2,
-1.652441232279E0));
#12461=CARTESIAN_POINT('',(-3.607626132479E2,1.796010651571E2,
-1.658601528336E0));
#12462=CARTESIAN_POINT('',(-3.607789003112E2,1.794209340243E2,
-1.616476232087E0));
#12463=CARTESIAN_POINT('',(-3.607779341369E2,1.794249217004E2,
-1.618209912845E0));
#12464=CARTESIAN_POINT('',(-3.607733881640E2,1.794449080483E2,
-1.626792934248E0));
#12465=CARTESIAN_POINT('',(-3.607677092440E2,1.794815326676E2,
-1.641573939707E0));
#12466=CARTESIAN_POINT('',(-3.607653770621E2,1.795330239340E2,
-1.660359357343E0));
#12467=CARTESIAN_POINT('',(-3.607676887022E2,1.795678346424E2,
-1.671703009806E0));
#12468=CARTESIAN_POINT('',(-3.607699324292E2,1.795860486348E2,
-1.677282675085E0));
#12469=CARTESIAN_POINT('',(-3.607956987529E2,1.793999559764E2,
-1.661582856214E0));
#12470=CARTESIAN_POINT('',(-3.607946042059E2,1.794039278464E2,
-1.662958961088E0));
#12471=CARTESIAN_POINT('',(-3.607894069183E2,1.794238305165E2,
-1.669773960191E0));
#12472=CARTESIAN_POINT('',(-3.607824622846E2,1.794602670656E2,
-1.681532244972E0));
#12473=CARTESIAN_POINT('',(-3.607781930155E2,1.795114657145E2,
-1.696538363731E0));
#12474=CARTESIAN_POINT('',(-3.607790903765E2,1.795460910129E2,
-1.705654036058E0));
#12475=CARTESIAN_POINT('',(-3.607805691408E2,1.795642204363E2,
-1.710155328230E0));
#12476=CARTESIAN_POINT('',(-3.608084631040E2,1.793840160963E2,
-1.709495045049E0));
#12477=CARTESIAN_POINT('',(-3.608072734788E2,1.793879732350E2,
-1.710505256996E0));
#12478=CARTESIAN_POINT('',(-3.608015933852E2,1.794077987223E2,
-1.715509700959E0));
#12479=CARTESIAN_POINT('',(-3.607937063775E2,1.794440678785E2,
-1.724158040768E0));
#12480=CARTESIAN_POINT('',(-3.607879822509E2,1.794950114253E2,
-1.735229485623E0));
#12481=CARTESIAN_POINT('',(-3.607878061939E2,1.795294754540E2,
-1.741982007001E0));
#12482=CARTESIAN_POINT('',(-3.607887005652E2,1.795475306748E2,
-1.745324367084E0));
#12483=CARTESIAN_POINT('',(-3.608159182033E2,1.793747024655E2,
-1.749537858734E0));
#12484=CARTESIAN_POINT('',(-3.608146740888E2,1.793786497230E2,
-1.750251466362E0));
#12485=CARTESIAN_POINT('',(-3.608087171075E2,1.793984237660E2,
-1.753787671614E0));
#12486=CARTESIAN_POINT('',(-3.608002878943E2,1.794345837801E2,
-1.759908612881E0));
#12487=CARTESIAN_POINT('',(-3.607937225635E2,1.794853625639E2,
-1.767766479329E0));
#12488=CARTESIAN_POINT('',(-3.607929228082E2,1.795197216348E2,
-1.772574904136E0));
#12489=CARTESIAN_POINT('',(-3.607934767428E2,1.795377277901E2,
-1.774959303944E0));
#12490=CARTESIAN_POINT('',(-3.608193546871E2,1.793704049539E2,
-1.775286199587E0));
#12491=CARTESIAN_POINT('',(-3.608180859588E2,1.793743469357E2,
-1.775816236793E0));
#12492=CARTESIAN_POINT('',(-3.608120038105E2,1.793940936646E2,
-1.778443765375E0));
#12493=CARTESIAN_POINT('',(-3.608033287330E2,1.794301968036E2,
-1.783000702238E0));
#12494=CARTESIAN_POINT('',(-3.607963809827E2,1.794808897946E2,
-1.788870042956E0));
#12495=CARTESIAN_POINT('',(-3.607952975250E2,1.795151929185E2,
-1.792475566448E0));
#12496=CARTESIAN_POINT('',(-3.607956967221E2,1.795331721016E2,
-1.794267333265E0));
#12497=CARTESIAN_POINT('',(-3.608212623264E2,1.793680184307E2,
-1.796161722170E0));
#12498=CARTESIAN_POINT('',(-3.608199799289E2,1.793719575232E2,
-1.796535923715E0));
#12499=CARTESIAN_POINT('',(-3.608138282888E2,1.793916892752E2,
-1.798391342441E0));
#12500=CARTESIAN_POINT('',(-3.608050169090E2,1.794277610183E2,
-1.801612828056E0));
#12501=CARTESIAN_POINT('',(-3.607978575974E2,1.794784057686E2,
-1.805769751921E0));
#12502=CARTESIAN_POINT('',(-3.607966173899E2,1.795126764672E2,
-1.808328684782E0));
#12503=CARTESIAN_POINT('',(-3.607969310867E2,1.795306396087E2,
-1.809601775697E0));
#12504=CARTESIAN_POINT('',(-3.608227286367E2,1.793661718230E2,
-1.819421175184E0));
#12505=CARTESIAN_POINT('',(-3.608214367230E2,1.793701072689E2,
-1.819619728516E0));
#12506=CARTESIAN_POINT('',(-3.608152366063E2,1.793898203202E2,
-1.820604575669E0));
#12507=CARTESIAN_POINT('',(-3.608063293055E2,1.794258542703E2,
-1.822317488695E0));
#12508=CARTESIAN_POINT('',(-3.607990196183E2,1.794764407177E2,
-1.824532554499E0));
#12509=CARTESIAN_POINT('',(-3.607976671072E2,1.795106700660E2,
-1.825898312567E0));
#12510=CARTESIAN_POINT('',(-3.607979193195E2,1.795286115245E2,
-1.826577997562E0));
#12511=CARTESIAN_POINT('',(-3.608232472585E2,1.793655748796E2,
-1.837686840335E0));
#12512=CARTESIAN_POINT('',(-3.608219471810E2,1.793695159648E2,
-1.837731185457E0));
#12513=CARTESIAN_POINT('',(-3.608157060770E2,1.793892572586E2,
-1.837951196672E0));
#12514=CARTESIAN_POINT('',(-3.608067229527E2,1.794253431324E2,
-1.838335346004E0));
#12515=CARTESIAN_POINT('',(-3.607993049046E2,1.794760061770E2,
-1.838844169872E0));
#12516=CARTESIAN_POINT('',(-3.607978781774E2,1.795102920569E2,
-1.839173163032E0));
#12517=CARTESIAN_POINT('',(-3.607980915028E2,1.795282650254E2,
-1.839343305429E0));
#12518=CARTESIAN_POINT('',(-3.608230440638E2,1.793658115813E2,
-1.850566302967E0));
#12519=CARTESIAN_POINT('',(-3.608217473427E2,1.793697502142E2,
-1.850513096149E0));
#12520=CARTESIAN_POINT('',(-3.608155230076E2,1.793894792306E2,
-1.850249149219E0));
#12521=CARTESIAN_POINT('',(-3.608065700985E2,1.794255425982E2,
-1.849789063315E0));
#12522=CARTESIAN_POINT('',(-3.607991929326E2,1.794761728835E2,
-1.849185774817E0));
#12523=CARTESIAN_POINT('',(-3.607977922458E2,1.795104350738E2,
-1.848803234041E0));
#12524=CARTESIAN_POINT('',(-3.607980185746E2,1.795283950089E2,
-1.848608411795E0));
#12525=B_SPLINE_SURFACE_WITH_KNOTS('',3,3,((#12448,#12449,#12450,#12451,#12452,
#12453,#12454),(#12455,#12456,#12457,#12458,#12459,#12460,#12461),(#12462,
#12463,#12464,#12465,#12466,#12467,#12468),(#12469,#12470,#12471,#12472,#12473,
#12474,#12475),(#12476,#12477,#12478,#12479,#12480,#12481,#12482),(#12483,
#12484,#12485,#12486,#12487,#12488,#12489),(#12490,#12491,#12492,#12493,#12494,
#12495,#12496),(#12497,#12498,#12499,#12500,#12501,#12502,#12503),(#12504,
#12505,#12506,#12507,#12508,#12509,#12510),(#12511,#12512,#12513,#12514,#12515,
#12516,#12517),(#12518,#12519,#12520,#12521,#12522,#12523,#12524)),
.UNSPECIFIED.,.F.,.F.,.F.,(4,1,1,1,1,1,1,1,4),(4,1,1,1,4),(6.602467943599E0,
6.637587656317E0,6.705225784707E0,6.772863913097E0,6.806682977293E0,
6.840502041488E0,6.857411573585E0,6.874321105683E0,6.915482466452E0),(
5.936793126296E-1,6.25E-1,7.5E-1,8.75E-1,1.016192308675E0),.UNSPECIFIED.);
#12527=ORIENTED_EDGE('',*,*,#12526,.T.);
#12528=ORIENTED_EDGE('',*,*,#12437,.T.);
#12530=ORIENTED_EDGE('',*,*,#12529,.F.);
#12531=EDGE_LOOP('',(#12527,#12528,#12530));
#12532=FACE_OUTER_BOUND('',#12531,.F.);
#12534=CARTESIAN_POINT('',(-3.602980000011E2,1.805221740577E2,
-1.343668807148E0));
#12535=CARTESIAN_POINT('',(-3.602980000011E2,1.805221740577E2,
-1.343668807148E0));
#12536=CARTESIAN_POINT('',(-3.602980000011E2,1.805221740577E2,
-1.343668807148E0));
#12537=CARTESIAN_POINT('',(-3.602980000011E2,1.805221740577E2,
-1.343668807148E0));
#12538=CARTESIAN_POINT('',(-3.602980000011E2,1.805221740577E2,
-1.343668807148E0));
#12539=CARTESIAN_POINT('',(-3.602980000011E2,1.805221740577E2,
-1.343668807148E0));
#12540=CARTESIAN_POINT('',(-3.602980000011E2,1.805221740577E2,
-1.343668807148E0));
#12541=CARTESIAN_POINT('',(-3.602980000011E2,1.805221740577E2,
-1.343668807148E0));
#12542=CARTESIAN_POINT('',(-3.602980000011E2,1.805221740577E2,
-1.343668807148E0));
#12543=CARTESIAN_POINT('',(-3.602980000011E2,1.805221740577E2,
-1.343668807148E0));
#12544=CARTESIAN_POINT('',(-3.602980000011E2,1.805221740577E2,
-1.343668807148E0));
#12545=CARTESIAN_POINT('',(-3.603340330652E2,1.804574449618E2,
-1.343677501851E0));
#12546=CARTESIAN_POINT('',(-3.603324847599E2,1.804574521056E2,
-1.343663704175E0));
#12547=CARTESIAN_POINT('',(-3.603295454429E2,1.804574382048E2,
-1.343644382790E0));
#12548=CARTESIAN_POINT('',(-3.603252154363E2,1.804573612059E2,
-1.343631248605E0));
#12549=CARTESIAN_POINT('',(-3.603210427035E2,1.804572520804E2,
-1.343629382978E0));
#12550=CARTESIAN_POINT('',(-3.603168700443E2,1.804571246759E2,
-1.343635115597E0));
#12551=CARTESIAN_POINT('',(-3.603126972934E2,1.804569956324E2,
-1.343645252485E0));
#12552=CARTESIAN_POINT('',(-3.603085242853E2,1.804568815899E2,
-1.343656599661E0));
#12553=CARTESIAN_POINT('',(-3.603042318163E2,1.804567968382E2,
-1.343666230222E0));
#12554=CARTESIAN_POINT('',(-3.603013300645E2,1.804567745541E2,
-1.343668986158E0));
#12555=CARTESIAN_POINT('',(-3.602998195099E2,1.804567759858E2,
-1.343668722709E0));
#12556=CARTESIAN_POINT('',(-3.603850236584E2,1.803589469004E2,
-1.348821600202E0));
#12557=CARTESIAN_POINT('',(-3.603811201345E2,1.803590124990E2,
-1.348324866724E0));
#12558=CARTESIAN_POINT('',(-3.603737146059E2,1.803590987846E2,
-1.347457117574E0));
#12559=CARTESIAN_POINT('',(-3.603628182983E2,1.803591375180E2,
-1.346380405227E0));
#12560=CARTESIAN_POINT('',(-3.603523287576E2,1.803591095505E2,
-1.345519688660E0));
#12561=CARTESIAN_POINT('',(-3.603418493482E2,1.803590316596E2,
-1.344829147423E0));
#12562=CARTESIAN_POINT('',(-3.603313784919E2,1.803589192225E2,
-1.344302338556E0));
#12563=CARTESIAN_POINT('',(-3.603209145411E2,1.803587875895E2,
-1.343933165215E0));
#12564=CARTESIAN_POINT('',(-3.603101575108E2,1.803586481884E2,
-1.343709690927E0));
#12565=CARTESIAN_POINT('',(-3.603028893157E2,1.803585621613E2,
-1.343664860425E0));
#12566=CARTESIAN_POINT('',(-3.602991064802E2,1.803585228208E2,
-1.343669235468E0));
#12567=CARTESIAN_POINT('',(-3.604506819704E2,1.802274084360E2,
-1.366499195636E0));
#12568=CARTESIAN_POINT('',(-3.604439104223E2,1.802275197979E2,
-1.364413594459E0));
#12569=CARTESIAN_POINT('',(-3.604309686205E2,1.802277023415E2,
-1.360719419631E0));
#12570=CARTESIAN_POINT('',(-3.604117009921E2,1.802278928401E2,
-1.356030550220E0));
#12571=CARTESIAN_POINT('',(-3.603929816797E2,1.802280072567E2,
-1.352205977565E0));
#12572=CARTESIAN_POINT('',(-3.603741451226E2,1.802280552891E2,
-1.349079834634E0));
#12573=CARTESIAN_POINT('',(-3.603552249626E2,1.802280400752E2,
-1.346653779834E0));
#12574=CARTESIAN_POINT('',(-3.603362550956E2,1.802279650400E2,
-1.344926950921E0));
#12575=CARTESIAN_POINT('',(-3.603167279692E2,1.802278300871E2,
-1.343866581540E0));
#12576=CARTESIAN_POINT('',(-3.603035425240E2,1.802277009042E2,
-1.343650104405E0));
#12577=CARTESIAN_POINT('',(-3.602966900321E2,1.802276242059E2,
-1.343671205487E0));
#12578=CARTESIAN_POINT('',(-3.604998932458E2,1.801293037593E2,
-1.385128883100E0));
#12579=CARTESIAN_POINT('',(-3.604912133683E2,1.801293460025E2,
-1.381407414379E0));
#12580=CARTESIAN_POINT('',(-3.604745019359E2,1.801294248335E2,
-1.374781470411E0));
#12581=CARTESIAN_POINT('',(-3.604493289385E2,1.801295310060E2,
-1.366304830262E0));
#12582=CARTESIAN_POINT('',(-3.604246490691E2,1.801296189924E2,
-1.359346270235E0));
#12583=CARTESIAN_POINT('',(-3.603996369083E2,1.801296873256E2,
-1.353628356483E0));
#12584=CARTESIAN_POINT('',(-3.603743825404E2,1.801297307542E2,
-1.349172502645E0));
#12585=CARTESIAN_POINT('',(-3.603489776324E2,1.801297442406E2,
-1.345991312353E0));
#12586=CARTESIAN_POINT('',(-3.603227881433E2,1.801297225003E2,
-1.344034206167E0));
#12587=CARTESIAN_POINT('',(-3.603051106933E2,1.801296796652E2,
-1.343634345564E0));
#12588=CARTESIAN_POINT('',(-3.602959351794E2,1.801296489792E2,
-1.343673319872E0));
#12589=CARTESIAN_POINT('',(-3.605408703698E2,1.800490697894E2,
-1.406024318193E0));
#12590=CARTESIAN_POINT('',(-3.605307972319E2,1.800491192096E2,
-1.400492806956E0));
#12591=CARTESIAN_POINT('',(-3.605112411144E2,1.800491565047E2,
-1.390602632714E0));
#12592=CARTESIAN_POINT('',(-3.604813895589E2,1.800490824047E2,
-1.377875115616E0));
#12593=CARTESIAN_POINT('',(-3.604518230376E2,1.800489191925E2,
-1.367382809319E0));
#12594=CARTESIAN_POINT('',(-3.604216209464E2,1.800486916726E2,
-1.358737199337E0));
#12595=CARTESIAN_POINT('',(-3.603909534863E2,1.800484283487E2,
-1.351990999722E0));
#12596=CARTESIAN_POINT('',(-3.603599959617E2,1.800481581376E2,
-1.347175531087E0));
#12597=CARTESIAN_POINT('',(-3.603280393422E2,1.800479026729E2,
-1.344218254956E0));
#12598=CARTESIAN_POINT('',(-3.603064851886E2,1.800477660744E2,
-1.343617022161E0));
#12599=CARTESIAN_POINT('',(-3.602953148384E2,1.800477104108E2,
-1.343675643687E0));
#12600=CARTESIAN_POINT('',(-3.605716322027E2,1.799835152327E2,
-1.424842704008E0));
#12601=CARTESIAN_POINT('',(-3.605606790205E2,1.799835250823E2,
-1.417718627088E0));
#12602=CARTESIAN_POINT('',(-3.605392432494E2,1.799835433881E2,
-1.404932227825E0));
#12603=CARTESIAN_POINT('',(-3.605061014188E2,1.799835586941E2,
-1.388388584793E0));
#12604=CARTESIAN_POINT('',(-3.604729543693E2,1.799835541583E2,
-1.374697783763E0));
#12605=CARTESIAN_POINT('',(-3.604388396434E2,1.799835218924E2,
-1.363388299230E0));
#12606=CARTESIAN_POINT('',(-3.604040138807E2,1.799834538358E2,
-1.354553420626E0));
#12607=CARTESIAN_POINT('',(-3.603687444918E2,1.799833424775E2,
-1.348248688651E0));
#12608=CARTESIAN_POINT('',(-3.603322919656E2,1.799831763972E2,
-1.344383574030E0));
#12609=CARTESIAN_POINT('',(-3.603077231646E2,1.799830234623E2,
-1.343601450206E0));
#12610=CARTESIAN_POINT('',(-3.602950089074E2,1.799829317505E2,
-1.343677733267E0));
#12611=CARTESIAN_POINT('',(-3.605958375605E2,1.799336108559E2,
-1.441667398009E0));
#12612=CARTESIAN_POINT('',(-3.605842910076E2,1.799337545256E2,
-1.433143769073E0));
#12613=CARTESIAN_POINT('',(-3.605615303268E2,1.799340299924E2,
-1.417796661703E0));
#12614=CARTESIAN_POINT('',(-3.605259343101E2,1.799344280814E2,
-1.397849965661E0));
#12615=CARTESIAN_POINT('',(-3.604900232292E2,1.799347916911E2,
-1.381289623635E0));
#12616=CARTESIAN_POINT('',(-3.604528188006E2,1.799351222898E2,
-1.367580838326E0));
#12617=CARTESIAN_POINT('',(-3.604146615474E2,1.799354073329E2,
-1.356861312363E0));
#12618=CARTESIAN_POINT('',(-3.603759095748E2,1.799356351177E2,
-1.349213211228E0));
#12619=CARTESIAN_POINT('',(-3.603358155950E2,1.799357997268E2,
-1.344531275629E0));
#12620=CARTESIAN_POINT('',(-3.603088098062E2,1.799358553942E2,
-1.343587530582E0));
#12621=CARTESIAN_POINT('',(-3.602948518717E2,1.799358677776E2,
-1.343679601376E0));
#12622=CARTESIAN_POINT('',(-3.606209293926E2,1.798845164940E2,
-1.461414221350E0));
#12623=CARTESIAN_POINT('',(-3.606088915219E2,1.798848218385E2,
-1.451283663469E0));
#12624=CARTESIAN_POINT('',(-3.605849490025E2,1.798853768375E2,
-1.432973648924E0));
#12625=CARTESIAN_POINT('',(-3.605469697259E2,1.798861247983E2,
-1.409046255745E0));
#12626=CARTESIAN_POINT('',(-3.605082455289E2,1.798867828749E2,
-1.389103512557E0));
#12627=CARTESIAN_POINT('',(-3.604678028969E2,1.798873804028E2,
-1.372552545704E0));
#12628=CARTESIAN_POINT('',(-3.604260905639E2,1.798879209565E2,
-1.359595365616E0));
#12629=CARTESIAN_POINT('',(-3.603835857415E2,1.798884093953E2,
-1.350352862022E0));
#12630=CARTESIAN_POINT('',(-3.603395550715E2,1.798888643259E2,
-1.344704514472E0));
#12631=CARTESIAN_POINT('',(-3.603099214174E2,1.798891433921E2,
-1.343571193949E0));
#12632=CARTESIAN_POINT('',(-3.602946281750E2,1.798892825607E2,
-1.343681794292E0));
#12633=CARTESIAN_POINT('',(-3.606457287128E2,1.798374954115E2,
-1.483577095805E0));
#12634=CARTESIAN_POINT('',(-3.606333621749E2,1.798377978708E2,
-1.471698741520E0));
#12635=CARTESIAN_POINT('',(-3.606085000058E2,1.798383372715E2,
-1.450132654289E0));
#12636=CARTESIAN_POINT('',(-3.605683862831E2,1.798390392508E2,
-1.421764706208E0));
#12637=CARTESIAN_POINT('',(-3.605269682320E2,1.798396377089E2,
-1.398007551467E0));
#12638=CARTESIAN_POINT('',(-3.604833013111E2,1.798401670916E2,
-1.378226919246E0));
#12639=CARTESIAN_POINT('',(-3.604379661632E2,1.798406385106E2,
-1.362715796487E0));
#12640=CARTESIAN_POINT('',(-3.603915884575E2,1.798410646953E2,
-1.351651230837E0));
#12641=CARTESIAN_POINT('',(-3.603434762343E2,1.798414706299E2,
-1.344900616138E0));
#12642=CARTESIAN_POINT('',(-3.603111234967E2,1.798417323590E2,
-1.343552691033E0));
#12643=CARTESIAN_POINT('',(-3.602944547011E2,1.798418680927E2,
-1.343684278408E0));
#12644=CARTESIAN_POINT('',(-3.606689980432E2,1.797940400538E2,
-1.507631301919E0));
#12645=CARTESIAN_POINT('',(-3.606565090385E2,1.797939685888E2,
-1.493899139240E0));
#12646=CARTESIAN_POINT('',(-3.606310687965E2,1.797938452667E2,
-1.468848837219E0));
#12647=CARTESIAN_POINT('',(-3.605891698800E2,1.797936809200E2,
-1.435671193301E0));
#12648=CARTESIAN_POINT('',(-3.605452562545E2,1.797935230869E2,
-1.407749838422E0));
#12649=CARTESIAN_POINT('',(-3.604984412607E2,1.797933501033E2,
-1.384428355778E0));
#12650=CARTESIAN_POINT('',(-3.604494655647E2,1.797931465678E2,
-1.366115482890E0));
#12651=CARTESIAN_POINT('',(-3.603991392844E2,1.797928981138E2,
-1.353058127433E0));
#12652=CARTESIAN_POINT('',(-3.603468479270E2,1.797925833234E2,
-1.345110285511E0));
#12653=CARTESIAN_POINT('',(-3.603117226243E2,1.797923211748E2,
-1.343532884822E0));
#12654=CARTESIAN_POINT('',(-3.602936601245E2,1.797921696377E2,
-1.343686938434E0));
#12655=CARTESIAN_POINT('',(-3.606917941717E2,1.797559182741E2,
-1.534834826400E0));
#12656=CARTESIAN_POINT('',(-3.606794713175E2,1.797550914889E2,
-1.519299388849E0));
#12657=CARTESIAN_POINT('',(-3.606540260979E2,1.797535960464E2,
-1.490717069510E0));
#12658=CARTESIAN_POINT('',(-3.606112016468E2,1.797515486840E2,
-1.452351298382E0));
#12659=CARTESIAN_POINT('',(-3.605655980373E2,1.797496668187E2,
-1.419713696301E0));
#12660=CARTESIAN_POINT('',(-3.605163916851E2,1.797478194047E2,
-1.392213241457E0));
#12661=CARTESIAN_POINT('',(-3.604644682257E2,1.797459470009E2,
-1.370473692570E0));
#12662=CARTESIAN_POINT('',(-3.604108159191E2,1.797439911108E2,
-1.354900241410E0));
#12663=CARTESIAN_POINT('',(-3.603549121596E2,1.797418379733E2,
-1.345394647776E0));
#12664=CARTESIAN_POINT('',(-3.603173452107E2,1.797402491386E2,
-1.343506104450E0));
#12665=CARTESIAN_POINT('',(-3.602980465101E2,1.797393780586E2,
-1.343690531814E0));
#12666=CARTESIAN_POINT('',(-3.607130095121E2,1.797191761024E2,
-1.563904656824E0));
#12667=CARTESIAN_POINT('',(-3.607011142816E2,1.797174960391E2,
-1.546558879745E0));
#12668=CARTESIAN_POINT('',(-3.606761400658E2,1.797144512456E2,
-1.514359653618E0));
#12669=CARTESIAN_POINT('',(-3.606329935855E2,1.797102774656E2,
-1.470528805135E0));
#12670=CARTESIAN_POINT('',(-3.605861724263E2,1.797064440994E2,
-1.432824617565E0));
#12671=CARTESIAN_POINT('',(-3.605349346562E2,1.797026902542E2,
-1.400773102702E0));
#12672=CARTESIAN_POINT('',(-3.604803238289E2,1.796988997310E2,
-1.375270692386E0));
#12673=CARTESIAN_POINT('',(-3.604235316620E2,1.796949579203E2,
-1.356924871928E0));
#12674=CARTESIAN_POINT('',(-3.603641628839E2,1.796906401563E2,
-1.345704987670E0));
#12675=CARTESIAN_POINT('',(-3.603242449730E2,1.796874718451E2,
-1.343476859975E0));
#12676=CARTESIAN_POINT('',(-3.603037599799E2,1.796857406045E2,
-1.343694456539E0));
#12677=CARTESIAN_POINT('',(-3.607315763126E2,1.796801886484E2,
-1.593687701768E0));
#12678=CARTESIAN_POINT('',(-3.607203203190E2,1.796777590664E2,
-1.574494322080E0));
#12679=CARTESIAN_POINT('',(-3.606961722788E2,1.796733929356E2,
-1.538587892197E0));
#12680=CARTESIAN_POINT('',(-3.606530592125E2,1.796675048558E2,
-1.489122837715E0));
#12681=CARTESIAN_POINT('',(-3.606051987229E2,1.796621707642E2,
-1.446183935994E0));
#12682=CARTESIAN_POINT('',(-3.605519565735E2,1.796569930533E2,
-1.409439345837E0));
#12683=CARTESIAN_POINT('',(-3.604945705851E2,1.796517736158E2,
-1.380082021110E0));
#12684=CARTESIAN_POINT('',(-3.604344887442E2,1.796463165357E2,
-1.358928955649E0));
#12685=CARTESIAN_POINT('',(-3.603714975269E2,1.796402765356E2,
-1.346003442506E0));
#12686=CARTESIAN_POINT('',(-3.603291588753E2,1.796357865948E2,
-1.343448664962E0));
#12687=CARTESIAN_POINT('',(-3.603074697723E2,1.796333162629E2,
-1.343698243273E0));
#12688=CARTESIAN_POINT('',(-3.607481669565E2,1.796416538786E2,
-1.624968495121E0));
#12689=CARTESIAN_POINT('',(-3.607376458758E2,1.796383003865E2,
-1.604029551232E0));
#12690=CARTESIAN_POINT('',(-3.607145444904E2,1.796323533235E2,
-1.564508852520E0));
#12691=CARTESIAN_POINT('',(-3.606718406258E2,1.796245529485E2,
-1.509300814988E0));
#12692=CARTESIAN_POINT('',(-3.606233053617E2,1.796176673460E2,
-1.460855245878E0));
#12693=CARTESIAN_POINT('',(-3.605683924407E2,1.796111129031E2,
-1.419053862896E0));
#12694=CARTESIAN_POINT('',(-3.605085146742E2,1.796045582351E2,
-1.385466077933E0));
#12695=CARTESIAN_POINT('',(-3.604453696951E2,1.795976720205E2,
-1.361188725889E0));
#12696=CARTESIAN_POINT('',(-3.603789314685E2,1.795899392655E2,
-1.346343712124E0));
#12697=CARTESIAN_POINT('',(-3.603342516487E2,1.795840768781E2,
-1.343416550756E0));
#12698=CARTESIAN_POINT('',(-3.603113890505E2,1.795808160508E2,
-1.343702555123E0));
#12699=CARTESIAN_POINT('',(-3.607624305968E2,1.796029140521E2,
-1.657168812489E0));
#12700=CARTESIAN_POINT('',(-3.607530502854E2,1.795988583977E2,
-1.634413562740E0));
#12701=CARTESIAN_POINT('',(-3.607316866164E2,1.795916683630E2,
-1.591126544658E0));
#12702=CARTESIAN_POINT('',(-3.606901253846E2,1.795822441107E2,
-1.529920344244E0));
#12703=CARTESIAN_POINT('',(-3.606413434376E2,1.795739173002E2,
-1.475730810195E0));
#12704=CARTESIAN_POINT('',(-3.605849332279E2,1.795659566586E2,
-1.428688833266E0));
#12705=CARTESIAN_POINT('',(-3.605225492923E2,1.795579304390E2,
-1.390773531281E0));
#12706=CARTESIAN_POINT('',(-3.604562360128E2,1.795494107295E2,
-1.363365884166E0));
#12707=CARTESIAN_POINT('',(-3.603862593895E2,1.795397511192E2,
-1.346655268655E0));
#12708=CARTESIAN_POINT('',(-3.603392578318E2,1.795323768879E2,
-1.343387012738E0));
#12709=CARTESIAN_POINT('',(-3.603152685017E2,1.795282687966E2,
-1.343706526478E0));
#12710=CARTESIAN_POINT('',(-3.607741197542E2,1.795639285347E2,
-1.689956322335E0));
#12711=CARTESIAN_POINT('',(-3.607665311307E2,1.795595410107E2,
-1.665271332701E0));
#12712=CARTESIAN_POINT('',(-3.607480031191E2,1.795516622108E2,
-1.617996317131E0));
#12713=CARTESIAN_POINT('',(-3.607086881708E2,1.795410398934E2,
-1.550472876945E0));
#12714=CARTESIAN_POINT('',(-3.606602121968E2,1.795313685668E2,
-1.490290694428E0));
#12715=CARTESIAN_POINT('',(-3.606023931726E2,1.795218490747E2,
-1.437877590440E0));
#12716=CARTESIAN_POINT('',(-3.605372626884E2,1.795120327984E2,
-1.395655543840E0));
#12717=CARTESIAN_POINT('',(-3.604674078235E2,1.795014928236E2,
-1.365268699877E0));
#12718=CARTESIAN_POINT('',(-3.603935882499E2,1.794895451188E2,
-1.346896192342E0));
#12719=CARTESIAN_POINT('',(-3.603442436364E2,1.794805133524E2,
-1.343363900015E0));
#12720=CARTESIAN_POINT('',(-3.603191907983E2,1.794755273177E2,
-1.343709644863E0));
#12721=CARTESIAN_POINT('',(-3.607840685277E2,1.795250448265E2,
-1.723234216212E0));
#12722=CARTESIAN_POINT('',(-3.607785314790E2,1.795204687170E2,
-1.696762615914E0));
#12723=CARTESIAN_POINT('',(-3.607633415971E2,1.795121292851E2,
-1.645677751369E0));
#12724=CARTESIAN_POINT('',(-3.607268944815E2,1.795005040663E2,
-1.571845826361E0));
#12725=CARTESIAN_POINT('',(-3.606791230189E2,1.794895435784E2,
-1.505507499928E0));
#12726=CARTESIAN_POINT('',(-3.606200625135E2,1.794783980547E2,
-1.447483256309E0));
#12727=CARTESIAN_POINT('',(-3.605521639800E2,1.794666280869E2,
-1.400733596680E0));
#12728=CARTESIAN_POINT('',(-3.604786537937E2,1.794538479308E2,
-1.367226073817E0));
#12729=CARTESIAN_POINT('',(-3.604008926580E2,1.794393778757E2,
-1.347136261626E0));
#12730=CARTESIAN_POINT('',(-3.603492111561E2,1.794285594588E2,
-1.343340793407E0));
#12731=CARTESIAN_POINT('',(-3.603231248871E2,1.794226445377E2,
-1.343712765437E0));
#12732=CARTESIAN_POINT('',(-3.607914702664E2,1.794923904980E2,
-1.751046757075E0));
#12733=CARTESIAN_POINT('',(-3.607877183150E2,1.794879804725E2,
-1.723194077883E0));
#12734=CARTESIAN_POINT('',(-3.607755041357E2,1.794797557774E2,
-1.669087401828E0));
#12735=CARTESIAN_POINT('',(-3.607417635472E2,1.794676905430E2,
-1.590059580702E0));
#12736=CARTESIAN_POINT('',(-3.606948240622E2,1.794557461900E2,
-1.518526536779E0));
#12737=CARTESIAN_POINT('',(-3.606348617910E2,1.794431008107E2,
-1.455699449893E0));
#12738=CARTESIAN_POINT('',(-3.605646797350E2,1.794294122818E2,
-1.405055417475E0));
#12739=CARTESIAN_POINT('',(-3.604880831988E2,1.794144396631E2,
-1.368874587625E0));
#12740=CARTESIAN_POINT('',(-3.604069903953E2,1.793976115700E2,
-1.347332609103E0));
#12741=CARTESIAN_POINT('',(-3.603533529339E2,1.793852545916E2,
-1.343321836094E0));
#12742=CARTESIAN_POINT('',(-3.603264080567E2,1.793785864305E2,
-1.343715327976E0));
#12743=CARTESIAN_POINT('',(-3.607972216077E2,1.794660526310E2,
-1.773181318178E0));
#12744=CARTESIAN_POINT('',(-3.607948195776E2,1.794621063291E2,
-1.744283482684E0));
#12745=CARTESIAN_POINT('',(-3.607848956657E2,1.794544929547E2,
-1.687856560341E0));
#12746=CARTESIAN_POINT('',(-3.607533119607E2,1.794425022345E2,
-1.604746788266E0));
#12747=CARTESIAN_POINT('',(-3.607070979467E2,1.794298791465E2,
-1.529068049085E0));
#12748=CARTESIAN_POINT('',(-3.606464984065E2,1.794158902793E2,
-1.462367498767E0));
#12749=CARTESIAN_POINT('',(-3.605745698381E2,1.794003625072E2,
-1.408564720572E0));
#12750=CARTESIAN_POINT('',(-3.604955690576E2,1.793832851476E2,
-1.370212036256E0));
#12751=CARTESIAN_POINT('',(-3.604118561702E2,1.793642781377E2,
-1.347491626521E0));
#12752=CARTESIAN_POINT('',(-3.603566621732E2,1.793506050239E2,
-1.343306480078E0));
#12753=CARTESIAN_POINT('',(-3.603290250010E2,1.793433316087E2,
-1.343717403828E0));
#12754=CARTESIAN_POINT('',(-3.608008914596E2,1.794495585739E2,
-1.786925541010E0));
#12755=CARTESIAN_POINT('',(-3.607992513817E2,1.794460932802E2,
-1.757381832784E0));
#12756=CARTESIAN_POINT('',(-3.607906368876E2,1.794391651528E2,
-1.699521285253E0));
#12757=CARTESIAN_POINT('',(-3.607603109008E2,1.794274746271E2,
-1.613881622316E0));
#12758=CARTESIAN_POINT('',(-3.607145315931E2,1.794144940650E2,
-1.535625529762E0));
#12759=CARTESIAN_POINT('',(-3.606535641787E2,1.793995789272E2,
-1.466512301375E0));
#12760=CARTESIAN_POINT('',(-3.605806036268E2,1.793827106305E2,
-1.410742032202E0));
#12761=CARTESIAN_POINT('',(-3.605001707846E2,1.793640860825E2,
-1.371039369403E0));
#12762=CARTESIAN_POINT('',(-3.604148869807E2,1.793435025854E2,
-1.347589344587E0));
#12763=CARTESIAN_POINT('',(-3.603587491961E2,1.793289151554E2,
-1.343297036877E0));
#12764=CARTESIAN_POINT('',(-3.603306870209E2,1.793212367323E2,
-1.343718680642E0));
#12765=CARTESIAN_POINT('',(-3.608039252024E2,1.794363268999E2,
-1.798048810989E0));
#12766=CARTESIAN_POINT('',(-3.608028423097E2,1.794333255252E2,
-1.767991655833E0));
#12767=CARTESIAN_POINT('',(-3.607951950243E2,1.794270751664E2,
-1.708987294927E0));
#12768=CARTESIAN_POINT('',(-3.607658105495E2,1.794157427478E2,
-1.621315158556E0));
#12769=CARTESIAN_POINT('',(-3.607203587525E2,1.794025190872E2,
-1.540976699275E0));
#12770=CARTESIAN_POINT('',(-3.606591066663E2,1.793868430008E2,
-1.469904651369E0));
#12771=CARTESIAN_POINT('',(-3.605853457515E2,1.793688396559E2,
-1.412530163482E0));
#12772=CARTESIAN_POINT('',(-3.605037941308E2,1.793488994699E2,
-1.371722017674E0));
#12773=CARTESIAN_POINT('',(-3.604172700054E2,1.793269869246E2,
-1.347671060161E0));
#12774=CARTESIAN_POINT('',(-3.603603726639E2,1.793116455094E2,
-1.343289151494E0));
#12775=CARTESIAN_POINT('',(-3.603319622345E2,1.793036399267E2,
-1.343719746375E0));
#12776=CARTESIAN_POINT('',(-3.608062863440E2,1.794263207184E2,
-1.806134850642E0));
#12777=CARTESIAN_POINT('',(-3.608055883170E2,1.794236834935E2,
-1.775709194535E0));
#12778=CARTESIAN_POINT('',(-3.607986133623E2,1.794179713679E2,
-1.715881287697E0));
#12779=CARTESIAN_POINT('',(-3.607698897723E2,1.794069425072E2,
-1.626737781823E0));
#12780=CARTESIAN_POINT('',(-3.607246710912E2,1.793935577707E2,
-1.544885789911E0));
#12781=CARTESIAN_POINT('',(-3.606632206735E2,1.793773184965E2,
-1.472385748092E0));
#12782=CARTESIAN_POINT('',(-3.605888952656E2,1.793584598419E2,
-1.413839327673E0));
#12783=CARTESIAN_POINT('',(-3.605065516344E2,1.793375219511E2,
-1.372222399582E0));
#12784=CARTESIAN_POINT('',(-3.604191471633E2,1.793145992861E2,
-1.347731158152E0));
#12785=CARTESIAN_POINT('',(-3.603617085687E2,1.792986844603E2,
-1.343283354234E0));
#12786=CARTESIAN_POINT('',(-3.603330489454E2,1.792904299618E2,
-1.343720529810E0));
#12787=CARTESIAN_POINT('',(-3.608086693040E2,1.794164733644E2,
-1.815318633451E0));
#12788=CARTESIAN_POINT('',(-3.608083356002E2,1.794142880940E2,
-1.784479087715E0));
#12789=CARTESIAN_POINT('',(-3.608020042454E2,1.794092521300E2,
-1.723726248205E0));
#12790=CARTESIAN_POINT('',(-3.607739165678E2,1.793986400949E2,
-1.632927528793E0));
#12791=CARTESIAN_POINT('',(-3.607289096431E2,1.793851232889E2,
-1.549367569111E0));
#12792=CARTESIAN_POINT('',(-3.606672284547E2,1.793682841676E2,
-1.475248127341E0));
#12793=CARTESIAN_POINT('',(-3.605922840584E2,1.793484938857E2,
-1.415363028214E0));
#12794=CARTESIAN_POINT('',(-3.605090655690E2,1.793264745011E2,
-1.372812375041E0));
#12795=CARTESIAN_POINT('',(-3.604206643465E2,1.793024795212E2,
-1.347804488626E0));
#12796=CARTESIAN_POINT('',(-3.603625844290E2,1.792859828474E2,
-1.343276305987E0));
#12797=CARTESIAN_POINT('',(-3.603336182178E2,1.792774868357E2,
-1.343721481296E0));
#12798=CARTESIAN_POINT('',(-3.608118210143E2,1.794038177851E2,
-1.829918916762E0));
#12799=CARTESIAN_POINT('',(-3.608119447732E2,1.794024120159E2,
-1.798430126133E0));
#12800=CARTESIAN_POINT('',(-3.608064351622E2,1.793985497312E2,
-1.736225860652E0));
#12801=CARTESIAN_POINT('',(-3.607791645827E2,1.793886990952E2,
-1.642823994624E0));
#12802=CARTESIAN_POINT('',(-3.607344034864E2,1.793750336593E2,
-1.556568079959E0));
#12803=CARTESIAN_POINT('',(-3.606723435885E2,1.793572860701E2,
-1.479878127827E0));
#12804=CARTESIAN_POINT('',(-3.605964478004E2,1.793360674314E2,
-1.417850847958E0));
#12805=CARTESIAN_POINT('',(-3.605118719297E2,1.793124129510E2,
-1.373788626498E0));
#12806=CARTESIAN_POINT('',(-3.604218786090E2,1.792868505739E2,
-1.347929953299E0));
#12807=CARTESIAN_POINT('',(-3.603627229938E2,1.792695631855E2,
-1.343264287834E0));
#12808=CARTESIAN_POINT('',(-3.603332233563E2,1.792607640233E2,
-1.343723102073E0));
#12809=CARTESIAN_POINT('',(-3.608151616858E2,1.793913081435E2,
-1.844214266049E0));
#12810=CARTESIAN_POINT('',(-3.608156433851E2,1.793907327689E2,
-1.812108942246E0));
#12811=CARTESIAN_POINT('',(-3.608107941935E2,1.793881249414E2,
-1.748516656133E0));
#12812=CARTESIAN_POINT('',(-3.607841995415E2,1.793790946660E2,
-1.652597189487E0));
#12813=CARTESIAN_POINT('',(-3.607396391648E2,1.793652782263E2,
-1.563711172596E0));
#12814=CARTESIAN_POINT('',(-3.606772331432E2,1.793465694604E2,
-1.484494156925E0));
#12815=CARTESIAN_POINT('',(-3.606004691502E2,1.793238411547E2,
-1.420345463676E0));
#12816=CARTESIAN_POINT('',(-3.605146354182E2,1.792984698002E2,
-1.374774707152E0));
#12817=CARTESIAN_POINT('',(-3.604231350313E2,1.792712813083E2,
-1.348058834746E0));
#12818=CARTESIAN_POINT('',(-3.603629306435E2,1.792531924143E2,
-1.343251963124E0));
#12819=CARTESIAN_POINT('',(-3.603329003132E2,1.792440931272E2,
-1.343724763367E0));
#12820=CARTESIAN_POINT('',(-3.608185390497E2,1.793798379893E2,
-1.851590241409E0));
#12821=CARTESIAN_POINT('',(-3.608191630142E2,1.793797778463E2,
-1.819176492237E0));
#12822=CARTESIAN_POINT('',(-3.608145929968E2,1.793779397420E2,
-1.754883629234E0));
#12823=CARTESIAN_POINT('',(-3.607883193142E2,1.793693645253E2,
-1.657677565013E0));
#12824=CARTESIAN_POINT('',(-3.607438948643E2,1.793553529231E2,
-1.567436250490E0));
#12825=CARTESIAN_POINT('',(-3.606813953179E2,1.793358906916E2,
-1.486908782100E0));
#12826=CARTESIAN_POINT('',(-3.606043072623E2,1.793120145637E2,
-1.421654402768E0));
#12827=CARTESIAN_POINT('',(-3.605179688659E2,1.792853214444E2,
-1.375293889291E0));
#12828=CARTESIAN_POINT('',(-3.604258408577E2,1.792568266613E2,
-1.348127181225E0));
#12829=CARTESIAN_POINT('',(-3.603651861427E2,1.792380255575E2,
-1.343245431898E0));
#12830=CARTESIAN_POINT('',(-3.603349240490E2,1.792286268614E2,
-1.343725643552E0));
#12831=CARTESIAN_POINT('',(-3.608206353280E2,1.793730547082E2,
-1.853714225283E0));
#12832=CARTESIAN_POINT('',(-3.608212821011E2,1.793731951159E2,
-1.821214660591E0));
#12833=CARTESIAN_POINT('',(-3.608167679341E2,1.793716502851E2,
-1.756724650588E0));
#12834=CARTESIAN_POINT('',(-3.607905836048E2,1.793632167818E2,
-1.659151454035E0));
#12835=CARTESIAN_POINT('',(-3.607462270885E2,1.793490653262E2,
-1.568520167452E0));
#12836=CARTESIAN_POINT('',(-3.606837588098E2,1.793292125161E2,
-1.487613389091E0));
#12837=CARTESIAN_POINT('',(-3.606066586873E2,1.793047586815E2,
-1.422037465736E0));
#12838=CARTESIAN_POINT('',(-3.605202700455E2,1.792773900988E2,
-1.375446318521E0));
#12839=CARTESIAN_POINT('',(-3.604280629288E2,1.792481972672E2,
-1.348147377412E0));
#12840=CARTESIAN_POINT('',(-3.603673434160E2,1.792289799483E2,
-1.343243503161E0));
#12841=CARTESIAN_POINT('',(-3.603370459213E2,1.792193912090E2,
-1.343725903430E0));
#12842=CARTESIAN_POINT('',(-3.608228820047E2,1.793660100566E2,
-1.853819283566E0));
#12843=CARTESIAN_POINT('',(-3.608234974790E2,1.793662617637E2,
-1.821320832594E0));
#12844=CARTESIAN_POINT('',(-3.608189422218E2,1.793648727552E2,
-1.756829105583E0));
#12845=CARTESIAN_POINT('',(-3.607927564275E2,1.793564776669E2,
-1.659243241757E0));
#12846=CARTESIAN_POINT('',(-3.607484539783E2,1.793421742177E2,
-1.568592741224E0));
#12847=CARTESIAN_POINT('',(-3.606860904471E2,1.793219885489E2,
-1.487663513801E0));
#12848=CARTESIAN_POINT('',(-3.606091346270E2,1.792970538920E2,
-1.422066221418E0));
#12849=CARTESIAN_POINT('',(-3.605229142349E2,1.792691084571E2,
-1.375458378395E0));
#12850=CARTESIAN_POINT('',(-3.604308872830E2,1.792392845809E2,
-1.348149127269E0));
#12851=CARTESIAN_POINT('',(-3.603702834277E2,1.792196535395E2,
-1.343243337469E0));
#12852=CARTESIAN_POINT('',(-3.603400420054E2,1.792098616620E2,
-1.343725925699E0));
#12853=CARTESIAN_POINT('',(-3.608257333074E2,1.793574570133E2,
-1.853776807078E0));
#12854=CARTESIAN_POINT('',(-3.608263138219E2,1.793578127389E2,
-1.821286599245E0));
#12855=CARTESIAN_POINT('',(-3.608217189248E2,1.793565487835E2,
-1.756808573699E0));
#12856=CARTESIAN_POINT('',(-3.607955642832E2,1.793480883285E2,
-1.659236638352E0));
#12857=CARTESIAN_POINT('',(-3.607513785072E2,1.793334748672E2,
-1.568593915804E0));
#12858=CARTESIAN_POINT('',(-3.606892128708E2,1.793127423710E2,
-1.487667716656E0));
#12859=CARTESIAN_POINT('',(-3.606125198620E2,1.792870663994E2,
-1.422070220648E0));
#12860=CARTESIAN_POINT('',(-3.605266028289E2,1.792582523323E2,
-1.375460654481E0));
#12861=CARTESIAN_POINT('',(-3.604349016186E2,1.792274833627E2,
-1.348149593189E0));
#12862=CARTESIAN_POINT('',(-3.603745097757E2,1.792072285228E2,
-1.343243294508E0));
#12863=CARTESIAN_POINT('',(-3.603443725757E2,1.791971274945E2,
-1.343725931426E0));
#12864=CARTESIAN_POINT('',(-3.608303793782E2,1.793443349105E2,
-1.853804035336E0));
#12865=CARTESIAN_POINT('',(-3.608309229756E2,1.793448080286E2,
-1.821321505782E0));
#12866=CARTESIAN_POINT('',(-3.608263073788E2,1.793436382648E2,
-1.756854059047E0));
#12867=CARTESIAN_POINT('',(-3.608002865636E2,1.793348754328E2,
-1.659286191355E0));
#12868=CARTESIAN_POINT('',(-3.607563879239E2,1.793195360060E2,
-1.568638340302E0));
#12869=CARTESIAN_POINT('',(-3.606946569736E2,1.792976632443E2,
-1.487701082129E0));
#12870=CARTESIAN_POINT('',(-3.606185160025E2,1.792705095024E2,
-1.422090553364E0));
#12871=CARTESIAN_POINT('',(-3.605332237625E2,1.792400001553E2,
-1.375469601996E0));
#12872=CARTESIAN_POINT('',(-3.604421890448E2,1.792074042323E2,
-1.348150979906E0));
#12873=CARTESIAN_POINT('',(-3.603822320892E2,1.791859462311E2,
-1.343243163955E0));
#12874=CARTESIAN_POINT('',(-3.603523098960E2,1.791752475420E2,
-1.343725948942E0));
#12875=CARTESIAN_POINT('',(-3.608363995572E2,1.793288269682E2,
-1.853802012827E0));
#12876=CARTESIAN_POINT('',(-3.608369225701E2,1.793293600781E2,
-1.821327886404E0));
#12877=CARTESIAN_POINT('',(-3.608323410636E2,1.793281266057E2,
-1.756873005654E0));
#12878=CARTESIAN_POINT('',(-3.608066156333E2,1.793186634661E2,
-1.659313618030E0));
#12879=CARTESIAN_POINT('',(-3.607632388550E2,1.793020537419E2,
-1.568665800726E0));
#12880=CARTESIAN_POINT('',(-3.607022519694E2,1.792783451548E2,
-1.487722894164E0));
#12881=CARTESIAN_POINT('',(-3.606270324116E2,1.792488972200E2,
-1.422104256882E0));
#12882=CARTESIAN_POINT('',(-3.605427719782E2,1.792158010887E2,
-1.375475733877E0));
#12883=CARTESIAN_POINT('',(-3.604528352777E2,1.791804366215E2,
-1.348151941993E0));
#12884=CARTESIAN_POINT('',(-3.603935975491E2,1.791571549929E2,
-1.343243073473E0));
#12885=CARTESIAN_POINT('',(-3.603640327937E2,1.791455472667E2,
-1.343725961078E0));
#12886=CARTESIAN_POINT('',(-3.608440902455E2,1.793112811972E2,
-1.853809248081E0));
#12887=CARTESIAN_POINT('',(-3.608446173448E2,1.793117939328E2,
-1.821340131789E0));
#12888=CARTESIAN_POINT('',(-3.608401453486E2,1.793102918265E2,
-1.756892411344E0));
#12889=CARTESIAN_POINT('',(-3.608149238580E2,1.792996506403E2,
-1.659336724068E0));
#12890=CARTESIAN_POINT('',(-3.607723654116E2,1.792811400250E2,
-1.568687097517E0));
#12891=CARTESIAN_POINT('',(-3.607125094676E2,1.792548059879E2,
-1.487738900988E0));
#12892=CARTESIAN_POINT('',(-3.606386710614E2,1.792221482766E2,
-1.422113845313E0));
#12893=CARTESIAN_POINT('',(-3.605559481071E2,1.791854729540E2,
-1.375479817110E0));
#12894=CARTESIAN_POINT('',(-3.604676455970E2,1.791462961592E2,
-1.348152527489E0));
#12895=CARTESIAN_POINT('',(-3.604094809634E2,1.791205043757E2,
-1.343243017974E0));
#12896=CARTESIAN_POINT('',(-3.603804511820E2,1.791076430149E2,
-1.343725968539E0));
#12897=CARTESIAN_POINT('',(-3.608523849552E2,1.792944030137E2,
-1.853808289495E0));
#12898=CARTESIAN_POINT('',(-3.608529303159E2,1.792948467358E2,
-1.821339408972E0));
#12899=CARTESIAN_POINT('',(-3.608486042679E2,1.792929785358E2,
-1.756891992028E0));
#12900=CARTESIAN_POINT('',(-3.608239747180E2,1.792810002728E2,
-1.659336340363E0));
#12901=CARTESIAN_POINT('',(-3.607823543794E2,1.792604219654E2,
-1.568686510146E0));
#12902=CARTESIAN_POINT('',(-3.607237833787E2,1.792312844531E2,
-1.487738107786E0));
#12903=CARTESIAN_POINT('',(-3.606515086198E2,1.791952315607E2,
-1.422113053413E0));
#12904=CARTESIAN_POINT('',(-3.605705244606E2,1.791547889383E2,
-1.375479288031E0));
#12905=CARTESIAN_POINT('',(-3.604840709745E2,1.791116082724E2,
-1.348152389968E0));
#12906=CARTESIAN_POINT('',(-3.604271226505E2,1.790831809091E2,
-1.343243030477E0));
#12907=CARTESIAN_POINT('',(-3.603987002129E2,1.790690022381E2,
-1.343725966880E0));
#12908=CARTESIAN_POINT('',(-3.608613986722E2,1.792778458863E2,
-1.853803528816E0));
#12909=CARTESIAN_POINT('',(-3.608619631083E2,1.792782142529E2,
-1.821330217474E0));
#12910=CARTESIAN_POINT('',(-3.608577904265E2,1.792759732560E2,
-1.756876310892E0));
#12911=CARTESIAN_POINT('',(-3.608337861817E2,1.792626670542E2,
-1.659316742860E0));
#12912=CARTESIAN_POINT('',(-3.607931598931E2,1.792400490631E2,
-1.568667719286E0));
#12913=CARTESIAN_POINT('',(-3.607359538952E2,1.792081547001E2,
-1.487723345595E0));
#12914=CARTESIAN_POINT('',(-3.606653437004E2,1.791687685504E2,
-1.422103725789E0));
#12915=CARTESIAN_POINT('',(-3.605862138675E2,1.791246304161E2,
-1.375475041745E0));
#12916=CARTESIAN_POINT('',(-3.605017354347E2,1.790775234422E2,
-1.348151695675E0));
#12917=CARTESIAN_POINT('',(-3.604460884989E2,1.790465114568E2,
-1.343243095552E0));
#12918=CARTESIAN_POINT('',(-3.604183165021E2,1.790310407168E2,
-1.343725958161E0));
#12919=CARTESIAN_POINT('',(-3.608713254864E2,1.792610930749E2,
-1.853795577110E0));
#12920=CARTESIAN_POINT('',(-3.608718936963E2,1.792614307220E2,
-1.821310581151E0));
#12921=CARTESIAN_POINT('',(-3.608678445588E2,1.792589207894E2,
-1.756839524234E0));
#12922=CARTESIAN_POINT('',(-3.608444222952E2,1.792445062058E2,
-1.659269481158E0));
#12923=CARTESIAN_POINT('',(-3.608047512931E2,1.792201262961E2,
-1.568622268518E0));
#12924=CARTESIAN_POINT('',(-3.607488764200E2,1.791858162674E2,
-1.487687900199E0));
#12925=CARTESIAN_POINT('',(-3.606799026104E2,1.791434897213E2,
-1.422081645859E0));
#12926=CARTESIAN_POINT('',(-3.606026042637E2,1.790960819834E2,
-1.375465192237E0));
#12927=CARTESIAN_POINT('',(-3.605200817234E2,1.790454989479E2,
-1.348150148897E0));
#12928=CARTESIAN_POINT('',(-3.604657253260E2,1.790122013314E2,
-1.343243241012E0));
#12929=CARTESIAN_POINT('',(-3.604385984644E2,1.789955896711E2,
-1.343725938651E0));
#12930=CARTESIAN_POINT('',(-3.608820657302E2,1.792442589315E2,
-1.853777920075E0));
#12931=CARTESIAN_POINT('',(-3.608826157434E2,1.792446285128E2,
-1.821282370433E0));
#12932=CARTESIAN_POINT('',(-3.608786522495E2,1.792419894135E2,
-1.756796364559E0));
#12933=CARTESIAN_POINT('',(-3.608557725660E2,1.792267387118E2,
-1.659219068233E0));
#12934=CARTESIAN_POINT('',(-3.608170377639E2,1.792009202118E2,
-1.568576362637E0));
#12935=CARTESIAN_POINT('',(-3.607624956312E2,1.791645708741E2,
-1.487653793018E0));
#12936=CARTESIAN_POINT('',(-3.606951795065E2,1.791197174324E2,
-1.422061482599E0));
#12937=CARTESIAN_POINT('',(-3.606197499043E2,1.790694699030E2,
-1.375456748587E0));
#12938=CARTESIAN_POINT('',(-3.605392324207E2,1.790158478791E2,
-1.348148981417E0));
#12939=CARTESIAN_POINT('',(-3.604862032853E2,1.789805439700E2,
-1.343243352051E0));
#12940=CARTESIAN_POINT('',(-3.604597405780E2,1.789629300262E2,
-1.343725923708E0));
#12941=CARTESIAN_POINT('',(-3.608967490280E2,1.792232450675E2,
-1.853727091209E0));
#12942=CARTESIAN_POINT('',(-3.608972768599E2,1.792236372301E2,
-1.821242554145E0));
#12943=CARTESIAN_POINT('',(-3.608934634055E2,1.792207809751E2,
-1.756775337237E0));
#12944=CARTESIAN_POINT('',(-3.608714664872E2,1.792043118284E2,
-1.659218635044E0));
#12945=CARTESIAN_POINT('',(-3.608342365878E2,1.791764272700E2,
-1.568588416989E0));
#12946=CARTESIAN_POINT('',(-3.607818252472E2,1.791371532101E2,
-1.487670676090E0));
#12947=CARTESIAN_POINT('',(-3.607171519961E2,1.790886647626E2,
-1.422076475841E0));
#12948=CARTESIAN_POINT('',(-3.606446977539E2,1.790343103860E2,
-1.375465623594E0));
#12949=CARTESIAN_POINT('',(-3.605673713885E2,1.789762626811E2,
-1.348150990366E0));
#12950=CARTESIAN_POINT('',(-3.605164550770E2,1.789380107222E2,
-1.343243167976E0));
#12951=CARTESIAN_POINT('',(-3.604910499210E2,1.789189158239E2,
-1.343725948200E0));
#12952=CARTESIAN_POINT('',(-3.609190212778E2,1.791956002661E2,
-1.853646611777E0));
#12953=CARTESIAN_POINT('',(-3.609195161322E2,1.791960261895E2,
-1.821162779883E0));
#12954=CARTESIAN_POINT('',(-3.609158917548E2,1.791929122530E2,
-1.756699278114E0));
#12955=CARTESIAN_POINT('',(-3.608950616171E2,1.791749377795E2,
-1.659154134385E0));
#12956=CARTESIAN_POINT('',(-3.608598527229E2,1.791444737525E2,
-1.568538952272E0));
#12957=CARTESIAN_POINT('',(-3.608103408859E2,1.791015212358E2,
-1.487637521553E0));
#12958=CARTESIAN_POINT('',(-3.607493100878E2,1.790484317029E2,
-1.422058056724E0));
#12959=CARTESIAN_POINT('',(-3.606810107464E2,1.789888471435E2,
-1.375458183342E0));
#12960=CARTESIAN_POINT('',(-3.606082034549E2,1.789251282007E2,
-1.348149988689E0));
#12961=CARTESIAN_POINT('',(-3.605603272753E2,1.788830726331E2,
-1.343243263488E0));
#12962=CARTESIAN_POINT('',(-3.605364576021E2,1.788620597278E2,
-1.343725935336E0));
#12963=CARTESIAN_POINT('',(-3.609391001276E2,1.791733561981E2,
-1.853597724396E0));
#12964=CARTESIAN_POINT('',(-3.609395671687E2,1.791738098931E2,
-1.821122781722E0));
#12965=CARTESIAN_POINT('',(-3.609361457731E2,1.791704820639E2,
-1.756674346927E0));
#12966=CARTESIAN_POINT('',(-3.609164483844E2,1.791513267373E2,
-1.659145415960E0));
#12967=CARTESIAN_POINT('',(-3.608831161459E2,1.791189123702E2,
-1.568540091692E0));
#12968=CARTESIAN_POINT('',(-3.608361902183E2,1.790732786793E2,
-1.487643134139E0));
#12969=CARTESIAN_POINT('',(-3.607782788778E2,1.790169617969E2,
-1.422063907397E0));
#12970=CARTESIAN_POINT('',(-3.607133888630E2,1.789538578510E2,
-1.375461796326E0));
#12971=CARTESIAN_POINT('',(-3.606441201602E2,1.788864950025E2,
-1.348150814191E0));
#12972=CARTESIAN_POINT('',(-3.605984968607E2,1.788421263561E2,
-1.343243187892E0));
#12973=CARTESIAN_POINT('',(-3.605757288987E2,1.788199843260E2,
-1.343725945393E0));
#12974=CARTESIAN_POINT('',(-3.609509295375E2,1.791621754489E2,
-1.853604468122E0));
#12975=CARTESIAN_POINT('',(-3.609513806694E2,1.791626436538E2,
-1.821080638096E0));
#12976=CARTESIAN_POINT('',(-3.609480479543E2,1.791591886696E2,
-1.756557373100E0));
#12977=CARTESIAN_POINT('',(-3.609288929556E2,1.791393349227E2,
-1.658972010468E0));
#12978=CARTESIAN_POINT('',(-3.608964925747E2,1.791057599214E2,
-1.568358464324E0));
#12979=CARTESIAN_POINT('',(-3.608508924729E2,1.790585175359E2,
-1.487489748316E0));
#12980=CARTESIAN_POINT('',(-3.607946323740E2,1.790002454459E2,
-1.421959987703E0));
#12981=CARTESIAN_POINT('',(-3.607316088311E2,1.789349852194E2,
-1.375410928849E0));
#12982=CARTESIAN_POINT('',(-3.606643503674E2,1.788653600064E2,
-1.348141487815E0));
#12983=CARTESIAN_POINT('',(-3.606200643254E2,1.788195312507E2,
-1.343244054406E0));
#12984=CARTESIAN_POINT('',(-3.605979674710E2,1.787966692045E2,
-1.343725829603E0));
#12985=B_SPLINE_SURFACE_WITH_KNOTS('',3,3,((#12534,#12535,#12536,#12537,#12538,
#12539,#12540,#12541,#12542,#12543,#12544),(#12545,#12546,#12547,#12548,#12549,
#12550,#12551,#12552,#12553,#12554,#12555),(#12556,#12557,#12558,#12559,#12560,
#12561,#12562,#12563,#12564,#12565,#12566),(#12567,#12568,#12569,#12570,#12571,
#12572,#12573,#12574,#12575,#12576,#12577),(#12578,#12579,#12580,#12581,#12582,
#12583,#12584,#12585,#12586,#12587,#12588),(#12589,#12590,#12591,#12592,#12593,
#12594,#12595,#12596,#12597,#12598,#12599),(#12600,#12601,#12602,#12603,#12604,
#12605,#12606,#12607,#12608,#12609,#12610),(#12611,#12612,#12613,#12614,#12615,
#12616,#12617,#12618,#12619,#12620,#12621),(#12622,#12623,#12624,#12625,#12626,
#12627,#12628,#12629,#12630,#12631,#12632),(#12633,#12634,#12635,#12636,#12637,
#12638,#12639,#12640,#12641,#12642,#12643),(#12644,#12645,#12646,#12647,#12648,
#12649,#12650,#12651,#12652,#12653,#12654),(#12655,#12656,#12657,#12658,#12659,
#12660,#12661,#12662,#12663,#12664,#12665),(#12666,#12667,#12668,#12669,#12670,
#12671,#12672,#12673,#12674,#12675,#12676),(#12677,#12678,#12679,#12680,#12681,
#12682,#12683,#12684,#12685,#12686,#12687),(#12688,#12689,#12690,#12691,#12692,
#12693,#12694,#12695,#12696,#12697,#12698),(#12699,#12700,#12701,#12702,#12703,
#12704,#12705,#12706,#12707,#12708,#12709),(#12710,#12711,#12712,#12713,#12714,
#12715,#12716,#12717,#12718,#12719,#12720),(#12721,#12722,#12723,#12724,#12725,
#12726,#12727,#12728,#12729,#12730,#12731),(#12732,#12733,#12734,#12735,#12736,
#12737,#12738,#12739,#12740,#12741,#12742),(#12743,#12744,#12745,#12746,#12747,
#12748,#12749,#12750,#12751,#12752,#12753),(#12754,#12755,#12756,#12757,#12758,
#12759,#12760,#12761,#12762,#12763,#12764),(#12765,#12766,#12767,#12768,#12769,
#12770,#12771,#12772,#12773,#12774,#12775),(#12776,#12777,#12778,#12779,#12780,
#12781,#12782,#12783,#12784,#12785,#12786),(#12787,#12788,#12789,#12790,#12791,
#12792,#12793,#12794,#12795,#12796,#12797),(#12798,#12799,#12800,#12801,#12802,
#12803,#12804,#12805,#12806,#12807,#12808),(#12809,#12810,#12811,#12812,#12813,
#12814,#12815,#12816,#12817,#12818,#12819),(#12820,#12821,#12822,#12823,#12824,
#12825,#12826,#12827,#12828,#12829,#12830),(#12831,#12832,#12833,#12834,#12835,
#12836,#12837,#12838,#12839,#12840,#12841),(#12842,#12843,#12844,#12845,#12846,
#12847,#12848,#12849,#12850,#12851,#12852),(#12853,#12854,#12855,#12856,#12857,
#12858,#12859,#12860,#12861,#12862,#12863),(#12864,#12865,#12866,#12867,#12868,
#12869,#12870,#12871,#12872,#12873,#12874),(#12875,#12876,#12877,#12878,#12879,
#12880,#12881,#12882,#12883,#12884,#12885),(#12886,#12887,#12888,#12889,#12890,
#12891,#12892,#12893,#12894,#12895,#12896),(#12897,#12898,#12899,#12900,#12901,
#12902,#12903,#12904,#12905,#12906,#12907),(#12908,#12909,#12910,#12911,#12912,
#12913,#12914,#12915,#12916,#12917,#12918),(#12919,#12920,#12921,#12922,#12923,
#12924,#12925,#12926,#12927,#12928,#12929),(#12930,#12931,#12932,#12933,#12934,
#12935,#12936,#12937,#12938,#12939,#12940),(#12941,#12942,#12943,#12944,#12945,
#12946,#12947,#12948,#12949,#12950,#12951),(#12952,#12953,#12954,#12955,#12956,
#12957,#12958,#12959,#12960,#12961,#12962),(#12963,#12964,#12965,#12966,#12967,
#12968,#12969,#12970,#12971,#12972,#12973),(#12974,#12975,#12976,#12977,#12978,
#12979,#12980,#12981,#12982,#12983,#12984)),.UNSPECIFIED.,.F.,.F.,.F.,(4,1,1,1,
1,1,1,1,1,1,1,1,1,1,1,1,1,1,1,1,1,1,1,1,1,1,1,1,1,1,1,1,1,1,1,1,1,1,4),(4,1,1,1,
1,1,1,1,4),(0.E0,2.088579848359E-1,3.132869772539E-1,4.177159696719E-1,
5.221449620899E-1,5.743594582989E-1,6.265739545078E-1,6.787884507168E-1,
7.310029469258E-1,7.832174431348E-1,8.354319393438E-1,8.876464355528E-1,
9.398609317618E-1,9.920754279707E-1,1.044289924180E0,1.096504420389E0,
1.148718916598E0,1.200933412807E0,1.227040660911E0,1.253147909016E0,
1.266201533068E0,1.279255157120E0,1.292308781172E0,1.305362405225E0,
1.331469653329E0,1.344523277381E0,1.351050089408E0,1.357576901434E0,
1.370630525486E0,1.383684149538E0,1.409791397643E0,1.435898645747E0,
1.462005893852E0,1.488113141956E0,1.514220390061E0,1.540327638165E0,
1.566434886270E0,1.618649382479E0,1.682862304850E0),(-1.411175430219E-2,1.25E-1,
2.5E-1,3.75E-1,5.E-1,6.25E-1,7.5E-1,8.75E-1,1.010696088016E0),.UNSPECIFIED.);
#12986=ORIENTED_EDGE('',*,*,#12526,.F.);
#12988=ORIENTED_EDGE('',*,*,#12987,.F.);
#12989=ORIENTED_EDGE('',*,*,#11759,.T.);
#12990=ORIENTED_EDGE('',*,*,#11791,.F.);
#12991=ORIENTED_EDGE('',*,*,#12439,.T.);
#12992=EDGE_LOOP('',(#12986,#12988,#12989,#12990,#12991));
#12993=FACE_OUTER_BOUND('',#12992,.F.);
#12995=CARTESIAN_POINT('',(-3.60298E2,-2.06E1,-1.843668710811E0));
#12996=DIRECTION('',(0.E0,1.E0,0.E0));
#12997=DIRECTION('',(0.E0,0.E0,1.E0));
#12998=AXIS2_PLACEMENT_3D('',#12995,#12996,#12997);
#12999=CYLINDRICAL_SURFACE('',#12998,5.E-1);
#13000=ORIENTED_EDGE('',*,*,#12426,.T.);
#13001=ORIENTED_EDGE('',*,*,#7377,.F.);
#13002=ORIENTED_EDGE('',*,*,#7396,.T.);
#13003=ORIENTED_EDGE('',*,*,#11761,.F.);
#13004=ORIENTED_EDGE('',*,*,#12987,.T.);
#13005=ORIENTED_EDGE('',*,*,#12529,.T.);
#13006=EDGE_LOOP('',(#13000,#13001,#13002,#13003,#13004,#13005));
#13007=FACE_OUTER_BOUND('',#13006,.F.);
#13009=CARTESIAN_POINT('',(-3.62798E2,1.773150672789E2,-1.343668710811E0));
#13010=DIRECTION('',(7.071067811865E-1,-7.071067811865E-1,0.E0));
#13011=DIRECTION('',(-7.071067811865E-1,-7.071067811865E-1,0.E0));
#13012=AXIS2_PLACEMENT_3D('',#13009,#13010,#13011);
#13013=PLANE('',#13012);
#13014=ORIENTED_EDGE('',*,*,#11789,.F.);
#13015=ORIENTED_EDGE('',*,*,#11822,.F.);
#13017=ORIENTED_EDGE('',*,*,#13016,.T.);
#13018=ORIENTED_EDGE('',*,*,#12441,.T.);
#13019=EDGE_LOOP('',(#13014,#13015,#13017,#13018));
#13020=FACE_OUTER_BOUND('',#13019,.F.);
#13022=CARTESIAN_POINT('',(-3.619507248484E2,1.772798351707E2,
-2.843668710811E0));
#13023=DIRECTION('',(0.E0,0.E0,1.E0));
#13024=DIRECTION('',(1.E0,0.E0,0.E0));
#13025=AXIS2_PLACEMENT_3D('',#13022,#13023,#13024);
#13026=PLANE('',#13025);
#13027=ORIENTED_EDGE('',*,*,#13016,.F.);
#13028=ORIENTED_EDGE('',*,*,#11820,.T.);
#13029=ORIENTED_EDGE('',*,*,#11842,.T.);
#13030=ORIENTED_EDGE('',*,*,#12214,.F.);
#13031=ORIENTED_EDGE('',*,*,#12421,.T.);
#13032=ORIENTED_EDGE('',*,*,#12443,.F.);
#13033=EDGE_LOOP('',(#13027,#13028,#13029,#13030,#13031,#13032));
#13034=FACE_OUTER_BOUND('',#13033,.F.);
#13036=CARTESIAN_POINT('',(-4.19842E2,1.763150672789E2,-8.843669074617E0));
#13037=DIRECTION('',(-1.E0,0.E0,0.E0));
#13038=DIRECTION('',(0.E0,-1.E0,0.E0));
#13039=AXIS2_PLACEMENT_3D('',#13036,#13037,#13038);
#13040=CYLINDRICAL_SURFACE('',#13039,5.E-1);
#13042=ORIENTED_EDGE('',*,*,#13041,.F.);
#13044=ORIENTED_EDGE('',*,*,#13043,.T.);
#13045=ORIENTED_EDGE('',*,*,#12061,.T.);
#13046=ORIENTED_EDGE('',*,*,#11916,.T.);
#13047=ORIENTED_EDGE('',*,*,#11945,.F.);
#13048=EDGE_LOOP('',(#13042,#13044,#13045,#13046,#13047));
#13049=FACE_OUTER_BOUND('',#13048,.F.);
#13051=CARTESIAN_POINT('',(-3.54298E2,1.758150672789E2,-9.343669074617E0));
#13052=DIRECTION('',(0.E0,0.E0,1.E0));
#13053=DIRECTION('',(0.E0,-1.E0,0.E0));
#13054=AXIS2_PLACEMENT_3D('',#13051,#13052,#13053);
#13055=PLANE('',#13054);
#13056=ORIENTED_EDGE('',*,*,#13041,.T.);
#13057=ORIENTED_EDGE('',*,*,#11943,.F.);
#13059=ORIENTED_EDGE('',*,*,#13058,.F.);
#13060=ORIENTED_EDGE('',*,*,#12049,.T.);
#13061=EDGE_LOOP('',(#13056,#13057,#13059,#13060));
#13062=FACE_OUTER_BOUND('',#13061,.F.);
#13064=CARTESIAN_POINT('',(-4.19842E2,1.772477181262E2,-8.843669074617E0));
#13065=DIRECTION('',(1.E0,0.E0,0.E0));
#13066=DIRECTION('',(0.E0,1.E0,0.E0));
#13067=AXIS2_PLACEMENT_3D('',#13064,#13065,#13066);
#13068=CYLINDRICAL_SURFACE('',#13067,5.E-1);
#13069=ORIENTED_EDGE('',*,*,#13058,.T.);
#13070=ORIENTED_EDGE('',*,*,#11941,.T.);
#13072=ORIENTED_EDGE('',*,*,#13071,.F.);
#13074=ORIENTED_EDGE('',*,*,#13073,.F.);
#13075=ORIENTED_EDGE('',*,*,#12028,.F.);
#13076=EDGE_LOOP('',(#13069,#13070,#13072,#13074,#13075));
#13077=FACE_OUTER_BOUND('',#13076,.F.);
#13079=CARTESIAN_POINT('',(-3.360461E2,2.010052937954E2,-2.843668710811E0));
#13080=DIRECTION('',(0.E0,-2.645958804003E-1,9.643593832567E-1));
#13081=DIRECTION('',(0.E0,-9.643593832567E-1,-2.645958804003E-1));
#13082=AXIS2_PLACEMENT_3D('',#13079,#13080,#13081);
#13083=PLANE('',#13082);
#13084=ORIENTED_EDGE('',*,*,#11939,.T.);
#13085=ORIENTED_EDGE('',*,*,#11958,.T.);
#13086=ORIENTED_EDGE('',*,*,#12015,.F.);
#13087=ORIENTED_EDGE('',*,*,#13071,.T.);
#13088=EDGE_LOOP('',(#13084,#13085,#13086,#13087));
#13089=FACE_OUTER_BOUND('',#13088,.F.);
#13091=CARTESIAN_POINT('',(-3.62298E2,1.772477181262E2,-8.843669074617E0));
#13092=DIRECTION('',(-7.002897330090E-1,9.795044585008E-2,-7.071067811865E-1));
#13093=DIRECTION('',(-7.105234802430E-1,0.E0,7.036734924831E-1));
#13094=AXIS2_PLACEMENT_3D('',#13091,#13092,#13093);
#13095=SPHERICAL_SURFACE('',#13094,5.E-1);
#13096=ORIENTED_EDGE('',*,*,#12030,.T.);
#13097=ORIENTED_EDGE('',*,*,#13073,.T.);
#13098=ORIENTED_EDGE('',*,*,#12013,.T.);
#13099=ORIENTED_EDGE('',*,*,#12032,.F.);
#13100=EDGE_LOOP('',(#13096,#13097,#13098,#13099));
#13101=FACE_OUTER_BOUND('',#13100,.F.);
#13103=CARTESIAN_POINT('',(-3.62298E2,1.763150672789E2,-8.843669074617E0));
#13104=DIRECTION('',(-5.E-1,-7.071067811866E-1,-5.E-1));
#13105=DIRECTION('',(-8.164965809277E-1,5.773502691896E-1,0.E0));
#13106=AXIS2_PLACEMENT_3D('',#13103,#13104,#13105);
#13107=SPHERICAL_SURFACE('',#13106,5.E-1);
#13108=ORIENTED_EDGE('',*,*,#12063,.T.);
#13109=ORIENTED_EDGE('',*,*,#13043,.F.);
#13110=ORIENTED_EDGE('',*,*,#12047,.T.);
#13111=ORIENTED_EDGE('',*,*,#12065,.F.);
#13112=EDGE_LOOP('',(#13108,#13109,#13110,#13111));
#13113=FACE_OUTER_BOUND('',#13112,.F.);
#13115=CARTESIAN_POINT('',(-3.62298E2,1.771079604977E2,-1.843668710811E0));
#13116=DIRECTION('',(-8.535533905933E-1,1.464466094068E-1,4.999999999999E-1));
#13117=DIRECTION('',(5.054494651244E-1,0.E0,8.628562094611E-1));
#13118=AXIS2_PLACEMENT_3D('',#13115,#13116,#13117);
#13119=SPHERICAL_SURFACE('',#13118,5.E-1);
#13120=ORIENTED_EDGE('',*,*,#11803,.T.);
#13121=ORIENTED_EDGE('',*,*,#11824,.F.);
#13122=ORIENTED_EDGE('',*,*,#11787,.T.);
#13123=ORIENTED_EDGE('',*,*,#11805,.F.);
#13124=EDGE_LOOP('',(#13120,#13121,#13122,#13123));
#13125=FACE_OUTER_BOUND('',#13124,.F.);
#13127=CARTESIAN_POINT('',(-3.62298E2,-2.06E1,-1.843668710811E0));
#13128=DIRECTION('',(0.E0,1.E0,0.E0));
#13129=DIRECTION('',(0.E0,0.E0,1.E0));
#13130=AXIS2_PLACEMENT_3D('',#13127,#13128,#13129);
#13131=CYLINDRICAL_SURFACE('',#13130,5.E-1);
#13133=ORIENTED_EDGE('',*,*,#13132,.T.);
#13134=ORIENTED_EDGE('',*,*,#11764,.T.);
#13135=ORIENTED_EDGE('',*,*,#7416,.F.);
#13136=ORIENTED_EDGE('',*,*,#7456,.F.);
#13137=EDGE_LOOP('',(#13133,#13134,#13135,#13136));
#13138=FACE_OUTER_BOUND('',#13137,.F.);
#13140=CARTESIAN_POINT('',(-3.62298E2,2.049E2,-1.843668710811E0));
#13141=DIRECTION('',(-7.071067811865E-1,5.E-1,5.E-1));
#13142=DIRECTION('',(5.773502691896E-1,0.E0,8.164965809277E-1));
#13143=AXIS2_PLACEMENT_3D('',#13140,#13141,#13142);
#13144=SPHERICAL_SURFACE('',#13143,5.E-1);
#13145=ORIENTED_EDGE('',*,*,#13132,.F.);
#13146=ORIENTED_EDGE('',*,*,#7488,.T.);
#13148=ORIENTED_EDGE('',*,*,#13147,.F.);
#13150=ORIENTED_EDGE('',*,*,#13149,.T.);
#13152=ORIENTED_EDGE('',*,*,#13151,.T.);
#13153=EDGE_LOOP('',(#13145,#13146,#13148,#13150,#13152));
#13154=FACE_OUTER_BOUND('',#13153,.F.);
#13156=CARTESIAN_POINT('',(-3.62298E2,2.049E2,-1.843668710811E0));
#13157=DIRECTION('',(-7.071067811865E-1,5.E-1,5.E-1));
#13158=DIRECTION('',(5.773502691896E-1,0.E0,8.164965809277E-1));
#13159=AXIS2_PLACEMENT_3D('',#13156,#13157,#13158);
#13160=SPHERICAL_SURFACE('',#13159,5.E-1);
#13161=ORIENTED_EDGE('',*,*,#13147,.T.);
#13162=ORIENTED_EDGE('',*,*,#7486,.T.);
#13164=ORIENTED_EDGE('',*,*,#13163,.T.);
#13165=ORIENTED_EDGE('',*,*,#13149,.F.);
#13166=EDGE_LOOP('',(#13161,#13162,#13164,#13165));
#13167=FACE_OUTER_BOUND('',#13166,.F.);
#13169=CARTESIAN_POINT('',(-4.19842E2,2.049E2,-1.843668710811E0));
#13170=DIRECTION('',(1.E0,0.E0,0.E0));
#13171=DIRECTION('',(0.E0,1.E0,0.E0));
#13172=AXIS2_PLACEMENT_3D('',#13169,#13170,#13171);
#13173=CYLINDRICAL_SURFACE('',#13172,5.E-1);
#13175=ORIENTED_EDGE('',*,*,#13174,.F.);
#13176=ORIENTED_EDGE('',*,*,#7635,.T.);
#13177=ORIENTED_EDGE('',*,*,#11766,.T.);
#13178=ORIENTED_EDGE('',*,*,#13151,.F.);
#13179=ORIENTED_EDGE('',*,*,#13163,.F.);
#13180=EDGE_LOOP('',(#13175,#13176,#13177,#13178,#13179));
#13181=FACE_OUTER_BOUND('',#13180,.F.);
#13183=CARTESIAN_POINT('',(-3.62798E2,2.054E2,-1.343668710811E0));
#13184=DIRECTION('',(0.E0,1.E0,0.E0));
#13185=DIRECTION('',(0.E0,0.E0,1.E0));
#13186=AXIS2_PLACEMENT_3D('',#13183,#13184,#13185);
#13187=PLANE('',#13186);
#13188=ORIENTED_EDGE('',*,*,#13174,.T.);
#13189=ORIENTED_EDGE('',*,*,#7484,.T.);
#13190=ORIENTED_EDGE('',*,*,#7519,.T.);
#13191=ORIENTED_EDGE('',*,*,#7637,.F.);
#13192=EDGE_LOOP('',(#13188,#13189,#13190,#13191));
#13193=FACE_OUTER_BOUND('',#13192,.F.);
#13195=CARTESIAN_POINT('',(-3.43253E2,1.875076038007E2,1.271496260167E1));
#13196=DIRECTION('',(0.E0,0.E0,1.E0));
#13197=DIRECTION('',(0.E0,-1.E0,0.E0));
#13198=AXIS2_PLACEMENT_3D('',#13195,#13196,#13197);
#13199=PLANE('',#13198);
#13201=ORIENTED_EDGE('',*,*,#13200,.T.);
#13202=ORIENTED_EDGE('',*,*,#10490,.T.);
#13203=ORIENTED_EDGE('',*,*,#8292,.T.);
#13204=ORIENTED_EDGE('',*,*,#10073,.F.);
#13205=EDGE_LOOP('',(#13201,#13202,#13203,#13204));
#13206=FACE_OUTER_BOUND('',#13205,.F.);
#13208=CARTESIAN_POINT('',(-3.44553E2,-2.06E1,1.221496260167E1));
#13209=DIRECTION('',(0.E0,1.E0,0.E0));
#13210=DIRECTION('',(0.E0,0.E0,1.E0));
#13211=AXIS2_PLACEMENT_3D('',#13208,#13209,#13210);
#13212=CYLINDRICAL_SURFACE('',#13211,5.E-1);
#13213=ORIENTED_EDGE('',*,*,#10198,.T.);
#13214=ORIENTED_EDGE('',*,*,#10492,.F.);
#13215=ORIENTED_EDGE('',*,*,#13200,.F.);
#13217=ORIENTED_EDGE('',*,*,#13216,.F.);
#13218=ORIENTED_EDGE('',*,*,#10169,.F.);
#13219=EDGE_LOOP('',(#13213,#13214,#13215,#13217,#13218));
#13220=FACE_OUTER_BOUND('',#13219,.F.);
#13222=CARTESIAN_POINT('',(-3.44553E2,1.579073110953E2,1.221496260167E1));
#13223=DIRECTION('',(-5.E-1,-7.071067811866E-1,5.E-1));
#13224=DIRECTION('',(-8.164965809277E-1,5.773502691896E-1,0.E0));
#13225=AXIS2_PLACEMENT_3D('',#13222,#13223,#13224);
#13226=SPHERICAL_SURFACE('',#13225,5.E-1);
#13227=ORIENTED_EDGE('',*,*,#10173,.F.);
#13228=ORIENTED_EDGE('',*,*,#10171,.T.);
#13229=ORIENTED_EDGE('',*,*,#13216,.T.);
#13230=ORIENTED_EDGE('',*,*,#10071,.T.);
#13231=EDGE_LOOP('',(#13227,#13228,#13229,#13230));
#13232=FACE_OUTER_BOUND('',#13231,.F.);
#13234=CARTESIAN_POINT('',(-3.42053E2,1.599073110953E2,6.021572363291E0));
#13235=DIRECTION('',(0.E0,-1.E0,0.E0));
#13236=DIRECTION('',(1.E0,0.E0,0.E0));
#13237=AXIS2_PLACEMENT_3D('',#13234,#13235,#13236);
#13238=PLANE('',#13237);
#13240=ORIENTED_EDGE('',*,*,#13239,.F.);
#13242=ORIENTED_EDGE('',*,*,#13241,.T.);
#13243=ORIENTED_EDGE('',*,*,#10202,.F.);
#13244=ORIENTED_EDGE('',*,*,#10032,.T.);
#13245=EDGE_LOOP('',(#13240,#13242,#13243,#13244));
#13246=FACE_OUTER_BOUND('',#13245,.F.);
#13248=CARTESIAN_POINT('',(-3.44053E2,1.604073110953E2,-4.634775240272E1));
#13249=DIRECTION('',(0.E0,0.E0,-1.E0));
#13250=DIRECTION('',(0.E0,1.E0,0.E0));
#13251=AXIS2_PLACEMENT_3D('',#13248,#13249,#13250);
#13252=CYLINDRICAL_SURFACE('',#13251,5.E-1);
#13253=ORIENTED_EDGE('',*,*,#8110,.F.);
#13255=ORIENTED_EDGE('',*,*,#13254,.T.);
#13256=ORIENTED_EDGE('',*,*,#13239,.T.);
#13257=ORIENTED_EDGE('',*,*,#10030,.F.);
#13258=EDGE_LOOP('',(#13253,#13255,#13256,#13257));
#13259=FACE_OUTER_BOUND('',#13258,.F.);
#13261=CARTESIAN_POINT('',(-4.19842E2,1.604073110953E2,-2.343668710811E0));
#13262=DIRECTION('',(-1.E0,0.E0,0.E0));
#13263=DIRECTION('',(0.E0,-1.E0,0.E0));
#13264=AXIS2_PLACEMENT_3D('',#13261,#13262,#13263);
#13265=CYLINDRICAL_SURFACE('',#13264,5.E-1);
#13266=ORIENTED_EDGE('',*,*,#7547,.T.);
#13267=ORIENTED_EDGE('',*,*,#10204,.T.);
#13268=ORIENTED_EDGE('',*,*,#13241,.F.);
#13269=ORIENTED_EDGE('',*,*,#13254,.F.);
#13270=EDGE_LOOP('',(#13266,#13267,#13268,#13269));
#13271=FACE_OUTER_BOUND('',#13270,.F.);
#13273=CARTESIAN_POINT('',(-3.41153E2,1.674073110953E2,2.412910280908E1));
#13274=DIRECTION('',(1.E0,0.E0,0.E0));
#13275=DIRECTION('',(0.E0,0.E0,-1.E0));
#13276=AXIS2_PLACEMENT_3D('',#13273,#13274,#13275);
#13277=CYLINDRICAL_SURFACE('',#13276,8.5E0);
#13278=ORIENTED_EDGE('',*,*,#9934,.T.);
#13279=ORIENTED_EDGE('',*,*,#9851,.F.);
#13280=ORIENTED_EDGE('',*,*,#9834,.F.);
#13281=ORIENTED_EDGE('',*,*,#8176,.T.);
#13282=EDGE_LOOP('',(#13278,#13279,#13280,#13281));
#13283=FACE_OUTER_BOUND('',#13282,.F.);
#13285=CARTESIAN_POINT('',(-3.404E2,1.883853435417E2,2.807263460411E1));
#13286=DIRECTION('',(-1.E0,0.E0,0.E0));
#13287=DIRECTION('',(0.E0,-1.E0,0.E0));
#13288=AXIS2_PLACEMENT_3D('',#13285,#13286,#13287);
#13289=PLANE('',#13288);
#13291=ORIENTED_EDGE('',*,*,#13290,.F.);
#13292=ORIENTED_EDGE('',*,*,#9284,.F.);
#13293=ORIENTED_EDGE('',*,*,#9830,.F.);
#13294=ORIENTED_EDGE('',*,*,#9794,.F.);
#13295=ORIENTED_EDGE('',*,*,#9774,.T.);
#13297=ORIENTED_EDGE('',*,*,#13296,.F.);
#13298=ORIENTED_EDGE('',*,*,#9211,.T.);
#13300=ORIENTED_EDGE('',*,*,#13299,.T.);
#13301=EDGE_LOOP('',(#13291,#13292,#13293,#13294,#13295,#13297,#13298,#13300));
#13302=FACE_OUTER_BOUND('',#13301,.F.);
#13304=CARTESIAN_POINT('',(-3.404E2,1.888074567538E2,3.592999964820E1));
#13305=DIRECTION('',(0.E0,0.E0,-1.E0));
#13306=DIRECTION('',(0.E0,-1.E0,0.E0));
#13307=AXIS2_PLACEMENT_3D('',#13304,#13305,#13306);
#13308=PLANE('',#13307);
#13309=ORIENTED_EDGE('',*,*,#13290,.T.);
#13311=ORIENTED_EDGE('',*,*,#13310,.T.);
#13313=ORIENTED_EDGE('',*,*,#13312,.F.);
#13314=ORIENTED_EDGE('',*,*,#9286,.F.);
#13315=EDGE_LOOP('',(#13309,#13311,#13313,#13314));
#13316=FACE_OUTER_BOUND('',#13315,.F.);
#13318=FILL_AREA_STYLE_COLOUR('',#105);
#13319=FILL_AREA_STYLE('',(#13318));
#13320=SURFACE_STYLE_FILL_AREA(#13319);
#13321=SURFACE_SIDE_STYLE('',(#13320));
#13322=SURFACE_STYLE_USAGE(.BOTH.,#13321);
#13323=PRESENTATION_STYLE_ASSIGNMENT((#13322));
#13324=OVER_RIDING_STYLED_ITEM('',(#13323),#13317,#130);
#13325=CARTESIAN_POINT('',(-3.404E2,1.878932431914E2,3.642999964820E1));
#13326=DIRECTION('',(1.E0,0.E0,0.E0));
#13327=DIRECTION('',(0.E0,0.E0,1.E0));
#13328=AXIS2_PLACEMENT_3D('',#13325,#13326,#13327);
#13329=CYLINDRICAL_SURFACE('',#13328,5.E-1);
#13330=ORIENTED_EDGE('',*,*,#13299,.F.);
#13331=ORIENTED_EDGE('',*,*,#9209,.T.);
#13333=ORIENTED_EDGE('',*,*,#13332,.F.);
#13334=ORIENTED_EDGE('',*,*,#13310,.F.);
#13335=EDGE_LOOP('',(#13330,#13331,#13333,#13334));
#13336=FACE_OUTER_BOUND('',#13335,.F.);
#13338=FILL_AREA_STYLE_COLOUR('',#105);
#13339=FILL_AREA_STYLE('',(#13338));
#13340=SURFACE_STYLE_FILL_AREA(#13339);
#13341=SURFACE_SIDE_STYLE('',(#13340));
#13342=SURFACE_STYLE_USAGE(.BOTH.,#13341);
#13343=PRESENTATION_STYLE_ASSIGNMENT((#13342));
#13344=OVER_RIDING_STYLED_ITEM('',(#13343),#13337,#130);
#13345=CARTESIAN_POINT('',(-3.364E2,1.883503499726E2,3.642999964820E1));
#13346=DIRECTION('',(-7.071067811865E-1,0.E0,7.071067811865E-1));
#13347=DIRECTION('',(-7.071067811865E-1,0.E0,-7.071067811865E-1));
#13348=AXIS2_PLACEMENT_3D('',#13345,#13346,#13347);
#13349=PLANE('',#13348);
#13351=ORIENTED_EDGE('',*,*,#13350,.F.);
#13352=ORIENTED_EDGE('',*,*,#9288,.T.);
#13353=ORIENTED_EDGE('',*,*,#13312,.T.);
#13354=ORIENTED_EDGE('',*,*,#13332,.T.);
#13355=ORIENTED_EDGE('',*,*,#9207,.F.);
#13356=EDGE_LOOP('',(#13351,#13352,#13353,#13354,#13355));
#13357=FACE_OUTER_BOUND('',#13356,.F.);
#13359=FILL_AREA_STYLE_COLOUR('',#105);
#13360=FILL_AREA_STYLE('',(#13359));
#13361=SURFACE_STYLE_FILL_AREA(#13360);
#13362=SURFACE_SIDE_STYLE('',(#13361));
#13363=SURFACE_STYLE_USAGE(.BOTH.,#13362);
#13364=PRESENTATION_STYLE_ASSIGNMENT((#13363));
#13365=OVER_RIDING_STYLED_ITEM('',(#13364),#13358,#130);
#13366=CARTESIAN_POINT('',(-3.359E2,1.890004209073E2,3.742768354194E1));
#13367=DIRECTION('',(1.E0,0.E0,0.E0));
#13368=DIRECTION('',(0.E0,1.E0,0.E0));
#13369=AXIS2_PLACEMENT_3D('',#13366,#13367,#13368);
#13370=PLANE('',#13369);
#13371=ORIENTED_EDGE('',*,*,#13350,.T.);
#13372=ORIENTED_EDGE('',*,*,#9205,.F.);
#13373=ORIENTED_EDGE('',*,*,#9239,.T.);
#13374=ORIENTED_EDGE('',*,*,#9260,.T.);
#13375=ORIENTED_EDGE('',*,*,#9290,.T.);
#13376=EDGE_LOOP('',(#13371,#13372,#13373,#13374,#13375));
#13377=FACE_OUTER_BOUND('',#13376,.F.);
#13379=FILL_AREA_STYLE_COLOUR('',#105);
#13380=FILL_AREA_STYLE('',(#13379));
#13381=SURFACE_STYLE_FILL_AREA(#13380);
#13382=SURFACE_SIDE_STYLE('',(#13381));
#13383=SURFACE_STYLE_USAGE(.BOTH.,#13382);
#13384=PRESENTATION_STYLE_ASSIGNMENT((#13383));
#13385=OVER_RIDING_STYLED_ITEM('',(#13384),#13378,#130);
#13386=CARTESIAN_POINT('',(-4.19842E2,1.846781327900E2,3.462910280909E1));
#13387=DIRECTION('',(-1.E0,1.387923669726E-13,1.359797690221E-13));
#13388=DIRECTION('',(-1.387923669726E-13,-1.E0,0.E0));
#13389=AXIS2_PLACEMENT_3D('',#13386,#13387,#13388);
#13390=CYLINDRICAL_SURFACE('',#13389,5.E-1);
#13391=ORIENTED_EDGE('',*,*,#9213,.F.);
#13392=ORIENTED_EDGE('',*,*,#13296,.T.);
#13393=ORIENTED_EDGE('',*,*,#9772,.T.);
#13394=ORIENTED_EDGE('',*,*,#9727,.F.);
#13395=EDGE_LOOP('',(#13391,#13392,#13393,#13394));
#13396=FACE_OUTER_BOUND('',#13395,.F.);
#13398=FILL_AREA_STYLE_COLOUR('',#105);
#13399=FILL_AREA_STYLE('',(#13398));
#13400=SURFACE_STYLE_FILL_AREA(#13399);
#13401=SURFACE_SIDE_STYLE('',(#13400));
#13402=SURFACE_STYLE_USAGE(.BOTH.,#13401);
#13403=PRESENTATION_STYLE_ASSIGNMENT((#13402));
#13404=OVER_RIDING_STYLED_ITEM('',(#13403),#13397,#130);
#13405=CARTESIAN_POINT('',(-3.52798E2,1.954E2,1.300250574417E1));
#13406=DIRECTION('',(-1.E0,0.E0,0.E0));
#13407=DIRECTION('',(0.E0,0.E0,1.E0));
#13408=AXIS2_PLACEMENT_3D('',#13405,#13406,#13407);
#13409=CYLINDRICAL_SURFACE('',#13408,2.975E0);
#13411=ORIENTED_EDGE('',*,*,#13410,.F.);
#13412=ORIENTED_EDGE('',*,*,#7666,.F.);
#13414=ORIENTED_EDGE('',*,*,#13413,.T.);
#13416=ORIENTED_EDGE('',*,*,#13415,.F.);
#13418=ORIENTED_EDGE('',*,*,#13417,.F.);
#13419=ORIENTED_EDGE('',*,*,#7654,.F.);
#13421=ORIENTED_EDGE('',*,*,#13420,.T.);
#13423=ORIENTED_EDGE('',*,*,#13422,.T.);
#13425=ORIENTED_EDGE('',*,*,#13424,.T.);
#13426=EDGE_LOOP('',(#13411,#13412,#13414,#13416,#13418,#13419,#13421,#13423,
#13425));
#13427=FACE_OUTER_BOUND('',#13426,.F.);
#13429=FILL_AREA_STYLE_COLOUR('',#105);
#13430=FILL_AREA_STYLE('',(#13429));
#13431=SURFACE_STYLE_FILL_AREA(#13430);
#13432=SURFACE_SIDE_STYLE('',(#13431));
#13433=SURFACE_STYLE_USAGE(.BOTH.,#13432);
#13434=PRESENTATION_STYLE_ASSIGNMENT((#13433));
#13435=OVER_RIDING_STYLED_ITEM('',(#13434),#13428,#130);
#13436=CARTESIAN_POINT('',(-3.52798E2,1.954E2,1.300250574417E1));
#13437=DIRECTION('',(-1.E0,0.E0,0.E0));
#13438=DIRECTION('',(0.E0,0.E0,1.E0));
#13439=AXIS2_PLACEMENT_3D('',#13436,#13437,#13438);
#13440=CYLINDRICAL_SURFACE('',#13439,2.975E0);
#13442=ORIENTED_EDGE('',*,*,#13441,.T.);
#13443=ORIENTED_EDGE('',*,*,#13420,.F.);
#13444=ORIENTED_EDGE('',*,*,#7668,.F.);
#13445=ORIENTED_EDGE('',*,*,#13410,.T.);
#13447=ORIENTED_EDGE('',*,*,#13446,.T.);
#13448=EDGE_LOOP('',(#13442,#13443,#13444,#13445,#13447));
#13449=FACE_OUTER_BOUND('',#13448,.F.);
#13451=FILL_AREA_STYLE_COLOUR('',#105);
#13452=FILL_AREA_STYLE('',(#13451));
#13453=SURFACE_STYLE_FILL_AREA(#13452);
#13454=SURFACE_SIDE_STYLE('',(#13453));
#13455=SURFACE_STYLE_USAGE(.BOTH.,#13454);
#13456=PRESENTATION_STYLE_ASSIGNMENT((#13455));
#13457=OVER_RIDING_STYLED_ITEM('',(#13456),#13450,#130);
#13458=CARTESIAN_POINT('',(-3.64204E2,1.954E2,1.300250574417E1));
#13459=DIRECTION('',(1.E0,0.E0,0.E0));
#13460=DIRECTION('',(0.E0,1.E0,0.E0));
#13461=AXIS2_PLACEMENT_3D('',#13458,#13459,#13460);
#13462=CONICAL_SURFACE('',#13461,2.725E0,4.5E1);
#13464=ORIENTED_EDGE('',*,*,#13463,.T.);
#13466=ORIENTED_EDGE('',*,*,#13465,.T.);
#13468=ORIENTED_EDGE('',*,*,#13467,.T.);
#13469=ORIENTED_EDGE('',*,*,#13422,.F.);
#13470=ORIENTED_EDGE('',*,*,#13441,.F.);
#13472=ORIENTED_EDGE('',*,*,#13471,.F.);
#13473=EDGE_LOOP('',(#13464,#13466,#13468,#13469,#13470,#13472));
#13474=FACE_OUTER_BOUND('',#13473,.F.);
#13476=FILL_AREA_STYLE_COLOUR('',#105);
#13477=FILL_AREA_STYLE('',(#13476));
#13478=SURFACE_STYLE_FILL_AREA(#13477);
#13479=SURFACE_SIDE_STYLE('',(#13478));
#13480=SURFACE_STYLE_USAGE(.BOTH.,#13479);
#13481=PRESENTATION_STYLE_ASSIGNMENT((#13480));
#13482=OVER_RIDING_STYLED_ITEM('',(#13481),#13475,#130);
#13483=CARTESIAN_POINT('',(-3.64454E2,1.829129239374E2,-4.445956328720E0));
#13484=DIRECTION('',(-1.E0,0.E0,0.E0));
#13485=DIRECTION('',(0.E0,-7.660444431190E-1,6.427876096865E-1));
#13486=AXIS2_PLACEMENT_3D('',#13483,#13484,#13485);
#13487=PLANE('',#13486);
#13488=ORIENTED_EDGE('',*,*,#13463,.F.);
#13490=ORIENTED_EDGE('',*,*,#13489,.F.);
#13491=ORIENTED_EDGE('',*,*,#13465,.F.);
#13492=EDGE_LOOP('',(#13488,#13490,#13491));
#13493=FACE_OUTER_BOUND('',#13492,.F.);
#13495=ORIENTED_EDGE('',*,*,#13494,.T.);
#13497=ORIENTED_EDGE('',*,*,#13496,.T.);
#13498=EDGE_LOOP('',(#13495,#13497));
#13499=FACE_BOUND('',#13498,.F.);
#13501=FILL_AREA_STYLE_COLOUR('',#105);
#13502=FILL_AREA_STYLE('',(#13501));
#13503=SURFACE_STYLE_FILL_AREA(#13502);
#13504=SURFACE_SIDE_STYLE('',(#13503));
#13505=SURFACE_STYLE_USAGE(.BOTH.,#13504);
#13506=PRESENTATION_STYLE_ASSIGNMENT((#13505));
#13507=OVER_RIDING_STYLED_ITEM('',(#13506),#13500,#130);
#13508=CARTESIAN_POINT('',(-3.52798E2,1.954E2,1.300250574417E1));
#13509=DIRECTION('',(-1.E0,0.E0,0.E0));
#13510=DIRECTION('',(0.E0,0.E0,1.E0));
#13511=AXIS2_PLACEMENT_3D('',#13508,#13509,#13510);
#13512=CYLINDRICAL_SURFACE('',#13511,1.2375E0);
#13513=ORIENTED_EDGE('',*,*,#13494,.F.);
#13515=ORIENTED_EDGE('',*,*,#13514,.F.);
#13517=ORIENTED_EDGE('',*,*,#13516,.T.);
#13519=ORIENTED_EDGE('',*,*,#13518,.T.);
#13520=EDGE_LOOP('',(#13513,#13515,#13517,#13519));
#13521=FACE_OUTER_BOUND('',#13520,.F.);
#13523=FILL_AREA_STYLE_COLOUR('',#105);
#13524=FILL_AREA_STYLE('',(#13523));
#13525=SURFACE_STYLE_FILL_AREA(#13524);
#13526=SURFACE_SIDE_STYLE('',(#13525));
#13527=SURFACE_STYLE_USAGE(.BOTH.,#13526);
#13528=PRESENTATION_STYLE_ASSIGNMENT((#13527));
#13529=OVER_RIDING_STYLED_ITEM('',(#13528),#13522,#130);
#13530=CARTESIAN_POINT('',(-3.52798E2,1.954E2,1.300250574417E1));
#13531=DIRECTION('',(-1.E0,0.E0,0.E0));
#13532=DIRECTION('',(0.E0,0.E0,1.E0));
#13533=AXIS2_PLACEMENT_3D('',#13530,#13531,#13532);
#13534=CYLINDRICAL_SURFACE('',#13533,1.2375E0);
#13535=ORIENTED_EDGE('',*,*,#13514,.T.);
#13536=ORIENTED_EDGE('',*,*,#13496,.F.);
#13537=ORIENTED_EDGE('',*,*,#13518,.F.);
#13539=ORIENTED_EDGE('',*,*,#13538,.T.);
#13540=EDGE_LOOP('',(#13535,#13536,#13537,#13539));
#13541=FACE_OUTER_BOUND('',#13540,.F.);
#13543=FILL_AREA_STYLE_COLOUR('',#105);
#13544=FILL_AREA_STYLE('',(#13543));
#13545=SURFACE_STYLE_FILL_AREA(#13544);
#13546=SURFACE_SIDE_STYLE('',(#13545));
#13547=SURFACE_STYLE_USAGE(.BOTH.,#13546);
#13548=PRESENTATION_STYLE_ASSIGNMENT((#13547));
#13549=OVER_RIDING_STYLED_ITEM('',(#13548),#13542,#130);
#13550=CARTESIAN_POINT('',(-3.52798E2,2.252856246960E2,-4.877063447339E1));
#13551=DIRECTION('',(1.E0,0.E0,0.E0));
#13552=DIRECTION('',(0.E0,1.E0,0.E0));
#13553=AXIS2_PLACEMENT_3D('',#13550,#13551,#13552);
#13554=PLANE('',#13553);
#13555=ORIENTED_EDGE('',*,*,#13516,.F.);
#13556=ORIENTED_EDGE('',*,*,#13538,.F.);
#13557=EDGE_LOOP('',(#13555,#13556));
#13558=FACE_OUTER_BOUND('',#13557,.F.);
#13560=CARTESIAN_POINT('',(-3.64204E2,1.954E2,1.300250574417E1));
#13561=DIRECTION('',(1.E0,0.E0,0.E0));
#13562=DIRECTION('',(0.E0,1.E0,0.E0));
#13563=AXIS2_PLACEMENT_3D('',#13560,#13561,#13562);
#13564=CONICAL_SURFACE('',#13563,2.725E0,4.5E1);
#13565=ORIENTED_EDGE('',*,*,#13471,.T.);
#13566=ORIENTED_EDGE('',*,*,#13446,.F.);
#13567=ORIENTED_EDGE('',*,*,#13424,.F.);
#13568=ORIENTED_EDGE('',*,*,#13467,.F.);
#13569=ORIENTED_EDGE('',*,*,#13489,.T.);
#13570=EDGE_LOOP('',(#13565,#13566,#13567,#13568,#13569));
#13571=FACE_OUTER_BOUND('',#13570,.F.);
#13573=FILL_AREA_STYLE_COLOUR('',#105);
#13574=FILL_AREA_STYLE('',(#13573));
#13575=SURFACE_STYLE_FILL_AREA(#13574);
#13576=SURFACE_SIDE_STYLE('',(#13575));
#13577=SURFACE_STYLE_USAGE(.BOTH.,#13576);
#13578=PRESENTATION_STYLE_ASSIGNMENT((#13577));
#13579=OVER_RIDING_STYLED_ITEM('',(#13578),#13572,#130);
#13580=CARTESIAN_POINT('',(-3.52798E2,2.214E2,-3.807073531142E1));
#13581=DIRECTION('',(1.E0,0.E0,0.E0));
#13582=DIRECTION('',(0.E0,1.E0,0.E0));
#13583=AXIS2_PLACEMENT_3D('',#13580,#13581,#13582);
#13584=CYLINDRICAL_SURFACE('',#13583,5.53E1);
#13586=ORIENTED_EDGE('',*,*,#13585,.F.);
#13588=ORIENTED_EDGE('',*,*,#13587,.T.);
#13589=ORIENTED_EDGE('',*,*,#13413,.F.);
#13590=ORIENTED_EDGE('',*,*,#7664,.F.);
#13591=EDGE_LOOP('',(#13586,#13588,#13589,#13590));
#13592=FACE_OUTER_BOUND('',#13591,.F.);
#13594=FILL_AREA_STYLE_COLOUR('',#105);
#13595=FILL_AREA_STYLE('',(#13594));
#13596=SURFACE_STYLE_FILL_AREA(#13595);
#13597=SURFACE_SIDE_STYLE('',(#13596));
#13598=SURFACE_STYLE_USAGE(.BOTH.,#13597);
#13599=PRESENTATION_STYLE_ASSIGNMENT((#13598));
#13600=OVER_RIDING_STYLED_ITEM('',(#13599),#13593,#130);
#13601=CARTESIAN_POINT('',(-3.52798E2,2.046091097656E2,1.514304114861E1));
#13602=DIRECTION('',(1.E0,0.E0,0.E0));
#13603=DIRECTION('',(0.E0,1.E0,0.E0));
#13604=AXIS2_PLACEMENT_3D('',#13601,#13602,#13603);
#13605=CYLINDRICAL_SURFACE('',#13604,5.E-1);
#13606=ORIENTED_EDGE('',*,*,#13585,.T.);
#13607=ORIENTED_EDGE('',*,*,#7662,.T.);
#13609=ORIENTED_EDGE('',*,*,#13608,.F.);
#13611=ORIENTED_EDGE('',*,*,#13610,.F.);
#13612=EDGE_LOOP('',(#13606,#13607,#13609,#13611));
#13613=FACE_OUTER_BOUND('',#13612,.F.);
#13615=FILL_AREA_STYLE_COLOUR('',#105);
#13616=FILL_AREA_STYLE('',(#13615));
#13617=SURFACE_STYLE_FILL_AREA(#13616);
#13618=SURFACE_SIDE_STYLE('',(#13617));
#13619=SURFACE_STYLE_USAGE(.BOTH.,#13618);
#13620=PRESENTATION_STYLE_ASSIGNMENT((#13619));
#13621=OVER_RIDING_STYLED_ITEM('',(#13620),#13614,#130);
#13622=CARTESIAN_POINT('',(3.220699998829E1,2.051091097656E2,1.607509053241E1));
#13623=DIRECTION('',(0.E0,1.E0,0.E0));
#13624=DIRECTION('',(0.E0,0.E0,-1.E0));
#13625=AXIS2_PLACEMENT_3D('',#13622,#13623,#13624);
#13626=PLANE('',#13625);
#13628=ORIENTED_EDGE('',*,*,#13627,.F.);
#13630=ORIENTED_EDGE('',*,*,#13629,.T.);
#13631=ORIENTED_EDGE('',*,*,#13608,.T.);
#13632=ORIENTED_EDGE('',*,*,#7660,.T.);
#13633=EDGE_LOOP('',(#13628,#13630,#13631,#13632));
#13634=FACE_OUTER_BOUND('',#13633,.F.);
#13636=FILL_AREA_STYLE_COLOUR('',#105);
#13637=FILL_AREA_STYLE('',(#13636));
#13638=SURFACE_STYLE_FILL_AREA(#13637);
#13639=SURFACE_SIDE_STYLE('',(#13638));
#13640=SURFACE_STYLE_USAGE(.BOTH.,#13639);
#13641=PRESENTATION_STYLE_ASSIGNMENT((#13640));
#13642=OVER_RIDING_STYLED_ITEM('',(#13641),#13635,#130);
#13643=CARTESIAN_POINT('',(-3.52798E2,2.046091097656E2,1.535272400318E1));
#13644=DIRECTION('',(1.E0,0.E0,0.E0));
#13645=DIRECTION('',(0.E0,1.E0,0.E0));
#13646=AXIS2_PLACEMENT_3D('',#13643,#13644,#13645);
#13647=CYLINDRICAL_SURFACE('',#13646,5.E-1);
#13648=ORIENTED_EDGE('',*,*,#13627,.T.);
#13649=ORIENTED_EDGE('',*,*,#7658,.T.);
#13651=ORIENTED_EDGE('',*,*,#13650,.F.);
#13653=ORIENTED_EDGE('',*,*,#13652,.F.);
#13654=EDGE_LOOP('',(#13648,#13649,#13651,#13653));
#13655=FACE_OUTER_BOUND('',#13654,.F.);
#13657=FILL_AREA_STYLE_COLOUR('',#105);
#13658=FILL_AREA_STYLE('',(#13657));
#13659=SURFACE_STYLE_FILL_AREA(#13658);
#13660=SURFACE_SIDE_STYLE('',(#13659));
#13661=SURFACE_STYLE_USAGE(.BOTH.,#13660);
#13662=PRESENTATION_STYLE_ASSIGNMENT((#13661));
#13663=OVER_RIDING_STYLED_ITEM('',(#13662),#13656,#130);
#13664=CARTESIAN_POINT('',(-3.52798E2,2.214E2,-3.807073531142E1));
#13665=DIRECTION('',(1.E0,0.E0,0.E0));
#13666=DIRECTION('',(0.E0,1.E0,0.E0));
#13667=AXIS2_PLACEMENT_3D('',#13664,#13665,#13666);
#13668=CYLINDRICAL_SURFACE('',#13667,5.65E1);
#13669=ORIENTED_EDGE('',*,*,#7656,.T.);
#13670=ORIENTED_EDGE('',*,*,#13417,.T.);
#13672=ORIENTED_EDGE('',*,*,#13671,.F.);
#13673=ORIENTED_EDGE('',*,*,#13650,.T.);
#13674=EDGE_LOOP('',(#13669,#13670,#13672,#13673));
#13675=FACE_OUTER_BOUND('',#13674,.F.);
#13677=FILL_AREA_STYLE_COLOUR('',#105);
#13678=FILL_AREA_STYLE('',(#13677));
#13679=SURFACE_STYLE_FILL_AREA(#13678);
#13680=SURFACE_SIDE_STYLE('',(#13679));
#13681=SURFACE_STYLE_USAGE(.BOTH.,#13680);
#13682=PRESENTATION_STYLE_ASSIGNMENT((#13681));
#13683=OVER_RIDING_STYLED_ITEM('',(#13682),#13676,#130);
#13684=CARTESIAN_POINT('',(-3.614029999882E2,1.934964086622E2,
1.038801695933E1));
#13685=DIRECTION('',(1.E0,1.209584608885E-12,-3.735524440161E-13));
#13686=DIRECTION('',(-1.260462794434E-12,9.238795325113E-1,-3.826834323651E-1));
#13687=AXIS2_PLACEMENT_3D('',#13684,#13685,#13686);
#13688=PLANE('',#13687);
#13689=ORIENTED_EDGE('',*,*,#13629,.F.);
#13690=ORIENTED_EDGE('',*,*,#13652,.T.);
#13691=ORIENTED_EDGE('',*,*,#13671,.T.);
#13692=ORIENTED_EDGE('',*,*,#13415,.T.);
#13693=ORIENTED_EDGE('',*,*,#13587,.F.);
#13694=ORIENTED_EDGE('',*,*,#13610,.T.);
#13695=EDGE_LOOP('',(#13689,#13690,#13691,#13692,#13693,#13694));
#13696=FACE_OUTER_BOUND('',#13695,.F.);
#13698=FILL_AREA_STYLE_COLOUR('',#105);
#13699=FILL_AREA_STYLE('',(#13698));
#13700=SURFACE_STYLE_FILL_AREA(#13699);
#13701=SURFACE_SIDE_STYLE('',(#13700));
#13702=SURFACE_STYLE_USAGE(.BOTH.,#13701);
#13703=PRESENTATION_STYLE_ASSIGNMENT((#13702));
#13704=OVER_RIDING_STYLED_ITEM('',(#13703),#13697,#130);
#13705=CARTESIAN_POINT('',(-3.52298E2,-2.06E1,-2.343668710811E0));
#13706=DIRECTION('',(0.E0,1.E0,0.E0));
#13707=DIRECTION('',(0.E0,0.E0,1.E0));
#13708=AXIS2_PLACEMENT_3D('',#13705,#13706,#13707);
#13709=CYLINDRICAL_SURFACE('',#13708,5.E-1);
#13710=ORIENTED_EDGE('',*,*,#7639,.F.);
#13711=ORIENTED_EDGE('',*,*,#7517,.F.);
#13712=ORIENTED_EDGE('',*,*,#7534,.T.);
#13713=ORIENTED_EDGE('',*,*,#7587,.T.);
#13714=ORIENTED_EDGE('',*,*,#7602,.T.);
#13715=EDGE_LOOP('',(#13710,#13711,#13712,#13713,#13714));
#13716=FACE_OUTER_BOUND('',#13715,.F.);
#13718=CLOSED_SHELL('',(#7369,#7386,#7403,#7420,#7433,#7448,#7475,#7492,#7509,
#7526,#7559,#7576,#7591,#7606,#7621,#7682,#7697,#7711,#7726,#7741,#7754,#7767,
#7781,#7794,#7812,#7827,#7848,#7860,#7875,#7900,#7913,#7926,#7938,#7953,#7978,
#7991,#8004,#8016,#8031,#8068,#8086,#8100,#8136,#8153,#8220,#8235,#8248,#8263,
#8276,#8362,#8377,#8391,#8418,#8432,#8454,#8469,#8495,#8511,#8526,#8546,#8559,
#8573,#8592,#8613,#8638,#8650,#8663,#8677,#8702,#8715,#8727,#8745,#8762,#8776,
#8803,#8818,#8840,#8855,#8880,#8894,#8906,#8919,#8933,#8958,#8972,#8985,#8998,
#9023,#9035,#9048,#9063,#9076,#9092,#9107,#9140,#9152,#9167,#9188,#9223,#9244,
#9265,#9295,#9310,#9324,#9339,#9351,#9367,#9389,#9407,#9422,#9563,#9576,#9589,
#9731,#9752,#9778,#9800,#9818,#9838,#9859,#9874,#9889,#9906,#9919,#9938,#9951,
#9964,#9984,#9996,#10009,#10019,#10040,#10060,#10077,#10090,#10103,#10119,
#10133,#10147,#10160,#10177,#10190,#10221,#10236,#10249,#10264,#10277,#10293,
#10308,#10325,#10337,#10352,#10367,#10384,#10397,#10409,#10424,#10437,#10453,
#10467,#10479,#10499,#10513,#10614,#10987,#11001,#11018,#11034,#11050,#11067,
#11081,#11094,#11115,#11129,#11144,#11177,#11194,#11208,#11222,#11236,#11252,
#11265,#11279,#11295,#11311,#11323,#11335,#11354,#11367,#11380,#11394,#11407,
#11420,#11436,#11449,#11461,#11473,#11488,#11501,#11519,#11533,#11557,#11574,
#11587,#11599,#11621,#11633,#11646,#11659,#11674,#11690,#11702,#11714,#11726,
#11739,#11751,#11778,#11795,#11812,#11829,#11846,#11861,#11876,#11891,#11905,
#11930,#11950,#11964,#11978,#11992,#12004,#12020,#12037,#12053,#12070,#12083,
#12108,#12122,#12135,#12161,#12175,#12202,#12218,#12240,#12252,#12269,#12284,
#12299,#12325,#12338,#12351,#12364,#12389,#12401,#12413,#12430,#12447,#12533,
#12994,#13008,#13021,#13035,#13050,#13063,#13078,#13090,#13102,#13114,#13126,
#13139,#13155,#13168,#13182,#13194,#13207,#13221,#13233,#13247,#13260,#13272,
#13284,#13303,#13317,#13337,#13358,#13378,#13397,#13428,#13450,#13475,#13500,
#13522,#13542,#13559,#13572,#13593,#13614,#13635,#13656,#13676,#13697,#13717));
#13719=MANIFOLD_SOLID_BREP('',#13718);
#13720=FILL_AREA_STYLE_COLOUR('',#119);
#13721=FILL_AREA_STYLE('',(#13720));
#13722=SURFACE_STYLE_FILL_AREA(#13721);
#13723=SURFACE_SIDE_STYLE('',(#13722));
#13724=SURFACE_STYLE_USAGE(.BOTH.,#13723);
#13725=PRESENTATION_STYLE_ASSIGNMENT((#13724));
#130=STYLED_ITEM('',(#13725),#13719);
#13726=PRESENTATION_LAYER_ASSIGNMENT('9_ALL_SOLID_GEOM','',(#130));
#13729=PLANE_ANGLE_MEASURE_WITH_UNIT(PLANE_ANGLE_MEASURE(1.745329251994E-2),
#13728);
#13730=(CONVERSION_BASED_UNIT('DEGREE',#13729)NAMED_UNIT(*)PLANE_ANGLE_UNIT());
#13732=UNCERTAINTY_MEASURE_WITH_UNIT(LENGTH_MEASURE(1.E-3),#13727,
'distance_accuracy_value',
'Maximum model space distance between geometric entities at asserted connectivities');
#13735=MECHANICAL_DESIGN_GEOMETRIC_PRESENTATION_REPRESENTATION('',(#138,#145,
#155,#162,#170,#178,#186,#194,#202,#210,#218,#225,#258,#265,#272,#280,#287,#294,
#302,#310,#318,#325,#332,#339,#346,#358,#365,#372,#379,#387,#395,#403,#411,#419,
#427,#435,#442,#449,#469,#477,#485,#493,#501,#509,#517,#525,#533,#541,#578,#595,
#602,#609,#617,#624,#632,#640,#648,#655,#675,#682,#702,#709,#716,#724,#731,#751,
#758,#778,#785,#792,#800,#808,#815,#823,#830,#838,#846,#854,#862,#870,#877,#884,
#891,#898,#906,#914,#922,#930,#937,#944,#951,#958,#965,#972,#979,#986,#994,
#1002,#1010,#1017,#1025,#1032,#1039,#1046,#1053,#1060,#1067,#1074,#1081,#1088,
#1096,#1104,#1112,#1120,#1128,#1136,#1144,#1152,#1159,#1166,#1173,#1180,#1187,
#1194,#1201,#1208,#1215,#1223,#1231,#1239,#1247,#1255,#1263,#1271,#1278,#1290,
#1302,#1310,#1318,#1326,#1334,#1342,#1349,#1357,#1365,#1373,#1381,#1388,#1396,
#1403,#1411,#1418,#1425,#1433,#1441,#1448,#1455,#1463,#1471,#1479,#1487,#1495,
#1503,#1511,#1519,#1527,#1535,#1543,#1551,#1559,#1567,#1574,#1582,#1589,#1597,
#1604,#1612,#1619,#1627,#1634,#1642,#1650,#1658,#1665,#1673,#1680,#1687,#1695,
#1703,#1710,#1717,#1724,#1731,#1738,#1745,#1752,#1760,#1768,#1776,#1783,#1790,
#1798,#1806,#1814,#1822,#1829,#1836,#1844,#1852,#1860,#1867,#1874,#1882,#1894,
#1904,#1916,#1924,#1932,#1940,#1947,#1954,#1961,#1968,#1976,#1984,#1992,#1999,
#2006,#2013,#2020,#2027,#2035,#2043,#2051,#2058,#2065,#2072,#2086,#2094,#2102,
#2110,#2117,#2124,#2132,#2140,#2148,#2155,#2162,#2170,#2177,#2185,#2192,#2200,
#2207,#2215,#2222,#2230,#2238,#2246,#2253,#2260,#2267,#2274,#2282,#2290,#2298,
#2305,#2312,#2319,#2327,#2335,#2343,#2350,#2358,#2365,#2372,#2380,#2388,#2396,
#2404,#2412,#2420,#2427,#2435,#2442,#2450,#2457,#2465,#2472,#2479,#2486,#2493,
#2500,#2507,#2514,#2521,#2528,#2535,#2542,#2549,#2556,#2563,#2573,#2581,#2591,
#2598,#2605,#2612,#2619,#2626,#2633,#2641,#2648,#2656,#2664,#2671,#2679,#2686,
#2693,#2700,#2707,#2715,#2723,#2740,#2748,#2756,#2763,#2783,#2794,#2814,#2821,
#2828,#2835,#2842,#2849,#2856,#2864,#2872,#2879,#2886,#2893,#2900,#2907,#2914,
#2922,#2929,#2937,#2944,#2951,#2958,#2978,#2985,#2992,#2999,#3007,#3014,#3021,
#3028,#3035,#3042,#3049,#3056,#3063,#3070,#3077,#3084,#3091,#3099,#3107,#3114,
#3121,#3129,#3137,#3144,#3151,#3158,#3165,#3172,#3179,#3199,#3207,#3215,#3223,
#3230,#3237,#3244,#3251,#3271,#3279,#3287,#3297,#3305,#3313,#3321,#3328,#3335,
#3343,#3351,#3358,#3365,#3372,#3380,#3387,#3394,#3402,#3409,#3417,#3425,#3433,
#3441,#3448,#3455,#3463,#3471,#3479,#3487,#3495,#3503,#3511,#3519,#3526,#3533,
#3541,#3549,#3557,#3565,#3573,#3580,#3587,#3595,#3602,#3609,#3616,#3623,#3631,
#3639,#3647,#3655,#3662,#3669,#3676,#3688,#3695,#3702,#3714,#3734,#3742,#3750,
#3758,#3778,#3785,#3792,#3800,#3808,#3816,#3824,#3832,#3839,#3846,#3854,#3862,
#3870,#3877,#3897,#3904,#3912,#3919,#3926,#3933,#3940,#3947,#3967,#3974,#3994,
#4001,#4008,#4016,#4023,#4030,#4037,#4044,#4052,#4059,#4067,#4075,#4083,#4090,
#4097,#4105,#4112,#4119,#4126,#4133,#4140,#4147,#4155,#4163,#4170,#4177,#4184,
#4191,#4199,#4207,#4215,#4223,#4231,#4239,#4247,#4255,#4263,#4270,#4277,#4284,
#4292,#4300,#4308,#4315,#4322,#4329,#4337,#4344,#4351,#4358,#4365,#4372,#4379,
#4386,#4393,#4400,#4417,#4424,#4431,#4443,#4450,#4457,#4464,#4472,#4480,#4488,
#4496,#4503,#4510,#4517,#4524,#4531,#4538,#4545,#4552,#4560,#4568,#4576,#4584,
#4591,#4598,#4605,#4612,#4619,#4627,#4635,#4643,#4651,#4658,#4665,#4672,#4679,
#4686,#4693,#4738,#4745,#4753,#4761,#4769,#4777,#4785,#4792,#4799,#4806,#4813,
#4820,#4828,#4836,#4844,#4852,#4860,#4868,#4876,#4883,#4890,#4897,#4904,#4911,
#4918,#4926,#4933,#4941,#4949,#4956,#4963,#4971,#4979,#4987,#4994,#5001,#5009,
#5017,#5025,#5033,#5040,#5048,#5056,#5064,#5072,#5080,#5087,#5094,#5102,#5110,
#5118,#5125,#5132,#5140,#5148,#5156,#5163,#5171,#5178,#5185,#5192,#5199,#5216,
#5224,#5232,#5240,#5247,#5254,#5262,#5270,#5278,#5285,#5292,#5299,#5307,#5315,
#5323,#5330,#5337,#5344,#5352,#5359,#5366,#5374,#5381,#5388,#5396,#5404,#5412,
#5419,#5426,#5433,#5440,#5448,#5456,#5464,#5471,#5478,#5485,#5492,#5500,#5507,
#5514,#5521,#5528,#5539,#5551,#5572,#5580,#5592,#5599,#5613,#5620,#5634,#5641,
#5649,#5656,#5663,#5671,#5678,#5685,#5692,#5699,#5706,#5714,#5722,#5730,#5738,
#5746,#5754,#5762,#5770,#5777,#5784,#5792,#5800,#5808,#5816,#5824,#5832,#5840,
#5847,#5854,#5861,#5868,#5876,#5884,#5892,#5900,#5907,#5914,#5934,#5941,#5948,
#5955,#5962,#5969,#5976,#5983,#5990,#5997,#6004,#6012,#6019,#6027,#6034,#6041,
#6048,#6055,#6062,#6082,#6089,#6096,#6103,#6111,#6118,#6125,#6132,#6139,#6146,
#6153,#6160,#6167,#6174,#6182,#6190,#6197,#6205,#6213,#6221,#6229,#6237,#6244,
#6251,#6259,#6267,#6275,#6283,#6290,#6297,#6304,#6311,#6318,#6325,#6333,#6341,
#6349,#6357,#6365,#6372,#6392,#6399,#8580,#8599,#9174,#9195,#9230,#9251,#9272,
#9596,#9738,#9759,#9785,#11342,#11606,#13324,#13344,#13365,#13385,#13404,#13435,
#13457,#13482,#13507,#13529,#13549,#13579,#13600,#13621,#13642,#13663,#13683,
#13704,#130),#13733);
#13736=APPLICATION_CONTEXT('automotive_design');
#13737=APPLICATION_PROTOCOL_DEFINITION('international standard',
'automotive_design',2001,#13736);
#13738=PRODUCT_DEFINITION_CONTEXT('part definition',#13736,'design');
#13739=PRODUCT_CONTEXT('',#13736,'mechanical');
#13740=PRODUCT('D1768016-00','D1768016-00','NOT SPECIFIED',(#13739));
#13741=PRODUCT_DEFINITION_FORMATION('1','LAST_VERSION',#13740);
#13749=DERIVED_UNIT_ELEMENT(#13748,2.E0);
#13750=DERIVED_UNIT((#13749));
#13751=MEASURE_REPRESENTATION_ITEM('surface area measure',AREA_MEASURE(
8.344829115819E3),#13750);
#13756=DERIVED_UNIT_ELEMENT(#13755,3.E0);
#13757=DERIVED_UNIT((#13756));
#13758=MEASURE_REPRESENTATION_ITEM('volume measure',VOLUME_MEASURE(
5.323968469201E3),#13757);
#13762=CARTESIAN_POINT('centre point',(-3.483178420260E2,1.909142282824E2,
1.345022289713E1));
#13767=DERIVED_UNIT_ELEMENT(#13766,2.E0);
#13768=DERIVED_UNIT((#13767));
#13769=MEASURE_REPRESENTATION_ITEM('surface area measure',AREA_MEASURE(
8.344829115819E3),#13768);
#13774=DERIVED_UNIT_ELEMENT(#13773,3.E0);
#13775=DERIVED_UNIT((#13774));
#13776=MEASURE_REPRESENTATION_ITEM('volume measure',VOLUME_MEASURE(
5.323968469201E3),#13775);
#13780=CARTESIAN_POINT('centre point',(-3.483178420260E2,1.909142282824E2,
1.345022289713E1));
#13785=PRODUCT_RELATED_PRODUCT_CATEGORY('part','',(#13740));
#1=DRAUGHTING_PRE_DEFINED_COLOUR('black');
#2=COLOUR_RGB('',0.E0,0.E0,2.5E-1);
#3=COLOUR_RGB('',0.E0,0.E0,5.E-1);
#4=COLOUR_RGB('',0.E0,0.E0,7.5E-1);
#5=DRAUGHTING_PRE_DEFINED_COLOUR('blue');
#6=COLOUR_RGB('',0.E0,2.5E-1,0.E0);
#7=COLOUR_RGB('',0.E0,2.5E-1,2.5E-1);
#8=COLOUR_RGB('',0.E0,2.5E-1,5.E-1);
#9=COLOUR_RGB('',0.E0,2.5E-1,7.5E-1);
#10=COLOUR_RGB('',0.E0,2.5E-1,1.E0);
#11=COLOUR_RGB('',0.E0,5.E-1,0.E0);
#12=COLOUR_RGB('',0.E0,5.E-1,2.5E-1);
#13=COLOUR_RGB('',0.E0,5.E-1,5.E-1);
#14=COLOUR_RGB('',0.E0,5.E-1,7.5E-1);
#15=COLOUR_RGB('',0.E0,5.E-1,1.E0);
#16=COLOUR_RGB('',0.E0,7.5E-1,0.E0);
#17=COLOUR_RGB('',0.E0,7.5E-1,2.5E-1);
#18=COLOUR_RGB('',0.E0,7.5E-1,5.E-1);
#19=COLOUR_RGB('',0.E0,7.5E-1,7.5E-1);
#20=COLOUR_RGB('',0.E0,7.5E-1,1.E0);
#21=DRAUGHTING_PRE_DEFINED_COLOUR('green');
#22=COLOUR_RGB('',0.E0,1.E0,2.5E-1);
#23=COLOUR_RGB('',0.E0,1.E0,5.E-1);
#24=COLOUR_RGB('',0.E0,1.E0,7.5E-1);
#25=DRAUGHTING_PRE_DEFINED_COLOUR('cyan');
#26=COLOUR_RGB('',2.35294E-1,2.35294E-1,2.35294E-1);
#27=COLOUR_RGB('',2.5E-1,0.E0,0.E0);
#28=COLOUR_RGB('',2.5E-1,0.E0,2.5E-1);
#29=COLOUR_RGB('',2.5E-1,0.E0,5.E-1);
#30=COLOUR_RGB('',2.5E-1,0.E0,7.5E-1);
#31=COLOUR_RGB('',2.5E-1,0.E0,1.E0);
#32=COLOUR_RGB('',2.5E-1,2.5E-1,0.E0);
#33=COLOUR_RGB('',2.5E-1,2.5E-1,2.5E-1);
#34=COLOUR_RGB('',2.5E-1,2.5E-1,5.E-1);
#35=COLOUR_RGB('',2.5E-1,2.5E-1,7.5E-1);
#36=COLOUR_RGB('',2.5E-1,2.5E-1,1.E0);
#37=COLOUR_RGB('',2.5E-1,5.E-1,0.E0);
#38=COLOUR_RGB('',2.5E-1,5.E-1,2.5E-1);
#39=COLOUR_RGB('',2.5E-1,5.E-1,5.E-1);
#40=COLOUR_RGB('',2.5E-1,5.E-1,7.5E-1);
#41=COLOUR_RGB('',2.5E-1,5.E-1,1.E0);
#42=COLOUR_RGB('',2.5E-1,7.5E-1,0.E0);
#43=COLOUR_RGB('',2.5E-1,7.5E-1,2.5E-1);
#44=COLOUR_RGB('',2.5E-1,7.5E-1,5.E-1);
#45=COLOUR_RGB('',2.5E-1,7.5E-1,7.5E-1);
#46=COLOUR_RGB('',2.5E-1,7.5E-1,1.E0);
#47=COLOUR_RGB('',2.5E-1,1.E0,0.E0);
#48=COLOUR_RGB('',2.5E-1,1.E0,2.5E-1);
#49=COLOUR_RGB('',2.5E-1,1.E0,5.E-1);
#50=COLOUR_RGB('',2.5E-1,1.E0,7.5E-1);
#51=COLOUR_RGB('',2.5E-1,1.E0,1.E0);
#52=COLOUR_RGB('',3.33E-1,3.33E-1,3.33E-1);
#53=COLOUR_RGB('',5.E-1,0.E0,0.E0);
#54=COLOUR_RGB('',5.E-1,0.E0,2.5E-1);
#55=COLOUR_RGB('',5.E-1,0.E0,5.E-1);
#56=COLOUR_RGB('',5.E-1,0.E0,7.5E-1);
#57=COLOUR_RGB('',5.E-1,0.E0,1.E0);
#58=COLOUR_RGB('',5.E-1,2.5E-1,0.E0);
#59=COLOUR_RGB('',5.E-1,2.5E-1,2.5E-1);
#60=COLOUR_RGB('',5.E-1,2.5E-1,5.E-1);
#61=COLOUR_RGB('',5.E-1,2.5E-1,7.5E-1);
#62=COLOUR_RGB('',5.E-1,2.5E-1,1.E0);
#63=COLOUR_RGB('',5.E-1,5.E-1,0.E0);
#64=COLOUR_RGB('',5.E-1,5.E-1,2.5E-1);
#65=COLOUR_RGB('',5.E-1,5.E-1,5.E-1);
#66=COLOUR_RGB('',5.E-1,5.E-1,7.5E-1);
#67=COLOUR_RGB('',5.E-1,5.E-1,1.E0);
#68=COLOUR_RGB('',5.E-1,7.5E-1,0.E0);
#69=COLOUR_RGB('',5.E-1,7.5E-1,2.5E-1);
#70=COLOUR_RGB('',5.E-1,7.5E-1,5.E-1);
#71=COLOUR_RGB('',5.E-1,7.5E-1,7.5E-1);
#72=COLOUR_RGB('',5.E-1,7.5E-1,1.E0);
#73=COLOUR_RGB('',5.E-1,1.E0,0.E0);
#74=COLOUR_RGB('',5.E-1,1.E0,2.5E-1);
#75=COLOUR_RGB('',5.E-1,1.E0,5.E-1);
#76=COLOUR_RGB('',5.E-1,1.E0,7.5E-1);
#77=COLOUR_RGB('',5.E-1,1.E0,1.E0);
#78=COLOUR_RGB('',6.952E-1,7.426E-1,7.9E-1);
#79=COLOUR_RGB('',7.5E-1,0.E0,0.E0);
#80=COLOUR_RGB('',7.5E-1,0.E0,2.5E-1);
#81=COLOUR_RGB('',7.5E-1,0.E0,5.E-1);
#82=COLOUR_RGB('',7.5E-1,0.E0,7.5E-1);
#83=COLOUR_RGB('',7.5E-1,0.E0,1.E0);
#84=COLOUR_RGB('',7.5E-1,2.5E-1,0.E0);
#85=COLOUR_RGB('',7.5E-1,2.5E-1,2.5E-1);
#86=COLOUR_RGB('',7.5E-1,2.5E-1,5.E-1);
#87=COLOUR_RGB('',7.5E-1,2.5E-1,7.5E-1);
#88=COLOUR_RGB('',7.5E-1,2.5E-1,1.E0);
#89=COLOUR_RGB('',7.5E-1,5.E-1,0.E0);
#90=COLOUR_RGB('',7.5E-1,5.E-1,2.5E-1);
#91=COLOUR_RGB('',7.5E-1,5.E-1,5.E-1);
#92=COLOUR_RGB('',7.5E-1,5.E-1,7.5E-1);
#93=COLOUR_RGB('',7.5E-1,5.E-1,1.E0);
#94=COLOUR_RGB('',7.5E-1,7.5E-1,0.E0);
#95=COLOUR_RGB('',7.5E-1,7.5E-1,2.5E-1);
#96=COLOUR_RGB('',7.5E-1,7.5E-1,5.E-1);
#97=COLOUR_RGB('',7.5E-1,7.5E-1,7.5E-1);
#98=COLOUR_RGB('',7.5E-1,7.5E-1,1.E0);
#99=COLOUR_RGB('',7.5E-1,1.E0,0.E0);
#100=COLOUR_RGB('',7.5E-1,1.E0,2.5E-1);
#101=COLOUR_RGB('',7.5E-1,1.E0,5.E-1);
#102=COLOUR_RGB('',7.5E-1,1.E0,7.5E-1);
#103=COLOUR_RGB('',7.5E-1,1.E0,1.E0);
#104=COLOUR_RGB('',8.784E-1,9.49E-1,1.E0);
#105=DRAUGHTING_PRE_DEFINED_COLOUR('red');
#106=COLOUR_RGB('',1.E0,0.E0,2.5E-1);
#107=COLOUR_RGB('',1.E0,0.E0,5.E-1);
#108=COLOUR_RGB('',1.E0,0.E0,7.5E-1);
#109=DRAUGHTING_PRE_DEFINED_COLOUR('magenta');
#110=COLOUR_RGB('',1.E0,2.5E-1,0.E0);
#111=COLOUR_RGB('',1.E0,2.5E-1,2.5E-1);
#112=COLOUR_RGB('',1.E0,2.5E-1,5.E-1);
#113=COLOUR_RGB('',1.E0,2.5E-1,7.5E-1);
#114=COLOUR_RGB('',1.E0,5.E-1,0.E0);
#115=COLOUR_RGB('',1.E0,5.E-1,2.5E-1);
#116=COLOUR_RGB('',1.E0,5.E-1,5.E-1);
#117=COLOUR_RGB('',1.E0,5.E-1,7.5E-1);
#118=COLOUR_RGB('',1.E0,5.E-1,1.E0);
#119=COLOUR_RGB('',1.E0,7.333333492279E-1,0.E0);
#120=COLOUR_RGB('',1.E0,7.5E-1,0.E0);
#121=COLOUR_RGB('',1.E0,7.5E-1,2.5E-1);
#122=COLOUR_RGB('',1.E0,7.5E-1,5.E-1);
#123=COLOUR_RGB('',1.E0,7.5E-1,7.5E-1);
#124=COLOUR_RGB('',1.E0,7.5E-1,1.E0);
#125=DRAUGHTING_PRE_DEFINED_COLOUR('yellow');
#126=COLOUR_RGB('',1.E0,1.E0,2.5E-1);
#127=COLOUR_RGB('',1.E0,1.E0,5.E-1);
#128=COLOUR_RGB('',1.E0,1.E0,7.5E-1);
#129=DRAUGHTING_PRE_DEFINED_COLOUR('white');
#152=B_SPLINE_CURVE_WITH_KNOTS('',3,(#146,#147,#148,#149,#150,#151),
.UNSPECIFIED.,.F.,.F.,(4,1,1,4),(0.E0,3.333333333333E-1,6.666666666667E-1,1.E0),
.UNSPECIFIED.);
#167=CIRCLE('',#166,5.E-1);
#175=CIRCLE('',#174,5.E-1);
#183=CIRCLE('',#182,5.E-1);
#191=CIRCLE('',#190,5.E-1);
#199=CIRCLE('',#198,5.E-1);
#207=CIRCLE('',#206,5.E-1);
#215=CIRCLE('',#214,5.E-1);
#255=B_SPLINE_CURVE_WITH_KNOTS('',3,(#226,#227,#228,#229,#230,#231,#232,#233,
#234,#235,#236,#237,#238,#239,#240,#241,#242,#243,#244,#245,#246,#247,#248,#249,
#250,#251,#252,#253,#254),.UNSPECIFIED.,.F.,.F.,(4,1,1,1,1,1,1,1,1,1,1,1,1,1,1,
1,1,1,1,1,1,1,1,1,1,1,4),(0.E0,3.846153846154E-2,7.692307692308E-2,
1.153846153846E-1,1.538461538462E-1,1.923076923077E-1,2.307692307692E-1,
2.692307692308E-1,3.076923076923E-1,3.461538461538E-1,3.846153846154E-1,
4.230769230769E-1,4.615384615385E-1,5.E-1,5.384615384615E-1,5.769230769231E-1,
6.153846153846E-1,6.538461538462E-1,6.923076923077E-1,7.307692307692E-1,
7.692307692308E-1,8.076923076923E-1,8.461538461538E-1,8.846153846154E-1,
9.230769230769E-1,9.615384615385E-1,1.E0),.UNSPECIFIED.);
#277=CIRCLE('',#276,1.E0);
#299=CIRCLE('',#298,5.E-1);
#307=CIRCLE('',#306,5.E-1);
#315=CIRCLE('',#314,5.E-1);
#355=B_SPLINE_CURVE_WITH_KNOTS('',3,(#347,#348,#349,#350,#351,#352,#353,#354),
.UNSPECIFIED.,.F.,.F.,(4,1,1,1,1,4),(0.E0,1.25E-1,2.5E-1,5.E-1,7.5E-1,1.E0),
.UNSPECIFIED.);
#384=CIRCLE('',#383,5.E-1);
#392=CIRCLE('',#391,5.E-1);
#400=CIRCLE('',#399,5.E-1);
#408=CIRCLE('',#407,5.E-1);
#416=CIRCLE('',#415,5.E-1);
#424=CIRCLE('',#423,5.E-1);
#432=CIRCLE('',#431,5.E-1);
#466=B_SPLINE_CURVE_WITH_KNOTS('',3,(#450,#451,#452,#453,#454,#455,#456,#457,
#458,#459,#460,#461,#462,#463,#464,#465),.UNSPECIFIED.,.F.,.F.,(4,1,1,1,1,1,1,1,
1,1,1,1,1,4),(0.E0,7.692307692308E-2,1.538461538462E-1,2.307692307692E-1,
3.076923076923E-1,3.846153846154E-1,4.615384615385E-1,5.384615384615E-1,
6.153846153846E-1,6.923076923077E-1,7.692307692308E-1,8.461538461538E-1,
9.230769230769E-1,1.E0),.UNSPECIFIED.);
#474=CIRCLE('',#473,4.3E0);
#482=CIRCLE('',#481,4.3E0);
#490=CIRCLE('',#489,2.975E0);
#498=CIRCLE('',#497,5.65E1);
#506=CIRCLE('',#505,5.E-1);
#514=CIRCLE('',#513,5.E-1);
#522=CIRCLE('',#521,5.53E1);
#530=CIRCLE('',#529,2.975E0);
#538=CIRCLE('',#537,2.975E0);
#575=B_SPLINE_CURVE_WITH_KNOTS('',3,(#542,#543,#544,#545,#546,#547,#548,#549,
#550,#551,#552,#553,#554,#555,#556,#557,#558,#559,#560,#561,#562,#563,#564,#565,
#566,#567,#568,#569,#570,#571,#572,#573,#574),.UNSPECIFIED.,.F.,.F.,(4,1,1,1,1,
1,1,1,1,1,1,1,1,1,1,1,1,1,1,1,1,1,1,1,1,1,1,1,1,1,4),(0.E0,2.224241700392E-2,
4.448483400786E-2,5.560604250982E-2,6.672725101179E-2,8.896966801572E-2,
1.112120850197E-1,1.334545020236E-1,1.779393360315E-1,2.224241700393E-1,
2.669090040472E-1,3.113938380551E-1,3.558786720629E-1,4.003635060708E-1,
4.448483400787E-1,4.893331740865E-1,5.115755910904E-1,5.338180080944E-1,
5.783028421022E-1,6.227876761101E-1,6.450300931140E-1,6.672725101180E-1,
6.895149271219E-1,7.117573441258E-1,7.562421781337E-1,8.007270121416E-1,
8.452118461494E-1,8.896966801573E-1,9.341815141652E-1,9.786663481730E-1,1.E0),
.UNSPECIFIED.);
#592=B_SPLINE_CURVE_WITH_KNOTS('',3,(#579,#580,#581,#582,#583,#584,#585,#586,
#587,#588,#589,#590,#591),.UNSPECIFIED.,.F.,.F.,(4,1,1,1,1,1,1,1,1,1,4),(0.E0,
7.013727262899E-2,2.029748050583E-1,4.686498699169E-1,6.014874023462E-1,
7.343249347755E-1,8.007437009902E-1,8.671624672048E-1,9.335812334195E-1,
9.667906165268E-1,1.E0),.UNSPECIFIED.);
#614=CIRCLE('',#613,5.E-1);
#629=CIRCLE('',#628,4.8E0);
#637=CIRCLE('',#636,9.5E0);
#645=CIRCLE('',#644,3.8E0);
#672=B_SPLINE_CURVE_WITH_KNOTS('',3,(#656,#657,#658,#659,#660,#661,#662,#663,
#664,#665,#666,#667,#668,#669,#670,#671),.UNSPECIFIED.,.F.,.F.,(4,1,1,1,1,1,1,1,
1,1,1,1,1,4),(0.E0,7.692307692308E-2,1.538461538462E-1,2.307692307692E-1,
3.076923076923E-1,3.846153846154E-1,4.615384615385E-1,5.384615384615E-1,
6.153846153846E-1,6.923076923077E-1,7.692307692308E-1,8.461538461538E-1,
9.230769230769E-1,1.E0),.UNSPECIFIED.);
#699=B_SPLINE_CURVE_WITH_KNOTS('',3,(#683,#684,#685,#686,#687,#688,#689,#690,
#691,#692,#693,#694,#695,#696,#697,#698),.UNSPECIFIED.,.F.,.F.,(4,1,1,1,1,1,1,1,
1,1,1,1,1,4),(0.E0,7.692307692308E-2,1.538461538462E-1,2.307692307692E-1,
3.076923076923E-1,3.846153846154E-1,4.615384615385E-1,5.384615384615E-1,
6.153846153846E-1,6.923076923077E-1,7.692307692308E-1,8.461538461538E-1,
9.230769230769E-1,1.E0),.UNSPECIFIED.);
#721=CIRCLE('',#720,3.8E0);
#748=B_SPLINE_CURVE_WITH_KNOTS('',3,(#732,#733,#734,#735,#736,#737,#738,#739,
#740,#741,#742,#743,#744,#745,#746,#747),.UNSPECIFIED.,.F.,.F.,(4,1,1,1,1,1,1,1,
1,1,1,1,1,4),(0.E0,7.692307692308E-2,1.538461538462E-1,2.307692307692E-1,
3.076923076923E-1,3.846153846154E-1,4.615384615385E-1,5.384615384615E-1,
6.153846153846E-1,6.923076923077E-1,7.692307692308E-1,8.461538461538E-1,
9.230769230769E-1,1.E0),.UNSPECIFIED.);
#775=B_SPLINE_CURVE_WITH_KNOTS('',3,(#759,#760,#761,#762,#763,#764,#765,#766,
#767,#768,#769,#770,#771,#772,#773,#774),.UNSPECIFIED.,.F.,.F.,(4,1,1,1,1,1,1,1,
1,1,1,1,1,4),(0.E0,7.692307692308E-2,1.538461538462E-1,2.307692307692E-1,
3.076923076923E-1,3.846153846154E-1,4.615384615385E-1,5.384615384615E-1,
6.153846153846E-1,6.923076923077E-1,7.692307692308E-1,8.461538461538E-1,
9.230769230769E-1,1.E0),.UNSPECIFIED.);
#797=CIRCLE('',#796,1.5E0);
#805=CIRCLE('',#804,1.5E0);
#820=CIRCLE('',#819,3.8E0);
#835=CIRCLE('',#834,3.8E0);
#843=CIRCLE('',#842,1.5E0);
#851=CIRCLE('',#850,1.5E0);
#859=CIRCLE('',#858,3.E0);
#867=CIRCLE('',#866,3.E0);
#903=CIRCLE('',#902,3.E0);
#911=CIRCLE('',#910,3.E0);
#919=CIRCLE('',#918,4.5E0);
#927=CIRCLE('',#926,4.5E0);
#991=CIRCLE('',#990,4.5E0);
#999=CIRCLE('',#998,4.5E0);
#1007=CIRCLE('',#1006,5.3E0);
#1022=CIRCLE('',#1021,5.3E0);
#1093=CIRCLE('',#1092,1.586834326004E1);
#1101=CIRCLE('',#1100,5.E-1);
#1109=CIRCLE('',#1108,5.E-1);
#1117=CIRCLE('',#1116,8.5E0);
#1125=CIRCLE('',#1124,5.3E0);
#1133=CIRCLE('',#1132,5.3E0);
#1141=CIRCLE('',#1140,5.3E0);
#1149=CIRCLE('',#1148,5.E-1);
#1220=CIRCLE('',#1219,5.E-1);
#1228=CIRCLE('',#1227,3.2E0);
#1236=CIRCLE('',#1235,3.2E0);
#1244=CIRCLE('',#1243,3.2E0);
#1252=CIRCLE('',#1251,5.E-1);
#1260=CIRCLE('',#1259,4.7E0);
#1268=CIRCLE('',#1267,4.7E0);
#1287=B_SPLINE_CURVE_WITH_KNOTS('',3,(#1279,#1280,#1281,#1282,#1283,#1284,#1285,
#1286),.UNSPECIFIED.,.F.,.F.,(4,1,1,1,1,4),(0.E0,1.25E-1,2.5E-1,5.E-1,7.5E-1,
1.E0),.UNSPECIFIED.);
#1299=B_SPLINE_CURVE_WITH_KNOTS('',3,(#1291,#1292,#1293,#1294,#1295,#1296,#1297,
#1298),.UNSPECIFIED.,.F.,.F.,(4,1,1,1,1,4),(0.E0,1.25E-1,2.5E-1,5.E-1,7.5E-1,
1.E0),.UNSPECIFIED.);
#1307=CIRCLE('',#1306,1.5E0);
#1315=CIRCLE('',#1314,1.5E0);
#1323=CIRCLE('',#1322,3.E0);
#1331=CIRCLE('',#1330,3.E0);
#1339=CIRCLE('',#1338,1.636834326004E1);
#1354=CIRCLE('',#1353,5.E-1);
#1362=CIRCLE('',#1361,3.2E0);
#1370=CIRCLE('',#1369,5.E-1);
#1378=CIRCLE('',#1377,8.5E0);
#1393=CIRCLE('',#1392,4.35E0);
#1408=CIRCLE('',#1407,3.5E0);
#1430=CIRCLE('',#1429,9.E0);
#1438=CIRCLE('',#1437,1.E0);
#1460=CIRCLE('',#1459,3.E-1);
#1468=CIRCLE('',#1467,3.E-1);
#1476=CIRCLE('',#1475,1.5E0);
#1484=CIRCLE('',#1483,1.5E0);
#1492=CIRCLE('',#1491,1.8E0);
#1500=CIRCLE('',#1499,1.8E0);
#1508=CIRCLE('',#1507,5.E-1);
#1516=CIRCLE('',#1515,5.E-1);
#1524=CIRCLE('',#1523,5.E-1);
#1532=CIRCLE('',#1531,3.3E0);
#1540=CIRCLE('',#1539,3.3E0);
#1548=CIRCLE('',#1547,3.3E0);
#1556=CIRCLE('',#1555,5.E-1);
#1564=CIRCLE('',#1563,3.45E0);
#1579=CIRCLE('',#1578,5.E-1);
#1594=CIRCLE('',#1593,5.E-1);
#1609=CIRCLE('',#1608,5.E-1);
#1624=CIRCLE('',#1623,5.E-1);
#1639=CIRCLE('',#1638,3.45E0);
#1647=CIRCLE('',#1646,3.45E0);
#1655=CIRCLE('',#1654,4.5E0);
#1670=CIRCLE('',#1669,9.5E0);
#1692=CIRCLE('',#1691,1.786834326004E1);
#1700=CIRCLE('',#1699,5.E-1);
#1757=CIRCLE('',#1756,5.E-1);
#1765=CIRCLE('',#1764,3.E-1);
#1773=CIRCLE('',#1772,3.E-1);
#1795=CIRCLE('',#1794,2.E-1);
#1803=CIRCLE('',#1802,2.E-1);
#1811=CIRCLE('',#1810,2.E-1);
#1819=CIRCLE('',#1818,2.E-1);
#1841=CIRCLE('',#1840,5.E-1);
#1849=CIRCLE('',#1848,3.E-1);
#1857=CIRCLE('',#1856,3.E-1);
#1879=CIRCLE('',#1878,3.E-1);
#1891=B_SPLINE_CURVE_WITH_KNOTS('',3,(#1883,#1884,#1885,#1886,#1887,#1888,#1889,
#1890),.UNSPECIFIED.,.F.,.F.,(4,1,1,1,1,4),(0.E0,2.E-1,4.E-1,6.E-1,8.E-1,1.E0),
.UNSPECIFIED.);
#1901=B_SPLINE_CURVE_WITH_KNOTS('',3,(#1895,#1896,#1897,#1898,#1899,#1900),
.UNSPECIFIED.,.F.,.F.,(4,1,1,4),(0.E0,3.333333333333E-1,6.666666666667E-1,1.E0),
.UNSPECIFIED.);
#1913=B_SPLINE_CURVE_WITH_KNOTS('',3,(#1905,#1906,#1907,#1908,#1909,#1910,#1911,
#1912),.UNSPECIFIED.,.F.,.F.,(4,1,1,1,1,4),(0.E0,2.E-1,4.E-1,6.E-1,8.E-1,1.E0),
.UNSPECIFIED.);
#1921=CIRCLE('',#1920,3.E-1);
#1929=CIRCLE('',#1928,3.E0);
#1937=CIRCLE('',#1936,3.E0);
#1973=CIRCLE('',#1972,5.E-1);
#1981=CIRCLE('',#1980,3.E-1);
#1989=CIRCLE('',#1988,3.E-1);
#2032=CIRCLE('',#2031,5.E-1);
#2040=CIRCLE('',#2039,3.E-1);
#2048=CIRCLE('',#2047,3.E-1);
#2083=B_SPLINE_CURVE_WITH_KNOTS('',3,(#2073,#2074,#2075,#2076,#2077,#2078,#2079,
#2080,#2081,#2082),.UNSPECIFIED.,.F.,.F.,(4,1,1,1,1,1,1,4),(0.E0,
1.428571428571E-1,2.857142857143E-1,4.285714285714E-1,5.714285714286E-1,
7.142857142857E-1,8.571428571429E-1,1.E0),.UNSPECIFIED.);
#2091=CIRCLE('',#2090,3.E-1);
#2099=CIRCLE('',#2098,3.15E0);
#2107=CIRCLE('',#2106,3.E-1);
#2129=CIRCLE('',#2128,5.E-1);
#2137=CIRCLE('',#2136,3.E-1);
#2145=CIRCLE('',#2144,3.E-1);
#2167=CIRCLE('',#2166,2.E-1);
#2182=CIRCLE('',#2181,2.E-1);
#2197=CIRCLE('',#2196,2.E-1);
#2212=CIRCLE('',#2211,2.E-1);
#2227=CIRCLE('',#2226,5.E-1);
#2235=CIRCLE('',#2234,3.E-1);
#2243=CIRCLE('',#2242,3.E-1);
#2279=CIRCLE('',#2278,5.E-1);
#2287=CIRCLE('',#2286,3.E-1);
#2295=CIRCLE('',#2294,3.E-1);
#2324=CIRCLE('',#2323,5.E-1);
#2332=CIRCLE('',#2331,3.E-1);
#2340=CIRCLE('',#2339,3.E-1);
#2355=CIRCLE('',#2354,3.15E0);
#2377=CIRCLE('',#2376,1.5E0);
#2385=CIRCLE('',#2384,1.5E0);
#2393=CIRCLE('',#2392,3.15E0);
#2401=CIRCLE('',#2400,3.15E0);
#2409=CIRCLE('',#2408,1.5E0);
#2417=CIRCLE('',#2416,1.5E0);
#2432=CIRCLE('',#2431,3.6E0);
#2447=CIRCLE('',#2446,5.E-1);
#2462=CIRCLE('',#2461,5.E-1);
#2570=B_SPLINE_CURVE_WITH_KNOTS('',3,(#2564,#2565,#2566,#2567,#2568,#2569),
.UNSPECIFIED.,.F.,.F.,(4,1,1,4),(0.E0,3.333333333333E-1,6.666666666667E-1,1.E0),
.UNSPECIFIED.);
#2578=CIRCLE('',#2577,4.35E0);
#2588=B_SPLINE_CURVE_WITH_KNOTS('',3,(#2582,#2583,#2584,#2585,#2586,#2587),
.UNSPECIFIED.,.F.,.F.,(4,1,1,4),(0.E0,3.333333333333E-1,6.666666666667E-1,1.E0),
.UNSPECIFIED.);
#2638=CIRCLE('',#2637,5.E-1);
#2653=CIRCLE('',#2652,5.E0);
#2661=CIRCLE('',#2660,3.E-1);
#2676=CIRCLE('',#2675,3.5E0);
#2712=CIRCLE('',#2711,3.E-1);
#2720=CIRCLE('',#2719,3.E-1);
#2737=B_SPLINE_CURVE_WITH_KNOTS('',3,(#2724,#2725,#2726,#2727,#2728,#2729,#2730,
#2731,#2732,#2733,#2734,#2735,#2736),.UNSPECIFIED.,.F.,.F.,(4,1,1,1,1,1,1,1,1,1,
4),(0.E0,1.250000046678E-1,2.500000039915E-1,3.750000033152E-1,
5.000000026389E-1,6.250000019625E-1,7.500000012862E-1,8.125000009481E-1,
8.750000006099E-1,9.375000002718E-1,1.E0),.UNSPECIFIED.);
#2745=CIRCLE('',#2744,5.E0);
#2753=CIRCLE('',#2752,5.E-1);
#2780=B_SPLINE_CURVE_WITH_KNOTS('',3,(#2764,#2765,#2766,#2767,#2768,#2769,#2770,
#2771,#2772,#2773,#2774,#2775,#2776,#2777,#2778,#2779),.UNSPECIFIED.,.F.,.F.,(4,
1,1,1,1,1,1,1,1,1,1,1,1,4),(0.E0,7.692307692308E-2,1.538461538462E-1,
2.307692307692E-1,3.076923076923E-1,3.846153846154E-1,4.615384615385E-1,
5.384615384615E-1,6.153846153846E-1,6.923076923077E-1,7.692307692308E-1,
8.461538461538E-1,9.230769230769E-1,1.E0),.UNSPECIFIED.);
#2791=B_SPLINE_CURVE_WITH_KNOTS('',3,(#2784,#2785,#2786,#2787,#2788,#2789,
#2790),.UNSPECIFIED.,.F.,.F.,(4,1,1,1,4),(0.E0,2.5E-1,5.E-1,7.5E-1,1.E0),
.UNSPECIFIED.);
#2811=B_SPLINE_CURVE_WITH_KNOTS('',3,(#2795,#2796,#2797,#2798,#2799,#2800,#2801,
#2802,#2803,#2804,#2805,#2806,#2807,#2808,#2809,#2810),.UNSPECIFIED.,.F.,.F.,(4,
1,1,1,1,1,1,1,1,1,1,1,1,4),(0.E0,7.692307692308E-2,1.538461538462E-1,
2.307692307692E-1,3.076923076923E-1,3.846153846154E-1,4.615384615385E-1,
5.384615384615E-1,6.153846153846E-1,6.923076923077E-1,7.692307692308E-1,
8.461538461538E-1,9.230769230769E-1,1.E0),.UNSPECIFIED.);
#2861=CIRCLE('',#2860,5.E-1);
#2869=CIRCLE('',#2868,1.E1);
#2919=CIRCLE('',#2918,9.5E0);
#2934=CIRCLE('',#2933,8.5E0);
#2975=B_SPLINE_CURVE_WITH_KNOTS('',3,(#2959,#2960,#2961,#2962,#2963,#2964,#2965,
#2966,#2967,#2968,#2969,#2970,#2971,#2972,#2973,#2974),.UNSPECIFIED.,.F.,.F.,(4,
1,1,1,1,1,1,1,1,1,1,1,1,4),(0.E0,7.692307692308E-2,1.538461538462E-1,
2.307692307692E-1,3.076923076923E-1,3.846153846154E-1,4.615384615385E-1,
5.384615384615E-1,6.153846153846E-1,6.923076923077E-1,7.692307692308E-1,
8.461538461538E-1,9.230769230769E-1,1.E0),.UNSPECIFIED.);
#3004=CIRCLE('',#3003,5.E-1);
#3096=CIRCLE('',#3095,3.2E0);
#3104=CIRCLE('',#3103,3.2E0);
#3126=CIRCLE('',#3125,5.E-1);
#3134=CIRCLE('',#3133,5.E-1);
#3196=B_SPLINE_CURVE_WITH_KNOTS('',3,(#3180,#3181,#3182,#3183,#3184,#3185,#3186,
#3187,#3188,#3189,#3190,#3191,#3192,#3193,#3194,#3195),.UNSPECIFIED.,.F.,.F.,(4,
1,1,1,1,1,1,1,1,1,1,1,1,4),(0.E0,7.692307692308E-2,1.538461538462E-1,
2.307692307692E-1,3.076923076923E-1,3.846153846154E-1,4.615384615385E-1,
5.384615384615E-1,6.153846153846E-1,6.923076923077E-1,7.692307692308E-1,
8.461538461538E-1,9.230769230769E-1,1.E0),.UNSPECIFIED.);
#3204=CIRCLE('',#3203,1.E1);
#3212=CIRCLE('',#3211,5.E-1);
#3220=CIRCLE('',#3219,5.E-1);
#3268=B_SPLINE_CURVE_WITH_KNOTS('',3,(#3252,#3253,#3254,#3255,#3256,#3257,#3258,
#3259,#3260,#3261,#3262,#3263,#3264,#3265,#3266,#3267),.UNSPECIFIED.,.F.,.F.,(4,
1,1,1,1,1,1,1,1,1,1,1,1,4),(0.E0,7.692307692308E-2,1.538461538462E-1,
2.307692307692E-1,3.076923076923E-1,3.846153846154E-1,4.615384615385E-1,
5.384615384615E-1,6.153846153846E-1,6.923076923077E-1,7.692307692308E-1,
8.461538461538E-1,9.230769230769E-1,1.E0),.UNSPECIFIED.);
#3276=CIRCLE('',#3275,5.E-1);
#3284=CIRCLE('',#3283,1.E1);
#3294=B_SPLINE_CURVE_WITH_KNOTS('',3,(#3288,#3289,#3290,#3291,#3292,#3293),
.UNSPECIFIED.,.F.,.F.,(4,1,1,4),(0.E0,3.333333333333E-1,6.666666666667E-1,1.E0),
.UNSPECIFIED.);
#3302=CIRCLE('',#3301,5.E-1);
#3310=CIRCLE('',#3309,5.E-1);
#3318=CIRCLE('',#3317,5.E-1);
#3340=CIRCLE('',#3339,4.E0);
#3348=CIRCLE('',#3347,4.E0);
#3377=CIRCLE('',#3376,5.E-1);
#3399=CIRCLE('',#3398,5.E-1);
#3414=CIRCLE('',#3413,3.5E0);
#3422=CIRCLE('',#3421,5.E-1);
#3430=CIRCLE('',#3429,5.E-1);
#3438=CIRCLE('',#3437,3.5E0);
#3460=CIRCLE('',#3459,1.5E0);
#3468=CIRCLE('',#3467,1.5E0);
#3476=CIRCLE('',#3475,3.5E0);
#3484=CIRCLE('',#3483,3.5E0);
#3492=CIRCLE('',#3491,1.5E0);
#3500=CIRCLE('',#3499,1.5E0);
#3508=CIRCLE('',#3507,2.55E0);
#3516=CIRCLE('',#3515,2.55E0);
#3538=CIRCLE('',#3537,2.55E0);
#3546=CIRCLE('',#3545,3.05E0);
#3554=CIRCLE('',#3553,3.05E0);
#3562=CIRCLE('',#3561,3.9E0);
#3570=CIRCLE('',#3569,3.9E0);
#3592=CIRCLE('',#3591,2.55E0);
#3628=CIRCLE('',#3627,3.9E0);
#3636=CIRCLE('',#3635,3.9E0);
#3644=CIRCLE('',#3643,4.7E0);
#3652=CIRCLE('',#3651,4.7E0);
#3685=B_SPLINE_CURVE_WITH_KNOTS('',3,(#3677,#3678,#3679,#3680,#3681,#3682,#3683,
#3684),.UNSPECIFIED.,.F.,.F.,(4,1,1,1,1,4),(0.E0,1.25E-1,2.5E-1,5.E-1,7.5E-1,
1.E0),.UNSPECIFIED.);
#3711=B_SPLINE_CURVE_WITH_KNOTS('',3,(#3703,#3704,#3705,#3706,#3707,#3708,#3709,
#3710),.UNSPECIFIED.,.F.,.F.,(4,1,1,1,1,4),(0.E0,2.5E-1,5.E-1,7.5E-1,8.75E-1,
1.E0),.UNSPECIFIED.);
#3731=B_SPLINE_CURVE_WITH_KNOTS('',3,(#3715,#3716,#3717,#3718,#3719,#3720,#3721,
#3722,#3723,#3724,#3725,#3726,#3727,#3728,#3729,#3730),.UNSPECIFIED.,.F.,.F.,(4,
1,1,1,1,1,1,1,1,1,1,1,1,4),(0.E0,7.692307692308E-2,1.538461538462E-1,
2.307692307692E-1,3.076923076923E-1,3.846153846154E-1,4.615384615385E-1,
5.384615384615E-1,6.153846153846E-1,6.923076923077E-1,7.692307692308E-1,
8.461538461538E-1,9.230769230769E-1,1.E0),.UNSPECIFIED.);
#3739=CIRCLE('',#3738,1.786834326004E1);
#3747=CIRCLE('',#3746,5.E-1);
#3755=CIRCLE('',#3754,5.E-1);
#3775=B_SPLINE_CURVE_WITH_KNOTS('',3,(#3759,#3760,#3761,#3762,#3763,#3764,#3765,
#3766,#3767,#3768,#3769,#3770,#3771,#3772,#3773,#3774),.UNSPECIFIED.,.F.,.F.,(4,
1,1,1,1,1,1,1,1,1,1,1,1,4),(0.E0,7.692307692308E-2,1.538461538462E-1,
2.307692307692E-1,3.076923076923E-1,3.846153846154E-1,4.615384615385E-1,
5.384615384615E-1,6.153846153846E-1,6.923076923077E-1,7.692307692308E-1,
8.461538461538E-1,9.230769230769E-1,1.E0),.UNSPECIFIED.);
#3797=CIRCLE('',#3796,5.E-1);
#3805=CIRCLE('',#3804,5.E-1);
#3813=CIRCLE('',#3812,5.E-1);
#3821=CIRCLE('',#3820,5.E-1);
#3829=CIRCLE('',#3828,1.E1);
#3851=CIRCLE('',#3850,5.E-1);
#3859=CIRCLE('',#3858,5.E-1);
#3867=CIRCLE('',#3866,5.E-1);
#3894=B_SPLINE_CURVE_WITH_KNOTS('',3,(#3878,#3879,#3880,#3881,#3882,#3883,#3884,
#3885,#3886,#3887,#3888,#3889,#3890,#3891,#3892,#3893),.UNSPECIFIED.,.F.,.F.,(4,
1,1,1,1,1,1,1,1,1,1,1,1,4),(0.E0,7.692307692308E-2,1.538461538462E-1,
2.307692307692E-1,3.076923076923E-1,3.846153846154E-1,4.615384615385E-1,
5.384615384615E-1,6.153846153846E-1,6.923076923077E-1,7.692307692308E-1,
8.461538461538E-1,9.230769230769E-1,1.E0),.UNSPECIFIED.);
#3909=CIRCLE('',#3908,5.3E0);
#3964=B_SPLINE_CURVE_WITH_KNOTS('',3,(#3948,#3949,#3950,#3951,#3952,#3953,#3954,
#3955,#3956,#3957,#3958,#3959,#3960,#3961,#3962,#3963),.UNSPECIFIED.,.F.,.F.,(4,
1,1,1,1,1,1,1,1,1,1,1,1,4),(0.E0,7.692307692308E-2,1.538461538462E-1,
2.307692307692E-1,3.076923076923E-1,3.846153846154E-1,4.615384615385E-1,
5.384615384615E-1,6.153846153846E-1,6.923076923077E-1,7.692307692308E-1,
8.461538461538E-1,9.230769230769E-1,1.E0),.UNSPECIFIED.);
#3991=B_SPLINE_CURVE_WITH_KNOTS('',3,(#3975,#3976,#3977,#3978,#3979,#3980,#3981,
#3982,#3983,#3984,#3985,#3986,#3987,#3988,#3989,#3990),.UNSPECIFIED.,.F.,.F.,(4,
1,1,1,1,1,1,1,1,1,1,1,1,4),(0.E0,7.692307692308E-2,1.538461538462E-1,
2.307692307692E-1,3.076923076923E-1,3.846153846154E-1,4.615384615385E-1,
5.384615384615E-1,6.153846153846E-1,6.923076923077E-1,7.692307692308E-1,
8.461538461538E-1,9.230769230769E-1,1.E0),.UNSPECIFIED.);
#4013=CIRCLE('',#4012,5.E-1);
#4049=CIRCLE('',#4048,3.5E0);
#4064=CIRCLE('',#4063,3.E-1);
#4072=CIRCLE('',#4071,5.E0);
#4080=CIRCLE('',#4079,3.E-1);
#4102=CIRCLE('',#4101,3.E-1);
#4152=CIRCLE('',#4151,5.E-1);
#4160=CIRCLE('',#4159,5.E-1);
#4196=CIRCLE('',#4195,5.E-1);
#4204=CIRCLE('',#4203,5.E-1);
#4212=CIRCLE('',#4211,5.E-1);
#4220=CIRCLE('',#4219,1.586834326004E1);
#4228=CIRCLE('',#4227,5.E-1);
#4236=CIRCLE('',#4235,5.E-1);
#4244=CIRCLE('',#4243,5.E-1);
#4252=CIRCLE('',#4251,5.E-1);
#4260=CIRCLE('',#4259,5.E-1);
#4289=CIRCLE('',#4288,5.E-1);
#4297=CIRCLE('',#4296,8.5E0);
#4305=CIRCLE('',#4304,5.E-1);
#4334=CIRCLE('',#4333,5.E-1);
#4414=B_SPLINE_CURVE_WITH_KNOTS('',3,(#4401,#4402,#4403,#4404,#4405,#4406,#4407,
#4408,#4409,#4410,#4411,#4412,#4413),.UNSPECIFIED.,.F.,.F.,(4,1,1,1,1,1,1,1,1,1,
4),(0.E0,6.249999972822E-2,1.249999993901E-1,1.874999990519E-1,
2.499999987138E-1,3.749999980375E-1,4.999999973611E-1,6.249999966848E-1,
7.499999960085E-1,8.749999953322E-1,1.E0),.UNSPECIFIED.);
#4440=B_SPLINE_CURVE_WITH_KNOTS('',3,(#4432,#4433,#4434,#4435,#4436,#4437,#4438,
#4439),.UNSPECIFIED.,.F.,.F.,(4,1,1,1,1,4),(0.E0,2.5E-1,5.E-1,7.5E-1,8.75E-1,
1.E0),.UNSPECIFIED.);
#4469=CIRCLE('',#4468,5.E-1);
#4477=CIRCLE('',#4476,1.E1);
#4485=CIRCLE('',#4484,5.E-1);
#4493=CIRCLE('',#4492,3.E-1);
#4557=CIRCLE('',#4556,5.E-1);
#4565=CIRCLE('',#4564,5.E-1);
#4573=CIRCLE('',#4572,5.E-1);
#4581=CIRCLE('',#4580,5.E-1);
#4624=CIRCLE('',#4623,5.E-1);
#4632=CIRCLE('',#4631,5.E-1);
#4640=CIRCLE('',#4639,5.E-1);
#4648=CIRCLE('',#4647,5.E-1);
#4735=B_SPLINE_CURVE_WITH_KNOTS('',3,(#4694,#4695,#4696,#4697,#4698,#4699,#4700,
#4701,#4702,#4703,#4704,#4705,#4706,#4707,#4708,#4709,#4710,#4711,#4712,#4713,
#4714,#4715,#4716,#4717,#4718,#4719,#4720,#4721,#4722,#4723,#4724,#4725,#4726,
#4727,#4728,#4729,#4730,#4731,#4732,#4733,#4734),.UNSPECIFIED.,.F.,.F.,(4,1,1,1,
1,1,1,1,1,1,1,1,1,1,1,1,1,1,1,1,1,1,1,1,1,1,1,1,1,1,1,1,1,1,1,1,1,1,4),(0.E0,
1.250000014387E-1,1.875000021581E-1,2.500000028775E-1,3.125000035968E-1,
3.437500039565E-1,3.750000043162E-1,4.062500046759E-1,4.375000050356E-1,
4.687500053952E-1,5.000000057549E-1,5.312500061146E-1,5.625000064743E-1,
5.937500068340E-1,6.250000071937E-1,6.562500075533E-1,6.875000079130E-1,
7.187500082727E-1,7.343750084525E-1,7.500000086324E-1,7.578125087223E-1,
7.656250088122E-1,7.734375089022E-1,7.812500089921E-1,7.968750091719E-1,
8.046875092618E-1,8.085937593068E-1,8.125000093518E-1,8.203125094417E-1,
8.281250095316E-1,8.437500097114E-1,8.593750098913E-1,8.750000100711E-1,
8.906250102510E-1,9.062500104308E-1,9.218750106106E-1,9.375000107905E-1,
9.687500111502E-1,1.E0),.UNSPECIFIED.);
#4750=CIRCLE('',#4749,5.E-1);
#4758=CIRCLE('',#4757,5.E-1);
#4766=CIRCLE('',#4765,5.E-1);
#4774=CIRCLE('',#4773,5.E-1);
#4782=CIRCLE('',#4781,5.E-1);
#4825=CIRCLE('',#4824,5.E-1);
#4833=CIRCLE('',#4832,5.E-1);
#4841=CIRCLE('',#4840,5.E-1);
#4849=CIRCLE('',#4848,5.E-1);
#4857=CIRCLE('',#4856,5.E-1);
#4865=CIRCLE('',#4864,5.E-1);
#4873=CIRCLE('',#4872,5.E-1);
#4923=CIRCLE('',#4922,5.E-1);
#4938=CIRCLE('',#4937,5.E-1);
#4946=CIRCLE('',#4945,5.E-1);
#4968=CIRCLE('',#4967,5.E-1);
#4976=CIRCLE('',#4975,5.E-1);
#4984=CIRCLE('',#4983,5.E-1);
#5006=CIRCLE('',#5005,5.E-1);
#5014=CIRCLE('',#5013,5.E-1);
#5022=CIRCLE('',#5021,5.E-1);
#5030=CIRCLE('',#5029,5.E-1);
#5045=CIRCLE('',#5044,5.E-1);
#5053=CIRCLE('',#5052,5.E-1);
#5061=CIRCLE('',#5060,5.E-1);
#5069=CIRCLE('',#5068,5.E-1);
#5077=CIRCLE('',#5076,5.E-1);
#5099=CIRCLE('',#5098,5.E-1);
#5107=CIRCLE('',#5106,5.E-1);
#5115=CIRCLE('',#5114,5.E-1);
#5137=CIRCLE('',#5136,2.E-1);
#5145=CIRCLE('',#5144,2.E-1);
#5153=CIRCLE('',#5152,5.E-1);
#5168=CIRCLE('',#5167,5.E-1);
#5213=B_SPLINE_CURVE_WITH_KNOTS('',3,(#5200,#5201,#5202,#5203,#5204,#5205,#5206,
#5207,#5208,#5209,#5210,#5211,#5212),.UNSPECIFIED.,.F.,.F.,(4,1,1,1,1,1,1,1,1,1,
4),(0.E0,1.E-1,2.E-1,3.E-1,4.E-1,5.E-1,6.E-1,7.E-1,8.E-1,9.E-1,1.E0),
.UNSPECIFIED.);
#5221=CIRCLE('',#5220,5.E-1);
#5229=CIRCLE('',#5228,3.E-1);
#5237=CIRCLE('',#5236,3.E-1);
#5259=CIRCLE('',#5258,5.E-1);
#5267=CIRCLE('',#5266,3.E-1);
#5275=CIRCLE('',#5274,3.E-1);
#5304=CIRCLE('',#5303,5.E-1);
#5312=CIRCLE('',#5311,2.E-1);
#5320=CIRCLE('',#5319,2.E-1);
#5349=CIRCLE('',#5348,3.E-1);
#5371=CIRCLE('',#5370,3.E-1);
#5393=CIRCLE('',#5392,5.E-1);
#5401=CIRCLE('',#5400,3.E-1);
#5409=CIRCLE('',#5408,3.E-1);
#5445=CIRCLE('',#5444,5.E-1);
#5453=CIRCLE('',#5452,3.E-1);
#5461=CIRCLE('',#5460,3.E-1);
#5497=CIRCLE('',#5496,3.E-1);
#5536=B_SPLINE_CURVE_WITH_KNOTS('',3,(#5529,#5530,#5531,#5532,#5533,#5534,
#5535),.UNSPECIFIED.,.F.,.F.,(4,1,1,1,4),(0.E0,3.890374475323E-2,
3.592691631687E-1,6.796345815843E-1,1.E0),.UNSPECIFIED.);
#5548=B_SPLINE_CURVE_WITH_KNOTS('',3,(#5540,#5541,#5542,#5543,#5544,#5545,#5546,
#5547),.UNSPECIFIED.,.F.,.F.,(4,1,1,1,1,4),(0.E0,2.E-1,4.E-1,6.E-1,8.E-1,1.E0),
.UNSPECIFIED.);
#5569=B_SPLINE_CURVE_WITH_KNOTS('',3,(#5552,#5553,#5554,#5555,#5556,#5557,#5558,
#5559,#5560,#5561,#5562,#5563,#5564,#5565,#5566,#5567,#5568),.UNSPECIFIED.,.F.,
.F.,(4,1,1,1,1,1,1,1,1,1,1,1,1,1,4),(0.E0,7.142857142857E-2,1.428571428571E-1,
2.142857142857E-1,2.857142857143E-1,3.571428571429E-1,4.285714285714E-1,5.E-1,
5.714285714286E-1,6.428571428571E-1,7.142857142857E-1,7.857142857143E-1,
8.571428571429E-1,9.285714285714E-1,1.E0),.UNSPECIFIED.);
#5577=CIRCLE('',#5576,5.E-1);
#5589=B_SPLINE_CURVE_WITH_KNOTS('',3,(#5581,#5582,#5583,#5584,#5585,#5586,#5587,
#5588),.UNSPECIFIED.,.F.,.F.,(4,1,1,1,1,4),(0.E0,2.E-1,4.E-1,6.E-1,8.E-1,1.E0),
.UNSPECIFIED.);
#5610=B_SPLINE_CURVE_WITH_KNOTS('',3,(#5600,#5601,#5602,#5603,#5604,#5605,#5606,
#5607,#5608,#5609),.UNSPECIFIED.,.F.,.F.,(4,1,1,1,1,1,1,4),(0.E0,6.25E-2,
1.25E-1,2.5E-1,3.75E-1,5.E-1,7.5E-1,1.E0),.UNSPECIFIED.);
#5631=B_SPLINE_CURVE_WITH_KNOTS('',3,(#5621,#5622,#5623,#5624,#5625,#5626,#5627,
#5628,#5629,#5630),.UNSPECIFIED.,.F.,.F.,(4,1,1,1,1,1,1,4),(0.E0,
1.428571428571E-1,2.857142857143E-1,4.285714285714E-1,5.714285714286E-1,
7.142857142857E-1,8.571428571429E-1,1.E0),.UNSPECIFIED.);
#5646=CIRCLE('',#5645,5.E-1);
#5668=CIRCLE('',#5667,5.E-1);
#5711=CIRCLE('',#5710,5.E-1);
#5719=CIRCLE('',#5718,5.E-1);
#5727=CIRCLE('',#5726,5.E-1);
#5735=CIRCLE('',#5734,5.E-1);
#5743=CIRCLE('',#5742,5.E-1);
#5751=CIRCLE('',#5750,5.E-1);
#5759=CIRCLE('',#5758,5.E-1);
#5767=CIRCLE('',#5766,5.E-1);
#5789=CIRCLE('',#5788,5.E-1);
#5797=CIRCLE('',#5796,5.E-1);
#5805=CIRCLE('',#5804,5.E-1);
#5813=CIRCLE('',#5812,5.E-1);
#5821=CIRCLE('',#5820,5.E-1);
#5829=CIRCLE('',#5828,5.E-1);
#5837=CIRCLE('',#5836,5.E-1);
#5873=CIRCLE('',#5872,5.E-1);
#5881=CIRCLE('',#5880,5.E-1);
#5889=CIRCLE('',#5888,5.E-1);
#5897=CIRCLE('',#5896,5.E-1);
#5931=B_SPLINE_CURVE_WITH_KNOTS('',3,(#5915,#5916,#5917,#5918,#5919,#5920,#5921,
#5922,#5923,#5924,#5925,#5926,#5927,#5928,#5929,#5930),.UNSPECIFIED.,.F.,.F.,(4,
1,1,1,1,1,1,1,1,1,1,1,1,4),(0.E0,7.692307692308E-2,1.538461538462E-1,
2.307692307692E-1,3.076923076923E-1,3.846153846154E-1,4.615384615385E-1,
5.384615384615E-1,6.153846153846E-1,6.923076923077E-1,7.692307692308E-1,
8.461538461538E-1,9.230769230769E-1,1.E0),.UNSPECIFIED.);
#6009=CIRCLE('',#6008,5.E-1);
#6024=CIRCLE('',#6023,5.E-1);
#6079=B_SPLINE_CURVE_WITH_KNOTS('',3,(#6063,#6064,#6065,#6066,#6067,#6068,#6069,
#6070,#6071,#6072,#6073,#6074,#6075,#6076,#6077,#6078),.UNSPECIFIED.,.F.,.F.,(4,
1,1,1,1,1,1,1,1,1,1,1,1,4),(0.E0,3.125E-2,6.25E-2,1.25E-1,1.875E-1,2.5E-1,
3.75E-1,5.E-1,6.25E-1,7.5E-1,8.125E-1,8.75E-1,9.375E-1,1.E0),.UNSPECIFIED.);
#6108=CIRCLE('',#6107,5.E-1);
#6179=CIRCLE('',#6178,2.975E0);
#6187=CIRCLE('',#6186,2.975E0);
#6202=CIRCLE('',#6201,1.2375E0);
#6210=CIRCLE('',#6209,1.2375E0);
#6218=CIRCLE('',#6217,2.475E0);
#6226=CIRCLE('',#6225,2.475E0);
#6234=CIRCLE('',#6233,2.475E0);
#6256=CIRCLE('',#6255,1.2375E0);
#6264=CIRCLE('',#6263,1.2375E0);
#6272=CIRCLE('',#6271,2.975E0);
#6280=CIRCLE('',#6279,2.975E0);
#6330=CIRCLE('',#6329,5.E-1);
#6338=CIRCLE('',#6337,5.65E1);
#6346=CIRCLE('',#6345,2.975E0);
#6354=CIRCLE('',#6353,5.53E1);
#6362=CIRCLE('',#6361,5.E-1);
#6389=B_SPLINE_CURVE_WITH_KNOTS('',3,(#6373,#6374,#6375,#6376,#6377,#6378,#6379,
#6380,#6381,#6382,#6383,#6384,#6385,#6386,#6387,#6388),.UNSPECIFIED.,.F.,.F.,(4,
1,1,1,1,1,1,1,1,1,1,1,1,4),(0.E0,7.692307692308E-2,1.538461538462E-1,
2.307692307692E-1,3.076923076923E-1,3.846153846154E-1,4.615384615385E-1,
5.384615384615E-1,6.153846153846E-1,6.923076923077E-1,7.692307692308E-1,
8.461538461538E-1,9.230769230769E-1,1.E0),.UNSPECIFIED.);
#7355=EDGE_CURVE('',#6402,#6403,#134,.T.);
#7357=EDGE_CURVE('',#6455,#6403,#5504,.T.);
#7359=EDGE_CURVE('',#6455,#6509,#5289,.T.);
#7361=EDGE_CURVE('',#6509,#6513,#5251,.T.);
#7363=EDGE_CURVE('',#6405,#6513,#5182,.T.);
#7365=EDGE_CURVE('',#6405,#6402,#5196,.T.);
#7369=ADVANCED_FACE('',(#7368),#7354,.T.);
#7375=EDGE_CURVE('',#6449,#6446,#159,.T.);
#7377=EDGE_CURVE('',#6449,#6453,#5610,.T.);
#7379=EDGE_CURVE('',#6403,#6453,#5511,.T.);
#7382=EDGE_CURVE('',#6446,#6402,#222,.T.);
#7386=ADVANCED_FACE('',(#7385),#7374,.T.);
#7392=EDGE_CURVE('',#6447,#6441,#167,.T.);
#7394=EDGE_CURVE('',#6443,#6441,#142,.T.);
#7396=EDGE_CURVE('',#6449,#6443,#152,.T.);
#7399=EDGE_CURVE('',#6446,#6447,#207,.T.);
#7403=ADVANCED_FACE('',(#7402),#7391,.T.);
#7410=EDGE_CURVE('',#7338,#6447,#175,.T.);
#7412=EDGE_CURVE('',#7338,#6451,#183,.T.);
#7414=EDGE_CURVE('',#6410,#6451,#191,.T.);
#7416=EDGE_CURVE('',#6410,#6441,#199,.T.);
#7420=ADVANCED_FACE('',(#7419),#7408,.T.);
#7429=EDGE_CURVE('',#6451,#6446,#215,.T.);
#7433=ADVANCED_FACE('',(#7432),#7425,.T.);
#7439=EDGE_CURVE('',#6410,#6406,#262,.T.);
#7444=EDGE_CURVE('',#6406,#6402,#255,.T.);
#7448=ADVANCED_FACE('',(#7447),#7438,.T.);
#7454=EDGE_CURVE('',#6412,#6414,#284,.T.);
#7456=EDGE_CURVE('',#6412,#6410,#5781,.T.);
#7459=EDGE_CURVE('',#6408,#6406,#5189,.T.);
#7461=EDGE_CURVE('',#6408,#6526,#5160,.T.);
#7463=EDGE_CURVE('',#6530,#6526,#5122,.T.);
#7465=EDGE_CURVE('',#6540,#6530,#5084,.T.);
#7467=EDGE_CURVE('',#6540,#6418,#269,.T.);
#7469=EDGE_CURVE('',#6418,#6416,#277,.T.);
#7471=EDGE_CURVE('',#6414,#6416,#4991,.T.);
#7475=ADVANCED_FACE('',(#7474),#7453,.T.);
#7482=EDGE_CURVE('',#6414,#6433,#307,.T.);
#7484=EDGE_CURVE('',#6435,#6433,#291,.T.);
#7486=EDGE_CURVE('',#6437,#6435,#5821,.T.);
#7488=EDGE_CURVE('',#6412,#6437,#5797,.T.);
#7492=ADVANCED_FACE('',(#7491),#7480,.T.);
#7498=EDGE_CURVE('',#6431,#6433,#299,.T.);
#7501=EDGE_CURVE('',#6414,#6422,#315,.T.);
#7503=EDGE_CURVE('',#7340,#6422,#5006,.T.);
#7505=EDGE_CURVE('',#7340,#6431,#5030,.T.);
#7509=ADVANCED_FACE('',(#7508),#7497,.T.);
#7515=EDGE_CURVE('',#6424,#6426,#322,.T.);
#7517=EDGE_CURVE('',#6426,#6429,#6389,.T.);
#7519=EDGE_CURVE('',#6433,#6429,#329,.T.);
#7522=EDGE_CURVE('',#6424,#6431,#5022,.T.);
#7526=ADVANCED_FACE('',(#7525),#7514,.T.);
#7532=EDGE_CURVE('',#6564,#6428,#369,.T.);
#7534=EDGE_CURVE('',#6426,#6428,#6396,.T.);
#7537=EDGE_CURVE('',#6424,#6420,#4998,.T.);
#7539=EDGE_CURVE('',#6562,#6420,#4960,.T.);
#7541=EDGE_CURVE('',#6562,#6636,#336,.T.);
#7543=EDGE_CURVE('',#6636,#6628,#343,.T.);
#7545=EDGE_CURVE('',#6628,#6630,#3384,.T.);
#7547=EDGE_CURVE('',#6634,#6630,#5945,.T.);
#7549=EDGE_CURVE('',#6634,#6641,#1191,.T.);
#7551=EDGE_CURVE('',#6654,#6641,#355,.T.);
#7553=EDGE_CURVE('',#6654,#6566,#1156,.T.);
#7555=EDGE_CURVE('',#6566,#6564,#362,.T.);
#7559=ADVANCED_FACE('',(#7558),#7531,.T.);
#7565=EDGE_CURVE('',#6570,#6428,#384,.T.);
#7568=EDGE_CURVE('',#6568,#6564,#1149,.T.);
#7570=EDGE_CURVE('',#6568,#6572,#376,.T.);
#7572=EDGE_CURVE('',#6572,#6570,#416,.T.);
#7576=ADVANCED_FACE('',(#7575),#7564,.T.);
#7583=EDGE_CURVE('',#7328,#6570,#392,.T.);
#7585=EDGE_CURVE('',#7328,#6578,#400,.T.);
#7587=EDGE_CURVE('',#6428,#6578,#408,.T.);
#7591=ADVANCED_FACE('',(#7590),#7581,.T.);
#7600=EDGE_CURVE('',#6576,#6572,#424,.T.);
#7602=EDGE_CURVE('',#6578,#6576,#432,.T.);
#7606=ADVANCED_FACE('',(#7605),#7596,.T.);
#7612=EDGE_CURVE('',#6576,#6600,#439,.T.);
#7615=EDGE_CURVE('',#6572,#6574,#446,.T.);
#7617=EDGE_CURVE('',#6600,#6574,#466,.T.);
#7621=ADVANCED_FACE('',(#7620),#7611,.T.);
#7627=EDGE_CURVE('',#6589,#6590,#575,.T.);
#7629=EDGE_CURVE('',#6588,#6589,#592,.T.);
#7631=EDGE_CURVE('',#6588,#6586,#599,.T.);
#7633=EDGE_CURVE('',#6586,#6582,#606,.T.);
#7635=EDGE_CURVE('',#6580,#6582,#614,.T.);
#7637=EDGE_CURVE('',#6580,#6429,#621,.T.);
#7639=EDGE_CURVE('',#6429,#6576,#6369,.T.);
#7642=EDGE_CURVE('',#6598,#6600,#629,.T.);
#7644=EDGE_CURVE('',#6596,#6598,#3874,.T.);
#7646=EDGE_CURVE('',#6594,#6596,#3843,.T.);
#7648=EDGE_CURVE('',#6594,#6592,#637,.T.);
#7650=EDGE_CURVE('',#6592,#6590,#3782,.T.);
#7654=EDGE_CURVE('',#7248,#7270,#490,.T.);
#7656=EDGE_CURVE('',#7266,#7270,#498,.T.);
#7658=EDGE_CURVE('',#7268,#7266,#506,.T.);
#7660=EDGE_CURVE('',#7254,#7268,#6301,.T.);
#7662=EDGE_CURVE('',#7251,#7254,#514,.T.);
#7664=EDGE_CURVE('',#7251,#7252,#522,.T.);
#7666=EDGE_CURVE('',#7252,#7247,#530,.T.);
#7668=EDGE_CURVE('',#7247,#7248,#538,.T.);
#7672=EDGE_CURVE('',#7240,#7242,#474,.T.);
#7674=EDGE_CURVE('',#7244,#7242,#755,.T.);
#7676=EDGE_CURVE('',#7244,#7238,#482,.T.);
#7678=EDGE_CURVE('',#7240,#7238,#679,.T.);
#7682=ADVANCED_FACE('',(#7653,#7671,#7681),#7626,.F.);
#7689=EDGE_CURVE('',#7240,#7235,#672,.T.);
#7691=EDGE_CURVE('',#7235,#7233,#645,.T.);
#7693=EDGE_CURVE('',#7242,#7233,#775,.T.);
#7697=ADVANCED_FACE('',(#7696),#7687,.T.);
#7703=EDGE_CURVE('',#7235,#7237,#652,.T.);
#7707=EDGE_CURVE('',#7237,#7238,#699,.T.);
#7711=ADVANCED_FACE('',(#7710),#7702,.T.);
#7718=EDGE_CURVE('',#7224,#7237,#713,.T.);
#7720=EDGE_CURVE('',#7224,#7225,#812,.T.);
#7722=EDGE_CURVE('',#7225,#7235,#782,.T.);
#7726=ADVANCED_FACE('',(#7725),#7716,.T.);
#7732=EDGE_CURVE('',#7231,#7237,#721,.T.);
#7734=EDGE_CURVE('',#7229,#7231,#706,.T.);
#7736=EDGE_CURVE('',#7229,#7224,#820,.T.);
#7741=ADVANCED_FACE('',(#7740),#7731,.F.);
#7750=EDGE_CURVE('',#7244,#7231,#748,.T.);
#7754=ADVANCED_FACE('',(#7753),#7746,.T.);
#7760=EDGE_CURVE('',#7231,#7233,#728,.T.);
#7767=ADVANCED_FACE('',(#7766),#7759,.T.);
#7774=EDGE_CURVE('',#7227,#7233,#789,.T.);
#7776=EDGE_CURVE('',#7227,#7229,#827,.T.);
#7781=ADVANCED_FACE('',(#7780),#7772,.T.);
#7789=EDGE_CURVE('',#7225,#7227,#835,.T.);
#7794=ADVANCED_FACE('',(#7793),#7786,.F.);
#7806=EDGE_CURVE('',#7220,#7221,#797,.T.);
#7808=EDGE_CURVE('',#7221,#7220,#805,.T.);
#7812=ADVANCED_FACE('',(#7805,#7811),#7799,.T.);
#7818=EDGE_CURVE('',#7216,#7217,#843,.T.);
#7820=EDGE_CURVE('',#7217,#7221,#881,.T.);
#7823=EDGE_CURVE('',#7216,#7220,#874,.T.);
#7827=ADVANCED_FACE('',(#7826),#7817,.F.);
#7833=EDGE_CURVE('',#7205,#7203,#895,.T.);
#7835=EDGE_CURVE('',#7209,#7205,#859,.T.);
#7837=EDGE_CURVE('',#7207,#7209,#955,.T.);
#7839=EDGE_CURVE('',#7203,#7207,#867,.T.);
#7844=EDGE_CURVE('',#7217,#7216,#851,.T.);
#7848=ADVANCED_FACE('',(#7842,#7847),#7832,.F.);
#7860=ADVANCED_FACE('',(#7859),#7853,.F.);
#7866=EDGE_CURVE('',#7200,#7201,#888,.T.);
#7868=EDGE_CURVE('',#7205,#7201,#969,.T.);
#7871=EDGE_CURVE('',#7203,#7200,#934,.T.);
#7875=ADVANCED_FACE('',(#7874),#7865,.T.);
#7881=EDGE_CURVE('',#7197,#7193,#983,.T.);
#7883=EDGE_CURVE('',#7195,#7197,#919,.T.);
#7885=EDGE_CURVE('',#7191,#7195,#1050,.T.);
#7887=EDGE_CURVE('',#7193,#7191,#927,.T.);
#7892=EDGE_CURVE('',#7200,#7213,#903,.T.);
#7894=EDGE_CURVE('',#7211,#7213,#948,.T.);
#7896=EDGE_CURVE('',#7211,#7201,#911,.T.);
#7900=ADVANCED_FACE('',(#7890,#7899),#7880,.T.);
#7909=EDGE_CURVE('',#7207,#7213,#941,.T.);
#7913=ADVANCED_FACE('',(#7912),#7905,.F.);
#7922=EDGE_CURVE('',#7209,#7211,#962,.T.);
#7926=ADVANCED_FACE('',(#7925),#7918,.T.);
#7938=ADVANCED_FACE('',(#7937),#7931,.F.);
#7944=EDGE_CURVE('',#7184,#7185,#976,.T.);
#7946=EDGE_CURVE('',#7185,#7197,#1064,.T.);
#7949=EDGE_CURVE('',#7184,#7193,#1029,.T.);
#7953=ADVANCED_FACE('',(#7952),#7943,.T.);
#7959=EDGE_CURVE('',#6693,#6697,#1078,.T.);
#7961=EDGE_CURVE('',#6693,#6695,#1007,.T.);
#7963=EDGE_CURVE('',#6699,#6695,#1014,.T.);
#7965=EDGE_CURVE('',#6699,#6697,#1022,.T.);
#7970=EDGE_CURVE('',#7184,#7189,#991,.T.);
#7972=EDGE_CURVE('',#7187,#7189,#1043,.T.);
#7974=EDGE_CURVE('',#7187,#7185,#999,.T.);
#7978=ADVANCED_FACE('',(#7968,#7977),#7958,.F.);
#7987=EDGE_CURVE('',#7189,#7191,#1036,.T.);
#7991=ADVANCED_FACE('',(#7990),#7983,.T.);
#8000=EDGE_CURVE('',#7187,#7195,#1057,.T.);
#8004=ADVANCED_FACE('',(#8003),#7996,.T.);
#8016=ADVANCED_FACE('',(#8015),#8009,.T.);
#8022=EDGE_CURVE('',#6705,#6691,#1071,.T.);
#8024=EDGE_CURVE('',#6693,#6691,#3937,.T.);
#8027=EDGE_CURVE('',#6697,#6705,#4683,.T.);
#8031=ADVANCED_FACE('',(#8030),#8021,.F.);
#8038=EDGE_CURVE('',#6656,#6566,#1085,.T.);
#8040=EDGE_CURVE('',#6656,#6660,#1093,.T.);
#8042=EDGE_CURVE('',#6664,#6660,#1101,.T.);
#8044=EDGE_CURVE('',#6664,#6668,#4181,.T.);
#8046=EDGE_CURVE('',#6672,#6668,#1109,.T.);
#8048=EDGE_CURVE('',#6676,#6672,#1117,.T.);
#8050=EDGE_CURVE('',#6676,#6680,#4116,.T.);
#8052=EDGE_CURVE('',#6680,#6689,#3944,.T.);
#8054=EDGE_CURVE('',#6689,#6691,#1125,.T.);
#8057=EDGE_CURVE('',#6701,#6705,#1133,.T.);
#8059=EDGE_CURVE('',#6703,#6701,#4669,.T.);
#8061=EDGE_CURVE('',#6707,#6703,#1141,.T.);
#8063=EDGE_CURVE('',#6707,#6568,#4662,.T.);
#8068=ADVANCED_FACE('',(#8067),#8036,.T.);
#8075=EDGE_CURVE('',#6654,#6650,#1170,.T.);
#8077=EDGE_CURVE('',#6650,#6652,#1163,.T.);
#8079=EDGE_CURVE('',#6652,#6658,#4281,.T.);
#8081=EDGE_CURVE('',#6658,#6656,#4274,.T.);
#8086=ADVANCED_FACE('',(#8085),#8073,.F.);
#8092=EDGE_CURVE('',#6641,#6643,#1184,.T.);
#8094=EDGE_CURVE('',#6650,#6643,#1299,.T.);
#8100=ADVANCED_FACE('',(#8099),#8091,.T.);
#8106=EDGE_CURVE('',#6643,#6645,#1177,.T.);
#8110=EDGE_CURVE('',#6634,#6639,#5911,.T.);
#8112=EDGE_CURVE('',#6822,#6639,#1198,.T.);
#8114=EDGE_CURVE('',#6822,#6873,#1205,.T.);
#8116=EDGE_CURVE('',#6877,#6873,#1212,.T.);
#8118=EDGE_CURVE('',#6881,#6877,#1220,.T.);
#8120=EDGE_CURVE('',#6885,#6881,#1228,.T.);
#8122=EDGE_CURVE('',#7314,#6885,#1236,.T.);
#8124=EDGE_CURVE('',#6647,#7314,#1244,.T.);
#8126=EDGE_CURVE('',#6645,#6647,#1252,.T.);
#8130=EDGE_CURVE('',#6811,#6812,#1260,.T.);
#8132=EDGE_CURVE('',#6812,#6811,#1268,.T.);
#8136=ADVANCED_FACE('',(#8129,#8135),#8105,.T.);
#8142=EDGE_CURVE('',#6649,#6889,#1275,.T.);
#8144=EDGE_CURVE('',#6652,#6889,#1287,.T.);
#8149=EDGE_CURVE('',#6649,#6645,#3088,.T.);
#8153=ADVANCED_FACE('',(#8152),#8141,.T.);
#8159=EDGE_CURVE('',#6893,#6895,#4167,.T.);
#8161=EDGE_CURVE('',#6891,#6893,#1339,.T.);
#8163=EDGE_CURVE('',#6889,#6891,#1346,.T.);
#8166=EDGE_CURVE('',#6649,#6887,#1354,.T.);
#8168=EDGE_CURVE('',#6883,#6887,#1362,.T.);
#8170=EDGE_CURVE('',#6883,#6879,#1370,.T.);
#8172=EDGE_CURVE('',#6875,#6879,#3046,.T.);
#8174=EDGE_CURVE('',#6871,#6875,#3018,.T.);
#8176=EDGE_CURVE('',#6869,#6871,#1378,.T.);
#8178=EDGE_CURVE('',#6923,#6869,#2911,.T.);
#8180=EDGE_CURVE('',#6921,#6923,#1385,.T.);
#8182=EDGE_CURVE('',#6919,#6921,#2546,.T.);
#8184=EDGE_CURVE('',#6917,#6919,#1393,.T.);
#8186=EDGE_CURVE('',#6915,#6917,#2609,.T.);
#8188=EDGE_CURVE('',#6913,#6915,#1400,.T.);
#8190=EDGE_CURVE('',#6911,#6913,#4390,.T.);
#8192=EDGE_CURVE('',#6909,#6911,#1408,.T.);
#8194=EDGE_CURVE('',#6907,#6909,#1415,.T.);
#8196=EDGE_CURVE('',#6905,#6907,#1422,.T.);
#8198=EDGE_CURVE('',#6903,#6905,#4326,.T.);
#8200=EDGE_CURVE('',#6903,#6899,#4312,.T.);
#8202=EDGE_CURVE('',#6899,#6897,#1430,.T.);
#8204=EDGE_CURVE('',#6897,#6895,#1438,.T.);
#8208=EDGE_CURVE('',#6991,#6992,#1323,.T.);
#8210=EDGE_CURVE('',#6992,#6991,#1331,.T.);
#8214=EDGE_CURVE('',#6926,#6927,#1307,.T.);
#8216=EDGE_CURVE('',#6927,#6926,#1315,.T.);
#8220=ADVANCED_FACE('',(#8207,#8213,#8219),#8158,.T.);
#8227=EDGE_CURVE('',#6927,#6931,#1452,.T.);
#8229=EDGE_CURVE('',#6930,#6931,#1484,.T.);
#8231=EDGE_CURVE('',#6926,#6930,#1445,.T.);
#8235=ADVANCED_FACE('',(#8234),#8225,.F.);
#8242=EDGE_CURVE('',#6931,#6930,#1476,.T.);
#8248=ADVANCED_FACE('',(#8247),#8240,.F.);
#8254=EDGE_CURVE('',#6930,#6934,#1460,.T.);
#8256=EDGE_CURVE('',#6935,#6934,#1500,.T.);
#8258=EDGE_CURVE('',#6931,#6935,#1468,.T.);
#8263=ADVANCED_FACE('',(#8262),#8253,.T.);
#8271=EDGE_CURVE('',#6934,#6935,#1492,.T.);
#8276=ADVANCED_FACE('',(#8275),#8268,.T.);
#8282=EDGE_CURVE('',#7120,#7114,#1655,.T.);
#8284=EDGE_CURVE('',#7122,#7120,#1662,.T.);
#8286=EDGE_CURVE('',#6749,#7122,#2825,.T.);
#8288=EDGE_CURVE('',#6749,#6747,#1670,.T.);
#8290=EDGE_CURVE('',#6745,#6747,#3169,.T.);
#8292=EDGE_CURVE('',#6743,#6745,#1677,.T.);
#8294=EDGE_CURVE('',#6741,#6743,#1684,.T.);
#8296=EDGE_CURVE('',#6741,#6739,#1692,.T.);
#8298=EDGE_CURVE('',#6735,#6739,#1700,.T.);
#8300=EDGE_CURVE('',#6737,#6735,#1707,.T.);
#8302=EDGE_CURVE('',#6737,#6721,#1714,.T.);
#8304=EDGE_CURVE('',#7118,#6721,#1721,.T.);
#8306=EDGE_CURVE('',#7114,#7118,#1728,.T.);
#8310=EDGE_CURVE('',#6938,#6939,#1735,.T.);
#8312=EDGE_CURVE('',#6938,#6961,#1508,.T.);
#8314=EDGE_CURVE('',#6973,#6961,#2069,.T.);
#8316=EDGE_CURVE('',#6973,#6975,#1516,.T.);
#8318=EDGE_CURVE('',#6977,#6975,#2010,.T.);
#8320=EDGE_CURVE('',#6981,#6977,#1524,.T.);
#8322=EDGE_CURVE('',#6981,#7316,#1532,.T.);
#8324=EDGE_CURVE('',#7316,#6984,#1540,.T.);
#8326=EDGE_CURVE('',#6984,#6941,#1548,.T.);
#8328=EDGE_CURVE('',#6941,#6939,#1556,.T.);
#8332=EDGE_CURVE('',#6999,#7000,#1564,.T.);
#8334=EDGE_CURVE('',#7000,#7003,#1571,.T.);
#8336=EDGE_CURVE('',#7003,#7017,#1579,.T.);
#8338=EDGE_CURVE('',#7019,#7017,#1586,.T.);
#8340=EDGE_CURVE('',#7019,#7027,#1594,.T.);
#8342=EDGE_CURVE('',#7029,#7027,#1601,.T.);
#8344=EDGE_CURVE('',#7033,#7029,#1609,.T.);
#8346=EDGE_CURVE('',#7037,#7033,#1616,.T.);
#8348=EDGE_CURVE('',#7037,#7043,#1624,.T.);
#8350=EDGE_CURVE('',#7043,#7001,#1631,.T.);
#8352=EDGE_CURVE('',#7001,#7318,#1639,.T.);
#8354=EDGE_CURVE('',#7318,#6999,#1647,.T.);
#8362=ADVANCED_FACE('',(#8309,#8331,#8357,#8361),#8281,.F.);
#8368=EDGE_CURVE('',#6938,#6959,#1749,.T.);
#8371=EDGE_CURVE('',#6939,#6943,#1965,.T.);
#8373=EDGE_CURVE('',#6943,#6959,#1787,.T.);
#8377=ADVANCED_FACE('',(#8376),#8367,.T.);
#8383=EDGE_CURVE('',#6959,#6963,#1757,.T.);
#8385=EDGE_CURVE('',#6961,#6963,#1742,.T.);
#8391=ADVANCED_FACE('',(#8390),#8382,.T.);
#8410=EDGE_CURVE('',#6955,#6959,#1765,.T.);
#8412=EDGE_CURVE('',#6955,#6957,#1803,.T.);
#8414=EDGE_CURVE('',#6957,#6963,#1773,.T.);
#8418=ADVANCED_FACE('',(#8417),#8408,.T.);
#8424=EDGE_CURVE('',#6953,#6955,#1780,.T.);
#8428=EDGE_CURVE('',#6953,#6943,#1989,.T.);
#8432=ADVANCED_FACE('',(#8431),#8423,.T.);
#8438=EDGE_CURVE('',#6996,#6969,#1826,.T.);
#8440=EDGE_CURVE('',#6967,#6969,#1795,.T.);
#8442=EDGE_CURVE('',#6967,#6957,#2055,.T.);
#8446=EDGE_CURVE('',#6951,#6953,#1811,.T.);
#8448=EDGE_CURVE('',#6994,#6951,#1996,.T.);
#8450=EDGE_CURVE('',#6994,#6996,#1819,.T.);
#8454=ADVANCED_FACE('',(#8453),#8437,.T.);
#8461=EDGE_CURVE('',#6996,#6979,#1849,.T.);
#8463=EDGE_CURVE('',#6979,#6971,#1833,.T.);
#8465=EDGE_CURVE('',#6969,#6971,#2048,.T.);
#8469=ADVANCED_FACE('',(#8468),#8459,.T.);
#8487=EDGE_CURVE('',#6949,#6979,#1841,.T.);
#8491=EDGE_CURVE('',#6994,#6949,#1857,.T.);
#8495=ADVANCED_FACE('',(#8494),#8486,.T.);
#8501=EDGE_CURVE('',#6949,#6982,#1864,.T.);
#8503=EDGE_CURVE('',#6981,#6982,#1891,.T.);
#8506=EDGE_CURVE('',#6979,#6977,#1871,.T.);
#8511=ADVANCED_FACE('',(#8510),#8500,.T.);
#8517=EDGE_CURVE('',#6982,#6947,#1901,.T.);
#8520=EDGE_CURVE('',#6949,#6945,#2003,.T.);
#8522=EDGE_CURVE('',#6947,#6945,#1958,.T.);
#8526=ADVANCED_FACE('',(#8525),#8516,.T.);
#8532=EDGE_CURVE('',#6987,#7316,#1879,.T.);
#8537=EDGE_CURVE('',#6941,#6947,#1913,.T.);
#8540=EDGE_CURVE('',#6988,#6984,#1921,.T.);
#8542=EDGE_CURVE('',#6988,#6987,#1929,.T.);
#8546=ADVANCED_FACE('',(#8545),#8531,.T.);
#8552=EDGE_CURVE('',#6987,#6988,#1937,.T.);
#8559=ADVANCED_FACE('',(#8558),#8551,.T.);
#8566=EDGE_CURVE('',#6992,#6988,#1951,.T.);
#8569=EDGE_CURVE('',#6991,#6987,#1944,.T.);
#8573=ADVANCED_FACE('',(#8572),#8564,.F.);
#8592=ADVANCED_FACE('',(#8591),#8585,.F.);
#8607=EDGE_CURVE('',#6945,#6943,#1973,.T.);
#8613=ADVANCED_FACE('',(#8612),#8604,.T.);
#8632=EDGE_CURVE('',#6951,#6945,#1981,.T.);
#8638=ADVANCED_FACE('',(#8637),#8630,.T.);
#8650=ADVANCED_FACE('',(#8649),#8643,.T.);
#8657=EDGE_CURVE('',#6975,#6971,#2017,.T.);
#8663=ADVANCED_FACE('',(#8662),#8655,.T.);
#8669=EDGE_CURVE('',#6965,#6971,#2032,.T.);
#8673=EDGE_CURVE('',#6973,#6965,#2024,.T.);
#8677=ADVANCED_FACE('',(#8676),#8668,.T.);
#8696=EDGE_CURVE('',#6967,#6965,#2040,.T.);
#8702=ADVANCED_FACE('',(#8701),#8694,.T.);
#8710=EDGE_CURVE('',#6965,#6963,#2062,.T.);
#8715=ADVANCED_FACE('',(#8714),#8707,.T.);
#8727=ADVANCED_FACE('',(#8726),#8720,.T.);
#8733=EDGE_CURVE('',#7001,#7000,#2083,.T.);
#8736=EDGE_CURVE('',#7053,#6999,#2091,.T.);
#8738=EDGE_CURVE('',#7053,#7052,#2099,.T.);
#8740=EDGE_CURVE('',#7052,#7318,#2107,.T.);
#8745=ADVANCED_FACE('',(#8744),#8732,.T.);
#8754=EDGE_CURVE('',#7043,#7007,#2114,.T.);
#8756=EDGE_CURVE('',#7007,#7005,#2347,.T.);
#8758=EDGE_CURVE('',#7003,#7005,#2316,.T.);
#8762=ADVANCED_FACE('',(#8761),#8750,.T.);
#8768=EDGE_CURVE('',#7039,#7007,#2129,.T.);
#8772=EDGE_CURVE('',#7037,#7039,#2121,.T.);
#8776=ADVANCED_FACE('',(#8775),#8767,.T.);
#8795=EDGE_CURVE('',#7041,#7039,#2137,.T.);
#8797=EDGE_CURVE('',#7041,#7011,#2197,.T.);
#8799=EDGE_CURVE('',#7011,#7007,#2145,.T.);
#8803=ADVANCED_FACE('',(#8802),#8793,.T.);
#8809=EDGE_CURVE('',#7049,#7041,#2204,.T.);
#8812=EDGE_CURVE('',#7035,#7039,#2152,.T.);
#8814=EDGE_CURVE('',#7035,#7049,#2243,.T.);
#8818=ADVANCED_FACE('',(#8817),#8808,.T.);
#8824=EDGE_CURVE('',#7046,#7047,#2159,.T.);
#8826=EDGE_CURVE('',#7023,#7047,#2167,.T.);
#8828=EDGE_CURVE('',#7013,#7023,#2174,.T.);
#8830=EDGE_CURVE('',#7009,#7013,#2182,.T.);
#8832=EDGE_CURVE('',#7011,#7009,#2189,.T.);
#8836=EDGE_CURVE('',#7049,#7046,#2212,.T.);
#8840=ADVANCED_FACE('',(#8839),#8823,.T.);
#8847=EDGE_CURVE('',#7031,#7046,#2235,.T.);
#8849=EDGE_CURVE('',#7031,#7025,#2219,.T.);
#8851=EDGE_CURVE('',#7047,#7025,#2295,.T.);
#8855=ADVANCED_FACE('',(#8854),#8845,.T.);
#8873=EDGE_CURVE('',#7035,#7031,#2227,.T.);
#8880=ADVANCED_FACE('',(#8879),#8872,.T.);
#8887=EDGE_CURVE('',#7035,#7033,#2250,.T.);
#8890=EDGE_CURVE('',#7031,#7029,#2257,.T.);
#8894=ADVANCED_FACE('',(#8893),#8885,.T.);
#8906=ADVANCED_FACE('',(#8905),#8899,.T.);
#8913=EDGE_CURVE('',#7027,#7025,#2264,.T.);
#8919=ADVANCED_FACE('',(#8918),#8911,.T.);
#8925=EDGE_CURVE('',#7021,#7025,#2279,.T.);
#8929=EDGE_CURVE('',#7019,#7021,#2271,.T.);
#8933=ADVANCED_FACE('',(#8932),#8924,.T.);
#8952=EDGE_CURVE('',#7023,#7021,#2287,.T.);
#8958=ADVANCED_FACE('',(#8957),#8950,.T.);
#8966=EDGE_CURVE('',#7015,#7021,#2302,.T.);
#8968=EDGE_CURVE('',#7013,#7015,#2340,.T.);
#8972=ADVANCED_FACE('',(#8971),#8963,.T.);
#8980=EDGE_CURVE('',#7017,#7015,#2309,.T.);
#8985=ADVANCED_FACE('',(#8984),#8977,.T.);
#8991=EDGE_CURVE('',#7005,#7015,#2324,.T.);
#8998=ADVANCED_FACE('',(#8997),#8990,.T.);
#9017=EDGE_CURVE('',#7009,#7005,#2332,.T.);
#9023=ADVANCED_FACE('',(#9022),#9015,.T.);
#9035=ADVANCED_FACE('',(#9034),#9028,.T.);
#9042=EDGE_CURVE('',#7052,#7053,#2355,.T.);
#9048=ADVANCED_FACE('',(#9047),#9040,.T.);
#9055=EDGE_CURVE('',#7056,#7052,#2362,.T.);
#9057=EDGE_CURVE('',#7056,#7057,#2393,.T.);
#9059=EDGE_CURVE('',#7057,#7053,#2369,.T.);
#9063=ADVANCED_FACE('',(#9062),#9053,.F.);
#9072=EDGE_CURVE('',#7057,#7056,#2401,.T.);
#9076=ADVANCED_FACE('',(#9075),#9068,.F.);
#9086=EDGE_CURVE('',#7060,#7061,#2377,.T.);
#9088=EDGE_CURVE('',#7061,#7060,#2385,.T.);
#9092=ADVANCED_FACE('',(#9085,#9091),#9081,.T.);
#9098=EDGE_CURVE('',#7064,#7065,#2409,.T.);
#9100=EDGE_CURVE('',#7065,#7061,#2476,.T.);
#9103=EDGE_CURVE('',#7064,#7060,#2469,.T.);
#9107=ADVANCED_FACE('',(#9106),#9097,.F.);
#9113=EDGE_CURVE('',#7068,#7069,#2497,.T.);
#9115=EDGE_CURVE('',#7069,#7140,#2424,.T.);
#9117=EDGE_CURVE('',#7142,#7140,#2595,.T.);
#9119=EDGE_CURVE('',#7142,#7144,#2432,.T.);
#9121=EDGE_CURVE('',#7144,#7134,#2560,.T.);
#9123=EDGE_CURVE('',#7146,#7134,#2439,.T.);
#9125=EDGE_CURVE('',#7162,#7146,#2532,.T.);
#9127=EDGE_CURVE('',#7160,#7162,#2447,.T.);
#9129=EDGE_CURVE('',#7160,#7071,#2454,.T.);
#9131=EDGE_CURVE('',#7071,#7068,#2462,.T.);
#9136=EDGE_CURVE('',#7065,#7064,#2417,.T.);
#9140=ADVANCED_FACE('',(#9134,#9139),#9112,.F.);
#9152=ADVANCED_FACE('',(#9151),#9145,.F.);
#9158=EDGE_CURVE('',#7073,#7068,#2511,.T.);
#9160=EDGE_CURVE('',#7073,#7079,#2483,.T.);
#9162=EDGE_CURVE('',#7079,#7069,#2490,.T.);
#9167=ADVANCED_FACE('',(#9166),#9157,.F.);
#9180=EDGE_CURVE('',#7075,#7071,#2504,.T.);
#9182=EDGE_CURVE('',#7075,#7073,#2638,.T.);
#9188=ADVANCED_FACE('',(#9187),#9179,.T.);
#9203=EDGE_CURVE('',#7160,#7154,#2525,.T.);
#9205=EDGE_CURVE('',#7154,#7156,#6100,.T.);
#9207=EDGE_CURVE('',#7156,#7158,#6086,.T.);
#9209=EDGE_CURVE('',#7165,#7158,#6045,.T.);
#9211=EDGE_CURVE('',#7169,#7165,#6016,.T.);
#9213=EDGE_CURVE('',#7169,#7123,#6129,.T.);
#9215=EDGE_CURVE('',#7123,#7113,#2760,.T.);
#9217=EDGE_CURVE('',#7077,#7113,#2697,.T.);
#9219=EDGE_CURVE('',#7075,#7077,#2645,.T.);
#9223=ADVANCED_FACE('',(#9222),#9200,.F.);
#9237=EDGE_CURVE('',#7162,#7152,#2518,.T.);
#9239=EDGE_CURVE('',#7154,#7152,#6108,.T.);
#9244=ADVANCED_FACE('',(#9243),#9235,.T.);
#9258=EDGE_CURVE('',#7146,#7148,#2539,.T.);
#9260=EDGE_CURVE('',#7152,#7148,#6115,.T.);
#9265=ADVANCED_FACE('',(#9264),#9256,.T.);
#9279=EDGE_CURVE('',#7134,#6921,#2553,.T.);
#9282=EDGE_CURVE('',#6923,#7130,#2904,.T.);
#9284=EDGE_CURVE('',#7130,#7132,#5980,.T.);
#9286=EDGE_CURVE('',#7132,#7171,#6038,.T.);
#9288=EDGE_CURVE('',#7150,#7171,#6059,.T.);
#9290=EDGE_CURVE('',#7148,#7150,#6122,.T.);
#9295=ADVANCED_FACE('',(#9294),#9277,.T.);
#9304=EDGE_CURVE('',#7144,#7136,#2588,.T.);
#9306=EDGE_CURVE('',#7136,#6919,#2623,.T.);
#9310=ADVANCED_FACE('',(#9309),#9300,.F.);
#9317=EDGE_CURVE('',#7138,#7142,#2570,.T.);
#9319=EDGE_CURVE('',#7138,#7136,#2578,.T.);
#9324=ADVANCED_FACE('',(#9323),#9315,.T.);
#9330=EDGE_CURVE('',#7138,#6917,#2616,.T.);
#9334=EDGE_CURVE('',#7140,#6915,#2602,.T.);
#9339=ADVANCED_FACE('',(#9338),#9329,.F.);
#9351=ADVANCED_FACE('',(#9350),#9344,.T.);
#9358=EDGE_CURVE('',#7079,#7081,#2630,.T.);
#9360=EDGE_CURVE('',#7081,#6913,#4397,.T.);
#9367=ADVANCED_FACE('',(#9366),#9356,.F.);
#9377=EDGE_CURVE('',#7077,#7089,#2653,.T.);
#9379=EDGE_CURVE('',#7089,#7087,#2661,.T.);
#9381=EDGE_CURVE('',#7085,#7087,#2668,.T.);
#9383=EDGE_CURVE('',#7085,#7083,#2676,.T.);
#9385=EDGE_CURVE('',#7081,#7083,#4383,.T.);
#9389=ADVANCED_FACE('',(#9388),#9372,.T.);
#9395=EDGE_CURVE('',#7107,#7111,#2683,.T.);
#9397=EDGE_CURVE('',#7173,#7107,#4072,.T.);
#9399=EDGE_CURVE('',#7089,#7173,#2690,.T.);
#9403=EDGE_CURVE('',#7113,#7111,#2745,.T.);
#9407=ADVANCED_FACE('',(#9406),#9394,.T.);
#9414=EDGE_CURVE('',#7111,#7109,#2712,.T.);
#9416=EDGE_CURVE('',#7105,#7109,#2704,.T.);
#9418=EDGE_CURVE('',#7107,#7105,#4080,.T.);
#9422=ADVANCED_FACE('',(#9421),#9412,.T.);
#9555=EDGE_CURVE('',#7114,#7111,#2737,.T.);
#9557=EDGE_CURVE('',#7115,#7114,#2720,.T.);
#9559=EDGE_CURVE('',#7109,#7115,#4414,.T.);
#9563=ADVANCED_FACE('',(#9562),#9553,.T.);
#9572=EDGE_CURVE('',#7120,#7113,#2753,.T.);
#9576=ADVANCED_FACE('',(#9575),#9568,.T.);
#9585=EDGE_CURVE('',#7122,#7123,#2780,.T.);
#9589=ADVANCED_FACE('',(#9588),#9581,.T.);
#9724=EDGE_CURVE('',#7122,#7124,#2811,.T.);
#9727=EDGE_CURVE('',#7123,#7124,#2791,.T.);
#9731=ADVANCED_FACE('',(#9730),#9723,.T.);
#9745=EDGE_CURVE('',#6857,#7124,#2818,.T.);
#9747=EDGE_CURVE('',#6857,#6749,#3220,.T.);
#9752=ADVANCED_FACE('',(#9751),#9743,.T.);
#9765=EDGE_CURVE('',#7126,#6859,#2846,.T.);
#9767=EDGE_CURVE('',#6855,#6859,#2832,.T.);
#9769=EDGE_CURVE('',#6857,#6855,#3227,.T.);
#9772=EDGE_CURVE('',#7128,#7124,#6136,.T.);
#9774=EDGE_CURVE('',#7126,#7128,#6001,.T.);
#9778=ADVANCED_FACE('',(#9777),#9764,.F.);
#9791=EDGE_CURVE('',#6865,#6859,#2839,.T.);
#9794=EDGE_CURVE('',#7126,#6867,#5994,.T.);
#9796=EDGE_CURVE('',#6867,#6865,#2897,.T.);
#9800=ADVANCED_FACE('',(#9799),#9790,.T.);
#9807=EDGE_CURVE('',#6865,#6863,#2890,.T.);
#9809=EDGE_CURVE('',#6861,#6863,#2853,.T.);
#9811=EDGE_CURVE('',#6853,#6861,#2861,.T.);
#9813=EDGE_CURVE('',#6855,#6853,#2869,.T.);
#9818=ADVANCED_FACE('',(#9817),#9805,.T.);
#9824=EDGE_CURVE('',#6845,#6847,#2876,.T.);
#9826=EDGE_CURVE('',#6847,#6863,#2883,.T.);
#9830=EDGE_CURVE('',#6867,#7130,#5987,.T.);
#9834=EDGE_CURVE('',#6869,#6845,#5966,.T.);
#9838=ADVANCED_FACE('',(#9837),#9823,.T.);
#9844=EDGE_CURVE('',#6834,#6839,#2955,.T.);
#9846=EDGE_CURVE('',#6849,#6839,#2919,.T.);
#9848=EDGE_CURVE('',#6849,#6847,#2926,.T.);
#9851=EDGE_CURVE('',#6845,#6843,#2934,.T.);
#9853=EDGE_CURVE('',#6843,#6841,#2941,.T.);
#9855=EDGE_CURVE('',#6834,#6841,#2948,.T.);
#9859=ADVANCED_FACE('',(#9858),#9843,.T.);
#9866=EDGE_CURVE('',#6834,#6835,#2975,.T.);
#9868=EDGE_CURVE('',#6835,#6837,#2982,.T.);
#9870=EDGE_CURVE('',#6839,#6837,#3276,.T.);
#9874=ADVANCED_FACE('',(#9873),#9864,.T.);
#9880=EDGE_CURVE('',#6828,#6832,#3004,.T.);
#9882=EDGE_CURVE('',#6835,#6828,#2989,.T.);
#9885=EDGE_CURVE('',#6834,#6832,#2996,.T.);
#9889=ADVANCED_FACE('',(#9888),#9879,.T.);
#9896=EDGE_CURVE('',#6830,#6832,#3011,.T.);
#9898=EDGE_CURVE('',#6830,#6824,#3025,.T.);
#9900=EDGE_CURVE('',#6826,#6824,#3111,.T.);
#9902=EDGE_CURVE('',#6826,#6828,#3141,.T.);
#9906=ADVANCED_FACE('',(#9905),#9894,.T.);
#9915=EDGE_CURVE('',#6841,#6830,#3032,.T.);
#9919=ADVANCED_FACE('',(#9918),#9911,.T.);
#9926=EDGE_CURVE('',#6875,#6873,#3039,.T.);
#9929=EDGE_CURVE('',#6824,#6822,#3118,.T.);
#9934=EDGE_CURVE('',#6871,#6843,#5959,.T.);
#9938=ADVANCED_FACE('',(#9937),#9924,.T.);
#9944=EDGE_CURVE('',#6879,#6877,#3053,.T.);
#9951=ADVANCED_FACE('',(#9950),#9943,.T.);
#9957=EDGE_CURVE('',#6883,#6881,#3060,.T.);
#9964=ADVANCED_FACE('',(#9963),#9956,.T.);
#9972=EDGE_CURVE('',#6887,#6647,#3067,.T.);
#9975=EDGE_CURVE('',#7314,#7180,#3074,.T.);
#9977=EDGE_CURVE('',#7181,#7180,#3104,.T.);
#9979=EDGE_CURVE('',#6885,#7181,#3081,.T.);
#9984=ADVANCED_FACE('',(#9983),#9969,.F.);
#9996=ADVANCED_FACE('',(#9995),#9989,.T.);
#10005=EDGE_CURVE('',#7180,#7181,#3096,.T.);
#10009=ADVANCED_FACE('',(#10008),#10001,.F.);
#10019=ADVANCED_FACE('',(#10018),#10014,.F.);
#10025=EDGE_CURVE('',#6826,#6756,#3148,.T.);
#10030=EDGE_CURVE('',#6639,#6820,#3126,.T.);
#10032=EDGE_CURVE('',#6818,#6820,#5904,.T.);
#10034=EDGE_CURVE('',#6818,#6816,#3362,.T.);
#10036=EDGE_CURVE('',#6756,#6816,#3134,.T.);
#10040=ADVANCED_FACE('',(#10039),#10024,.T.);
#10046=EDGE_CURVE('',#6754,#6752,#3155,.T.);
#10048=EDGE_CURVE('',#6752,#6751,#3176,.T.);
#10050=EDGE_CURVE('',#6751,#6837,#3234,.T.);
#10056=EDGE_CURVE('',#6754,#6756,#3332,.T.);
#10060=ADVANCED_FACE('',(#10059),#10045,.F.);
#10066=EDGE_CURVE('',#6745,#6752,#3196,.T.);
#10069=EDGE_CURVE('',#6760,#6754,#3302,.T.);
#10071=EDGE_CURVE('',#6762,#6760,#5897,.T.);
#10073=EDGE_CURVE('',#6762,#6745,#3162,.T.);
#10077=ADVANCED_FACE('',(#10076),#10065,.T.);
#10084=EDGE_CURVE('',#6747,#6751,#3212,.T.);
#10090=ADVANCED_FACE('',(#10089),#10082,.T.);
#10096=EDGE_CURVE('',#6857,#6751,#3204,.T.);
#10103=ADVANCED_FACE('',(#10102),#10095,.T.);
#10112=EDGE_CURVE('',#6851,#6853,#3241,.T.);
#10114=EDGE_CURVE('',#6851,#6837,#3284,.T.);
#10119=ADVANCED_FACE('',(#10118),#10108,.T.);
#10127=EDGE_CURVE('',#6850,#6861,#3248,.T.);
#10129=EDGE_CURVE('',#6851,#6850,#3268,.T.);
#10133=ADVANCED_FACE('',(#10132),#10124,.T.);
#10141=EDGE_CURVE('',#6850,#6849,#3294,.T.);
#10147=ADVANCED_FACE('',(#10146),#10138,.T.);
#10160=ADVANCED_FACE('',(#10159),#10152,.T.);
#10167=EDGE_CURVE('',#6754,#6758,#3310,.T.);
#10169=EDGE_CURVE('',#6758,#6814,#3318,.T.);
#10171=EDGE_CURVE('',#7326,#6814,#5881,.T.);
#10173=EDGE_CURVE('',#7326,#6760,#5873,.T.);
#10177=ADVANCED_FACE('',(#10176),#10165,.T.);
#10183=EDGE_CURVE('',#6758,#6816,#3325,.T.);
#10190=ADVANCED_FACE('',(#10189),#10182,.T.);
#10196=EDGE_CURVE('',#6624,#6626,#3355,.T.);
#10198=EDGE_CURVE('',#6758,#6626,#5858,.T.);
#10202=EDGE_CURVE('',#6818,#6632,#3369,.T.);
#10204=EDGE_CURVE('',#6630,#6632,#3377,.T.);
#10207=EDGE_CURVE('',#6628,#6501,#3391,.T.);
#10209=EDGE_CURVE('',#6495,#6501,#3399,.T.);
#10211=EDGE_CURVE('',#6495,#6624,#3406,.T.);
#10215=EDGE_CURVE('',#6767,#6768,#3340,.T.);
#10217=EDGE_CURVE('',#6768,#6767,#3348,.T.);
#10221=ADVANCED_FACE('',(#10214,#10220),#10195,.T.);
#10228=EDGE_CURVE('',#6771,#6767,#3422,.T.);
#10230=EDGE_CURVE('',#6771,#6772,#3414,.T.);
#10232=EDGE_CURVE('',#6772,#6768,#3430,.T.);
#10236=ADVANCED_FACE('',(#10235),#10226,.T.);
#10245=EDGE_CURVE('',#6772,#6771,#3438,.T.);
#10249=ADVANCED_FACE('',(#10248),#10241,.T.);
#10255=EDGE_CURVE('',#6775,#6771,#3445,.T.);
#10258=EDGE_CURVE('',#6776,#6772,#3452,.T.);
#10260=EDGE_CURVE('',#6776,#6775,#3484,.T.);
#10264=ADVANCED_FACE('',(#10263),#10254,.F.);
#10270=EDGE_CURVE('',#6775,#6776,#3476,.T.);
#10277=ADVANCED_FACE('',(#10276),#10269,.F.);
#10287=EDGE_CURVE('',#6779,#6780,#3460,.T.);
#10289=EDGE_CURVE('',#6780,#6779,#3468,.T.);
#10293=ADVANCED_FACE('',(#10286,#10292),#10282,.T.);
#10299=EDGE_CURVE('',#6783,#6784,#3492,.T.);
#10301=EDGE_CURVE('',#6784,#6780,#3530,.T.);
#10304=EDGE_CURVE('',#6783,#6779,#3523,.T.);
#10308=ADVANCED_FACE('',(#10307),#10298,.F.);
#10314=EDGE_CURVE('',#6787,#6788,#3508,.T.);
#10316=EDGE_CURVE('',#6788,#6787,#3516,.T.);
#10321=EDGE_CURVE('',#6784,#6783,#3500,.T.);
#10325=ADVANCED_FACE('',(#10319,#10324),#10313,.T.);
#10337=ADVANCED_FACE('',(#10336),#10330,.F.);
#10343=EDGE_CURVE('',#6791,#6792,#3538,.T.);
#10345=EDGE_CURVE('',#6787,#6791,#3599,.T.);
#10348=EDGE_CURVE('',#6788,#6792,#3606,.T.);
#10352=ADVANCED_FACE('',(#10351),#10342,.F.);
#10358=EDGE_CURVE('',#6795,#6796,#3546,.T.);
#10360=EDGE_CURVE('',#6791,#6795,#3577,.T.);
#10363=EDGE_CURVE('',#6792,#6796,#3584,.T.);
#10367=ADVANCED_FACE('',(#10366),#10357,.F.);
#10373=EDGE_CURVE('',#6799,#6800,#3562,.T.);
#10375=EDGE_CURVE('',#6800,#6799,#3570,.T.);
#10380=EDGE_CURVE('',#6796,#6795,#3554,.T.);
#10384=ADVANCED_FACE('',(#10378,#10383),#10372,.T.);
#10393=EDGE_CURVE('',#6792,#6791,#3592,.T.);
#10397=ADVANCED_FACE('',(#10396),#10389,.F.);
#10409=ADVANCED_FACE('',(#10408),#10402,.F.);
#10416=EDGE_CURVE('',#6804,#6800,#3620,.T.);
#10418=EDGE_CURVE('',#6803,#6804,#3628,.T.);
#10420=EDGE_CURVE('',#6803,#6799,#3613,.T.);
#10424=ADVANCED_FACE('',(#10423),#10414,.T.);
#10431=EDGE_CURVE('',#6804,#6803,#3636,.T.);
#10437=ADVANCED_FACE('',(#10436),#10429,.T.);
#10443=EDGE_CURVE('',#6807,#6808,#3644,.T.);
#10445=EDGE_CURVE('',#6808,#6807,#3652,.T.);
#10453=ADVANCED_FACE('',(#10448,#10452),#10442,.T.);
#10460=EDGE_CURVE('',#6812,#6808,#3666,.T.);
#10463=EDGE_CURVE('',#6811,#6807,#3659,.T.);
#10467=ADVANCED_FACE('',(#10466),#10458,.T.);
#10479=ADVANCED_FACE('',(#10478),#10472,.T.);
#10485=EDGE_CURVE('',#6621,#6622,#3699,.T.);
#10487=EDGE_CURVE('',#6741,#6621,#4535,.T.);
#10490=EDGE_CURVE('',#6764,#6743,#3673,.T.);
#10492=EDGE_CURVE('',#6764,#6626,#3685,.T.);
#10495=EDGE_CURVE('',#6622,#6624,#3692,.T.);
#10499=ADVANCED_FACE('',(#10498),#10484,.T.);
#10506=EDGE_CURVE('',#6621,#6588,#3747,.T.);
#10509=EDGE_CURVE('',#6586,#6622,#3711,.T.);
#10513=ADVANCED_FACE('',(#10512),#10504,.T.);
#10607=EDGE_CURVE('',#6619,#6589,#3731,.T.);
#10609=EDGE_CURVE('',#6621,#6619,#3739,.T.);
#10614=ADVANCED_FACE('',(#10613),#10605,.F.);
#10980=EDGE_CURVE('',#6618,#6590,#3775,.T.);
#10982=EDGE_CURVE('',#6618,#6619,#3755,.T.);
#10987=ADVANCED_FACE('',(#10986),#10978,.F.);
#10995=EDGE_CURVE('',#6617,#6592,#3797,.T.);
#10997=EDGE_CURVE('',#6617,#6618,#3789,.T.);
#11001=ADVANCED_FACE('',(#11000),#10992,.T.);
#11008=EDGE_CURVE('',#6592,#6615,#3805,.T.);
#11010=EDGE_CURVE('',#7348,#6615,#4565,.T.);
#11012=EDGE_CURVE('',#7348,#6733,#4557,.T.);
#11014=EDGE_CURVE('',#6733,#6617,#3813,.T.);
#11018=ADVANCED_FACE('',(#11017),#11006,.T.);
#11025=EDGE_CURVE('',#6607,#6594,#3821,.T.);
#11027=EDGE_CURVE('',#6607,#6613,#3829,.T.);
#11029=EDGE_CURVE('',#6615,#6613,#4573,.T.);
#11034=ADVANCED_FACE('',(#11033),#11023,.T.);
#11040=EDGE_CURVE('',#6605,#6596,#3851,.T.);
#11042=EDGE_CURVE('',#6609,#6605,#4648,.T.);
#11044=EDGE_CURVE('',#6607,#6609,#3836,.T.);
#11050=ADVANCED_FACE('',(#11049),#11039,.T.);
#11057=EDGE_CURVE('',#6596,#6603,#3859,.T.);
#11059=EDGE_CURVE('',#6727,#6603,#3867,.T.);
#11061=EDGE_CURVE('',#7344,#6727,#4632,.T.);
#11063=EDGE_CURVE('',#7344,#6605,#4624,.T.);
#11067=ADVANCED_FACE('',(#11066),#11055,.T.);
#11074=EDGE_CURVE('',#6598,#6601,#3894,.T.);
#11076=EDGE_CURVE('',#6603,#6601,#3901,.T.);
#11081=ADVANCED_FACE('',(#11080),#11072,.T.);
#11089=EDGE_CURVE('',#6601,#6574,#3909,.T.);
#11094=ADVANCED_FACE('',(#11093),#11086,.T.);
#11101=EDGE_CURVE('',#6687,#6689,#3991,.T.);
#11103=EDGE_CURVE('',#6687,#6601,#3916,.T.);
#11106=EDGE_CURVE('',#6707,#6574,#3923,.T.);
#11109=EDGE_CURVE('',#6695,#6703,#3930,.T.);
#11115=ADVANCED_FACE('',(#11114),#11099,.T.);
#11122=EDGE_CURVE('',#6683,#6680,#3964,.T.);
#11124=EDGE_CURVE('',#6683,#6687,#3971,.T.);
#11129=ADVANCED_FACE('',(#11128),#11120,.T.);
#11135=EDGE_CURVE('',#6682,#6685,#4013,.T.);
#11137=EDGE_CURVE('',#6685,#6683,#3998,.T.);
#11140=EDGE_CURVE('',#6682,#6680,#4005,.T.);
#11144=ADVANCED_FACE('',(#11143),#11134,.T.);
#11151=EDGE_CURVE('',#6682,#7101,#4020,.T.);
#11153=EDGE_CURVE('',#7099,#7101,#4027,.T.);
#11155=EDGE_CURVE('',#7097,#7099,#4034,.T.);
#11157=EDGE_CURVE('',#7095,#7097,#4041,.T.);
#11159=EDGE_CURVE('',#7095,#7093,#4049,.T.);
#11161=EDGE_CURVE('',#7093,#7091,#4056,.T.);
#11163=EDGE_CURVE('',#7173,#7091,#4064,.T.);
#11167=EDGE_CURVE('',#7105,#7103,#4087,.T.);
#11169=EDGE_CURVE('',#7103,#6717,#4094,.T.);
#11171=EDGE_CURVE('',#6717,#6713,#4102,.T.);
#11173=EDGE_CURVE('',#6713,#6685,#4109,.T.);
#11177=ADVANCED_FACE('',(#11176),#11149,.T.);
#11186=EDGE_CURVE('',#6676,#6678,#4130,.T.);
#11188=EDGE_CURVE('',#6901,#6678,#4319,.T.);
#11190=EDGE_CURVE('',#7101,#6901,#4123,.T.);
#11194=ADVANCED_FACE('',(#11193),#11182,.F.);
#11200=EDGE_CURVE('',#6672,#6674,#4137,.T.);
#11202=EDGE_CURVE('',#6678,#6674,#4297,.T.);
#11208=ADVANCED_FACE('',(#11207),#11199,.F.);
#11214=EDGE_CURVE('',#6674,#6670,#4152,.T.);
#11218=EDGE_CURVE('',#6668,#6670,#4144,.T.);
#11222=ADVANCED_FACE('',(#11221),#11213,.F.);
#11229=EDGE_CURVE('',#6670,#6895,#4160,.T.);
#11232=EDGE_CURVE('',#6674,#6897,#4305,.T.);
#11236=ADVANCED_FACE('',(#11235),#11227,.T.);
#11244=EDGE_CURVE('',#6666,#6670,#4174,.T.);
#11246=EDGE_CURVE('',#7175,#6666,#4212,.T.);
#11248=EDGE_CURVE('',#6893,#7175,#4260,.T.);
#11252=ADVANCED_FACE('',(#11251),#11241,.T.);
#11258=EDGE_CURVE('',#6666,#6664,#4188,.T.);
#11265=ADVANCED_FACE('',(#11264),#11257,.T.);
#11271=EDGE_CURVE('',#6666,#6662,#4196,.T.);
#11275=EDGE_CURVE('',#6662,#6660,#4267,.T.);
#11279=ADVANCED_FACE('',(#11278),#11270,.T.);
#11286=EDGE_CURVE('',#6662,#7177,#4204,.T.);
#11288=EDGE_CURVE('',#7346,#7177,#4244,.T.);
#11290=EDGE_CURVE('',#7346,#7175,#4236,.T.);
#11295=ADVANCED_FACE('',(#11294),#11284,.T.);
#11302=EDGE_CURVE('',#7177,#6893,#4252,.T.);
#11305=EDGE_CURVE('',#6658,#6662,#4220,.T.);
#11307=EDGE_CURVE('',#6658,#6891,#4228,.T.);
#11311=ADVANCED_FACE('',(#11310),#11300,.T.);
#11323=ADVANCED_FACE('',(#11322),#11316,.T.);
#11335=ADVANCED_FACE('',(#11334),#11328,.F.);
#11354=ADVANCED_FACE('',(#11353),#11347,.T.);
#11361=EDGE_CURVE('',#6678,#6899,#4289,.T.);
#11367=ADVANCED_FACE('',(#11366),#11359,.T.);
#11374=EDGE_CURVE('',#6901,#6903,#4334,.T.);
#11380=ADVANCED_FACE('',(#11379),#11372,.T.);
#11387=EDGE_CURVE('',#6905,#7099,#4348,.T.);
#11394=ADVANCED_FACE('',(#11393),#11385,.T.);
#11401=EDGE_CURVE('',#6907,#7097,#4341,.T.);
#11407=ADVANCED_FACE('',(#11406),#11399,.T.);
#11414=EDGE_CURVE('',#6909,#7095,#4362,.T.);
#11420=ADVANCED_FACE('',(#11419),#11412,.T.);
#11426=EDGE_CURVE('',#7093,#7085,#4355,.T.);
#11431=EDGE_CURVE('',#6911,#7083,#4369,.T.);
#11436=ADVANCED_FACE('',(#11435),#11425,.F.);
#11442=EDGE_CURVE('',#7087,#7091,#4376,.T.);
#11449=ADVANCED_FACE('',(#11448),#11441,.T.);
#11461=ADVANCED_FACE('',(#11460),#11454,.T.);
#11473=ADVANCED_FACE('',(#11472),#11466,.T.);
#11481=EDGE_CURVE('',#7115,#7117,#4421,.T.);
#11483=EDGE_CURVE('',#7117,#7103,#4428,.T.);
#11488=ADVANCED_FACE('',(#11487),#11478,.F.);
#11495=EDGE_CURVE('',#7118,#7117,#4440,.T.);
#11501=ADVANCED_FACE('',(#11500),#11493,.T.);
#11507=EDGE_CURVE('',#6715,#6717,#4454,.T.);
#11513=EDGE_CURVE('',#6721,#6719,#4447,.T.);
#11515=EDGE_CURVE('',#6715,#6719,#4500,.T.);
#11519=ADVANCED_FACE('',(#11518),#11506,.F.);
#11526=EDGE_CURVE('',#6715,#6711,#4493,.T.);
#11528=EDGE_CURVE('',#6711,#6713,#4461,.T.);
#11533=ADVANCED_FACE('',(#11532),#11524,.T.);
#11539=EDGE_CURVE('',#6731,#6723,#4514,.T.);
#11541=EDGE_CURVE('',#6729,#6731,#4469,.T.);
#11543=EDGE_CURVE('',#6611,#6729,#4477,.T.);
#11545=EDGE_CURVE('',#6725,#6611,#4595,.T.);
#11547=EDGE_CURVE('',#6725,#6709,#4485,.T.);
#11549=EDGE_CURVE('',#6709,#6711,#4616,.T.);
#11553=EDGE_CURVE('',#6719,#6723,#4507,.T.);
#11557=ADVANCED_FACE('',(#11556),#11538,.T.);
#11563=EDGE_CURVE('',#6618,#6735,#4521,.T.);
#11566=EDGE_CURVE('',#6617,#6731,#4542,.T.);
#11569=EDGE_CURVE('',#6737,#6723,#4655,.T.);
#11574=ADVANCED_FACE('',(#11573),#11562,.T.);
#11582=EDGE_CURVE('',#6619,#6739,#4528,.T.);
#11587=ADVANCED_FACE('',(#11586),#11579,.F.);
#11599=ADVANCED_FACE('',(#11598),#11592,.T.);
#11614=EDGE_CURVE('',#6613,#6733,#4581,.T.);
#11616=EDGE_CURVE('',#6613,#6729,#4549,.T.);
#11621=ADVANCED_FACE('',(#11620),#11611,.T.);
#11633=ADVANCED_FACE('',(#11632),#11626,.T.);
#11642=EDGE_CURVE('',#6611,#6607,#4588,.T.);
#11646=ADVANCED_FACE('',(#11645),#11638,.T.);
#11655=EDGE_CURVE('',#6609,#6725,#4609,.T.);
#11659=ADVANCED_FACE('',(#11658),#11651,.T.);
#11665=EDGE_CURVE('',#6603,#6709,#4602,.T.);
#11669=EDGE_CURVE('',#6609,#6727,#4640,.T.);
#11674=ADVANCED_FACE('',(#11673),#11664,.T.);
#11690=ADVANCED_FACE('',(#11689),#11679,.F.);
#11702=ADVANCED_FACE('',(#11701),#11695,.T.);
#11714=ADVANCED_FACE('',(#11713),#11707,.F.);
#11726=ADVANCED_FACE('',(#11725),#11719,.F.);
#11734=EDGE_CURVE('',#6699,#6701,#4676,.T.);
#11739=ADVANCED_FACE('',(#11738),#11731,.F.);
#11751=ADVANCED_FACE('',(#11750),#11744,.T.);
#11757=EDGE_CURVE('',#6477,#6492,#4690,.T.);
#11759=EDGE_CURVE('',#6493,#6492,#4735,.T.);
#11761=EDGE_CURVE('',#6493,#6443,#5617,.T.);
#11764=EDGE_CURVE('',#6439,#6441,#5774,.T.);
#11766=EDGE_CURVE('',#6582,#6439,#5851,.T.);
#11772=EDGE_CURVE('',#6495,#6476,#4880,.T.);
#11774=EDGE_CURVE('',#6476,#6477,#4817,.T.);
#11778=ADVANCED_FACE('',(#11777),#11756,.T.);
#11785=EDGE_CURVE('',#6481,#6477,#4774,.T.);
#11787=EDGE_CURVE('',#6480,#6481,#5767,.T.);
#11789=EDGE_CURVE('',#6480,#6485,#4742,.T.);
#11791=EDGE_CURVE('',#6485,#6492,#5577,.T.);
#11795=ADVANCED_FACE('',(#11794),#11783,.T.);
#11801=EDGE_CURVE('',#6483,#6467,#4750,.T.);
#11803=EDGE_CURVE('',#7332,#6483,#4758,.T.);
#11805=EDGE_CURVE('',#7332,#6481,#4766,.T.);
#11808=EDGE_CURVE('',#6467,#6477,#4782,.T.);
#11812=ADVANCED_FACE('',(#11811),#11800,.T.);
#11818=EDGE_CURVE('',#6463,#6467,#4789,.T.);
#11820=EDGE_CURVE('',#6465,#6463,#5646,.T.);
#11822=EDGE_CURVE('',#6465,#6480,#4796,.T.);
#11824=EDGE_CURVE('',#6480,#6483,#5759,.T.);
#11829=ADVANCED_FACE('',(#11828),#11817,.T.);
#11836=EDGE_CURVE('',#6471,#6467,#4810,.T.);
#11838=EDGE_CURVE('',#6471,#6469,#5327,.T.);
#11840=EDGE_CURVE('',#6469,#6461,#4803,.T.);
#11842=EDGE_CURVE('',#6463,#6461,#5653,.T.);
#11846=ADVANCED_FACE('',(#11845),#11834,.T.);
#11855=EDGE_CURVE('',#6473,#6476,#4841,.T.);
#11857=EDGE_CURVE('',#6471,#6473,#4873,.T.);
#11861=ADVANCED_FACE('',(#11860),#11851,.T.);
#11867=EDGE_CURVE('',#7330,#6498,#4825,.T.);
#11869=EDGE_CURVE('',#7330,#6473,#4833,.T.);
#11872=EDGE_CURVE('',#6476,#6498,#4849,.T.);
#11876=ADVANCED_FACE('',(#11875),#11866,.T.);
#11882=EDGE_CURVE('',#6498,#6499,#4857,.T.);
#11884=EDGE_CURVE('',#6499,#6471,#4865,.T.);
#11891=ADVANCED_FACE('',(#11890),#11881,.T.);
#11901=EDGE_CURVE('',#6501,#6499,#4887,.T.);
#11905=ADVANCED_FACE('',(#11904),#11896,.T.);
#11914=EDGE_CURVE('',#6534,#6636,#4894,.T.);
#11916=EDGE_CURVE('',#6532,#6534,#5682,.T.);
#11918=EDGE_CURVE('',#6532,#6528,#5129,.T.);
#11920=EDGE_CURVE('',#6528,#7290,#4901,.T.);
#11922=EDGE_CURVE('',#7290,#7308,#4908,.T.);
#11924=EDGE_CURVE('',#6503,#7308,#4915,.T.);
#11926=EDGE_CURVE('',#6499,#6503,#5334,.T.);
#11930=ADVANCED_FACE('',(#11929),#11910,.F.);
#11937=EDGE_CURVE('',#6560,#6562,#4923,.T.);
#11939=EDGE_CURVE('',#6550,#6560,#4930,.T.);
#11941=EDGE_CURVE('',#6546,#6550,#4938,.T.);
#11943=EDGE_CURVE('',#6546,#6548,#5689,.T.);
#11945=EDGE_CURVE('',#6548,#6534,#4946,.T.);
#11950=ADVANCED_FACE('',(#11949),#11935,.F.);
#11956=EDGE_CURVE('',#6556,#6420,#4968,.T.);
#11958=EDGE_CURVE('',#6560,#6556,#4953,.T.);
#11964=ADVANCED_FACE('',(#11963),#11955,.F.);
#11971=EDGE_CURVE('',#6416,#6420,#4976,.T.);
#11974=EDGE_CURVE('',#6556,#6418,#4984,.T.);
#11978=ADVANCED_FACE('',(#11977),#11969,.T.);
#11987=EDGE_CURVE('',#6422,#6424,#5014,.T.);
#11992=ADVANCED_FACE('',(#11991),#11983,.T.);
#12004=ADVANCED_FACE('',(#12003),#11997,.T.);
#12011=EDGE_CURVE('',#6554,#6540,#5077,.T.);
#12013=EDGE_CURVE('',#6558,#6554,#5719,.T.);
#12015=EDGE_CURVE('',#6558,#6556,#5037,.T.);
#12020=ADVANCED_FACE('',(#12019),#12009,.T.);
#12026=EDGE_CURVE('',#6542,#6540,#5045,.T.);
#12028=EDGE_CURVE('',#6542,#6552,#5053,.T.);
#12030=EDGE_CURVE('',#7334,#6552,#5061,.T.);
#12032=EDGE_CURVE('',#7334,#6554,#5069,.T.);
#12037=ADVANCED_FACE('',(#12036),#12025,.T.);
#12045=EDGE_CURVE('',#6538,#6530,#5115,.T.);
#12047=EDGE_CURVE('',#6544,#6538,#5743,.T.);
#12049=EDGE_CURVE('',#6542,#6544,#5091,.T.);
#12053=ADVANCED_FACE('',(#12052),#12042,.T.);
#12059=EDGE_CURVE('',#6532,#6530,#5099,.T.);
#12061=EDGE_CURVE('',#6536,#6532,#5107,.T.);
#12063=EDGE_CURVE('',#7336,#6536,#5727,.T.);
#12065=EDGE_CURVE('',#7336,#6538,#5751,.T.);
#12070=ADVANCED_FACE('',(#12069),#12058,.T.);
#12078=EDGE_CURVE('',#6528,#6526,#5153,.T.);
#12083=ADVANCED_FACE('',(#12082),#12075,.T.);
#12089=EDGE_CURVE('',#6524,#6523,#5175,.T.);
#12091=EDGE_CURVE('',#6519,#6523,#5137,.T.);
#12093=EDGE_CURVE('',#6521,#6519,#5430,.T.);
#12095=EDGE_CURVE('',#7294,#6521,#5145,.T.);
#12097=EDGE_CURVE('',#7292,#7294,#5468,.T.);
#12099=EDGE_CURVE('',#7290,#7292,#5363,.T.);
#12104=EDGE_CURVE('',#6408,#6524,#5168,.T.);
#12108=ADVANCED_FACE('',(#12107),#12088,.T.);
#12115=EDGE_CURVE('',#6405,#6524,#5213,.T.);
#12118=EDGE_CURVE('',#6523,#6513,#5237,.T.);
#12122=ADVANCED_FACE('',(#12121),#12113,.T.);
#12135=ADVANCED_FACE('',(#12134),#12127,.T.);
#12153=EDGE_CURVE('',#6515,#6513,#5221,.T.);
#12155=EDGE_CURVE('',#6519,#6515,#5229,.T.);
#12161=ADVANCED_FACE('',(#12160),#12152,.T.);
#12167=EDGE_CURVE('',#6511,#6509,#5259,.T.);
#12169=EDGE_CURVE('',#6511,#6515,#5244,.T.);
#12175=ADVANCED_FACE('',(#12174),#12166,.T.);
#12194=EDGE_CURVE('',#6505,#6509,#5267,.T.);
#12196=EDGE_CURVE('',#6507,#6505,#5320,.T.);
#12198=EDGE_CURVE('',#6507,#6511,#5275,.T.);
#12202=ADVANCED_FACE('',(#12201),#12192,.T.);
#12208=EDGE_CURVE('',#6461,#6505,#5282,.T.);
#12212=EDGE_CURVE('',#6457,#6455,#5497,.T.);
#12214=EDGE_CURVE('',#6457,#6461,#5296,.T.);
#12218=ADVANCED_FACE('',(#12217),#12207,.T.);
#12226=EDGE_CURVE('',#6503,#6469,#5304,.T.);
#12229=EDGE_CURVE('',#7304,#7308,#5356,.T.);
#12231=EDGE_CURVE('',#7304,#7306,#5482,.T.);
#12233=EDGE_CURVE('',#7306,#7310,#5312,.T.);
#12235=EDGE_CURVE('',#7310,#6507,#5416,.T.);
#12240=ADVANCED_FACE('',(#12239),#12223,.T.);
#12252=ADVANCED_FACE('',(#12251),#12245,.T.);
#12258=EDGE_CURVE('',#7300,#7298,#5341,.T.);
#12260=EDGE_CURVE('',#7300,#7304,#5349,.T.);
#12265=EDGE_CURVE('',#7298,#7292,#5371,.T.);
#12269=ADVANCED_FACE('',(#12268),#12257,.F.);
#12275=EDGE_CURVE('',#7302,#7296,#5378,.T.);
#12277=EDGE_CURVE('',#7300,#7302,#5489,.T.);
#12280=EDGE_CURVE('',#7298,#7296,#5475,.T.);
#12284=ADVANCED_FACE('',(#12283),#12274,.F.);
#12290=EDGE_CURVE('',#7302,#7312,#5393,.T.);
#12293=EDGE_CURVE('',#7296,#6517,#5445,.T.);
#12295=EDGE_CURVE('',#7312,#6517,#5385,.T.);
#12299=ADVANCED_FACE('',(#12298),#12289,.T.);
#12318=EDGE_CURVE('',#7310,#7312,#5401,.T.);
#12321=EDGE_CURVE('',#7302,#7306,#5409,.T.);
#12325=ADVANCED_FACE('',(#12324),#12316,.T.);
#12333=EDGE_CURVE('',#7312,#6511,#5423,.T.);
#12338=ADVANCED_FACE('',(#12337),#12330,.T.);
#12345=EDGE_CURVE('',#6517,#6515,#5437,.T.);
#12351=ADVANCED_FACE('',(#12350),#12343,.T.);
#12360=EDGE_CURVE('',#6521,#6517,#5461,.T.);
#12364=ADVANCED_FACE('',(#12363),#12356,.T.);
#12383=EDGE_CURVE('',#7296,#7294,#5453,.T.);
#12389=ADVANCED_FACE('',(#12388),#12381,.T.);
#12401=ADVANCED_FACE('',(#12400),#12394,.T.);
#12413=ADVANCED_FACE('',(#12412),#12406,.T.);
#12419=EDGE_CURVE('',#6459,#6489,#5518,.T.);
#12421=EDGE_CURVE('',#6457,#6459,#5660,.T.);
#12426=EDGE_CURVE('',#6489,#6453,#5596,.T.);
#12430=ADVANCED_FACE('',(#12429),#12418,.T.);
#12437=EDGE_CURVE('',#7349,#6489,#5536,.T.);
#12439=EDGE_CURVE('',#6485,#7349,#5589,.T.);
#12441=EDGE_CURVE('',#6487,#6485,#5525,.T.);
#12443=EDGE_CURVE('',#6487,#6459,#5668,.T.);
#12447=ADVANCED_FACE('',(#12446),#12435,.F.);
#12526=EDGE_CURVE('',#6490,#7349,#5569,.T.);
#12529=EDGE_CURVE('',#6490,#6489,#5548,.T.);
#12533=ADVANCED_FACE('',(#12532),#12525,.F.);
#12987=EDGE_CURVE('',#6493,#6490,#5631,.T.);
#12994=ADVANCED_FACE('',(#12993),#12985,.T.);
#13008=ADVANCED_FACE('',(#13007),#12999,.T.);
#13016=EDGE_CURVE('',#6465,#6487,#5638,.T.);
#13021=ADVANCED_FACE('',(#13020),#13013,.F.);
#13035=ADVANCED_FACE('',(#13034),#13026,.F.);
#13041=EDGE_CURVE('',#6544,#6548,#5675,.T.);
#13043=EDGE_CURVE('',#6544,#6536,#5735,.T.);
#13050=ADVANCED_FACE('',(#13049),#13040,.T.);
#13058=EDGE_CURVE('',#6542,#6546,#5696,.T.);
#13063=ADVANCED_FACE('',(#13062),#13055,.F.);
#13071=EDGE_CURVE('',#6558,#6550,#5703,.T.);
#13073=EDGE_CURVE('',#6552,#6558,#5711,.T.);
#13078=ADVANCED_FACE('',(#13077),#13068,.T.);
#13090=ADVANCED_FACE('',(#13089),#13083,.F.);
#13102=ADVANCED_FACE('',(#13101),#13095,.T.);
#13114=ADVANCED_FACE('',(#13113),#13107,.T.);
#13126=ADVANCED_FACE('',(#13125),#13119,.T.);
#13132=EDGE_CURVE('',#6412,#6439,#5789,.T.);
#13139=ADVANCED_FACE('',(#13138),#13131,.T.);
#13147=EDGE_CURVE('',#7342,#6437,#5813,.T.);
#13149=EDGE_CURVE('',#7342,#6584,#5837,.T.);
#13151=EDGE_CURVE('',#6584,#6439,#5805,.T.);
#13155=ADVANCED_FACE('',(#13154),#13144,.T.);
#13163=EDGE_CURVE('',#6435,#6584,#5829,.T.);
#13168=ADVANCED_FACE('',(#13167),#13160,.T.);
#13174=EDGE_CURVE('',#6580,#6435,#5844,.T.);
#13182=ADVANCED_FACE('',(#13181),#13173,.T.);
#13194=ADVANCED_FACE('',(#13193),#13187,.T.);
#13200=EDGE_CURVE('',#6762,#6764,#5865,.T.);
#13207=ADVANCED_FACE('',(#13206),#13199,.T.);
#13216=EDGE_CURVE('',#6814,#6762,#5889,.T.);
#13221=ADVANCED_FACE('',(#13220),#13212,.T.);
#13233=ADVANCED_FACE('',(#13232),#13226,.T.);
#13239=EDGE_CURVE('',#6637,#6820,#5938,.T.);
#13241=EDGE_CURVE('',#6637,#6632,#5952,.T.);
#13247=ADVANCED_FACE('',(#13246),#13238,.T.);
#13254=EDGE_CURVE('',#6634,#6637,#5931,.T.);
#13260=ADVANCED_FACE('',(#13259),#13252,.T.);
#13272=ADVANCED_FACE('',(#13271),#13265,.T.);
#13284=ADVANCED_FACE('',(#13283),#13277,.F.);
#13290=EDGE_CURVE('',#7132,#7167,#5973,.T.);
#13296=EDGE_CURVE('',#7169,#7128,#6009,.T.);
#13299=EDGE_CURVE('',#7165,#7167,#6024,.T.);
#13303=ADVANCED_FACE('',(#13302),#13289,.F.);
#13310=EDGE_CURVE('',#7167,#7163,#6052,.T.);
#13312=EDGE_CURVE('',#7171,#7163,#6031,.T.);
#13317=ADVANCED_FACE('',(#13316),#13308,.T.);
#13332=EDGE_CURVE('',#7163,#7158,#6079,.T.);
#13337=ADVANCED_FACE('',(#13336),#13329,.T.);
#13350=EDGE_CURVE('',#7150,#7156,#6093,.T.);
#13358=ADVANCED_FACE('',(#13357),#13349,.F.);
#13378=ADVANCED_FACE('',(#13377),#13370,.T.);
#13397=ADVANCED_FACE('',(#13396),#13390,.F.);
#13410=EDGE_CURVE('',#7247,#7273,#6143,.T.);
#13413=EDGE_CURVE('',#7252,#7258,#6150,.T.);
#13415=EDGE_CURVE('',#7260,#7258,#6346,.T.);
#13417=EDGE_CURVE('',#7270,#7260,#6157,.T.);
#13420=EDGE_CURVE('',#7248,#7321,#6164,.T.);
#13422=EDGE_CURVE('',#7321,#7322,#6179,.T.);
#13424=EDGE_CURVE('',#7322,#7273,#6280,.T.);
#13428=ADVANCED_FACE('',(#13427),#13409,.T.);
#13441=EDGE_CURVE('',#7274,#7321,#6187,.T.);
#13446=EDGE_CURVE('',#7273,#7274,#6272,.T.);
#13450=ADVANCED_FACE('',(#13449),#13440,.T.);
#13463=EDGE_CURVE('',#7277,#7278,#6218,.T.);
#13465=EDGE_CURVE('',#7278,#7324,#6234,.T.);
#13467=EDGE_CURVE('',#7324,#7322,#6171,.T.);
#13471=EDGE_CURVE('',#7277,#7274,#6194,.T.);
#13475=ADVANCED_FACE('',(#13474),#13462,.T.);
#13489=EDGE_CURVE('',#7324,#7277,#6226,.T.);
#13494=EDGE_CURVE('',#7281,#7282,#6202,.T.);
#13496=EDGE_CURVE('',#7282,#7281,#6210,.T.);
#13500=ADVANCED_FACE('',(#13493,#13499),#13487,.T.);
#13514=EDGE_CURVE('',#7285,#7281,#6241,.T.);
#13516=EDGE_CURVE('',#7285,#7286,#6256,.T.);
#13518=EDGE_CURVE('',#7286,#7282,#6248,.T.);
#13522=ADVANCED_FACE('',(#13521),#13512,.F.);
#13538=EDGE_CURVE('',#7286,#7285,#6264,.T.);
#13542=ADVANCED_FACE('',(#13541),#13534,.F.);
#13559=ADVANCED_FACE('',(#13558),#13554,.F.);
#13572=ADVANCED_FACE('',(#13571),#13564,.T.);
#13585=EDGE_CURVE('',#7256,#7251,#6287,.T.);
#13587=EDGE_CURVE('',#7256,#7258,#6354,.T.);
#13593=ADVANCED_FACE('',(#13592),#13584,.F.);
#13608=EDGE_CURVE('',#7288,#7254,#6294,.T.);
#13610=EDGE_CURVE('',#7256,#7288,#6362,.T.);
#13614=ADVANCED_FACE('',(#13613),#13605,.T.);
#13627=EDGE_CURVE('',#7264,#7268,#6308,.T.);
#13629=EDGE_CURVE('',#7264,#7288,#6322,.T.);
#13635=ADVANCED_FACE('',(#13634),#13626,.T.);
#13650=EDGE_CURVE('',#7262,#7266,#6315,.T.);
#13652=EDGE_CURVE('',#7264,#7262,#6330,.T.);
#13656=ADVANCED_FACE('',(#13655),#13647,.T.);
#13671=EDGE_CURVE('',#7262,#7260,#6338,.T.);
#13676=ADVANCED_FACE('',(#13675),#13668,.T.);
#13697=ADVANCED_FACE('',(#13696),#13688,.F.);
#13717=ADVANCED_FACE('',(#13716),#13709,.T.);
#13727=(LENGTH_UNIT()NAMED_UNIT(*)SI_UNIT(.MILLI.,.METRE.));
#13728=(NAMED_UNIT(*)PLANE_ANGLE_UNIT()SI_UNIT($,.RADIAN.));
#13731=(NAMED_UNIT(*)SI_UNIT($,.STERADIAN.)SOLID_ANGLE_UNIT());
#13733=(GEOMETRIC_REPRESENTATION_CONTEXT(3)GLOBAL_UNCERTAINTY_ASSIGNED_CONTEXT((
#13732))GLOBAL_UNIT_ASSIGNED_CONTEXT((#13727,#13730,#13731))REPRESENTATION_CONTEXT('ID1','3'));
#13734=ADVANCED_BREP_SHAPE_REPRESENTATION('',(#13719),#13733);
#13742=PRODUCT_DEFINITION('part definition','',#13741,#13738);
#13743=PRODUCT_DEFINITION_SHAPE('','SHAPE FOR D1768016-00.',#13742);
#13744=SHAPE_ASPECT('','solid data associated with D1768016-00',#13743,.F.);
#13745=PROPERTY_DEFINITION('',
'shape for solid data with which properties are associated',#13744);
#13746=SHAPE_REPRESENTATION('',(#13719),#13733);
#13747=SHAPE_DEFINITION_REPRESENTATION(#13745,#13746);
#13748=(LENGTH_UNIT()NAMED_UNIT(*)SI_UNIT(.MILLI.,.METRE.));
#13752=PROPERTY_DEFINITION('geometric validation property',
'area of D1768016-00',#13744);
#13753=REPRESENTATION('surface area',(#13751),#13733);
#13754=PROPERTY_DEFINITION_REPRESENTATION(#13752,#13753);
#13755=(LENGTH_UNIT()NAMED_UNIT(*)SI_UNIT(.MILLI.,.METRE.));
#13759=PROPERTY_DEFINITION('geometric validation property',
'volume of D1768016-00',#13744);
#13760=REPRESENTATION('volume',(#13758),#13733);
#13761=PROPERTY_DEFINITION_REPRESENTATION(#13759,#13760);
#13763=PROPERTY_DEFINITION('geometric validation property',
'centroid of D1768016-00',#13744);
#13764=REPRESENTATION('centroid',(#13762),#13733);
#13765=PROPERTY_DEFINITION_REPRESENTATION(#13763,#13764);
#13766=(LENGTH_UNIT()NAMED_UNIT(*)SI_UNIT(.MILLI.,.METRE.));
#13770=PROPERTY_DEFINITION('geometric validation property',
'area of D1768016-00',#13743);
#13771=REPRESENTATION('surface area',(#13769),#13733);
#13772=PROPERTY_DEFINITION_REPRESENTATION(#13770,#13771);
#13773=(LENGTH_UNIT()NAMED_UNIT(*)SI_UNIT(.MILLI.,.METRE.));
#13777=PROPERTY_DEFINITION('geometric validation property',
'volume of D1768016-00',#13743);
#13778=REPRESENTATION('volume',(#13776),#13733);
#13779=PROPERTY_DEFINITION_REPRESENTATION(#13777,#13778);
#13781=PROPERTY_DEFINITION('geometric validation property',
'centroid of D1768016-00',#13743);
#13782=REPRESENTATION('centroid',(#13780),#13733);
#13783=PROPERTY_DEFINITION_REPRESENTATION(#13781,#13782);
#13784=SHAPE_DEFINITION_REPRESENTATION(#13743,#13734);
ENDSEC;
END-ISO-10303-21;
