ISO-10303-21;
HEADER;
FILE_DESCRIPTION((''),'2;1');
FILE_NAME('D1768125-00','2019-04-25T',('iei96381'),(''),
'CREO PARAMETRIC BY PTC INC, 2016380','CREO PARAMETRIC BY PTC INC, 2016380','');
FILE_SCHEMA(('CONFIG_CONTROL_DESIGN'));
ENDSEC;
DATA;
#2=CARTESIAN_POINT('',(-2.608227828205E1,1.204E2,2.060808220028E2));
#3=DIRECTION('',(0.E0,1.E0,0.E0));
#4=DIRECTION('',(-9.961946980917E-1,0.E0,-8.715574274765E-2));
#5=AXIS2_PLACEMENT_3D('',#2,#3,#4);
#7=CARTESIAN_POINT('',(-2.608227828205E1,1.204E2,2.060808220028E2));
#8=DIRECTION('',(0.E0,1.E0,0.E0));
#9=DIRECTION('',(-7.725639551790E-1,0.E0,6.349369536877E-1));
#10=AXIS2_PLACEMENT_3D('',#7,#8,#9);
#12=CARTESIAN_POINT('',(-2.608227828205E1,1.204E2,2.060808220028E2));
#13=DIRECTION('',(0.E0,1.E0,0.E0));
#14=DIRECTION('',(9.961946980917E-1,0.E0,8.715574274765E-2));
#15=AXIS2_PLACEMENT_3D('',#12,#13,#14);
#17=DIRECTION('',(-8.480480961564E-1,0.E0,5.299192642332E-1));
#18=VECTOR('',#17,5.759390540035E0);
#19=CARTESIAN_POINT('',(-2.573546602962E1,1.204E2,2.014995557859E2));
#20=LINE('',#19,#18);
#21=CARTESIAN_POINT('',(-2.335082934057E1,1.204E2,2.053157722186E2));
#22=DIRECTION('',(0.E0,-1.E0,0.E0));
#23=DIRECTION('',(-5.299192642328E-1,0.E0,-8.480480961567E-1));
#24=AXIS2_PLACEMENT_3D('',#21,#22,#23);
#26=DIRECTION('',(3.090169943749E-1,0.E0,-9.510565162952E-1));
#27=VECTOR('',#26,1.231585455434E1);
#28=CARTESIAN_POINT('',(-1.864939827657E1,1.204E2,2.132559436846E2));
#29=LINE('',#28,#27);
#30=CARTESIAN_POINT('',(-5.476779927468E1,1.204E2,1.102159192170E2));
#31=DIRECTION('',(0.E0,-1.E0,0.E0));
#32=DIRECTION('',(-8.715574274829E-2,0.E0,9.961946980917E-1));
#33=AXIS2_PLACEMENT_3D('',#30,#31,#32);
#35=DIRECTION('',(9.743700646123E-1,0.E0,2.249510550931E-1));
#36=VECTOR('',#35,4.115860120946E1);
#37=CARTESIAN_POINT('',(-1.172541381763E2,1.204E2,1.979070698777E2));
#38=LINE('',#37,#36);
#39=DIRECTION('',(2.249510543095E-1,0.E0,-9.743700647932E-1));
#40=VECTOR('',#39,3.5E0);
#41=CARTESIAN_POINT('',(-1.172541381763E2,1.204E2,1.979070698777E2));
#42=LINE('',#41,#40);
#43=DIRECTION('',(-9.743700646123E-1,0.E0,-2.249510550931E-1));
#44=VECTOR('',#43,4.115860121234E1);
#45=CARTESIAN_POINT('',(-7.636310056355E1,1.204E2,2.037554454198E2));
#46=LINE('',#45,#44);
#47=CARTESIAN_POINT('',(-5.476779927461E1,1.204E2,1.102159192170E2));
#48=DIRECTION('',(0.E0,1.E0,0.E0));
#49=DIRECTION('',(-2.249510550931E-1,0.E0,9.743700646123E-1));
#50=AXIS2_PLACEMENT_3D('',#47,#48,#49);
#52=CARTESIAN_POINT('',(-4.148305112890E1,1.204E2,1.871665818121E2));
#53=DIRECTION('',(0.E0,-1.E0,0.E0));
#54=DIRECTION('',(5.299192642333E-1,0.E0,8.480480961564E-1));
#55=AXIS2_PLACEMENT_3D('',#52,#53,#54);
#57=DIRECTION('',(0.E0,1.E0,0.E0));
#58=VECTOR('',#57,2.5E-1);
#59=CARTESIAN_POINT('',(-2.259559683873E1,1.204E2,2.063858671024E2));
#60=LINE('',#59,#58);
#61=DIRECTION('',(0.E0,1.E0,-2.273736754432E-13));
#62=VECTOR('',#61,2.5E-1);
#63=CARTESIAN_POINT('',(-2.956895972537E1,1.204E2,2.057757769031E2));
#64=LINE('',#63,#62);
#65=CARTESIAN_POINT('',(-2.608227828205E1,1.2065E2,2.060808220028E2));
#66=DIRECTION('',(0.E0,1.E0,0.E0));
#67=DIRECTION('',(-8.715574274762E-2,0.E0,9.961946980917E-1));
#68=AXIS2_PLACEMENT_3D('',#65,#66,#67);
#70=CARTESIAN_POINT('',(-2.608227828205E1,1.2065E2,2.060808220028E2));
#71=DIRECTION('',(0.E0,1.E0,0.E0));
#72=DIRECTION('',(8.715574274761E-2,0.E0,-9.961946980917E-1));
#73=AXIS2_PLACEMENT_3D('',#70,#71,#72);
#75=CARTESIAN_POINT('',(-2.608227828205E1,1.2065E2,2.060808220028E2));
#76=DIRECTION('',(0.E0,1.E0,0.E0));
#77=DIRECTION('',(9.961946980917E-1,0.E0,8.715574274765E-2));
#78=AXIS2_PLACEMENT_3D('',#75,#76,#77);
#80=CARTESIAN_POINT('',(-2.608227828205E1,1.2065E2,2.060808220028E2));
#81=DIRECTION('',(0.E0,1.E0,0.E0));
#82=DIRECTION('',(-9.961946980917E-1,0.E0,-8.715574274768E-2));
#83=AXIS2_PLACEMENT_3D('',#80,#81,#82);
#85=DIRECTION('',(0.E0,1.E0,0.E0));
#86=VECTOR('',#85,9.5E-1);
#87=CARTESIAN_POINT('',(-2.621301189617E1,1.2065E2,2.075751140499E2));
#88=LINE('',#87,#86);
#89=DIRECTION('',(0.E0,1.E0,0.E0));
#90=VECTOR('',#89,9.5E-1);
#91=CARTESIAN_POINT('',(-2.595154466793E1,1.2065E2,2.045865299556E2));
#92=LINE('',#91,#90);
#93=CARTESIAN_POINT('',(-2.608227828205E1,1.216E2,2.060808220028E2));
#94=DIRECTION('',(0.E0,1.E0,0.E0));
#95=DIRECTION('',(8.715574274762E-2,0.E0,-9.961946980917E-1));
#96=AXIS2_PLACEMENT_3D('',#93,#94,#95);
#98=CARTESIAN_POINT('',(-2.608227828205E1,1.216E2,2.060808220028E2));
#99=DIRECTION('',(0.E0,1.E0,0.E0));
#100=DIRECTION('',(1.E0,0.E0,1.894780628694E-14));
#101=AXIS2_PLACEMENT_3D('',#98,#99,#100);
#103=CARTESIAN_POINT('',(-2.488227828205E1,1.216E2,2.060808220028E2));
#104=DIRECTION('',(0.E0,0.E0,-1.E0));
#105=DIRECTION('',(-1.184237892934E-14,1.E0,0.E0));
#106=AXIS2_PLACEMENT_3D('',#103,#104,#105);
#108=CARTESIAN_POINT('',(-2.728227828205E1,1.216E2,2.060808220028E2));
#109=DIRECTION('',(0.E0,0.E0,1.E0));
#110=DIRECTION('',(1.184237892934E-14,1.E0,0.E0));
#111=AXIS2_PLACEMENT_3D('',#108,#109,#110);
#113=CARTESIAN_POINT('',(-2.608227828205E1,1.216E2,2.060808220028E2));
#114=DIRECTION('',(0.E0,1.E0,0.E0));
#115=DIRECTION('',(-9.961946980918E-1,0.E0,-8.715574274758E-2));
#116=AXIS2_PLACEMENT_3D('',#113,#114,#115);
#118=CARTESIAN_POINT('',(-2.608227828205E1,1.216E2,2.060808220028E2));
#119=DIRECTION('',(0.E0,1.E0,0.E0));
#120=DIRECTION('',(-8.715574274761E-2,0.E0,9.961946980917E-1));
#121=AXIS2_PLACEMENT_3D('',#118,#119,#120);
#123=CARTESIAN_POINT('',(-2.608227828205E1,1.216E2,2.060808220028E2));
#124=DIRECTION('',(0.E0,1.E0,0.E0));
#125=DIRECTION('',(-1.E0,0.E0,1.894780628694E-14));
#126=AXIS2_PLACEMENT_3D('',#123,#124,#125);
#128=CARTESIAN_POINT('',(-2.608227828205E1,1.219E2,2.060808220028E2));
#129=DIRECTION('',(0.E0,1.E0,0.E0));
#130=DIRECTION('',(1.E0,0.E0,4.736951571734E-14));
#131=AXIS2_PLACEMENT_3D('',#128,#129,#130);
#133=CARTESIAN_POINT('',(-2.608227828205E1,1.219E2,2.060808220028E2));
#134=DIRECTION('',(0.E0,1.E0,0.E0));
#135=DIRECTION('',(-1.E0,0.E0,0.E0));
#136=AXIS2_PLACEMENT_3D('',#133,#134,#135);
#138=CARTESIAN_POINT('',(-2.608227828205E1,1.219E2,2.060808220028E2));
#139=DIRECTION('',(0.E0,1.E0,0.E0));
#140=DIRECTION('',(-9.961946980918E-1,0.E0,-8.715574274760E-2));
#141=AXIS2_PLACEMENT_3D('',#138,#139,#140);
#143=DIRECTION('',(-8.480480961564E-1,0.E0,5.299192642332E-1));
#144=VECTOR('',#143,5.759390540034E0);
#145=CARTESIAN_POINT('',(-2.600042566174E1,1.199E2,2.010755317378E2));
#146=LINE('',#145,#144);
#147=CARTESIAN_POINT('',(-4.148305112890E1,1.199E2,1.871665818121E2));
#148=DIRECTION('',(0.E0,-1.E0,0.E0));
#149=DIRECTION('',(5.299192642332E-1,0.E0,8.480480961564E-1));
#150=AXIS2_PLACEMENT_3D('',#147,#148,#149);
#152=CARTESIAN_POINT('',(-3.061970621212E1,1.199E2,2.045515677833E2));
#153=DIRECTION('',(-8.480480961564E-1,0.E0,5.299192642332E-1));
#154=DIRECTION('',(2.842170943040E-14,1.E0,5.684341886081E-14));
#155=AXIS2_PLACEMENT_3D('',#152,#153,#154);
#157=CARTESIAN_POINT('',(-4.326974385523E1,1.199E2,2.075885731230E2));
#158=DIRECTION('',(9.961946980917E-1,0.E0,8.715574274761E-2));
#159=DIRECTION('',(8.715574274761E-2,0.E0,-9.961946980917E-1));
#160=AXIS2_PLACEMENT_3D('',#157,#158,#159);
#162=DIRECTION('',(0.E0,-1.E0,0.E0));
#163=VECTOR('',#162,8.E-1);
#164=CARTESIAN_POINT('',(-4.322616598385E1,1.199E2,2.070904757739E2));
#165=LINE('',#164,#163);
#166=DIRECTION('',(0.E0,-1.E0,0.E0));
#167=VECTOR('',#166,8.E-1);
#168=CARTESIAN_POINT('',(-3.088466584424E1,1.199E2,2.041275437352E2));
#169=LINE('',#168,#167);
#170=DIRECTION('',(9.961946980917E-1,0.E0,8.715574274761E-2));
#171=VECTOR('',#170,1.994088782163E1);
#172=CARTESIAN_POINT('',(-6.309117270700E1,1.191E2,2.053525128848E2));
#173=LINE('',#172,#171);
#174=DIRECTION('',(9.961946980917E-1,0.E0,8.715574274763E-2));
#175=VECTOR('',#174,1.994088782163E1);
#176=CARTESIAN_POINT('',(-6.313475057839E1,1.186E2,2.058506102338E2));
#177=LINE('',#176,#175);
#178=CARTESIAN_POINT('',(-5.476779927461E1,1.191E2,1.102159192170E2));
#179=DIRECTION('',(0.E0,1.E0,0.E0));
#180=DIRECTION('',(-2.249510550931E-1,0.E0,9.743700646123E-1));
#181=AXIS2_PLACEMENT_3D('',#178,#179,#180);
#183=CARTESIAN_POINT('',(-7.636310056355E1,1.191E2,2.037554454198E2));
#184=DIRECTION('',(9.743700646123E-1,0.E0,2.249510550931E-1));
#185=DIRECTION('',(2.842170943040E-14,-1.E0,-1.136868377216E-13));
#186=AXIS2_PLACEMENT_3D('',#183,#184,#185);
#188=CARTESIAN_POINT('',(-6.313475057838E1,1.191E2,2.058506102339E2));
#189=DIRECTION('',(9.961946980917E-1,0.E0,8.715574274761E-2));
#190=DIRECTION('',(0.E0,-1.E0,-5.684341886081E-14));
#191=AXIS2_PLACEMENT_3D('',#188,#189,#190);
#193=DIRECTION('',(1.776356839400E-14,-1.E0,0.E0));
#194=VECTOR('',#193,8.E-1);
#195=CARTESIAN_POINT('',(-7.625062503600E1,1.199E2,2.032682603875E2));
#196=LINE('',#195,#194);
#197=DIRECTION('',(0.E0,-1.E0,0.E0));
#198=VECTOR('',#197,8.E-1);
#199=CARTESIAN_POINT('',(-6.309117270700E1,1.199E2,2.053525128848E2));
#200=LINE('',#199,#198);
#201=CARTESIAN_POINT('',(-5.476779927461E1,1.199E2,1.102159192170E2));
#202=DIRECTION('',(0.E0,1.E0,0.E0));
#203=DIRECTION('',(-2.249510550931E-1,0.E0,9.743700646123E-1));
#204=AXIS2_PLACEMENT_3D('',#201,#202,#203);
#206=CARTESIAN_POINT('',(-6.313475057838E1,1.199E2,2.058506102339E2));
#207=DIRECTION('',(9.961946980917E-1,0.E0,8.715574274761E-2));
#208=DIRECTION('',(8.715574274761E-2,0.E0,-9.961946980917E-1));
#209=AXIS2_PLACEMENT_3D('',#206,#207,#208);
#211=CARTESIAN_POINT('',(-7.636310056355E1,1.199E2,2.037554454198E2));
#212=DIRECTION('',(-9.743700646123E-1,0.E0,-2.249510550931E-1));
#213=DIRECTION('',(0.E0,1.E0,-5.684341886081E-14));
#214=AXIS2_PLACEMENT_3D('',#211,#212,#213);
#216=DIRECTION('',(9.961946980917E-1,0.E0,8.715574274763E-2));
#217=VECTOR('',#216,1.994088782163E1);
#218=CARTESIAN_POINT('',(-6.313475057839E1,1.204E2,2.058506102338E2));
#219=LINE('',#218,#217);
#220=DIRECTION('',(9.961946980917E-1,0.E0,8.715574274762E-2));
#221=VECTOR('',#220,1.994088782163E1);
#222=CARTESIAN_POINT('',(-6.309117270700E1,1.199E2,2.053525128848E2));
#223=LINE('',#222,#221);
#224=DIRECTION('',(-9.743700646123E-1,-3.114340764029E-12,-2.249510550931E-1));
#225=VECTOR('',#224,4.115860120756E1);
#226=CARTESIAN_POINT('',(-7.625062503600E1,1.199E2,2.032682603875E2));
#227=LINE('',#226,#225);
#228=CARTESIAN_POINT('',(-1.164668094861E2,1.104E2,1.944967746510E2));
#229=DIRECTION('',(2.249510543438E-1,0.E0,-9.743700647852E-1));
#230=DIRECTION('',(-9.743700647852E-1,0.E0,-2.249510543438E-1));
#231=AXIS2_PLACEMENT_3D('',#228,#229,#230);
#233=CARTESIAN_POINT('',(-1.257233251016E2,1.104E2,1.923597396347E2));
#234=DIRECTION('',(0.E0,1.E0,0.E0));
#235=DIRECTION('',(2.249510550932E-1,0.E0,-9.743700646122E-1));
#236=AXIS2_PLACEMENT_3D('',#233,#234,#235);
#238=CARTESIAN_POINT('',(-1.164668094861E2,1.199E2,1.944967746510E2));
#239=DIRECTION('',(9.743700647852E-1,0.E0,2.249510543438E-1));
#240=DIRECTION('',(2.249510543438E-1,5.684341886081E-14,-9.743700647852E-1));
#241=AXIS2_PLACEMENT_3D('',#238,#239,#240);
#243=DIRECTION('',(2.249510543438E-1,0.E0,-9.743700647852E-1));
#244=VECTOR('',#243,3.5E0);
#245=CARTESIAN_POINT('',(-1.269978388233E2,1.104E2,1.956575593307E2));
#246=LINE('',#245,#244);
#247=CARTESIAN_POINT('',(-1.172541381763E2,1.104E2,1.979070698777E2));
#248=DIRECTION('',(2.249510543438E-1,0.E0,-9.743700647852E-1));
#249=DIRECTION('',(-9.743700647852E-1,0.E0,-2.249510543438E-1));
#250=AXIS2_PLACEMENT_3D('',#247,#248,#249);
#252=CARTESIAN_POINT('',(-1.172541381763E2,1.199E2,1.979070698777E2));
#253=DIRECTION('',(9.743700647852E-1,0.E0,2.249510543438E-1));
#254=DIRECTION('',(0.E0,1.E0,0.E0));
#255=AXIS2_PLACEMENT_3D('',#252,#253,#254);
#257=CARTESIAN_POINT('',(-1.265106537918E2,1.104E2,1.957700348614E2));
#258=DIRECTION('',(0.E0,1.E0,0.E0));
#259=DIRECTION('',(-9.743700614984E-1,0.E0,-2.249510685808E-1));
#260=AXIS2_PLACEMENT_3D('',#257,#258,#259);
#262=DIRECTION('',(9.743700646123E-1,-3.113650222335E-12,2.249510550931E-1));
#263=VECTOR('',#262,4.115860121423E1);
#264=CARTESIAN_POINT('',(-1.173666137085E2,1.199000000001E2,1.983942549090E2));
#265=LINE('',#264,#263);
#266=CARTESIAN_POINT('',(-1.173666137035E2,-1.959999999999E1,1.983942549101E2));
#267=DIRECTION('',(2.249510543438E-1,0.E0,-9.743700647852E-1));
#268=DIRECTION('',(-1.556161889344E-9,-1.E0,-3.592683577391E-10));
#269=AXIS2_PLACEMENT_3D('',#266,#267,#268);
#271=CARTESIAN_POINT('',(-1.173666137035E2,1.104E2,1.983942549101E2));
#272=DIRECTION('',(2.249510543438E-1,0.E0,-9.743700647852E-1));
#273=DIRECTION('',(-9.743700647852E-1,0.E0,-2.249510543438E-1));
#274=AXIS2_PLACEMENT_3D('',#271,#272,#273);
#276=CARTESIAN_POINT('',(-1.172541381763E2,-2.909999999999E1,1.979070698777E2));
#277=DIRECTION('',(-9.743700647852E-1,0.E0,-2.249510543438E-1));
#278=DIRECTION('',(0.E0,-1.E0,0.E0));
#279=AXIS2_PLACEMENT_3D('',#276,#277,#278);
#281=CARTESIAN_POINT('',(-1.172541381763E2,-1.959999999999E1,1.979070698777E2));
#282=DIRECTION('',(2.249510543438E-1,0.E0,-9.743700647852E-1));
#283=DIRECTION('',(0.E0,-1.E0,0.E0));
#284=AXIS2_PLACEMENT_3D('',#281,#282,#283);
#286=CARTESIAN_POINT('',(-1.265106537918E2,-1.959999999999E1,1.957700348614E2));
#287=DIRECTION('',(0.E0,1.E0,0.E0));
#288=DIRECTION('',(-9.743700614984E-1,0.E0,-2.249510685808E-1));
#289=AXIS2_PLACEMENT_3D('',#286,#287,#288);
#291=DIRECTION('',(9.743700646123E-1,3.114168128227E-12,2.249510550931E-1));
#292=VECTOR('',#291,4.115860121424E1);
#293=CARTESIAN_POINT('',(-1.173666137085E2,-2.910000000012E1,1.983942549090E2));
#294=LINE('',#293,#292);
#295=CARTESIAN_POINT('',(-2.140634989121E1,-2.959999999999E1,2.100032821598E2));
#296=DIRECTION('',(0.E0,-1.E0,0.E0));
#297=DIRECTION('',(-9.961946980917E-1,0.E0,-8.715574274765E-2));
#298=AXIS2_PLACEMENT_3D('',#295,#296,#297);
#300=CARTESIAN_POINT('',(-2.140634989121E1,-2.959999999999E1,2.100032821598E2));
#301=DIRECTION('',(0.E0,-1.E0,0.E0));
#302=DIRECTION('',(9.961946980917E-1,0.E0,8.715574274771E-2));
#303=AXIS2_PLACEMENT_3D('',#300,#301,#302);
#305=CARTESIAN_POINT('',(-2.608227828205E1,-2.959999999999E1,2.060808220028E2));
#306=DIRECTION('',(0.E0,-1.E0,0.E0));
#307=DIRECTION('',(9.961946980917E-1,0.E0,8.715574274765E-2));
#308=AXIS2_PLACEMENT_3D('',#305,#306,#307);
#310=CARTESIAN_POINT('',(-2.608227828205E1,-2.959999999999E1,2.060808220028E2));
#311=DIRECTION('',(0.E0,-1.E0,0.E0));
#312=DIRECTION('',(6.505713278221E-1,0.E0,7.594451576090E-1));
#313=AXIS2_PLACEMENT_3D('',#310,#311,#312);
#315=CARTESIAN_POINT('',(-2.608227828205E1,-2.959999999999E1,2.060808220028E2));
#316=DIRECTION('',(0.E0,-1.E0,0.E0));
#317=DIRECTION('',(-9.961946980917E-1,0.E0,-8.715574274765E-2));
#318=AXIS2_PLACEMENT_3D('',#315,#316,#317);
#320=DIRECTION('',(9.743700646123E-1,0.E0,2.249510550931E-1));
#321=VECTOR('',#320,4.115860121234E1);
#322=CARTESIAN_POINT('',(-1.164668094862E2,-2.959999999999E1,1.944967746509E2));
#323=LINE('',#322,#321);
#324=DIRECTION('',(2.249510543095E-1,0.E0,-9.743700647932E-1));
#325=VECTOR('',#324,3.5E0);
#326=CARTESIAN_POINT('',(-1.172541381763E2,-2.959999999999E1,1.979070698777E2));
#327=LINE('',#326,#325);
#328=DIRECTION('',(9.743700646123E-1,0.E0,2.249510550931E-1));
#329=VECTOR('',#328,4.115860120946E1);
#330=CARTESIAN_POINT('',(-1.172541381763E2,-2.959999999999E1,1.979070698777E2));
#331=LINE('',#330,#329);
#332=CARTESIAN_POINT('',(-5.476779927468E1,-2.959999999999E1,1.102159192170E2));
#333=DIRECTION('',(0.E0,-1.E0,0.E0));
#334=DIRECTION('',(-8.715574274829E-2,0.E0,9.961946980917E-1));
#335=AXIS2_PLACEMENT_3D('',#332,#333,#334);
#337=DIRECTION('',(3.090169943749E-1,0.E0,-9.510565162952E-1));
#338=VECTOR('',#337,1.231585455434E1);
#339=CARTESIAN_POINT('',(-1.864939827657E1,-2.959999999999E1,2.132559436846E2));
#340=LINE('',#339,#338);
#341=CARTESIAN_POINT('',(-2.335082934057E1,-2.959999999999E1,2.053157722186E2));
#342=DIRECTION('',(0.E0,1.E0,0.E0));
#343=DIRECTION('',(8.715574274747E-2,0.E0,-9.961946980918E-1));
#344=AXIS2_PLACEMENT_3D('',#341,#342,#343);
#346=DIRECTION('',(-8.480480961564E-1,0.E0,5.299192642332E-1));
#347=VECTOR('',#346,5.759390540034E0);
#348=CARTESIAN_POINT('',(-2.573546602962E1,-2.959999999999E1,2.014995557859E2));
#349=LINE('',#348,#347);
#350=CARTESIAN_POINT('',(-4.148305112890E1,-2.959999999999E1,1.871665818121E2));
#351=DIRECTION('',(0.E0,-1.E0,0.E0));
#352=DIRECTION('',(5.299192642333E-1,0.E0,8.480480961563E-1));
#353=AXIS2_PLACEMENT_3D('',#350,#351,#352);
#355=CARTESIAN_POINT('',(-5.476779927461E1,-2.959999999999E1,1.102159192170E2));
#356=DIRECTION('',(0.E0,-1.E0,0.E0));
#357=DIRECTION('',(-8.715574274796E-2,0.E0,9.961946980917E-1));
#358=AXIS2_PLACEMENT_3D('',#355,#356,#357);
#360=DIRECTION('',(-7.044160264027E-1,7.071067811866E-1,-6.162841671629E-2));
#361=VECTOR('',#360,9.071067811866E-1);
#362=CARTESIAN_POINT('',(-2.176356403497E1,-3.024142135623E1,2.099720299718E2));
#363=LINE('',#362,#361);
#364=DIRECTION('',(7.044160264028E-1,7.071067811865E-1,6.162841671594E-2));
#365=VECTOR('',#364,9.071067811866E-1);
#366=CARTESIAN_POINT('',(-2.104913574744E1,-3.024142135623E1,2.100345343478E2));
#367=LINE('',#366,#365);
#368=CARTESIAN_POINT('',(-2.140634989121E1,-3.024142135623E1,2.100032821598E2));
#369=DIRECTION('',(0.E0,1.E0,0.E0));
#370=DIRECTION('',(-9.961946980917E-1,0.E0,-8.715574274772E-2));
#371=AXIS2_PLACEMENT_3D('',#368,#369,#370);
#373=CARTESIAN_POINT('',(-2.162268082969E1,-3.009999999999E1,2.099843556551E2));
#374=DIRECTION('',(-8.715574274776E-2,0.E0,9.961946980917E-1));
#375=DIRECTION('',(-7.044160264028E-1,-7.071067811865E-1,-6.162841671625E-2));
#376=AXIS2_PLACEMENT_3D('',#373,#374,#375);
#378=CARTESIAN_POINT('',(-2.119001895272E1,-3.009999999999E1,2.100222086645E2));
#379=DIRECTION('',(8.715574274930E-2,0.E0,-9.961946980916E-1));
#380=DIRECTION('',(7.044160264027E-1,-7.071067811865E-1,6.162841671738E-2));
#381=AXIS2_PLACEMENT_3D('',#378,#379,#380);
#383=CARTESIAN_POINT('',(-2.140634989121E1,-3.024142135623E1,2.100032821598E2));
#384=DIRECTION('',(0.E0,1.E0,0.E0));
#385=DIRECTION('',(9.961946980917E-1,0.E0,8.715574274764E-2));
#386=AXIS2_PLACEMENT_3D('',#383,#384,#385);
#388=CARTESIAN_POINT('',(-2.140634989121E1,-3.029999999999E1,2.100032821598E2));
#389=DIRECTION('',(0.E0,1.E0,0.E0));
#390=DIRECTION('',(-9.961946980917E-1,0.E0,-8.715574274773E-2));
#391=AXIS2_PLACEMENT_3D('',#388,#389,#390);
#393=CARTESIAN_POINT('',(-2.140634989121E1,-3.029999999999E1,2.100032821598E2));
#394=DIRECTION('',(0.E0,1.E0,0.E0));
#395=DIRECTION('',(9.961946980918E-1,0.E0,8.715574274760E-2));
#396=AXIS2_PLACEMENT_3D('',#393,#394,#395);
#398=DIRECTION('',(0.E0,-1.E0,0.E0));
#399=VECTOR('',#398,1.5E-1);
#400=CARTESIAN_POINT('',(-2.956895972537E1,-2.959999999999E1,2.057757769031E2));
#401=LINE('',#400,#399);
#402=DIRECTION('',(0.E0,-1.E0,0.E0));
#403=VECTOR('',#402,1.5E-1);
#404=CARTESIAN_POINT('',(-2.259559683873E1,-2.959999999999E1,2.063858671024E2));
#405=LINE('',#404,#403);
#406=CARTESIAN_POINT('',(-2.608227828205E1,-2.974999999999E1,2.060808220028E2));
#407=DIRECTION('',(0.E0,1.E0,0.E0));
#408=DIRECTION('',(-8.715574274762E-2,0.E0,9.961946980917E-1));
#409=AXIS2_PLACEMENT_3D('',#406,#407,#408);
#411=CARTESIAN_POINT('',(-2.608227828205E1,-2.974999999999E1,2.060808220028E2));
#412=DIRECTION('',(0.E0,1.E0,0.E0));
#413=DIRECTION('',(8.715574274761E-2,0.E0,-9.961946980917E-1));
#414=AXIS2_PLACEMENT_3D('',#411,#412,#413);
#416=CARTESIAN_POINT('',(-2.608227828205E1,-2.974999999999E1,2.060808220028E2));
#417=DIRECTION('',(0.E0,-1.E0,0.E0));
#418=DIRECTION('',(9.961946980917E-1,0.E0,8.715574274765E-2));
#419=AXIS2_PLACEMENT_3D('',#416,#417,#418);
#421=CARTESIAN_POINT('',(-2.608227828205E1,-2.974999999999E1,2.060808220028E2));
#422=DIRECTION('',(0.E0,-1.E0,0.E0));
#423=DIRECTION('',(-9.961946980917E-1,0.E0,-8.715574274766E-2));
#424=AXIS2_PLACEMENT_3D('',#421,#422,#423);
#426=DIRECTION('',(0.E0,1.E0,0.E0));
#427=VECTOR('',#426,1.05E0);
#428=CARTESIAN_POINT('',(-2.595154466793E1,-3.079999999999E1,2.045865299556E2));
#429=LINE('',#428,#427);
#430=DIRECTION('',(0.E0,1.E0,0.E0));
#431=VECTOR('',#430,1.05E0);
#432=CARTESIAN_POINT('',(-2.621301189617E1,-3.079999999999E1,2.075751140499E2));
#433=LINE('',#432,#431);
#434=CARTESIAN_POINT('',(-2.608227828205E1,-3.079999999999E1,2.060808220028E2));
#435=DIRECTION('',(0.E0,1.E0,0.E0));
#436=DIRECTION('',(-1.E0,0.E0,1.894780628694E-14));
#437=AXIS2_PLACEMENT_3D('',#434,#435,#436);
#439=CARTESIAN_POINT('',(-2.608227828205E1,-3.079999999999E1,2.060808220028E2));
#440=DIRECTION('',(0.E0,1.E0,0.E0));
#441=DIRECTION('',(-8.715574274762E-2,0.E0,9.961946980917E-1));
#442=AXIS2_PLACEMENT_3D('',#439,#440,#441);
#444=CARTESIAN_POINT('',(-2.608227828205E1,-3.079999999999E1,2.060808220028E2));
#445=DIRECTION('',(0.E0,1.E0,0.E0));
#446=DIRECTION('',(8.715574274762E-2,0.E0,-9.961946980917E-1));
#447=AXIS2_PLACEMENT_3D('',#444,#445,#446);
#449=CARTESIAN_POINT('',(-2.608227828205E1,-3.079999999999E1,2.060808220028E2));
#450=DIRECTION('',(0.E0,1.E0,0.E0));
#451=DIRECTION('',(-9.961946980918E-1,0.E0,-8.715574274760E-2));
#452=AXIS2_PLACEMENT_3D('',#449,#450,#451);
#454=CARTESIAN_POINT('',(-2.728227828205E1,-3.079999999999E1,2.060808220028E2));
#455=DIRECTION('',(0.E0,0.E0,1.E0));
#456=DIRECTION('',(-1.E0,0.E0,0.E0));
#457=AXIS2_PLACEMENT_3D('',#454,#455,#456);
#459=CARTESIAN_POINT('',(-2.488227828205E1,-3.079999999999E1,2.060808220028E2));
#460=DIRECTION('',(0.E0,0.E0,-1.E0));
#461=DIRECTION('',(1.E0,0.E0,0.E0));
#462=AXIS2_PLACEMENT_3D('',#459,#460,#461);
#464=CARTESIAN_POINT('',(-2.608227828205E1,-3.079999999999E1,2.060808220028E2));
#465=DIRECTION('',(0.E0,1.E0,0.E0));
#466=DIRECTION('',(1.E0,0.E0,1.894780628694E-14));
#467=AXIS2_PLACEMENT_3D('',#464,#465,#466);
#469=CARTESIAN_POINT('',(-2.608227828205E1,-3.109999999999E1,2.060808220028E2));
#470=DIRECTION('',(0.E0,1.E0,0.E0));
#471=DIRECTION('',(1.E0,0.E0,4.736951571734E-14));
#472=AXIS2_PLACEMENT_3D('',#469,#470,#471);
#474=CARTESIAN_POINT('',(-2.608227828205E1,-3.109999999999E1,2.060808220028E2));
#475=DIRECTION('',(0.E0,1.E0,0.E0));
#476=DIRECTION('',(-9.961946980917E-1,0.E0,-8.715574274765E-2));
#477=AXIS2_PLACEMENT_3D('',#474,#475,#476);
#479=CARTESIAN_POINT('',(-2.608227828205E1,-3.109999999999E1,2.060808220028E2));
#480=DIRECTION('',(0.E0,1.E0,0.E0));
#481=DIRECTION('',(-1.E0,0.E0,0.E0));
#482=AXIS2_PLACEMENT_3D('',#479,#480,#481);
#484=DIRECTION('',(9.743700646123E-1,-3.113995493434E-12,2.249510550931E-1));
#485=VECTOR('',#484,4.115860120756E1);
#486=CARTESIAN_POINT('',(-1.163543339540E2,-2.909999999986E1,1.940095896197E2));
#487=LINE('',#486,#485);
#488=CARTESIAN_POINT('',(-5.476779927461E1,-2.909999999999E1,1.102159192170E2));
#489=DIRECTION('',(0.E0,-1.E0,0.E0));
#490=DIRECTION('',(-8.715574274762E-2,0.E0,9.961946980917E-1));
#491=AXIS2_PLACEMENT_3D('',#488,#489,#490);
#493=CARTESIAN_POINT('',(-7.636310056355E1,-2.909999999999E1,2.037554454198E2));
#494=DIRECTION('',(-9.743700646123E-1,0.E0,-2.249510550931E-1));
#495=DIRECTION('',(2.249510550931E-1,0.E0,-9.743700646123E-1));
#496=AXIS2_PLACEMENT_3D('',#493,#494,#495);
#498=CARTESIAN_POINT('',(-6.313475057838E1,-2.909999999999E1,2.058506102339E2));
#499=DIRECTION('',(-9.961946980917E-1,0.E0,-8.715574274761E-2));
#500=DIRECTION('',(8.715574274761E-2,0.E0,-9.961946980917E-1));
#501=AXIS2_PLACEMENT_3D('',#498,#499,#500);
#503=DIRECTION('',(0.E0,1.E0,0.E0));
#504=VECTOR('',#503,8.E-1);
#505=CARTESIAN_POINT('',(-6.309117270700E1,-2.909999999999E1,2.053525128848E2));
#506=LINE('',#505,#504);
#507=DIRECTION('',(-1.776356839400E-14,1.E0,0.E0));
#508=VECTOR('',#507,8.E-1);
#509=CARTESIAN_POINT('',(-7.625062503600E1,-2.909999999999E1,2.032682603875E2));
#510=LINE('',#509,#508);
#511=DIRECTION('',(-9.961946980917E-1,0.E0,-8.715574274763E-2));
#512=VECTOR('',#511,1.994088782163E1);
#513=CARTESIAN_POINT('',(-4.326974385524E1,-2.779999999999E1,2.075885731230E2));
#514=LINE('',#513,#512);
#515=DIRECTION('',(-9.961946980917E-1,0.E0,-8.715574274762E-2));
#516=VECTOR('',#515,1.994088782163E1);
#517=CARTESIAN_POINT('',(-4.322616598385E1,-2.829999999999E1,2.070904757739E2));
#518=LINE('',#517,#516);
#519=DIRECTION('',(-8.480480961564E-1,0.E0,5.299192642332E-1));
#520=VECTOR('',#519,5.759390540034E0);
#521=CARTESIAN_POINT('',(-2.573546602962E1,-2.779999999999E1,2.014995557859E2));
#522=LINE('',#521,#520);
#523=CARTESIAN_POINT('',(-2.335082934057E1,-2.779999999999E1,2.053157722186E2));
#524=DIRECTION('',(0.E0,1.E0,0.E0));
#525=DIRECTION('',(-3.914326878138E-1,0.E0,-9.202067435695E-1));
#526=AXIS2_PLACEMENT_3D('',#523,#524,#525);
#528=DIRECTION('',(3.090169943749E-1,0.E0,-9.510565162952E-1));
#529=VECTOR('',#528,9.926262080080E0);
#530=CARTESIAN_POINT('',(-2.817966010910E1,-2.779999999999E1,2.106152781063E2));
#531=LINE('',#530,#529);
#532=CARTESIAN_POINT('',(-5.476779927457E1,-2.779999999999E1,1.102159192171E2));
#533=DIRECTION('',(0.E0,-1.E0,0.E0));
#534=DIRECTION('',(-8.715574274766E-2,0.E0,9.961946980917E-1));
#535=AXIS2_PLACEMENT_3D('',#532,#533,#534);
#537=DIRECTION('',(9.743700646123E-1,0.E0,2.249510550931E-1));
#538=VECTOR('',#537,4.114828553418E1);
#539=CARTESIAN_POINT('',(-1.168391749918E2,-2.779999999999E1,1.961555242835E2));
#540=LINE('',#539,#538);
#541=DIRECTION('',(9.743700646123E-1,0.E0,2.249510550931E-1));
#542=VECTOR('',#541,4.138720495405E1);
#543=CARTESIAN_POINT('',(-1.166895541287E2,-2.779999999999E1,1.944453499981E2));
#544=LINE('',#543,#542);
#545=CARTESIAN_POINT('',(-5.476779927461E1,-2.779999999999E1,1.102159192170E2));
#546=DIRECTION('',(0.E0,-1.E0,0.E0));
#547=DIRECTION('',(-8.715574274796E-2,0.E0,9.961946980917E-1));
#548=AXIS2_PLACEMENT_3D('',#545,#546,#547);
#550=CARTESIAN_POINT('',(-4.148305112890E1,-2.779999999999E1,1.871665818121E2));
#551=DIRECTION('',(0.E0,-1.E0,0.E0));
#552=DIRECTION('',(5.299192642333E-1,0.E0,8.480480961563E-1));
#553=AXIS2_PLACEMENT_3D('',#550,#551,#552);
#555=DIRECTION('',(-8.480480961564E-1,0.E0,5.299192642332E-1));
#556=VECTOR('',#555,5.759390540034E0);
#557=CARTESIAN_POINT('',(-2.600042566174E1,-2.829999999999E1,2.010755317378E2));
#558=LINE('',#557,#556);
#559=CARTESIAN_POINT('',(-4.148305112890E1,-2.829999999999E1,1.871665818121E2));
#560=DIRECTION('',(0.E0,-1.E0,0.E0));
#561=DIRECTION('',(5.299192642332E-1,0.E0,8.480480961564E-1));
#562=AXIS2_PLACEMENT_3D('',#559,#560,#561);
#564=CARTESIAN_POINT('',(-3.061970621212E1,-2.829999999999E1,2.045515677833E2));
#565=DIRECTION('',(-8.480480961564E-1,0.E0,5.299192642332E-1));
#566=DIRECTION('',(4.973799150321E-14,1.E0,5.684341886081E-14));
#567=AXIS2_PLACEMENT_3D('',#564,#565,#566);
#569=CARTESIAN_POINT('',(-4.326974385523E1,-2.829999999999E1,2.075885731230E2));
#570=DIRECTION('',(-9.961946980917E-1,0.E0,-8.715574274761E-2));
#571=DIRECTION('',(0.E0,1.E0,5.684341886081E-14));
#572=AXIS2_PLACEMENT_3D('',#569,#570,#571);
#574=DIRECTION('',(0.E0,-1.E0,0.E0));
#575=VECTOR('',#574,8.E-1);
#576=CARTESIAN_POINT('',(-3.088466584424E1,-2.829999999999E1,2.041275437352E2));
#577=LINE('',#576,#575);
#578=DIRECTION('',(-1.776356839400E-14,-1.E0,-3.552713678800E-14));
#579=VECTOR('',#578,8.E-1);
#580=CARTESIAN_POINT('',(-4.322616598385E1,-2.829999999999E1,2.070904757739E2));
#581=LINE('',#580,#579);
#582=CARTESIAN_POINT('',(-4.148305112890E1,-2.909999999999E1,1.871665818121E2));
#583=DIRECTION('',(0.E0,-1.E0,0.E0));
#584=DIRECTION('',(5.299192642332E-1,0.E0,8.480480961564E-1));
#585=AXIS2_PLACEMENT_3D('',#582,#583,#584);
#587=CARTESIAN_POINT('',(-4.326974385523E1,-2.909999999999E1,2.075885731230E2));
#588=DIRECTION('',(-9.961946980917E-1,0.E0,-8.715574274761E-2));
#589=DIRECTION('',(8.715574274761E-2,0.E0,-9.961946980917E-1));
#590=AXIS2_PLACEMENT_3D('',#587,#588,#589);
#592=CARTESIAN_POINT('',(-3.061970621212E1,-2.909999999999E1,2.045515677833E2));
#593=DIRECTION('',(-8.480480961564E-1,0.E0,5.299192642332E-1));
#594=DIRECTION('',(-5.299192642332E-1,0.E0,-8.480480961564E-1));
#595=AXIS2_PLACEMENT_3D('',#592,#593,#594);
#597=DIRECTION('',(-9.961946980917E-1,0.E0,-8.715574274763E-2));
#598=VECTOR('',#597,1.994088782163E1);
#599=CARTESIAN_POINT('',(-4.326974385524E1,-2.959999999999E1,2.075885731230E2));
#600=LINE('',#599,#598);
#601=DIRECTION('',(-9.961946980917E-1,0.E0,-8.715574274762E-2));
#602=VECTOR('',#601,1.994088782163E1);
#603=CARTESIAN_POINT('',(-4.322616598385E1,-2.909999999999E1,2.070904757739E2));
#604=LINE('',#603,#602);
#605=DIRECTION('',(-8.480480961564E-1,0.E0,5.299192642332E-1));
#606=VECTOR('',#605,5.759390540034E0);
#607=CARTESIAN_POINT('',(-2.600042566174E1,-2.909999999999E1,2.010755317378E2));
#608=LINE('',#607,#606);
#609=CARTESIAN_POINT('',(-2.335082934057E1,-2.909999999999E1,2.053157722186E2));
#610=DIRECTION('',(0.E0,1.E0,0.E0));
#611=DIRECTION('',(8.715574274766E-2,0.E0,-9.961946980917E-1));
#612=AXIS2_PLACEMENT_3D('',#609,#610,#611);
#614=CARTESIAN_POINT('',(-2.573546602962E1,-2.909999999999E1,2.014995557859E2));
#615=DIRECTION('',(-8.480480961564E-1,0.E0,5.299192642332E-1));
#616=DIRECTION('',(-5.299192642332E-1,0.E0,-8.480480961564E-1));
#617=AXIS2_PLACEMENT_3D('',#614,#615,#616);
#619=CARTESIAN_POINT('',(-2.295862849821E1,-2.909999999999E1,2.008328960772E2));
#620=DIRECTION('',(-9.961946980917E-1,0.E0,-8.715574274766E-2));
#621=DIRECTION('',(8.715574274766E-2,0.E0,-9.961946980917E-1));
#622=AXIS2_PLACEMENT_3D('',#619,#620,#621);
#624=DIRECTION('',(0.E0,1.E0,0.E0));
#625=VECTOR('',#624,1.E0);
#626=CARTESIAN_POINT('',(-2.291505062684E1,-2.909999999999E1,2.003347987282E2));
#627=LINE('',#626,#625);
#628=CARTESIAN_POINT('',(-2.551967508713E1,-2.829999999999E1,2.008106520063E2));
#629=CARTESIAN_POINT('',(-2.543790221546E1,-2.823439442743E1,2.007712850779E2));
#630=CARTESIAN_POINT('',(-2.535583917399E1,-2.816770953686E1,2.007345178451E2));
#631=CARTESIAN_POINT('',(-2.527350066094E1,-2.809999999999E1,2.007002186230E2));
#633=DIRECTION('',(0.E0,1.E0,0.E0));
#634=VECTOR('',#633,8.E-1);
#635=CARTESIAN_POINT('',(-2.600042566174E1,-2.909999999999E1,2.010755317378E2));
#636=LINE('',#635,#634);
#637=DIRECTION('',(0.E0,1.E0,0.E0));
#638=VECTOR('',#637,1.49E2);
#639=CARTESIAN_POINT('',(-1.436806166088E1,-2.909999999999E1,2.016973784541E2));
#640=LINE('',#639,#638);
#641=DIRECTION('',(0.E0,1.E0,0.E0));
#642=VECTOR('',#641,1.49E2);
#643=CARTESIAN_POINT('',(-1.480001204766E1,-2.909999999999E1,2.010447726079E2));
#644=LINE('',#643,#642);
#645=DIRECTION('',(3.090169943749E-1,0.E0,-9.510565162952E-1));
#646=VECTOR('',#645,1.231585455434E1);
#647=CARTESIAN_POINT('',(-1.817387001843E1,1.199E2,2.134104521818E2));
#648=LINE('',#647,#646);
#649=CARTESIAN_POINT('',(-1.864939827657E1,1.199E2,2.132559436846E2));
#650=DIRECTION('',(3.090169943749E-1,0.E0,-9.510565162952E-1));
#651=DIRECTION('',(8.670345202687E-1,4.109585160568E-1,2.817165929491E-1));
#652=AXIS2_PLACEMENT_3D('',#649,#650,#651);
#654=CARTESIAN_POINT('',(-1.864939827657E1,1.199E2,2.132559436846E2));
#655=DIRECTION('',(0.E0,1.E0,0.E0));
#656=DIRECTION('',(-8.715574274762E-2,0.E0,9.961946980917E-1));
#657=AXIS2_PLACEMENT_3D('',#654,#655,#656);
#659=CARTESIAN_POINT('',(-1.864939827657E1,1.199E2,2.132559436846E2));
#660=DIRECTION('',(-9.961946980917E-1,0.E0,-8.715574274762E-2));
#661=DIRECTION('',(-8.715574274762E-2,0.E0,9.961946980917E-1));
#662=AXIS2_PLACEMENT_3D('',#659,#660,#661);
#664=CARTESIAN_POINT('',(-1.864939827657E1,1.199E2,2.132559436846E2));
#665=DIRECTION('',(3.063477795519E-1,-8.856121021507E-1,3.490590816579E-1));
#666=DIRECTION('',(5.841737818910E-1,4.644256716895E-1,6.656198524886E-1));
#667=AXIS2_PLACEMENT_3D('',#664,#665,#666);
#669=CARTESIAN_POINT('',(-1.864939827657E1,1.199E2,2.132559436846E2));
#670=DIRECTION('',(-3.063477795519E-1,8.856121021507E-1,-3.490590816579E-1));
#671=DIRECTION('',(5.841737818910E-1,4.644256716895E-1,6.656198524886E-1));
#672=AXIS2_PLACEMENT_3D('',#669,#670,#671);
#674=DIRECTION('',(0.E0,1.E0,0.E0));
#675=VECTOR('',#674,1.49E2);
#676=CARTESIAN_POINT('',(-1.869297614795E1,-2.909999999999E1,2.137540410337E2));
#677=LINE('',#676,#675);
#678=DIRECTION('',(0.E0,1.E0,0.E0));
#679=VECTOR('',#678,1.49E2);
#680=CARTESIAN_POINT('',(-1.817387001843E1,-2.909999999999E1,2.134104521818E2));
#681=LINE('',#680,#679);
#682=CARTESIAN_POINT('',(-6.348337354944E1,-2.659999999999E1,2.098353890262E2));
#683=CARTESIAN_POINT('',(-6.348336715261E1,-2.664998520212E1,2.098353895859E2));
#684=CARTESIAN_POINT('',(-6.347965491345E1,-2.674961907147E1,2.098357143647E2));
#685=CARTESIAN_POINT('',(-6.346294779240E1,-2.689843547811E1,2.098371760484E2));
#686=CARTESIAN_POINT('',(-6.343522318637E1,-2.704549186535E1,2.098396016371E2));
#687=CARTESIAN_POINT('',(-6.339662884559E1,-2.719007527567E1,2.098429782044E2));
#688=CARTESIAN_POINT('',(-6.334736867518E1,-2.733138702518E1,2.098472879109E2));
#689=CARTESIAN_POINT('',(-6.328772240051E1,-2.746861369341E1,2.098525062837E2));
#690=CARTESIAN_POINT('',(-6.321803252587E1,-2.760096871526E1,2.098586033577E2));
#691=CARTESIAN_POINT('',(-6.313869946556E1,-2.772770527151E1,2.098655441012E2));
#692=CARTESIAN_POINT('',(-6.305013010189E1,-2.784816886881E1,2.098732929164E2));
#693=CARTESIAN_POINT('',(-6.295284259398E1,-2.796164587313E1,2.098818044705E2));
#694=CARTESIAN_POINT('',(-6.284738715127E1,-2.806749928788E1,2.098910306262E2));
#695=CARTESIAN_POINT('',(-6.273435358815E1,-2.816514066480E1,2.099009197816E2));
#696=CARTESIAN_POINT('',(-6.261436669609E1,-2.825403013187E1,2.099114172744E2));
#697=CARTESIAN_POINT('',(-6.248812882385E1,-2.833365364740E1,2.099224616571E2));
#698=CARTESIAN_POINT('',(-6.235628842204E1,-2.840360327210E1,2.099339961977E2));
#699=CARTESIAN_POINT('',(-6.221958609132E1,-2.846347639205E1,2.099459561019E2));
#700=CARTESIAN_POINT('',(-6.207881123144E1,-2.851292479952E1,2.099582723062E2));
#701=CARTESIAN_POINT('',(-6.193477964419E1,-2.855166591260E1,2.099708734373E2));
#702=CARTESIAN_POINT('',(-6.178828509643E1,-2.857949598992E1,2.099836900495E2));
#703=CARTESIAN_POINT('',(-6.164003633166E1,-2.859626701167E1,2.099966601358E2));
#704=CARTESIAN_POINT('',(-6.154078024753E1,-2.859999350797E1,2.100053439180E2));
#705=CARTESIAN_POINT('',(-6.149098415325E1,-2.859999999999E1,2.100097005117E2));
#707=DIRECTION('',(-9.961946980917E-1,0.E0,-8.715574274762E-2));
#708=VECTOR('',#707,3.5E1);
#709=CARTESIAN_POINT('',(-2.662416972004E1,-2.859999999999E1,2.130601515079E2));
#710=LINE('',#709,#708);
#711=CARTESIAN_POINT('',(-2.662416972004E1,-2.859999999999E1,2.130601515079E2));
#712=CARTESIAN_POINT('',(-2.657437472670E1,-2.859999357873E1,2.130645080053E2));
#713=CARTESIAN_POINT('',(-2.647511999430E1,-2.859626715942E1,2.130731916692E2));
#714=CARTESIAN_POINT('',(-2.632686987902E1,-2.857949621988E1,2.130861618736E2));
#715=CARTESIAN_POINT('',(-2.618037308574E1,-2.855166571036E1,2.130989786823E2));
#716=CARTESIAN_POINT('',(-2.603633985894E1,-2.851292394547E1,2.131115799568E2));
#717=CARTESIAN_POINT('',(-2.589556584330E1,-2.846347560921E1,2.131238960873E2));
#718=CARTESIAN_POINT('',(-2.575886136398E1,-2.840360149546E1,2.131358561795E2));
#719=CARTESIAN_POINT('',(-2.562700999294E1,-2.833364541682E1,2.131473916797E2));
#720=CARTESIAN_POINT('',(-2.550075570755E1,-2.825400931711E1,2.131584374984E2));
#721=CARTESIAN_POINT('',(-2.538075051060E1,-2.816510163286E1,2.131689365927E2));
#722=CARTESIAN_POINT('',(-2.526770532054E1,-2.806744250247E1,2.131788267653E2));
#723=CARTESIAN_POINT('',(-2.516225471E1,-2.796158423710E1,2.131880524983E2));
#724=CARTESIAN_POINT('',(-2.506498488799E1,-2.784811890413E1,2.131965625050E2));
#725=CARTESIAN_POINT('',(-2.497643367218E1,-2.772767368164E1,2.132043097325E2));
#726=CARTESIAN_POINT('',(-2.489711314817E1,-2.760095360123E1,2.132112493792E2));
#727=CARTESIAN_POINT('',(-2.482742970291E1,-2.746860959050E1,2.132173458907E2));
#728=CARTESIAN_POINT('',(-2.476778441825E1,-2.733138507909E1,2.132225641769E2));
#729=CARTESIAN_POINT('',(-2.471852417690E1,-2.719007248212E1,2.132268738896E2));
#730=CARTESIAN_POINT('',(-2.467993048545E1,-2.704549071760E1,2.132302504001E2));
#731=CARTESIAN_POINT('',(-2.465220630998E1,-2.689843658448E1,2.132326759511E2));
#732=CARTESIAN_POINT('',(-2.463549910703E1,-2.674962153351E1,2.132341376420E2));
#733=CARTESIAN_POINT('',(-2.463178679118E1,-2.664998630726E1,2.132344624275E2));
#734=CARTESIAN_POINT('',(-2.463178032386E1,-2.659999999999E1,2.132344629934E2));
#736=DIRECTION('',(0.E0,-1.E0,0.E0));
#737=VECTOR('',#736,3.3E1);
#738=CARTESIAN_POINT('',(-2.463178032386E1,6.400000000008E0,2.132344629934E2));
#739=LINE('',#738,#737);
#740=CARTESIAN_POINT('',(-2.463178032386E1,6.400000000008E0,2.132344629934E2));
#741=CARTESIAN_POINT('',(-2.463178672068E1,6.449985202139E0,2.132344624337E2));
#742=CARTESIAN_POINT('',(-2.463549895985E1,6.549619071490E0,2.132341376549E2));
#743=CARTESIAN_POINT('',(-2.465220608090E1,6.698435478125E0,2.132326759712E2));
#744=CARTESIAN_POINT('',(-2.467993068693E1,6.845491865363E0,2.132302503824E2));
#745=CARTESIAN_POINT('',(-2.471852502771E1,6.990075275686E0,2.132268738152E2));
#746=CARTESIAN_POINT('',(-2.476778519812E1,7.131387025195E0,2.132225641087E2));
#747=CARTESIAN_POINT('',(-2.482743147279E1,7.268613693427E0,2.132173457358E2));
#748=CARTESIAN_POINT('',(-2.489712134743E1,7.400968715277E0,2.132112486618E2));
#749=CARTESIAN_POINT('',(-2.497645440774E1,7.527705271532E0,2.132043079184E2));
#750=CARTESIAN_POINT('',(-2.506502377141E1,7.648168868834E0,2.131965591032E2));
#751=CARTESIAN_POINT('',(-2.516231127932E1,7.761645873158E0,2.131880475491E2));
#752=CARTESIAN_POINT('',(-2.526776672204E1,7.867499287903E0,2.131788213934E2));
#753=CARTESIAN_POINT('',(-2.538080028516E1,7.965140664825E0,2.131689322380E2));
#754=CARTESIAN_POINT('',(-2.550078717722E1,8.054030131893E0,2.131584347452E2));
#755=CARTESIAN_POINT('',(-2.562702504946E1,8.133653647421E0,2.131473903624E2));
#756=CARTESIAN_POINT('',(-2.575886545127E1,8.203603272122E0,2.131358558219E2));
#757=CARTESIAN_POINT('',(-2.589556778200E1,8.263476392074E0,2.131238959177E2));
#758=CARTESIAN_POINT('',(-2.603634264187E1,8.312924799545E0,2.131115797133E2));
#759=CARTESIAN_POINT('',(-2.618037422912E1,8.351665912622E0,2.130989785822E2));
#760=CARTESIAN_POINT('',(-2.632686877687E1,8.379495989941E0,2.130861619700E2));
#761=CARTESIAN_POINT('',(-2.647511754164E1,8.396267011688E0,2.130731918837E2));
#762=CARTESIAN_POINT('',(-2.657437362577E1,8.399993507982E0,2.130645081016E2));
#763=CARTESIAN_POINT('',(-2.662416972004E1,8.400000000008E0,2.130601515079E2));
#765=DIRECTION('',(9.961946980917E-1,0.E0,8.715574274762E-2));
#766=VECTOR('',#765,3.5E1);
#767=CARTESIAN_POINT('',(-6.149098415325E1,8.400000000008E0,2.100097005117E2));
#768=LINE('',#767,#766);
#769=CARTESIAN_POINT('',(-6.149098415325E1,8.400000000008E0,2.100097005117E2));
#770=CARTESIAN_POINT('',(-6.154077914660E1,8.399993578749E0,2.100053440143E2));
#771=CARTESIAN_POINT('',(-6.164003387900E1,8.396267159438E0,2.099966603504E2));
#772=CARTESIAN_POINT('',(-6.178828399428E1,8.379496219894E0,2.099836901459E2));
#773=CARTESIAN_POINT('',(-6.193478078756E1,8.351665710371E0,2.099708733373E2));
#774=CARTESIAN_POINT('',(-6.207881401436E1,8.312923945486E0,2.099582720628E2));
#775=CARTESIAN_POINT('',(-6.221958803E1,8.263475609227E0,2.099459559323E2));
#776=CARTESIAN_POINT('',(-6.235629250933E1,8.203601495474E0,2.099339958401E2));
#777=CARTESIAN_POINT('',(-6.248814388036E1,8.133645416835E0,2.099224603399E2));
#778=CARTESIAN_POINT('',(-6.261439816576E1,8.054009317124E0,2.099114145212E2));
#779=CARTESIAN_POINT('',(-6.273440336270E1,7.965101632871E0,2.099009154269E2));
#780=CARTESIAN_POINT('',(-6.284744855276E1,7.867442502486E0,2.098910252543E2));
#781=CARTESIAN_POINT('',(-6.295289916331E1,7.761584237113E0,2.098817995213E2));
#782=CARTESIAN_POINT('',(-6.305016898531E1,7.648118904143E0,2.098732895146E2));
#783=CARTESIAN_POINT('',(-6.313872020112E1,7.527673681648E0,2.098655422870E2));
#784=CARTESIAN_POINT('',(-6.321804072513E1,7.400953601246E0,2.098586026404E2));
#785=CARTESIAN_POINT('',(-6.328772417039E1,7.268609590515E0,2.098525061289E2));
#786=CARTESIAN_POINT('',(-6.334736945505E1,7.131385079098E0,2.098472878427E2));
#787=CARTESIAN_POINT('',(-6.339662969640E1,6.990072482132E0,2.098429781300E2));
#788=CARTESIAN_POINT('',(-6.343522338785E1,6.845490717617E0,2.098396016195E2));
#789=CARTESIAN_POINT('',(-6.346294756332E1,6.698436584490E0,2.098371760684E2));
#790=CARTESIAN_POINT('',(-6.347965476627E1,6.549621533522E0,2.098357143776E2));
#791=CARTESIAN_POINT('',(-6.348336708212E1,6.449986307277E0,2.098353895920E2));
#792=CARTESIAN_POINT('',(-6.348337354944E1,6.400000000008E0,2.098353890262E2));
#794=DIRECTION('',(0.E0,1.E0,0.E0));
#795=VECTOR('',#794,1.200000000003E2);
#796=CARTESIAN_POINT('',(-2.232741851104E1,-1.460000000016E1,2.134360685287E2));
#797=LINE('',#796,#795);
#798=DIRECTION('',(0.E0,1.E0,0.E0));
#799=VECTOR('',#798,1.2E2);
#800=CARTESIAN_POINT('',(-2.422803686053E1,-1.459999999998E1,2.132697859694E2));
#801=LINE('',#800,#799);
#802=CARTESIAN_POINT('',(-2.330387440861E1,1.054E2,2.136517856585E2));
#803=DIRECTION('',(0.E0,1.E0,2.831355624528E-14));
#804=DIRECTION('',(9.764558975698E-1,1.421085471520E-14,-2.157171298281E-1));
#805=AXIS2_PLACEMENT_3D('',#802,#803,#804);
#807=CARTESIAN_POINT('',(-2.327772768579E1,1.054E2,2.133529272490E2));
#808=DIRECTION('',(8.715574274762E-2,0.E0,-9.961946980917E-1));
#809=DIRECTION('',(-9.961946980917E-1,-2.380544357693E-11,-8.715574274761E-2));
#810=AXIS2_PLACEMENT_3D('',#807,#808,#809);
#812=CARTESIAN_POINT('',(-2.327772768579E1,-1.459999999999E1,2.133529272490E2));
#813=DIRECTION('',(8.715574274762E-2,0.E0,-9.961946980917E-1));
#814=DIRECTION('',(9.961946980917E-1,-5.418345392868E-10,8.715574274761E-2));
#815=AXIS2_PLACEMENT_3D('',#812,#813,#814);
#817=CARTESIAN_POINT('',(-2.330387440861E1,-1.459999999999E1,2.136517856585E2));
#818=DIRECTION('',(0.E0,-1.E0,2.831355624528E-14));
#819=DIRECTION('',(-9.241624519150E-1,0.E0,-3.819996890973E-1));
#820=AXIS2_PLACEMENT_3D('',#817,#818,#819);
#822=DIRECTION('',(9.961946980917E-1,0.E0,8.715574274763E-2));
#823=VECTOR('',#822,4.496148944309E1);
#824=CARTESIAN_POINT('',(-6.343979567809E1,-2.959999999999E1,2.093372916772E2));
#825=LINE('',#824,#823);
#826=DIRECTION('',(9.961946980917E-1,0.E0,8.715574274762E-2));
#827=VECTOR('',#826,4.496148944307E1);
#828=CARTESIAN_POINT('',(-6.348337354944E1,-2.909999999999E1,2.098353890262E2));
#829=LINE('',#828,#827);
#830=CARTESIAN_POINT('',(-5.476779927468E1,-2.909999999999E1,1.102159192170E2));
#831=DIRECTION('',(0.E0,-1.E0,0.E0));
#832=DIRECTION('',(-8.715574274762E-2,0.E0,9.961946980917E-1));
#833=AXIS2_PLACEMENT_3D('',#830,#831,#832);
#835=CARTESIAN_POINT('',(-6.343979567806E1,-2.909999999999E1,2.093372916772E2));
#836=DIRECTION('',(-9.961946980917E-1,0.E0,-8.715574274761E-2));
#837=DIRECTION('',(0.E0,-1.E0,5.684341886081E-14));
#838=AXIS2_PLACEMENT_3D('',#835,#836,#837);
#840=CARTESIAN_POINT('',(-7.715042925644E1,-2.909999999999E1,2.071657406459E2));
#841=DIRECTION('',(-9.743700646123E-1,0.E0,-2.249510550931E-1));
#842=DIRECTION('',(1.136868377216E-13,-1.E0,-5.684341886081E-13));
#843=AXIS2_PLACEMENT_3D('',#840,#841,#842);
#845=DIRECTION('',(0.E0,-1.E0,0.E0));
#846=VECTOR('',#845,1.49E2);
#847=CARTESIAN_POINT('',(-7.726290478399E1,1.199E2,2.076529256783E2));
#848=LINE('',#847,#846);
#849=DIRECTION('',(0.E0,-1.E0,0.E0));
#850=VECTOR('',#849,1.135E2);
#851=CARTESIAN_POINT('',(-6.348337354944E1,1.199E2,2.098353890262E2));
#852=LINE('',#851,#850);
#853=DIRECTION('',(0.E0,-1.E0,0.E0));
#854=VECTOR('',#853,3.3E1);
#855=CARTESIAN_POINT('',(-6.348337354944E1,6.400000000008E0,2.098353890262E2));
#856=LINE('',#855,#854);
#857=DIRECTION('',(1.136868377216E-14,-1.E0,1.136868377216E-14));
#858=VECTOR('',#857,2.5E0);
#859=CARTESIAN_POINT('',(-6.348337354944E1,-2.659999999999E1,2.098353890262E2));
#860=LINE('',#859,#858);
#861=CARTESIAN_POINT('',(-6.343979567806E1,1.199E2,2.093372916772E2));
#862=DIRECTION('',(-9.961946980917E-1,0.E0,-8.715574274761E-2));
#863=DIRECTION('',(-8.715574274761E-2,0.E0,9.961946980917E-1));
#864=AXIS2_PLACEMENT_3D('',#861,#862,#863);
#866=CARTESIAN_POINT('',(-5.476779927468E1,1.199E2,1.102159192170E2));
#867=DIRECTION('',(0.E0,-1.E0,0.E0));
#868=DIRECTION('',(-8.715574274762E-2,0.E0,9.961946980917E-1));
#869=AXIS2_PLACEMENT_3D('',#866,#867,#868);
#871=CARTESIAN_POINT('',(-7.715042925644E1,1.199E2,2.071657406459E2));
#872=DIRECTION('',(-9.743700646123E-1,0.E0,-2.249510550931E-1));
#873=DIRECTION('',(-2.249510550931E-1,5.684341886081E-14,9.743700646123E-1));
#874=AXIS2_PLACEMENT_3D('',#871,#872,#873);
#876=DIRECTION('',(-9.961946980917E-1,0.E0,-8.715574274763E-2));
#877=VECTOR('',#876,4.496148944309E1);
#878=CARTESIAN_POINT('',(-1.864939827657E1,1.204E2,2.132559436846E2));
#879=LINE('',#878,#877);
#880=DIRECTION('',(-9.961946980917E-1,0.E0,-8.715574274761E-2));
#881=VECTOR('',#880,4.496148944307E1);
#882=CARTESIAN_POINT('',(-1.869297614795E1,1.199E2,2.137540410337E2));
#883=LINE('',#882,#881);
#884=CARTESIAN_POINT('',(-1.864939827657E1,1.199E2,2.132559436846E2));
#885=DIRECTION('',(-9.961946980917E-1,0.E0,-8.715574274762E-2));
#886=DIRECTION('',(-8.193836224310E-2,3.407959938511E-1,9.365597660416E-1));
#887=AXIS2_PLACEMENT_3D('',#884,#885,#886);
#889=CARTESIAN_POINT('',(-1.864939827657E1,1.199E2,2.132559436846E2));
#890=DIRECTION('',(3.090169943749E-1,0.E0,-9.510565162952E-1));
#891=DIRECTION('',(0.E0,1.E0,0.E0));
#892=AXIS2_PLACEMENT_3D('',#889,#890,#891);
#894=CARTESIAN_POINT('',(-1.864939827657E1,-2.909999999999E1,2.132559436846E2));
#895=DIRECTION('',(3.090169943749E-1,0.E0,-9.510565162952E-1));
#896=DIRECTION('',(3.342705942482E-1,-9.361980553228E-1,1.086110999427E-1));
#897=AXIS2_PLACEMENT_3D('',#894,#895,#896);
#899=CARTESIAN_POINT('',(-1.864939827657E1,-2.909999999999E1,2.132559436846E2));
#900=DIRECTION('',(9.961946980917E-1,0.E0,8.715574274762E-2));
#901=DIRECTION('',(-8.715574274762E-2,0.E0,9.961946980917E-1));
#902=AXIS2_PLACEMENT_3D('',#899,#900,#901);
#904=CARTESIAN_POINT('',(-1.864939827657E1,-2.909999999999E1,2.132559436846E2));
#905=DIRECTION('',(0.E0,1.E0,0.E0));
#906=DIRECTION('',(-8.715574274762E-2,0.E0,9.961946980917E-1));
#907=AXIS2_PLACEMENT_3D('',#904,#905,#906);
#909=DIRECTION('',(3.090169943749E-1,0.E0,-9.510565162952E-1));
#910=VECTOR('',#909,1.231585455434E1);
#911=CARTESIAN_POINT('',(-1.817387001843E1,-2.909999999999E1,2.134104521818E2));
#912=LINE('',#911,#910);
#913=CARTESIAN_POINT('',(-1.484358991903E1,-2.909999999999E1,2.015428699570E2));
#914=DIRECTION('',(3.090169943749E-1,0.E0,-9.510565162952E-1));
#915=DIRECTION('',(9.510565162952E-1,0.E0,3.090169943749E-1));
#916=AXIS2_PLACEMENT_3D('',#913,#914,#915);
#918=CARTESIAN_POINT('',(-1.484358991903E1,-2.909999999999E1,2.015428699570E2));
#919=DIRECTION('',(0.E0,1.E0,0.E0));
#920=DIRECTION('',(9.510565162952E-1,0.E0,3.090169943749E-1));
#921=AXIS2_PLACEMENT_3D('',#918,#919,#920);
#923=CARTESIAN_POINT('',(-1.484358991903E1,-2.909999999999E1,2.015428699570E2));
#924=DIRECTION('',(2.703280953841E-1,-1.960496144139E-1,9.425960266913E-1));
#925=DIRECTION('',(7.630527543677E-1,-5.533875347223E-1,-3.339352189660E-1));
#926=AXIS2_PLACEMENT_3D('',#923,#924,#925);
#928=CARTESIAN_POINT('',(-1.484358991903E1,-2.909999999999E1,2.015428699570E2));
#929=DIRECTION('',(-2.703280953844E-1,1.960496144135E-1,-9.425960266913E-1));
#930=DIRECTION('',(7.630527543677E-1,-5.533875347223E-1,-3.339352189660E-1));
#931=AXIS2_PLACEMENT_3D('',#928,#929,#930);
#933=CARTESIAN_POINT('',(-1.484358991903E1,-2.909999999999E1,2.015428699570E2));
#934=DIRECTION('',(-9.961946980917E-1,0.E0,-8.715574274766E-2));
#935=DIRECTION('',(1.825116698186E-2,-9.778282132595E-1,-2.086117931890E-1));
#936=AXIS2_PLACEMENT_3D('',#933,#934,#935);
#938=CARTESIAN_POINT('',(-1.484358991903E1,-2.909999999999E1,2.015428699570E2));
#939=DIRECTION('',(0.E0,1.E0,0.E0));
#940=DIRECTION('',(9.612500671325E-1,0.E0,-2.756779070543E-1));
#941=AXIS2_PLACEMENT_3D('',#938,#939,#940);
#943=CARTESIAN_POINT('',(-1.484358991903E1,-2.909999999999E1,2.015428699570E2));
#944=DIRECTION('',(-9.961946980917E-1,0.E0,-8.715574274766E-2));
#945=DIRECTION('',(8.715574274766E-2,0.E0,-9.961946980917E-1));
#946=AXIS2_PLACEMENT_3D('',#943,#944,#945);
#948=DIRECTION('',(-9.961946980917E-1,0.E0,-8.715574274766E-2));
#949=VECTOR('',#948,8.146036708208E0);
#950=CARTESIAN_POINT('',(-1.484358991903E1,-2.959999999999E1,2.015428699570E2));
#951=LINE('',#950,#949);
#952=DIRECTION('',(-9.961946980917E-1,0.E0,-8.715574274766E-2));
#953=VECTOR('',#952,8.146036708208E0);
#954=CARTESIAN_POINT('',(-1.480001204766E1,-2.909999999999E1,2.010447726079E2));
#955=LINE('',#954,#953);
#956=CARTESIAN_POINT('',(-1.864939827657E1,-2.909999999999E1,2.132559436846E2));
#957=DIRECTION('',(9.206969002458E-1,2.997387007411E-1,-2.499478528728E-1));
#958=DIRECTION('',(3.902783851018E-1,-7.071067811865E-1,5.896463195191E-1));
#959=AXIS2_PLACEMENT_3D('',#956,#957,#958);
#961=CARTESIAN_POINT('',(-1.864939827657E1,-2.909999999999E1,2.132559436846E2));
#962=DIRECTION('',(-9.206969002458E-1,-2.997387007411E-1,2.499478528729E-1));
#963=DIRECTION('',(3.902783851018E-1,-7.071067811865E-1,5.896463195191E-1));
#964=AXIS2_PLACEMENT_3D('',#961,#962,#963);
#966=CARTESIAN_POINT('',(-1.864939827657E1,-2.909999999999E1,2.132559436846E2));
#967=DIRECTION('',(0.E0,1.E0,0.E0));
#968=DIRECTION('',(2.619939860912E-1,0.E0,9.650695059176E-1));
#969=AXIS2_PLACEMENT_3D('',#966,#967,#968);
#971=CARTESIAN_POINT('',(-1.864939827657E1,-2.909999999999E1,2.132559436846E2));
#972=DIRECTION('',(3.090169943749E-1,0.E0,-9.510565162952E-1));
#973=DIRECTION('',(9.510565162952E-1,0.E0,3.090169943749E-1));
#974=AXIS2_PLACEMENT_3D('',#971,#972,#973);
#976=CARTESIAN_POINT('',(-1.484358991903E1,1.199E2,2.015428699570E2));
#977=DIRECTION('',(3.090169943749E-1,0.E0,-9.510565162952E-1));
#978=DIRECTION('',(0.E0,1.E0,0.E0));
#979=AXIS2_PLACEMENT_3D('',#976,#977,#978);
#981=CARTESIAN_POINT('',(-1.484358991903E1,1.199E2,2.015428699570E2));
#982=DIRECTION('',(9.961946980917E-1,0.E0,8.715574274766E-2));
#983=DIRECTION('',(2.766646486280E-2,9.482793351512E-1,-3.162291404143E-1));
#984=AXIS2_PLACEMENT_3D('',#981,#982,#983);
#986=CARTESIAN_POINT('',(-1.484358991903E1,1.199E2,2.015428699570E2));
#987=DIRECTION('',(2.499478528731E-1,2.997387007409E-1,9.206969002458E-1));
#988=DIRECTION('',(5.896463195190E-1,7.071067811866E-1,-3.902783851019E-1));
#989=AXIS2_PLACEMENT_3D('',#986,#987,#988);
#991=CARTESIAN_POINT('',(-1.484358991903E1,1.199E2,2.015428699570E2));
#992=DIRECTION('',(-2.499478528728E-1,-2.997387007411E-1,-9.206969002458E-1));
#993=DIRECTION('',(5.896463195190E-1,7.071067811866E-1,-3.902783851019E-1));
#994=AXIS2_PLACEMENT_3D('',#991,#992,#993);
#996=CARTESIAN_POINT('',(-1.484358991903E1,1.199E2,2.015428699570E2));
#997=DIRECTION('',(0.E0,1.E0,0.E0));
#998=DIRECTION('',(9.510565162952E-1,0.E0,3.090169943749E-1));
#999=AXIS2_PLACEMENT_3D('',#996,#997,#998);
#1001=DIRECTION('',(9.961946980917E-1,0.E0,8.715574274766E-2));
#1002=VECTOR('',#1001,8.146036708208E0);
#1003=CARTESIAN_POINT('',(-2.295862849821E1,1.204E2,2.008328960772E2));
#1004=LINE('',#1003,#1002);
#1005=DIRECTION('',(9.961946980917E-1,0.E0,8.715574274766E-2));
#1006=VECTOR('',#1005,8.146036708208E0);
#1007=CARTESIAN_POINT('',(-2.291505062684E1,1.199E2,2.003347987282E2));
#1008=LINE('',#1007,#1006);
#1009=CARTESIAN_POINT('',(-2.335082934057E1,1.199E2,2.053157722186E2));
#1010=DIRECTION('',(0.E0,-1.E0,0.E0));
#1011=DIRECTION('',(-5.299192642332E-1,0.E0,-8.480480961564E-1));
#1012=AXIS2_PLACEMENT_3D('',#1009,#1010,#1011);
#1014=CARTESIAN_POINT('',(-2.295862849821E1,1.199E2,2.008328960772E2));
#1015=DIRECTION('',(9.961946980917E-1,0.E0,8.715574274766E-2));
#1016=DIRECTION('',(8.715574274766E-2,0.E0,-9.961946980917E-1));
#1017=AXIS2_PLACEMENT_3D('',#1014,#1015,#1016);
#1019=CARTESIAN_POINT('',(-2.573546602962E1,1.199E2,2.014995557859E2));
#1020=DIRECTION('',(8.480480961564E-1,0.E0,-5.299192642332E-1));
#1021=DIRECTION('',(-5.299192642332E-1,0.E0,-8.480480961564E-1));
#1022=AXIS2_PLACEMENT_3D('',#1019,#1020,#1021);
#1024=DIRECTION('',(0.E0,1.E0,0.E0));
#1025=VECTOR('',#1024,8.E-1);
#1026=CARTESIAN_POINT('',(-2.600042566174E1,1.191E2,2.010755317378E2));
#1027=LINE('',#1026,#1025);
#1028=CARTESIAN_POINT('',(-2.551967508713E1,1.191E2,2.008106520063E2));
#1029=CARTESIAN_POINT('',(-2.543790221514E1,1.190343944272E2,2.007712850777E2));
#1030=CARTESIAN_POINT('',(-2.535583917333E1,1.189677095363E2,2.007345178448E2));
#1031=CARTESIAN_POINT('',(-2.527350065995E1,1.188999999992E2,2.007002186226E2));
#1033=DIRECTION('',(0.E0,1.E0,0.E0));
#1034=VECTOR('',#1033,1.E0);
#1035=CARTESIAN_POINT('',(-2.291505062684E1,1.189E2,2.003347987282E2));
#1036=LINE('',#1035,#1034);
#1037=DIRECTION('',(-8.480480961564E-1,0.E0,5.299192642332E-1));
#1038=VECTOR('',#1037,5.759390540034E0);
#1039=CARTESIAN_POINT('',(-2.600042566174E1,1.191E2,2.010755317378E2));
#1040=LINE('',#1039,#1038);
#1041=DIRECTION('',(-8.480480961564E-1,0.E0,5.299192642332E-1));
#1042=VECTOR('',#1041,5.759390540035E0);
#1043=CARTESIAN_POINT('',(-2.573546602962E1,1.186E2,2.014995557859E2));
#1044=LINE('',#1043,#1042);
#1045=CARTESIAN_POINT('',(-4.148305112890E1,1.186E2,1.871665818121E2));
#1046=DIRECTION('',(0.E0,-1.E0,0.E0));
#1047=DIRECTION('',(5.299192642333E-1,0.E0,8.480480961564E-1));
#1048=AXIS2_PLACEMENT_3D('',#1045,#1046,#1047);
#1050=CARTESIAN_POINT('',(-5.476779927461E1,1.186E2,1.102159192170E2));
#1051=DIRECTION('',(0.E0,1.E0,0.E0));
#1052=DIRECTION('',(-2.249510550931E-1,0.E0,9.743700646123E-1));
#1053=AXIS2_PLACEMENT_3D('',#1050,#1051,#1052);
#1055=DIRECTION('',(-9.743700646123E-1,0.E0,-2.249510550931E-1));
#1056=VECTOR('',#1055,4.138720495421E1);
#1057=CARTESIAN_POINT('',(-7.636310056355E1,1.186E2,2.037554454198E2));
#1058=LINE('',#1057,#1056);
#1059=DIRECTION('',(9.743700646123E-1,0.E0,2.249510550931E-1));
#1060=VECTOR('',#1059,4.114828553418E1);
#1061=CARTESIAN_POINT('',(-1.168391749918E2,1.186E2,1.961555242835E2));
#1062=LINE('',#1061,#1060);
#1063=CARTESIAN_POINT('',(-5.476779927457E1,1.186E2,1.102159192171E2));
#1064=DIRECTION('',(0.E0,-1.E0,0.E0));
#1065=DIRECTION('',(-8.715574274766E-2,0.E0,9.961946980917E-1));
#1066=AXIS2_PLACEMENT_3D('',#1063,#1064,#1065);
#1068=DIRECTION('',(-3.090169943753E-1,0.E0,9.510565162950E-1));
#1069=VECTOR('',#1068,9.926262080171E0);
#1070=CARTESIAN_POINT('',(-2.511227643570E1,1.186E2,2.011748418725E2));
#1071=LINE('',#1070,#1069);
#1072=CARTESIAN_POINT('',(-2.335082934057E1,1.186E2,2.053157722186E2));
#1073=DIRECTION('',(0.E0,-1.E0,0.E0));
#1074=DIRECTION('',(-5.299192642327E-1,0.E0,-8.480480961567E-1));
#1075=AXIS2_PLACEMENT_3D('',#1072,#1073,#1074);
#1077=CARTESIAN_POINT('',(-4.148305112890E1,1.191E2,1.871665818121E2));
#1078=DIRECTION('',(0.E0,-1.E0,0.E0));
#1079=DIRECTION('',(5.299192642332E-1,0.E0,8.480480961564E-1));
#1080=AXIS2_PLACEMENT_3D('',#1077,#1078,#1079);
#1082=CARTESIAN_POINT('',(-4.326974385523E1,1.191E2,2.075885731230E2));
#1083=DIRECTION('',(-9.961946980917E-1,0.E0,-8.715574274761E-2));
#1084=DIRECTION('',(8.715574274761E-2,0.E0,-9.961946980917E-1));
#1085=AXIS2_PLACEMENT_3D('',#1082,#1083,#1084);
#1087=CARTESIAN_POINT('',(-3.061970621212E1,1.191E2,2.045515677833E2));
#1088=DIRECTION('',(-8.480480961564E-1,0.E0,5.299192642332E-1));
#1089=DIRECTION('',(-5.299192642332E-1,0.E0,-8.480480961564E-1));
#1090=AXIS2_PLACEMENT_3D('',#1087,#1088,#1089);
#1092=DIRECTION('',(-9.743700646123E-1,0.E0,-2.249510550931E-1));
#1093=VECTOR('',#1092,4.138720495410E1);
#1094=CARTESIAN_POINT('',(-7.625062503600E1,1.191E2,2.032682603875E2));
#1095=LINE('',#1094,#1093);
#1096=CARTESIAN_POINT('',(-1.163543339589E2,-1.959999999999E1,
1.940095896186E2));
#1097=DIRECTION('',(2.249510543438E-1,0.E0,-9.743700647852E-1));
#1098=DIRECTION('',(1.555554562416E-9,-1.E0,3.591277451005E-10));
#1099=AXIS2_PLACEMENT_3D('',#1096,#1097,#1098);
#1101=CARTESIAN_POINT('',(-1.163543339589E2,1.104E2,1.940095896186E2));
#1102=DIRECTION('',(2.249510543438E-1,0.E0,-9.743700647852E-1));
#1103=DIRECTION('',(-9.743700647852E-1,0.E0,-2.249510543438E-1));
#1104=AXIS2_PLACEMENT_3D('',#1101,#1102,#1103);
#1106=CARTESIAN_POINT('',(-1.257233251016E2,-1.959999999999E1,
1.923597396347E2));
#1107=DIRECTION('',(0.E0,-1.E0,0.E0));
#1108=DIRECTION('',(-9.743700614984E-1,0.E0,-2.249510685808E-1));
#1109=AXIS2_PLACEMENT_3D('',#1106,#1107,#1108);
#1111=CARTESIAN_POINT('',(-1.164668094861E2,-1.959999999999E1,
1.944967746510E2));
#1112=DIRECTION('',(2.249510543438E-1,0.E0,-9.743700647852E-1));
#1113=DIRECTION('',(0.E0,-1.E0,0.E0));
#1114=AXIS2_PLACEMENT_3D('',#1111,#1112,#1113);
#1116=CARTESIAN_POINT('',(-1.164668094861E2,-2.909999999999E1,
1.944967746510E2));
#1117=DIRECTION('',(-9.743700647852E-1,0.E0,-2.249510543438E-1));
#1118=DIRECTION('',(2.249510543438E-1,0.E0,-9.743700647852E-1));
#1119=AXIS2_PLACEMENT_3D('',#1116,#1117,#1118);
#1121=DIRECTION('',(0.E0,-1.E0,0.E0));
#1122=VECTOR('',#1121,1.3E2);
#1123=CARTESIAN_POINT('',(-1.256108495729E2,1.104E2,1.918725545976E2));
#1124=LINE('',#1123,#1122);
#1125=DIRECTION('',(0.E0,-1.E0,0.E0));
#1126=VECTOR('',#1125,1.3E2);
#1127=CARTESIAN_POINT('',(-1.262105101331E2,1.104E2,1.922472641040E2));
#1128=LINE('',#1127,#1126);
#1129=DIRECTION('',(0.E0,1.E0,0.E0));
#1130=VECTOR('',#1129,1.3E2);
#1131=CARTESIAN_POINT('',(-1.269978388233E2,-1.959999999999E1,
1.956575593307E2));
#1132=LINE('',#1131,#1130);
#1133=DIRECTION('',(0.E0,1.E0,0.E0));
#1134=VECTOR('',#1133,1.3E2);
#1135=CARTESIAN_POINT('',(-1.266231293182E2,-1.959999999999E1,
1.962572198890E2));
#1136=LINE('',#1135,#1134);
#1137=DIRECTION('',(2.249510543438E-1,0.E0,-9.743700647852E-1));
#1138=VECTOR('',#1137,3.5E0);
#1139=CARTESIAN_POINT('',(-1.269978388233E2,-1.959999999999E1,
1.956575593307E2));
#1140=LINE('',#1139,#1138);
#1141=DIRECTION('',(9.743700646132E-1,-2.760840125264E-7,2.249510550889E-1));
#1142=VECTOR('',#1141,4.138720495746E1);
#1143=CARTESIAN_POINT('',(-1.165770786046E2,-2.829998857365E1,
1.939581649651E2));
#1144=LINE('',#1143,#1142);
#1145=CARTESIAN_POINT('',(-1.226612320950E2,-2.572007131254E1,
1.925535274492E2));
#1146=CARTESIAN_POINT('',(-1.225549598820E2,-2.582895303020E1,
1.925780623228E2));
#1147=CARTESIAN_POINT('',(-1.223371556295E2,-2.604072441934E1,
1.926283463968E2));
#1148=CARTESIAN_POINT('',(-1.219942182791E2,-2.634083115608E1,
1.927075197229E2));
#1149=CARTESIAN_POINT('',(-1.216364271535E2,-2.662208687127E1,
1.927901223131E2));
#1150=CARTESIAN_POINT('',(-1.212649922551E2,-2.688359878676E1,
1.928758748165E2));
#1151=CARTESIAN_POINT('',(-1.208803319408E2,-2.712503602032E1,
1.929646806478E2));
#1152=CARTESIAN_POINT('',(-1.204842116E2,-2.734527462313E1,1.930561322346E2));
#1153=CARTESIAN_POINT('',(-1.200775034029E2,-2.754389303769E1,
1.931500282208E2));
#1154=CARTESIAN_POINT('',(-1.196613428965E2,-2.772035011995E1,
1.932461064444E2));
#1155=CARTESIAN_POINT('',(-1.192367870518E2,-2.787421037929E1,
1.933441228847E2));
#1156=CARTESIAN_POINT('',(-1.188049903169E2,-2.800506797195E1,
1.934438110161E2));
#1157=CARTESIAN_POINT('',(-1.183668275891E2,-2.811261866727E1,
1.935449688529E2));
#1158=CARTESIAN_POINT('',(-1.179243015498E2,-2.819640006634E1,
1.936471340395E2));
#1159=CARTESIAN_POINT('',(-1.174776750545E2,-2.825638259983E1,
1.937502458909E2));
#1160=CARTESIAN_POINT('',(-1.170281946158E2,-2.829231107986E1,
1.938540166270E2));
#1161=CARTESIAN_POINT('',(-1.167276547734E2,-2.830011460991E1,
1.939234017173E2));
#1162=CARTESIAN_POINT('',(-1.165770786046E2,-2.829998857365E1,
1.939581649651E2));
#1164=CARTESIAN_POINT('',(-1.166895541292E2,-2.829999999999E1,
1.944453499980E2));
#1165=DIRECTION('',(-9.743700646123E-1,0.E0,-2.249510550931E-1));
#1166=DIRECTION('',(2.842170943040E-14,1.E0,-5.684341886081E-14));
#1167=AXIS2_PLACEMENT_3D('',#1164,#1165,#1166);
#1169=CARTESIAN_POINT('',(-1.226612320950E2,-2.572007131254E1,
1.925535274492E2));
#1170=CARTESIAN_POINT('',(-1.226226835098E2,-2.568052927178E1,
1.925624270741E2));
#1171=CARTESIAN_POINT('',(-1.225445097828E2,-2.559590393386E1,
1.926002002562E2));
#1172=CARTESIAN_POINT('',(-1.224509493618E2,-2.547671586447E1,
1.927250663490E2));
#1173=CARTESIAN_POINT('',(-1.224059563605E2,-2.539414393821E1,
1.928974274305E2));
#1174=CARTESIAN_POINT('',(-1.224109817226E2,-2.537225539306E1,
1.930165704189E2));
#1175=CARTESIAN_POINT('',(-1.224196896732E2,-2.536834406615E1,
1.930716851801E2));
#1177=DIRECTION('',(8.715574274617E-2,-2.626377459480E-10,-9.961946980919E-1));
#1178=VECTOR('',#1177,1.786977291212E0);
#1179=CARTESIAN_POINT('',(-1.249075302007E2,-1.960000000003E1,
1.942927977045E2));
#1180=LINE('',#1179,#1178);
#1181=CARTESIAN_POINT('',(-1.247517848677E2,-1.960000000050E1,
1.925126204014E2));
#1182=CARTESIAN_POINT('',(-1.247517850236E2,-2.013297727322E1,
1.925126221836E2));
#1183=CARTESIAN_POINT('',(-1.246499937471E2,-2.119755050254E1,
1.925370215364E2));
#1184=CARTESIAN_POINT('',(-1.241902836042E2,-2.274679035639E1,
1.926472272858E2));
#1185=CARTESIAN_POINT('',(-1.234514199899E2,-2.415933617115E1,
1.928243521028E2));
#1186=CARTESIAN_POINT('',(-1.227891908259E2,-2.498863843382E1,
1.929831059970E2));
#1187=CARTESIAN_POINT('',(-1.224196896732E2,-2.536834406615E1,
1.930716851801E2));
#1189=CARTESIAN_POINT('',(-1.224196896732E2,-2.536834406615E1,
1.930716851801E2));
#1190=CARTESIAN_POINT('',(-1.220432345728E2,-2.575519578608E1,
1.931619314509E2));
#1191=CARTESIAN_POINT('',(-1.214247674597E2,-2.627514894751E1,
1.933102064858E2));
#1192=CARTESIAN_POINT('',(-1.205127738493E2,-2.683464449613E1,
1.935288329938E2));
#1193=CARTESIAN_POINT('',(-1.195476503732E2,-2.730095572299E1,
1.937601989556E2));
#1194=CARTESIAN_POINT('',(-1.185309315218E2,-2.761498145034E1,
1.940039354084E2));
#1195=CARTESIAN_POINT('',(-1.176151114911E2,-2.775361043820E1,
1.942234771311E2));
#1196=CARTESIAN_POINT('',(-1.170872425439E2,-2.779338012843E1,
1.943500287079E2));
#1197=CARTESIAN_POINT('',(-1.168221319466E2,-2.779999997628E1,
1.944135675824E2));
#1198=CARTESIAN_POINT('',(-1.166895541287E2,-2.779999999999E1,
1.944453499981E2));
#1200=DIRECTION('',(8.715574298802E-2,0.E0,-9.961946980707E-1));
#1201=VECTOR('',#1200,1.716706873406E0);
#1202=CARTESIAN_POINT('',(-1.168391749918E2,-2.779999999999E1,
1.961555242835E2));
#1203=LINE('',#1202,#1201);
#1204=CARTESIAN_POINT('',(-1.249075302007E2,-1.960000000011E1,
1.942927977045E2));
#1205=CARTESIAN_POINT('',(-1.249075302007E2,-1.994334554376E1,
1.942927977045E2));
#1206=CARTESIAN_POINT('',(-1.248659005594E2,-2.058731195917E1,
1.943024086645E2));
#1207=CARTESIAN_POINT('',(-1.246608913986E2,-2.175029238987E1,
1.943497387588E2));
#1208=CARTESIAN_POINT('',(-1.242245877127E2,-2.301923984297E1,
1.944504674019E2));
#1209=CARTESIAN_POINT('',(-1.234875309332E2,-2.432286870435E1,
1.946206303679E2));
#1210=CARTESIAN_POINT('',(-1.225655067791E2,-2.543666478927E1,
1.948334964173E2));
#1211=CARTESIAN_POINT('',(-1.214675640044E2,-2.636991487123E1,
1.950869764806E2));
#1212=CARTESIAN_POINT('',(-1.201853408362E2,-2.711403722825E1,
1.953830010251E2));
#1213=CARTESIAN_POINT('',(-1.189403025223E2,-2.755297701034E1,
1.956704407695E2));
#1214=CARTESIAN_POINT('',(-1.178023523762E2,-2.775847627537E1,
1.959331572622E2));
#1215=CARTESIAN_POINT('',(-1.171737206113E2,-2.779999999999E1,
1.960782883412E2));
#1216=CARTESIAN_POINT('',(-1.168391749918E2,-2.779999999999E1,
1.961555242835E2));
#1218=DIRECTION('',(0.E0,-1.E0,0.E0));
#1219=VECTOR('',#1218,1.300000000001E2);
#1220=CARTESIAN_POINT('',(-1.249075302007E2,1.104E2,1.942927977045E2));
#1221=LINE('',#1220,#1219);
#1222=DIRECTION('',(0.E0,1.E0,0.E0));
#1223=VECTOR('',#1222,1.464E2);
#1224=CARTESIAN_POINT('',(-7.674551735717E1,-2.779999999999E1,
2.054118745297E2));
#1225=LINE('',#1224,#1223);
#1226=DIRECTION('',(0.E0,1.E0,0.E0));
#1227=VECTOR('',#1226,1.464E2);
#1228=CARTESIAN_POINT('',(-6.328291534102E1,-2.779999999999E1,
2.075441412206E2));
#1229=LINE('',#1228,#1227);
#1230=DIRECTION('',(9.961946980917E-1,0.E0,8.715574274774E-2));
#1231=VECTOR('',#1230,2.052608215586E-1);
#1232=CARTESIAN_POINT('',(-1.961213460353E1,4.440000000001E1,2.113648394625E2));
#1233=LINE('',#1232,#1231);
#1234=CARTESIAN_POINT('',(-1.961213460353E1,4.440000000001E1,2.113648394625E2));
#1235=CARTESIAN_POINT('',(-1.966259943875E1,4.440000000001E1,2.113604243615E2));
#1236=CARTESIAN_POINT('',(-1.974232562462E1,4.442128447845E1,2.113534492240E2));
#1237=CARTESIAN_POINT('',(-1.983264982357E1,4.448258806382E1,2.113455468806E2));
#1238=CARTESIAN_POINT('',(-1.989622679863E1,4.457074104313E1,2.113399846160E2));
#1239=CARTESIAN_POINT('',(-1.991885421677E1,4.464934239731E1,2.113380049734E2));
#1240=CARTESIAN_POINT('',(-1.991885421677E1,4.470000000001E1,2.113380049734E2));
#1242=DIRECTION('',(0.E0,-1.E0,0.E0));
#1243=VECTOR('',#1242,1.4E0);
#1244=CARTESIAN_POINT('',(-1.991885421677E1,4.610000000001E1,2.113380049734E2));
#1245=LINE('',#1244,#1243);
#1246=DIRECTION('',(-7.135001631387E-1,6.978688016645E-1,-6.242317569868E-2));
#1247=VECTOR('',#1246,2.865868190740E-1);
#1248=CARTESIAN_POINT('',(-2.797518036694E1,1.184E2,2.106331677656E2));
#1249=LINE('',#1248,#1247);
#1250=DIRECTION('',(-9.961946980917E-1,0.E0,-8.715574274766E-2));
#1251=VECTOR('',#1250,3.523734396415E1);
#1252=CARTESIAN_POINT('',(-2.817966010910E1,1.186E2,2.106152781063E2));
#1253=LINE('',#1252,#1251);
#1254=DIRECTION('',(-9.961946980917E-1,0.E0,-8.715574274766E-2));
#1255=VECTOR('',#1254,3.523734396415E1);
#1256=CARTESIAN_POINT('',(-2.817966010910E1,-2.779999999999E1,
2.106152781063E2));
#1257=LINE('',#1256,#1255);
#1258=DIRECTION('',(-7.135001631388E-1,-6.978688016645E-1,-6.242317569858E-2));
#1259=VECTOR('',#1258,2.865868190740E-1);
#1260=CARTESIAN_POINT('',(-2.797518036694E1,-2.759999999999E1,
2.106331677656E2));
#1261=LINE('',#1260,#1259);
#1262=CARTESIAN_POINT('',(-1.530888223763E1,-2.759999999999E1,
2.020040720726E2));
#1263=DIRECTION('',(0.E0,1.E0,0.E0));
#1264=DIRECTION('',(-8.191520442890E-1,0.E0,-5.735764363510E-1));
#1265=AXIS2_PLACEMENT_3D('',#1262,#1263,#1264);
#1267=DIRECTION('',(-3.090169943749E-1,0.E0,9.510565162952E-1));
#1268=VECTOR('',#1267,1.018622329756E1);
#1269=CARTESIAN_POINT('',(-1.625993875392E1,-2.759999999999E1,
2.016950550782E2));
#1270=LINE('',#1269,#1268);
#1271=DIRECTION('',(9.961946980917E-1,0.E0,8.715574274765E-2));
#1272=VECTOR('',#1271,8.600252061150E0);
#1273=CARTESIAN_POINT('',(-2.797518036694E1,-2.759999999999E1,
2.106331677656E2));
#1274=LINE('',#1273,#1272);
#1275=DIRECTION('',(3.090169943756E-1,0.E0,-9.510565162949E-1));
#1276=VECTOR('',#1275,1.004434596316E1);
#1277=CARTESIAN_POINT('',(-2.797518036694E1,-2.759999999999E1,
2.106331677656E2));
#1278=LINE('',#1277,#1276);
#1279=CARTESIAN_POINT('',(-2.335082934057E1,-2.759999999999E1,
2.053157722186E2));
#1280=DIRECTION('',(0.E0,1.E0,0.E0));
#1281=DIRECTION('',(8.715574274753E-2,0.E0,-9.961946980918E-1));
#1282=AXIS2_PLACEMENT_3D('',#1279,#1280,#1281);
#1284=DIRECTION('',(-9.961946980917E-1,0.E0,-8.715574274766E-2));
#1285=VECTOR('',#1284,6.856685976523E0);
#1286=CARTESIAN_POINT('',(-1.612803428192E1,-2.759999999999E1,
2.014304956363E2));
#1287=LINE('',#1286,#1285);
#1288=DIRECTION('',(-9.961946980917E-1,0.E0,-8.715574274766E-2));
#1289=VECTOR('',#1288,7.722711380307E0);
#1290=CARTESIAN_POINT('',(-1.522172649488E1,-2.809999999999E1,
2.010078773745E2));
#1291=LINE('',#1290,#1289);
#1292=CARTESIAN_POINT('',(-1.522172649488E1,-2.809999999999E1,
2.010078773745E2));
#1293=CARTESIAN_POINT('',(-1.525455025195E1,-2.807670144073E1,
2.010050056679E2));
#1294=CARTESIAN_POINT('',(-1.531992694936E1,-2.803049471115E1,
2.010025420423E2));
#1295=CARTESIAN_POINT('',(-1.541723331216E1,-2.796282139307E1,
2.010083848111E2));
#1296=CARTESIAN_POINT('',(-1.551198691786E1,-2.789844613969E1,
2.010233921945E2));
#1297=CARTESIAN_POINT('',(-1.560231434137E1,-2.783907540110E1,
2.010466382662E2));
#1298=CARTESIAN_POINT('',(-1.568664849444E1,-2.778598329327E1,
2.010767864036E2));
#1299=CARTESIAN_POINT('',(-1.576420271968E1,-2.773974258378E1,
2.011124699632E2));
#1300=CARTESIAN_POINT('',(-1.583477320790E1,-2.770056182125E1,
2.011523016220E2));
#1301=CARTESIAN_POINT('',(-1.589894346399E1,-2.766808527274E1,
2.011955169300E2));
#1302=CARTESIAN_POINT('',(-1.595604663632E1,-2.764244262028E1,
2.012406516105E2));
#1303=CARTESIAN_POINT('',(-1.600735356979E1,-2.762295511454E1,
2.012875106532E2));
#1304=CARTESIAN_POINT('',(-1.605287534541E1,-2.760952279291E1,
2.013350018666E2));
#1305=CARTESIAN_POINT('',(-1.609315422732E1,-2.760169467246E1,
2.013827009197E2));
#1306=CARTESIAN_POINT('',(-1.611692986384E1,-2.759999999999E1,
2.014146368837E2));
#1307=CARTESIAN_POINT('',(-1.612803428192E1,-2.759999999999E1,
2.014304956363E2));
#1309=CARTESIAN_POINT('',(-2.335082934057E1,-2.809999999999E1,
2.053157722186E2));
#1310=DIRECTION('',(0.E0,1.E0,0.E0));
#1311=DIRECTION('',(8.715574274766E-2,0.E0,-9.961946980917E-1));
#1312=AXIS2_PLACEMENT_3D('',#1309,#1310,#1311);
#1314=CARTESIAN_POINT('',(-2.295862849821E1,-2.809999999999E1,
2.008328960772E2));
#1315=DIRECTION('',(-9.961946980917E-1,0.E0,-8.715574274766E-2));
#1316=DIRECTION('',(0.E0,1.E0,5.684341886081E-14));
#1317=AXIS2_PLACEMENT_3D('',#1314,#1315,#1316);
#1319=CARTESIAN_POINT('',(-2.487130676693E1,-2.759999999999E1,
2.010804270854E2));
#1320=CARTESIAN_POINT('',(-2.486548119006E1,-2.759999999999E1,
2.010624978034E2));
#1321=CARTESIAN_POINT('',(-2.485571702491E1,-2.760133702374E1,
2.010281200933E2));
#1322=CARTESIAN_POINT('',(-2.484622096220E1,-2.760672951622E1,
2.009814437452E2));
#1323=CARTESIAN_POINT('',(-2.484112284411E1,-2.761498191092E1,
2.009390480408E2));
#1324=CARTESIAN_POINT('',(-2.483983478654E1,-2.762573819379E1,
2.009002757447E2));
#1325=CARTESIAN_POINT('',(-2.484199667088E1,-2.763881811789E1,
2.008646018171E2));
#1326=CARTESIAN_POINT('',(-2.484741658772E1,-2.765418140049E1,
2.008315659790E2));
#1327=CARTESIAN_POINT('',(-2.485606987421E1,-2.767185853515E1,
2.008009936470E2));
#1328=CARTESIAN_POINT('',(-2.486823123043E1,-2.769230657749E1,
2.007722511978E2));
#1329=CARTESIAN_POINT('',(-2.488355995397E1,-2.771484524435E1,
2.007464914998E2));
#1330=CARTESIAN_POINT('',(-2.490255266617E1,-2.774014636017E1,
2.007230689268E2));
#1331=CARTESIAN_POINT('',(-2.492484797991E1,-2.776763600743E1,
2.007027284796E2));
#1332=CARTESIAN_POINT('',(-2.495111753584E1,-2.779800705081E1,
2.006852950985E2));
#1333=CARTESIAN_POINT('',(-2.498164118085E1,-2.783134910495E1,
2.006713400645E2));
#1334=CARTESIAN_POINT('',(-2.501662225037E1,-2.786769650792E1,
2.006613780595E2));
#1335=CARTESIAN_POINT('',(-2.505639958598E1,-2.790719583017E1,
2.006559776186E2));
#1336=CARTESIAN_POINT('',(-2.510205683786E1,-2.795062010254E1,
2.006559722938E2));
#1337=CARTESIAN_POINT('',(-2.515293416001E1,-2.799704753452E1,
2.006623142647E2));
#1338=CARTESIAN_POINT('',(-2.520972123173E1,-2.804679018075E1,
2.006761163159E2));
#1339=CARTESIAN_POINT('',(-2.525159170937E1,-2.808198358325E1,
2.006910921527E2));
#1340=CARTESIAN_POINT('',(-2.527350066094E1,-2.809999999999E1,
2.007002186230E2));
#1342=DIRECTION('',(0.E0,1.E0,0.E0));
#1343=VECTOR('',#1342,1.46E2);
#1344=CARTESIAN_POINT('',(-1.625993875392E1,-2.759999999999E1,
2.016950550782E2));
#1345=LINE('',#1344,#1343);
#1346=DIRECTION('',(0.E0,1.E0,0.E0));
#1347=VECTOR('',#1346,1.47E2);
#1348=CARTESIAN_POINT('',(-1.522172649488E1,-2.809999999999E1,
2.010078773745E2));
#1349=LINE('',#1348,#1347);
#1350=CARTESIAN_POINT('',(-2.335082934057E1,1.184E2,2.053157722186E2));
#1351=DIRECTION('',(0.E0,-1.E0,0.E0));
#1352=DIRECTION('',(-3.378838725374E-1,0.E0,-9.411878073366E-1));
#1353=AXIS2_PLACEMENT_3D('',#1350,#1351,#1352);
#1355=DIRECTION('',(3.090169943757E-1,0.E0,-9.510565162949E-1));
#1356=VECTOR('',#1355,1.004434596318E1);
#1357=CARTESIAN_POINT('',(-2.797518036694E1,1.184E2,2.106331677656E2));
#1358=LINE('',#1357,#1356);
#1359=DIRECTION('',(-9.961946980917E-1,0.E0,-8.715574274766E-2));
#1360=VECTOR('',#1359,8.600252061150E0);
#1361=CARTESIAN_POINT('',(-1.940765486137E1,1.184E2,2.113827291218E2));
#1362=LINE('',#1361,#1360);
#1363=DIRECTION('',(3.090169943749E-1,0.E0,-9.510565162952E-1));
#1364=VECTOR('',#1363,1.018622329756E1);
#1365=CARTESIAN_POINT('',(-1.940765486137E1,1.184E2,2.113827291218E2));
#1366=LINE('',#1365,#1364);
#1367=CARTESIAN_POINT('',(-1.530888223763E1,1.184E2,2.020040720726E2));
#1368=DIRECTION('',(0.E0,1.E0,0.E0));
#1369=DIRECTION('',(-8.191520442890E-1,0.E0,-5.735764363510E-1));
#1370=AXIS2_PLACEMENT_3D('',#1367,#1368,#1369);
#1372=CARTESIAN_POINT('',(-2.295862849821E1,1.189E2,2.008328960772E2));
#1373=DIRECTION('',(9.961946980917E-1,0.E0,8.715574274766E-2));
#1374=DIRECTION('',(0.E0,-1.E0,5.684341886081E-14));
#1375=AXIS2_PLACEMENT_3D('',#1372,#1373,#1374);
#1377=CARTESIAN_POINT('',(-2.335082934057E1,1.189E2,2.053157722186E2));
#1378=DIRECTION('',(0.E0,-1.E0,0.E0));
#1379=DIRECTION('',(-3.845342640740E-1,0.E0,-9.231107191194E-1));
#1380=AXIS2_PLACEMENT_3D('',#1377,#1378,#1379);
#1382=CARTESIAN_POINT('',(-2.487130676692E1,1.184E2,2.010804270854E2));
#1383=CARTESIAN_POINT('',(-2.486547417742E1,1.184E2,2.010624762207E2));
#1384=CARTESIAN_POINT('',(-2.485569889725E1,1.184013410337E2,2.010280513257E2));
#1385=CARTESIAN_POINT('',(-2.484620578983E1,1.184067354447E2,2.009813778647E2));
#1386=CARTESIAN_POINT('',(-2.484110089455E1,1.184150375306E2,2.009388004981E2));
#1387=CARTESIAN_POINT('',(-2.483983978848E1,1.184258113141E2,2.009000545170E2));
#1388=CARTESIAN_POINT('',(-2.484201291838E1,1.184388670529E2,2.008644934648E2));
#1389=CARTESIAN_POINT('',(-2.484739690611E1,1.184541152625E2,2.008317194324E2));
#1390=CARTESIAN_POINT('',(-2.485591068380E1,1.184715548955E2,2.008014863079E2));
#1391=CARTESIAN_POINT('',(-2.486791723598E1,1.184918131528E2,2.007728815781E2));
#1392=CARTESIAN_POINT('',(-2.488309106490E1,1.185141918941E2,2.007471626936E2));
#1393=CARTESIAN_POINT('',(-2.490201737920E1,1.185394680171E2,2.007236166471E2));
#1394=CARTESIAN_POINT('',(-2.492447746157E1,1.185672025699E2,2.007029907747E2));
#1395=CARTESIAN_POINT('',(-2.495103783169E1,1.185979239353E2,2.006853187617E2));
#1396=CARTESIAN_POINT('',(-2.498188366477E1,1.186316108522E2,2.006712393213E2));
#1397=CARTESIAN_POINT('',(-2.501706409387E1,1.186681448934E2,2.006612869081E2));
#1398=CARTESIAN_POINT('',(-2.505688287091E1,1.187076634178E2,2.006559518714E2));
#1399=CARTESIAN_POINT('',(-2.510260246303E1,1.187511275723E2,2.006560093487E2));
#1400=CARTESIAN_POINT('',(-2.515337929039E1,1.187974464106E2,2.006623934450E2));
#1401=CARTESIAN_POINT('',(-2.520986515475E1,1.188469142990E2,2.006761576104E2));
#1402=CARTESIAN_POINT('',(-2.525163574120E1,1.188820197920E2,2.006911104948E2));
#1403=CARTESIAN_POINT('',(-2.527350066060E1,1.188999999997E2,2.007002186229E2));
#1405=DIRECTION('',(-9.961946980917E-1,0.E0,-8.715574274766E-2));
#1406=VECTOR('',#1405,6.856685976523E0);
#1407=CARTESIAN_POINT('',(-1.612803428192E1,1.184E2,2.014304956363E2));
#1408=LINE('',#1407,#1406);
#1409=CARTESIAN_POINT('',(-1.612803428192E1,1.184E2,2.014304956363E2));
#1410=CARTESIAN_POINT('',(-1.611697586741E1,1.184E2,2.014147025836E2));
#1411=CARTESIAN_POINT('',(-1.609327463661E1,1.184016804875E2,2.013828557781E2));
#1412=CARTESIAN_POINT('',(-1.605302290163E1,1.184094853567E2,2.013351646069E2));
#1413=CARTESIAN_POINT('',(-1.600745630831E1,1.184229176796E2,2.012876072553E2));
#1414=CARTESIAN_POINT('',(-1.595604129829E1,1.184424418065E2,2.012406416452E2));
#1415=CARTESIAN_POINT('',(-1.589878789447E1,1.184681568555E2,2.011953972518E2));
#1416=CARTESIAN_POINT('',(-1.583444342189E1,1.185007349943E2,2.011520929281E2));
#1417=CARTESIAN_POINT('',(-1.576373935690E1,1.185400092493E2,2.011122308562E2));
#1418=CARTESIAN_POINT('',(-1.568615657471E1,1.185862863123E2,2.010765884073E2));
#1419=CARTESIAN_POINT('',(-1.560194303742E1,1.186393164321E2,2.010465306709E2));
#1420=CARTESIAN_POINT('',(-1.551180787042E1,1.186985675136E2,2.010233617444E2));
#1421=CARTESIAN_POINT('',(-1.541723933944E1,1.187628180658E2,2.010083907421E2));
#1422=CARTESIAN_POINT('',(-1.532003601166E1,1.188304181858E2,2.010025437884E2));
#1423=CARTESIAN_POINT('',(-1.525460305690E1,1.188766639594E2,2.010050010481E2));
#1424=CARTESIAN_POINT('',(-1.522172649488E1,1.189E2,2.010078773745E2));
#1426=DIRECTION('',(-9.961946980917E-1,0.E0,-8.715574274766E-2));
#1427=VECTOR('',#1426,7.722711380307E0);
#1428=CARTESIAN_POINT('',(-1.522172649488E1,1.189E2,2.010078773745E2));
#1429=LINE('',#1428,#1427);
#1430=CARTESIAN_POINT('',(-2.511227643570E1,1.186E2,2.011748418725E2));
#1431=CARTESIAN_POINT('',(-2.510622632840E1,1.186E2,2.011562215568E2));
#1432=CARTESIAN_POINT('',(-2.509604260037E1,1.186013153660E2,2.011206226510E2));
#1433=CARTESIAN_POINT('',(-2.508602998490E1,1.186065756096E2,2.010727844834E2));
#1434=CARTESIAN_POINT('',(-2.508043125713E1,1.186146751258E2,2.010293427861E2));
#1435=CARTESIAN_POINT('',(-2.507872206296E1,1.186250209478E2,2.009906026441E2));
#1436=CARTESIAN_POINT('',(-2.508031127224E1,1.186373573870E2,2.009555721712E2));
#1437=CARTESIAN_POINT('',(-2.508487124595E1,1.186515034318E2,2.009238287649E2));
#1438=CARTESIAN_POINT('',(-2.509209529191E1,1.186672043216E2,2.008952529453E2));
#1439=CARTESIAN_POINT('',(-2.510213182829E1,1.186849221799E2,2.008688060344E2));
#1440=CARTESIAN_POINT('',(-2.511475759663E1,1.187042978077E2,2.008449633051E2));
#1441=CARTESIAN_POINT('',(-2.513009428456E1,1.187255217535E2,2.008234826457E2));
#1442=CARTESIAN_POINT('',(-2.514849400664E1,1.187489957562E2,2.008041476988E2));
#1443=CARTESIAN_POINT('',(-2.516997631208E1,1.187746357659E2,2.007872906223E2));
#1444=CARTESIAN_POINT('',(-2.519546136203E1,1.188033224009E2,2.007728936400E2));
#1445=CARTESIAN_POINT('',(-2.522548796614E1,1.188353646381E2,2.007616151676E2));
#1446=CARTESIAN_POINT('',(-2.526045476517E1,1.188709075621E2,2.007542125911E2));
#1447=CARTESIAN_POINT('',(-2.530071685928E1,1.189100189338E2,2.007515595179E2));
#1448=CARTESIAN_POINT('',(-2.534702467787E1,1.189530824469E2,2.007547238730E2));
#1449=CARTESIAN_POINT('',(-2.539838369762E1,1.189988879358E2,2.007645610068E2));
#1450=CARTESIAN_POINT('',(-2.545566271067E1,1.190478880686E2,2.007822799214E2));
#1451=CARTESIAN_POINT('',(-2.549771020565E1,1.190823777911E2,2.008000777180E2));
#1452=CARTESIAN_POINT('',(-2.551967508713E1,1.191E2,2.008106520063E2));
#1454=CARTESIAN_POINT('',(-2.335082934057E1,1.191E2,2.053157722186E2));
#1455=DIRECTION('',(0.E0,-1.E0,0.E0));
#1456=DIRECTION('',(-5.299192642332E-1,0.E0,-8.480480961564E-1));
#1457=AXIS2_PLACEMENT_3D('',#1454,#1455,#1456);
#1459=CARTESIAN_POINT('',(-2.573546602962E1,1.191E2,2.014995557859E2));
#1460=DIRECTION('',(8.480480961564E-1,0.E0,-5.299192642332E-1));
#1461=DIRECTION('',(5.684341886081E-14,-1.E0,1.136868377216E-13));
#1462=AXIS2_PLACEMENT_3D('',#1459,#1460,#1461);
#1464=DIRECTION('',(0.E0,1.E0,0.E0));
#1465=VECTOR('',#1464,6.77E1);
#1466=CARTESIAN_POINT('',(-1.940765486137E1,4.640000000001E1,2.113827291218E2));
#1467=LINE('',#1466,#1465);
#1468=DIRECTION('',(0.E0,1.E0,0.E0));
#1469=VECTOR('',#1468,6.77E1);
#1470=CARTESIAN_POINT('',(-1.940765486137E1,-2.329999999999E1,
2.113827291218E2));
#1471=LINE('',#1470,#1469);
#1472=DIRECTION('',(0.E0,1.E0,0.E0));
#1473=VECTOR('',#1472,2.E0);
#1474=CARTESIAN_POINT('',(-1.940765486137E1,-2.759999999999E1,
2.113827291218E2));
#1475=LINE('',#1474,#1473);
#1476=DIRECTION('',(0.E0,1.E0,0.E0));
#1477=VECTOR('',#1476,2.E0);
#1478=CARTESIAN_POINT('',(-1.940765486137E1,1.164E2,2.113827291218E2));
#1479=LINE('',#1478,#1477);
#1480=DIRECTION('',(0.E0,-1.E0,-1.235726496974E-14));
#1481=VECTOR('',#1480,2.3E0);
#1482=CARTESIAN_POINT('',(-1.631990613516E1,1.164E2,2.018796157003E2));
#1483=LINE('',#1482,#1481);
#1484=DIRECTION('',(0.E0,1.E0,-1.235726496974E-14));
#1485=VECTOR('',#1484,2.3E0);
#1486=CARTESIAN_POINT('',(-1.706305096064E1,1.141E2,2.025487463066E2));
#1487=LINE('',#1486,#1485);
#1488=DIRECTION('',(-7.431448254774E-1,0.E0,6.691306063589E-1));
#1489=VECTOR('',#1488,1.E0);
#1490=CARTESIAN_POINT('',(-1.631990613516E1,1.164E2,2.018796157003E2));
#1491=LINE('',#1490,#1489);
#1492=DIRECTION('',(3.090169943749E-1,0.E0,-9.510565162952E-1));
#1493=VECTOR('',#1492,9.992164775432E0);
#1494=CARTESIAN_POINT('',(-1.940765486137E1,1.164E2,2.113827291218E2));
#1495=LINE('',#1494,#1493);
#1496=DIRECTION('',(9.961946980917E-1,0.E0,8.715574274763E-2));
#1497=VECTOR('',#1496,5.131520538967E-1);
#1498=CARTESIAN_POINT('',(-1.991885421677E1,1.164E2,2.113380049734E2));
#1499=LINE('',#1498,#1497);
#1500=DIRECTION('',(3.090169943749E-1,0.E0,-9.510565162952E-1));
#1501=VECTOR('',#1500,9.241573467210E0);
#1502=CARTESIAN_POINT('',(-1.991885421677E1,1.164E2,2.113380049734E2));
#1503=LINE('',#1502,#1501);
#1504=DIRECTION('',(0.E0,1.E0,0.E0));
#1505=VECTOR('',#1504,2.3E0);
#1506=CARTESIAN_POINT('',(-1.991885421677E1,1.141E2,2.113380049734E2));
#1507=LINE('',#1506,#1505);
#1508=DIRECTION('',(3.090169943749E-1,0.E0,-9.510565162952E-1));
#1509=VECTOR('',#1508,9.992164775432E0);
#1510=CARTESIAN_POINT('',(-1.940765486137E1,1.141E2,2.113827291218E2));
#1511=LINE('',#1510,#1509);
#1512=DIRECTION('',(-7.431448254774E-1,0.E0,6.691306063589E-1));
#1513=VECTOR('',#1512,1.E0);
#1514=CARTESIAN_POINT('',(-1.631990613516E1,1.141E2,2.018796157003E2));
#1515=LINE('',#1514,#1513);
#1516=DIRECTION('',(3.090169943749E-1,0.E0,-9.510565162952E-1));
#1517=VECTOR('',#1516,9.241573467210E0);
#1518=CARTESIAN_POINT('',(-1.991885421677E1,1.141E2,2.113380049734E2));
#1519=LINE('',#1518,#1517);
#1520=DIRECTION('',(9.961946980917E-1,-2.769326285901E-14,8.715574274763E-2));
#1521=VECTOR('',#1520,5.131520538967E-1);
#1522=CARTESIAN_POINT('',(-1.991885421677E1,1.141E2,2.113380049734E2));
#1523=LINE('',#1522,#1521);
#1524=DIRECTION('',(-3.090169943749E-1,0.E0,9.510565162952E-1));
#1525=VECTOR('',#1524,1.017231300987E1);
#1526=CARTESIAN_POINT('',(-1.646871701138E1,4.640000000001E1,2.016903948886E2));
#1527=LINE('',#1526,#1525);
#1528=DIRECTION('',(9.510565162952E-1,0.E0,3.090169943747E-1));
#1529=VECTOR('',#1528,2.E-1);
#1530=CARTESIAN_POINT('',(-1.646871701138E1,4.640000000001E1,2.016903948886E2));
#1531=LINE('',#1530,#1529);
#1532=DIRECTION('',(3.090169943749E-1,0.E0,-9.510565162952E-1));
#1533=VECTOR('',#1532,1.012613937165E1);
#1534=CARTESIAN_POINT('',(-1.940765486137E1,4.640000000001E1,2.113827291218E2));
#1535=LINE('',#1534,#1533);
#1536=DIRECTION('',(9.961946980917E-1,0.E0,8.715574274766E-2));
#1537=VECTOR('',#1536,2.052608215588E-1);
#1538=CARTESIAN_POINT('',(-1.961213460353E1,4.640000000001E1,2.113648394625E2));
#1539=LINE('',#1538,#1537);
#1540=CARTESIAN_POINT('',(-1.991885421677E1,4.610000000001E1,2.113380049734E2));
#1541=CARTESIAN_POINT('',(-1.991885421677E1,4.615065760270E1,2.113380049734E2));
#1542=CARTESIAN_POINT('',(-1.989622679863E1,4.622925895689E1,2.113399846160E2));
#1543=CARTESIAN_POINT('',(-1.983264982357E1,4.631741193620E1,2.113455468806E2));
#1544=CARTESIAN_POINT('',(-1.974232562462E1,4.637871552156E1,2.113534492240E2));
#1545=CARTESIAN_POINT('',(-1.966259943875E1,4.640000000001E1,2.113604243615E2));
#1546=CARTESIAN_POINT('',(-1.961213460353E1,4.640000000001E1,2.113648394625E2));
#1548=DIRECTION('',(-3.090169943749E-1,4.023940150020E-14,9.510565162952E-1));
#1549=VECTOR('',#1548,1.024157346721E1);
#1550=CARTESIAN_POINT('',(-1.675403396627E1,4.610000000001E1,2.015976897903E2));
#1551=LINE('',#1550,#1549);
#1552=DIRECTION('',(-3.090169943749E-1,-3.677048757777E-14,9.510565162952E-1));
#1553=VECTOR('',#1552,1.024157346721E1);
#1554=CARTESIAN_POINT('',(-1.675403396627E1,4.470000000001E1,2.015976897903E2));
#1555=LINE('',#1554,#1553);
#1556=DIRECTION('',(-3.090169943749E-1,0.E0,9.510565162952E-1));
#1557=VECTOR('',#1556,1.017231300987E1);
#1558=CARTESIAN_POINT('',(-1.646871701138E1,4.440000000001E1,2.016903948886E2));
#1559=LINE('',#1558,#1557);
#1560=DIRECTION('',(3.090169943749E-1,0.E0,-9.510565162952E-1));
#1561=VECTOR('',#1560,1.012613937165E1);
#1562=CARTESIAN_POINT('',(-1.940765486137E1,4.440000000001E1,2.113827291218E2));
#1563=LINE('',#1562,#1561);
#1564=DIRECTION('',(9.510565162952E-1,0.E0,3.090169943747E-1));
#1565=VECTOR('',#1564,2.E-1);
#1566=CARTESIAN_POINT('',(-1.646871701138E1,4.440000000001E1,2.016903948886E2));
#1567=LINE('',#1566,#1565);
#1568=CARTESIAN_POINT('',(-1.646871701138E1,4.610000000001E1,2.016903948886E2));
#1569=DIRECTION('',(3.090169943749E-1,0.E0,-9.510565162952E-1));
#1570=DIRECTION('',(-9.510565162952E-1,-3.647452710235E-12,-3.090169943749E-1));
#1571=AXIS2_PLACEMENT_3D('',#1568,#1569,#1570);
#1573=DIRECTION('',(0.E0,-1.E0,0.E0));
#1574=VECTOR('',#1573,1.399999999999E0);
#1575=CARTESIAN_POINT('',(-1.675403396627E1,4.610000000001E1,2.015976897903E2));
#1576=LINE('',#1575,#1574);
#1577=CARTESIAN_POINT('',(-1.646871701138E1,4.470000000001E1,2.016903948886E2));
#1578=DIRECTION('',(3.090169943749E-1,0.E0,-9.510565162952E-1));
#1579=DIRECTION('',(0.E0,-1.E0,0.E0));
#1580=AXIS2_PLACEMENT_3D('',#1577,#1578,#1579);
#1582=DIRECTION('',(0.E0,1.E0,0.E0));
#1583=VECTOR('',#1582,2.E0);
#1584=CARTESIAN_POINT('',(-1.627850570812E1,4.440000000001E1,2.017521982875E2));
#1585=LINE('',#1584,#1583);
#1586=DIRECTION('',(7.431448254774E-1,0.E0,-6.691306063589E-1));
#1587=VECTOR('',#1586,1.E0);
#1588=CARTESIAN_POINT('',(-1.706305096064E1,-2.329999999999E1,
2.025487463066E2));
#1589=LINE('',#1588,#1587);
#1590=DIRECTION('',(-3.090169943749E-1,0.E0,9.510565162952E-1));
#1591=VECTOR('',#1590,9.992164775432E0);
#1592=CARTESIAN_POINT('',(-1.631990613516E1,-2.329999999999E1,
2.018796157003E2));
#1593=LINE('',#1592,#1591);
#1594=DIRECTION('',(-9.961946980917E-1,0.E0,-8.715574274763E-2));
#1595=VECTOR('',#1594,5.131520538967E-1);
#1596=CARTESIAN_POINT('',(-1.940765486137E1,-2.329999999999E1,
2.113827291218E2));
#1597=LINE('',#1596,#1595);
#1598=DIRECTION('',(-3.090169943749E-1,0.E0,9.510565162952E-1));
#1599=VECTOR('',#1598,9.241573467210E0);
#1600=CARTESIAN_POINT('',(-1.706305096064E1,-2.329999999999E1,
2.025487463066E2));
#1601=LINE('',#1600,#1599);
#1602=DIRECTION('',(0.E0,-1.E0,0.E0));
#1603=VECTOR('',#1602,2.3E0);
#1604=CARTESIAN_POINT('',(-1.631990613516E1,-2.329999999999E1,
2.018796157003E2));
#1605=LINE('',#1604,#1603);
#1606=DIRECTION('',(0.E0,1.E0,-1.235726496974E-14));
#1607=VECTOR('',#1606,2.3E0);
#1608=CARTESIAN_POINT('',(-1.706305096064E1,-2.559999999999E1,
2.025487463066E2));
#1609=LINE('',#1608,#1607);
#1610=DIRECTION('',(0.E0,1.E0,0.E0));
#1611=VECTOR('',#1610,2.3E0);
#1612=CARTESIAN_POINT('',(-1.991885421677E1,-2.559999999999E1,
2.113380049734E2));
#1613=LINE('',#1612,#1611);
#1614=DIRECTION('',(-3.090169943749E-1,0.E0,9.510565162952E-1));
#1615=VECTOR('',#1614,9.992164775432E0);
#1616=CARTESIAN_POINT('',(-1.631990613516E1,-2.559999999999E1,
2.018796157003E2));
#1617=LINE('',#1616,#1615);
#1618=DIRECTION('',(7.431448254774E-1,0.E0,-6.691306063589E-1));
#1619=VECTOR('',#1618,1.E0);
#1620=CARTESIAN_POINT('',(-1.706305096064E1,-2.559999999999E1,
2.025487463066E2));
#1621=LINE('',#1620,#1619);
#1622=DIRECTION('',(-3.090169943749E-1,0.E0,9.510565162952E-1));
#1623=VECTOR('',#1622,9.241573467210E0);
#1624=CARTESIAN_POINT('',(-1.706305096064E1,-2.559999999999E1,
2.025487463066E2));
#1625=LINE('',#1624,#1623);
#1626=DIRECTION('',(-9.961946980917E-1,0.E0,-8.715574274763E-2));
#1627=VECTOR('',#1626,5.131520538967E-1);
#1628=CARTESIAN_POINT('',(-1.940765486137E1,-2.559999999999E1,
2.113827291218E2));
#1629=LINE('',#1628,#1627);
#1630=CARTESIAN_POINT('',(-2.335082934057E1,-2.829999999999E1,
2.053157722186E2));
#1631=DIRECTION('',(0.E0,1.E0,0.E0));
#1632=DIRECTION('',(-4.337691493119E-1,0.E0,-9.010240424679E-1));
#1633=AXIS2_PLACEMENT_3D('',#1630,#1631,#1632);
#1635=CARTESIAN_POINT('',(-2.511227643574E1,-2.779999999999E1,
2.011748418726E2));
#1636=CARTESIAN_POINT('',(-2.510620020525E1,-2.779999999999E1,
2.011561411580E2));
#1637=CARTESIAN_POINT('',(-2.509597697643E1,-2.780132665766E1,
2.011203841406E2));
#1638=CARTESIAN_POINT('',(-2.508592626216E1,-2.780665073917E1,
2.010722221330E2));
#1639=CARTESIAN_POINT('',(-2.508036762076E1,-2.781482797106E1,
2.010286523157E2));
#1640=CARTESIAN_POINT('',(-2.507873424656E1,-2.782524202524E1,
2.009899247195E2));
#1641=CARTESIAN_POINT('',(-2.508039195274E1,-2.783762366938E1,
2.009549587724E2));
#1642=CARTESIAN_POINT('',(-2.508498776740E1,-2.785177324877E1,
2.009233142348E2));
#1643=CARTESIAN_POINT('',(-2.509219139332E1,-2.786738774937E1,
2.008949551303E2));
#1644=CARTESIAN_POINT('',(-2.510216890444E1,-2.788498252123E1,
2.008687248743E2));
#1645=CARTESIAN_POINT('',(-2.511480107758E1,-2.790436616201E1,
2.008448759264E2));
#1646=CARTESIAN_POINT('',(-2.513025423575E1,-2.792574613863E1,
2.008232487991E2));
#1647=CARTESIAN_POINT('',(-2.514900974861E1,-2.794964645209E1,
2.008036292933E2));
#1648=CARTESIAN_POINT('',(-2.517111096348E1,-2.797596369186E1,
2.007864854615E2));
#1649=CARTESIAN_POINT('',(-2.519752473823E1,-2.800558722954E1,
2.007719149196E2));
#1650=CARTESIAN_POINT('',(-2.522856703491E1,-2.803856632471E1,
2.007607306912E2));
#1651=CARTESIAN_POINT('',(-2.526442537285E1,-2.807484212659E1,
2.007537003468E2));
#1652=CARTESIAN_POINT('',(-2.530525761090E1,-2.811432276263E1,
2.007516070316E2));
#1653=CARTESIAN_POINT('',(-2.535190262654E1,-2.815751055126E1,
2.007554070085E2));
#1654=CARTESIAN_POINT('',(-2.540279976868E1,-2.820272131823E1,
2.007657471897E2));
#1655=CARTESIAN_POINT('',(-2.545861597511E1,-2.825033114496E1,
2.007834631737E2));
#1656=CARTESIAN_POINT('',(-2.549882152543E1,-2.828326939206E1,
2.008006127273E2));
#1657=CARTESIAN_POINT('',(-2.551967508713E1,-2.829999999999E1,
2.008106520063E2));
#1659=CARTESIAN_POINT('',(-2.573546602962E1,-2.829999999999E1,
2.014995557859E2));
#1660=DIRECTION('',(-8.480480961564E-1,0.E0,5.299192642332E-1));
#1661=DIRECTION('',(6.394884621841E-14,1.E0,1.136868377216E-13));
#1662=AXIS2_PLACEMENT_3D('',#1659,#1660,#1661);
#1664=DIRECTION('',(8.715574289611E-2,0.E0,-9.961946980788E-1));
#1665=VECTOR('',#1664,1.716706873429E0);
#1666=CARTESIAN_POINT('',(-1.168391749918E2,1.186E2,1.961555242835E2));
#1667=LINE('',#1666,#1665);
#1668=CARTESIAN_POINT('',(-1.166895541289E2,1.186E2,1.944453499980E2));
#1669=CARTESIAN_POINT('',(-1.172184801450E2,1.186000000056E2,1.943185524682E2));
#1670=CARTESIAN_POINT('',(-1.182750136004E2,1.184946401597E2,1.940652725725E2));
#1671=CARTESIAN_POINT('',(-1.198135081358E2,1.180176441024E2,1.936964552814E2));
#1672=CARTESIAN_POINT('',(-1.212187712250E2,1.172479843298E2,1.933595761624E2));
#1673=CARTESIAN_POINT('',(-1.220428595043E2,1.165555811178E2,1.931620213596E2));
#1674=CARTESIAN_POINT('',(-1.224196896026E2,1.161683441422E2,1.930716852371E2));
#1676=DIRECTION('',(8.715574274348E-2,1.996063520527E-11,-9.961946980921E-1));
#1677=VECTOR('',#1676,1.786979470761E0);
#1678=CARTESIAN_POINT('',(-1.249075302007E2,1.104E2,1.942927977045E2));
#1679=LINE('',#1678,#1677);
#1680=CARTESIAN_POINT('',(-1.168391749918E2,1.186E2,1.961555242835E2));
#1681=CARTESIAN_POINT('',(-1.171737206113E2,1.186E2,1.960782883412E2));
#1682=CARTESIAN_POINT('',(-1.178023523762E2,1.185584762754E2,1.959331572622E2));
#1683=CARTESIAN_POINT('',(-1.189403025223E2,1.183529770104E2,1.956704407695E2));
#1684=CARTESIAN_POINT('',(-1.201853408362E2,1.179140372283E2,1.953830010251E2));
#1685=CARTESIAN_POINT('',(-1.214675640044E2,1.171699148712E2,1.950869764806E2));
#1686=CARTESIAN_POINT('',(-1.225655067791E2,1.162366647893E2,1.948334964173E2));
#1687=CARTESIAN_POINT('',(-1.234875309332E2,1.151228687044E2,1.946206303679E2));
#1688=CARTESIAN_POINT('',(-1.242245877127E2,1.138192398430E2,1.944504674019E2));
#1689=CARTESIAN_POINT('',(-1.246608913986E2,1.125502923899E2,1.943497387588E2));
#1690=CARTESIAN_POINT('',(-1.248659005594E2,1.113873119592E2,1.943024086645E2));
#1691=CARTESIAN_POINT('',(-1.249075302007E2,1.107433455438E2,1.942927977045E2));
#1692=CARTESIAN_POINT('',(-1.249075302007E2,1.104000000001E2,1.942927977045E2));
#1694=CARTESIAN_POINT('',(-1.226612282005E2,1.165200745709E2,1.925535283483E2));
#1695=CARTESIAN_POINT('',(-1.226226796481E2,1.164805325598E2,1.925624279829E2));
#1696=CARTESIAN_POINT('',(-1.225445115189E2,1.163959023362E2,1.926001998855E2));
#1697=CARTESIAN_POINT('',(-1.224509488777E2,1.162767162949E2,1.927250664609E2));
#1698=CARTESIAN_POINT('',(-1.224059565274E2,1.161941437758E2,1.928974274041E2));
#1699=CARTESIAN_POINT('',(-1.224109816471E2,1.161722554668E2,1.930165704652E2));
#1700=CARTESIAN_POINT('',(-1.224196896026E2,1.161683441422E2,1.930716852371E2));
#1702=CARTESIAN_POINT('',(-1.166895541292E2,1.191E2,1.944453499980E2));
#1703=DIRECTION('',(-9.743700646123E-1,0.E0,-2.249510550931E-1));
#1704=DIRECTION('',(2.249510550931E-1,0.E0,-9.743700646123E-1));
#1705=AXIS2_PLACEMENT_3D('',#1702,#1703,#1704);
#1707=CARTESIAN_POINT('',(-1.165770786013E2,1.191E2,1.939581649657E2));
#1708=CARTESIAN_POINT('',(-1.167146095348E2,1.191000039900E2,1.939264134478E2));
#1709=CARTESIAN_POINT('',(-1.169902964197E2,1.190937131420E2,1.938627661151E2));
#1710=CARTESIAN_POINT('',(-1.174063066045E2,1.190625001136E2,1.937667225959E2));
#1711=CARTESIAN_POINT('',(-1.178229873188E2,1.190110065602E2,1.936705242728E2));
#1712=CARTESIAN_POINT('',(-1.182398187994E2,1.189379783005E2,1.935742911425E2));
#1713=CARTESIAN_POINT('',(-1.186528475490E2,1.188440077190E2,1.934789359419E2));
#1714=CARTESIAN_POINT('',(-1.190628886945E2,1.187288719099E2,1.933842704840E2));
#1715=CARTESIAN_POINT('',(-1.194678962140E2,1.185927130739E2,1.932907671303E2));
#1716=CARTESIAN_POINT('',(-1.198642522781E2,1.184369050310E2,1.931992611224E2));
#1717=CARTESIAN_POINT('',(-1.202542536478E2,1.182604440218E2,1.931092222113E2));
#1718=CARTESIAN_POINT('',(-1.206338574146E2,1.180651081985E2,1.930215837760E2));
#1719=CARTESIAN_POINT('',(-1.210031142761E2,1.178510852616E2,1.929363341120E2));
#1720=CARTESIAN_POINT('',(-1.213610458283E2,1.176189574440E2,1.928536991017E2));
#1721=CARTESIAN_POINT('',(-1.217061705855E2,1.173698792804E2,1.927740207731E2));
#1722=CARTESIAN_POINT('',(-1.220388835606E2,1.171036869502E2,1.926972079301E2));
#1723=CARTESIAN_POINT('',(-1.223582803858E2,1.168210578792E2,1.926234693625E2));
#1724=CARTESIAN_POINT('',(-1.225617967020E2,1.166221744999E2,1.925764839186E2));
#1725=CARTESIAN_POINT('',(-1.226612282005E2,1.165200745709E2,1.925535283483E2));
#1727=CARTESIAN_POINT('',(-1.226612282005E2,1.165200745709E2,1.925535283483E2));
#1728=CARTESIAN_POINT('',(-1.227655972075E2,1.164131201486E2,1.925294328644E2));
#1729=CARTESIAN_POINT('',(-1.229685308903E2,1.161939965447E2,1.924825819319E2));
#1730=CARTESIAN_POINT('',(-1.232559371535E2,1.158491713752E2,1.924162289676E2));
#1731=CARTESIAN_POINT('',(-1.235252428242E2,1.154895389480E2,1.923540548543E2));
#1732=CARTESIAN_POINT('',(-1.237758770157E2,1.151158736772E2,1.922961913917E2));
#1733=CARTESIAN_POINT('',(-1.240069118521E2,1.147296086005E2,1.922428527967E2));
#1734=CARTESIAN_POINT('',(-1.242179858908E2,1.143314081722E2,1.921941225150E2));
#1735=CARTESIAN_POINT('',(-1.244084666815E2,1.139224435107E2,1.921501465593E2));
#1736=CARTESIAN_POINT('',(-1.245778555164E2,1.135037959352E2,1.921110400653E2));
#1737=CARTESIAN_POINT('',(-1.247256953332E2,1.130765648943E2,1.920769085541E2));
#1738=CARTESIAN_POINT('',(-1.248515816145E2,1.126419114205E2,1.920478454159E2));
#1739=CARTESIAN_POINT('',(-1.249551997981E2,1.122007558769E2,1.920239232732E2));
#1740=CARTESIAN_POINT('',(-1.250360987784E2,1.117550841535E2,1.920052462719E2));
#1741=CARTESIAN_POINT('',(-1.250942094129E2,1.113054153172E2,1.919918303748E2));
#1742=CARTESIAN_POINT('',(-1.251293036151E2,1.108531848529E2,1.919837282396E2));
#1743=CARTESIAN_POINT('',(-1.251372797449E2,1.105512106288E2,1.919818868053E2));
#1744=CARTESIAN_POINT('',(-1.251374191182E2,1.104000000042E2,1.919818546285E2));
#1746=CARTESIAN_POINT('',(-1.252498822167E2,1.104E2,1.924690425300E2));
#1747=DIRECTION('',(0.E0,1.E0,0.E0));
#1748=DIRECTION('',(9.961946980920E-1,0.E0,8.715574274527E-2));
#1749=AXIS2_PLACEMENT_3D('',#1746,#1747,#1748);
#1751=CARTESIAN_POINT('',(-1.224196896026E2,1.161683441422E2,1.930716852371E2));
#1752=CARTESIAN_POINT('',(-1.225184991385E2,1.160668060833E2,1.930480002634E2));
#1753=CARTESIAN_POINT('',(-1.227107832115E2,1.158585901763E2,1.930018448215E2));
#1754=CARTESIAN_POINT('',(-1.229825293701E2,1.155317035736E2,1.929366874626E2));
#1755=CARTESIAN_POINT('',(-1.232369210142E2,1.151911628864E2,1.928756936338E2));
#1756=CARTESIAN_POINT('',(-1.234734108370E2,1.148377638650E2,1.928190113646E2));
#1757=CARTESIAN_POINT('',(-1.236911594923E2,1.144728874040E2,1.927668332916E2));
#1758=CARTESIAN_POINT('',(-1.238899057158E2,1.140971010793E2,1.927192197929E2));
#1759=CARTESIAN_POINT('',(-1.240691003521E2,1.137114730141E2,1.926762978930E2));
#1760=CARTESIAN_POINT('',(-1.242282999135E2,1.133170238698E2,1.926381695749E2));
#1761=CARTESIAN_POINT('',(-1.243671092373E2,1.129147721919E2,1.926049251404E2));
#1762=CARTESIAN_POINT('',(-1.244851866797E2,1.125057433699E2,1.925766423370E2));
#1763=CARTESIAN_POINT('',(-1.245822391627E2,1.120908716445E2,1.925533874318E2));
#1764=CARTESIAN_POINT('',(-1.246578947439E2,1.116718634239E2,1.925352484410E2));
#1765=CARTESIAN_POINT('',(-1.247120676139E2,1.112493940453E2,1.925222366807E2));
#1766=CARTESIAN_POINT('',(-1.247445789923E2,1.108249339471E2,1.925144185626E2));
#1767=CARTESIAN_POINT('',(-1.247517842043E2,1.105415899228E2,1.925126128195E2));
#1768=CARTESIAN_POINT('',(-1.247517846777E2,1.104000000001E2,1.925126182301E2));
#1770=DIRECTION('',(-9.560808666794E-8,1.E0,-2.207111370165E-8));
#1771=VECTOR('',#1770,1.300000000049E2);
#1772=CARTESIAN_POINT('',(-1.251374066892E2,-1.960000000071E1,
1.919818574977E2));
#1773=LINE('',#1772,#1771);
#1774=DIRECTION('',(1.461195062376E-9,1.E0,-1.670196245231E-8));
#1775=VECTOR('',#1774,1.300000000006E2);
#1776=CARTESIAN_POINT('',(-1.247517848677E2,-1.960000000050E1,
1.925126204014E2));
#1777=LINE('',#1776,#1775);
#1778=CARTESIAN_POINT('',(-1.252498822167E2,-1.959999999999E1,
1.924690425300E2));
#1779=DIRECTION('',(0.E0,1.E0,0.E0));
#1780=DIRECTION('',(9.961946980920E-1,0.E0,8.715574274527E-2));
#1781=AXIS2_PLACEMENT_3D('',#1778,#1779,#1780);
#1783=CARTESIAN_POINT('',(-1.251374066892E2,-1.960000000071E1,
1.919818574977E2));
#1784=CARTESIAN_POINT('',(-1.251374025334E2,-1.975584311988E1,
1.919818584571E2));
#1785=CARTESIAN_POINT('',(-1.251287579440E2,-2.006423996353E1,
1.919838542179E2));
#1786=CARTESIAN_POINT('',(-1.250937079182E2,-2.051629144536E1,
1.919919461539E2));
#1787=CARTESIAN_POINT('',(-1.250358836335E2,-2.095983717906E1,
1.920052959420E2));
#1788=CARTESIAN_POINT('',(-1.249561111132E2,-2.139968424883E1,
1.920237128795E2));
#1789=CARTESIAN_POINT('',(-1.248535145785E2,-2.183718098352E1,
1.920473991560E2));
#1790=CARTESIAN_POINT('',(-1.247278545692E2,-2.227162690300E1,
1.920764100551E2));
#1791=CARTESIAN_POINT('',(-1.245801095973E2,-2.269880793684E1,
1.921105196697E2));
#1792=CARTESIAN_POINT('',(-1.244107269676E2,-2.311754830407E1,
1.921496247311E2));
#1793=CARTESIAN_POINT('',(-1.242198791421E2,-2.352728474219E1,
1.921936854235E2));
#1794=CARTESIAN_POINT('',(-1.240086982442E2,-2.392568742483E1,
1.922424403756E2));
#1795=CARTESIAN_POINT('',(-1.237772729508E2,-2.431265191779E1,
1.922958691147E2));
#1796=CARTESIAN_POINT('',(-1.235266972811E2,-2.468642460872E1,
1.923537190665E2));
#1797=CARTESIAN_POINT('',(-1.232564949716E2,-2.504753056225E1,
1.924161001851E2));
#1798=CARTESIAN_POINT('',(-1.229694161976E2,-2.539238010371E1,
1.924823775426E2));
#1799=CARTESIAN_POINT('',(-1.227659486166E2,-2.561254452687E1,
1.925293517352E2));
#1800=CARTESIAN_POINT('',(-1.226612320950E2,-2.572007131254E1,
1.925535274492E2));
#1802=CARTESIAN_POINT('',(-5.476779927461E1,-2.829999999999E1,
1.102159192170E2));
#1803=DIRECTION('',(0.E0,-1.E0,0.E0));
#1804=DIRECTION('',(-8.715574274762E-2,0.E0,9.961946980917E-1));
#1805=AXIS2_PLACEMENT_3D('',#1802,#1803,#1804);
#1807=CARTESIAN_POINT('',(-6.313475057838E1,-2.829999999999E1,
2.058506102339E2));
#1808=DIRECTION('',(-9.961946980917E-1,0.E0,-8.715574274761E-2));
#1809=DIRECTION('',(1.421085471520E-14,1.E0,-1.136868377216E-13));
#1810=AXIS2_PLACEMENT_3D('',#1807,#1808,#1809);
#1812=CARTESIAN_POINT('',(-7.636310056355E1,-2.829999999999E1,
2.037554454198E2));
#1813=DIRECTION('',(-9.743700646123E-1,0.E0,-2.249510550931E-1));
#1814=DIRECTION('',(2.842170943040E-14,1.E0,-1.136868377216E-13));
#1815=AXIS2_PLACEMENT_3D('',#1812,#1813,#1814);
#1817=CARTESIAN_POINT('',(-1.484358991903E1,1.199E2,2.015428699570E2));
#1818=DIRECTION('',(9.961946980917E-1,0.E0,8.715574274766E-2));
#1819=DIRECTION('',(8.715574274766E-2,0.E0,-9.961946980917E-1));
#1820=AXIS2_PLACEMENT_3D('',#1817,#1818,#1819);
#1822=CARTESIAN_POINT('',(-1.484358991903E1,1.199E2,2.015428699570E2));
#1823=DIRECTION('',(0.E0,1.E0,0.E0));
#1824=DIRECTION('',(9.650695059176E-1,0.E0,-2.619939860911E-1));
#1825=AXIS2_PLACEMENT_3D('',#1822,#1823,#1824);
#1827=CARTESIAN_POINT('',(-2.956895972537E1,1.204E2,2.057757769031E2));
#1828=CARTESIAN_POINT('',(-2.878625212517E1,1.204E2,2.083031013407E2));
#1829=VERTEX_POINT('',#1827);
#1830=VERTEX_POINT('',#1828);
#1831=CARTESIAN_POINT('',(-2.956895972537E1,1.2065E2,2.057757769031E2));
#1832=CARTESIAN_POINT('',(-2.259559683873E1,1.2065E2,2.063858671024E2));
#1833=VERTEX_POINT('',#1831);
#1834=VERTEX_POINT('',#1832);
#1835=CARTESIAN_POINT('',(-2.595154466793E1,1.2065E2,2.045865299556E2));
#1836=CARTESIAN_POINT('',(-2.621301189617E1,1.2065E2,2.075751140499E2));
#1837=VERTEX_POINT('',#1835);
#1838=VERTEX_POINT('',#1836);
#1839=CARTESIAN_POINT('',(-2.595154466793E1,1.216E2,2.045865299556E2));
#1840=CARTESIAN_POINT('',(-2.757657032919E1,1.216E2,2.059500883886E2));
#1841=VERTEX_POINT('',#1839);
#1842=VERTEX_POINT('',#1840);
#1843=CARTESIAN_POINT('',(-2.727771191976E1,1.219E2,2.059762351115E2));
#1844=CARTESIAN_POINT('',(-2.728227828205E1,1.219E2,2.060808220028E2));
#1845=VERTEX_POINT('',#1843);
#1846=VERTEX_POINT('',#1844);
#1847=CARTESIAN_POINT('',(-2.573546602962E1,1.204E2,2.014995557859E2));
#1848=CARTESIAN_POINT('',(-3.061970621212E1,1.204E2,2.045515677833E2));
#1849=VERTEX_POINT('',#1847);
#1850=VERTEX_POINT('',#1848);
#1851=CARTESIAN_POINT('',(-4.326974385525E1,1.204E2,2.075885731230E2));
#1852=VERTEX_POINT('',#1851);
#1853=CARTESIAN_POINT('',(-3.088466584424E1,1.199E2,2.041275437352E2));
#1854=VERTEX_POINT('',#1853);
#1855=CARTESIAN_POINT('',(-4.322616598385E1,1.199E2,2.070904757739E2));
#1856=VERTEX_POINT('',#1855);
#1857=CARTESIAN_POINT('',(-3.088466584424E1,1.191E2,2.041275437352E2));
#1858=VERTEX_POINT('',#1857);
#1859=CARTESIAN_POINT('',(-2.600042566174E1,1.199E2,2.010755317378E2));
#1860=VERTEX_POINT('',#1859);
#1861=CARTESIAN_POINT('',(-2.295862849821E1,1.204E2,2.008328960772E2));
#1862=VERTEX_POINT('',#1861);
#1863=CARTESIAN_POINT('',(-2.291505062684E1,1.199E2,2.003347987282E2));
#1864=VERTEX_POINT('',#1863);
#1865=CARTESIAN_POINT('',(-1.484358991903E1,1.204E2,2.015428699570E2));
#1866=VERTEX_POINT('',#1865);
#1867=CARTESIAN_POINT('',(-1.482975668660E1,1.203741396676E2,2.013847553867E2));
#1868=VERTEX_POINT('',#1867);
#1869=CARTESIAN_POINT('',(-1.436806166088E1,1.199E2,2.016973784541E2));
#1870=VERTEX_POINT('',#1869);
#1871=CARTESIAN_POINT('',(-1.864939827657E1,1.204E2,2.132559436846E2));
#1872=VERTEX_POINT('',#1871);
#1873=CARTESIAN_POINT('',(-1.821588101644E1,1.201054792580E2,2.133968019811E2));
#1874=VERTEX_POINT('',#1873);
#1875=CARTESIAN_POINT('',(-1.817387001843E1,1.199E2,2.134104521818E2));
#1876=VERTEX_POINT('',#1875);
#1877=CARTESIAN_POINT('',(-1.817387001843E1,-2.909999999999E1,
2.134104521818E2));
#1878=VERTEX_POINT('',#1877);
#1879=CARTESIAN_POINT('',(-1.869297614795E1,1.199E2,2.137540410337E2));
#1880=VERTEX_POINT('',#1879);
#1881=CARTESIAN_POINT('',(-1.869036745769E1,1.200703979969E2,2.137242235676E2));
#1882=VERTEX_POINT('',#1881);
#1883=CARTESIAN_POINT('',(-6.343979567809E1,1.204E2,2.093372916772E2));
#1884=VERTEX_POINT('',#1883);
#1885=CARTESIAN_POINT('',(-6.348337354944E1,1.199E2,2.098353890262E2));
#1886=VERTEX_POINT('',#1885);
#1887=CARTESIAN_POINT('',(-7.715042925642E1,1.204E2,2.071657406460E2));
#1888=VERTEX_POINT('',#1887);
#1889=CARTESIAN_POINT('',(-7.726290478399E1,1.199E2,2.076529256783E2));
#1890=VERTEX_POINT('',#1889);
#1891=CARTESIAN_POINT('',(-7.726290478399E1,-2.909999999999E1,
2.076529256783E2));
#1892=VERTEX_POINT('',#1891);
#1893=CARTESIAN_POINT('',(-6.348337354944E1,-2.909999999999E1,
2.098353890262E2));
#1894=VERTEX_POINT('',#1893);
#1895=CARTESIAN_POINT('',(-6.348337354944E1,-2.659999999999E1,
2.098353890262E2));
#1896=VERTEX_POINT('',#1895);
#1897=CARTESIAN_POINT('',(-1.869297614795E1,-2.909999999999E1,
2.137540410337E2));
#1898=VERTEX_POINT('',#1897);
#1899=CARTESIAN_POINT('',(-6.343979567806E1,-2.959999999999E1,
2.093372916772E2));
#1900=VERTEX_POINT('',#1899);
#1901=CARTESIAN_POINT('',(-7.715042925644E1,-2.959999999999E1,
2.071657406459E2));
#1902=VERTEX_POINT('',#1901);
#1903=CARTESIAN_POINT('',(-1.172541381763E2,-2.959999999999E1,
1.979070698777E2));
#1904=VERTEX_POINT('',#1903);
#1905=CARTESIAN_POINT('',(-1.164668094862E2,-2.959999999999E1,
1.944967746509E2));
#1906=VERTEX_POINT('',#1905);
#1907=CARTESIAN_POINT('',(-1.269978388242E2,-1.959999999999E1,
1.956575593343E2));
#1908=VERTEX_POINT('',#1907);
#1909=CARTESIAN_POINT('',(-1.173666137035E2,-2.909999999999E1,
1.983942549101E2));
#1910=VERTEX_POINT('',#1909);
#1911=CARTESIAN_POINT('',(-1.266231293193E2,-1.959999999999E1,
1.962572198937E2));
#1912=VERTEX_POINT('',#1911);
#1913=CARTESIAN_POINT('',(-1.173666137085E2,1.199000000001E2,1.983942549090E2));
#1914=VERTEX_POINT('',#1913);
#1915=CARTESIAN_POINT('',(-1.266231293193E2,1.104E2,1.962572198937E2));
#1916=VERTEX_POINT('',#1915);
#1917=CARTESIAN_POINT('',(-1.172541381763E2,1.204E2,1.979070698777E2));
#1918=VERTEX_POINT('',#1917);
#1919=CARTESIAN_POINT('',(-1.269978388242E2,1.104E2,1.956575593343E2));
#1920=VERTEX_POINT('',#1919);
#1921=CARTESIAN_POINT('',(-1.164668094862E2,1.204E2,1.944967746509E2));
#1922=VERTEX_POINT('',#1921);
#1923=CARTESIAN_POINT('',(-1.262105101340E2,1.104E2,1.922472641075E2));
#1924=VERTEX_POINT('',#1923);
#1925=CARTESIAN_POINT('',(-1.262105101331E2,-1.959999999999E1,
1.922472641040E2));
#1926=VERTEX_POINT('',#1925);
#1927=CARTESIAN_POINT('',(-1.256108495740E2,1.104E2,1.918725546024E2));
#1928=VERTEX_POINT('',#1927);
#1929=CARTESIAN_POINT('',(-1.163543339589E2,1.199E2,1.940095896186E2));
#1930=VERTEX_POINT('',#1929);
#1931=CARTESIAN_POINT('',(-7.625062503600E1,1.199E2,2.032682603875E2));
#1932=VERTEX_POINT('',#1931);
#1933=CARTESIAN_POINT('',(-7.636310056355E1,1.204E2,2.037554454198E2));
#1934=VERTEX_POINT('',#1933);
#1935=CARTESIAN_POINT('',(-6.313475057841E1,1.204E2,2.058506102338E2));
#1936=VERTEX_POINT('',#1935);
#1937=CARTESIAN_POINT('',(-6.309117270700E1,1.199E2,2.053525128848E2));
#1938=VERTEX_POINT('',#1937);
#1939=CARTESIAN_POINT('',(-4.322616598385E1,1.191E2,2.070904757739E2));
#1940=VERTEX_POINT('',#1939);
#1941=CARTESIAN_POINT('',(-6.309117270700E1,1.191E2,2.053525128848E2));
#1942=VERTEX_POINT('',#1941);
#1943=CARTESIAN_POINT('',(-7.625062503600E1,1.191E2,2.032682603875E2));
#1944=VERTEX_POINT('',#1943);
#1945=CARTESIAN_POINT('',(-1.165770786013E2,1.191E2,1.939581649657E2));
#1946=VERTEX_POINT('',#1945);
#1947=VERTEX_POINT('',#1727);
#1948=VERTEX_POINT('',#1744);
#1949=CARTESIAN_POINT('',(-1.251374066892E2,-1.960000000071E1,
1.919818574977E2));
#1950=VERTEX_POINT('',#1949);
#1951=VERTEX_POINT('',#1800);
#1952=CARTESIAN_POINT('',(-1.165770786046E2,-2.829998857365E1,
1.939581649651E2));
#1953=CARTESIAN_POINT('',(-7.625062503600E1,-2.829999999999E1,
2.032682603875E2));
#1954=VERTEX_POINT('',#1952);
#1955=VERTEX_POINT('',#1953);
#1956=CARTESIAN_POINT('',(-1.166895541292E2,-2.779999999999E1,
1.944453499980E2));
#1957=VERTEX_POINT('',#1956);
#1958=CARTESIAN_POINT('',(-1.247517848677E2,-1.959999999999E1,
1.925126204014E2));
#1959=VERTEX_POINT('',#1958);
#1960=CARTESIAN_POINT('',(-1.247517848677E2,1.104E2,1.925126204014E2));
#1961=VERTEX_POINT('',#1960);
#1962=CARTESIAN_POINT('',(-1.166895541292E2,1.186E2,1.944453499980E2));
#1963=VERTEX_POINT('',#1962);
#1964=VERTEX_POINT('',#1751);
#1965=CARTESIAN_POINT('',(-1.168391749918E2,1.186E2,1.961555242835E2));
#1966=VERTEX_POINT('',#1965);
#1967=VERTEX_POINT('',#1692);
#1968=CARTESIAN_POINT('',(-7.674551735717E1,1.186E2,2.054118745297E2));
#1969=VERTEX_POINT('',#1968);
#1970=CARTESIAN_POINT('',(-7.636310056355E1,1.186E2,2.037554454198E2));
#1971=VERTEX_POINT('',#1970);
#1972=CARTESIAN_POINT('',(-6.313475057838E1,1.186E2,2.058506102339E2));
#1973=VERTEX_POINT('',#1972);
#1974=CARTESIAN_POINT('',(-4.326974385523E1,1.186E2,2.075885731230E2));
#1975=VERTEX_POINT('',#1974);
#1976=CARTESIAN_POINT('',(-3.061970621212E1,1.186E2,2.045515677833E2));
#1977=VERTEX_POINT('',#1976);
#1978=CARTESIAN_POINT('',(-2.600042566174E1,1.191E2,2.010755317378E2));
#1979=VERTEX_POINT('',#1978);
#1980=CARTESIAN_POINT('',(-2.573546602962E1,1.186E2,2.014995557859E2));
#1981=VERTEX_POINT('',#1980);
#1982=CARTESIAN_POINT('',(-2.551967508713E1,1.191E2,2.008106520063E2));
#1983=VERTEX_POINT('',#1982);
#1984=VERTEX_POINT('',#1430);
#1985=CARTESIAN_POINT('',(-2.817966010910E1,1.186E2,2.106152781063E2));
#1986=VERTEX_POINT('',#1985);
#1987=CARTESIAN_POINT('',(-6.328291534102E1,1.186E2,2.075441412206E2));
#1988=VERTEX_POINT('',#1987);
#1989=CARTESIAN_POINT('',(-2.797518036694E1,1.184E2,2.106331677656E2));
#1990=VERTEX_POINT('',#1989);
#1991=VERTEX_POINT('',#1031);
#1992=VERTEX_POINT('',#1382);
#1993=CARTESIAN_POINT('',(-2.291505062684E1,1.189E2,2.003347987282E2));
#1994=VERTEX_POINT('',#1993);
#1995=CARTESIAN_POINT('',(-2.295862849821E1,1.184E2,2.008328960772E2));
#1996=VERTEX_POINT('',#1995);
#1997=CARTESIAN_POINT('',(-1.522172649488E1,1.189E2,2.010078773745E2));
#1998=VERTEX_POINT('',#1997);
#1999=VERTEX_POINT('',#1409);
#2000=CARTESIAN_POINT('',(-1.522172649488E1,-2.809999999999E1,
2.010078773745E2));
#2001=VERTEX_POINT('',#2000);
#2002=CARTESIAN_POINT('',(-1.480001204766E1,1.199E2,2.010447726079E2));
#2003=VERTEX_POINT('',#2002);
#2004=CARTESIAN_POINT('',(-1.480001204766E1,-2.909999999999E1,
2.010447726079E2));
#2005=VERTEX_POINT('',#2004);
#2006=CARTESIAN_POINT('',(-1.436105516607E1,1.199E2,2.014118729639E2));
#2007=VERTEX_POINT('',#2006);
#2008=CARTESIAN_POINT('',(-1.436806166088E1,-2.909999999999E1,
2.016973784541E2));
#2009=VERTEX_POINT('',#2008);
#2010=CARTESIAN_POINT('',(-1.436296488547E1,-2.909999999999E1,
2.014050310034E2));
#2011=VERTEX_POINT('',#2010);
#2012=CARTESIAN_POINT('',(-1.484358991903E1,-2.959999999999E1,
2.015428699570E2));
#2013=VERTEX_POINT('',#2012);
#2014=CARTESIAN_POINT('',(-1.848226297945E1,-2.956809902765E1,
2.133102492346E2));
#2015=CARTESIAN_POINT('',(-1.864939827657E1,-2.959999999999E1,
2.132559436846E2));
#2016=VERTEX_POINT('',#2014);
#2017=VERTEX_POINT('',#2015);
#2018=CARTESIAN_POINT('',(-1.851840128353E1,-2.909999999999E1,
2.137384784376E2));
#2019=VERTEX_POINT('',#2018);
#2020=CARTESIAN_POINT('',(-6.348337354944E1,6.400000000008E0,2.098353890262E2));
#2021=VERTEX_POINT('',#2020);
#2022=VERTEX_POINT('',#769);
#2023=CARTESIAN_POINT('',(-2.662416972004E1,8.400000000008E0,2.130601515079E2));
#2024=VERTEX_POINT('',#2023);
#2025=VERTEX_POINT('',#705);
#2026=CARTESIAN_POINT('',(-2.232741851104E1,-1.460000000016E1,
2.134360685287E2));
#2027=CARTESIAN_POINT('',(-2.232741851104E1,1.054000000002E2,2.134360685287E2));
#2028=VERTEX_POINT('',#2026);
#2029=VERTEX_POINT('',#2027);
#2030=CARTESIAN_POINT('',(-2.422803686053E1,-1.459999999997E1,
2.132697859694E2));
#2031=VERTEX_POINT('',#2030);
#2032=CARTESIAN_POINT('',(-2.422803686053E1,1.054E2,2.132697859694E2));
#2033=VERTEX_POINT('',#2032);
#2034=CARTESIAN_POINT('',(-2.662416972004E1,-2.859999999999E1,
2.130601515079E2));
#2035=VERTEX_POINT('',#2034);
#2036=VERTEX_POINT('',#734);
#2037=CARTESIAN_POINT('',(-2.463178032386E1,6.400000000008E0,2.132344629934E2));
#2038=VERTEX_POINT('',#2037);
#2039=CARTESIAN_POINT('',(-2.041015519311E1,-2.959999999999E1,
2.100904379026E2));
#2040=CARTESIAN_POINT('',(-2.240254458930E1,-2.959999999999E1,
2.099161264171E2));
#2041=VERTEX_POINT('',#2039);
#2042=VERTEX_POINT('',#2040);
#2043=CARTESIAN_POINT('',(-2.176356403497E1,-3.024142135623E1,
2.099720299718E2));
#2044=CARTESIAN_POINT('',(-2.104913574744E1,-3.024142135623E1,
2.100345343478E2));
#2045=VERTEX_POINT('',#2043);
#2046=VERTEX_POINT('',#2044);
#2047=CARTESIAN_POINT('',(-2.162268082969E1,-3.029999999999E1,
2.099843556551E2));
#2048=CARTESIAN_POINT('',(-2.119001895272E1,-3.029999999999E1,
2.100222086645E2));
#2049=VERTEX_POINT('',#2047);
#2050=VERTEX_POINT('',#2048);
#2051=CARTESIAN_POINT('',(-2.380527863467E1,-2.959999999999E1,
2.087388800544E2));
#2052=CARTESIAN_POINT('',(-2.956895972537E1,-2.959999999999E1,
2.057757769031E2));
#2053=VERTEX_POINT('',#2051);
#2054=VERTEX_POINT('',#2052);
#2055=CARTESIAN_POINT('',(-2.259559683873E1,-2.974999999999E1,
2.063858671024E2));
#2056=CARTESIAN_POINT('',(-2.956895972537E1,-2.974999999999E1,
2.057757769031E2));
#2057=VERTEX_POINT('',#2055);
#2058=VERTEX_POINT('',#2056);
#2059=CARTESIAN_POINT('',(-2.595154466793E1,-2.974999999999E1,
2.045865299556E2));
#2060=CARTESIAN_POINT('',(-2.621301189617E1,-2.974999999999E1,
2.075751140499E2));
#2061=VERTEX_POINT('',#2059);
#2062=VERTEX_POINT('',#2060);
#2063=CARTESIAN_POINT('',(-2.595154466793E1,-3.079999999999E1,
2.045865299556E2));
#2064=CARTESIAN_POINT('',(-2.757657032919E1,-3.079999999999E1,
2.059500883886E2));
#2065=VERTEX_POINT('',#2063);
#2066=VERTEX_POINT('',#2064);
#2067=CARTESIAN_POINT('',(-2.727771191976E1,-3.109999999999E1,
2.059762351115E2));
#2068=CARTESIAN_POINT('',(-2.728227828205E1,-3.109999999999E1,
2.060808220028E2));
#2069=VERTEX_POINT('',#2067);
#2070=VERTEX_POINT('',#2068);
#2071=CARTESIAN_POINT('',(-7.636310056355E1,-2.959999999999E1,
2.037554454198E2));
#2072=VERTEX_POINT('',#2071);
#2073=CARTESIAN_POINT('',(-6.313475057841E1,-2.959999999999E1,
2.058506102338E2));
#2074=VERTEX_POINT('',#2073);
#2075=CARTESIAN_POINT('',(-7.625062503600E1,-2.909999999999E1,
2.032682603875E2));
#2076=VERTEX_POINT('',#2075);
#2077=CARTESIAN_POINT('',(-6.309117270700E1,-2.909999999999E1,
2.053525128848E2));
#2078=VERTEX_POINT('',#2077);
#2079=CARTESIAN_POINT('',(-1.163543339540E2,-2.909999999986E1,
1.940095896197E2));
#2080=VERTEX_POINT('',#2079);
#2081=CARTESIAN_POINT('',(-1.256108495740E2,-1.959999999999E1,
1.918725546024E2));
#2082=VERTEX_POINT('',#2081);
#2083=CARTESIAN_POINT('',(-6.309117270700E1,-2.829999999999E1,
2.053525128848E2));
#2084=VERTEX_POINT('',#2083);
#2085=CARTESIAN_POINT('',(-4.322616598385E1,-2.829999999999E1,
2.070904757739E2));
#2086=VERTEX_POINT('',#2085);
#2087=CARTESIAN_POINT('',(-6.313475057838E1,-2.779999999999E1,
2.058506102339E2));
#2088=VERTEX_POINT('',#2087);
#2089=CARTESIAN_POINT('',(-7.636310056355E1,-2.779999999999E1,
2.037554454198E2));
#2090=VERTEX_POINT('',#2089);
#2091=CARTESIAN_POINT('',(-1.168391749918E2,-2.779999999999E1,
1.961555242835E2));
#2092=VERTEX_POINT('',#2091);
#2093=CARTESIAN_POINT('',(-7.674551735717E1,-2.779999999999E1,
2.054118745297E2));
#2094=VERTEX_POINT('',#2093);
#2095=CARTESIAN_POINT('',(-6.328291534102E1,-2.779999999999E1,
2.075441412206E2));
#2096=VERTEX_POINT('',#2095);
#2097=VERTEX_POINT('',#1204);
#2098=VERTEX_POINT('',#1187);
#2099=CARTESIAN_POINT('',(-2.797518036694E1,-2.759999999999E1,
2.106331677656E2));
#2100=CARTESIAN_POINT('',(-2.817966010910E1,-2.779999999999E1,
2.106152781063E2));
#2101=VERTEX_POINT('',#2099);
#2102=VERTEX_POINT('',#2100);
#2103=CARTESIAN_POINT('',(-2.487130676693E1,-2.759999999999E1,
2.010804270854E2));
#2104=VERTEX_POINT('',#2103);
#2105=VERTEX_POINT('',#1340);
#2106=VERTEX_POINT('',#628);
#2107=VERTEX_POINT('',#1635);
#2108=CARTESIAN_POINT('',(-2.573546602962E1,-2.779999999999E1,
2.014995557859E2));
#2109=VERTEX_POINT('',#2108);
#2110=CARTESIAN_POINT('',(-2.600042566174E1,-2.829999999999E1,
2.010755317378E2));
#2111=VERTEX_POINT('',#2110);
#2112=CARTESIAN_POINT('',(-2.291505062684E1,-2.809999999999E1,
2.003347987282E2));
#2113=VERTEX_POINT('',#2112);
#2114=CARTESIAN_POINT('',(-2.291505062684E1,-2.909999999999E1,
2.003347987282E2));
#2115=VERTEX_POINT('',#2114);
#2116=CARTESIAN_POINT('',(-2.295862849821E1,-2.759999999999E1,
2.008328960772E2));
#2117=VERTEX_POINT('',#2116);
#2118=CARTESIAN_POINT('',(-1.612803428192E1,-2.759999999999E1,
2.014304956363E2));
#2119=VERTEX_POINT('',#2118);
#2120=CARTESIAN_POINT('',(-1.940765486137E1,-2.759999999999E1,
2.113827291218E2));
#2121=VERTEX_POINT('',#2120);
#2122=CARTESIAN_POINT('',(-1.625993875392E1,-2.759999999999E1,
2.016950550782E2));
#2123=VERTEX_POINT('',#2122);
#2124=CARTESIAN_POINT('',(-1.625993875392E1,1.184E2,2.016950550782E2));
#2125=VERTEX_POINT('',#2124);
#2126=CARTESIAN_POINT('',(-1.940765486137E1,-2.559999999999E1,
2.113827291218E2));
#2127=VERTEX_POINT('',#2126);
#2128=CARTESIAN_POINT('',(-1.631990613516E1,-2.559999999999E1,
2.018796157003E2));
#2129=VERTEX_POINT('',#2128);
#2130=CARTESIAN_POINT('',(-1.991885421677E1,-2.559999999999E1,
2.113380049734E2));
#2131=VERTEX_POINT('',#2130);
#2132=CARTESIAN_POINT('',(-1.706305096064E1,-2.559999999999E1,
2.025487463066E2));
#2133=VERTEX_POINT('',#2132);
#2134=CARTESIAN_POINT('',(-1.706305096064E1,-2.329999999999E1,
2.025487463066E2));
#2135=VERTEX_POINT('',#2134);
#2136=CARTESIAN_POINT('',(-1.631990613516E1,-2.329999999999E1,
2.018796157003E2));
#2137=VERTEX_POINT('',#2136);
#2138=CARTESIAN_POINT('',(-1.991885421677E1,-2.329999999999E1,
2.113380049734E2));
#2139=VERTEX_POINT('',#2138);
#2140=CARTESIAN_POINT('',(-1.940765486137E1,-2.329999999999E1,
2.113827291218E2));
#2141=VERTEX_POINT('',#2140);
#2142=CARTESIAN_POINT('',(-1.940765486137E1,4.440000000001E1,2.113827291218E2));
#2143=VERTEX_POINT('',#2142);
#2144=CARTESIAN_POINT('',(-1.627850570812E1,4.440000000001E1,2.017521982875E2));
#2145=VERTEX_POINT('',#2144);
#2146=CARTESIAN_POINT('',(-1.961213460353E1,4.440000000001E1,2.113648394625E2));
#2147=VERTEX_POINT('',#2146);
#2148=CARTESIAN_POINT('',(-1.646871701138E1,4.440000000001E1,2.016903948886E2));
#2149=VERTEX_POINT('',#2148);
#2150=CARTESIAN_POINT('',(-1.675403396627E1,4.470000000001E1,2.015976897903E2));
#2151=VERTEX_POINT('',#2150);
#2152=VERTEX_POINT('',#1240);
#2153=CARTESIAN_POINT('',(-1.991885421677E1,4.610000000001E1,2.113380049734E2));
#2154=VERTEX_POINT('',#2153);
#2155=CARTESIAN_POINT('',(-1.675403396627E1,4.610000000001E1,2.015976897903E2));
#2156=VERTEX_POINT('',#2155);
#2157=VERTEX_POINT('',#1546);
#2158=CARTESIAN_POINT('',(-1.646871701138E1,4.640000000001E1,2.016903948886E2));
#2159=VERTEX_POINT('',#2158);
#2160=CARTESIAN_POINT('',(-1.940765486137E1,4.640000000001E1,2.113827291218E2));
#2161=VERTEX_POINT('',#2160);
#2162=CARTESIAN_POINT('',(-1.627850570812E1,4.640000000001E1,2.017521982875E2));
#2163=VERTEX_POINT('',#2162);
#2164=CARTESIAN_POINT('',(-1.940765486137E1,1.141E2,2.113827291218E2));
#2165=VERTEX_POINT('',#2164);
#2166=CARTESIAN_POINT('',(-1.631990613516E1,1.141E2,2.018796157003E2));
#2167=VERTEX_POINT('',#2166);
#2168=CARTESIAN_POINT('',(-1.991885421677E1,1.141E2,2.113380049734E2));
#2169=VERTEX_POINT('',#2168);
#2170=CARTESIAN_POINT('',(-1.706305096064E1,1.141E2,2.025487463066E2));
#2171=VERTEX_POINT('',#2170);
#2172=CARTESIAN_POINT('',(-1.706305096064E1,1.164E2,2.025487463066E2));
#2173=VERTEX_POINT('',#2172);
#2174=CARTESIAN_POINT('',(-1.631990613516E1,1.164E2,2.018796157003E2));
#2175=VERTEX_POINT('',#2174);
#2176=CARTESIAN_POINT('',(-1.991885421677E1,1.164E2,2.113380049734E2));
#2177=VERTEX_POINT('',#2176);
#2178=CARTESIAN_POINT('',(-1.940765486137E1,1.164E2,2.113827291218E2));
#2179=VERTEX_POINT('',#2178);
#2180=CARTESIAN_POINT('',(-1.940765486137E1,1.184E2,2.113827291218E2));
#2181=VERTEX_POINT('',#2180);
#2182=CARTESIAN_POINT('',(-2.600042566174E1,-2.909999999999E1,
2.010755317378E2));
#2183=VERTEX_POINT('',#2182);
#2184=CARTESIAN_POINT('',(-3.088466584424E1,-2.909999999999E1,
2.041275437352E2));
#2185=VERTEX_POINT('',#2184);
#2186=CARTESIAN_POINT('',(-2.573546602962E1,-2.959999999999E1,
2.014995557859E2));
#2187=VERTEX_POINT('',#2186);
#2188=CARTESIAN_POINT('',(-3.061970621212E1,-2.959999999999E1,
2.045515677833E2));
#2189=VERTEX_POINT('',#2188);
#2190=CARTESIAN_POINT('',(-2.295862849821E1,-2.959999999999E1,
2.008328960772E2));
#2191=VERTEX_POINT('',#2190);
#2192=CARTESIAN_POINT('',(-1.483446433554E1,-2.958891410662E1,
2.014385640604E2));
#2193=VERTEX_POINT('',#2192);
#2194=CARTESIAN_POINT('',(-4.326974385525E1,-2.959999999999E1,
2.075885731230E2));
#2195=VERTEX_POINT('',#2194);
#2196=CARTESIAN_POINT('',(-4.322616598385E1,-2.909999999999E1,
2.070904757739E2));
#2197=VERTEX_POINT('',#2196);
#2198=CARTESIAN_POINT('',(-3.088466584424E1,-2.829999999999E1,
2.041275437352E2));
#2199=VERTEX_POINT('',#2198);
#2200=CARTESIAN_POINT('',(-3.061970621212E1,-2.779999999999E1,
2.045515677833E2));
#2201=VERTEX_POINT('',#2200);
#2202=CARTESIAN_POINT('',(-4.326974385525E1,-2.779999999999E1,
2.075885731230E2));
#2203=VERTEX_POINT('',#2202);
#2204=CARTESIAN_POINT('',(-2.621301189617E1,-3.079999999999E1,
2.075751140499E2));
#2205=VERTEX_POINT('',#2204);
#2206=CARTESIAN_POINT('',(-2.259559683873E1,1.204E2,2.063858671024E2));
#2207=VERTEX_POINT('',#2206);
#2208=CARTESIAN_POINT('',(-2.758227828205E1,1.216E2,2.060808220028E2));
#2209=VERTEX_POINT('',#2208);
#2210=CARTESIAN_POINT('',(-2.488227828205E1,1.219E2,2.060808220028E2));
#2211=VERTEX_POINT('',#2210);
#2212=CARTESIAN_POINT('',(-2.259559683873E1,-2.959999999999E1,
2.063858671024E2));
#2213=VERTEX_POINT('',#2212);
#2214=CARTESIAN_POINT('',(-2.758227828205E1,-3.079999999999E1,
2.060808220028E2));
#2215=VERTEX_POINT('',#2214);
#2216=CARTESIAN_POINT('',(-2.488227828205E1,-3.109999999999E1,
2.060808220028E2));
#2217=VERTEX_POINT('',#2216);
#2218=CARTESIAN_POINT('',(-2.621301189617E1,1.216E2,2.075751140499E2));
#2219=CARTESIAN_POINT('',(-2.458227828205E1,1.216E2,2.060808220028E2));
#2220=VERTEX_POINT('',#2218);
#2221=VERTEX_POINT('',#2219);
#2222=CARTESIAN_POINT('',(-2.458227828205E1,-3.079999999999E1,
2.060808220028E2));
#2223=VERTEX_POINT('',#2222);
#2224=CARTESIAN_POINT('',(-1.835731138563E1,1.201322128359E2,2.135887536108E2));
#2225=VERTEX_POINT('',#2224);
#2226=CARTESIAN_POINT('',(-1.845425908402E1,-2.945355339058E1,
2.135507668444E2));
#2227=VERTEX_POINT('',#2226);
#2228=CARTESIAN_POINT('',(-1.446206354185E1,-2.937669376735E1,
2.013759023475E2));
#2229=VERTEX_POINT('',#2228);
#2230=CARTESIAN_POINT('',(-1.454876675927E1,1.202535533906E2,2.013477307644E2));
#2231=VERTEX_POINT('',#2230);
#2232=CARTESIAN_POINT('',(-6.604773775634E1,1.204E2,1.949708884920E2));
#2233=DIRECTION('',(0.E0,-1.E0,0.E0));
#2234=DIRECTION('',(9.961946980917E-1,0.E0,8.715574274766E-2));
#2235=AXIS2_PLACEMENT_3D('',#2232,#2233,#2234);
#2236=PLANE('',#2235);
#2238=ORIENTED_EDGE('',*,*,#2237,.F.);
#2240=ORIENTED_EDGE('',*,*,#2239,.T.);
#2242=ORIENTED_EDGE('',*,*,#2241,.T.);
#2244=ORIENTED_EDGE('',*,*,#2243,.F.);
#2246=ORIENTED_EDGE('',*,*,#2245,.T.);
#2248=ORIENTED_EDGE('',*,*,#2247,.T.);
#2250=ORIENTED_EDGE('',*,*,#2249,.F.);
#2252=ORIENTED_EDGE('',*,*,#2251,.T.);
#2254=ORIENTED_EDGE('',*,*,#2253,.F.);
#2256=ORIENTED_EDGE('',*,*,#2255,.T.);
#2258=ORIENTED_EDGE('',*,*,#2257,.T.);
#2260=ORIENTED_EDGE('',*,*,#2259,.F.);
#2261=EDGE_LOOP('',(#2238,#2240,#2242,#2244,#2246,#2248,#2250,#2252,#2254,#2256,
#2258,#2260));
#2262=FACE_OUTER_BOUND('',#2261,.F.);
#2264=ORIENTED_EDGE('',*,*,#2263,.T.);
#2266=ORIENTED_EDGE('',*,*,#2265,.T.);
#2268=ORIENTED_EDGE('',*,*,#2267,.T.);
#2269=EDGE_LOOP('',(#2264,#2266,#2268));
#2270=FACE_BOUND('',#2269,.F.);
#2271=ADVANCED_FACE('',(#2262,#2270),#2236,.F.);
#2272=CARTESIAN_POINT('',(-2.608227828205E1,1.2055E2,2.060808220028E2));
#2273=DIRECTION('',(0.E0,1.E0,0.E0));
#2274=DIRECTION('',(-9.961946980917E-1,0.E0,-8.715574274766E-2));
#2275=AXIS2_PLACEMENT_3D('',#2272,#2273,#2274);
#2276=CYLINDRICAL_SURFACE('',#2275,3.5E0);
#2277=ORIENTED_EDGE('',*,*,#2263,.F.);
#2279=ORIENTED_EDGE('',*,*,#2278,.T.);
#2281=ORIENTED_EDGE('',*,*,#2280,.T.);
#2283=ORIENTED_EDGE('',*,*,#2282,.F.);
#2284=ORIENTED_EDGE('',*,*,#2265,.F.);
#2285=EDGE_LOOP('',(#2277,#2279,#2281,#2283,#2284));
#2286=FACE_OUTER_BOUND('',#2285,.F.);
#2287=ADVANCED_FACE('',(#2286),#2276,.T.);
#2288=CARTESIAN_POINT('',(-2.608227828205E1,1.2055E2,2.060808220028E2));
#2289=DIRECTION('',(0.E0,1.E0,0.E0));
#2290=DIRECTION('',(-9.961946980917E-1,0.E0,-8.715574274766E-2));
#2291=AXIS2_PLACEMENT_3D('',#2288,#2289,#2290);
#2292=CYLINDRICAL_SURFACE('',#2291,3.5E0);
#2293=ORIENTED_EDGE('',*,*,#2282,.T.);
#2295=ORIENTED_EDGE('',*,*,#2294,.T.);
#2296=ORIENTED_EDGE('',*,*,#2278,.F.);
#2297=ORIENTED_EDGE('',*,*,#2267,.F.);
#2298=EDGE_LOOP('',(#2293,#2295,#2296,#2297));
#2299=FACE_OUTER_BOUND('',#2298,.F.);
#2300=ADVANCED_FACE('',(#2299),#2292,.T.);
#2301=CARTESIAN_POINT('',(-3.176515877975E1,1.2065E2,2.091560826344E2));
#2302=DIRECTION('',(0.E0,1.E0,0.E0));
#2303=DIRECTION('',(-9.961946980917E-1,0.E0,-8.715574274766E-2));
#2304=AXIS2_PLACEMENT_3D('',#2301,#2302,#2303);
#2305=PLANE('',#2304);
#2306=ORIENTED_EDGE('',*,*,#2294,.F.);
#2307=ORIENTED_EDGE('',*,*,#2280,.F.);
#2308=EDGE_LOOP('',(#2306,#2307));
#2309=FACE_OUTER_BOUND('',#2308,.F.);
#2311=ORIENTED_EDGE('',*,*,#2310,.T.);
#2313=ORIENTED_EDGE('',*,*,#2312,.T.);
#2314=EDGE_LOOP('',(#2311,#2313));
#2315=FACE_BOUND('',#2314,.F.);
#2316=ADVANCED_FACE('',(#2309,#2315),#2305,.T.);
#2317=CARTESIAN_POINT('',(-2.608227828205E1,2.890000000001E1,2.060808220028E2));
#2318=DIRECTION('',(0.E0,1.E0,0.E0));
#2319=DIRECTION('',(8.715574274762E-2,0.E0,-9.961946980917E-1));
#2320=AXIS2_PLACEMENT_3D('',#2317,#2318,#2319);
#2321=CYLINDRICAL_SURFACE('',#2320,1.5E0);
#2322=ORIENTED_EDGE('',*,*,#2310,.F.);
#2324=ORIENTED_EDGE('',*,*,#2323,.T.);
#2326=ORIENTED_EDGE('',*,*,#2325,.T.);
#2328=ORIENTED_EDGE('',*,*,#2327,.T.);
#2330=ORIENTED_EDGE('',*,*,#2329,.F.);
#2331=EDGE_LOOP('',(#2322,#2324,#2326,#2328,#2330));
#2332=FACE_OUTER_BOUND('',#2331,.F.);
#2333=ADVANCED_FACE('',(#2332),#2321,.T.);
#2334=CARTESIAN_POINT('',(-2.608227828205E1,2.890000000001E1,2.060808220028E2));
#2335=DIRECTION('',(0.E0,1.E0,0.E0));
#2336=DIRECTION('',(8.715574274762E-2,0.E0,-9.961946980917E-1));
#2337=AXIS2_PLACEMENT_3D('',#2334,#2335,#2336);
#2338=CYLINDRICAL_SURFACE('',#2337,1.5E0);
#2339=ORIENTED_EDGE('',*,*,#2323,.F.);
#2340=ORIENTED_EDGE('',*,*,#2312,.F.);
#2341=ORIENTED_EDGE('',*,*,#2329,.T.);
#2343=ORIENTED_EDGE('',*,*,#2342,.T.);
#2345=ORIENTED_EDGE('',*,*,#2344,.T.);
#2347=ORIENTED_EDGE('',*,*,#2346,.T.);
#2348=EDGE_LOOP('',(#2339,#2340,#2341,#2343,#2345,#2347));
#2349=FACE_OUTER_BOUND('',#2348,.F.);
#2350=ADVANCED_FACE('',(#2349),#2338,.T.);
#2351=CARTESIAN_POINT('',(-2.608227828205E1,1.216E2,2.060808220028E2));
#2352=DIRECTION('',(0.E0,1.E0,0.E0));
#2353=DIRECTION('',(1.E0,0.E0,0.E0));
#2354=AXIS2_PLACEMENT_3D('',#2351,#2352,#2353);
#2355=TOROIDAL_SURFACE('',#2354,1.2E0,3.E-1);
#2356=ORIENTED_EDGE('',*,*,#2342,.F.);
#2357=ORIENTED_EDGE('',*,*,#2327,.F.);
#2359=ORIENTED_EDGE('',*,*,#2358,.F.);
#2361=ORIENTED_EDGE('',*,*,#2360,.T.);
#2363=ORIENTED_EDGE('',*,*,#2362,.T.);
#2365=ORIENTED_EDGE('',*,*,#2364,.T.);
#2366=ORIENTED_EDGE('',*,*,#2344,.F.);
#2367=EDGE_LOOP('',(#2356,#2357,#2359,#2361,#2363,#2365,#2366));
#2368=FACE_OUTER_BOUND('',#2367,.F.);
#2369=ADVANCED_FACE('',(#2368),#2355,.T.);
#2370=CARTESIAN_POINT('',(-2.608227828205E1,1.216E2,2.060808220028E2));
#2371=DIRECTION('',(0.E0,1.E0,0.E0));
#2372=DIRECTION('',(1.E0,0.E0,0.E0));
#2373=AXIS2_PLACEMENT_3D('',#2370,#2371,#2372);
#2374=TOROIDAL_SURFACE('',#2373,1.2E0,3.E-1);
#2375=ORIENTED_EDGE('',*,*,#2364,.F.);
#2377=ORIENTED_EDGE('',*,*,#2376,.T.);
#2378=ORIENTED_EDGE('',*,*,#2358,.T.);
#2379=ORIENTED_EDGE('',*,*,#2325,.F.);
#2380=ORIENTED_EDGE('',*,*,#2346,.F.);
#2381=EDGE_LOOP('',(#2375,#2377,#2378,#2379,#2380));
#2382=FACE_OUTER_BOUND('',#2381,.F.);
#2383=ADVANCED_FACE('',(#2382),#2374,.T.);
#2384=CARTESIAN_POINT('',(-2.808273694285E1,1.219E2,2.732645621308E1));
#2385=DIRECTION('',(0.E0,1.E0,0.E0));
#2386=DIRECTION('',(8.715574274762E-2,0.E0,-9.961946980917E-1));
#2387=AXIS2_PLACEMENT_3D('',#2384,#2385,#2386);
#2388=PLANE('',#2387);
#2389=ORIENTED_EDGE('',*,*,#2360,.F.);
#2390=ORIENTED_EDGE('',*,*,#2376,.F.);
#2391=ORIENTED_EDGE('',*,*,#2362,.F.);
#2392=EDGE_LOOP('',(#2389,#2390,#2391));
#2393=FACE_OUTER_BOUND('',#2392,.F.);
#2394=ADVANCED_FACE('',(#2393),#2388,.T.);
#2395=CARTESIAN_POINT('',(-7.400004585790E-1,1.199E2,1.858806554139E2));
#2396=DIRECTION('',(8.480480961564E-1,0.E0,-5.299192642332E-1));
#2397=DIRECTION('',(-5.299192642332E-1,0.E0,-8.480480961564E-1));
#2398=AXIS2_PLACEMENT_3D('',#2395,#2396,#2397);
#2399=CYLINDRICAL_SURFACE('',#2398,5.E-1);
#2400=ORIENTED_EDGE('',*,*,#2237,.T.);
#2402=ORIENTED_EDGE('',*,*,#2401,.T.);
#2404=ORIENTED_EDGE('',*,*,#2403,.F.);
#2406=ORIENTED_EDGE('',*,*,#2405,.T.);
#2407=EDGE_LOOP('',(#2400,#2402,#2404,#2406));
#2408=FACE_OUTER_BOUND('',#2407,.F.);
#2409=ADVANCED_FACE('',(#2408),#2399,.T.);
#2410=CARTESIAN_POINT('',(-4.148305112890E1,1.199E2,1.871665818121E2));
#2411=DIRECTION('',(0.E0,-1.E0,0.E0));
#2412=DIRECTION('',(-1.E0,0.E0,0.E0));
#2413=AXIS2_PLACEMENT_3D('',#2410,#2411,#2412);
#2414=TOROIDAL_SURFACE('',#2413,2.05E1,5.E-1);
#2416=ORIENTED_EDGE('',*,*,#2415,.F.);
#2417=ORIENTED_EDGE('',*,*,#2401,.F.);
#2418=ORIENTED_EDGE('',*,*,#2259,.T.);
#2420=ORIENTED_EDGE('',*,*,#2419,.F.);
#2421=EDGE_LOOP('',(#2416,#2417,#2418,#2420));
#2422=FACE_OUTER_BOUND('',#2421,.F.);
#2423=ADVANCED_FACE('',(#2422),#2414,.T.);
#2424=CARTESIAN_POINT('',(-4.148305112890E1,-3.000017078697E1,
1.871665818121E2));
#2425=DIRECTION('',(0.E0,-1.E0,0.E0));
#2426=DIRECTION('',(-1.E0,0.E0,0.E0));
#2427=AXIS2_PLACEMENT_3D('',#2424,#2425,#2426);
#2428=CYLINDRICAL_SURFACE('',#2427,2.E1);
#2429=ORIENTED_EDGE('',*,*,#2415,.T.);
#2431=ORIENTED_EDGE('',*,*,#2430,.T.);
#2433=ORIENTED_EDGE('',*,*,#2432,.F.);
#2435=ORIENTED_EDGE('',*,*,#2434,.F.);
#2436=EDGE_LOOP('',(#2429,#2431,#2433,#2435));
#2437=FACE_OUTER_BOUND('',#2436,.F.);
#2438=ADVANCED_FACE('',(#2437),#2428,.F.);
#2439=CARTESIAN_POINT('',(-6.771428825757E1,1.204E2,2.049480426840E2));
#2440=DIRECTION('',(8.715574274762E-2,0.E0,-9.961946980917E-1));
#2441=DIRECTION('',(9.961946980917E-1,0.E0,8.715574274762E-2));
#2442=AXIS2_PLACEMENT_3D('',#2439,#2440,#2441);
#2443=PLANE('',#2442);
#2445=ORIENTED_EDGE('',*,*,#2444,.T.);
#2446=ORIENTED_EDGE('',*,*,#2430,.F.);
#2448=ORIENTED_EDGE('',*,*,#2447,.F.);
#2450=ORIENTED_EDGE('',*,*,#2449,.T.);
#2451=EDGE_LOOP('',(#2445,#2446,#2448,#2450));
#2452=FACE_OUTER_BOUND('',#2451,.F.);
#2453=ADVANCED_FACE('',(#2452),#2443,.T.);
#2454=CARTESIAN_POINT('',(-7.400004585790E-1,1.191E2,2.113094435329E2));
#2455=DIRECTION('',(9.961946980917E-1,0.E0,8.715574274762E-2));
#2456=DIRECTION('',(8.715574274762E-2,0.E0,-9.961946980917E-1));
#2457=AXIS2_PLACEMENT_3D('',#2454,#2455,#2456);
#2458=CYLINDRICAL_SURFACE('',#2457,5.E-1);
#2459=ORIENTED_EDGE('',*,*,#2444,.F.);
#2461=ORIENTED_EDGE('',*,*,#2460,.F.);
#2463=ORIENTED_EDGE('',*,*,#2462,.T.);
#2465=ORIENTED_EDGE('',*,*,#2464,.F.);
#2466=EDGE_LOOP('',(#2459,#2461,#2463,#2465));
#2467=FACE_OUTER_BOUND('',#2466,.F.);
#2468=ADVANCED_FACE('',(#2467),#2458,.T.);
#2469=CARTESIAN_POINT('',(-5.476779927461E1,1.191E2,1.102159192170E2));
#2470=DIRECTION('',(0.E0,1.E0,0.E0));
#2471=DIRECTION('',(1.E0,0.E0,0.E0));
#2472=AXIS2_PLACEMENT_3D('',#2469,#2470,#2471);
#2473=TOROIDAL_SURFACE('',#2472,9.6E1,5.E-1);
#2475=ORIENTED_EDGE('',*,*,#2474,.F.);
#2477=ORIENTED_EDGE('',*,*,#2476,.F.);
#2479=ORIENTED_EDGE('',*,*,#2478,.T.);
#2480=ORIENTED_EDGE('',*,*,#2460,.T.);
#2481=EDGE_LOOP('',(#2475,#2477,#2479,#2480));
#2482=FACE_OUTER_BOUND('',#2481,.F.);
#2483=ADVANCED_FACE('',(#2482),#2473,.T.);
#2484=CARTESIAN_POINT('',(-5.476779927461E1,-3.000017078697E1,
1.102159192170E2));
#2485=DIRECTION('',(0.E0,1.E0,0.E0));
#2486=DIRECTION('',(1.E0,0.E0,0.E0));
#2487=AXIS2_PLACEMENT_3D('',#2484,#2485,#2486);
#2488=CYLINDRICAL_SURFACE('',#2487,9.55E1);
#2490=ORIENTED_EDGE('',*,*,#2489,.F.);
#2492=ORIENTED_EDGE('',*,*,#2491,.T.);
#2493=ORIENTED_EDGE('',*,*,#2474,.T.);
#2494=ORIENTED_EDGE('',*,*,#2449,.F.);
#2495=EDGE_LOOP('',(#2490,#2492,#2493,#2494));
#2496=FACE_OUTER_BOUND('',#2495,.F.);
#2497=ADVANCED_FACE('',(#2496),#2488,.F.);
#2498=CARTESIAN_POINT('',(-5.476779927461E1,1.199E2,1.102159192170E2));
#2499=DIRECTION('',(0.E0,1.E0,0.E0));
#2500=DIRECTION('',(1.E0,0.E0,0.E0));
#2501=AXIS2_PLACEMENT_3D('',#2498,#2499,#2500);
#2502=TOROIDAL_SURFACE('',#2501,9.6E1,5.E-1);
#2503=ORIENTED_EDGE('',*,*,#2489,.T.);
#2505=ORIENTED_EDGE('',*,*,#2504,.T.);
#2506=ORIENTED_EDGE('',*,*,#2255,.F.);
#2508=ORIENTED_EDGE('',*,*,#2507,.T.);
#2509=EDGE_LOOP('',(#2503,#2505,#2506,#2508));
#2510=FACE_OUTER_BOUND('',#2509,.F.);
#2511=ADVANCED_FACE('',(#2510),#2502,.T.);
#2512=CARTESIAN_POINT('',(-7.400004585790E-1,1.199E2,2.113094435329E2));
#2513=DIRECTION('',(9.961946980917E-1,0.E0,8.715574274762E-2));
#2514=DIRECTION('',(8.715574274762E-2,0.E0,-9.961946980917E-1));
#2515=AXIS2_PLACEMENT_3D('',#2512,#2513,#2514);
#2516=CYLINDRICAL_SURFACE('',#2515,5.E-1);
#2517=ORIENTED_EDGE('',*,*,#2257,.F.);
#2518=ORIENTED_EDGE('',*,*,#2504,.F.);
#2519=ORIENTED_EDGE('',*,*,#2447,.T.);
#2520=ORIENTED_EDGE('',*,*,#2419,.T.);
#2521=EDGE_LOOP('',(#2517,#2518,#2519,#2520));
#2522=FACE_OUTER_BOUND('',#2521,.F.);
#2523=ADVANCED_FACE('',(#2522),#2516,.T.);
#2524=CARTESIAN_POINT('',(-7.400004585790E-1,1.199E2,2.212144138096E2));
#2525=DIRECTION('',(-9.743700646123E-1,0.E0,-2.249510550931E-1));
#2526=DIRECTION('',(-2.249510550931E-1,0.E0,9.743700646123E-1));
#2527=AXIS2_PLACEMENT_3D('',#2524,#2525,#2526);
#2528=CYLINDRICAL_SURFACE('',#2527,5.E-1);
#2529=ORIENTED_EDGE('',*,*,#2253,.T.);
#2531=ORIENTED_EDGE('',*,*,#2530,.F.);
#2533=ORIENTED_EDGE('',*,*,#2532,.F.);
#2534=ORIENTED_EDGE('',*,*,#2507,.F.);
#2535=EDGE_LOOP('',(#2529,#2531,#2533,#2534));
#2536=FACE_OUTER_BOUND('',#2535,.F.);
#2537=ADVANCED_FACE('',(#2536),#2528,.T.);
#2538=CARTESIAN_POINT('',(-1.164668094861E2,1.104E2,1.944967746510E2));
#2539=DIRECTION('',(2.249510543438E-1,0.E0,-9.743700647852E-1));
#2540=DIRECTION('',(-9.743700647852E-1,0.E0,-2.249510543438E-1));
#2541=AXIS2_PLACEMENT_3D('',#2538,#2539,#2540);
#2542=TOROIDAL_SURFACE('',#2541,9.5E0,5.E-1);
#2544=ORIENTED_EDGE('',*,*,#2543,.F.);
#2546=ORIENTED_EDGE('',*,*,#2545,.F.);
#2548=ORIENTED_EDGE('',*,*,#2547,.T.);
#2549=ORIENTED_EDGE('',*,*,#2530,.T.);
#2550=EDGE_LOOP('',(#2544,#2546,#2548,#2549));
#2551=FACE_OUTER_BOUND('',#2550,.F.);
#2552=ADVANCED_FACE('',(#2551),#2542,.T.);
#2553=CARTESIAN_POINT('',(-7.156369065434E1,1.104E2,-1.249008647619E-6));
#2554=DIRECTION('',(2.249510543438E-1,0.E0,-9.743700647852E-1));
#2555=DIRECTION('',(-9.743700647852E-1,0.E0,-2.249510543438E-1));
#2556=AXIS2_PLACEMENT_3D('',#2553,#2554,#2555);
#2557=CYLINDRICAL_SURFACE('',#2556,1.E1);
#2558=ORIENTED_EDGE('',*,*,#2543,.T.);
#2559=ORIENTED_EDGE('',*,*,#2251,.F.);
#2561=ORIENTED_EDGE('',*,*,#2560,.F.);
#2563=ORIENTED_EDGE('',*,*,#2562,.T.);
#2564=EDGE_LOOP('',(#2558,#2559,#2561,#2563));
#2565=FACE_OUTER_BOUND('',#2564,.F.);
#2566=ADVANCED_FACE('',(#2565),#2557,.T.);
#2567=CARTESIAN_POINT('',(-1.172541381763E2,1.104E2,1.979070698777E2));
#2568=DIRECTION('',(2.249510543438E-1,0.E0,-9.743700647852E-1));
#2569=DIRECTION('',(-9.743700647852E-1,0.E0,-2.249510543438E-1));
#2570=AXIS2_PLACEMENT_3D('',#2567,#2568,#2569);
#2571=TOROIDAL_SURFACE('',#2570,9.5E0,5.E-1);
#2572=ORIENTED_EDGE('',*,*,#2560,.T.);
#2574=ORIENTED_EDGE('',*,*,#2573,.T.);
#2576=ORIENTED_EDGE('',*,*,#2575,.F.);
#2578=ORIENTED_EDGE('',*,*,#2577,.F.);
#2579=EDGE_LOOP('',(#2572,#2574,#2576,#2578));
#2580=FACE_OUTER_BOUND('',#2579,.F.);
#2581=ADVANCED_FACE('',(#2580),#2571,.T.);
#2582=CARTESIAN_POINT('',(-7.400004585790E-1,1.199E2,2.248064781875E2));
#2583=DIRECTION('',(9.743700646123E-1,0.E0,2.249510550931E-1));
#2584=DIRECTION('',(2.249510550931E-1,0.E0,-9.743700646123E-1));
#2585=AXIS2_PLACEMENT_3D('',#2582,#2583,#2584);
#2586=CYLINDRICAL_SURFACE('',#2585,5.E-1);
#2588=ORIENTED_EDGE('',*,*,#2587,.F.);
#2589=ORIENTED_EDGE('',*,*,#2573,.F.);
#2590=ORIENTED_EDGE('',*,*,#2249,.T.);
#2592=ORIENTED_EDGE('',*,*,#2591,.F.);
#2593=EDGE_LOOP('',(#2588,#2589,#2590,#2592));
#2594=FACE_OUTER_BOUND('',#2593,.F.);
#2595=ADVANCED_FACE('',(#2594),#2586,.T.);
#2596=CARTESIAN_POINT('',(-2.938784425678E2,1.344E2,1.576432881250E2));
#2597=DIRECTION('',(-2.249510550931E-1,0.E0,9.743700646123E-1));
#2598=DIRECTION('',(9.743700646123E-1,0.E0,2.249510550931E-1));
#2599=AXIS2_PLACEMENT_3D('',#2596,#2597,#2598);
#2600=PLANE('',#2599);
#2602=ORIENTED_EDGE('',*,*,#2601,.T.);
#2604=ORIENTED_EDGE('',*,*,#2603,.T.);
#2605=ORIENTED_EDGE('',*,*,#2575,.T.);
#2606=ORIENTED_EDGE('',*,*,#2587,.T.);
#2608=ORIENTED_EDGE('',*,*,#2607,.T.);
#2610=ORIENTED_EDGE('',*,*,#2609,.F.);
#2611=EDGE_LOOP('',(#2602,#2604,#2605,#2606,#2608,#2610));
#2612=FACE_OUTER_BOUND('',#2611,.F.);
#2613=ADVANCED_FACE('',(#2612),#2600,.T.);
#2614=CARTESIAN_POINT('',(-1.172541381763E2,-1.959999999999E1,
1.979070698777E2));
#2615=DIRECTION('',(2.249510543438E-1,0.E0,-9.743700647852E-1));
#2616=DIRECTION('',(-9.743700647852E-1,0.E0,-2.249510543438E-1));
#2617=AXIS2_PLACEMENT_3D('',#2614,#2615,#2616);
#2618=TOROIDAL_SURFACE('',#2617,9.5E0,5.E-1);
#2619=ORIENTED_EDGE('',*,*,#2601,.F.);
#2621=ORIENTED_EDGE('',*,*,#2620,.F.);
#2623=ORIENTED_EDGE('',*,*,#2622,.T.);
#2625=ORIENTED_EDGE('',*,*,#2624,.T.);
#2626=EDGE_LOOP('',(#2619,#2621,#2623,#2625));
#2627=FACE_OUTER_BOUND('',#2626,.F.);
#2628=ADVANCED_FACE('',(#2627),#2618,.T.);
#2629=CARTESIAN_POINT('',(-7.400004585790E-1,-2.909999999999E1,
2.248064781875E2));
#2630=DIRECTION('',(9.743700646123E-1,0.E0,2.249510550931E-1));
#2631=DIRECTION('',(2.249510550931E-1,0.E0,-9.743700646123E-1));
#2632=AXIS2_PLACEMENT_3D('',#2629,#2630,#2631);
#2633=CYLINDRICAL_SURFACE('',#2632,5.E-1);
#2635=ORIENTED_EDGE('',*,*,#2634,.F.);
#2636=ORIENTED_EDGE('',*,*,#2620,.T.);
#2637=ORIENTED_EDGE('',*,*,#2609,.T.);
#2639=ORIENTED_EDGE('',*,*,#2638,.F.);
#2640=EDGE_LOOP('',(#2635,#2636,#2637,#2639));
#2641=FACE_OUTER_BOUND('',#2640,.F.);
#2642=ADVANCED_FACE('',(#2641),#2633,.T.);
#2643=CARTESIAN_POINT('',(-7.328054582315E1,-2.959999999999E1,
1.966384480389E2));
#2644=DIRECTION('',(0.E0,1.E0,0.E0));
#2645=DIRECTION('',(-9.961946980917E-1,0.E0,-8.715574274766E-2));
#2646=AXIS2_PLACEMENT_3D('',#2643,#2644,#2645);
#2647=PLANE('',#2646);
#2649=ORIENTED_EDGE('',*,*,#2648,.F.);
#2651=ORIENTED_EDGE('',*,*,#2650,.F.);
#2652=ORIENTED_EDGE('',*,*,#2634,.T.);
#2654=ORIENTED_EDGE('',*,*,#2653,.F.);
#2656=ORIENTED_EDGE('',*,*,#2655,.T.);
#2658=ORIENTED_EDGE('',*,*,#2657,.T.);
#2660=ORIENTED_EDGE('',*,*,#2659,.T.);
#2662=ORIENTED_EDGE('',*,*,#2661,.T.);
#2664=ORIENTED_EDGE('',*,*,#2663,.T.);
#2666=ORIENTED_EDGE('',*,*,#2665,.T.);
#2668=ORIENTED_EDGE('',*,*,#2667,.T.);
#2670=ORIENTED_EDGE('',*,*,#2669,.T.);
#2671=EDGE_LOOP('',(#2649,#2651,#2652,#2654,#2656,#2658,#2660,#2662,#2664,#2666,
#2668,#2670));
#2672=FACE_OUTER_BOUND('',#2671,.F.);
#2674=ORIENTED_EDGE('',*,*,#2673,.T.);
#2676=ORIENTED_EDGE('',*,*,#2675,.T.);
#2678=ORIENTED_EDGE('',*,*,#2677,.T.);
#2679=EDGE_LOOP('',(#2674,#2676,#2678));
#2680=FACE_BOUND('',#2679,.F.);
#2682=ORIENTED_EDGE('',*,*,#2681,.T.);
#2684=ORIENTED_EDGE('',*,*,#2683,.T.);
#2685=EDGE_LOOP('',(#2682,#2684));
#2686=FACE_BOUND('',#2685,.F.);
#2687=ADVANCED_FACE('',(#2672,#2680,#2686),#2647,.F.);
#2688=CARTESIAN_POINT('',(-2.140634989121E1,-2.992071067811E1,
2.100032821598E2));
#2689=DIRECTION('',(0.E0,1.E0,0.E0));
#2690=DIRECTION('',(9.961946980917E-1,0.E0,8.715574274766E-2));
#2691=AXIS2_PLACEMENT_3D('',#2688,#2689,#2690);
#2692=CONICAL_SURFACE('',#2691,6.792893218813E-1,4.5E1);
#2694=ORIENTED_EDGE('',*,*,#2693,.F.);
#2696=ORIENTED_EDGE('',*,*,#2695,.F.);
#2698=ORIENTED_EDGE('',*,*,#2697,.T.);
#2699=ORIENTED_EDGE('',*,*,#2681,.F.);
#2700=EDGE_LOOP('',(#2694,#2696,#2698,#2699));
#2701=FACE_OUTER_BOUND('',#2700,.F.);
#2702=ADVANCED_FACE('',(#2701),#2692,.T.);
#2703=CARTESIAN_POINT('',(-2.140634989121E1,-2.992071067811E1,
2.100032821598E2));
#2704=DIRECTION('',(0.E0,1.E0,0.E0));
#2705=DIRECTION('',(9.961946980917E-1,0.E0,8.715574274766E-2));
#2706=AXIS2_PLACEMENT_3D('',#2703,#2704,#2705);
#2707=CONICAL_SURFACE('',#2706,6.792893218813E-1,4.5E1);
#2709=ORIENTED_EDGE('',*,*,#2708,.F.);
#2710=ORIENTED_EDGE('',*,*,#2693,.T.);
#2711=ORIENTED_EDGE('',*,*,#2683,.F.);
#2712=ORIENTED_EDGE('',*,*,#2697,.F.);
#2713=EDGE_LOOP('',(#2709,#2710,#2711,#2712));
#2714=FACE_OUTER_BOUND('',#2713,.F.);
#2715=ADVANCED_FACE('',(#2714),#2707,.T.);
#2716=CARTESIAN_POINT('',(-2.140634989121E1,-3.009999999999E1,
2.100032821598E2));
#2717=DIRECTION('',(0.E0,1.E0,0.E0));
#2718=DIRECTION('',(9.961946980916E-1,0.E0,8.715574274930E-2));
#2719=AXIS2_PLACEMENT_3D('',#2716,#2717,#2718);
#2720=TOROIDAL_SURFACE('',#2719,2.171572875254E-1,2.E-1);
#2721=ORIENTED_EDGE('',*,*,#2708,.T.);
#2723=ORIENTED_EDGE('',*,*,#2722,.T.);
#2725=ORIENTED_EDGE('',*,*,#2724,.F.);
#2727=ORIENTED_EDGE('',*,*,#2726,.F.);
#2728=EDGE_LOOP('',(#2721,#2723,#2725,#2727));
#2729=FACE_OUTER_BOUND('',#2728,.F.);
#2730=ADVANCED_FACE('',(#2729),#2720,.T.);
#2731=CARTESIAN_POINT('',(-2.140634989121E1,-3.009999999999E1,
2.100032821598E2));
#2732=DIRECTION('',(0.E0,1.E0,0.E0));
#2733=DIRECTION('',(9.961946980916E-1,0.E0,8.715574274930E-2));
#2734=AXIS2_PLACEMENT_3D('',#2731,#2732,#2733);
#2735=TOROIDAL_SURFACE('',#2734,2.171572875254E-1,2.E-1);
#2736=ORIENTED_EDGE('',*,*,#2726,.T.);
#2738=ORIENTED_EDGE('',*,*,#2737,.F.);
#2739=ORIENTED_EDGE('',*,*,#2722,.F.);
#2740=ORIENTED_EDGE('',*,*,#2695,.T.);
#2741=EDGE_LOOP('',(#2736,#2738,#2739,#2740));
#2742=FACE_OUTER_BOUND('',#2741,.F.);
#2743=ADVANCED_FACE('',(#2742),#2735,.T.);
#2744=CARTESIAN_POINT('',(-2.019330173198E1,-3.029999999999E1,
2.099384173702E2));
#2745=DIRECTION('',(0.E0,-1.E0,0.E0));
#2746=DIRECTION('',(9.961946980917E-1,0.E0,8.715574274766E-2));
#2747=AXIS2_PLACEMENT_3D('',#2744,#2745,#2746);
#2748=PLANE('',#2747);
#2749=ORIENTED_EDGE('',*,*,#2724,.T.);
#2750=ORIENTED_EDGE('',*,*,#2737,.T.);
#2751=EDGE_LOOP('',(#2749,#2750));
#2752=FACE_OUTER_BOUND('',#2751,.F.);
#2753=ADVANCED_FACE('',(#2752),#2748,.T.);
#2754=CARTESIAN_POINT('',(-2.608227828205E1,-2.974999999999E1,
2.060808220028E2));
#2755=DIRECTION('',(0.E0,-1.E0,0.E0));
#2756=DIRECTION('',(9.961946980917E-1,0.E0,8.715574274766E-2));
#2757=AXIS2_PLACEMENT_3D('',#2754,#2755,#2756);
#2758=CYLINDRICAL_SURFACE('',#2757,3.5E0);
#2759=ORIENTED_EDGE('',*,*,#2673,.F.);
#2761=ORIENTED_EDGE('',*,*,#2760,.T.);
#2763=ORIENTED_EDGE('',*,*,#2762,.T.);
#2765=ORIENTED_EDGE('',*,*,#2764,.F.);
#2766=ORIENTED_EDGE('',*,*,#2675,.F.);
#2767=EDGE_LOOP('',(#2759,#2761,#2763,#2765,#2766));
#2768=FACE_OUTER_BOUND('',#2767,.F.);
#2769=ADVANCED_FACE('',(#2768),#2758,.T.);
#2770=CARTESIAN_POINT('',(-2.608227828205E1,-2.974999999999E1,
2.060808220028E2));
#2771=DIRECTION('',(0.E0,-1.E0,0.E0));
#2772=DIRECTION('',(9.961946980917E-1,0.E0,8.715574274766E-2));
#2773=AXIS2_PLACEMENT_3D('',#2770,#2771,#2772);
#2774=CYLINDRICAL_SURFACE('',#2773,3.5E0);
#2775=ORIENTED_EDGE('',*,*,#2764,.T.);
#2777=ORIENTED_EDGE('',*,*,#2776,.T.);
#2778=ORIENTED_EDGE('',*,*,#2760,.F.);
#2779=ORIENTED_EDGE('',*,*,#2677,.F.);
#2780=EDGE_LOOP('',(#2775,#2777,#2778,#2779));
#2781=FACE_OUTER_BOUND('',#2780,.F.);
#2782=ADVANCED_FACE('',(#2781),#2774,.T.);
#2783=CARTESIAN_POINT('',(-3.053928242282E1,-2.974999999999E1,
2.079089186096E2));
#2784=DIRECTION('',(0.E0,-1.E0,0.E0));
#2785=DIRECTION('',(9.961946980917E-1,0.E0,8.715574274766E-2));
#2786=AXIS2_PLACEMENT_3D('',#2783,#2784,#2785);
#2787=PLANE('',#2786);
#2788=ORIENTED_EDGE('',*,*,#2762,.F.);
#2789=ORIENTED_EDGE('',*,*,#2776,.F.);
#2790=EDGE_LOOP('',(#2788,#2789));
#2791=FACE_OUTER_BOUND('',#2790,.F.);
#2793=ORIENTED_EDGE('',*,*,#2792,.F.);
#2795=ORIENTED_EDGE('',*,*,#2794,.F.);
#2796=EDGE_LOOP('',(#2793,#2795));
#2797=FACE_BOUND('',#2796,.F.);
#2798=ADVANCED_FACE('',(#2791,#2797),#2787,.T.);
#2799=CARTESIAN_POINT('',(-2.608227828205E1,-3.109999999999E1,
2.060808220028E2));
#2800=DIRECTION('',(0.E0,1.E0,0.E0));
#2801=DIRECTION('',(8.715574274762E-2,0.E0,-9.961946980917E-1));
#2802=AXIS2_PLACEMENT_3D('',#2799,#2800,#2801);
#2803=CYLINDRICAL_SURFACE('',#2802,1.5E0);
#2804=ORIENTED_EDGE('',*,*,#2792,.T.);
#2806=ORIENTED_EDGE('',*,*,#2805,.F.);
#2808=ORIENTED_EDGE('',*,*,#2807,.F.);
#2810=ORIENTED_EDGE('',*,*,#2809,.F.);
#2812=ORIENTED_EDGE('',*,*,#2811,.T.);
#2813=EDGE_LOOP('',(#2804,#2806,#2808,#2810,#2812));
#2814=FACE_OUTER_BOUND('',#2813,.F.);
#2815=ADVANCED_FACE('',(#2814),#2803,.T.);
#2816=CARTESIAN_POINT('',(-2.608227828205E1,-3.109999999999E1,
2.060808220028E2));
#2817=DIRECTION('',(0.E0,1.E0,0.E0));
#2818=DIRECTION('',(8.715574274762E-2,0.E0,-9.961946980917E-1));
#2819=AXIS2_PLACEMENT_3D('',#2816,#2817,#2818);
#2820=CYLINDRICAL_SURFACE('',#2819,1.5E0);
#2821=ORIENTED_EDGE('',*,*,#2811,.F.);
#2823=ORIENTED_EDGE('',*,*,#2822,.F.);
#2825=ORIENTED_EDGE('',*,*,#2824,.F.);
#2827=ORIENTED_EDGE('',*,*,#2826,.F.);
#2828=ORIENTED_EDGE('',*,*,#2805,.T.);
#2829=ORIENTED_EDGE('',*,*,#2794,.T.);
#2830=EDGE_LOOP('',(#2821,#2823,#2825,#2827,#2828,#2829));
#2831=FACE_OUTER_BOUND('',#2830,.F.);
#2832=ADVANCED_FACE('',(#2831),#2820,.T.);
#2833=CARTESIAN_POINT('',(-2.608227828205E1,-3.079999999999E1,
2.060808220028E2));
#2834=DIRECTION('',(0.E0,1.E0,0.E0));
#2835=DIRECTION('',(1.E0,0.E0,0.E0));
#2836=AXIS2_PLACEMENT_3D('',#2833,#2834,#2835);
#2837=TOROIDAL_SURFACE('',#2836,1.2E0,3.E-1);
#2839=ORIENTED_EDGE('',*,*,#2838,.F.);
#2840=ORIENTED_EDGE('',*,*,#2822,.T.);
#2841=ORIENTED_EDGE('',*,*,#2809,.T.);
#2843=ORIENTED_EDGE('',*,*,#2842,.T.);
#2845=ORIENTED_EDGE('',*,*,#2844,.F.);
#2846=EDGE_LOOP('',(#2839,#2840,#2841,#2843,#2845));
#2847=FACE_OUTER_BOUND('',#2846,.F.);
#2848=ADVANCED_FACE('',(#2847),#2837,.T.);
#2849=CARTESIAN_POINT('',(-2.608227828205E1,-3.079999999999E1,
2.060808220028E2));
#2850=DIRECTION('',(0.E0,1.E0,0.E0));
#2851=DIRECTION('',(1.E0,0.E0,0.E0));
#2852=AXIS2_PLACEMENT_3D('',#2849,#2850,#2851);
#2853=TOROIDAL_SURFACE('',#2852,1.2E0,3.E-1);
#2854=ORIENTED_EDGE('',*,*,#2826,.T.);
#2855=ORIENTED_EDGE('',*,*,#2824,.T.);
#2856=ORIENTED_EDGE('',*,*,#2838,.T.);
#2858=ORIENTED_EDGE('',*,*,#2857,.F.);
#2860=ORIENTED_EDGE('',*,*,#2859,.F.);
#2861=ORIENTED_EDGE('',*,*,#2842,.F.);
#2862=ORIENTED_EDGE('',*,*,#2807,.T.);
#2863=EDGE_LOOP('',(#2854,#2855,#2856,#2858,#2860,#2861,#2862));
#2864=FACE_OUTER_BOUND('',#2863,.F.);
#2865=ADVANCED_FACE('',(#2864),#2853,.T.);
#2866=CARTESIAN_POINT('',(-2.808273694285E1,-3.109999999999E1,
2.732645621308E1));
#2867=DIRECTION('',(0.E0,1.E0,0.E0));
#2868=DIRECTION('',(8.715574274762E-2,0.E0,-9.961946980917E-1));
#2869=AXIS2_PLACEMENT_3D('',#2866,#2867,#2868);
#2870=PLANE('',#2869);
#2871=ORIENTED_EDGE('',*,*,#2859,.T.);
#2872=ORIENTED_EDGE('',*,*,#2857,.T.);
#2873=ORIENTED_EDGE('',*,*,#2844,.T.);
#2874=EDGE_LOOP('',(#2871,#2872,#2873));
#2875=FACE_OUTER_BOUND('',#2874,.F.);
#2876=ADVANCED_FACE('',(#2875),#2870,.F.);
#2877=CARTESIAN_POINT('',(-7.400004585790E-1,-2.909999999999E1,
2.212144138096E2));
#2878=DIRECTION('',(9.743700646123E-1,0.E0,2.249510550931E-1));
#2879=DIRECTION('',(2.249510550931E-1,0.E0,-9.743700646123E-1));
#2880=AXIS2_PLACEMENT_3D('',#2877,#2878,#2879);
#2881=CYLINDRICAL_SURFACE('',#2880,5.E-1);
#2882=ORIENTED_EDGE('',*,*,#2648,.T.);
#2884=ORIENTED_EDGE('',*,*,#2883,.F.);
#2886=ORIENTED_EDGE('',*,*,#2885,.F.);
#2888=ORIENTED_EDGE('',*,*,#2887,.T.);
#2889=EDGE_LOOP('',(#2882,#2884,#2886,#2888));
#2890=FACE_OUTER_BOUND('',#2889,.F.);
#2891=ADVANCED_FACE('',(#2890),#2881,.T.);
#2892=CARTESIAN_POINT('',(-5.476779927461E1,-2.909999999999E1,
1.102159192170E2));
#2893=DIRECTION('',(0.E0,-1.E0,0.E0));
#2894=DIRECTION('',(-1.E0,0.E0,0.E0));
#2895=AXIS2_PLACEMENT_3D('',#2892,#2893,#2894);
#2896=TOROIDAL_SURFACE('',#2895,9.6E1,5.E-1);
#2898=ORIENTED_EDGE('',*,*,#2897,.T.);
#2899=ORIENTED_EDGE('',*,*,#2883,.T.);
#2900=ORIENTED_EDGE('',*,*,#2669,.F.);
#2902=ORIENTED_EDGE('',*,*,#2901,.F.);
#2903=EDGE_LOOP('',(#2898,#2899,#2900,#2902));
#2904=FACE_OUTER_BOUND('',#2903,.F.);
#2905=ADVANCED_FACE('',(#2904),#2896,.T.);
#2906=CARTESIAN_POINT('',(-5.476779927461E1,-3.000017078697E1,
1.102159192170E2));
#2907=DIRECTION('',(0.E0,-1.E0,0.E0));
#2908=DIRECTION('',(-1.E0,0.E0,0.E0));
#2909=AXIS2_PLACEMENT_3D('',#2906,#2907,#2908);
#2910=CYLINDRICAL_SURFACE('',#2909,9.55E1);
#2911=ORIENTED_EDGE('',*,*,#2897,.F.);
#2913=ORIENTED_EDGE('',*,*,#2912,.T.);
#2915=ORIENTED_EDGE('',*,*,#2914,.T.);
#2917=ORIENTED_EDGE('',*,*,#2916,.F.);
#2918=EDGE_LOOP('',(#2911,#2913,#2915,#2917));
#2919=FACE_OUTER_BOUND('',#2918,.F.);
#2920=ADVANCED_FACE('',(#2919),#2910,.F.);
#2921=CARTESIAN_POINT('',(-6.771428825757E1,1.204E2,2.049480426840E2));
#2922=DIRECTION('',(8.715574274762E-2,0.E0,-9.961946980917E-1));
#2923=DIRECTION('',(9.961946980917E-1,0.E0,8.715574274762E-2));
#2924=AXIS2_PLACEMENT_3D('',#2921,#2922,#2923);
#2925=PLANE('',#2924);
#2927=ORIENTED_EDGE('',*,*,#2926,.T.);
#2928=ORIENTED_EDGE('',*,*,#2912,.F.);
#2930=ORIENTED_EDGE('',*,*,#2929,.F.);
#2932=ORIENTED_EDGE('',*,*,#2931,.F.);
#2933=EDGE_LOOP('',(#2927,#2928,#2930,#2932));
#2934=FACE_OUTER_BOUND('',#2933,.F.);
#2935=ADVANCED_FACE('',(#2934),#2925,.T.);
#2936=CARTESIAN_POINT('',(-7.400004585790E-1,-2.829999999999E1,
2.113094435329E2));
#2937=DIRECTION('',(-9.961946980917E-1,0.E0,-8.715574274762E-2));
#2938=DIRECTION('',(-8.715574274762E-2,0.E0,9.961946980917E-1));
#2939=AXIS2_PLACEMENT_3D('',#2936,#2937,#2938);
#2940=CYLINDRICAL_SURFACE('',#2939,5.E-1);
#2942=ORIENTED_EDGE('',*,*,#2941,.T.);
#2944=ORIENTED_EDGE('',*,*,#2943,.T.);
#2945=ORIENTED_EDGE('',*,*,#2926,.F.);
#2947=ORIENTED_EDGE('',*,*,#2946,.F.);
#2948=EDGE_LOOP('',(#2942,#2944,#2945,#2947));
#2949=FACE_OUTER_BOUND('',#2948,.F.);
#2950=ADVANCED_FACE('',(#2949),#2940,.T.);
#2951=CARTESIAN_POINT('',(-7.328054582315E1,-2.779999999999E1,
1.966384480389E2));
#2952=DIRECTION('',(0.E0,1.E0,0.E0));
#2953=DIRECTION('',(-9.961946980917E-1,0.E0,-8.715574274766E-2));
#2954=AXIS2_PLACEMENT_3D('',#2951,#2952,#2953);
#2955=PLANE('',#2954);
#2957=ORIENTED_EDGE('',*,*,#2956,.F.);
#2959=ORIENTED_EDGE('',*,*,#2958,.F.);
#2961=ORIENTED_EDGE('',*,*,#2960,.F.);
#2963=ORIENTED_EDGE('',*,*,#2962,.T.);
#2965=ORIENTED_EDGE('',*,*,#2964,.T.);
#2967=ORIENTED_EDGE('',*,*,#2966,.F.);
#2969=ORIENTED_EDGE('',*,*,#2968,.T.);
#2971=ORIENTED_EDGE('',*,*,#2970,.T.);
#2973=ORIENTED_EDGE('',*,*,#2972,.F.);
#2974=ORIENTED_EDGE('',*,*,#2941,.F.);
#2976=ORIENTED_EDGE('',*,*,#2975,.F.);
#2977=EDGE_LOOP('',(#2957,#2959,#2961,#2963,#2965,#2967,#2969,#2971,#2973,#2974,
#2976));
#2978=FACE_OUTER_BOUND('',#2977,.F.);
#2979=ADVANCED_FACE('',(#2978),#2955,.T.);
#2980=CARTESIAN_POINT('',(-7.400004585790E-1,-2.829999999999E1,
1.858806554139E2));
#2981=DIRECTION('',(-8.480480961564E-1,0.E0,5.299192642332E-1));
#2982=DIRECTION('',(5.299192642332E-1,0.E0,8.480480961564E-1));
#2983=AXIS2_PLACEMENT_3D('',#2980,#2981,#2982);
#2984=CYLINDRICAL_SURFACE('',#2983,5.E-1);
#2985=ORIENTED_EDGE('',*,*,#2956,.T.);
#2987=ORIENTED_EDGE('',*,*,#2986,.T.);
#2989=ORIENTED_EDGE('',*,*,#2988,.F.);
#2991=ORIENTED_EDGE('',*,*,#2990,.F.);
#2992=EDGE_LOOP('',(#2985,#2987,#2989,#2991));
#2993=FACE_OUTER_BOUND('',#2992,.F.);
#2994=ADVANCED_FACE('',(#2993),#2984,.T.);
#2995=CARTESIAN_POINT('',(-4.148305112890E1,-2.829999999999E1,
1.871665818121E2));
#2996=DIRECTION('',(0.E0,-1.E0,0.E0));
#2997=DIRECTION('',(-1.E0,0.E0,0.E0));
#2998=AXIS2_PLACEMENT_3D('',#2995,#2996,#2997);
#2999=TOROIDAL_SURFACE('',#2998,2.05E1,5.E-1);
#3001=ORIENTED_EDGE('',*,*,#3000,.F.);
#3002=ORIENTED_EDGE('',*,*,#2986,.F.);
#3003=ORIENTED_EDGE('',*,*,#2975,.T.);
#3004=ORIENTED_EDGE('',*,*,#2946,.T.);
#3005=EDGE_LOOP('',(#3001,#3002,#3003,#3004));
#3006=FACE_OUTER_BOUND('',#3005,.F.);
#3007=ADVANCED_FACE('',(#3006),#2999,.T.);
#3008=CARTESIAN_POINT('',(-4.148305112890E1,-3.000017078697E1,
1.871665818121E2));
#3009=DIRECTION('',(0.E0,-1.E0,0.E0));
#3010=DIRECTION('',(-1.E0,0.E0,0.E0));
#3011=AXIS2_PLACEMENT_3D('',#3008,#3009,#3010);
#3012=CYLINDRICAL_SURFACE('',#3011,2.E1);
#3014=ORIENTED_EDGE('',*,*,#3013,.F.);
#3016=ORIENTED_EDGE('',*,*,#3015,.F.);
#3017=ORIENTED_EDGE('',*,*,#3000,.T.);
#3018=ORIENTED_EDGE('',*,*,#2931,.T.);
#3019=EDGE_LOOP('',(#3014,#3016,#3017,#3018));
#3020=FACE_OUTER_BOUND('',#3019,.F.);
#3021=ADVANCED_FACE('',(#3020),#3012,.F.);
#3022=CARTESIAN_POINT('',(-4.148305112890E1,-2.909999999999E1,
1.871665818121E2));
#3023=DIRECTION('',(0.E0,-1.E0,0.E0));
#3024=DIRECTION('',(-1.E0,0.E0,0.E0));
#3025=AXIS2_PLACEMENT_3D('',#3022,#3023,#3024);
#3026=TOROIDAL_SURFACE('',#3025,2.05E1,5.E-1);
#3027=ORIENTED_EDGE('',*,*,#3013,.T.);
#3029=ORIENTED_EDGE('',*,*,#3028,.T.);
#3030=ORIENTED_EDGE('',*,*,#2665,.F.);
#3032=ORIENTED_EDGE('',*,*,#3031,.F.);
#3033=EDGE_LOOP('',(#3027,#3029,#3030,#3032));
#3034=FACE_OUTER_BOUND('',#3033,.F.);
#3035=ADVANCED_FACE('',(#3034),#3026,.T.);
#3036=CARTESIAN_POINT('',(-7.400004585790E-1,-2.909999999999E1,
2.113094435329E2));
#3037=DIRECTION('',(-9.961946980917E-1,0.E0,-8.715574274762E-2));
#3038=DIRECTION('',(-8.715574274762E-2,0.E0,9.961946980917E-1));
#3039=AXIS2_PLACEMENT_3D('',#3036,#3037,#3038);
#3040=CYLINDRICAL_SURFACE('',#3039,5.E-1);
#3041=ORIENTED_EDGE('',*,*,#2667,.F.);
#3042=ORIENTED_EDGE('',*,*,#3028,.F.);
#3043=ORIENTED_EDGE('',*,*,#2929,.T.);
#3044=ORIENTED_EDGE('',*,*,#2901,.T.);
#3045=EDGE_LOOP('',(#3041,#3042,#3043,#3044));
#3046=FACE_OUTER_BOUND('',#3045,.F.);
#3047=ADVANCED_FACE('',(#3046),#3040,.T.);
#3048=CARTESIAN_POINT('',(-7.400004585790E-1,-2.909999999999E1,
1.858806554139E2));
#3049=DIRECTION('',(-8.480480961564E-1,0.E0,5.299192642332E-1));
#3050=DIRECTION('',(5.299192642332E-1,0.E0,8.480480961564E-1));
#3051=AXIS2_PLACEMENT_3D('',#3048,#3049,#3050);
#3052=CYLINDRICAL_SURFACE('',#3051,5.E-1);
#3053=ORIENTED_EDGE('',*,*,#2663,.F.);
#3055=ORIENTED_EDGE('',*,*,#3054,.F.);
#3057=ORIENTED_EDGE('',*,*,#3056,.T.);
#3058=ORIENTED_EDGE('',*,*,#3031,.T.);
#3059=EDGE_LOOP('',(#3053,#3055,#3057,#3058));
#3060=FACE_OUTER_BOUND('',#3059,.F.);
#3061=ADVANCED_FACE('',(#3060),#3052,.T.);
#3062=CARTESIAN_POINT('',(-2.335082934057E1,-2.909999999999E1,
2.053157722186E2));
#3063=DIRECTION('',(0.E0,1.E0,0.E0));
#3064=DIRECTION('',(1.E0,0.E0,0.E0));
#3065=AXIS2_PLACEMENT_3D('',#3062,#3063,#3064);
#3066=TOROIDAL_SURFACE('',#3065,4.5E0,5.E-1);
#3068=ORIENTED_EDGE('',*,*,#3067,.T.);
#3069=ORIENTED_EDGE('',*,*,#3054,.T.);
#3070=ORIENTED_EDGE('',*,*,#2661,.F.);
#3072=ORIENTED_EDGE('',*,*,#3071,.F.);
#3073=EDGE_LOOP('',(#3068,#3069,#3070,#3072));
#3074=FACE_OUTER_BOUND('',#3073,.F.);
#3075=ADVANCED_FACE('',(#3074),#3066,.T.);
#3076=CARTESIAN_POINT('',(-2.335082934057E1,-3.000017078697E1,
2.053157722186E2));
#3077=DIRECTION('',(0.E0,1.E0,0.E0));
#3078=DIRECTION('',(1.E0,0.E0,0.E0));
#3079=AXIS2_PLACEMENT_3D('',#3076,#3077,#3078);
#3080=CYLINDRICAL_SURFACE('',#3079,5.E0);
#3081=ORIENTED_EDGE('',*,*,#3067,.F.);
#3083=ORIENTED_EDGE('',*,*,#3082,.T.);
#3085=ORIENTED_EDGE('',*,*,#3084,.T.);
#3087=ORIENTED_EDGE('',*,*,#3086,.F.);
#3089=ORIENTED_EDGE('',*,*,#3088,.T.);
#3091=ORIENTED_EDGE('',*,*,#3090,.F.);
#3092=EDGE_LOOP('',(#3081,#3083,#3085,#3087,#3089,#3091));
#3093=FACE_OUTER_BOUND('',#3092,.F.);
#3094=ADVANCED_FACE('',(#3093),#3080,.T.);
#3095=CARTESIAN_POINT('',(-8.713376973603E1,2.114E2,1.947163888199E2));
#3096=DIRECTION('',(8.715574274766E-2,0.E0,-9.961946980917E-1));
#3097=DIRECTION('',(9.961946980917E-1,0.E0,8.715574274766E-2));
#3098=AXIS2_PLACEMENT_3D('',#3095,#3096,#3097);
#3099=PLANE('',#3098);
#3101=ORIENTED_EDGE('',*,*,#3100,.T.);
#3103=ORIENTED_EDGE('',*,*,#3102,.F.);
#3105=ORIENTED_EDGE('',*,*,#3104,.F.);
#3107=ORIENTED_EDGE('',*,*,#3106,.F.);
#3109=ORIENTED_EDGE('',*,*,#3108,.F.);
#3111=ORIENTED_EDGE('',*,*,#3110,.T.);
#3112=ORIENTED_EDGE('',*,*,#3082,.F.);
#3114=ORIENTED_EDGE('',*,*,#3113,.F.);
#3115=EDGE_LOOP('',(#3101,#3103,#3105,#3107,#3109,#3111,#3112,#3114));
#3116=FACE_OUTER_BOUND('',#3115,.F.);
#3117=ADVANCED_FACE('',(#3116),#3099,.T.);
#3118=CARTESIAN_POINT('',(-1.484358991903E1,-3.000017078697E1,
2.015428699570E2));
#3119=DIRECTION('',(0.E0,1.E0,0.E0));
#3120=DIRECTION('',(1.E0,0.E0,0.E0));
#3121=AXIS2_PLACEMENT_3D('',#3118,#3119,#3120);
#3122=CYLINDRICAL_SURFACE('',#3121,5.E-1);
#3124=ORIENTED_EDGE('',*,*,#3123,.T.);
#3126=ORIENTED_EDGE('',*,*,#3125,.T.);
#3128=ORIENTED_EDGE('',*,*,#3127,.T.);
#3129=ORIENTED_EDGE('',*,*,#3100,.F.);
#3131=ORIENTED_EDGE('',*,*,#3130,.F.);
#3133=ORIENTED_EDGE('',*,*,#3132,.F.);
#3134=EDGE_LOOP('',(#3124,#3126,#3128,#3129,#3131,#3133));
#3135=FACE_OUTER_BOUND('',#3134,.F.);
#3136=ADVANCED_FACE('',(#3135),#3122,.T.);
#3137=CARTESIAN_POINT('',(-1.829677162652E1,-3.000017078697E1,
2.137887044377E2));
#3138=DIRECTION('',(9.510565162952E-1,0.E0,3.090169943749E-1));
#3139=DIRECTION('',(3.090169943749E-1,0.E0,-9.510565162952E-1));
#3140=AXIS2_PLACEMENT_3D('',#3137,#3138,#3139);
#3141=PLANE('',#3140);
#3143=ORIENTED_EDGE('',*,*,#3142,.T.);
#3144=ORIENTED_EDGE('',*,*,#3123,.F.);
#3146=ORIENTED_EDGE('',*,*,#3145,.F.);
#3148=ORIENTED_EDGE('',*,*,#3147,.T.);
#3149=EDGE_LOOP('',(#3143,#3144,#3146,#3148));
#3150=FACE_OUTER_BOUND('',#3149,.F.);
#3151=ADVANCED_FACE('',(#3150),#3141,.T.);
#3152=CARTESIAN_POINT('',(5.064165857111E1,1.199E2,-1.249008647619E-6));
#3153=DIRECTION('',(3.090169943749E-1,0.E0,-9.510565162952E-1));
#3154=DIRECTION('',(-9.510565162952E-1,0.E0,-3.090169943749E-1));
#3155=AXIS2_PLACEMENT_3D('',#3152,#3153,#3154);
#3156=CYLINDRICAL_SURFACE('',#3155,5.E-1);
#3158=ORIENTED_EDGE('',*,*,#3157,.F.);
#3160=ORIENTED_EDGE('',*,*,#3159,.F.);
#3161=ORIENTED_EDGE('',*,*,#2243,.T.);
#3163=ORIENTED_EDGE('',*,*,#3162,.T.);
#3164=ORIENTED_EDGE('',*,*,#3142,.F.);
#3165=EDGE_LOOP('',(#3158,#3160,#3161,#3163,#3164));
#3166=FACE_OUTER_BOUND('',#3165,.F.);
#3167=ADVANCED_FACE('',(#3166),#3156,.T.);
#3168=CARTESIAN_POINT('',(-1.864939827657E1,1.199E2,2.132559436846E2));
#3169=DIRECTION('',(5.841737818910E-1,4.644256716895E-1,6.656198524886E-1));
#3170=DIRECTION('',(7.515929952540E-1,0.E0,-6.596271442908E-1));
#3171=AXIS2_PLACEMENT_3D('',#3168,#3169,#3170);
#3172=SPHERICAL_SURFACE('',#3171,5.E-1);
#3173=ORIENTED_EDGE('',*,*,#3157,.T.);
#3175=ORIENTED_EDGE('',*,*,#3174,.F.);
#3177=ORIENTED_EDGE('',*,*,#3176,.T.);
#3179=ORIENTED_EDGE('',*,*,#3178,.F.);
#3181=ORIENTED_EDGE('',*,*,#3180,.T.);
#3182=EDGE_LOOP('',(#3173,#3175,#3177,#3179,#3181));
#3183=FACE_OUTER_BOUND('',#3182,.F.);
#3184=ADVANCED_FACE('',(#3183),#3172,.T.);
#3185=CARTESIAN_POINT('',(-1.864939827657E1,-3.000017078697E1,
2.132559436846E2));
#3186=DIRECTION('',(0.E0,1.E0,0.E0));
#3187=DIRECTION('',(1.E0,0.E0,0.E0));
#3188=AXIS2_PLACEMENT_3D('',#3185,#3186,#3187);
#3189=CYLINDRICAL_SURFACE('',#3188,5.E-1);
#3191=ORIENTED_EDGE('',*,*,#3190,.T.);
#3192=ORIENTED_EDGE('',*,*,#3174,.T.);
#3193=ORIENTED_EDGE('',*,*,#3147,.F.);
#3195=ORIENTED_EDGE('',*,*,#3194,.F.);
#3197=ORIENTED_EDGE('',*,*,#3196,.F.);
#3198=EDGE_LOOP('',(#3191,#3192,#3193,#3195,#3197));
#3199=FACE_OUTER_BOUND('',#3198,.F.);
#3200=ADVANCED_FACE('',(#3199),#3189,.T.);
#3201=CARTESIAN_POINT('',(-1.829675419536E1,1.514E2,2.137887059627E2));
#3202=DIRECTION('',(-8.715574274762E-2,0.E0,9.961946980917E-1));
#3203=DIRECTION('',(-9.961946980917E-1,0.E0,-8.715574274762E-2));
#3204=AXIS2_PLACEMENT_3D('',#3201,#3202,#3203);
#3205=PLANE('',#3204);
#3206=ORIENTED_EDGE('',*,*,#3190,.F.);
#3208=ORIENTED_EDGE('',*,*,#3207,.F.);
#3210=ORIENTED_EDGE('',*,*,#3209,.F.);
#3212=ORIENTED_EDGE('',*,*,#3211,.T.);
#3214=ORIENTED_EDGE('',*,*,#3213,.F.);
#3216=ORIENTED_EDGE('',*,*,#3215,.T.);
#3218=ORIENTED_EDGE('',*,*,#3217,.F.);
#3220=ORIENTED_EDGE('',*,*,#3219,.T.);
#3222=ORIENTED_EDGE('',*,*,#3221,.F.);
#3224=ORIENTED_EDGE('',*,*,#3223,.T.);
#3226=ORIENTED_EDGE('',*,*,#3225,.F.);
#3228=ORIENTED_EDGE('',*,*,#3227,.F.);
#3229=EDGE_LOOP('',(#3206,#3208,#3210,#3212,#3214,#3216,#3218,#3220,#3222,#3224,
#3226,#3228));
#3230=FACE_OUTER_BOUND('',#3229,.F.);
#3232=ORIENTED_EDGE('',*,*,#3231,.T.);
#3234=ORIENTED_EDGE('',*,*,#3233,.F.);
#3236=ORIENTED_EDGE('',*,*,#3235,.F.);
#3238=ORIENTED_EDGE('',*,*,#3237,.F.);
#3239=EDGE_LOOP('',(#3232,#3234,#3236,#3238));
#3240=FACE_BOUND('',#3239,.F.);
#3241=ADVANCED_FACE('',(#3230,#3240),#3205,.T.);
#3242=CARTESIAN_POINT('',(-2.330387440861E1,4.440000000001E1,2.136517856585E2));
#3243=DIRECTION('',(0.E0,1.E0,0.E0));
#3244=DIRECTION('',(-8.715574274762E-2,0.E0,9.961946980917E-1));
#3245=AXIS2_PLACEMENT_3D('',#3242,#3243,#3244);
#3246=CYLINDRICAL_SURFACE('',#3245,1.E0);
#3248=ORIENTED_EDGE('',*,*,#3247,.F.);
#3249=ORIENTED_EDGE('',*,*,#3231,.F.);
#3251=ORIENTED_EDGE('',*,*,#3250,.F.);
#3252=ORIENTED_EDGE('',*,*,#3235,.T.);
#3253=EDGE_LOOP('',(#3248,#3249,#3251,#3252));
#3254=FACE_OUTER_BOUND('',#3253,.F.);
#3255=ADVANCED_FACE('',(#3254),#3246,.F.);
#3256=CARTESIAN_POINT('',(-2.330387440861E1,1.054E2,2.136517856585E2));
#3257=DIRECTION('',(0.E0,1.E0,2.831355624528E-14));
#3258=DIRECTION('',(-8.715574274775E-2,-2.842170943041E-14,9.961946980917E-1));
#3259=AXIS2_PLACEMENT_3D('',#3256,#3257,#3258);
#3260=SPHERICAL_SURFACE('',#3259,1.E0);
#3261=ORIENTED_EDGE('',*,*,#3247,.T.);
#3262=ORIENTED_EDGE('',*,*,#3233,.T.);
#3263=EDGE_LOOP('',(#3261,#3262));
#3264=FACE_OUTER_BOUND('',#3263,.F.);
#3265=ADVANCED_FACE('',(#3264),#3260,.F.);
#3266=CARTESIAN_POINT('',(-2.330387440861E1,-1.459999999999E1,
2.136517856585E2));
#3267=DIRECTION('',(0.E0,-1.E0,2.831355624528E-14));
#3268=DIRECTION('',(8.715574274748E-2,-2.842170943041E-14,-9.961946980918E-1));
#3269=AXIS2_PLACEMENT_3D('',#3266,#3267,#3268);
#3270=SPHERICAL_SURFACE('',#3269,1.E0);
#3271=ORIENTED_EDGE('',*,*,#3237,.T.);
#3272=ORIENTED_EDGE('',*,*,#3250,.T.);
#3273=EDGE_LOOP('',(#3271,#3272));
#3274=FACE_OUTER_BOUND('',#3273,.F.);
#3275=ADVANCED_FACE('',(#3274),#3270,.F.);
#3276=CARTESIAN_POINT('',(-7.400004585790E-1,-2.909999999999E1,
2.148228129643E2));
#3277=DIRECTION('',(9.961946980917E-1,0.E0,8.715574274762E-2));
#3278=DIRECTION('',(8.715574274762E-2,0.E0,-9.961946980917E-1));
#3279=AXIS2_PLACEMENT_3D('',#3276,#3277,#3278);
#3280=CYLINDRICAL_SURFACE('',#3279,5.E-1);
#3281=ORIENTED_EDGE('',*,*,#2655,.F.);
#3283=ORIENTED_EDGE('',*,*,#3282,.T.);
#3284=ORIENTED_EDGE('',*,*,#3207,.T.);
#3286=ORIENTED_EDGE('',*,*,#3285,.T.);
#3287=EDGE_LOOP('',(#3281,#3283,#3284,#3286));
#3288=FACE_OUTER_BOUND('',#3287,.F.);
#3289=ADVANCED_FACE('',(#3288),#3280,.T.);
#3290=CARTESIAN_POINT('',(-5.476779927468E1,-2.909999999999E1,
1.102159192170E2));
#3291=DIRECTION('',(0.E0,-1.E0,0.E0));
#3292=DIRECTION('',(-1.E0,0.E0,0.E0));
#3293=AXIS2_PLACEMENT_3D('',#3290,#3291,#3292);
#3294=TOROIDAL_SURFACE('',#3293,9.95E1,5.E-1);
#3296=ORIENTED_EDGE('',*,*,#3295,.F.);
#3297=ORIENTED_EDGE('',*,*,#3282,.F.);
#3298=ORIENTED_EDGE('',*,*,#2653,.T.);
#3299=ORIENTED_EDGE('',*,*,#2638,.T.);
#3300=EDGE_LOOP('',(#3296,#3297,#3298,#3299));
#3301=FACE_OUTER_BOUND('',#3300,.F.);
#3302=ADVANCED_FACE('',(#3301),#3294,.T.);
#3303=CARTESIAN_POINT('',(-5.476779927468E1,6.890000000001E1,1.102159192170E2));
#3304=DIRECTION('',(0.E0,-1.E0,0.E0));
#3305=DIRECTION('',(-9.961946980917E-1,0.E0,-8.715574274766E-2));
#3306=AXIS2_PLACEMENT_3D('',#3303,#3304,#3305);
#3307=CYLINDRICAL_SURFACE('',#3306,1.E2);
#3308=ORIENTED_EDGE('',*,*,#3295,.T.);
#3309=ORIENTED_EDGE('',*,*,#2607,.F.);
#3311=ORIENTED_EDGE('',*,*,#3310,.F.);
#3312=ORIENTED_EDGE('',*,*,#3225,.T.);
#3314=ORIENTED_EDGE('',*,*,#3313,.T.);
#3315=ORIENTED_EDGE('',*,*,#3209,.T.);
#3316=EDGE_LOOP('',(#3308,#3309,#3311,#3312,#3314,#3315));
#3317=FACE_OUTER_BOUND('',#3316,.F.);
#3318=ADVANCED_FACE('',(#3317),#3307,.T.);
#3319=CARTESIAN_POINT('',(-5.476779927468E1,1.199E2,1.102159192170E2));
#3320=DIRECTION('',(0.E0,-1.E0,0.E0));
#3321=DIRECTION('',(-1.E0,0.E0,0.E0));
#3322=AXIS2_PLACEMENT_3D('',#3319,#3320,#3321);
#3323=TOROIDAL_SURFACE('',#3322,9.95E1,5.E-1);
#3324=ORIENTED_EDGE('',*,*,#2247,.F.);
#3326=ORIENTED_EDGE('',*,*,#3325,.F.);
#3327=ORIENTED_EDGE('',*,*,#3310,.T.);
#3328=ORIENTED_EDGE('',*,*,#2591,.T.);
#3329=EDGE_LOOP('',(#3324,#3326,#3327,#3328));
#3330=FACE_OUTER_BOUND('',#3329,.F.);
#3331=ADVANCED_FACE('',(#3330),#3323,.T.);
#3332=CARTESIAN_POINT('',(-7.400004585790E-1,1.199E2,2.148228129643E2));
#3333=DIRECTION('',(-9.961946980917E-1,0.E0,-8.715574274762E-2));
#3334=DIRECTION('',(-8.715574274762E-2,0.E0,9.961946980917E-1));
#3335=AXIS2_PLACEMENT_3D('',#3332,#3333,#3334);
#3336=CYLINDRICAL_SURFACE('',#3335,5.E-1);
#3337=ORIENTED_EDGE('',*,*,#2245,.F.);
#3339=ORIENTED_EDGE('',*,*,#3338,.F.);
#3340=ORIENTED_EDGE('',*,*,#3176,.F.);
#3341=ORIENTED_EDGE('',*,*,#3227,.T.);
#3342=ORIENTED_EDGE('',*,*,#3325,.T.);
#3343=EDGE_LOOP('',(#3337,#3339,#3340,#3341,#3342));
#3344=FACE_OUTER_BOUND('',#3343,.F.);
#3345=ADVANCED_FACE('',(#3344),#3336,.T.);
#3346=CARTESIAN_POINT('',(-1.864939827657E1,1.199E2,2.132559436846E2));
#3347=DIRECTION('',(5.841737818910E-1,4.644256716895E-1,6.656198524886E-1));
#3348=DIRECTION('',(7.515929952540E-1,0.E0,-6.596271442908E-1));
#3349=AXIS2_PLACEMENT_3D('',#3346,#3347,#3348);
#3350=SPHERICAL_SURFACE('',#3349,5.E-1);
#3351=ORIENTED_EDGE('',*,*,#3178,.T.);
#3352=ORIENTED_EDGE('',*,*,#3338,.T.);
#3353=ORIENTED_EDGE('',*,*,#3159,.T.);
#3354=ORIENTED_EDGE('',*,*,#3180,.F.);
#3355=EDGE_LOOP('',(#3351,#3352,#3353,#3354));
#3356=FACE_OUTER_BOUND('',#3355,.F.);
#3357=ADVANCED_FACE('',(#3356),#3350,.T.);
#3358=CARTESIAN_POINT('',(-1.829675419536E1,1.514E2,2.137887059627E2));
#3359=DIRECTION('',(-8.715574274762E-2,0.E0,9.961946980917E-1));
#3360=DIRECTION('',(-9.961946980917E-1,0.E0,-8.715574274762E-2));
#3361=AXIS2_PLACEMENT_3D('',#3358,#3359,#3360);
#3362=PLANE('',#3361);
#3363=ORIENTED_EDGE('',*,*,#3221,.T.);
#3364=ORIENTED_EDGE('',*,*,#3219,.F.);
#3365=ORIENTED_EDGE('',*,*,#3217,.T.);
#3366=ORIENTED_EDGE('',*,*,#3215,.F.);
#3367=ORIENTED_EDGE('',*,*,#3213,.T.);
#3368=ORIENTED_EDGE('',*,*,#3211,.F.);
#3369=ORIENTED_EDGE('',*,*,#3313,.F.);
#3370=ORIENTED_EDGE('',*,*,#3223,.F.);
#3371=EDGE_LOOP('',(#3363,#3364,#3365,#3366,#3367,#3368,#3369,#3370));
#3372=FACE_OUTER_BOUND('',#3371,.F.);
#3373=ADVANCED_FACE('',(#3372),#3362,.T.);
#3374=CARTESIAN_POINT('',(-1.864939827657E1,-2.909999999999E1,
2.132559436846E2));
#3375=DIRECTION('',(3.902783851018E-1,-7.071067811865E-1,5.896463195191E-1));
#3376=DIRECTION('',(0.E0,6.404347830015E-1,7.680125576589E-1));
#3377=AXIS2_PLACEMENT_3D('',#3374,#3375,#3376);
#3378=SPHERICAL_SURFACE('',#3377,5.E-1);
#3380=ORIENTED_EDGE('',*,*,#3379,.T.);
#3381=ORIENTED_EDGE('',*,*,#3285,.F.);
#3382=ORIENTED_EDGE('',*,*,#3196,.T.);
#3384=ORIENTED_EDGE('',*,*,#3383,.F.);
#3386=ORIENTED_EDGE('',*,*,#3385,.T.);
#3387=EDGE_LOOP('',(#3380,#3381,#3382,#3384,#3386));
#3388=FACE_OUTER_BOUND('',#3387,.F.);
#3389=ADVANCED_FACE('',(#3388),#3378,.T.);
#3390=CARTESIAN_POINT('',(5.064165857111E1,-2.909999999999E1,
-1.249008647619E-6));
#3391=DIRECTION('',(3.090169943749E-1,0.E0,-9.510565162952E-1));
#3392=DIRECTION('',(-9.510565162952E-1,0.E0,-3.090169943749E-1));
#3393=AXIS2_PLACEMENT_3D('',#3390,#3391,#3392);
#3394=CYLINDRICAL_SURFACE('',#3393,5.E-1);
#3396=ORIENTED_EDGE('',*,*,#3395,.T.);
#3397=ORIENTED_EDGE('',*,*,#2657,.F.);
#3398=ORIENTED_EDGE('',*,*,#3379,.F.);
#3400=ORIENTED_EDGE('',*,*,#3399,.F.);
#3401=ORIENTED_EDGE('',*,*,#3145,.T.);
#3402=EDGE_LOOP('',(#3396,#3397,#3398,#3400,#3401));
#3403=FACE_OUTER_BOUND('',#3402,.F.);
#3404=ADVANCED_FACE('',(#3403),#3394,.T.);
#3405=CARTESIAN_POINT('',(-1.484358991903E1,-2.909999999999E1,
2.015428699570E2));
#3406=DIRECTION('',(7.630527543677E-1,-5.533875347223E-1,-3.339352189660E-1));
#3407=DIRECTION('',(-5.870887623671E-1,-8.095225661477E-1,0.E0));
#3408=AXIS2_PLACEMENT_3D('',#3405,#3406,#3407);
#3409=SPHERICAL_SURFACE('',#3408,5.E-1);
#3410=ORIENTED_EDGE('',*,*,#3395,.F.);
#3411=ORIENTED_EDGE('',*,*,#3132,.T.);
#3413=ORIENTED_EDGE('',*,*,#3412,.F.);
#3415=ORIENTED_EDGE('',*,*,#3414,.T.);
#3417=ORIENTED_EDGE('',*,*,#3416,.T.);
#3418=EDGE_LOOP('',(#3410,#3411,#3413,#3415,#3417));
#3419=FACE_OUTER_BOUND('',#3418,.F.);
#3420=ADVANCED_FACE('',(#3419),#3409,.T.);
#3421=CARTESIAN_POINT('',(-1.484358991903E1,-2.909999999999E1,
2.015428699570E2));
#3422=DIRECTION('',(7.630527543677E-1,-5.533875347223E-1,-3.339352189660E-1));
#3423=DIRECTION('',(-5.870887623671E-1,-8.095225661477E-1,0.E0));
#3424=AXIS2_PLACEMENT_3D('',#3421,#3422,#3423);
#3425=SPHERICAL_SURFACE('',#3424,5.E-1);
#3426=ORIENTED_EDGE('',*,*,#3412,.T.);
#3427=ORIENTED_EDGE('',*,*,#3130,.T.);
#3429=ORIENTED_EDGE('',*,*,#3428,.T.);
#3430=ORIENTED_EDGE('',*,*,#3414,.F.);
#3431=EDGE_LOOP('',(#3426,#3427,#3429,#3430));
#3432=FACE_OUTER_BOUND('',#3431,.F.);
#3433=ADVANCED_FACE('',(#3432),#3425,.T.);
#3434=CARTESIAN_POINT('',(-7.400004585790E-1,-2.909999999999E1,
2.027767741498E2));
#3435=DIRECTION('',(-9.961946980917E-1,0.E0,-8.715574274766E-2));
#3436=DIRECTION('',(-8.715574274766E-2,0.E0,9.961946980917E-1));
#3437=AXIS2_PLACEMENT_3D('',#3434,#3435,#3436);
#3438=CYLINDRICAL_SURFACE('',#3437,5.E-1);
#3439=ORIENTED_EDGE('',*,*,#2659,.F.);
#3440=ORIENTED_EDGE('',*,*,#3416,.F.);
#3441=ORIENTED_EDGE('',*,*,#3428,.F.);
#3442=ORIENTED_EDGE('',*,*,#3113,.T.);
#3443=ORIENTED_EDGE('',*,*,#3071,.T.);
#3444=EDGE_LOOP('',(#3439,#3440,#3441,#3442,#3443));
#3445=FACE_OUTER_BOUND('',#3444,.F.);
#3446=ADVANCED_FACE('',(#3445),#3438,.T.);
#3447=CARTESIAN_POINT('',(-1.864939827657E1,-2.909999999999E1,
2.132559436846E2));
#3448=DIRECTION('',(3.902783851018E-1,-7.071067811865E-1,5.896463195191E-1));
#3449=DIRECTION('',(0.E0,6.404347830015E-1,7.680125576589E-1));
#3450=AXIS2_PLACEMENT_3D('',#3447,#3448,#3449);
#3451=SPHERICAL_SURFACE('',#3450,5.E-1);
#3452=ORIENTED_EDGE('',*,*,#3385,.F.);
#3453=ORIENTED_EDGE('',*,*,#3383,.T.);
#3454=ORIENTED_EDGE('',*,*,#3194,.T.);
#3455=ORIENTED_EDGE('',*,*,#3399,.T.);
#3456=EDGE_LOOP('',(#3452,#3453,#3454,#3455));
#3457=FACE_OUTER_BOUND('',#3456,.F.);
#3458=ADVANCED_FACE('',(#3457),#3451,.T.);
#3459=CARTESIAN_POINT('',(-1.484358991903E1,1.199E2,2.015428699570E2));
#3460=DIRECTION('',(5.896463195190E-1,7.071067811866E-1,-3.902783851018E-1));
#3461=DIRECTION('',(7.680125576590E-1,-6.404347830014E-1,0.E0));
#3462=AXIS2_PLACEMENT_3D('',#3459,#3460,#3461);
#3463=SPHERICAL_SURFACE('',#3462,5.E-1);
#3464=ORIENTED_EDGE('',*,*,#3162,.F.);
#3466=ORIENTED_EDGE('',*,*,#3465,.F.);
#3468=ORIENTED_EDGE('',*,*,#3467,.F.);
#3470=ORIENTED_EDGE('',*,*,#3469,.T.);
#3471=ORIENTED_EDGE('',*,*,#3125,.F.);
#3472=EDGE_LOOP('',(#3464,#3466,#3468,#3470,#3471));
#3473=FACE_OUTER_BOUND('',#3472,.F.);
#3474=ADVANCED_FACE('',(#3473),#3463,.T.);
#3475=CARTESIAN_POINT('',(-7.400004585790E-1,1.199E2,2.027767741498E2));
#3476=DIRECTION('',(9.961946980917E-1,0.E0,8.715574274766E-2));
#3477=DIRECTION('',(8.715574274766E-2,0.E0,-9.961946980917E-1));
#3478=AXIS2_PLACEMENT_3D('',#3475,#3476,#3477);
#3479=CYLINDRICAL_SURFACE('',#3478,5.E-1);
#3480=ORIENTED_EDGE('',*,*,#2241,.F.);
#3482=ORIENTED_EDGE('',*,*,#3481,.F.);
#3483=ORIENTED_EDGE('',*,*,#3102,.T.);
#3485=ORIENTED_EDGE('',*,*,#3484,.T.);
#3486=ORIENTED_EDGE('',*,*,#3465,.T.);
#3487=EDGE_LOOP('',(#3480,#3482,#3483,#3485,#3486));
#3488=FACE_OUTER_BOUND('',#3487,.F.);
#3489=ADVANCED_FACE('',(#3488),#3479,.T.);
#3490=CARTESIAN_POINT('',(-2.335082934057E1,1.199E2,2.053157722186E2));
#3491=DIRECTION('',(0.E0,-1.E0,0.E0));
#3492=DIRECTION('',(-1.E0,0.E0,0.E0));
#3493=AXIS2_PLACEMENT_3D('',#3490,#3491,#3492);
#3494=TOROIDAL_SURFACE('',#3493,4.5E0,5.E-1);
#3496=ORIENTED_EDGE('',*,*,#3495,.T.);
#3497=ORIENTED_EDGE('',*,*,#3481,.T.);
#3498=ORIENTED_EDGE('',*,*,#2239,.F.);
#3499=ORIENTED_EDGE('',*,*,#2405,.F.);
#3500=EDGE_LOOP('',(#3496,#3497,#3498,#3499));
#3501=FACE_OUTER_BOUND('',#3500,.F.);
#3502=ADVANCED_FACE('',(#3501),#3494,.T.);
#3503=CARTESIAN_POINT('',(-2.335082934057E1,-3.000017078697E1,
2.053157722186E2));
#3504=DIRECTION('',(0.E0,-1.E0,0.E0));
#3505=DIRECTION('',(-1.E0,0.E0,0.E0));
#3506=AXIS2_PLACEMENT_3D('',#3503,#3504,#3505);
#3507=CYLINDRICAL_SURFACE('',#3506,5.E0);
#3508=ORIENTED_EDGE('',*,*,#3495,.F.);
#3510=ORIENTED_EDGE('',*,*,#3509,.F.);
#3512=ORIENTED_EDGE('',*,*,#3511,.T.);
#3514=ORIENTED_EDGE('',*,*,#3513,.T.);
#3516=ORIENTED_EDGE('',*,*,#3515,.T.);
#3517=ORIENTED_EDGE('',*,*,#3104,.T.);
#3518=EDGE_LOOP('',(#3508,#3510,#3512,#3514,#3516,#3517));
#3519=FACE_OUTER_BOUND('',#3518,.F.);
#3520=ADVANCED_FACE('',(#3519),#3507,.T.);
#3521=CARTESIAN_POINT('',(-3.655972431803E1,1.204E2,2.076737138458E2));
#3522=DIRECTION('',(-5.299192642332E-1,0.E0,-8.480480961564E-1));
#3523=DIRECTION('',(8.480480961564E-1,0.E0,-5.299192642332E-1));
#3524=AXIS2_PLACEMENT_3D('',#3521,#3522,#3523);
#3525=PLANE('',#3524);
#3527=ORIENTED_EDGE('',*,*,#3526,.F.);
#3528=ORIENTED_EDGE('',*,*,#3509,.T.);
#3529=ORIENTED_EDGE('',*,*,#2403,.T.);
#3530=ORIENTED_EDGE('',*,*,#2434,.T.);
#3531=EDGE_LOOP('',(#3527,#3528,#3529,#3530));
#3532=FACE_OUTER_BOUND('',#3531,.F.);
#3533=ADVANCED_FACE('',(#3532),#3525,.T.);
#3534=CARTESIAN_POINT('',(-7.400004585790E-1,1.191E2,1.858806554139E2));
#3535=DIRECTION('',(-8.480480961564E-1,0.E0,5.299192642332E-1));
#3536=DIRECTION('',(5.299192642332E-1,0.E0,8.480480961564E-1));
#3537=AXIS2_PLACEMENT_3D('',#3534,#3535,#3536);
#3538=CYLINDRICAL_SURFACE('',#3537,5.E-1);
#3540=ORIENTED_EDGE('',*,*,#3539,.F.);
#3542=ORIENTED_EDGE('',*,*,#3541,.T.);
#3543=ORIENTED_EDGE('',*,*,#3526,.T.);
#3545=ORIENTED_EDGE('',*,*,#3544,.T.);
#3546=EDGE_LOOP('',(#3540,#3542,#3543,#3545));
#3547=FACE_OUTER_BOUND('',#3546,.F.);
#3548=ADVANCED_FACE('',(#3547),#3538,.T.);
#3549=CARTESIAN_POINT('',(-6.784807643525E1,1.186E2,2.008580289615E2));
#3550=DIRECTION('',(0.E0,1.E0,0.E0));
#3551=DIRECTION('',(-9.961946980917E-1,0.E0,-8.715574274766E-2));
#3552=AXIS2_PLACEMENT_3D('',#3549,#3550,#3551);
#3553=PLANE('',#3552);
#3554=ORIENTED_EDGE('',*,*,#3539,.T.);
#3556=ORIENTED_EDGE('',*,*,#3555,.T.);
#3557=ORIENTED_EDGE('',*,*,#2462,.F.);
#3558=ORIENTED_EDGE('',*,*,#2478,.F.);
#3560=ORIENTED_EDGE('',*,*,#3559,.T.);
#3562=ORIENTED_EDGE('',*,*,#3561,.F.);
#3564=ORIENTED_EDGE('',*,*,#3563,.T.);
#3566=ORIENTED_EDGE('',*,*,#3565,.F.);
#3568=ORIENTED_EDGE('',*,*,#3567,.F.);
#3570=ORIENTED_EDGE('',*,*,#3569,.F.);
#3572=ORIENTED_EDGE('',*,*,#3571,.F.);
#3573=EDGE_LOOP('',(#3554,#3556,#3557,#3558,#3560,#3562,#3564,#3566,#3568,#3570,
#3572));
#3574=FACE_OUTER_BOUND('',#3573,.F.);
#3575=ADVANCED_FACE('',(#3574),#3553,.F.);
#3576=CARTESIAN_POINT('',(-4.148305112890E1,1.191E2,1.871665818121E2));
#3577=DIRECTION('',(0.E0,-1.E0,0.E0));
#3578=DIRECTION('',(-1.E0,0.E0,0.E0));
#3579=AXIS2_PLACEMENT_3D('',#3576,#3577,#3578);
#3580=TOROIDAL_SURFACE('',#3579,2.05E1,5.E-1);
#3581=ORIENTED_EDGE('',*,*,#2432,.T.);
#3582=ORIENTED_EDGE('',*,*,#2464,.T.);
#3583=ORIENTED_EDGE('',*,*,#3555,.F.);
#3584=ORIENTED_EDGE('',*,*,#3544,.F.);
#3585=EDGE_LOOP('',(#3581,#3582,#3583,#3584));
#3586=FACE_OUTER_BOUND('',#3585,.F.);
#3587=ADVANCED_FACE('',(#3586),#3580,.T.);
#3588=CARTESIAN_POINT('',(-7.400004585790E-1,1.191E2,2.212144138096E2));
#3589=DIRECTION('',(-9.743700646123E-1,0.E0,-2.249510550931E-1));
#3590=DIRECTION('',(-2.249510550931E-1,0.E0,9.743700646123E-1));
#3591=AXIS2_PLACEMENT_3D('',#3588,#3589,#3590);
#3592=CYLINDRICAL_SURFACE('',#3591,5.E-1);
#3594=ORIENTED_EDGE('',*,*,#3593,.T.);
#3596=ORIENTED_EDGE('',*,*,#3595,.T.);
#3597=ORIENTED_EDGE('',*,*,#3559,.F.);
#3598=ORIENTED_EDGE('',*,*,#2476,.T.);
#3599=EDGE_LOOP('',(#3594,#3596,#3597,#3598));
#3600=FACE_OUTER_BOUND('',#3599,.F.);
#3601=ADVANCED_FACE('',(#3600),#3592,.T.);
#3602=CARTESIAN_POINT('',(-2.928661628199E2,1.344E2,1.532586228342E2));
#3603=DIRECTION('',(-2.249510550931E-1,0.E0,9.743700646123E-1));
#3604=DIRECTION('',(9.743700646123E-1,0.E0,2.249510550931E-1));
#3605=AXIS2_PLACEMENT_3D('',#3602,#3603,#3604);
#3606=PLANE('',#3605);
#3608=ORIENTED_EDGE('',*,*,#3607,.F.);
#3609=ORIENTED_EDGE('',*,*,#2885,.T.);
#3610=ORIENTED_EDGE('',*,*,#2916,.T.);
#3612=ORIENTED_EDGE('',*,*,#3611,.F.);
#3614=ORIENTED_EDGE('',*,*,#3613,.F.);
#3616=ORIENTED_EDGE('',*,*,#3615,.F.);
#3618=ORIENTED_EDGE('',*,*,#3617,.T.);
#3620=ORIENTED_EDGE('',*,*,#3619,.F.);
#3622=ORIENTED_EDGE('',*,*,#3621,.F.);
#3623=ORIENTED_EDGE('',*,*,#3593,.F.);
#3624=ORIENTED_EDGE('',*,*,#2491,.F.);
#3625=ORIENTED_EDGE('',*,*,#2532,.T.);
#3626=ORIENTED_EDGE('',*,*,#2547,.F.);
#3628=ORIENTED_EDGE('',*,*,#3627,.T.);
#3629=EDGE_LOOP('',(#3608,#3609,#3610,#3612,#3614,#3616,#3618,#3620,#3622,#3623,
#3624,#3625,#3626,#3628));
#3630=FACE_OUTER_BOUND('',#3629,.F.);
#3631=ADVANCED_FACE('',(#3630),#3606,.F.);
#3632=CARTESIAN_POINT('',(-1.164668094861E2,-1.959999999999E1,
1.944967746510E2));
#3633=DIRECTION('',(2.249510543438E-1,0.E0,-9.743700647852E-1));
#3634=DIRECTION('',(-9.743700647852E-1,0.E0,-2.249510543438E-1));
#3635=AXIS2_PLACEMENT_3D('',#3632,#3633,#3634);
#3636=TOROIDAL_SURFACE('',#3635,9.5E0,5.E-1);
#3637=ORIENTED_EDGE('',*,*,#3607,.T.);
#3639=ORIENTED_EDGE('',*,*,#3638,.F.);
#3641=ORIENTED_EDGE('',*,*,#3640,.F.);
#3642=ORIENTED_EDGE('',*,*,#2887,.F.);
#3643=EDGE_LOOP('',(#3637,#3639,#3641,#3642));
#3644=FACE_OUTER_BOUND('',#3643,.F.);
#3645=ADVANCED_FACE('',(#3644),#3636,.T.);
#3646=CARTESIAN_POINT('',(-1.257233250999E2,-3.000017078697E1,
1.923597396276E2));
#3647=DIRECTION('',(0.E0,-1.E0,0.E0));
#3648=DIRECTION('',(0.E0,0.E0,1.E0));
#3649=AXIS2_PLACEMENT_3D('',#3646,#3647,#3648);
#3650=CYLINDRICAL_SURFACE('',#3649,5.E-1);
#3651=ORIENTED_EDGE('',*,*,#3627,.F.);
#3652=ORIENTED_EDGE('',*,*,#2545,.T.);
#3654=ORIENTED_EDGE('',*,*,#3653,.T.);
#3655=ORIENTED_EDGE('',*,*,#3638,.T.);
#3656=EDGE_LOOP('',(#3651,#3652,#3654,#3655));
#3657=FACE_OUTER_BOUND('',#3656,.F.);
#3658=ADVANCED_FACE('',(#3657),#3650,.T.);
#3659=CARTESIAN_POINT('',(-1.265038616365E2,-3.000017078697E1,
1.935179090636E2));
#3660=DIRECTION('',(-9.743700647852E-1,0.E0,-2.249510543438E-1));
#3661=DIRECTION('',(-2.249510543438E-1,0.E0,9.743700647852E-1));
#3662=AXIS2_PLACEMENT_3D('',#3659,#3660,#3661);
#3663=PLANE('',#3662);
#3665=ORIENTED_EDGE('',*,*,#3664,.F.);
#3667=ORIENTED_EDGE('',*,*,#3666,.T.);
#3668=ORIENTED_EDGE('',*,*,#3653,.F.);
#3669=ORIENTED_EDGE('',*,*,#2562,.F.);
#3670=EDGE_LOOP('',(#3665,#3667,#3668,#3669));
#3671=FACE_OUTER_BOUND('',#3670,.F.);
#3672=ADVANCED_FACE('',(#3671),#3663,.T.);
#3673=CARTESIAN_POINT('',(-1.265106537901E2,-3.000017078697E1,
1.957700348543E2));
#3674=DIRECTION('',(0.E0,1.E0,0.E0));
#3675=DIRECTION('',(0.E0,0.E0,-1.E0));
#3676=AXIS2_PLACEMENT_3D('',#3673,#3674,#3675);
#3677=CYLINDRICAL_SURFACE('',#3676,5.E-1);
#3678=ORIENTED_EDGE('',*,*,#3664,.T.);
#3679=ORIENTED_EDGE('',*,*,#2577,.T.);
#3680=ORIENTED_EDGE('',*,*,#2603,.F.);
#3681=ORIENTED_EDGE('',*,*,#2624,.F.);
#3682=EDGE_LOOP('',(#3678,#3679,#3680,#3681));
#3683=FACE_OUTER_BOUND('',#3682,.F.);
#3684=ADVANCED_FACE('',(#3683),#3677,.T.);
#3685=CARTESIAN_POINT('',(-7.156369065434E1,-1.959999999999E1,
-1.249008647619E-6));
#3686=DIRECTION('',(2.249510543438E-1,0.E0,-9.743700647852E-1));
#3687=DIRECTION('',(-9.743700647852E-1,0.E0,-2.249510543438E-1));
#3688=AXIS2_PLACEMENT_3D('',#3685,#3686,#3687);
#3689=CYLINDRICAL_SURFACE('',#3688,1.E1);
#3690=ORIENTED_EDGE('',*,*,#3666,.F.);
#3691=ORIENTED_EDGE('',*,*,#2622,.F.);
#3692=ORIENTED_EDGE('',*,*,#2650,.T.);
#3693=ORIENTED_EDGE('',*,*,#3640,.T.);
#3694=EDGE_LOOP('',(#3690,#3691,#3692,#3693));
#3695=FACE_OUTER_BOUND('',#3694,.F.);
#3696=ADVANCED_FACE('',(#3695),#3689,.T.);
#3697=CARTESIAN_POINT('',(-7.400004585790E-1,-2.829999999999E1,
2.212144138096E2));
#3698=DIRECTION('',(9.743700646123E-1,0.E0,2.249510550931E-1));
#3699=DIRECTION('',(2.249510550931E-1,0.E0,-9.743700646123E-1));
#3700=AXIS2_PLACEMENT_3D('',#3697,#3698,#3699);
#3701=CYLINDRICAL_SURFACE('',#3700,5.E-1);
#3702=ORIENTED_EDGE('',*,*,#2970,.F.);
#3704=ORIENTED_EDGE('',*,*,#3703,.T.);
#3705=ORIENTED_EDGE('',*,*,#3611,.T.);
#3707=ORIENTED_EDGE('',*,*,#3706,.F.);
#3708=EDGE_LOOP('',(#3702,#3704,#3705,#3707));
#3709=FACE_OUTER_BOUND('',#3708,.F.);
#3710=ADVANCED_FACE('',(#3709),#3701,.T.);
#3711=CARTESIAN_POINT('',(-1.227143762744E2,-2.567645138114E1,
1.925413256986E2));
#3712=CARTESIAN_POINT('',(-1.226737264504E2,-2.563567288499E1,
1.925497270961E2));
#3713=CARTESIAN_POINT('',(-1.225926207961E2,-2.554967832756E1,
1.925874292548E2));
#3714=CARTESIAN_POINT('',(-1.224966247620E2,-2.542964384298E1,
1.927143966974E2));
#3715=CARTESIAN_POINT('',(-1.224503013671E2,-2.534650679773E1,
1.928892702444E2));
#3716=CARTESIAN_POINT('',(-1.224560405502E2,-2.532494506007E1,
1.930110741240E2));
#3717=CARTESIAN_POINT('',(-1.224656632151E2,-2.532146476532E1,
1.930681626175E2));
#3718=CARTESIAN_POINT('',(-1.223015152315E2,-2.610721990007E1,
1.926366426774E2));
#3719=CARTESIAN_POINT('',(-1.222636345242E2,-2.606321170732E1,
1.926443975722E2));
#3720=CARTESIAN_POINT('',(-1.221883468045E2,-2.597037245598E1,
1.926808940569E2));
#3721=CARTESIAN_POINT('',(-1.221005308461E2,-2.584109562032E1,
1.928069227612E2));
#3722=CARTESIAN_POINT('',(-1.220600437570E2,-2.575236230205E1,
1.929818418102E2));
#3723=CARTESIAN_POINT('',(-1.220673677908E2,-2.573022151819E1,
1.931040260687E2));
#3724=CARTESIAN_POINT('',(-1.220772330553E2,-2.572708132826E1,
1.931613125344E2));
#3725=CARTESIAN_POINT('',(-1.216286660895E2,-2.667700758992E1,
1.927919829607E2));
#3726=CARTESIAN_POINT('',(-1.215954853614E2,-2.662870561592E1,
1.927986409038E2));
#3727=CARTESIAN_POINT('',(-1.215298375753E2,-2.652682892205E1,
1.928331386293E2));
#3728=CARTESIAN_POINT('',(-1.214551248208E2,-2.638544696261E1,
1.929577022398E2));
#3729=CARTESIAN_POINT('',(-1.214238427552E2,-2.628941614026E1,
1.931327719820E2));
#3730=CARTESIAN_POINT('',(-1.214338004199E2,-2.626642246490E1,
1.932555523668E2));
#3731=CARTESIAN_POINT('',(-1.214442027758E2,-2.626361013603E1,
1.933131192867E2));
#3732=CARTESIAN_POINT('',(-1.206401355524E2,-2.728305237880E1,
1.930202044283E2));
#3733=CARTESIAN_POINT('',(-1.206137047590E2,-2.723018109301E1,
1.930252864702E2));
#3734=CARTESIAN_POINT('',(-1.205621078827E2,-2.711854222726E1,
1.930568754421E2));
#3735=CARTESIAN_POINT('',(-1.205068686153E2,-2.696393469221E1,
1.931792631701E2));
#3736=CARTESIAN_POINT('',(-1.204892990061E2,-2.686015821374E1,
1.933545309998E2));
#3737=CARTESIAN_POINT('',(-1.205030446860E2,-2.683658300622E1,
1.934781768828E2));
#3738=CARTESIAN_POINT('',(-1.205141489033E2,-2.683430639860E1,
1.935361520986E2));
#3739=CARTESIAN_POINT('',(-1.196144356035E2,-2.777833803762E1,
1.932570071788E2));
#3740=CARTESIAN_POINT('',(-1.195946972130E2,-2.772163576041E1,
1.932605259086E2));
#3741=CARTESIAN_POINT('',(-1.195574373391E2,-2.760161690291E1,
1.932891531965E2));
#3742=CARTESIAN_POINT('',(-1.195228394642E2,-2.743552954221E1,
1.934092009110E2));
#3743=CARTESIAN_POINT('',(-1.195199545838E2,-2.732545706110E1,
1.935845831963E2));
#3744=CARTESIAN_POINT('',(-1.195374856639E2,-2.730210016115E1,
1.937091413732E2));
#3745=CARTESIAN_POINT('',(-1.195490965684E2,-2.730072723718E1,
1.937675755591E2));
#3746=CARTESIAN_POINT('',(-1.185339024269E2,-2.811187020039E1,
1.935064692310E2));
#3747=CARTESIAN_POINT('',(-1.185217613538E2,-2.805258308520E1,
1.935082149615E2));
#3748=CARTESIAN_POINT('',(-1.185003688954E2,-2.792677760874E1,
1.935335415262E2));
#3749=CARTESIAN_POINT('',(-1.184875841219E2,-2.775262942283E1,
1.936511346437E2));
#3750=CARTESIAN_POINT('',(-1.184994323286E2,-2.763837736527E1,
1.938268370699E2));
#3751=CARTESIAN_POINT('',(-1.185204255052E2,-2.761547232994E1,
1.939524486396E2));
#3752=CARTESIAN_POINT('',(-1.185324346430E2,-2.761484379280E1,
1.940113718633E2));
#3753=CARTESIAN_POINT('',(-1.175606885769E2,-2.825912642706E1,
1.937311545545E2));
#3754=CARTESIAN_POINT('',(-1.175547595722E2,-2.819857102884E1,
1.937314486884E2));
#3755=CARTESIAN_POINT('',(-1.175466892531E2,-2.806978012179E1,
1.937540318099E2));
#3756=CARTESIAN_POINT('',(-1.175532466295E2,-2.789143329171E1,
1.938695225293E2));
#3757=CARTESIAN_POINT('',(-1.175790212551E2,-2.777548922558E1,
1.940453833491E2));
#3758=CARTESIAN_POINT('',(-1.176039240415E2,-2.775347342412E1,
1.941717224452E2));
#3759=CARTESIAN_POINT('',(-1.176167211107E2,-2.775356152415E1,
1.942309574708E2));
#3760=CARTESIAN_POINT('',(-1.169773253679E2,-2.830306855335E1,
1.938658352820E2));
#3761=CARTESIAN_POINT('',(-1.169749527559E2,-2.824201439792E1,
1.938652979424E2));
#3762=CARTESIAN_POINT('',(-1.169746645499E2,-2.811199341838E1,
1.938862828568E2));
#3763=CARTESIAN_POINT('',(-1.169928837971E2,-2.793195682161E1,
1.940005072249E2));
#3764=CARTESIAN_POINT('',(-1.170272318078E2,-2.781564318957E1,
1.941764198403E2));
#3765=CARTESIAN_POINT('',(-1.170545731333E2,-2.779439295819E1,
1.943031626486E2));
#3766=CARTESIAN_POINT('',(-1.170678594497E2,-2.779497976285E1,
1.943625719428E2));
#3767=CARTESIAN_POINT('',(-1.166731110626E2,-2.830946564666E1,
1.939360690861E2));
#3768=CARTESIAN_POINT('',(-1.166723188342E2,-2.824825319464E1,
1.939351611175E2));
#3769=CARTESIAN_POINT('',(-1.166756090782E2,-2.811781000226E1,
1.939554300778E2));
#3770=CARTESIAN_POINT('',(-1.166996289717E2,-2.793721138583E1,
1.940690691775E2));
#3771=CARTESIAN_POINT('',(-1.167387045279E2,-2.782093368243E1,
1.942449463810E2));
#3772=CARTESIAN_POINT('',(-1.167677677504E2,-2.780015282005E1,
1.943717871987E2));
#3773=CARTESIAN_POINT('',(-1.167815676024E2,-2.780102009181E1,
1.944312230975E2));
#3774=CARTESIAN_POINT('',(-1.165096095196E2,-2.830816581363E1,
1.939738165840E2));
#3775=CARTESIAN_POINT('',(-1.165097511426E2,-2.824687646360E1,
1.939726902323E2));
#3776=CARTESIAN_POINT('',(-1.165152711438E2,-2.811623190811E1,
1.939924973517E2));
#3777=CARTESIAN_POINT('',(-1.165429144960E2,-2.793540282618E1,
1.941056998083E2));
#3778=CARTESIAN_POINT('',(-1.165845826074E2,-2.781924320583E1,
1.942815523110E2));
#3779=CARTESIAN_POINT('',(-1.166141036217E2,-2.779877607289E1,
1.944085568646E2));
#3780=CARTESIAN_POINT('',(-1.166278267811E2,-2.779981733145E1,
1.944680889563E2));
#3781=B_SPLINE_SURFACE_WITH_KNOTS('',3,3,((#3711,#3712,#3713,#3714,#3715,#3716,
#3717),(#3718,#3719,#3720,#3721,#3722,#3723,#3724),(#3725,#3726,#3727,#3728,
#3729,#3730,#3731),(#3732,#3733,#3734,#3735,#3736,#3737,#3738),(#3739,#3740,
#3741,#3742,#3743,#3744,#3745),(#3746,#3747,#3748,#3749,#3750,#3751,#3752),(
#3753,#3754,#3755,#3756,#3757,#3758,#3759),(#3760,#3761,#3762,#3763,#3764,#3765,
#3766),(#3767,#3768,#3769,#3770,#3771,#3772,#3773),(#3774,#3775,#3776,#3777,
#3778,#3779,#3780)),.UNSPECIFIED.,.F.,.F.,.F.,(4,1,1,1,1,1,1,4),(4,1,1,1,4),(
6.556464398499E0,8.310710258920E0,9.154247093574E0,9.997783928229E0,
1.168485759754E1,1.252839443219E1,1.295016284952E1,1.343922821904E1),(
-1.197374361099E-2,2.5E-1,5.E-1,7.5E-1,1.010955154368E0),.UNSPECIFIED.);
#3782=ORIENTED_EDGE('',*,*,#3613,.T.);
#3783=ORIENTED_EDGE('',*,*,#3703,.F.);
#3785=ORIENTED_EDGE('',*,*,#3784,.F.);
#3787=ORIENTED_EDGE('',*,*,#3786,.F.);
#3788=EDGE_LOOP('',(#3782,#3783,#3785,#3787));
#3789=FACE_OUTER_BOUND('',#3788,.F.);
#3790=ADVANCED_FACE('',(#3789),#3781,.F.);
#3791=CARTESIAN_POINT('',(-1.165931817622E2,-1.959999999999E1,
1.933438088026E2));
#3792=DIRECTION('',(8.715574274766E-2,0.E0,-9.961946980917E-1));
#3793=DIRECTION('',(-9.961946980917E-1,0.E0,-8.715574274766E-2));
#3794=AXIS2_PLACEMENT_3D('',#3791,#3792,#3793);
#3795=CYLINDRICAL_SURFACE('',#3794,8.2E0);
#3797=ORIENTED_EDGE('',*,*,#3796,.T.);
#3799=ORIENTED_EDGE('',*,*,#3798,.T.);
#3800=ORIENTED_EDGE('',*,*,#3784,.T.);
#3801=ORIENTED_EDGE('',*,*,#2968,.F.);
#3803=ORIENTED_EDGE('',*,*,#3802,.F.);
#3804=EDGE_LOOP('',(#3797,#3799,#3800,#3801,#3803));
#3805=FACE_OUTER_BOUND('',#3804,.F.);
#3806=ADVANCED_FACE('',(#3805),#3795,.F.);
#3807=CARTESIAN_POINT('',(-1.249515363368E2,1.104E2,1.947957901414E2));
#3808=DIRECTION('',(9.961946980920E-1,0.E0,8.715574274528E-2));
#3809=DIRECTION('',(-8.715574274528E-2,0.E0,9.961946980920E-1));
#3810=AXIS2_PLACEMENT_3D('',#3807,#3808,#3809);
#3811=PLANE('',#3810);
#3812=ORIENTED_EDGE('',*,*,#3796,.F.);
#3814=ORIENTED_EDGE('',*,*,#3813,.F.);
#3816=ORIENTED_EDGE('',*,*,#3815,.T.);
#3818=ORIENTED_EDGE('',*,*,#3817,.F.);
#3819=EDGE_LOOP('',(#3812,#3814,#3816,#3818));
#3820=FACE_OUTER_BOUND('',#3819,.F.);
#3821=ADVANCED_FACE('',(#3820),#3811,.T.);
#3822=CARTESIAN_POINT('',(-2.933610551411E2,1.344E2,1.554022369764E2));
#3823=DIRECTION('',(-2.249510550931E-1,0.E0,9.743700646123E-1));
#3824=DIRECTION('',(9.743700646123E-1,0.E0,2.249510550931E-1));
#3825=AXIS2_PLACEMENT_3D('',#3822,#3823,#3824);
#3826=PLANE('',#3825);
#3828=ORIENTED_EDGE('',*,*,#3827,.T.);
#3829=ORIENTED_EDGE('',*,*,#3563,.F.);
#3831=ORIENTED_EDGE('',*,*,#3830,.T.);
#3832=ORIENTED_EDGE('',*,*,#3813,.T.);
#3833=ORIENTED_EDGE('',*,*,#3802,.T.);
#3834=ORIENTED_EDGE('',*,*,#2966,.T.);
#3835=EDGE_LOOP('',(#3828,#3829,#3831,#3832,#3833,#3834));
#3836=FACE_OUTER_BOUND('',#3835,.F.);
#3837=ADVANCED_FACE('',(#3836),#3826,.F.);
#3838=CARTESIAN_POINT('',(-5.476779927457E1,-3.000017078697E1,
1.102159192171E2));
#3839=DIRECTION('',(0.E0,-1.E0,0.E0));
#3840=DIRECTION('',(-1.E0,0.E0,0.E0));
#3841=AXIS2_PLACEMENT_3D('',#3838,#3839,#3840);
#3842=CYLINDRICAL_SURFACE('',#3841,9.77E1);
#3843=ORIENTED_EDGE('',*,*,#3827,.F.);
#3844=ORIENTED_EDGE('',*,*,#2964,.F.);
#3846=ORIENTED_EDGE('',*,*,#3845,.T.);
#3847=ORIENTED_EDGE('',*,*,#3565,.T.);
#3848=EDGE_LOOP('',(#3843,#3844,#3846,#3847));
#3849=FACE_OUTER_BOUND('',#3848,.F.);
#3850=ADVANCED_FACE('',(#3849),#3842,.F.);
#3851=CARTESIAN_POINT('',(-2.136134414897E1,-2.163496854617E1,
2.112118034571E2));
#3852=DIRECTION('',(8.715574274766E-2,0.E0,-9.961946980917E-1));
#3853=DIRECTION('',(-9.961946980917E-1,0.E0,-8.715574274766E-2));
#3854=AXIS2_PLACEMENT_3D('',#3851,#3852,#3853);
#3855=PLANE('',#3854);
#3857=ORIENTED_EDGE('',*,*,#3856,.F.);
#3859=ORIENTED_EDGE('',*,*,#3858,.T.);
#3861=ORIENTED_EDGE('',*,*,#3860,.T.);
#3863=ORIENTED_EDGE('',*,*,#3862,.T.);
#3865=ORIENTED_EDGE('',*,*,#3864,.T.);
#3867=ORIENTED_EDGE('',*,*,#3866,.F.);
#3869=ORIENTED_EDGE('',*,*,#3868,.T.);
#3871=ORIENTED_EDGE('',*,*,#3870,.F.);
#3873=ORIENTED_EDGE('',*,*,#3872,.T.);
#3875=ORIENTED_EDGE('',*,*,#3874,.F.);
#3877=ORIENTED_EDGE('',*,*,#3876,.T.);
#3879=ORIENTED_EDGE('',*,*,#3878,.T.);
#3881=ORIENTED_EDGE('',*,*,#3880,.T.);
#3883=ORIENTED_EDGE('',*,*,#3882,.F.);
#3885=ORIENTED_EDGE('',*,*,#3884,.T.);
#3887=ORIENTED_EDGE('',*,*,#3886,.T.);
#3889=ORIENTED_EDGE('',*,*,#3888,.T.);
#3891=ORIENTED_EDGE('',*,*,#3890,.T.);
#3893=ORIENTED_EDGE('',*,*,#3892,.T.);
#3894=ORIENTED_EDGE('',*,*,#3567,.T.);
#3895=ORIENTED_EDGE('',*,*,#3845,.F.);
#3896=ORIENTED_EDGE('',*,*,#2962,.F.);
#3897=EDGE_LOOP('',(#3857,#3859,#3861,#3863,#3865,#3867,#3869,#3871,#3873,#3875,
#3877,#3879,#3881,#3883,#3885,#3887,#3889,#3891,#3893,#3894,#3895,#3896));
#3898=FACE_OUTER_BOUND('',#3897,.F.);
#3899=ADVANCED_FACE('',(#3898),#3855,.T.);
#3900=CARTESIAN_POINT('',(4.046368492586E1,-2.759999999999E1,
-1.249008647619E-6));
#3901=DIRECTION('',(6.724985119640E-1,-7.071067811865E-1,2.185080122244E-1));
#3902=DIRECTION('',(3.090169943749E-1,0.E0,-9.510565162952E-1));
#3903=AXIS2_PLACEMENT_3D('',#3900,#3901,#3902);
#3904=PLANE('',#3903);
#3906=ORIENTED_EDGE('',*,*,#3905,.F.);
#3907=ORIENTED_EDGE('',*,*,#3856,.T.);
#3908=ORIENTED_EDGE('',*,*,#2960,.T.);
#3910=ORIENTED_EDGE('',*,*,#3909,.T.);
#3911=ORIENTED_EDGE('',*,*,#3086,.T.);
#3913=ORIENTED_EDGE('',*,*,#3912,.F.);
#3914=EDGE_LOOP('',(#3906,#3907,#3908,#3910,#3911,#3913));
#3915=FACE_OUTER_BOUND('',#3914,.F.);
#3916=ADVANCED_FACE('',(#3915),#3904,.F.);
#3917=CARTESIAN_POINT('',(-2.695690446709E1,-2.759999999999E1,
2.072930692286E2));
#3918=DIRECTION('',(0.E0,1.E0,0.E0));
#3919=DIRECTION('',(-9.961946980917E-1,0.E0,-8.715574274766E-2));
#3920=AXIS2_PLACEMENT_3D('',#3917,#3918,#3919);
#3921=PLANE('',#3920);
#3923=ORIENTED_EDGE('',*,*,#3922,.F.);
#3925=ORIENTED_EDGE('',*,*,#3924,.T.);
#3927=ORIENTED_EDGE('',*,*,#3926,.T.);
#3928=ORIENTED_EDGE('',*,*,#3858,.F.);
#3929=ORIENTED_EDGE('',*,*,#3905,.T.);
#3931=ORIENTED_EDGE('',*,*,#3930,.F.);
#3932=EDGE_LOOP('',(#3923,#3925,#3927,#3928,#3929,#3931));
#3933=FACE_OUTER_BOUND('',#3932,.F.);
#3934=ADVANCED_FACE('',(#3933),#3921,.T.);
#3935=CARTESIAN_POINT('',(-7.400004585790E-1,-2.809999999999E1,
2.027767741498E2));
#3936=DIRECTION('',(-9.961946980917E-1,0.E0,-8.715574274766E-2));
#3937=DIRECTION('',(-8.715574274766E-2,0.E0,9.961946980917E-1));
#3938=AXIS2_PLACEMENT_3D('',#3935,#3936,#3937);
#3939=CYLINDRICAL_SURFACE('',#3938,5.E-1);
#3940=ORIENTED_EDGE('',*,*,#3922,.T.);
#3942=ORIENTED_EDGE('',*,*,#3941,.T.);
#3943=ORIENTED_EDGE('',*,*,#3110,.F.);
#3945=ORIENTED_EDGE('',*,*,#3944,.T.);
#3946=EDGE_LOOP('',(#3940,#3942,#3943,#3945));
#3947=FACE_OUTER_BOUND('',#3946,.F.);
#3948=ADVANCED_FACE('',(#3947),#3939,.T.);
#3949=CARTESIAN_POINT('',(-2.335082934057E1,-2.809999999999E1,
2.053157722186E2));
#3950=DIRECTION('',(0.E0,1.E0,0.E0));
#3951=DIRECTION('',(1.E0,0.E0,0.E0));
#3952=AXIS2_PLACEMENT_3D('',#3949,#3950,#3951);
#3953=TOROIDAL_SURFACE('',#3952,4.5E0,5.E-1);
#3954=ORIENTED_EDGE('',*,*,#3084,.F.);
#3955=ORIENTED_EDGE('',*,*,#3941,.F.);
#3956=ORIENTED_EDGE('',*,*,#3930,.T.);
#3957=ORIENTED_EDGE('',*,*,#3912,.T.);
#3958=EDGE_LOOP('',(#3954,#3955,#3956,#3957));
#3959=FACE_OUTER_BOUND('',#3958,.F.);
#3960=ADVANCED_FACE('',(#3959),#3953,.T.);
#3961=CARTESIAN_POINT('',(-1.530888223763E1,4.540000000001E1,2.020040720726E2));
#3962=DIRECTION('',(0.E0,1.E0,0.E0));
#3963=DIRECTION('',(1.E0,0.E0,0.E0));
#3964=AXIS2_PLACEMENT_3D('',#3961,#3962,#3963);
#3965=CYLINDRICAL_SURFACE('',#3964,1.E0);
#3967=ORIENTED_EDGE('',*,*,#3966,.T.);
#3969=ORIENTED_EDGE('',*,*,#3968,.F.);
#3970=ORIENTED_EDGE('',*,*,#3924,.F.);
#3971=ORIENTED_EDGE('',*,*,#3944,.F.);
#3972=ORIENTED_EDGE('',*,*,#3108,.T.);
#3974=ORIENTED_EDGE('',*,*,#3973,.F.);
#3975=EDGE_LOOP('',(#3967,#3969,#3970,#3971,#3972,#3974));
#3976=FACE_OUTER_BOUND('',#3975,.F.);
#3977=ADVANCED_FACE('',(#3976),#3965,.T.);
#3978=CARTESIAN_POINT('',(-1.825736863161E1,1.184E2,2.036443084237E2));
#3979=DIRECTION('',(0.E0,-1.E0,0.E0));
#3980=DIRECTION('',(9.961946980917E-1,0.E0,8.715574274766E-2));
#3981=AXIS2_PLACEMENT_3D('',#3978,#3979,#3980);
#3982=PLANE('',#3981);
#3984=ORIENTED_EDGE('',*,*,#3983,.F.);
#3986=ORIENTED_EDGE('',*,*,#3985,.F.);
#3987=ORIENTED_EDGE('',*,*,#3890,.F.);
#3989=ORIENTED_EDGE('',*,*,#3988,.T.);
#3990=ORIENTED_EDGE('',*,*,#3966,.F.);
#3992=ORIENTED_EDGE('',*,*,#3991,.T.);
#3993=EDGE_LOOP('',(#3984,#3986,#3987,#3989,#3990,#3992));
#3994=FACE_OUTER_BOUND('',#3993,.F.);
#3995=ADVANCED_FACE('',(#3994),#3982,.T.);
#3996=CARTESIAN_POINT('',(-2.335082934057E1,1.189E2,2.053157722186E2));
#3997=DIRECTION('',(0.E0,-1.E0,0.E0));
#3998=DIRECTION('',(-1.E0,0.E0,0.E0));
#3999=AXIS2_PLACEMENT_3D('',#3996,#3997,#3998);
#4000=TOROIDAL_SURFACE('',#3999,4.5E0,5.E-1);
#4001=ORIENTED_EDGE('',*,*,#3983,.T.);
#4003=ORIENTED_EDGE('',*,*,#4002,.T.);
#4004=ORIENTED_EDGE('',*,*,#3515,.F.);
#4006=ORIENTED_EDGE('',*,*,#4005,.F.);
#4007=EDGE_LOOP('',(#4001,#4003,#4004,#4006));
#4008=FACE_OUTER_BOUND('',#4007,.F.);
#4009=ADVANCED_FACE('',(#4008),#4000,.T.);
#4010=CARTESIAN_POINT('',(-7.400004585790E-1,1.189E2,2.027767741498E2));
#4011=DIRECTION('',(9.961946980917E-1,0.E0,8.715574274766E-2));
#4012=DIRECTION('',(8.715574274766E-2,0.E0,-9.961946980917E-1));
#4013=AXIS2_PLACEMENT_3D('',#4010,#4011,#4012);
#4014=CYLINDRICAL_SURFACE('',#4013,5.E-1);
#4015=ORIENTED_EDGE('',*,*,#3991,.F.);
#4016=ORIENTED_EDGE('',*,*,#3973,.T.);
#4017=ORIENTED_EDGE('',*,*,#3106,.T.);
#4018=ORIENTED_EDGE('',*,*,#4002,.F.);
#4019=EDGE_LOOP('',(#4015,#4016,#4017,#4018));
#4020=FACE_OUTER_BOUND('',#4019,.F.);
#4021=ADVANCED_FACE('',(#4020),#4014,.T.);
#4022=CARTESIAN_POINT('',(4.046368492586E1,1.184E2,-1.249008647619E-6));
#4023=DIRECTION('',(-6.724985119640E-1,-7.071067811865E-1,-2.185080122244E-1));
#4024=DIRECTION('',(-3.090169943749E-1,0.E0,9.510565162952E-1));
#4025=AXIS2_PLACEMENT_3D('',#4022,#4023,#4024);
#4026=PLANE('',#4025);
#4027=ORIENTED_EDGE('',*,*,#3985,.T.);
#4028=ORIENTED_EDGE('',*,*,#4005,.T.);
#4029=ORIENTED_EDGE('',*,*,#3513,.F.);
#4031=ORIENTED_EDGE('',*,*,#4030,.F.);
#4032=ORIENTED_EDGE('',*,*,#3569,.T.);
#4033=ORIENTED_EDGE('',*,*,#3892,.F.);
#4034=EDGE_LOOP('',(#4027,#4028,#4029,#4031,#4032,#4033));
#4035=FACE_OUTER_BOUND('',#4034,.F.);
#4036=ADVANCED_FACE('',(#4035),#4026,.T.);
#4037=CARTESIAN_POINT('',(-2.335082934057E1,1.191E2,2.053157722186E2));
#4038=DIRECTION('',(0.E0,-1.E0,0.E0));
#4039=DIRECTION('',(-1.E0,0.E0,0.E0));
#4040=AXIS2_PLACEMENT_3D('',#4037,#4038,#4039);
#4041=TOROIDAL_SURFACE('',#4040,4.5E0,5.E-1);
#4042=ORIENTED_EDGE('',*,*,#3571,.T.);
#4043=ORIENTED_EDGE('',*,*,#4030,.T.);
#4044=ORIENTED_EDGE('',*,*,#3511,.F.);
#4045=ORIENTED_EDGE('',*,*,#3541,.F.);
#4046=EDGE_LOOP('',(#4042,#4043,#4044,#4045));
#4047=FACE_OUTER_BOUND('',#4046,.F.);
#4048=ADVANCED_FACE('',(#4047),#4041,.T.);
#4049=CARTESIAN_POINT('',(-2.000867335585E1,-3.000017078697E1,
2.132324738478E2));
#4050=DIRECTION('',(9.510565162952E-1,0.E0,3.090169943749E-1));
#4051=DIRECTION('',(3.090169943749E-1,0.E0,-9.510565162952E-1));
#4052=AXIS2_PLACEMENT_3D('',#4049,#4050,#4051);
#4053=PLANE('',#4052);
#4055=ORIENTED_EDGE('',*,*,#4054,.T.);
#4057=ORIENTED_EDGE('',*,*,#4056,.F.);
#4058=ORIENTED_EDGE('',*,*,#3880,.F.);
#4060=ORIENTED_EDGE('',*,*,#4059,.T.);
#4062=ORIENTED_EDGE('',*,*,#4061,.F.);
#4064=ORIENTED_EDGE('',*,*,#4063,.F.);
#4065=ORIENTED_EDGE('',*,*,#3868,.F.);
#4067=ORIENTED_EDGE('',*,*,#4066,.F.);
#4069=ORIENTED_EDGE('',*,*,#4068,.T.);
#4071=ORIENTED_EDGE('',*,*,#4070,.T.);
#4072=ORIENTED_EDGE('',*,*,#3860,.F.);
#4073=ORIENTED_EDGE('',*,*,#3926,.F.);
#4074=ORIENTED_EDGE('',*,*,#3968,.T.);
#4075=ORIENTED_EDGE('',*,*,#3988,.F.);
#4076=ORIENTED_EDGE('',*,*,#3888,.F.);
#4078=ORIENTED_EDGE('',*,*,#4077,.T.);
#4079=EDGE_LOOP('',(#4055,#4057,#4058,#4060,#4062,#4064,#4065,#4067,#4069,#4071,
#4072,#4073,#4074,#4075,#4076,#4078));
#4080=FACE_OUTER_BOUND('',#4079,.F.);
#4081=ADVANCED_FACE('',(#4080),#4053,.F.);
#4082=CARTESIAN_POINT('',(-1.706305096064E1,-3.000017078697E1,
2.025487463066E2));
#4083=DIRECTION('',(-6.691306063589E-1,0.E0,-7.431448254774E-1));
#4084=DIRECTION('',(-7.431448254774E-1,0.E0,6.691306063589E-1));
#4085=AXIS2_PLACEMENT_3D('',#4082,#4083,#4084);
#4086=PLANE('',#4085);
#4087=ORIENTED_EDGE('',*,*,#4054,.F.);
#4089=ORIENTED_EDGE('',*,*,#4088,.T.);
#4091=ORIENTED_EDGE('',*,*,#4090,.F.);
#4093=ORIENTED_EDGE('',*,*,#4092,.F.);
#4094=EDGE_LOOP('',(#4087,#4089,#4091,#4093));
#4095=FACE_OUTER_BOUND('',#4094,.F.);
#4096=ADVANCED_FACE('',(#4095),#4086,.T.);
#4097=CARTESIAN_POINT('',(-2.719684016358E1,1.164E2,2.038018939929E2));
#4098=DIRECTION('',(0.E0,-1.E0,0.E0));
#4099=DIRECTION('',(-9.961946980917E-1,0.E0,-8.715574274766E-2));
#4100=AXIS2_PLACEMENT_3D('',#4097,#4098,#4099);
#4101=PLANE('',#4100);
#4102=ORIENTED_EDGE('',*,*,#4088,.F.);
#4103=ORIENTED_EDGE('',*,*,#4077,.F.);
#4104=ORIENTED_EDGE('',*,*,#3886,.F.);
#4106=ORIENTED_EDGE('',*,*,#4105,.T.);
#4107=EDGE_LOOP('',(#4102,#4103,#4104,#4106));
#4108=FACE_OUTER_BOUND('',#4107,.F.);
#4109=ADVANCED_FACE('',(#4108),#4101,.F.);
#4110=CARTESIAN_POINT('',(-2.048420161400E1,-3.000017078697E1,
2.130779653507E2));
#4111=DIRECTION('',(9.510565162952E-1,0.E0,3.090169943749E-1));
#4112=DIRECTION('',(3.090169943749E-1,0.E0,-9.510565162952E-1));
#4113=AXIS2_PLACEMENT_3D('',#4110,#4111,#4112);
#4114=PLANE('',#4113);
#4116=ORIENTED_EDGE('',*,*,#4115,.T.);
#4117=ORIENTED_EDGE('',*,*,#4090,.T.);
#4118=ORIENTED_EDGE('',*,*,#4105,.F.);
#4119=ORIENTED_EDGE('',*,*,#3884,.F.);
#4120=EDGE_LOOP('',(#4116,#4117,#4118,#4119));
#4121=FACE_OUTER_BOUND('',#4120,.F.);
#4122=ADVANCED_FACE('',(#4121),#4114,.F.);
#4123=CARTESIAN_POINT('',(-2.719684016358E1,1.141E2,2.038018939929E2));
#4124=DIRECTION('',(0.E0,-1.E0,0.E0));
#4125=DIRECTION('',(-9.961946980917E-1,0.E0,-8.715574274766E-2));
#4126=AXIS2_PLACEMENT_3D('',#4123,#4124,#4125);
#4127=PLANE('',#4126);
#4128=ORIENTED_EDGE('',*,*,#4056,.T.);
#4129=ORIENTED_EDGE('',*,*,#4092,.T.);
#4130=ORIENTED_EDGE('',*,*,#4115,.F.);
#4131=ORIENTED_EDGE('',*,*,#3882,.T.);
#4132=EDGE_LOOP('',(#4128,#4129,#4130,#4131));
#4133=FACE_OUTER_BOUND('',#4132,.F.);
#4134=ADVANCED_FACE('',(#4133),#4127,.T.);
#4135=CARTESIAN_POINT('',(-2.506239340343E1,4.640000000001E1,2.045027465774E2));
#4136=DIRECTION('',(0.E0,-1.E0,0.E0));
#4137=DIRECTION('',(-9.961946980917E-1,0.E0,-8.715574274766E-2));
#4138=AXIS2_PLACEMENT_3D('',#4135,#4136,#4137);
#4139=PLANE('',#4138);
#4141=ORIENTED_EDGE('',*,*,#4140,.F.);
#4143=ORIENTED_EDGE('',*,*,#4142,.T.);
#4144=ORIENTED_EDGE('',*,*,#4059,.F.);
#4145=ORIENTED_EDGE('',*,*,#3878,.F.);
#4146=EDGE_LOOP('',(#4141,#4143,#4144,#4145));
#4147=FACE_OUTER_BOUND('',#4146,.F.);
#4148=ADVANCED_FACE('',(#4147),#4139,.F.);
#4149=CARTESIAN_POINT('',(4.906446523475E1,4.610000000001E1,
-1.249008647619E-6));
#4150=DIRECTION('',(3.090169943749E-1,0.E0,-9.510565162952E-1));
#4151=DIRECTION('',(-9.510565162952E-1,0.E0,-3.090169943749E-1));
#4152=AXIS2_PLACEMENT_3D('',#4149,#4150,#4151);
#4153=CYLINDRICAL_SURFACE('',#4152,3.E-1);
#4154=ORIENTED_EDGE('',*,*,#4140,.T.);
#4155=ORIENTED_EDGE('',*,*,#3876,.F.);
#4157=ORIENTED_EDGE('',*,*,#4156,.F.);
#4159=ORIENTED_EDGE('',*,*,#4158,.T.);
#4160=EDGE_LOOP('',(#4154,#4155,#4157,#4159));
#4161=FACE_OUTER_BOUND('',#4160,.F.);
#4162=ADVANCED_FACE('',(#4161),#4153,.T.);
#4163=CARTESIAN_POINT('',(-1.706305096064E1,9.605000000001E1,2.025487463066E2));
#4164=DIRECTION('',(-9.510565162952E-1,0.E0,-3.090169943749E-1));
#4165=DIRECTION('',(-3.090169943749E-1,0.E0,9.510565162952E-1));
#4166=AXIS2_PLACEMENT_3D('',#4163,#4164,#4165);
#4167=PLANE('',#4166);
#4168=ORIENTED_EDGE('',*,*,#4156,.T.);
#4169=ORIENTED_EDGE('',*,*,#3874,.T.);
#4171=ORIENTED_EDGE('',*,*,#4170,.F.);
#4173=ORIENTED_EDGE('',*,*,#4172,.F.);
#4174=EDGE_LOOP('',(#4168,#4169,#4171,#4173));
#4175=FACE_OUTER_BOUND('',#4174,.F.);
#4176=ADVANCED_FACE('',(#4175),#4167,.T.);
#4177=CARTESIAN_POINT('',(4.906446523475E1,4.470000000001E1,
-1.249008647619E-6));
#4178=DIRECTION('',(3.090169943749E-1,0.E0,-9.510565162952E-1));
#4179=DIRECTION('',(-9.510565162952E-1,0.E0,-3.090169943749E-1));
#4180=AXIS2_PLACEMENT_3D('',#4177,#4178,#4179);
#4181=CYLINDRICAL_SURFACE('',#4180,3.E-1);
#4183=ORIENTED_EDGE('',*,*,#4182,.F.);
#4185=ORIENTED_EDGE('',*,*,#4184,.T.);
#4186=ORIENTED_EDGE('',*,*,#4170,.T.);
#4187=ORIENTED_EDGE('',*,*,#3872,.F.);
#4188=EDGE_LOOP('',(#4183,#4185,#4186,#4187));
#4189=FACE_OUTER_BOUND('',#4188,.F.);
#4190=ADVANCED_FACE('',(#4189),#4181,.T.);
#4191=CARTESIAN_POINT('',(-2.506239340343E1,4.440000000001E1,2.045027465774E2));
#4192=DIRECTION('',(0.E0,-1.E0,0.E0));
#4193=DIRECTION('',(-9.961946980917E-1,0.E0,-8.715574274766E-2));
#4194=AXIS2_PLACEMENT_3D('',#4191,#4192,#4193);
#4195=PLANE('',#4194);
#4196=ORIENTED_EDGE('',*,*,#4182,.T.);
#4197=ORIENTED_EDGE('',*,*,#3870,.T.);
#4198=ORIENTED_EDGE('',*,*,#4063,.T.);
#4200=ORIENTED_EDGE('',*,*,#4199,.F.);
#4201=EDGE_LOOP('',(#4196,#4197,#4198,#4200));
#4202=FACE_OUTER_BOUND('',#4201,.F.);
#4203=ADVANCED_FACE('',(#4202),#4195,.T.);
#4204=CARTESIAN_POINT('',(-1.675403396627E1,-3.000017078697E1,
2.015976897903E2));
#4205=DIRECTION('',(3.090169943748E-1,0.E0,-9.510565162952E-1));
#4206=DIRECTION('',(-9.510565162952E-1,0.E0,-3.090169943748E-1));
#4207=AXIS2_PLACEMENT_3D('',#4204,#4205,#4206);
#4208=PLANE('',#4207);
#4209=ORIENTED_EDGE('',*,*,#4142,.F.);
#4210=ORIENTED_EDGE('',*,*,#4158,.F.);
#4211=ORIENTED_EDGE('',*,*,#4172,.T.);
#4212=ORIENTED_EDGE('',*,*,#4184,.F.);
#4213=ORIENTED_EDGE('',*,*,#4199,.T.);
#4214=ORIENTED_EDGE('',*,*,#4061,.T.);
#4215=EDGE_LOOP('',(#4209,#4210,#4211,#4212,#4213,#4214));
#4216=FACE_OUTER_BOUND('',#4215,.F.);
#4217=ADVANCED_FACE('',(#4216),#4208,.T.);
#4218=CARTESIAN_POINT('',(-3.073621120487E1,-2.329999999999E1,
2.043789807720E2));
#4219=DIRECTION('',(0.E0,1.E0,0.E0));
#4220=DIRECTION('',(-9.961946980917E-1,0.E0,-8.715574274766E-2));
#4221=AXIS2_PLACEMENT_3D('',#4218,#4219,#4220);
#4222=PLANE('',#4221);
#4224=ORIENTED_EDGE('',*,*,#4223,.T.);
#4225=ORIENTED_EDGE('',*,*,#4066,.T.);
#4226=ORIENTED_EDGE('',*,*,#3866,.T.);
#4228=ORIENTED_EDGE('',*,*,#4227,.F.);
#4229=EDGE_LOOP('',(#4224,#4225,#4226,#4228));
#4230=FACE_OUTER_BOUND('',#4229,.F.);
#4231=ADVANCED_FACE('',(#4230),#4222,.T.);
#4232=CARTESIAN_POINT('',(-1.706305096064E1,-3.000017078697E1,
2.025487463066E2));
#4233=DIRECTION('',(-6.691306063589E-1,0.E0,-7.431448254774E-1));
#4234=DIRECTION('',(-7.431448254774E-1,0.E0,6.691306063589E-1));
#4235=AXIS2_PLACEMENT_3D('',#4232,#4233,#4234);
#4236=PLANE('',#4235);
#4237=ORIENTED_EDGE('',*,*,#4068,.F.);
#4238=ORIENTED_EDGE('',*,*,#4223,.F.);
#4240=ORIENTED_EDGE('',*,*,#4239,.F.);
#4242=ORIENTED_EDGE('',*,*,#4241,.T.);
#4243=EDGE_LOOP('',(#4237,#4238,#4240,#4242));
#4244=FACE_OUTER_BOUND('',#4243,.F.);
#4245=ADVANCED_FACE('',(#4244),#4236,.T.);
#4246=CARTESIAN_POINT('',(-2.048420161400E1,-3.000017078697E1,
2.130779653507E2));
#4247=DIRECTION('',(9.510565162952E-1,0.E0,3.090169943749E-1));
#4248=DIRECTION('',(3.090169943749E-1,0.E0,-9.510565162952E-1));
#4249=AXIS2_PLACEMENT_3D('',#4246,#4247,#4248);
#4250=PLANE('',#4249);
#4252=ORIENTED_EDGE('',*,*,#4251,.F.);
#4253=ORIENTED_EDGE('',*,*,#4239,.T.);
#4254=ORIENTED_EDGE('',*,*,#4227,.T.);
#4255=ORIENTED_EDGE('',*,*,#3864,.F.);
#4256=EDGE_LOOP('',(#4252,#4253,#4254,#4255));
#4257=FACE_OUTER_BOUND('',#4256,.F.);
#4258=ADVANCED_FACE('',(#4257),#4250,.F.);
#4259=CARTESIAN_POINT('',(-3.073621120487E1,-2.559999999999E1,
2.043789807720E2));
#4260=DIRECTION('',(0.E0,1.E0,0.E0));
#4261=DIRECTION('',(-9.961946980917E-1,0.E0,-8.715574274766E-2));
#4262=AXIS2_PLACEMENT_3D('',#4259,#4260,#4261);
#4263=PLANE('',#4262);
#4264=ORIENTED_EDGE('',*,*,#4070,.F.);
#4265=ORIENTED_EDGE('',*,*,#4241,.F.);
#4266=ORIENTED_EDGE('',*,*,#4251,.T.);
#4267=ORIENTED_EDGE('',*,*,#3862,.F.);
#4268=EDGE_LOOP('',(#4264,#4265,#4266,#4267));
#4269=FACE_OUTER_BOUND('',#4268,.F.);
#4270=ADVANCED_FACE('',(#4269),#4263,.F.);
#4271=CARTESIAN_POINT('',(-2.335082934057E1,-2.829999999999E1,
2.053157722186E2));
#4272=DIRECTION('',(0.E0,1.E0,0.E0));
#4273=DIRECTION('',(1.E0,0.E0,0.E0));
#4274=AXIS2_PLACEMENT_3D('',#4271,#4272,#4273);
#4275=TOROIDAL_SURFACE('',#4274,4.5E0,5.E-1);
#4276=ORIENTED_EDGE('',*,*,#3088,.F.);
#4277=ORIENTED_EDGE('',*,*,#3909,.F.);
#4278=ORIENTED_EDGE('',*,*,#2958,.T.);
#4279=ORIENTED_EDGE('',*,*,#2990,.T.);
#4280=EDGE_LOOP('',(#4276,#4277,#4278,#4279));
#4281=FACE_OUTER_BOUND('',#4280,.F.);
#4282=ADVANCED_FACE('',(#4281),#4275,.T.);
#4283=CARTESIAN_POINT('',(-1.165931817622E2,1.104E2,1.933438088026E2));
#4284=DIRECTION('',(8.715574274766E-2,0.E0,-9.961946980917E-1));
#4285=DIRECTION('',(-9.961946980917E-1,0.E0,-8.715574274766E-2));
#4286=AXIS2_PLACEMENT_3D('',#4283,#4284,#4285);
#4287=CYLINDRICAL_SURFACE('',#4286,8.2E0);
#4288=ORIENTED_EDGE('',*,*,#3561,.T.);
#4290=ORIENTED_EDGE('',*,*,#4289,.T.);
#4292=ORIENTED_EDGE('',*,*,#4291,.T.);
#4293=ORIENTED_EDGE('',*,*,#3815,.F.);
#4294=ORIENTED_EDGE('',*,*,#3830,.F.);
#4295=EDGE_LOOP('',(#4288,#4290,#4292,#4293,#4294));
#4296=FACE_OUTER_BOUND('',#4295,.F.);
#4297=ADVANCED_FACE('',(#4296),#4287,.F.);
#4298=CARTESIAN_POINT('',(-1.165095945643E2,1.191077187637E2,1.939738122472E2));
#4299=CARTESIAN_POINT('',(-1.165097741493E2,1.190465528160E2,1.939727376194E2));
#4300=CARTESIAN_POINT('',(-1.165153032111E2,1.189160844435E2,1.939925906096E2));
#4301=CARTESIAN_POINT('',(-1.165428331039E2,1.187354079522E2,1.941057193348E2));
#4302=CARTESIAN_POINT('',(-1.165844412753E2,1.186192499121E2,1.942815797843E2));
#4303=CARTESIAN_POINT('',(-1.166140145701E2,1.185987786291E2,1.944085657652E2));
#4304=CARTESIAN_POINT('',(-1.166277925681E2,1.185998166474E2,1.944680807333E2));
#4305=CARTESIAN_POINT('',(-1.170943833375E2,1.191123539290E2,1.938388024852E2));
#4306=CARTESIAN_POINT('',(-1.170910678883E2,1.190514453102E2,1.938385444576E2));
#4307=CARTESIAN_POINT('',(-1.170888011756E2,1.189216651261E2,1.938600011048E2));
#4308=CARTESIAN_POINT('',(-1.171043937159E2,1.187417971419E2,1.939744511395E2));
#4309=CARTESIAN_POINT('',(-1.171372346895E2,1.186252477166E2,1.941502888600E2));
#4310=CARTESIAN_POINT('',(-1.171644742855E2,1.186036924580E2,1.942768529593E2));
#4311=CARTESIAN_POINT('',(-1.171778759102E2,1.186041248725E2,1.943361744318E2));
#4312=CARTESIAN_POINT('',(-1.182399941365E2,1.190027914401E2,1.935743161143E2));
#4313=CARTESIAN_POINT('',(-1.182287569483E2,1.189430987794E2,1.935759064900E2));
#4314=CARTESIAN_POINT('',(-1.182098937752E2,1.188161557276E2,1.936007995405E2));
#4315=CARTESIAN_POINT('',(-1.182025278686E2,1.186400275247E2,1.937177548597E2));
#4316=CARTESIAN_POINT('',(-1.182198070043E2,1.185244150884E2,1.938932057759E2));
#4317=CARTESIAN_POINT('',(-1.182432665984E2,1.185014049445E2,1.940187385065E2));
#4318=CARTESIAN_POINT('',(-1.182561003955E2,1.185008771287E2,1.940776211118E2));
#4319=CARTESIAN_POINT('',(-1.198968327931E2,1.184894135385E2,1.931918029302E2));
#4320=CARTESIAN_POINT('',(-1.198760752970E2,1.184334691223E2,1.931956193685E2));
#4321=CARTESIAN_POINT('',(-1.198359933773E2,1.183151770101E2,1.932248414478E2));
#4322=CARTESIAN_POINT('',(-1.197957934700E2,1.181515949314E2,1.933454083227E2));
#4323=CARTESIAN_POINT('',(-1.197879065019E2,1.180427540783E2,1.935209718754E2));
#4324=CARTESIAN_POINT('',(-1.198036858368E2,1.180191072760E2,1.936454484037E2));
#4325=CARTESIAN_POINT('',(-1.198149013181E2,1.180173709899E2,1.937038192513E2));
#4326=CARTESIAN_POINT('',(-1.214100148471E2,1.176611982555E2,1.928424556582E2));
#4327=CARTESIAN_POINT('',(-1.213788663718E2,1.176112679001E2,1.928486965423E2));
#4328=CARTESIAN_POINT('',(-1.213172271187E2,1.175059806889E2,1.928823787561E2));
#4329=CARTESIAN_POINT('',(-1.212473397195E2,1.173603835924E2,1.930062370460E2));
#4330=CARTESIAN_POINT('',(-1.212186263235E2,1.172623277650E2,1.931814509031E2));
#4331=CARTESIAN_POINT('',(-1.212285878506E2,1.172397371446E2,1.933046213165E2));
#4332=CARTESIAN_POINT('',(-1.212386502433E2,1.172374374416E2,1.933623968115E2));
#4333=CARTESIAN_POINT('',(-1.223008124555E2,1.169073481657E2,1.926367978653E2));
#4334=CARTESIAN_POINT('',(-1.222631563809E2,1.168632731358E2,1.926445558248E2));
#4335=CARTESIAN_POINT('',(-1.221882124665E2,1.167702961150E2,1.926810122652E2));
#4336=CARTESIAN_POINT('',(-1.221005934066E2,1.166409987608E2,1.928069055838E2));
#4337=CARTESIAN_POINT('',(-1.220599719897E2,1.165524307937E2,1.929818531891E2));
#4338=CARTESIAN_POINT('',(-1.220670688495E2,1.165305372339E2,1.931040865097E2));
#4339=CARTESIAN_POINT('',(-1.220768032301E2,1.165275325599E2,1.931613999399E2));
#4340=CARTESIAN_POINT('',(-1.227141047196E2,1.164761256279E2,1.925413813879E2));
#4341=CARTESIAN_POINT('',(-1.226735325672E2,1.164354506991E2,1.925498192999E2));
#4342=CARTESIAN_POINT('',(-1.225925193293E2,1.163496030128E2,1.925875407733E2));
#4343=CARTESIAN_POINT('',(-1.224965880414E2,1.162296853199E2,1.927144056068E2));
#4344=CARTESIAN_POINT('',(-1.224502839421E2,1.161465297807E2,1.928892695462E2));
#4345=CARTESIAN_POINT('',(-1.224560508458E2,1.161249355849E2,1.930110606489E2));
#4346=CARTESIAN_POINT('',(-1.224656884754E2,1.161214366566E2,1.930681409716E2));
#4347=B_SPLINE_SURFACE_WITH_KNOTS('',3,3,((#4298,#4299,#4300,#4301,#4302,#4303,
#4304),(#4305,#4306,#4307,#4308,#4309,#4310,#4311),(#4312,#4313,#4314,#4315,
#4316,#4317,#4318),(#4319,#4320,#4321,#4322,#4323,#4324,#4325),(#4326,#4327,
#4328,#4329,#4330,#4331,#4332),(#4333,#4334,#4335,#4336,#4337,#4338,#4339),(
#4340,#4341,#4342,#4343,#4344,#4345,#4346)),.UNSPECIFIED.,.F.,.F.,.F.,(4,1,1,1,
4),(4,1,1,1,4),(-6.758946742468E-2,1.689035460394E0,3.378070920789E0,
5.067106381183E0,6.823358773768E0),(-1.133474877692E-2,2.5E-1,5.E-1,7.5E-1,
1.010932322737E0),.UNSPECIFIED.);
#4349=ORIENTED_EDGE('',*,*,#4348,.T.);
#4350=ORIENTED_EDGE('',*,*,#4289,.F.);
#4351=ORIENTED_EDGE('',*,*,#3595,.F.);
#4352=ORIENTED_EDGE('',*,*,#3621,.T.);
#4353=EDGE_LOOP('',(#4349,#4350,#4351,#4352));
#4354=FACE_OUTER_BOUND('',#4353,.F.);
#4355=ADVANCED_FACE('',(#4354),#4347,.F.);
#4356=CARTESIAN_POINT('',(-1.226197542054E2,1.165735361076E2,1.925631698220E2));
#4357=CARTESIAN_POINT('',(-1.225796984295E2,1.165321075307E2,1.925714416671E2));
#4358=CARTESIAN_POINT('',(-1.224998482550E2,1.164446961923E2,1.926088931121E2));
#4359=CARTESIAN_POINT('',(-1.224056818675E2,1.163226506268E2,1.927356418790E2));
#4360=CARTESIAN_POINT('',(-1.223607428118E2,1.162381775058E2,1.929105358620E2));
#4361=CARTESIAN_POINT('',(-1.223669505038E2,1.162163862967E2,1.930324277767E2));
#4362=CARTESIAN_POINT('',(-1.223766945473E2,1.162129301150E2,1.930895655108E2));
#4363=CARTESIAN_POINT('',(-1.230308074459E2,1.161579202839E2,1.924682701966E2));
#4364=CARTESIAN_POINT('',(-1.229885040337E2,1.161190406240E2,1.924770683754E2));
#4365=CARTESIAN_POINT('',(-1.229037375367E2,1.160372893969E2,1.925155113769E2));
#4366=CARTESIAN_POINT('',(-1.228019270432E2,1.159236849425E2,1.926430695595E2));
#4367=CARTESIAN_POINT('',(-1.227506888027E2,1.158451785407E2,1.928180333769E2));
#4368=CARTESIAN_POINT('',(-1.227544579370E2,1.158248288129E2,1.929397534533E2));
#4369=CARTESIAN_POINT('',(-1.227634598105E2,1.158215358678E2,1.929968146370E2));
#4370=CARTESIAN_POINT('',(-1.235760439091E2,1.154815707538E2,1.923423917763E2));
#4371=CARTESIAN_POINT('',(-1.235302921638E2,1.154473161920E2,1.923519957879E2));
#4372=CARTESIAN_POINT('',(-1.234383648471E2,1.153753239374E2,1.923919042023E2));
#4373=CARTESIAN_POINT('',(-1.233263645348E2,1.152752513662E2,1.925205594582E2));
#4374=CARTESIAN_POINT('',(-1.232673053284E2,1.152058765114E2,1.926954984173E2));
#4375=CARTESIAN_POINT('',(-1.232682445910E2,1.151877033403E2,1.928168857148E2));
#4376=CARTESIAN_POINT('',(-1.232764116982E2,1.151847043127E2,1.928738017474E2));
#4377=CARTESIAN_POINT('',(-1.241578238875E2,1.144877463229E2,1.922080765802E2));
#4378=CARTESIAN_POINT('',(-1.241083401241E2,1.144602684648E2,1.922185525118E2));
#4379=CARTESIAN_POINT('',(-1.240087122624E2,1.144025379756E2,1.922600394638E2));
#4380=CARTESIAN_POINT('',(-1.238858588051E2,1.143222295633E2,1.923898707127E2));
#4381=CARTESIAN_POINT('',(-1.238185068315E2,1.142663276143E2,1.925647777372E2));
#4382=CARTESIAN_POINT('',(-1.238164487240E2,1.142514741671E2,1.926857947160E2));
#4383=CARTESIAN_POINT('',(-1.238237345153E2,1.142489457728E2,1.927425452095E2));
#4384=CARTESIAN_POINT('',(-1.246337732900E2,1.134569176921E2,1.920981944221E2));
#4385=CARTESIAN_POINT('',(-1.245815166461E2,1.134360119472E2,1.921093190213E2));
#4386=CARTESIAN_POINT('',(-1.244759701871E2,1.133924461084E2,1.921520081566E2));
#4387=CARTESIAN_POINT('',(-1.243442695149E2,1.133325714029E2,1.922827965101E2));
#4388=CARTESIAN_POINT('',(-1.242698062134E2,1.132911942699E2,1.924577569196E2));
#4389=CARTESIAN_POINT('',(-1.242650525589E2,1.132801893398E2,1.925785241006E2));
#4390=CARTESIAN_POINT('',(-1.242715383305E2,1.132782654576E2,1.926351543361E2));
#4391=CARTESIAN_POINT('',(-1.249550373239E2,1.123702962266E2,1.920240243797E2));
#4392=CARTESIAN_POINT('',(-1.249006234849E2,1.123570636839E2,1.920356528049E2));
#4393=CARTESIAN_POINT('',(-1.247906702569E2,1.123292851450E2,1.920792471741E2));
#4394=CARTESIAN_POINT('',(-1.246529116991E2,1.122906587968E2,1.922107042154E2));
#4395=CARTESIAN_POINT('',(-1.245739658520E2,1.122637042177E2,1.923856322552E2));
#4396=CARTESIAN_POINT('',(-1.245676991190E2,1.122564924736E2,1.925061572581E2));
#4397=CARTESIAN_POINT('',(-1.245737820190E2,1.122552616796E2,1.925626713819E2));
#4398=CARTESIAN_POINT('',(-1.251208317220E2,1.112283676300E2,1.919857475239E2));
#4399=CARTESIAN_POINT('',(-1.250653158346E2,1.112229336522E2,1.919976333490E2));
#4400=CARTESIAN_POINT('',(-1.249531190573E2,1.112114440341E2,1.920416882150E2));
#4401=CARTESIAN_POINT('',(-1.248122710611E2,1.111952494397E2,1.921734824337E2));
#4402=CARTESIAN_POINT('',(-1.247310026913E2,1.111837664557E2,1.923483954273E2));
#4403=CARTESIAN_POINT('',(-1.247239075225E2,1.111805831065E2,1.924688053934E2));
#4404=CARTESIAN_POINT('',(-1.247297498823E2,1.111799987721E2,1.925252665713E2));
#4405=CARTESIAN_POINT('',(-1.251470723801E2,1.106385398032E2,1.919796893961E2));
#4406=CARTESIAN_POINT('',(-1.250914224301E2,1.106372067839E2,1.919916060850E2));
#4407=CARTESIAN_POINT('',(-1.249789374450E2,1.106340876134E2,1.920357296311E2));
#4408=CARTESIAN_POINT('',(-1.248376311174E2,1.106291619334E2,1.921675834611E2));
#4409=CARTESIAN_POINT('',(-1.247559468212E2,1.106255663636E2,1.923424975068E2));
#4410=CARTESIAN_POINT('',(-1.247486642649E2,1.106247908918E2,1.924628918484E2));
#4411=CARTESIAN_POINT('',(-1.247544460598E2,1.106248253576E2,1.925193452790E2));
#4412=CARTESIAN_POINT('',(-1.251447214019E2,1.103319935161E2,1.919802321613E2));
#4413=CARTESIAN_POINT('',(-1.250890822504E2,1.103323819630E2,1.919921463710E2));
#4414=CARTESIAN_POINT('',(-1.249766214520E2,1.103332781099E2,1.920362640269E2));
#4415=CARTESIAN_POINT('',(-1.248353546251E2,1.103346729130E2,1.921681119218E2));
#4416=CARTESIAN_POINT('',(-1.247537049757E2,1.103356875109E2,1.923430254634E2));
#4417=CARTESIAN_POINT('',(-1.247464362080E2,1.103359136798E2,1.924634221505E2));
#4418=CARTESIAN_POINT('',(-1.247522216980E2,1.103359111802E2,1.925198771570E2));
#4419=B_SPLINE_SURFACE_WITH_KNOTS('',3,3,((#4356,#4357,#4358,#4359,#4360,#4361,
#4362),(#4363,#4364,#4365,#4366,#4367,#4368,#4369),(#4370,#4371,#4372,#4373,
#4374,#4375,#4376),(#4377,#4378,#4379,#4380,#4381,#4382,#4383),(#4384,#4385,
#4386,#4387,#4388,#4389,#4390),(#4391,#4392,#4393,#4394,#4395,#4396,#4397),(
#4398,#4399,#4400,#4401,#4402,#4403,#4404),(#4405,#4406,#4407,#4408,#4409,#4410,
#4411),(#4412,#4413,#4414,#4415,#4416,#4417,#4418)),.UNSPECIFIED.,.F.,.F.,.F.,
(4,1,1,1,1,1,4),(4,1,1,1,4),(6.690371059414E0,8.410490014086E0,9.237664100340E0,
1.006483818659E1,1.171918635910E1,1.254636044536E1,1.343959397232E1),(
-1.186520385858E-2,2.5E-1,5.E-1,7.5E-1,1.011053495602E0),.UNSPECIFIED.);
#4420=ORIENTED_EDGE('',*,*,#3619,.T.);
#4422=ORIENTED_EDGE('',*,*,#4421,.F.);
#4423=ORIENTED_EDGE('',*,*,#4291,.F.);
#4424=ORIENTED_EDGE('',*,*,#4348,.F.);
#4425=EDGE_LOOP('',(#4420,#4422,#4423,#4424));
#4426=FACE_OUTER_BOUND('',#4425,.F.);
#4427=ADVANCED_FACE('',(#4426),#4419,.F.);
#4428=CARTESIAN_POINT('',(-1.252498822167E2,-3.000017078697E1,
1.924690425300E2));
#4429=DIRECTION('',(0.E0,1.E0,0.E0));
#4430=DIRECTION('',(0.E0,0.E0,-1.E0));
#4431=AXIS2_PLACEMENT_3D('',#4428,#4429,#4430);
#4432=CYLINDRICAL_SURFACE('',#4431,5.E-1);
#4433=ORIENTED_EDGE('',*,*,#3617,.F.);
#4435=ORIENTED_EDGE('',*,*,#4434,.F.);
#4436=ORIENTED_EDGE('',*,*,#3817,.T.);
#4437=ORIENTED_EDGE('',*,*,#4421,.T.);
#4438=EDGE_LOOP('',(#4433,#4435,#4436,#4437));
#4439=FACE_OUTER_BOUND('',#4438,.F.);
#4440=ADVANCED_FACE('',(#4439),#4432,.T.);
#4441=CARTESIAN_POINT('',(-1.251444009610E2,-1.953193922327E1,
1.919803008838E2));
#4442=CARTESIAN_POINT('',(-1.250888619911E2,-1.953240502992E1,
1.919922329593E2));
#4443=CARTESIAN_POINT('',(-1.249765315989E2,-1.953337423571E1,
1.920363512745E2));
#4444=CARTESIAN_POINT('',(-1.248353626840E2,-1.953470174135E1,
1.921681121038E2));
#4445=CARTESIAN_POINT('',(-1.247537316352E2,-1.953561639102E1,
1.923429851366E2));
#4446=CARTESIAN_POINT('',(-1.247464449475E2,-1.953585744432E1,
1.924633399518E2));
#4447=CARTESIAN_POINT('',(-1.247522111601E2,-1.953589828513E1,
1.925197643028E2));
#4448=CARTESIAN_POINT('',(-1.251488946080E2,-2.012050873594E1,
1.919792634167E2));
#4449=CARTESIAN_POINT('',(-1.250933276102E2,-2.011694398579E1,
1.919912023789E2));
#4450=CARTESIAN_POINT('',(-1.249809230354E2,-2.010952538239E1,
1.920353290998E2));
#4451=CARTESIAN_POINT('',(-1.248396364849E2,-2.009936629963E1,
1.921670995107E2));
#4452=CARTESIAN_POINT('',(-1.247579438467E2,-2.009237578835E1,
1.923419785127E2));
#4453=CARTESIAN_POINT('',(-1.247506725453E2,-2.009054561214E1,
1.924623285983E2));
#4454=CARTESIAN_POINT('',(-1.247564578401E2,-2.009024239201E1,
1.925187484270E2));
#4455=CARTESIAN_POINT('',(-1.250429838375E2,-2.127462391102E1,
1.920037149679E2));
#4456=CARTESIAN_POINT('',(-1.249881461516E2,-2.126327838476E1,
1.920154836739E2));
#4457=CARTESIAN_POINT('',(-1.248771882943E2,-2.123974378285E1,
1.920593145894E2));
#4458=CARTESIAN_POINT('',(-1.247378251990E2,-2.120741302383E1,
1.921908816045E2));
#4459=CARTESIAN_POINT('',(-1.246575741854E2,-2.118469311704E1,
1.923657770960E2));
#4460=CARTESIAN_POINT('',(-1.246508610696E2,-2.117810800008E1,
1.924861919506E2));
#4461=CARTESIAN_POINT('',(-1.246568354657E2,-2.117665470188E1,
1.925426367052E2));
#4462=CARTESIAN_POINT('',(-1.245480170946E2,-2.294149103635E1,
1.921179875826E2));
#4463=CARTESIAN_POINT('',(-1.244961262108E2,-2.291912800847E1,
1.921290677575E2));
#4464=CARTESIAN_POINT('',(-1.243914716962E2,-2.287201301213E1,
1.921716095668E2));
#4465=CARTESIAN_POINT('',(-1.242614595296E2,-2.280628121030E1,
1.923021343419E2));
#4466=CARTESIAN_POINT('',(-1.241885573556E2,-2.276048172949E1,
1.924769839470E2));
#4467=CARTESIAN_POINT('',(-1.241844258976E2,-2.274845188074E1,
1.925977210653E2));
#4468=CARTESIAN_POINT('',(-1.241910690747E2,-2.274652729909E1,
1.926543364789E2));
#4469=CARTESIAN_POINT('',(-1.237524201016E2,-2.446145509667E1,
1.923016664957E2));
#4470=CARTESIAN_POINT('',(-1.237059621061E2,-2.442831865645E1,
1.923114790484E2));
#4471=CARTESIAN_POINT('',(-1.236123411612E2,-2.435886552346E1,
1.923517436314E2));
#4472=CARTESIAN_POINT('',(-1.234973243784E2,-2.426295498831E1,
1.924806146960E2));
#4473=CARTESIAN_POINT('',(-1.234353938073E2,-2.419704194753E1,
1.926555902332E2));
#4474=CARTESIAN_POINT('',(-1.234349293276E2,-2.418023079347E1,
1.927769415732E2));
#4475=CARTESIAN_POINT('',(-1.234425579963E2,-2.417767186357E1,
1.928338403161E2));
#4476=CARTESIAN_POINT('',(-1.230310976346E2,-2.535716577792E1,
1.924681977255E2));
#4477=CARTESIAN_POINT('',(-1.229889746728E2,-2.531822958839E1,
1.924769969942E2));
#4478=CARTESIAN_POINT('',(-1.229044960820E2,-2.523635518483E1,
1.925154033835E2));
#4479=CARTESIAN_POINT('',(-1.228028732288E2,-2.512271063873E1,
1.926428462973E2));
#4480=CARTESIAN_POINT('',(-1.227515322195E2,-2.504435971907E1,
1.928177959393E2));
#4481=CARTESIAN_POINT('',(-1.227550635334E2,-2.502423770996E1,
1.929395255613E2));
#4482=CARTESIAN_POINT('',(-1.227639141470E2,-2.502107169356E1,
1.929965874735E2));
#4483=CARTESIAN_POINT('',(-1.226195473352E2,-2.577327146185E1,
1.925632120701E2));
#4484=CARTESIAN_POINT('',(-1.225795517708E2,-2.573192616396E1,
1.925715129969E2));
#4485=CARTESIAN_POINT('',(-1.224997712751E2,-2.564463449617E1,
1.926089805002E2));
#4486=CARTESIAN_POINT('',(-1.224056503754E2,-2.552268617382E1,
1.927356495245E2));
#4487=CARTESIAN_POINT('',(-1.223607349669E2,-2.543821574143E1,
1.929105002897E2));
#4488=CARTESIAN_POINT('',(-1.223669559662E2,-2.541639063183E1,
1.930323426101E2));
#4489=CARTESIAN_POINT('',(-1.223767017412E2,-2.541290943296E1,
1.930894451177E2));
#4490=B_SPLINE_SURFACE_WITH_KNOTS('',3,3,((#4441,#4442,#4443,#4444,#4445,#4446,
#4447),(#4448,#4449,#4450,#4451,#4452,#4453,#4454),(#4455,#4456,#4457,#4458,
#4459,#4460,#4461),(#4462,#4463,#4464,#4465,#4466,#4467,#4468),(#4469,#4470,
#4471,#4472,#4473,#4474,#4475),(#4476,#4477,#4478,#4479,#4480,#4481,#4482),(
#4483,#4484,#4485,#4486,#4487,#4488,#4489)),.UNSPECIFIED.,.F.,.F.,.F.,(4,1,1,1,
4),(4,1,1,1,4),(-6.638872725407E-2,1.655909147403E0,3.311818294806E0,
4.967727442209E0,6.689354752506E0),(-1.136146227500E-2,2.5E-1,5.E-1,7.5E-1,
1.010879870206E0),.UNSPECIFIED.);
#4491=ORIENTED_EDGE('',*,*,#3786,.T.);
#4492=ORIENTED_EDGE('',*,*,#3798,.F.);
#4493=ORIENTED_EDGE('',*,*,#4434,.T.);
#4494=ORIENTED_EDGE('',*,*,#3615,.T.);
#4495=EDGE_LOOP('',(#4491,#4492,#4493,#4494));
#4496=FACE_OUTER_BOUND('',#4495,.F.);
#4497=ADVANCED_FACE('',(#4496),#4490,.F.);
#4498=CARTESIAN_POINT('',(-5.476779927461E1,-2.829999999999E1,
1.102159192170E2));
#4499=DIRECTION('',(0.E0,-1.E0,0.E0));
#4500=DIRECTION('',(-1.E0,0.E0,0.E0));
#4501=AXIS2_PLACEMENT_3D('',#4498,#4499,#4500);
#4502=TOROIDAL_SURFACE('',#4501,9.6E1,5.E-1);
#4503=ORIENTED_EDGE('',*,*,#2914,.F.);
#4504=ORIENTED_EDGE('',*,*,#2943,.F.);
#4505=ORIENTED_EDGE('',*,*,#2972,.T.);
#4506=ORIENTED_EDGE('',*,*,#3706,.T.);
#4507=EDGE_LOOP('',(#4503,#4504,#4505,#4506));
#4508=FACE_OUTER_BOUND('',#4507,.F.);
#4509=ADVANCED_FACE('',(#4508),#4502,.T.);
#4510=CARTESIAN_POINT('',(-1.484358991903E1,1.199E2,2.015428699570E2));
#4511=DIRECTION('',(5.896463195190E-1,7.071067811866E-1,-3.902783851018E-1));
#4512=DIRECTION('',(7.680125576590E-1,-6.404347830014E-1,0.E0));
#4513=AXIS2_PLACEMENT_3D('',#4510,#4511,#4512);
#4514=SPHERICAL_SURFACE('',#4513,5.E-1);
#4515=ORIENTED_EDGE('',*,*,#3467,.T.);
#4516=ORIENTED_EDGE('',*,*,#3484,.F.);
#4517=ORIENTED_EDGE('',*,*,#3127,.F.);
#4518=ORIENTED_EDGE('',*,*,#3469,.F.);
#4519=EDGE_LOOP('',(#4515,#4516,#4517,#4518));
#4520=FACE_OUTER_BOUND('',#4519,.F.);
#4521=ADVANCED_FACE('',(#4520),#4514,.T.);
#4522=CARTESIAN_POINT('',(-3.655972431803E1,6.040000000001E1,2.076737138458E2));
#4523=DIRECTION('',(-5.299192642332E-1,0.E0,-8.480480961564E-1));
#4524=DIRECTION('',(8.480480961564E-1,0.E0,-5.299192642332E-1));
#4525=AXIS2_PLACEMENT_3D('',#4522,#4523,#4524);
#4526=PLANE('',#4525);
#4527=ORIENTED_EDGE('',*,*,#3015,.T.);
#4528=ORIENTED_EDGE('',*,*,#3056,.F.);
#4529=ORIENTED_EDGE('',*,*,#3090,.T.);
#4530=ORIENTED_EDGE('',*,*,#2988,.T.);
#4531=EDGE_LOOP('',(#4527,#4528,#4529,#4530));
#4532=FACE_OUTER_BOUND('',#4531,.F.);
#4533=ADVANCED_FACE('',(#4532),#4526,.T.);
#4534=CLOSED_SHELL('',(#2271,#2287,#2300,#2316,#2333,#2350,#2369,#2383,#2394,
#2409,#2423,#2438,#2453,#2468,#2483,#2497,#2511,#2523,#2537,#2552,#2566,#2581,
#2595,#2613,#2628,#2642,#2687,#2702,#2715,#2730,#2743,#2753,#2769,#2782,#2798,
#2815,#2832,#2848,#2865,#2876,#2891,#2905,#2920,#2935,#2950,#2979,#2994,#3007,
#3021,#3035,#3047,#3061,#3075,#3094,#3117,#3136,#3151,#3167,#3184,#3200,#3241,
#3255,#3265,#3275,#3289,#3302,#3318,#3331,#3345,#3357,#3373,#3389,#3404,#3420,
#3433,#3446,#3458,#3474,#3489,#3502,#3520,#3533,#3548,#3575,#3587,#3601,#3631,
#3645,#3658,#3672,#3684,#3696,#3710,#3790,#3806,#3821,#3837,#3850,#3899,#3916,
#3934,#3948,#3960,#3977,#3995,#4009,#4021,#4036,#4048,#4081,#4096,#4109,#4122,
#4134,#4148,#4162,#4176,#4190,#4203,#4217,#4231,#4245,#4258,#4270,#4282,#4297,
#4355,#4427,#4440,#4497,#4509,#4521,#4533));
#4535=MANIFOLD_SOLID_BREP('',#4534);
#4537=DIMENSIONAL_EXPONENTS(0.E0,0.E0,0.E0,0.E0,0.E0,0.E0,0.E0);
#4539=PLANE_ANGLE_MEASURE_WITH_UNIT(PLANE_ANGLE_MEASURE(1.745329251994E-2),
#4538);
#4540=(CONVERSION_BASED_UNIT('DEGREE',#4539)NAMED_UNIT(*)PLANE_ANGLE_UNIT());
#4542=UNCERTAINTY_MEASURE_WITH_UNIT(LENGTH_MEASURE(1.E-3),#4536,'closure',
'Maximum model space distance between geometric entities at asserted connectivities');
#4543=(GEOMETRIC_REPRESENTATION_CONTEXT(3)GLOBAL_UNCERTAINTY_ASSIGNED_CONTEXT((
#4542))GLOBAL_UNIT_ASSIGNED_CONTEXT((#4536,#4540,#4541))REPRESENTATION_CONTEXT(
'ID1','3'));
#4545=APPLICATION_CONTEXT(
'CONFIGURATION CONTROLLED 3D DESIGNS OF MECHANICAL PARTS AND ASSEMBLIES');
#4546=APPLICATION_PROTOCOL_DEFINITION('international standard',
'config_control_design',1994,#4545);
#4547=DESIGN_CONTEXT('',#4545,'design');
#4548=MECHANICAL_CONTEXT('',#4545,'mechanical');
#4549=PRODUCT('D1768125-00','D1768125-00','NOT SPECIFIED',(#4548));
#4550=PRODUCT_DEFINITION_FORMATION_WITH_SPECIFIED_SOURCE('1','LAST_VERSION',
#4549,.MADE.);
#4554=PRODUCT_CATEGORY('part','');
#4555=PRODUCT_RELATED_PRODUCT_CATEGORY('detail','',(#4549));
#4556=PRODUCT_CATEGORY_RELATIONSHIP('','',#4554,#4555);
#4557=SECURITY_CLASSIFICATION_LEVEL('unclassified');
#4558=SECURITY_CLASSIFICATION('','',#4557);
#4559=CC_DESIGN_SECURITY_CLASSIFICATION(#4558,(#4550));
#4560=APPROVAL_STATUS('approved');
#4561=APPROVAL(#4560,'');
#4562=CC_DESIGN_APPROVAL(#4561,(#4558,#4550,#4551));
#4563=CALENDAR_DATE(119,25,4);
#4564=COORDINATED_UNIVERSAL_TIME_OFFSET(7,0,.AHEAD.);
#4565=LOCAL_TIME(14,16,3.8E1,#4564);
#4566=DATE_AND_TIME(#4563,#4565);
#4567=APPROVAL_DATE_TIME(#4566,#4561);
#4568=DATE_TIME_ROLE('creation_date');
#4569=CC_DESIGN_DATE_AND_TIME_ASSIGNMENT(#4566,#4568,(#4551));
#4570=DATE_TIME_ROLE('classification_date');
#4571=CC_DESIGN_DATE_AND_TIME_ASSIGNMENT(#4566,#4570,(#4558));
#4572=PERSON('UNSPECIFIED','UNSPECIFIED',$,$,$,$);
#4573=ORGANIZATION('UNSPECIFIED','UNSPECIFIED','UNSPECIFIED');
#4574=PERSON_AND_ORGANIZATION(#4572,#4573);
#4575=APPROVAL_ROLE('approver');
#4576=APPROVAL_PERSON_ORGANIZATION(#4574,#4561,#4575);
#4577=PERSON_AND_ORGANIZATION_ROLE('creator');
#4578=CC_DESIGN_PERSON_AND_ORGANIZATION_ASSIGNMENT(#4574,#4577,(#4550,#4551));
#4579=PERSON_AND_ORGANIZATION_ROLE('design_supplier');
#4580=CC_DESIGN_PERSON_AND_ORGANIZATION_ASSIGNMENT(#4574,#4579,(#4550));
#4581=PERSON_AND_ORGANIZATION_ROLE('classification_officer');
#4582=CC_DESIGN_PERSON_AND_ORGANIZATION_ASSIGNMENT(#4574,#4581,(#4558));
#4583=PERSON_AND_ORGANIZATION_ROLE('design_owner');
#4584=CC_DESIGN_PERSON_AND_ORGANIZATION_ASSIGNMENT(#4574,#4583,(#4549));
#6=CIRCLE('',#5,3.5E0);
#11=CIRCLE('',#10,3.5E0);
#16=CIRCLE('',#15,3.5E0);
#25=CIRCLE('',#24,4.5E0);
#34=CIRCLE('',#33,9.95E1);
#51=CIRCLE('',#50,9.6E1);
#56=CIRCLE('',#55,2.05E1);
#69=CIRCLE('',#68,1.5E0);
#74=CIRCLE('',#73,1.5E0);
#79=CIRCLE('',#78,3.5E0);
#84=CIRCLE('',#83,3.5E0);
#97=CIRCLE('',#96,1.5E0);
#102=CIRCLE('',#101,1.5E0);
#107=CIRCLE('',#106,3.E-1);
#112=CIRCLE('',#111,3.E-1);
#117=CIRCLE('',#116,1.5E0);
#122=CIRCLE('',#121,1.5E0);
#127=CIRCLE('',#126,1.5E0);
#132=CIRCLE('',#131,1.2E0);
#137=CIRCLE('',#136,1.2E0);
#142=CIRCLE('',#141,1.2E0);
#151=CIRCLE('',#150,2.E1);
#156=CIRCLE('',#155,5.E-1);
#161=CIRCLE('',#160,5.E-1);
#182=CIRCLE('',#181,9.55E1);
#187=CIRCLE('',#186,5.E-1);
#192=CIRCLE('',#191,5.E-1);
#205=CIRCLE('',#204,9.55E1);
#210=CIRCLE('',#209,5.E-1);
#215=CIRCLE('',#214,5.E-1);
#232=CIRCLE('',#231,1.E1);
#237=CIRCLE('',#236,5.E-1);
#242=CIRCLE('',#241,5.E-1);
#251=CIRCLE('',#250,1.E1);
#256=CIRCLE('',#255,5.E-1);
#261=CIRCLE('',#260,5.E-1);
#270=CIRCLE('',#269,9.500000000385E0);
#275=CIRCLE('',#274,9.500000000385E0);
#280=CIRCLE('',#279,5.E-1);
#285=CIRCLE('',#284,1.E1);
#290=CIRCLE('',#289,5.E-1);
#299=CIRCLE('',#298,1.E0);
#304=CIRCLE('',#303,1.E0);
#309=CIRCLE('',#308,3.5E0);
#314=CIRCLE('',#313,3.5E0);
#319=CIRCLE('',#318,3.5E0);
#336=CIRCLE('',#335,9.95E1);
#345=CIRCLE('',#344,4.5E0);
#354=CIRCLE('',#353,2.05E1);
#359=CIRCLE('',#358,9.6E1);
#372=CIRCLE('',#371,3.585786437627E-1);
#377=CIRCLE('',#376,2.E-1);
#382=CIRCLE('',#381,2.E-1);
#387=CIRCLE('',#386,3.585786437627E-1);
#392=CIRCLE('',#391,2.171572875254E-1);
#397=CIRCLE('',#396,2.171572875254E-1);
#410=CIRCLE('',#409,1.5E0);
#415=CIRCLE('',#414,1.5E0);
#420=CIRCLE('',#419,3.5E0);
#425=CIRCLE('',#424,3.5E0);
#438=CIRCLE('',#437,1.5E0);
#443=CIRCLE('',#442,1.5E0);
#448=CIRCLE('',#447,1.5E0);
#453=CIRCLE('',#452,1.5E0);
#458=CIRCLE('',#457,3.E-1);
#463=CIRCLE('',#462,3.E-1);
#468=CIRCLE('',#467,1.5E0);
#473=CIRCLE('',#472,1.2E0);
#478=CIRCLE('',#477,1.2E0);
#483=CIRCLE('',#482,1.2E0);
#492=CIRCLE('',#491,9.55E1);
#497=CIRCLE('',#496,5.E-1);
#502=CIRCLE('',#501,5.E-1);
#527=CIRCLE('',#526,4.5E0);
#536=CIRCLE('',#535,9.77E1);
#549=CIRCLE('',#548,9.6E1);
#554=CIRCLE('',#553,2.05E1);
#563=CIRCLE('',#562,2.E1);
#568=CIRCLE('',#567,5.E-1);
#573=CIRCLE('',#572,5.E-1);
#586=CIRCLE('',#585,2.E1);
#591=CIRCLE('',#590,5.E-1);
#596=CIRCLE('',#595,5.E-1);
#613=CIRCLE('',#612,5.E0);
#618=CIRCLE('',#617,5.E-1);
#623=CIRCLE('',#622,5.E-1);
#632=B_SPLINE_CURVE_WITH_KNOTS('',3,(#628,#629,#630,#631),.UNSPECIFIED.,.F.,.F.,
(4,4),(0.E0,1.E0),.UNSPECIFIED.);
#653=CIRCLE('',#652,5.E-1);
#658=CIRCLE('',#657,5.E-1);
#663=CIRCLE('',#662,5.E-1);
#668=CIRCLE('',#667,5.E-1);
#673=CIRCLE('',#672,5.E-1);
#706=B_SPLINE_CURVE_WITH_KNOTS('',3,(#682,#683,#684,#685,#686,#687,#688,#689,
#690,#691,#692,#693,#694,#695,#696,#697,#698,#699,#700,#701,#702,#703,#704,
#705),.UNSPECIFIED.,.F.,.F.,(4,1,1,1,1,1,1,1,1,1,1,1,1,1,1,1,1,1,1,1,1,4),(0.E0,
4.761904761905E-2,9.523809523810E-2,1.428571428571E-1,1.904761904762E-1,
2.380952380952E-1,2.857142857143E-1,3.333333333333E-1,3.809523809524E-1,
4.285714285714E-1,4.761904761905E-1,5.238095238095E-1,5.714285714286E-1,
6.190476190476E-1,6.666666666667E-1,7.142857142857E-1,7.619047619048E-1,
8.095238095238E-1,8.571428571429E-1,9.047619047619E-1,9.523809523810E-1,1.E0),
.UNSPECIFIED.);
#735=B_SPLINE_CURVE_WITH_KNOTS('',3,(#711,#712,#713,#714,#715,#716,#717,#718,
#719,#720,#721,#722,#723,#724,#725,#726,#727,#728,#729,#730,#731,#732,#733,
#734),.UNSPECIFIED.,.F.,.F.,(4,1,1,1,1,1,1,1,1,1,1,1,1,1,1,1,1,1,1,1,1,4),(0.E0,
4.761904761905E-2,9.523809523810E-2,1.428571428571E-1,1.904761904762E-1,
2.380952380952E-1,2.857142857143E-1,3.333333333333E-1,3.809523809524E-1,
4.285714285714E-1,4.761904761905E-1,5.238095238095E-1,5.714285714286E-1,
6.190476190476E-1,6.666666666667E-1,7.142857142857E-1,7.619047619048E-1,
8.095238095238E-1,8.571428571429E-1,9.047619047619E-1,9.523809523810E-1,1.E0),
.UNSPECIFIED.);
#764=B_SPLINE_CURVE_WITH_KNOTS('',3,(#740,#741,#742,#743,#744,#745,#746,#747,
#748,#749,#750,#751,#752,#753,#754,#755,#756,#757,#758,#759,#760,#761,#762,
#763),.UNSPECIFIED.,.F.,.F.,(4,1,1,1,1,1,1,1,1,1,1,1,1,1,1,1,1,1,1,1,1,4),(0.E0,
4.761904761905E-2,9.523809523810E-2,1.428571428571E-1,1.904761904762E-1,
2.380952380952E-1,2.857142857143E-1,3.333333333333E-1,3.809523809524E-1,
4.285714285714E-1,4.761904761905E-1,5.238095238095E-1,5.714285714286E-1,
6.190476190476E-1,6.666666666667E-1,7.142857142857E-1,7.619047619048E-1,
8.095238095238E-1,8.571428571429E-1,9.047619047619E-1,9.523809523810E-1,1.E0),
.UNSPECIFIED.);
#793=B_SPLINE_CURVE_WITH_KNOTS('',3,(#769,#770,#771,#772,#773,#774,#775,#776,
#777,#778,#779,#780,#781,#782,#783,#784,#785,#786,#787,#788,#789,#790,#791,
#792),.UNSPECIFIED.,.F.,.F.,(4,1,1,1,1,1,1,1,1,1,1,1,1,1,1,1,1,1,1,1,1,4),(0.E0,
4.761904761905E-2,9.523809523810E-2,1.428571428571E-1,1.904761904762E-1,
2.380952380952E-1,2.857142857143E-1,3.333333333333E-1,3.809523809524E-1,
4.285714285714E-1,4.761904761905E-1,5.238095238095E-1,5.714285714286E-1,
6.190476190476E-1,6.666666666667E-1,7.142857142857E-1,7.619047619048E-1,
8.095238095238E-1,8.571428571429E-1,9.047619047619E-1,9.523809523810E-1,1.E0),
.UNSPECIFIED.);
#806=CIRCLE('',#805,1.E0);
#811=CIRCLE('',#810,9.539392014059E-1);
#816=CIRCLE('',#815,9.539392014059E-1);
#821=CIRCLE('',#820,1.E0);
#834=CIRCLE('',#833,1.E2);
#839=CIRCLE('',#838,5.E-1);
#844=CIRCLE('',#843,5.E-1);
#865=CIRCLE('',#864,5.E-1);
#870=CIRCLE('',#869,1.E2);
#875=CIRCLE('',#874,5.E-1);
#888=CIRCLE('',#887,5.E-1);
#893=CIRCLE('',#892,5.E-1);
#898=CIRCLE('',#897,5.E-1);
#903=CIRCLE('',#902,5.E-1);
#908=CIRCLE('',#907,5.E-1);
#917=CIRCLE('',#916,5.E-1);
#922=CIRCLE('',#921,5.E-1);
#927=CIRCLE('',#926,5.E-1);
#932=CIRCLE('',#931,5.E-1);
#937=CIRCLE('',#936,5.E-1);
#942=CIRCLE('',#941,5.E-1);
#947=CIRCLE('',#946,5.E-1);
#960=CIRCLE('',#959,5.E-1);
#965=CIRCLE('',#964,5.E-1);
#970=CIRCLE('',#969,5.E-1);
#975=CIRCLE('',#974,5.E-1);
#980=CIRCLE('',#979,5.E-1);
#985=CIRCLE('',#984,5.E-1);
#990=CIRCLE('',#989,5.E-1);
#995=CIRCLE('',#994,5.E-1);
#1000=CIRCLE('',#999,5.E-1);
#1013=CIRCLE('',#1012,5.E0);
#1018=CIRCLE('',#1017,5.E-1);
#1023=CIRCLE('',#1022,5.E-1);
#1032=B_SPLINE_CURVE_WITH_KNOTS('',3,(#1028,#1029,#1030,#1031),.UNSPECIFIED.,
.F.,.F.,(4,4),(0.E0,1.E0),.UNSPECIFIED.);
#1049=CIRCLE('',#1048,2.05E1);
#1054=CIRCLE('',#1053,9.6E1);
#1067=CIRCLE('',#1066,9.77E1);
#1076=CIRCLE('',#1075,4.5E0);
#1081=CIRCLE('',#1080,2.E1);
#1086=CIRCLE('',#1085,5.E-1);
#1091=CIRCLE('',#1090,5.E-1);
#1100=CIRCLE('',#1099,9.499999999615E0);
#1105=CIRCLE('',#1104,9.499999999615E0);
#1110=CIRCLE('',#1109,5.E-1);
#1115=CIRCLE('',#1114,1.E1);
#1120=CIRCLE('',#1119,5.E-1);
#1163=B_SPLINE_CURVE_WITH_KNOTS('',3,(#1145,#1146,#1147,#1148,#1149,#1150,#1151,
#1152,#1153,#1154,#1155,#1156,#1157,#1158,#1159,#1160,#1161,#1162),
.UNSPECIFIED.,.F.,.F.,(4,1,1,1,1,1,1,1,1,1,1,1,1,1,1,4),(0.E0,6.666666666667E-2,
1.333333333333E-1,2.E-1,2.666666666667E-1,3.333333333333E-1,4.E-1,
4.666666666667E-1,5.333333333333E-1,6.E-1,6.666666666667E-1,7.333333333333E-1,
8.E-1,8.666666666667E-1,9.333333333333E-1,1.E0),.UNSPECIFIED.);
#1168=CIRCLE('',#1167,5.E-1);
#1176=B_SPLINE_CURVE_WITH_KNOTS('',3,(#1169,#1170,#1171,#1172,#1173,#1174,
#1175),.UNSPECIFIED.,.F.,.F.,(4,1,1,1,4),(0.E0,2.500001782302E-1,
5.000001381917E-1,7.500000981531E-1,1.E0),.UNSPECIFIED.);
#1188=B_SPLINE_CURVE_WITH_KNOTS('',3,(#1181,#1182,#1183,#1184,#1185,#1186,
#1187),.UNSPECIFIED.,.F.,.F.,(4,1,1,1,4),(0.E0,2.5E-1,5.E-1,7.5E-1,1.E0),
.UNSPECIFIED.);
#1199=B_SPLINE_CURVE_WITH_KNOTS('',3,(#1189,#1190,#1191,#1192,#1193,#1194,#1195,
#1196,#1197,#1198),.UNSPECIFIED.,.F.,.F.,(4,1,1,1,1,1,1,4),(0.E0,2.5E-1,3.75E-1,
5.E-1,7.5E-1,8.75E-1,9.375E-1,1.E0),.UNSPECIFIED.);
#1217=B_SPLINE_CURVE_WITH_KNOTS('',3,(#1204,#1205,#1206,#1207,#1208,#1209,#1210,
#1211,#1212,#1213,#1214,#1215,#1216),.UNSPECIFIED.,.F.,.F.,(4,1,1,1,1,1,1,1,1,1,
4),(0.E0,6.25E-2,1.25E-1,2.5E-1,3.75E-1,5.E-1,6.25E-1,7.5E-1,8.75E-1,9.375E-1,
1.E0),.UNSPECIFIED.);
#1241=B_SPLINE_CURVE_WITH_KNOTS('',3,(#1234,#1235,#1236,#1237,#1238,#1239,
#1240),.UNSPECIFIED.,.F.,.F.,(4,1,1,1,4),(0.E0,2.5E-1,5.E-1,7.5E-1,1.E0),
.UNSPECIFIED.);
#1266=CIRCLE('',#1265,1.E0);
#1283=CIRCLE('',#1282,4.5E0);
#1308=B_SPLINE_CURVE_WITH_KNOTS('',3,(#1292,#1293,#1294,#1295,#1296,#1297,#1298,
#1299,#1300,#1301,#1302,#1303,#1304,#1305,#1306,#1307),.UNSPECIFIED.,.F.,.F.,(4,
1,1,1,1,1,1,1,1,1,1,1,1,4),(0.E0,7.692307692308E-2,1.538461538462E-1,
2.307692307692E-1,3.076923076923E-1,3.846153846154E-1,4.615384615385E-1,
5.384615384615E-1,6.153846153846E-1,6.923076923077E-1,7.692307692308E-1,
8.461538461538E-1,9.230769230769E-1,1.E0),.UNSPECIFIED.);
#1313=CIRCLE('',#1312,5.E0);
#1318=CIRCLE('',#1317,5.E-1);
#1341=B_SPLINE_CURVE_WITH_KNOTS('',3,(#1319,#1320,#1321,#1322,#1323,#1324,#1325,
#1326,#1327,#1328,#1329,#1330,#1331,#1332,#1333,#1334,#1335,#1336,#1337,#1338,
#1339,#1340),.UNSPECIFIED.,.F.,.F.,(4,1,1,1,1,1,1,1,1,1,1,1,1,1,1,1,1,1,1,4),(
0.E0,5.263157894737E-2,1.052631578947E-1,1.578947368421E-1,2.105263157895E-1,
2.631578947368E-1,3.157894736842E-1,3.684210526316E-1,4.210526315789E-1,
4.736842105263E-1,5.263157894737E-1,5.789473684211E-1,6.315789473684E-1,
6.842105263158E-1,7.368421052632E-1,7.894736842105E-1,8.421052631579E-1,
8.947368421053E-1,9.473684210526E-1,1.E0),.UNSPECIFIED.);
#1354=CIRCLE('',#1353,4.5E0);
#1371=CIRCLE('',#1370,1.E0);
#1376=CIRCLE('',#1375,5.E-1);
#1381=CIRCLE('',#1380,5.E0);
#1404=B_SPLINE_CURVE_WITH_KNOTS('',3,(#1382,#1383,#1384,#1385,#1386,#1387,#1388,
#1389,#1390,#1391,#1392,#1393,#1394,#1395,#1396,#1397,#1398,#1399,#1400,#1401,
#1402,#1403),.UNSPECIFIED.,.F.,.F.,(4,1,1,1,1,1,1,1,1,1,1,1,1,1,1,1,1,1,1,4),(
0.E0,5.263157894737E-2,1.052631578947E-1,1.578947368421E-1,2.105263157895E-1,
2.631578947368E-1,3.157894736842E-1,3.684210526316E-1,4.210526315789E-1,
4.736842105263E-1,5.263157894737E-1,5.789473684211E-1,6.315789473684E-1,
6.842105263158E-1,7.368421052632E-1,7.894736842105E-1,8.421052631579E-1,
8.947368421053E-1,9.473684210526E-1,1.E0),.UNSPECIFIED.);
#1425=B_SPLINE_CURVE_WITH_KNOTS('',3,(#1409,#1410,#1411,#1412,#1413,#1414,#1415,
#1416,#1417,#1418,#1419,#1420,#1421,#1422,#1423,#1424),.UNSPECIFIED.,.F.,.F.,(4,
1,1,1,1,1,1,1,1,1,1,1,1,4),(0.E0,7.692307692308E-2,1.538461538462E-1,
2.307692307692E-1,3.076923076923E-1,3.846153846154E-1,4.615384615385E-1,
5.384615384615E-1,6.153846153846E-1,6.923076923077E-1,7.692307692308E-1,
8.461538461538E-1,9.230769230769E-1,1.E0),.UNSPECIFIED.);
#1453=B_SPLINE_CURVE_WITH_KNOTS('',3,(#1430,#1431,#1432,#1433,#1434,#1435,#1436,
#1437,#1438,#1439,#1440,#1441,#1442,#1443,#1444,#1445,#1446,#1447,#1448,#1449,
#1450,#1451,#1452),.UNSPECIFIED.,.F.,.F.,(4,1,1,1,1,1,1,1,1,1,1,1,1,1,1,1,1,1,1,
1,4),(0.E0,5.E-2,1.E-1,1.5E-1,2.E-1,2.5E-1,3.E-1,3.5E-1,4.E-1,4.5E-1,5.E-1,
5.5E-1,6.E-1,6.5E-1,7.E-1,7.5E-1,8.E-1,8.5E-1,9.E-1,9.5E-1,1.E0),.UNSPECIFIED.);
#1458=CIRCLE('',#1457,5.E0);
#1463=CIRCLE('',#1462,5.E-1);
#1547=B_SPLINE_CURVE_WITH_KNOTS('',3,(#1540,#1541,#1542,#1543,#1544,#1545,
#1546),.UNSPECIFIED.,.F.,.F.,(4,1,1,1,4),(0.E0,2.5E-1,5.E-1,7.5E-1,1.E0),
.UNSPECIFIED.);
#1572=CIRCLE('',#1571,3.E-1);
#1581=CIRCLE('',#1580,3.E-1);
#1634=CIRCLE('',#1633,5.E0);
#1658=B_SPLINE_CURVE_WITH_KNOTS('',3,(#1635,#1636,#1637,#1638,#1639,#1640,#1641,
#1642,#1643,#1644,#1645,#1646,#1647,#1648,#1649,#1650,#1651,#1652,#1653,#1654,
#1655,#1656,#1657),.UNSPECIFIED.,.F.,.F.,(4,1,1,1,1,1,1,1,1,1,1,1,1,1,1,1,1,1,1,
1,4),(0.E0,5.E-2,1.E-1,1.5E-1,2.E-1,2.5E-1,3.E-1,3.5E-1,4.E-1,4.5E-1,5.E-1,
5.5E-1,6.E-1,6.5E-1,7.E-1,7.5E-1,8.E-1,8.5E-1,9.E-1,9.5E-1,1.E0),.UNSPECIFIED.);
#1663=CIRCLE('',#1662,5.E-1);
#1675=B_SPLINE_CURVE_WITH_KNOTS('',3,(#1668,#1669,#1670,#1671,#1672,#1673,
#1674),.UNSPECIFIED.,.F.,.F.,(4,1,1,1,4),(0.E0,2.5E-1,5.E-1,7.5E-1,1.E0),
.UNSPECIFIED.);
#1693=B_SPLINE_CURVE_WITH_KNOTS('',3,(#1680,#1681,#1682,#1683,#1684,#1685,#1686,
#1687,#1688,#1689,#1690,#1691,#1692),.UNSPECIFIED.,.F.,.F.,(4,1,1,1,1,1,1,1,1,1,
4),(0.E0,6.25E-2,1.25E-1,2.5E-1,3.75E-1,5.E-1,6.25E-1,7.5E-1,8.75E-1,9.375E-1,
1.E0),.UNSPECIFIED.);
#1701=B_SPLINE_CURVE_WITH_KNOTS('',3,(#1694,#1695,#1696,#1697,#1698,#1699,
#1700),.UNSPECIFIED.,.F.,.F.,(4,1,1,1,4),(0.E0,2.5E-1,5.E-1,7.5E-1,1.E0),
.UNSPECIFIED.);
#1706=CIRCLE('',#1705,5.E-1);
#1726=B_SPLINE_CURVE_WITH_KNOTS('',3,(#1707,#1708,#1709,#1710,#1711,#1712,#1713,
#1714,#1715,#1716,#1717,#1718,#1719,#1720,#1721,#1722,#1723,#1724,#1725),
.UNSPECIFIED.,.F.,.F.,(4,1,1,1,1,1,1,1,1,1,1,1,1,1,1,1,4),(0.E0,6.25E-2,1.25E-1,
1.875E-1,2.5E-1,3.125E-1,3.75E-1,4.375E-1,5.E-1,5.625E-1,6.25E-1,6.875E-1,
7.5E-1,8.125E-1,8.75E-1,9.375E-1,1.E0),.UNSPECIFIED.);
#1745=B_SPLINE_CURVE_WITH_KNOTS('',3,(#1727,#1728,#1729,#1730,#1731,#1732,#1733,
#1734,#1735,#1736,#1737,#1738,#1739,#1740,#1741,#1742,#1743,#1744),
.UNSPECIFIED.,.F.,.F.,(4,1,1,1,1,1,1,1,1,1,1,1,1,1,1,4),(0.E0,6.666666666667E-2,
1.333333333333E-1,2.E-1,2.666666666667E-1,3.333333333333E-1,4.E-1,
4.666666666667E-1,5.333333333333E-1,6.E-1,6.666666666667E-1,7.333333333333E-1,
8.E-1,8.666666666667E-1,9.333333333333E-1,1.E0),.UNSPECIFIED.);
#1750=CIRCLE('',#1749,5.E-1);
#1769=B_SPLINE_CURVE_WITH_KNOTS('',3,(#1751,#1752,#1753,#1754,#1755,#1756,#1757,
#1758,#1759,#1760,#1761,#1762,#1763,#1764,#1765,#1766,#1767,#1768),
.UNSPECIFIED.,.F.,.F.,(4,1,1,1,1,1,1,1,1,1,1,1,1,1,1,4),(0.E0,6.666666666667E-2,
1.333333333333E-1,2.E-1,2.666666666667E-1,3.333333333333E-1,4.E-1,
4.666666666667E-1,5.333333333333E-1,6.E-1,6.666666666667E-1,7.333333333333E-1,
8.E-1,8.666666666667E-1,9.333333333333E-1,1.E0),.UNSPECIFIED.);
#1782=CIRCLE('',#1781,5.E-1);
#1801=B_SPLINE_CURVE_WITH_KNOTS('',3,(#1783,#1784,#1785,#1786,#1787,#1788,#1789,
#1790,#1791,#1792,#1793,#1794,#1795,#1796,#1797,#1798,#1799,#1800),
.UNSPECIFIED.,.F.,.F.,(4,1,1,1,1,1,1,1,1,1,1,1,1,1,1,4),(0.E0,6.666666666667E-2,
1.333333333333E-1,2.E-1,2.666666666667E-1,3.333333333333E-1,4.E-1,
4.666666666667E-1,5.333333333333E-1,6.E-1,6.666666666667E-1,7.333333333333E-1,
8.E-1,8.666666666667E-1,9.333333333333E-1,1.E0),.UNSPECIFIED.);
#1806=CIRCLE('',#1805,9.55E1);
#1811=CIRCLE('',#1810,5.E-1);
#1816=CIRCLE('',#1815,5.E-1);
#1821=CIRCLE('',#1820,5.E-1);
#1826=CIRCLE('',#1825,5.E-1);
#2237=EDGE_CURVE('',#1849,#1850,#20,.T.);
#2239=EDGE_CURVE('',#1849,#1862,#25,.T.);
#2241=EDGE_CURVE('',#1862,#1866,#1004,.T.);
#2243=EDGE_CURVE('',#1872,#1866,#29,.T.);
#2245=EDGE_CURVE('',#1872,#1884,#879,.T.);
#2247=EDGE_CURVE('',#1884,#1888,#34,.T.);
#2249=EDGE_CURVE('',#1918,#1888,#38,.T.);
#2251=EDGE_CURVE('',#1918,#1922,#42,.T.);
#2253=EDGE_CURVE('',#1934,#1922,#46,.T.);
#2255=EDGE_CURVE('',#1934,#1936,#51,.T.);
#2257=EDGE_CURVE('',#1936,#1852,#219,.T.);
#2259=EDGE_CURVE('',#1850,#1852,#56,.T.);
#2263=EDGE_CURVE('',#1829,#1830,#6,.T.);
#2265=EDGE_CURVE('',#1830,#2207,#11,.T.);
#2267=EDGE_CURVE('',#2207,#1829,#16,.T.);
#2278=EDGE_CURVE('',#1829,#1833,#64,.T.);
#2280=EDGE_CURVE('',#1833,#1834,#84,.T.);
#2282=EDGE_CURVE('',#2207,#1834,#60,.T.);
#2294=EDGE_CURVE('',#1834,#1833,#79,.T.);
#2310=EDGE_CURVE('',#1838,#1837,#69,.T.);
#2312=EDGE_CURVE('',#1837,#1838,#74,.T.);
#2323=EDGE_CURVE('',#1838,#2220,#88,.T.);
#2325=EDGE_CURVE('',#2220,#2221,#122,.T.);
#2327=EDGE_CURVE('',#2221,#1841,#102,.T.);
#2329=EDGE_CURVE('',#1837,#1841,#92,.T.);
#2342=EDGE_CURVE('',#1841,#1842,#97,.T.);
#2344=EDGE_CURVE('',#1842,#2209,#117,.T.);
#2346=EDGE_CURVE('',#2209,#2220,#127,.T.);
#2358=EDGE_CURVE('',#2211,#2221,#107,.T.);
#2360=EDGE_CURVE('',#2211,#1845,#132,.T.);
#2362=EDGE_CURVE('',#1845,#1846,#142,.T.);
#2364=EDGE_CURVE('',#1846,#2209,#112,.T.);
#2376=EDGE_CURVE('',#1846,#2211,#137,.T.);
#2401=EDGE_CURVE('',#1850,#1854,#156,.T.);
#2403=EDGE_CURVE('',#1860,#1854,#146,.T.);
#2405=EDGE_CURVE('',#1860,#1849,#1023,.T.);
#2415=EDGE_CURVE('',#1854,#1856,#151,.T.);
#2419=EDGE_CURVE('',#1856,#1852,#161,.T.);
#2430=EDGE_CURVE('',#1856,#1940,#165,.T.);
#2432=EDGE_CURVE('',#1858,#1940,#1081,.T.);
#2434=EDGE_CURVE('',#1854,#1858,#169,.T.);
#2444=EDGE_CURVE('',#1942,#1940,#173,.T.);
#2447=EDGE_CURVE('',#1938,#1856,#223,.T.);
#2449=EDGE_CURVE('',#1938,#1942,#200,.T.);
#2460=EDGE_CURVE('',#1973,#1942,#192,.T.);
#2462=EDGE_CURVE('',#1973,#1975,#177,.T.);
#2464=EDGE_CURVE('',#1940,#1975,#1086,.T.);
#2474=EDGE_CURVE('',#1944,#1942,#182,.T.);
#2476=EDGE_CURVE('',#1971,#1944,#187,.T.);
#2478=EDGE_CURVE('',#1971,#1973,#1054,.T.);
#2489=EDGE_CURVE('',#1932,#1938,#205,.T.);
#2491=EDGE_CURVE('',#1932,#1944,#196,.T.);
#2504=EDGE_CURVE('',#1938,#1936,#210,.T.);
#2507=EDGE_CURVE('',#1934,#1932,#215,.T.);
#2530=EDGE_CURVE('',#1930,#1922,#242,.T.);
#2532=EDGE_CURVE('',#1932,#1930,#227,.T.);
#2543=EDGE_CURVE('',#1924,#1922,#232,.T.);
#2545=EDGE_CURVE('',#1928,#1924,#237,.T.);
#2547=EDGE_CURVE('',#1928,#1930,#1105,.T.);
#2560=EDGE_CURVE('',#1920,#1918,#251,.T.);
#2562=EDGE_CURVE('',#1920,#1924,#246,.T.);
#2573=EDGE_CURVE('',#1918,#1914,#256,.T.);
#2575=EDGE_CURVE('',#1916,#1914,#275,.T.);
#2577=EDGE_CURVE('',#1920,#1916,#261,.T.);
#2587=EDGE_CURVE('',#1914,#1890,#265,.T.);
#2591=EDGE_CURVE('',#1890,#1888,#875,.T.);
#2601=EDGE_CURVE('',#1910,#1912,#270,.T.);
#2603=EDGE_CURVE('',#1912,#1916,#1136,.T.);
#2607=EDGE_CURVE('',#1890,#1892,#848,.T.);
#2609=EDGE_CURVE('',#1910,#1892,#294,.T.);
#2620=EDGE_CURVE('',#1904,#1910,#280,.T.);
#2622=EDGE_CURVE('',#1904,#1908,#285,.T.);
#2624=EDGE_CURVE('',#1908,#1912,#290,.T.);
#2634=EDGE_CURVE('',#1904,#1902,#331,.T.);
#2638=EDGE_CURVE('',#1902,#1892,#844,.T.);
#2648=EDGE_CURVE('',#1906,#2072,#323,.T.);
#2650=EDGE_CURVE('',#1904,#1906,#327,.T.);
#2653=EDGE_CURVE('',#1900,#1902,#336,.T.);
#2655=EDGE_CURVE('',#1900,#2017,#825,.T.);
#2657=EDGE_CURVE('',#2017,#2013,#340,.T.);
#2659=EDGE_CURVE('',#2013,#2191,#951,.T.);
#2661=EDGE_CURVE('',#2191,#2187,#345,.T.);
#2663=EDGE_CURVE('',#2187,#2189,#349,.T.);
#2665=EDGE_CURVE('',#2189,#2195,#354,.T.);
#2667=EDGE_CURVE('',#2195,#2074,#600,.T.);
#2669=EDGE_CURVE('',#2074,#2072,#359,.T.);
#2673=EDGE_CURVE('',#2213,#2053,#309,.T.);
#2675=EDGE_CURVE('',#2053,#2054,#314,.T.);
#2677=EDGE_CURVE('',#2054,#2213,#319,.T.);
#2681=EDGE_CURVE('',#2042,#2041,#299,.T.);
#2683=EDGE_CURVE('',#2041,#2042,#304,.T.);
#2693=EDGE_CURVE('',#2045,#2042,#363,.T.);
#2695=EDGE_CURVE('',#2046,#2045,#387,.T.);
#2697=EDGE_CURVE('',#2046,#2041,#367,.T.);
#2708=EDGE_CURVE('',#2045,#2046,#372,.T.);
#2722=EDGE_CURVE('',#2046,#2050,#382,.T.);
#2724=EDGE_CURVE('',#2049,#2050,#392,.T.);
#2726=EDGE_CURVE('',#2045,#2049,#377,.T.);
#2737=EDGE_CURVE('',#2050,#2049,#397,.T.);
#2760=EDGE_CURVE('',#2213,#2057,#405,.T.);
#2762=EDGE_CURVE('',#2057,#2058,#420,.T.);
#2764=EDGE_CURVE('',#2054,#2058,#401,.T.);
#2776=EDGE_CURVE('',#2058,#2057,#425,.T.);
#2792=EDGE_CURVE('',#2062,#2061,#410,.T.);
#2794=EDGE_CURVE('',#2061,#2062,#415,.T.);
#2805=EDGE_CURVE('',#2065,#2061,#429,.T.);
#2807=EDGE_CURVE('',#2223,#2065,#468,.T.);
#2809=EDGE_CURVE('',#2205,#2223,#443,.T.);
#2811=EDGE_CURVE('',#2205,#2062,#433,.T.);
#2822=EDGE_CURVE('',#2215,#2205,#438,.T.);
#2824=EDGE_CURVE('',#2066,#2215,#453,.T.);
#2826=EDGE_CURVE('',#2065,#2066,#448,.T.);
#2838=EDGE_CURVE('',#2215,#2070,#458,.T.);
#2842=EDGE_CURVE('',#2223,#2217,#463,.T.);
#2844=EDGE_CURVE('',#2070,#2217,#483,.T.);
#2857=EDGE_CURVE('',#2069,#2070,#478,.T.);
#2859=EDGE_CURVE('',#2217,#2069,#473,.T.);
#2883=EDGE_CURVE('',#2076,#2072,#497,.T.);
#2885=EDGE_CURVE('',#2080,#2076,#487,.T.);
#2887=EDGE_CURVE('',#2080,#1906,#1120,.T.);
#2897=EDGE_CURVE('',#2078,#2076,#492,.T.);
#2901=EDGE_CURVE('',#2078,#2074,#502,.T.);
#2912=EDGE_CURVE('',#2078,#2084,#506,.T.);
#2914=EDGE_CURVE('',#2084,#1955,#1806,.T.);
#2916=EDGE_CURVE('',#2076,#1955,#510,.T.);
#2926=EDGE_CURVE('',#2086,#2084,#518,.T.);
#2929=EDGE_CURVE('',#2197,#2078,#604,.T.);
#2931=EDGE_CURVE('',#2086,#2197,#581,.T.);
#2941=EDGE_CURVE('',#2203,#2088,#514,.T.);
#2943=EDGE_CURVE('',#2088,#2084,#1811,.T.);
#2946=EDGE_CURVE('',#2203,#2086,#573,.T.);
#2956=EDGE_CURVE('',#2109,#2201,#522,.T.);
#2958=EDGE_CURVE('',#2107,#2109,#527,.T.);
#2960=EDGE_CURVE('',#2102,#2107,#531,.T.);
#2962=EDGE_CURVE('',#2102,#2096,#1257,.T.);
#2964=EDGE_CURVE('',#2096,#2094,#536,.T.);
#2966=EDGE_CURVE('',#2092,#2094,#540,.T.);
#2968=EDGE_CURVE('',#2092,#1957,#1203,.T.);
#2970=EDGE_CURVE('',#1957,#2090,#544,.T.);
#2972=EDGE_CURVE('',#2088,#2090,#549,.T.);
#2975=EDGE_CURVE('',#2201,#2203,#554,.T.);
#2986=EDGE_CURVE('',#2201,#2199,#568,.T.);
#2988=EDGE_CURVE('',#2111,#2199,#558,.T.);
#2990=EDGE_CURVE('',#2109,#2111,#1663,.T.);
#3000=EDGE_CURVE('',#2199,#2086,#563,.T.);
#3013=EDGE_CURVE('',#2185,#2197,#586,.T.);
#3015=EDGE_CURVE('',#2199,#2185,#577,.T.);
#3028=EDGE_CURVE('',#2197,#2195,#591,.T.);
#3031=EDGE_CURVE('',#2185,#2189,#596,.T.);
#3054=EDGE_CURVE('',#2183,#2187,#618,.T.);
#3056=EDGE_CURVE('',#2183,#2185,#608,.T.);
#3067=EDGE_CURVE('',#2115,#2183,#613,.T.);
#3071=EDGE_CURVE('',#2115,#2191,#623,.T.);
#3082=EDGE_CURVE('',#2115,#2113,#627,.T.);
#3084=EDGE_CURVE('',#2113,#2105,#1313,.T.);
#3086=EDGE_CURVE('',#2106,#2105,#632,.T.);
#3088=EDGE_CURVE('',#2106,#2111,#1634,.T.);
#3090=EDGE_CURVE('',#2183,#2111,#636,.T.);
#3100=EDGE_CURVE('',#2005,#2003,#644,.T.);
#3102=EDGE_CURVE('',#1864,#2003,#1008,.T.);
#3104=EDGE_CURVE('',#1994,#1864,#1036,.T.);
#3106=EDGE_CURVE('',#1998,#1994,#1429,.T.);
#3108=EDGE_CURVE('',#2001,#1998,#1349,.T.);
#3110=EDGE_CURVE('',#2001,#2113,#1291,.T.);
#3113=EDGE_CURVE('',#2005,#2115,#955,.T.);
#3123=EDGE_CURVE('',#2009,#1870,#640,.T.);
#3125=EDGE_CURVE('',#1870,#2007,#1000,.T.);
#3127=EDGE_CURVE('',#2007,#2003,#1826,.T.);
#3130=EDGE_CURVE('',#2011,#2005,#942,.T.);
#3132=EDGE_CURVE('',#2009,#2011,#922,.T.);
#3142=EDGE_CURVE('',#1876,#1870,#648,.T.);
#3145=EDGE_CURVE('',#1878,#2009,#912,.T.);
#3147=EDGE_CURVE('',#1878,#1876,#681,.T.);
#3157=EDGE_CURVE('',#1874,#1876,#653,.T.);
#3159=EDGE_CURVE('',#1872,#1874,#893,.T.);
#3162=EDGE_CURVE('',#1866,#1870,#980,.T.);
#3174=EDGE_CURVE('',#1880,#1876,#658,.T.);
#3176=EDGE_CURVE('',#1880,#1882,#663,.T.);
#3178=EDGE_CURVE('',#2225,#1882,#668,.T.);
#3180=EDGE_CURVE('',#2225,#1874,#673,.T.);
#3190=EDGE_CURVE('',#1898,#1880,#677,.T.);
#3194=EDGE_CURVE('',#2019,#1878,#970,.T.);
#3196=EDGE_CURVE('',#1898,#2019,#908,.T.);
#3207=EDGE_CURVE('',#1894,#1898,#829,.T.);
#3209=EDGE_CURVE('',#1896,#1894,#860,.T.);
#3211=EDGE_CURVE('',#1896,#2025,#706,.T.);
#3213=EDGE_CURVE('',#2035,#2025,#710,.T.);
#3215=EDGE_CURVE('',#2035,#2036,#735,.T.);
#3217=EDGE_CURVE('',#2038,#2036,#739,.T.);
#3219=EDGE_CURVE('',#2038,#2024,#764,.T.);
#3221=EDGE_CURVE('',#2022,#2024,#768,.T.);
#3223=EDGE_CURVE('',#2022,#2021,#793,.T.);
#3225=EDGE_CURVE('',#1886,#2021,#852,.T.);
#3227=EDGE_CURVE('',#1880,#1886,#883,.T.);
#3231=EDGE_CURVE('',#2028,#2029,#797,.T.);
#3233=EDGE_CURVE('',#2033,#2029,#811,.T.);
#3235=EDGE_CURVE('',#2031,#2033,#801,.T.);
#3237=EDGE_CURVE('',#2028,#2031,#816,.T.);
#3247=EDGE_CURVE('',#2029,#2033,#806,.T.);
#3250=EDGE_CURVE('',#2031,#2028,#821,.T.);
#3282=EDGE_CURVE('',#1900,#1894,#839,.T.);
#3285=EDGE_CURVE('',#1898,#2017,#903,.T.);
#3295=EDGE_CURVE('',#1894,#1892,#834,.T.);
#3310=EDGE_CURVE('',#1886,#1890,#870,.T.);
#3313=EDGE_CURVE('',#2021,#1896,#856,.T.);
#3325=EDGE_CURVE('',#1886,#1884,#865,.T.);
#3338=EDGE_CURVE('',#1882,#1872,#888,.T.);
#3379=EDGE_CURVE('',#2016,#2017,#898,.T.);
#3383=EDGE_CURVE('',#2227,#2019,#965,.T.);
#3385=EDGE_CURVE('',#2227,#2016,#960,.T.);
#3395=EDGE_CURVE('',#2009,#2013,#917,.T.);
#3399=EDGE_CURVE('',#1878,#2016,#975,.T.);
#3412=EDGE_CURVE('',#2229,#2011,#927,.T.);
#3414=EDGE_CURVE('',#2229,#2193,#932,.T.);
#3416=EDGE_CURVE('',#2193,#2013,#937,.T.);
#3428=EDGE_CURVE('',#2005,#2193,#947,.T.);
#3465=EDGE_CURVE('',#1868,#1866,#985,.T.);
#3467=EDGE_CURVE('',#2231,#1868,#990,.T.);
#3469=EDGE_CURVE('',#2231,#2007,#995,.T.);
#3481=EDGE_CURVE('',#1864,#1862,#1018,.T.);
#3484=EDGE_CURVE('',#2003,#1868,#1821,.T.);
#3495=EDGE_CURVE('',#1860,#1864,#1013,.T.);
#3509=EDGE_CURVE('',#1979,#1860,#1027,.T.);
#3511=EDGE_CURVE('',#1979,#1983,#1458,.T.);
#3513=EDGE_CURVE('',#1983,#1991,#1032,.T.);
#3515=EDGE_CURVE('',#1991,#1994,#1381,.T.);
#3526=EDGE_CURVE('',#1979,#1858,#1040,.T.);
#3539=EDGE_CURVE('',#1981,#1977,#1044,.T.);
#3541=EDGE_CURVE('',#1981,#1979,#1463,.T.);
#3544=EDGE_CURVE('',#1858,#1977,#1091,.T.);
#3555=EDGE_CURVE('',#1977,#1975,#1049,.T.);
#3559=EDGE_CURVE('',#1971,#1963,#1058,.T.);
#3561=EDGE_CURVE('',#1966,#1963,#1667,.T.);
#3563=EDGE_CURVE('',#1966,#1969,#1062,.T.);
#3565=EDGE_CURVE('',#1988,#1969,#1067,.T.);
#3567=EDGE_CURVE('',#1986,#1988,#1253,.T.);
#3569=EDGE_CURVE('',#1984,#1986,#1071,.T.);
#3571=EDGE_CURVE('',#1981,#1984,#1076,.T.);
#3593=EDGE_CURVE('',#1944,#1946,#1095,.T.);
#3595=EDGE_CURVE('',#1946,#1963,#1706,.T.);
#3607=EDGE_CURVE('',#2080,#2082,#1100,.T.);
#3611=EDGE_CURVE('',#1954,#1955,#1144,.T.);
#3613=EDGE_CURVE('',#1951,#1954,#1163,.T.);
#3615=EDGE_CURVE('',#1950,#1951,#1801,.T.);
#3617=EDGE_CURVE('',#1950,#1948,#1773,.T.);
#3619=EDGE_CURVE('',#1947,#1948,#1745,.T.);
#3621=EDGE_CURVE('',#1946,#1947,#1726,.T.);
#3627=EDGE_CURVE('',#1928,#2082,#1124,.T.);
#3638=EDGE_CURVE('',#1926,#2082,#1110,.T.);
#3640=EDGE_CURVE('',#1906,#1926,#1115,.T.);
#3653=EDGE_CURVE('',#1924,#1926,#1128,.T.);
#3664=EDGE_CURVE('',#1908,#1920,#1132,.T.);
#3666=EDGE_CURVE('',#1908,#1926,#1140,.T.);
#3703=EDGE_CURVE('',#1957,#1954,#1168,.T.);
#3706=EDGE_CURVE('',#2090,#1955,#1816,.T.);
#3784=EDGE_CURVE('',#2098,#1957,#1199,.T.);
#3786=EDGE_CURVE('',#1951,#2098,#1176,.T.);
#3796=EDGE_CURVE('',#2097,#1959,#1180,.T.);
#3798=EDGE_CURVE('',#1959,#2098,#1188,.T.);
#3802=EDGE_CURVE('',#2097,#2092,#1217,.T.);
#3813=EDGE_CURVE('',#1967,#2097,#1221,.T.);
#3815=EDGE_CURVE('',#1967,#1961,#1679,.T.);
#3817=EDGE_CURVE('',#1959,#1961,#1777,.T.);
#3827=EDGE_CURVE('',#2094,#1969,#1225,.T.);
#3830=EDGE_CURVE('',#1966,#1967,#1693,.T.);
#3845=EDGE_CURVE('',#2096,#1988,#1229,.T.);
#3856=EDGE_CURVE('',#2101,#2102,#1261,.T.);
#3858=EDGE_CURVE('',#2101,#2121,#1274,.T.);
#3860=EDGE_CURVE('',#2121,#2127,#1475,.T.);
#3862=EDGE_CURVE('',#2127,#2131,#1629,.T.);
#3864=EDGE_CURVE('',#2131,#2139,#1613,.T.);
#3866=EDGE_CURVE('',#2141,#2139,#1597,.T.);
#3868=EDGE_CURVE('',#2141,#2143,#1471,.T.);
#3870=EDGE_CURVE('',#2147,#2143,#1233,.T.);
#3872=EDGE_CURVE('',#2147,#2152,#1241,.T.);
#3874=EDGE_CURVE('',#2154,#2152,#1245,.T.);
#3876=EDGE_CURVE('',#2154,#2157,#1547,.T.);
#3878=EDGE_CURVE('',#2157,#2161,#1539,.T.);
#3880=EDGE_CURVE('',#2161,#2165,#1467,.T.);
#3882=EDGE_CURVE('',#2169,#2165,#1523,.T.);
#3884=EDGE_CURVE('',#2169,#2177,#1507,.T.);
#3886=EDGE_CURVE('',#2177,#2179,#1499,.T.);
#3888=EDGE_CURVE('',#2179,#2181,#1479,.T.);
#3890=EDGE_CURVE('',#2181,#1990,#1362,.T.);
#3892=EDGE_CURVE('',#1990,#1986,#1249,.T.);
#3905=EDGE_CURVE('',#2101,#2104,#1278,.T.);
#3909=EDGE_CURVE('',#2107,#2106,#1658,.T.);
#3912=EDGE_CURVE('',#2104,#2105,#1341,.T.);
#3922=EDGE_CURVE('',#2119,#2117,#1287,.T.);
#3924=EDGE_CURVE('',#2119,#2123,#1266,.T.);
#3926=EDGE_CURVE('',#2123,#2121,#1270,.T.);
#3930=EDGE_CURVE('',#2117,#2104,#1283,.T.);
#3941=EDGE_CURVE('',#2117,#2113,#1318,.T.);
#3944=EDGE_CURVE('',#2001,#2119,#1308,.T.);
#3966=EDGE_CURVE('',#1999,#2125,#1371,.T.);
#3968=EDGE_CURVE('',#2123,#2125,#1345,.T.);
#3973=EDGE_CURVE('',#1999,#1998,#1425,.T.);
#3983=EDGE_CURVE('',#1992,#1996,#1354,.T.);
#3985=EDGE_CURVE('',#1990,#1992,#1358,.T.);
#3988=EDGE_CURVE('',#2181,#2125,#1366,.T.);
#3991=EDGE_CURVE('',#1999,#1996,#1408,.T.);
#4002=EDGE_CURVE('',#1996,#1994,#1376,.T.);
#4005=EDGE_CURVE('',#1992,#1991,#1404,.T.);
#4030=EDGE_CURVE('',#1984,#1983,#1453,.T.);
#4054=EDGE_CURVE('',#2175,#2167,#1483,.T.);
#4056=EDGE_CURVE('',#2165,#2167,#1511,.T.);
#4059=EDGE_CURVE('',#2161,#2163,#1535,.T.);
#4061=EDGE_CURVE('',#2145,#2163,#1585,.T.);
#4063=EDGE_CURVE('',#2143,#2145,#1563,.T.);
#4066=EDGE_CURVE('',#2137,#2141,#1593,.T.);
#4068=EDGE_CURVE('',#2137,#2129,#1605,.T.);
#4070=EDGE_CURVE('',#2129,#2127,#1617,.T.);
#4077=EDGE_CURVE('',#2179,#2175,#1495,.T.);
#4088=EDGE_CURVE('',#2175,#2173,#1491,.T.);
#4090=EDGE_CURVE('',#2171,#2173,#1487,.T.);
#4092=EDGE_CURVE('',#2167,#2171,#1515,.T.);
#4105=EDGE_CURVE('',#2177,#2173,#1503,.T.);
#4115=EDGE_CURVE('',#2169,#2171,#1519,.T.);
#4140=EDGE_CURVE('',#2159,#2157,#1527,.T.);
#4142=EDGE_CURVE('',#2159,#2163,#1531,.T.);
#4156=EDGE_CURVE('',#2156,#2154,#1551,.T.);
#4158=EDGE_CURVE('',#2156,#2159,#1572,.T.);
#4170=EDGE_CURVE('',#2151,#2152,#1555,.T.);
#4172=EDGE_CURVE('',#2156,#2151,#1576,.T.);
#4182=EDGE_CURVE('',#2149,#2147,#1559,.T.);
#4184=EDGE_CURVE('',#2149,#2151,#1581,.T.);
#4199=EDGE_CURVE('',#2149,#2145,#1567,.T.);
#4223=EDGE_CURVE('',#2135,#2137,#1589,.T.);
#4227=EDGE_CURVE('',#2135,#2139,#1601,.T.);
#4239=EDGE_CURVE('',#2133,#2135,#1609,.T.);
#4241=EDGE_CURVE('',#2133,#2129,#1621,.T.);
#4251=EDGE_CURVE('',#2133,#2131,#1625,.T.);
#4289=EDGE_CURVE('',#1963,#1964,#1675,.T.);
#4291=EDGE_CURVE('',#1964,#1961,#1769,.T.);
#4348=EDGE_CURVE('',#1947,#1964,#1701,.T.);
#4421=EDGE_CURVE('',#1961,#1948,#1750,.T.);
#4434=EDGE_CURVE('',#1959,#1950,#1782,.T.);
#4536=(LENGTH_UNIT()NAMED_UNIT(*)SI_UNIT(.MILLI.,.METRE.));
#4538=(NAMED_UNIT(*)PLANE_ANGLE_UNIT()SI_UNIT($,.RADIAN.));
#4541=(NAMED_UNIT(*)SI_UNIT($,.STERADIAN.)SOLID_ANGLE_UNIT());
#4544=ADVANCED_BREP_SHAPE_REPRESENTATION('',(#4535),#4543);
#4551=PRODUCT_DEFINITION('design','',#4550,#4547);
#4552=PRODUCT_DEFINITION_SHAPE('','SHAPE FOR D1768125-00.',#4551);
#4553=SHAPE_DEFINITION_REPRESENTATION(#4552,#4544);
ENDSEC;
END-ISO-10303-21;
